step,tau_0,tau_1,tau_2,tau_3,tau_4,tau_5,tau_6,tau_7,tau_8,tau_9,tau_10,tau_11,vel_0,vel_1,vel_2,vel_3,vel_4,vel_5,vel_6,vel_7,vel_8,vel_9,vel_10,vel_11,act_0,act_1,act_2,act_3,act_4,act_5,act_6,act_7,act_8,act_9,act_10,act_11
0,7.196893215179443,-7.466888904571533,7.977171421051025,-11.654319763183594,-3.59865403175354,-8.252095222473145,13.785446166992188,14.499964714050293,7.656558036804199,7.825815677642822,15.070751190185547,22.873111724853516,3.6689276695251465,-5.576261043548584,3.6130781173706055,-9.77172565460205,1.3465908765792847,-0.8745715618133545,11.463918685913086,10.63271427154541,0.5245699286460876,0.2790921628475189,-5.017576694488525,-2.1464993953704834,6.385204792022705,-4.984241962432861,2.0566484928131104,-3.65954852104187,-0.8370784521102905,-6.9559855461120605,8.964925765991211,10.266435623168945,3.4071743488311768,3.4734699726104736,3.0469744205474854,7.356787204742432
1,6.250873565673828,-5.617127418518066,2.057281255722046,-3.7450575828552246,-6.9745941162109375,-7.033781051635742,11.321969985961914,10.641016960144043,7.649514198303223,7.0021538734436035,18.706350326538086,19.086469650268555,13.078511238098145,-15.333854675292969,7.773106575012207,-17.371999740600586,-6.24592924118042,-7.990232467651367,17.351806640625,15.731922149658203,5.2638468742370605,5.244665145874023,-1.1787852048873901,4.045238018035889,3.771263599395752,-5.814510822296143,0.2977939248085022,-1.1786553859710693,-2.8668599128723145,-3.0007870197296143,9.401328086853027,5.545036792755127,5.227138996124268,2.6403543949127197,4.5148138999938965,5.9418487548828125
2,3.1832120418548584,-2.8423821926116943,-1.915213704109192,-1.993402123451233,-5.583374500274658,-5.319356441497803,7.2530317306518555,8.840484619140625,4.36310338973999,3.8391666412353516,16.210329055786133,10.964777946472168,18.55026626586914,-21.509729385375977,8.010215759277344,-20.85989761352539,-12.91860580444336,-13.017871856689453,20.421995162963867,16.212024688720703,14.356016159057617,14.120041847229004,3.0368881225585938,12.532161712646484,2.0596323013305664,-3.1276774406433105,-0.4560297727584839,-1.22715163230896,-5.329554080963135,-4.468381881713867,6.030765533447266,5.346166610717773,5.8582329750061035,4.364166736602783,4.278212547302246,5.2536749839782715
3,1.7231489419937134,-0.5988298058509827,-7.441981315612793,-1.6046801805496216,-5.179402828216553,-5.205063343048096,4.985653877258301,8.862765312194824,1.9886277914047241,1.980115532875061,12.469426155090332,4.189296245574951,12.600601196289062,-20.436431884765625,-1.5418522357940674,-18.406034469604492,-13.383588790893555,-12.68631649017334,21.903257369995117,17.075410842895508,15.700006484985352,15.700010299682617,13.547590255737305,15.699963569641113,0.5769209861755371,-0.1413995772600174,-1.5572919845581055,-0.8634318113327026,-5.9417595863342285,-4.82213830947876,3.819474220275879,5.648077011108398,6.503599643707275,6.324047565460205,3.623806953430176,5.433511257171631
4,0.5185183882713318,9.019524574279785,-6.867746829986572,-1.7071040868759155,-4.882192134857178,-5.427457809448242,3.355686902999878,8.169203758239746,1.991376280784607,1.9904814958572388,4.791667461395264,4.331883907318115,9.728668212890625,-11.414146423339844,-8.202425003051758,-15.241619110107422,-14.572429656982422,-12.14441204071045,20.269020080566406,18.12687873840332,15.679399490356445,15.700004577636719,15.608316421508789,15.696077346801758,0.057911165058612823,2.017975330352783,-1.8561975955963135,-0.7522285580635071,-6.956063747406006,-5.375077724456787,2.191791534423828,5.823062896728516,6.816874980926514,7.278753757476807,3.8219940662384033,5.896143913269043
5,-3.360020160675049,5.344934463500977,-1.9821664094924927,-1.3310716152191162,-4.633193492889404,-5.18761682510376,3.9153196811676025,7.666005611419678,1.9991110563278198,1.992220163345337,3.3503289222717285,4.432441711425781,5.125083923339844,-7.920162677764893,-9.42710018157959,-13.367719650268555,-15.300816535949707,-13.619054794311523,18.363792419433594,18.839887619018555,15.68155574798584,15.700035095214844,15.671167373657227,15.6995849609375,-0.7043225765228271,0.7997027039527893,-0.3496481776237488,-0.45129984617233276,-7.1493401527404785,-5.210227012634277,2.2483339309692383,5.946256637573242,7.033055782318115,7.09810733795166,3.659993886947632,6.264492034912109
6,-1.735650897026062,5.533482551574707,-2.2120864391326904,-0.5673258304595947,-4.424560546875,-4.5387959480285645,4.59234619140625,6.994952201843262,2.1127657890319824,1.992350459098816,3.2165935039520264,4.695408344268799,7.048341751098633,-0.6462415456771851,-5.81164026260376,0.857864499092102,-15.407630920410156,-16.201438903808594,13.826872825622559,16.676774978637695,15.601924896240234,15.70002555847168,15.647822380065918,15.66002082824707,-0.23736310005187988,1.1495062112808228,-0.5686607360839844,-0.052277758717536926,-7.211122035980225,-5.327233791351318,2.210444927215576,6.006372451782227,6.912580490112305,7.011013031005859,3.4368722438812256,6.586219787597656
7,-6.098189353942871,2.1900296211242676,0.13287244737148285,-1.2185862064361572,-4.252421855926514,-4.077442169189453,5.667479515075684,8.621485710144043,2.0157148838043213,1.9929279088974,3.0648136138916016,4.4714436531066895,2.542107343673706,1.346731185913086,-6.422662258148193,-0.06428150087594986,-16.61201286315918,-16.84517478942871,13.868247032165527,17.36368751525879,15.628623008728027,15.700042724609375,15.700798988342285,15.699769973754883,-1.4291563034057617,0.34322506189346313,0.13396650552749634,-0.26187580823898315,-8.35651969909668,-6.048922538757324,2.298910140991211,6.044032096862793,7.271749973297119,7.517090797424316,3.2174205780029297,6.2994065284729
8,-2.9472055435180664,0.553326427936554,1.9483493566513062,2.0192301273345947,-3.9560160636901855,-3.9586024284362793,6.535978317260742,8.329822540283203,2.025526762008667,1.9930723905563354,2.87387752532959,4.518209457397461,1.1162735223770142,4.004222869873047,-3.6443588733673096,1.6167906522750854,-17.386375427246094,-17.223770141601562,13.985408782958984,17.826200485229492,15.62230396270752,15.700003623962402,15.699031829833984,15.688255310058594,-0.4767996668815613,0.06008751690387726,0.391581654548645,0.5391765236854553,-8.287062644958496,-6.0890021324157715,2.7778820991516113,6.035447120666504,7.261058330535889,7.374370098114014,2.930293560028076,6.491788864135742
9,-1.577163577079773,0.53011155128479,3.728973865509033,4.471055507659912,-3.8316869735717773,-3.832490921020508,7.433727741241455,8.171924591064453,2.024916410446167,1.9927791357040405,2.8161234855651855,4.515969276428223,1.8312938213348389,7.7081475257873535,1.691659927368164,5.0762529373168945,-17.61895179748535,-17.62409019470215,14.46455192565918,18.163299560546875,15.658092498779297,15.695634841918945,15.684727668762207,15.675653457641602,-0.2542167603969574,0.1335633248090744,0.8036169409751892,1.144775629043579,-8.418408393859863,-5.492250919342041,3.3541526794433594,6.190067768096924,7.24280309677124,7.095211982727051,2.891525983810425,6.461496829986572
10,0.4232487976551056,-0.7083436250686646,6.24643087387085,6.404150009155273,-3.803171396255493,-3.55788516998291,8.417924880981445,7.929925918579102,2.0094053745269775,1.994286298751831,2.9347431659698486,4.463911533355713,4.729170322418213,12.535731315612793,9.45047664642334,9.652849197387695,-17.560728073120117,-17.670639038085938,15.564763069152832,18.49734878540039,15.700005531311035,15.699055671691895,15.700002670288086,15.699739456176758,0.17106014490127563,-0.15135590732097626,1.777721881866455,1.9443919658660889,-7.522210597991943,-3.0957181453704834,4.4203877449035645,6.186265468597412,7.193403720855713,6.279577255249023,3.065166711807251,6.057045936584473
11,3.09216046333313,0.9108068943023682,10.192778587341309,8.3035888671875,-3.4280238151550293,8.677538871765137,9.415053367614746,8.389519691467285,2.2593603134155273,2.6830716133117676,5.216303825378418,4.418947219848633,3.1406679153442383,11.305915832519531,8.967386245727539,8.743844032287598,-17.712148666381836,-14.477593421936035,14.236926078796387,16.448720932006836,15.689546585083008,15.602709770202637,15.554288864135742,15.675089836120605,0.827049195766449,0.34649723768234253,3.214953899383545,2.4648854732513428,-2.6363892555236816,2.8418056964874268,5.076144695281982,5.215744972229004,6.737767219543457,5.251852035522461,3.7154057025909424,4.833723068237305
12,1.850022792816162,3.3667004108428955,8.810059547424316,6.764567852020264,9.466064453125,11.74565601348877,8.709956169128418,4.754878044128418,2.0032315254211426,0.2456839680671692,3.498129367828369,3.8068771362304688,6.355182647705078,16.858394622802734,16.00502586364746,13.36099624633789,-9.453631401062012,-6.986075401306152,14.525434494018555,15.23103141784668,-0.0005012956680729985,5.519409656524658,15.624226570129395,15.654446601867676,0.4057690501213074,1.9737595319747925,3.7700953483581543,2.3021485805511475,3.840416669845581,7.548650741577148,4.0696120262146,1.7518110275268555,6.3078837394714355,-0.21049852669239044,3.776484966278076,4.258524417877197
13,-7.760226249694824,-7.819324016571045,0.631194531917572,2.7848949432373047,9.851256370544434,8.656362533569336,0.817121684551239,-20.77185821533203,-2.861863851547241,-1.8227230310440063,4.15534782409668,13.569282531738281,1.4089354276657104,13.18048095703125,14.103631973266602,11.374709129333496,-0.9899464249610901,3.118995189666748,12.020496368408203,12.312674522399902,-15.700002670288086,-15.648643493652344,15.700010299682617,-2.1753949113190174e-06,-2.809486150741577,-1.934615969657898,-0.2563435435295105,0.7387306094169617,8.794360160827637,7.325770378112793,-0.28751620650291443,-4.677719593048096,-7.098588466644287,-8.679220199584961,5.3319220542907715,2.8952760696411133
14,3.3444840908050537,-9.901520729064941,-8.108502388000488,-0.5492071509361267,8.904133796691895,7.713498592376709,3.7641079425811768,-17.598562240600586,-1.8922455310821533,-1.9635050296783447,4.346184730529785,7.351190090179443,-2.0029942989349365,3.7833383083343506,7.233709335327148,7.862827777862549,2.114283561706543,6.187587738037109,10.363697052001953,4.567103862762451,-15.699999809265137,-15.644819259643555,15.700003623962402,2.0902252799714915e-06,1.1709818840026855,-2.6704864501953125,-1.5225160121917725,-0.2816740870475769,6.530498027801514,6.53126859664917,1.401658058166504,-3.1883342266082764,-11.772967338562012,-6.630571365356445,6.096431255340576,1.2637639045715332
15,-1.573236107826233,-4.22012996673584,-4.631412506103516,-4.183878421783447,8.060834884643555,6.806004047393799,2.599621057510376,-12.318222999572754,-1.9780702590942383,-1.9818578958511353,18.726444244384766,8.052597045898438,-7.3898539543151855,-3.7858216762542725,2.1115498542785645,2.588088274002075,5.090059757232666,9.229005813598633,15.167542457580566,-0.8398476243019104,-15.699969291687012,-15.652005195617676,-0.003290808293968439,0.00027947916532866657,-0.5875734686851501,-0.7678480744361877,-0.7320820689201355,-0.8429059386253357,7.384731769561768,5.919379234313965,1.0040868520736694,-2.4606282711029053,-9.498641967773438,-6.258956432342529,4.996121883392334,1.7063261270523071
16,-3.616441488265991,5.550191402435303,-2.5269556045532227,-2.938217878341675,7.114314556121826,5.867136478424072,-8.07778549194336,-9.031773567199707,-1.9910346269607544,-2.0079972743988037,15.931225776672363,8.203938484191895,-10.947610855102539,-3.7540111541748047,-0.30592915415763855,0.30558863282203674,8.360424041748047,12.249723434448242,12.899491310119629,-4.461544513702393,-15.699934959411621,-15.662802696228027,-0.003887070342898369,0.00032991141779348254,-1.404850721359253,1.654194712638855,-0.43686413764953613,-0.5401141047477722,7.8226799964904785,5.718790054321289,-1.547511100769043,-2.0431582927703857,-7.510167598724365,-6.099325180053711,3.685884475708008,1.7197550535202026
17,-4.501605987548828,8.513707160949707,-2.8386378288269043,-1.6520695686340332,6.110871315002441,4.939594268798828,-16.510135650634766,-7.612406253814697,-1.9913334846496582,-2.003666639328003,14.718184471130371,3.498170852661133,-13.36037540435791,-4.714869022369385,-2.721012830734253,-0.13138769567012787,11.517782211303711,9.13720703125,6.646744728088379,-7.474059104919434,-15.700017929077148,-8.964090347290039,-0.03253094106912613,0.011044865474104881,-2.4829065799713135,3.1097869873046875,-0.6188467144966125,-0.28600066900253296,7.16725492477417,4.950750350952148,-3.142456531524658,-1.9984734058380127,-6.516495227813721,-6.1131792068481445,3.3797550201416016,0.5225176811218262
18,-4.2971720695495605,10.378229141235352,-3.6250457763671875,-2.630537986755371,5.179961204528809,6.976428508758545,-14.674227714538574,-4.120248794555664,-1.993695855140686,-4.68972110748291,14.351004600524902,-4.913893222808838,-2.407949686050415,-4.527605056762695,-4.877449035644531,-0.4659472107887268,1.6458218097686768,6.195535659790039,0.06995059549808502,-4.4956769943237305,-3.00156569480896,-12.410837173461914,-0.009636054746806622,-15.710707664489746,-2.793698310852051,4.264690399169922,-0.8888209462165833,-0.5790151357650757,5.76540994644165,3.8139450550079346,-3.0254602432250977,-0.8358560800552368,-6.0818867683410645,-6.098567008972168,3.3104805946350098,-2.632441282272339
19,-8.721982955932617,10.227677345275879,-1.8983845710754395,-1.591037631034851,8.231000900268555,6.6983819007873535,-11.667778015136719,8.580720901489258,-4.14583683013916,-3.379608631134033,12.248387336730957,-3.9081106185913086,-2.8990705013275146,-3.9910593032836914,-7.865663051605225,-2.4404184818267822,6.341201305389404,5.481412887573242,-4.145577430725098,-1.7155941724777222,-15.679628372192383,-13.163250923156738,-0.002081090584397316,-15.69935417175293,-3.6269948482513428,3.962801456451416,-0.4303883910179138,-0.30223768949508667,8.790107727050781,2.519334077835083,-2.7503037452697754,2.1666014194488525,-4.867985725402832,-6.463810920715332,2.606818199157715,-5.211152076721191
20,-7.969023704528809,9.917428016662598,1.8536864519119263,-0.7578347325325012,7.165714263916016,6.257396221160889,-5.815255641937256,5.084174633026123,-2.708786964416504,-3.01470685005188,13.621079444885254,-4.132314682006836,-3.2094502449035645,-2.0580387115478516,-6.524502277374268,-2.174665689468384,6.620299339294434,5.809175968170166,-6.2127685546875,0.5925138592720032,-13.990598678588867,-13.744633674621582,0.005026508122682571,-15.69986629486084,-4.295591831207275,4.346967697143555,0.448580801486969,-0.13174231350421906,5.3468337059021,2.150886297225952,-1.2357730865478516,0.909591555595398,-6.168087005615234,-6.884244441986084,3.1911885738372803,-5.446170806884766
21,-7.99907922744751,9.381627082824707,1.6919001340866089,-1.4842047691345215,6.984346866607666,4.623756408691406,-5.155566692352295,1.9518377780914307,-2.707087516784668,-2.776712656021118,13.045931816101074,-4.298086166381836,-3.1251778602600098,-0.5982046723365784,-4.952968120574951,-2.147794008255005,7.367591381072998,6.232630729675293,-7.785068035125732,1.5310765504837036,-14.289060592651367,-14.159398078918457,0.007347084116190672,-15.698667526245117,-3.984457492828369,4.379031658172607,0.28256458044052124,-0.34912997484207153,4.7827982902526855,1.2433600425720215,-1.3687772750854492,0.2930644750595093,-6.2056379318237305,-6.840396404266357,2.911022186279297,-5.834503173828125
22,-7.865703105926514,9.06445026397705,1.0892512798309326,-1.8611119985580444,6.52004337310791,2.671715497970581,-3.8835322856903076,-0.44886448979377747,-2.5529253482818604,-2.6320104598999023,12.431464195251465,-4.382812023162842,-3.511282444000244,0.07769852876663208,-3.9601922035217285,-2.676443576812744,8.639931678771973,6.1980390548706055,-8.991795539855957,1.2122520208358765,-14.620437622070312,-14.396227836608887,0.006951917894184589,-15.699688911437988,-3.579270362854004,4.3651957511901855,0.17205005884170532,-0.42130666971206665,3.6055803298950195,0.6025832891464233,-1.0443522930145264,-0.17929816246032715,-6.069569110870361,-6.613771438598633,2.7360048294067383,-6.070313930511475
23,-7.5460429191589355,8.961202621459961,0.9719624519348145,-2.1321775913238525,5.5314202308654785,1.7357090711593628,-3.4924137592315674,-3.6296348571777344,-2.4053244590759277,-2.5549399852752686,11.515385627746582,-4.42544412612915,-4.366542339324951,0.25932562351226807,-3.2213404178619385,-3.4471144676208496,10.302490234375,6.054649353027344,-10.11756420135498,-1.008518934249878,-14.915258407592773,-14.575721740722656,-0.0017184983007609844,-15.699563980102539,-3.218329906463623,4.3590288162231445,0.17068475484848022,-0.4897106885910034,2.3765273094177246,0.3958042562007904,-1.0292916297912598,-0.849368691444397,-5.7375311851501465,-6.299847602844238,2.474076747894287,-6.197553634643555
24,-7.024209022521973,8.876020431518555,1.1800564527511597,-2.5715041160583496,3.6300554275512695,1.469333529472351,-3.9562108516693115,-6.777259349822998,-2.2726950645446777,-2.4604978561401367,9.6274995803833,-4.393491268157959,-5.707899570465088,1.0519886016845703,-2.4368040561676025,-4.312134742736816,11.83929443359375,6.57714319229126,-11.48235034942627,-5.550873756408691,-15.144742012023926,-14.995903968811035,0.01287355087697506,-15.692989349365234,-2.836085796356201,4.347599506378174,0.2236582636833191,-0.6159908771514893,1.2075480222702026,0.36239370703697205,-1.3059535026550293,-1.7417736053466797,-4.9279608726501465,-5.684467315673828,1.9593218564987183,-6.019503593444824
25,-6.465113639831543,9.218405723571777,1.7758660316467285,-3.3037307262420654,1.5969425439834595,0.9003433585166931,-4.576004981994629,-8.63455581665039,-2.122037410736084,-2.056018590927124,5.885195732116699,-4.188059329986572,-5.214148998260498,-2.4368066787719727,-1.2501388788223267,-5.35244083404541,11.270097732543945,4.976626396179199,-13.190237998962402,-11.79879379272461,-15.173418045043945,-0.24553585052490234,0.06263323128223419,-15.740362167358398,-2.7186532020568848,4.507513046264648,0.3544658422470093,-0.8406594395637512,0.43180984258651733,0.19345912337303162,-1.6839683055877686,-2.940209150314331,-3.401127576828003,-4.845253944396973,1.0542513132095337,-5.307344436645508
26,-6.61697244644165,8.902667999267578,-0.24920377135276794,-1.1996022462844849,0.693690299987793,2.560671091079712,-1.750423789024353,-6.9593505859375,-4.151004791259766,-8.08862018585205,-5.748892784118652,-4.085515975952148,-7.371210098266602,0.9512615203857422,-0.14314855635166168,-6.363637447357178,12.129814147949219,7.528213977813721,-9.330289840698242,-17.3450927734375,-0.010971738956868649,0.005990326404571533,-14.451302528381348,-14.538650512695312,-2.9428210258483887,4.351274490356445,-0.12402969598770142,-0.20539464056491852,0.17372626066207886,0.7819730043411255,-0.3851320743560791,-3.1426401138305664,-0.6837934255599976,-2.386017084121704,-2.264561414718628,-4.296964168548584
27,-6.993692398071289,7.6660075187683105,-3.5022435188293457,-1.168474793434143,-5.128275394439697,-1.7136260271072388,-3.6386446952819824,-4.764954090118408,5.612170219421387,3.562039613723755,-4.655980110168457,-3.647653341293335,-0.36087286472320557,4.074462890625,0.9155700206756592,-3.2832531929016113,4.78451681137085,5.049537658691406,-12.156584739685059,-21.16727638244629,10.188863754272461,3.974226713180542,-15.420734405517578,-13.324139595031738,-2.1391425132751465,4.468449115753174,-0.7917242646217346,-0.2536332607269287,-1.1132018566131592,-0.4742848575115204,-1.30232572555542,-3.6149697303771973,4.881463527679443,1.372367024421692,-6.7918219566345215,-3.403052568435669
28,-4.775512218475342,7.52236270904541,-4.91644287109375,-0.2527695894241333,-4.026859760284424,-4.589447021484375,-2.5117547512054443,-1.139230728149414,3.1827547550201416,4.041025638580322,-4.75547456741333,-2.4788427352905273,0.2960684597492218,0.3243902921676636,-1.3585474491119385,-3.8533554077148438,2.139497995376587,1.4468504190444946,-13.770782470703125,-19.33983039855957,14.68970775604248,15.14340877532959,-15.53731632232666,-9.333233833312988,-0.8799929618835449,2.463137626647949,-1.070537805557251,-0.018597200512886047,-0.7784866690635681,-1.0359430313110352,-0.8393867015838623,-0.2589351534843445,8.005844116210938,5.911827087402344,-7.049606800079346,-0.738517165184021
29,4.126363754272461,0.33590853214263916,-2.511091709136963,-1.432320475578308,-3.5385901927948,-2.5886154174804688,-1.0823736190795898,13.837894439697266,2.052696943283081,2.239351511001587,-4.703849792480469,9.098053932189941,4.046542167663574,-1.0740671157836914,-1.7413215637207031,-2.453787326812744,-2.0036215782165527,0.5125287175178528,-14.656490325927734,-9.298537254333496,15.678240776062012,15.230612754821777,-15.498449325561523,12.626616477966309,1.4779675006866455,-0.23329748213291168,-0.4442628026008606,-0.3685736656188965,-0.7188109159469604,-0.4622974097728729,-0.32280415296554565,2.5685455799102783,6.8874831199646,6.278470516204834,-6.264543533325195,3.191833734512329
30,4.211320877075195,-4.936418056488037,-0.6696245074272156,0.47339683771133423,-5.071577072143555,-6.626380443572998,-1.086336374282837,13.565351486206055,1.9988410472869873,2.0160932540893555,-4.642569065093994,3.9932355880737305,8.082024574279785,-5.483363628387451,-2.160270929336548,-0.160704106092453,-7.998254299163818,-6.431246280670166,-15.90598201751709,1.723368763923645,15.681999206542969,15.698209762573242,-15.583914756774902,15.692980766296387,1.2696030139923096,-1.6822614669799805,-0.06937962770462036,0.16832487285137177,-1.6748498678207397,-2.6175060272216797,-0.4471394419670105,2.8623046875,6.473995685577393,6.352957725524902,-6.501755237579346,5.794913291931152
31,0.22895778715610504,-2.040428400039673,1.4758083820343018,-2.290834426879883,-5.715672016143799,-5.859371662139893,13.171902656555176,12.855001449584961,2.052827835083008,2.02426815032959,-4.3495402336120605,4.206680774688721,9.124954223632812,-6.150233745574951,-3.1332015991210938,0.8976656794548035,-11.520613670349121,-11.232590675354004,-10.497615814208984,10.069380760192871,15.645490646362305,15.698722839355469,-15.594956398010254,15.666787147521973,-0.12558090686798096,-0.4081653356552124,0.3522704243659973,-0.5543609857559204,-3.842623472213745,-2.9807889461517334,2.4254395961761475,4.4249677658081055,6.627784729003906,7.022202014923096,-5.351120471954346,5.5887675285339355
32,-4.01432466506958,-1.6331859827041626,6.125240802764893,-2.983311414718628,-5.328707218170166,-4.9181809425354,15.731212615966797,10.927467346191406,2.0729916095733643,1.9969910383224487,-4.114197254180908,4.358901023864746,8.052820205688477,-4.957544803619385,-2.467066764831543,1.0886329412460327,-12.643742561340332,-14.832093238830566,-2.3469815254211426,14.159701347351074,15.41482925415039,15.681289672851562,-15.707201957702637,15.690597534179688,-0.7988013625144958,-0.38344794511795044,1.3091678619384766,-0.6018213629722595,-6.744147300720215,-3.8000924587249756,3.1451992988586426,5.382135391235352,6.842652320861816,6.9021382331848145,-4.9884867668151855,5.8290886878967285
33,-3.5612359046936035,1.3560435771942139,5.964590549468994,2.7566275596618652,-5.081625461578369,-4.285796642303467,15.36734390258789,10.334794998168945,2.1184580326080322,2.263838052749634,-3.8903613090515137,4.443726062774658,4.255860328674316,-4.816405773162842,-5.148092746734619,0.2748701870441437,-13.561389923095703,-16.51763343811035,5.784921646118164,15.974151611328125,12.487648963928223,15.661870956420898,-15.689348220825195,15.693523406982422,-0.6333638429641724,0.3482232689857483,0.9899693131446838,0.7581097483634949,-9.211882591247559,-4.337581634521484,4.135346412658691,6.449245452880859,7.387474536895752,6.958535194396973,-4.64358377456665,6.337984085083008
34,-0.3231201469898224,3.7511191368103027,7.9835710525512695,5.883244514465332,-4.663125991821289,-3.887589931488037,12.284029006958008,9.46805191040039,2.764246940612793,2.021131753921509,-3.706395387649536,4.656013488769531,5.3411126136779785,0.22009038925170898,-0.4069162607192993,4.40009069442749,-15.798107147216797,-17.938671112060547,13.548563003540039,16.79015350341797,15.5386962890625,15.672900199890137,-15.681970596313477,15.657356262207031,0.049921371042728424,0.8394938111305237,1.5957534313201904,1.4585689306259155,-10.379120826721191,-5.053990364074707,5.129767417907715,6.94710636138916,7.5257978439331055,7.101616859436035,-4.203303813934326,6.629696369171143
35,2.55800199508667,5.242718696594238,10.396964073181152,7.797361373901367,-4.18261194229126,-0.10500385612249374,8.438862800598145,8.62954330444336,2.0221128463745117,1.9934883117675781,-3.1937811374664307,4.454290390014648,9.451778411865234,7.366105556488037,9.155482292175293,10.796279907226562,-16.812671661376953,-18.23166847229004,18.612516403198242,15.971116065979004,15.6836519241333,15.664359092712402,-15.68009090423584,15.601454734802246,0.8803342580795288,1.6338099241256714,2.9691925048828125,2.462327480316162,-8.443254470825195,0.2847757041454315,5.062416076660156,5.106228828430176,7.7460784912109375,7.177638053894043,-3.2735366821289062,5.909900665283203
36,-0.5893679857254028,5.209045886993408,9.242953300476074,5.429368019104004,3.2262399196624756,11.73417854309082,5.8400959968566895,5.676905632019043,1.9966239929199219,2.00093936920166,-2.498405933380127,4.090182781219482,12.813188552856445,14.097150802612305,18.8906192779541,15.659095764160156,-15.257091522216797,-13.078471183776855,19.481937408447266,14.154377937316895,15.693220138549805,15.218277931213379,-15.70091438293457,15.678508758544922,-0.23223239183425903,3.2837815284729004,5.26950216293335,2.067540168762207,0.9146683216094971,9.279925346374512,3.8762803077697754,2.096311330795288,6.9893364906311035,6.551609039306641,-2.354982614517212,4.882207870483398
37,-10.549485206604004,4.580348491668701,4.847149848937988,0.7474419474601746,11.410051345825195,10.729764938354492,2.3864316940307617,-12.778077125549316,2.2278878688812256,-7.970582962036133,-1.7595937252044678,3.907477378845215,10.368062019348145,8.578964233398438,21.48402214050293,15.321396827697754,-8.025286674499512,-0.49666154384613037,16.853429794311523,7.092583656311035,6.217561721801758,-7.442787170410156,-15.658830642700195,15.714877128601074,-4.616310119628906,1.770592451095581,3.5959115028381348,-0.0016951113939285278,8.453198432922363,10.008769035339355,0.834013819694519,-2.991013765335083,6.933761119842529,-3.5155253410339355,-1.532100796699524,4.531297206878662
38,-10.669317245483398,5.971574783325195,-0.4474291503429413,-4.346806526184082,9.755363464355469,8.93727970123291,-1.7036314010620117,-14.59970760345459,-4.768443584442139,-3.858219861984253,0.11286494880914688,4.136341571807861,4.294497013092041,4.083096027374268,16.971920013427734,11.594271659851074,2.3302769660949707,1.2241710424423218,12.516369819641113,-0.5525161027908325,-14.488439559936523,-12.444647789001465,-0.015190182253718376,15.656617164611816,-4.180344581604004,2.0795462131500244,-0.6624216437339783,-0.7794370055198669,10.330406188964844,5.799643516540527,-0.506040096282959,-3.2442705631256104,-8.588722229003906,-8.230347633361816,0.3260572552680969,5.494202613830566
39,-10.125049591064453,7.669869899749756,-9.34816837310791,-7.05824089050293,8.532400131225586,8.868205070495605,1.0048965215682983,-7.164029598236084,-5.04547643661499,-3.620410919189453,5.319491386413574,4.0946502685546875,0.7946674823760986,-2.2973835468292236,2.607673168182373,1.106308937072754,3.2269339561462402,1.198923945426941,11.230673789978027,1.4354987144470215,-11.658315658569336,-12.513060569763184,15.436694145202637,0.33536529541015625,-2.542668342590332,2.8253228664398193,-1.7028069496154785,-1.2503116130828857,8.476938247680664,5.007257461547852,0.4522325396537781,-1.3733971118927002,-9.049505233764648,-5.971343517303467,5.4349141120910645,4.84181022644043
40,-8.7287015914917,9.412583351135254,-4.311493873596191,-3.12432861328125,8.020899772644043,8.657698631286621,4.003316402435303,-2.400786876678467,-3.6863882541656494,-3.299515724182129,4.0038628578186035,15.68142032623291,-2.0283877849578857,-3.3724453449249268,-2.3360207080841064,-2.1517343521118164,3.809183359146118,2.1531894207000732,11.205338478088379,1.3034775257110596,-12.467527389526367,-12.97220516204834,15.665164947509766,-0.00396427046507597,-3.97149920463562,3.332674503326416,-0.785715639591217,-0.5544138550758362,7.831408500671387,5.633810043334961,1.4822300672531128,-0.25430476665496826,-6.124092102050781,-6.044078826904297,5.099887371063232,3.60943865776062
41,-7.962897777557373,9.503361701965332,-3.237326145172119,-2.8635244369506836,7.924888610839844,8.428516387939453,3.862987518310547,-1.5381706953048706,-3.322615623474121,-3.0908877849578857,4.16312313079834,14.27930736541748,-4.093873023986816,-2.9411892890930176,-5.207347393035889,-4.486544132232666,3.905208110809326,2.541590929031372,11.307260513305664,1.4736753702163696,-12.625016212463379,-13.541666984558105,15.674128532409668,-0.002573872683569789,-4.147933483123779,3.570712089538574,-0.7223889231681824,-0.6480040550231934,6.719499588012695,4.43282413482666,1.2633662223815918,-0.26224470138549805,-5.838006496429443,-6.595269203186035,5.405233860015869,3.2329375743865967
42,-7.453535556793213,9.581056594848633,-1.810943841934204,-0.9742103219032288,7.9065842628479,8.091480255126953,3.3603599071502686,1.9382940530776978,-3.012502908706665,-2.8345656394958496,4.887852191925049,13.758780479431152,-5.436800956726074,-4.135426044464111,-8.499472618103027,-6.129024505615234,4.336283206939697,2.5385003089904785,10.694584846496582,1.9693344831466675,-13.593328475952148,-13.647087097167969,15.395407676696777,0.004705097060650587,-3.899768829345703,2.9256248474121094,-0.43317240476608276,-0.16146279871463776,5.4871826171875,3.493997812271118,1.0399837493896484,0.5439652800559998,-5.880333423614502,-6.7518510818481445,5.334038257598877,3.135603666305542
43,-7.457253456115723,9.732146263122559,1.8561477661132812,1.2071287631988525,7.708721160888672,7.850348472595215,0.3932552635669708,-1.5321316719055176,-2.873358726501465,-2.8315491676330566,4.373820781707764,9.838323593139648,-4.888514041900635,-3.421635389328003,-7.482711315155029,-5.133141040802002,5.073934555053711,2.5872321128845215,8.694816589355469,1.6434826850891113,-13.89052963256836,-14.988504409790039,15.394121170043945,0.008126700296998024,-4.877538681030273,3.275907516479492,0.439553439617157,0.2865613102912903,6.2308831214904785,3.0866575241088867,-0.06302065402269363,-0.4216378331184387,-5.681230068206787,-7.13232421875,5.172458171844482,1.9171456098556519
44,-7.7591328620910645,9.557336807250977,2.585273504257202,1.0083547830581665,7.500909805297852,7.445743560791016,-3.237884759902954,-1.6455048322677612,-2.7595529556274414,-2.1349639892578125,4.339950084686279,-0.023616865277290344,-3.9467053413391113,-2.3650617599487305,-5.878598213195801,-3.575744867324829,5.641590595245361,2.8002352714538574,5.177723407745361,1.0297185182571411,-14.112774848937988,-15.579227447509766,15.563968658447266,-0.0012547119986265898,-5.058778285980225,3.4010074138641357,0.4502408504486084,0.17138426005840302,5.85530424118042,2.5307915210723877,-0.6524179577827454,-0.3207100033760071,-5.929390907287598,-7.30988073348999,5.343135833740234,-0.38133856654167175
45,-8.101868629455566,9.15359115600586,2.1442527770996094,0.479708731174469,7.304961204528809,6.707767009735107,-5.184895992279053,0.34947866201400757,-2.6572158336639404,-2.062864303588867,4.2713518142700195,-3.294250011444092,-3.0775482654571533,-1.426426649093628,-4.717421531677246,-3.2988767623901367,6.331511974334717,2.955273151397705,1.3104419708251953,5.940386772155762,-14.327033996582031,-15.491036415100098,15.55378532409668,-15.660694122314453,-5.014243125915527,3.2940096855163574,0.3570168614387512,0.06844370067119598,5.65601921081543,1.9760125875473022,-1.0349619388580322,0.16374468803405762,-5.900078296661377,-7.3371124267578125,5.427438259124756,-4.731321811676025
46,-8.163741111755371,9.112306594848633,1.6126859188079834,-0.23836086690425873,7.05394172668457,5.958045959472656,-3.226494073867798,-0.23794139921665192,-2.562894582748413,-2.050191640853882,4.326033115386963,-4.264795780181885,-3.1585559844970703,-1.2273986339569092,-4.3886260986328125,-3.260164737701416,7.163947582244873,3.0807595252990723,-0.9406920671463013,5.822779178619385,-14.564736366271973,-15.5689115524292,15.584632873535156,-15.681906700134277,-5.089631080627441,3.4671483039855957,0.26408612728118896,-0.07991935312747955,4.7565693855285645,1.6146329641342163,-0.590948760509491,-0.06395673006772995,-5.954028606414795,-7.075098991394043,5.520512104034424,-6.133588790893555
47,-8.109516143798828,9.182445526123047,2.397784471511841,-1.0286920070648193,6.642319202423096,5.549199104309082,-3.7696611881256104,-3.442713737487793,-2.4460623264312744,-2.051818609237671,4.334474086761475,-4.426029682159424,-3.385988473892212,-1.7401103973388672,-3.642913341522217,-3.231703042984009,8.436172485351562,3.1471545696258545,-2.8245835304260254,4.557526111602783,-14.728196144104004,-2.5166234970092773,15.639747619628906,-15.65491771697998,-5.088013172149658,3.698037624359131,0.450078547000885,-0.26516199111938477,3.941509962081909,1.4712424278259277,-0.8459632992744446,-0.6954530477523804,-5.9359941482543945,-6.990191459655762,5.452075958251953,-6.206998348236084
48,-7.982101917266846,9.04942798614502,2.0478012561798096,-1.2353023290634155,5.985745906829834,5.781253814697266,-3.20100998878479,-4.350202560424805,-2.344080924987793,-9.148456573486328,4.258903980255127,-4.538790702819824,-4.2366862297058105,-0.9763922691345215,-3.290393590927124,-3.3980915546417236,10.20834732055664,3.761392116546631,-4.294704914093018,2.4105234146118164,-15.040159225463867,-0.002987487241625786,15.573537826538086,-15.678977966308594,-5.118971824645996,3.6688578128814697,0.35825085639953613,-0.2861208915710449,3.0891895294189453,1.7535383701324463,-0.7177461385726929,-0.8229610919952393,-6.00332498550415,-6.420943737030029,5.466442584991455,-6.3541131019592285
49,-7.9561767578125,9.094035148620605,1.6182588338851929,-0.5104227066040039,4.84017276763916,5.248624324798584,-3.6846914291381836,-3.3736371994018555,-2.2037689685821533,-9.142043113708496,4.269496917724609,-4.56106424331665,-4.653423309326172,-0.9064277410507202,-3.1457743644714355,-3.4644134044647217,12.370763778686523,3.657353639602661,-5.683414936065674,0.24230001866817474,0.002004209440201521,-0.005176719278097153,15.572219848632812,-15.546819686889648,-4.976294994354248,3.6801905632019043,0.2799667716026306,-0.0835767537355423,1.9308527708053589,1.386121153831482,-0.9284944534301758,-0.6259927749633789,-5.732304096221924,-5.970359802246094,5.188403606414795,-6.562793254852295
50,-7.479722023010254,9.109728813171387,3.1489150524139404,-1.1329340934753418,3.3269636631011963,5.267551898956299,-4.553536415100098,-6.667881488800049,-8.924851417541504,-9.111368179321289,4.013059616088867,-4.636151313781738,-6.106058597564697,-0.8327898979187012,-2.255871295928955,-2.9879262447357178,13.788434028625488,3.5213303565979004,-7.289825439453125,-3.921875238418579,-0.0025730174966156483,7.58543610572815e-05,15.492257118225098,-15.661015510559082,-4.837429046630859,3.752979278564453,0.6349202394485474,-0.28089138865470886,1.2848268747329712,1.4294140338897705,-1.2417407035827637,-1.617795705795288,-3.8324458599090576,-5.214794635772705,4.523321151733398,-6.897110939025879
51,-6.912947177886963,9.078855514526367,2.245243549346924,-0.6469022035598755,0.3091351091861725,5.326572418212891,-5.736845016479492,-7.5953168869018555,-8.511813163757324,-9.014898300170898,16.32218360900879,-4.660427093505859,-8.526289939880371,-0.5440266728401184,-0.6606814861297607,-2.2608511447906494,14.287131309509277,3.780686855316162,-4.227388381958008,-9.324496269226074,7.214985089376569e-05,-0.0012498833239078522,-0.010304919444024563,-15.604793548583984,-4.981134414672852,3.864335060119629,0.41266584396362305,-0.12028741091489792,-0.08397933095693588,1.4705402851104736,-1.3404450416564941,-2.1951801776885986,-2.9136691093444824,-4.292881488800049,3.9211671352386475,-6.79331111907959
52,-6.702145576477051,8.976655960083008,3.517730236053467,-1.4150512218475342,-8.522627830505371,5.771818161010742,-8.44862174987793,-7.013040065765381,-6.682713508605957,-8.585258483886719,6.110782623291016,-4.519401550292969,-5.5595808029174805,0.5067509412765503,0.6163477301597595,-1.6027048826217651,7.1289262771606445,3.8081295490264893,-7.2397780418396,-14.613958358764648,-0.0004493286833167076,-0.13584226369857788,0.020501956343650818,-15.698785781860352,-5.433928966522217,3.6073060035705566,0.7574672698974609,-0.33302927017211914,-2.118210792541504,1.5580723285675049,-2.4307010173797607,-2.6653592586517334,-1.558282494544983,-3.0182340145111084,0.8431956171989441,-6.481067657470703
53,-7.792531967163086,8.770998001098633,0.9737958908081055,-0.4630207121372223,-5.057312488555908,5.345999240875244,-7.0320048332214355,-5.003583908081055,2.559093713760376,-6.723058700561523,-6.545793056488037,-4.309942245483398,-3.5253477096557617,-0.4000133275985718,1.555074691772461,-1.8173129558563232,4.187743663787842,2.967207908630371,-5.220526695251465,-18.86900520324707,3.6634469032287598,0.0518030971288681,-15.143521308898926,-15.01816177368164,-4.493958473205566,3.4994049072265625,0.1072218120098114,-0.059046946465969086,-0.8448516726493835,1.4531201124191284,-1.8510167598724365,-2.4733333587646484,0.9632576704025269,-1.5741907358169556,-2.6926329135894775,-5.441525936126709
54,-7.967160701751709,8.890686988830566,-1.6407878398895264,0.8456048369407654,-4.739195346832275,5.6625590324401855,-4.811602592468262,-4.013992786407471,4.248752117156982,4.713590145111084,-4.246241092681885,-4.922050952911377,-2.667113780975342,-0.9539365768432617,0.8920039534568787,-1.86864173412323,2.689162254333496,1.673154592514038,-7.412126064300537,-20.271251678466797,14.34241008758545,6.152780532836914,-15.683502197265625,-14.00626277923584,-3.676029920578003,3.4769086837768555,-0.4145650267601013,0.2082311362028122,-0.9236993789672852,1.5343692302703857,-1.1256911754608154,-2.6605687141418457,6.26358699798584,2.0377209186553955,-7.105058670043945,-4.062900066375732
55,-4.568111419677734,9.218255996704102,-7.734390735626221,-2.938096523284912,-6.274384021759033,7.544927597045898,-7.706982612609863,-2.506107807159424,2.0891120433807373,3.9553754329681396,-4.693116664886475,-4.081398010253906,-1.270848274230957,-2.395720958709717,-2.4706368446350098,-4.57144832611084,1.5211541652679443,2.889054298400879,-11.00064468383789,-19.346195220947266,15.741969108581543,13.953386306762695,-15.314068794250488,-12.565064430236816,-0.8182889223098755,3.6134414672851562,-1.9065470695495605,-0.8103081583976746,-1.5305789709091187,3.1886136531829834,-2.651233673095703,-1.3475245237350464,8.060674667358398,6.893022060394287,-7.443759441375732,-2.302926778793335
56,3.2704975605010986,9.19334602355957,-8.375894546508789,-3.1390631198883057,-7.8831024169921875,7.051999568939209,-7.806943416595459,-0.7946125268936157,2.0870704650878906,2.00089693069458,-6.239789009094238,-0.8766772747039795,1.6467305421829224,-2.4775731563568115,-5.525458335876465,-6.331833362579346,-2.1633527278900146,2.2500803470611572,-15.30512523651123,-17.65859031677246,1.9468014240264893,15.627361297607422,-14.455718040466309,-7.281383514404297,1.0663888454437256,2.8717939853668213,-2.1512598991394043,-0.7987387776374817,-2.766153573989868,2.201282262802124,-3.4227890968322754,-0.20489764213562012,7.614582538604736,8.075285911560059,-6.980894565582275,0.03275975584983826
57,-2.4547126293182373,6.986970901489258,-3.8913190364837646,0.5515736937522888,-6.756431579589844,2.5633022785186768,-5.5590901374816895,2.22922945022583,7.000272750854492,2.093888998031616,-6.471523761749268,7.706056594848633,4.56589937210083,-2.312673330307007,-7.707365989685059,-6.441768646240234,-6.304225921630859,2.256497383117676,-18.43041229248047,-15.2130708694458,6.191049575805664,15.559052467346191,-13.986785888671875,15.707892417907715,-0.6748911142349243,1.4974570274353027,-0.833859384059906,0.2558916211128235,-2.6002206802368164,0.37183496356010437,-2.862180471420288,0.4228757619857788,6.517266750335693,7.246941089630127,-6.051732063293457,4.773828506469727
58,0.06891454756259918,3.8471531867980957,-1.1040340662002563,1.5025379657745361,-5.967036724090576,-3.567196846008301,-3.951388359069824,9.676250457763672,5.2719550132751465,2.0791616439819336,-5.969852447509766,4.143357276916504,7.474104404449463,-2.3548104763031006,-7.990939617156982,-5.054172039031982,-11.120380401611328,1.8659145832061768,-19.232934951782227,-6.9019622802734375,11.261086463928223,15.536434173583984,-14.3655424118042,15.71019172668457,0.10413051396608353,0.6275219917297363,-0.16252952814102173,0.2815684676170349,-2.7998046875,-0.9701913595199585,-2.192805290222168,1.6944528818130493,6.644795894622803,6.567566871643066,-5.572173595428467,5.841412544250488
59,-5.321998596191406,-1.1441681385040283,7.845691204071045,-1.0596401691436768,-5.1995978355407715,-7.36126708984375,1.2929199934005737,14.507762908935547,3.423719882965088,1.984797477722168,-4.425252437591553,4.312802314758301,4.8668131828308105,-3.9472265243530273,-6.523080348968506,-3.766979217529297,-13.02482795715332,-3.9608798027038574,-18.07700538635254,4.402085781097412,12.822831153869629,15.706141471862793,-15.706315994262695,15.629084587097168,-1.206066608428955,-0.45243537425994873,1.6144225597381592,-0.34620893001556396,-4.173205852508545,-2.8250367641448975,0.6005720496177673,3.7380480766296387,6.989027500152588,6.381507396697998,-5.568824291229248,5.8937859535217285
60,-5.496396541595459,-0.8061730861663818,10.612269401550293,-2.5220305919647217,-5.057648658752441,-6.572197914123535,19.669530868530273,12.87557315826416,3.195439338684082,1.991073727607727,-4.427133560180664,4.451679229736328,5.313818454742432,-1.8523662090301514,-1.815393328666687,-1.0606392621994019,-13.761043548583984,-8.759683609008789,-8.02502155303955,12.121529579162598,13.377718925476074,15.615080833435059,-15.705577850341797,15.685009956359863,-1.0285390615463257,-0.15883956849575043,2.1563589572906494,-0.5922145247459412,-6.1676249504089355,-3.213059663772583,3.889247417449951,5.336087226867676,7.313345909118652,6.596726894378662,-5.250463008880615,6.1366119384765625
61,-4.62686014175415,2.1147844791412354,8.046433448791504,2.0418589115142822,-4.7875447273254395,-5.77329683303833,17.96095085144043,10.788366317749023,2.8351526260375977,2.001077175140381,-4.139405727386475,4.553496360778809,3.4729297161102295,-1.0372918844223022,-0.0013622138649225235,1.2053614854812622,-14.899027824401855,-12.019813537597656,2.888857364654541,16.022661209106445,14.333252906799316,15.698529243469238,-15.644501686096191,15.681283950805664,-0.8415369391441345,0.5242341756820679,1.5392682552337646,0.5903491377830505,-9.1088228225708,-4.1736249923706055,4.421834945678711,7.089690208435059,7.494079113006592,6.913800239562988,-5.100248336791992,6.668718338012695
62,-0.3182997405529022,4.634774208068848,5.852756977081299,6.326204776763916,-4.33601713180542,-5.104499816894531,13.13142204284668,9.473565101623535,2.227193832397461,2.0300002098083496,-3.767038106918335,4.5975847244262695,3.3786609172821045,1.8124630451202393,2.8754374980926514,5.32071590423584,-16.462430953979492,-13.500035285949707,12.052722930908203,17.206178665161133,15.535789489746094,15.06808090209961,-15.650487899780273,15.686239242553711,0.08586842566728592,1.176787257194519,1.1839301586151123,1.6853169202804565,-10.543898582458496,-4.411196231842041,4.6865105628967285,7.527471542358398,7.759575843811035,6.977019309997559,-4.2782793045043945,6.9449872970581055
63,3.956085443496704,6.1164870262146,8.931620597839355,8.187056541442871,-4.004580020904541,-0.5986578464508057,8.808588027954102,8.946205139160156,1.9951953887939453,3.8378889560699463,-3.1551599502563477,4.623506546020508,8.033714294433594,6.908169746398926,11.627705574035645,11.90296745300293,-17.3341007232666,-13.808998107910156,18.56047821044922,16.547344207763672,15.69310188293457,12.034379959106445,-15.640806198120117,15.607598304748535,1.3730504512786865,2.199021577835083,2.8427302837371826,2.7444043159484863,-8.949114799499512,0.08750447630882263,4.888422012329102,6.201104164123535,7.969175815582275,6.519199371337891,-3.185455083847046,6.548869609832764
64,1.2917299270629883,6.208364963531494,8.085545539855957,5.098463535308838,1.9310663938522339,10.519172668457031,6.029851913452148,7.4709649085998535,2.011587619781494,4.4482879638671875,-2.1690754890441895,4.459449768066406,11.618461608886719,9.659061431884766,19.928911209106445,15.970598220825195,-16.026155471801758,-9.276065826416016,19.50116539001465,14.997964859008789,15.688482284545898,7.52540397644043,-15.688201904296875,15.683171272277832,0.2743746042251587,3.885906934738159,4.845540523529053,1.936910629272461,0.6715764403343201,8.505569458007812,4.183876037597656,3.423466682434082,7.486206531524658,4.314111232757568,-1.9009946584701538,5.853823661804199
65,-9.72909164428711,6.0034260749816895,3.905332088470459,0.5713380575180054,11.459320068359375,10.010910034179688,3.929302453994751,-4.377391338348389,1.9973139762878418,-5.935113906860352,-0.9314748048782349,4.224382400512695,8.037845611572266,7.629193305969238,20.793977737426758,15.316848754882812,-10.193037986755371,0.5769053101539612,17.445629119873047,10.597352027893066,13.824873924255371,-12.198836326599121,0.004809977486729622,15.621597290039062,-4.0841803550720215,3.168415069580078,2.9602997303009033,-0.07532031834125519,8.084715843200684,9.198918342590332,1.881917119026184,-1.3539597988128662,7.398381233215332,-7.492606163024902,-0.641948401927948,5.38256311416626
66,-9.850386619567871,6.353673458099365,-2.7524702548980713,-4.814149856567383,10.363245964050293,8.605663299560547,0.11385222524404526,-14.98667049407959,-6.766223430633545,-3.0217597484588623,7.464155673980713,4.338810920715332,0.7122290134429932,4.210753440856934,14.629705429077148,11.234467506408691,2.428126811981201,2.24788498878479,11.757744789123535,2.6024231910705566,-15.16480827331543,-12.915410995483398,15.658584594726562,15.707022666931152,-3.9280741214752197,2.403660774230957,-0.9424958825111389,-0.8432171940803528,11.129141807556152,6.588709831237793,-0.3366078734397888,-3.2470829486846924,-3.1676595211029053,-8.453431129455566,5.050589084625244,5.952779293060303
67,-7.837370872497559,7.831816673278809,-10.001891136169434,-8.377728462219238,8.964056968688965,8.614377975463867,1.6783802509307861,-7.359027862548828,-6.571964263916016,-3.4206717014312744,3.987959623336792,4.112222671508789,2.0014243125915527,-0.9958682060241699,1.792702078819275,2.6869056224823,4.52386474609375,1.6763380765914917,8.596609115600586,-0.975666880607605,-14.644314765930176,-12.483433723449707,15.663670539855957,15.651510238647461,-1.4092109203338623,2.7516238689422607,-1.9076595306396484,-1.5516973733901978,8.961784362792969,5.757878303527832,0.5906351208686829,-1.281996250152588,-8.283689498901367,-5.579848289489746,5.201634883880615,4.648510932922363
68,-8.644164085388184,9.038043022155762,-2.7162811756134033,-3.53776216506958,8.029435157775879,8.743440628051758,2.2361323833465576,-4.396812915802002,-3.5353610515594482,-3.477675676345825,4.071941375732422,11.119924545288086,-0.7975646257400513,-1.4956727027893066,-2.0370726585388184,-1.1914334297180176,3.490227699279785,1.9549522399902344,7.847790718078613,2.698420286178589,-11.998583793640137,-13.194475173950195,15.678121566772461,-0.0035537227522581816,-4.151357650756836,3.582242012023926,-0.36055871844291687,-0.5737812519073486,8.810914993286133,6.100380897521973,0.6382068395614624,-0.74506676197052,-6.082939147949219,-5.939292907714844,4.974077224731445,4.301331996917725
69,-8.384493827819824,9.292997360229492,-2.4705276489257812,-2.1568355560302734,7.890899658203125,8.478493690490723,2.3549909591674805,-2.9503843784332275,-3.3070452213287354,-3.130539655685425,4.086239814758301,14.200384140014648,-2.952111005783081,-2.2121729850769043,-4.596085548400879,-3.4227030277252197,4.136970520019531,2.283334732055664,7.415821075439453,2.104910373687744,-12.757930755615234,-13.390690803527832,15.668947219848633,0.0036975578404963017,-4.305935859680176,3.4946675300598145,-0.5614520907402039,-0.42668676376342773,8.342802047729492,5.062482833862305,0.6378239393234253,-0.49047577381134033,-5.772801399230957,-6.493610382080078,5.130911350250244,3.1153459548950195
70,-7.913231372833252,9.221149444580078,-1.6644784212112427,-0.5833685994148254,7.826066493988037,8.086223602294922,2.915297031402588,-0.2323000282049179,-3.171248197555542,-2.796055555343628,4.136289119720459,13.283821105957031,-4.336297035217285,-3.1599011421203613,-7.154317378997803,-4.78196907043457,4.097039222717285,2.188030242919922,7.292343616485596,1.933335304260254,-13.400139808654785,-14.101566314697266,15.360270500183105,0.003947041928768158,-4.137055397033691,3.1359190940856934,-0.3728117346763611,-0.070653036236763,6.732950687408447,4.2791032791137695,0.8087424635887146,0.052541978657245636,-5.787907123565674,-6.773500442504883,5.202401638031006,2.9598443508148193
71,-7.754949569702148,9.614643096923828,1.084428071975708,1.3441354036331177,7.853217601776123,8.25973129272461,0.07092588394880295,-2.744309425354004,-2.9407639503479004,-2.315154790878296,4.391809463500977,9.17346477508545,-4.046987056732178,-2.918964385986328,-6.664351463317871,-3.8807218074798584,4.433977127075195,2.527299404144287,5.830230712890625,1.0936448574066162,-13.756404876708984,-15.295048713684082,15.3555326461792,0.011703558266162872,-4.76749849319458,3.394854784011841,0.2855672240257263,0.3043467402458191,7.2770867347717285,3.978917360305786,-0.12573452293872833,-0.6159660816192627,-5.6461663246154785,-7.101624488830566,5.105255126953125,1.7564951181411743
72,-7.97726583480835,9.485823631286621,1.9034347534179688,1.3460686206817627,7.758430480957031,7.892949104309082,-3.231391429901123,-1.9944891929626465,-2.818760633468628,-2.0791592597961426,4.337295055389404,-1.6252217292785645,-3.27652645111084,-1.7865437269210815,-5.48459005355835,-2.564091920852661,4.781878471374512,2.9364027976989746,2.9619140625,1.1041597127914429,-14.008430480957031,-15.630894660949707,15.534890174865723,-2.5335171222686768,-5.054811477661133,3.622297763824463,0.34410685300827026,0.24571089446544647,7.261640548706055,3.2042973041534424,-0.679043710231781,-0.3657025098800659,-5.813673496246338,-7.306678771972656,5.288683891296387,-0.7425190210342407
73,-8.248551368713379,9.144824028015137,1.4161252975463867,0.6544841527938843,7.632064342498779,7.364711284637451,-5.059592247009277,1.2087225914001465,-2.7025177478790283,-2.0635499954223633,4.266912937164307,-3.513176918029785,-2.6835455894470215,-1.1683528423309326,-4.797083377838135,-2.412214756011963,5.231722831726074,3.22529673576355,-0.2787717580795288,5.45822286605835,-14.245006561279297,-15.491715431213379,15.5454740524292,-15.680765151977539,-4.957389831542969,3.484787702560425,0.22950512170791626,0.09698493778705597,7.069324970245361,2.5478484630584717,-1.0663803815841675,0.4248398542404175,-5.832499027252197,-7.267586708068848,5.357710361480713,-5.209507465362549
74,-8.289881706237793,9.157476425170898,1.6612191200256348,-0.140269935131073,7.481410026550293,6.708688259124756,-2.767343759536743,-0.07869508862495422,-2.5954134464263916,-2.07452130317688,4.346670150756836,-4.22420072555542,-2.7003774642944336,-0.9437071681022644,-4.376857757568359,-2.369062662124634,5.863136291503906,3.6156723499298096,-2.0427496433258057,5.406826019287109,-14.499250411987305,-15.584541320800781,15.558554649353027,-15.682991027832031,-5.128920078277588,3.6993248462677,0.29717332124710083,-0.059185877442359924,6.370468616485596,2.0684564113616943,-0.5052597522735596,-0.07176708430051804,-5.87683629989624,-7.044394493103027,5.4872870445251465,-5.854224681854248
75,-8.27532958984375,9.16171646118164,2.3636865615844727,-0.8479329347610474,7.217254161834717,6.158301830291748,-3.048518419265747,-2.995441198348999,-2.4744784832000732,-2.0366885662078857,4.357786178588867,-4.343668460845947,-2.795987606048584,-0.5262485146522522,-3.606555223464966,-2.3225154876708984,6.834491729736328,4.764658451080322,-3.372652769088745,4.313565254211426,-14.644172668457031,-0.0018486976623535156,15.538385391235352,-15.699867248535156,-5.128340721130371,3.90708065032959,0.4422045350074768,-0.2137269526720047,5.845578193664551,1.8129515647888184,-0.6948319673538208,-0.6144504547119141,-5.838267803192139,-6.960539817810059,5.457485198974609,-5.857479572296143
76,-8.212850570678711,9.099808692932129,2.298585891723633,-1.042096734046936,6.829392910003662,6.021339416503906,-2.171302556991577,-4.062249660491943,-2.3663413524627686,-9.149593353271484,4.352560520172119,-4.433688163757324,-3.1683764457702637,-0.6885150671005249,-3.0528531074523926,-2.4748971462249756,8.354515075683594,4.341278553009033,-4.348565578460693,2.227686643600464,-14.993645668029785,-0.002970420755445957,15.532503128051758,-15.643128395080566,-5.155900478363037,3.8359546661376953,0.4142381548881531,-0.23476342856884003,5.006301403045654,1.8625471591949463,-0.4679110050201416,-0.7799602746963501,-5.919320583343506,-6.306196212768555,5.542233943939209,-6.036174297332764
77,-8.008157730102539,9.109269142150879,1.5434865951538086,-0.6552354693412781,6.169823169708252,5.5807204246521,-2.5111746788024902,-2.2790138721466064,-2.2627787590026855,-9.142827033996582,4.303816795349121,-4.407042503356934,-2.034717321395874,-0.6905286312103271,-2.8229966163635254,-2.6893138885498047,9.785599708557129,4.343491554260254,-5.229245185852051,0.5553902387619019,-1.647756576538086,0.07863006740808487,15.564314842224121,-15.576129913330078,-4.8722076416015625,3.867476224899292,0.2563926577568054,-0.12735356390476227,3.9586050510406494,1.5889592170715332,-0.6208641529083252,-0.3809773921966553,-5.7015767097473145,-6.033367156982422,5.286538600921631,-6.024989604949951
78,-7.865100383758545,9.109230995178223,3.554443836212158,-1.5495362281799316,5.2417192459106445,5.237623691558838,-4.4898152351379395,-5.343449592590332,-8.990391731262207,-9.133663177490234,18.148700714111328,-4.668554306030273,-4.689517021179199,-0.8910473585128784,-1.196885108947754,-2.8574557304382324,13.075850486755371,4.234622001647949,-1.6537929773330688,-2.8378124237060547,-0.008345158770680428,0.0014234445989131927,-0.020809832960367203,-15.638482093811035,-4.72463321685791,3.8810088634490967,0.7636341452598572,-0.3800939917564392,3.608927011489868,1.4533408880233765,-1.0006873607635498,-1.2595393657684326,-4.106194972991943,-5.601881504058838,4.727890491485596,-6.296978950500488
79,-7.556426525115967,8.931947708129883,5.498545169830322,-1.8490211963653564,3.4797849655151367,5.321191787719727,-7.139313220977783,-6.125568866729736,-8.583854675292969,-9.066534042358398,10.147455215454102,-4.512770175933838,-5.929739475250244,-0.559228777885437,0.5135955810546875,-2.3808982372283936,14.86192512512207,3.0655570030212402,-4.030148029327393,-7.259531021118164,-1.1067051673308015e-05,0.014251237735152245,-0.015519875101745129,-15.669437408447266,-5.195981025695801,3.466966390609741,1.187525987625122,-0.41810142993927,1.4253400564193726,1.523186206817627,-1.7785682678222656,-1.6004911661148071,-3.0146803855895996,-4.652646064758301,1.8082939386367798,-6.356868267059326
80,-7.038175106048584,8.740306854248047,3.362278938293457,-0.5811150670051575,-2.320112466812134,5.859224796295166,-5.587543487548828,-7.672227382659912,-6.53486967086792,-8.681232452392578,3.1763668060302734,-4.508577823638916,-7.646838188171387,0.24013110995292664,1.7642849683761597,-1.5346226692199707,13.739474296569824,3.7867820262908936,-6.122406005859375,-12.972518920898438,4.017853643745184e-05,-0.010308593511581421,0.018133383244276047,-15.636673927307129,-5.589944839477539,3.6694939136505127,0.632269561290741,-0.07062475383281708,-0.6395151019096375,1.7637561559677124,-1.3377437591552734,-2.743924140930176,-1.4871069192886353,-3.2457571029663086,0.371965229511261,-6.206575393676758
81,-7.023072242736816,8.923486709594727,0.7312607765197754,-0.43505874276161194,-8.842389106750488,5.958101272583008,-6.670017242431641,-6.427234649658203,0.9856535196304321,-7.027809143066406,-3.079239845275879,-4.303408145904541,-4.651517391204834,0.25127607583999634,2.8904471397399902,-1.3316888809204102,6.113318920135498,4.204586505889893,-3.795982599258423,-18.300922393798828,2.030390739440918,0.017487384378910065,-15.610908508300781,-15.221065521240234,-5.308497905731201,4.072469711303711,0.05798672139644623,-0.0851236879825592,-2.1698689460754395,1.7365115880966187,-1.5094558000564575,-3.1940672397613525,0.49533405900001526,-1.697508692741394,-4.503025531768799,-5.675521373748779
82,-7.942370414733887,8.836101531982422,-1.0238765478134155,0.2983112037181854,-4.033774375915527,4.853188514709473,-5.523154258728027,-4.366033554077148,4.667920112609863,1.9387845993041992,-4.478070259094238,-4.901488780975342,-3.0769217014312744,-0.04568377137184143,2.289246082305908,-1.6289756298065186,3.4514644145965576,4.134814262390137,-6.500228404998779,-20.347578048706055,13.287220001220703,2.0787196159362793,-15.637566566467285,-14.109981536865234,-4.148054122924805,3.833216905593872,-0.25506508350372314,0.08518841862678528,-0.6081855297088623,1.2414798736572266,-1.3500521183013916,-2.8738341331481934,5.125497817993164,0.7701864838600159,-7.126989841461182,-4.176479339599609
83,-7.1599202156066895,9.175289154052734,-7.0752081871032715,-1.3999494314193726,-5.9510722160339355,6.397834777832031,-7.923545837402344,-3.358452320098877,1.8835710287094116,4.8966827392578125,-4.646116733551025,-4.190966606140137,-1.7290197610855103,-2.1531076431274414,-1.3315579891204834,-3.866894245147705,1.4192274808883667,4.161035060882568,-10.215428352355957,-19.90367317199707,15.737387657165527,12.158670425415039,-15.657736778259277,-12.434950828552246,-2.0167548656463623,4.115459442138672,-1.6791846752166748,-0.3760792016983032,-1.3783200979232788,2.445770025253296,-2.592385768890381,-2.0803210735321045,7.989938259124756,5.842564582824707,-7.30894136428833,-2.3693172931671143
84,1.410693883895874,9.739156723022461,-8.108952522277832,-3.155034065246582,-7.006157398223877,6.652458667755127,-7.788196086883545,-1.2441296577453613,2.013322353363037,2.2849678993225098,-6.011293888092041,-1.04262113571167,0.0067077577114105225,-3.201239824295044,-4.5928568840026855,-5.948530197143555,-1.0485512018203735,3.1036629676818848,-14.633734703063965,-18.31544303894043,6.297389030456543,15.669977188110352,-14.730822563171387,-7.257789611816406,0.6392703056335449,3.521562099456787,-2.0021183490753174,-0.8482764363288879,-1.9087579250335693,2.093388795852661,-3.2075071334838867,-0.41577231884002686,7.600430965423584,7.515963554382324,-6.67065954208374,-0.03102007508277893
85,1.444993257522583,8.446673393249512,-6.0073323249816895,-0.3560308516025543,-6.733770370483398,2.6586976051330566,-6.042313098907471,2.264862298965454,7.208810806274414,2.0248830318450928,-6.585251808166504,7.716441631317139,5.7694621086120605,-1.9995259046554565,-6.72937536239624,-5.883453369140625,-7.640671730041504,2.1612932682037354,-18.39789390563965,-15.844111442565918,7.62689733505249,15.497577667236328,-13.772791862487793,15.710708618164062,0.33129727840423584,2.119006872177124,-1.4744019508361816,0.039345964789390564,-2.4736618995666504,0.40274545550346375,-3.15968656539917,0.4738147258758545,6.561834335327148,7.396356105804443,-5.955766677856445,4.743157386779785
86,-2.10719895362854,5.116910457611084,-1.7180802822113037,2.0816121101379395,-5.208240032196045,-4.783308029174805,-3.9091591835021973,9.996834754943848,4.502408981323242,2.046266555786133,-5.898890972137451,4.1629414558410645,7.264198303222656,-1.7347692251205444,-6.883955478668213,-4.073549747467041,-11.760984420776367,1.6406995058059692,-19.188289642333984,-6.864969253540039,12.06518268585205,15.608619689941406,-14.027955055236816,15.704604148864746,-0.47797656059265137,0.9292914271354675,-0.24753624200820923,0.43892353773117065,-2.336864471435547,-1.3979287147521973,-2.127474069595337,1.7376441955566406,6.631250858306885,6.637861251831055,-5.465028285980225,5.969217300415039
87,-4.095207691192627,-0.3588394224643707,5.5138936042785645,-1.043281078338623,-4.838854789733887,-7.673607349395752,1.6368653774261475,14.981563568115234,3.153380870819092,1.9813939332962036,-4.594615459442139,4.371712684631348,6.688854217529297,-1.9964898824691772,-4.684091091156006,-0.9263679385185242,-13.85218334197998,-3.9143247604370117,-17.969144821166992,4.647464752197266,13.74266242980957,15.719377517700195,-15.27695083618164,15.679988861083984,-0.7612514495849609,-0.2769748568534851,1.212634801864624,-0.3370358943939209,-3.3398866653442383,-3.1095759868621826,0.6474773287773132,3.9130184650421143,6.884023666381836,6.352974891662598,-5.337042808532715,5.920305252075195
88,-7.441921710968018,-1.2713608741760254,10.266778945922852,-1.5609917640686035,-4.9095234870910645,-6.817105293273926,19.94337272644043,12.55776596069336,3.0071017742156982,1.9948800802230835,-4.434745788574219,4.423593044281006,4.446447372436523,-2.1311352252960205,-2.472496747970581,0.5608735680580139,-13.482955932617188,-9.148313522338867,-7.350852012634277,12.446425437927246,13.087332725524902,15.700319290161133,-15.357236862182617,15.648797035217285,-1.7939300537109375,-0.3154236674308777,2.1359381675720215,-0.3300008773803711,-5.620838642120361,-4.056447505950928,4.024543285369873,5.212125778198242,7.272366523742676,6.380904197692871,-5.069981575012207,6.068729400634766
89,-3.1701674461364746,2.010535478591919,7.9879326820373535,1.5434377193450928,-4.784360408782959,-5.726897716522217,17.786632537841797,10.73318099975586,2.8510842323303223,1.995331883430481,-4.1378889083862305,4.56741189956665,2.8593552112579346,-1.5678778886795044,-1.1437264680862427,2.4476327896118164,-15.355083465576172,-12.411108016967773,3.9695723056793213,16.10199546813965,14.754881858825684,15.685929298400879,-15.644343376159668,15.698251724243164,-0.43990278244018555,0.5130181312561035,1.4809257984161377,0.44763118028640747,-8.83311939239502,-4.744192123413086,4.554337024688721,7.282736301422119,7.504852771759033,6.927465915679932,-5.046428203582764,6.694206237792969
90,-1.2573853731155396,4.8183674812316895,6.624491214752197,5.239964008331299,-4.243865966796875,-5.106951713562012,12.621033668518066,9.47419261932373,2.1149518489837646,2.070676565170288,-3.6526989936828613,4.598063945770264,2.346426248550415,0.9790908098220825,2.22574520111084,5.909475803375244,-16.64659309387207,-13.380548477172852,13.170411109924316,17.196977615356445,15.556561470031738,12.904108047485352,-15.637784004211426,15.683174133300781,-0.16919678449630737,1.2204973697662354,1.3461620807647705,1.4327373504638672,-10.010554313659668,-5.102567672729492,4.789409160614014,7.570765018463135,7.715361595153809,6.952606201171875,-4.046443462371826,6.94515323638916
91,4.369901657104492,6.465155601501465,9.309288024902344,6.98284912109375,-3.96382474899292,-2.4911887645721436,8.336782455444336,8.995184898376465,1.9961879253387451,3.252923011779785,-2.914397716522217,4.63239049911499,7.363911151885986,7.068944931030273,11.698515892028809,12.261913299560547,-17.423574447631836,-15.20229721069336,19.26068878173828,16.42811393737793,15.686807632446289,13.156984329223633,-15.631214141845703,15.601492881774902,1.5700119733810425,2.4347894191741943,2.9416182041168213,2.332740068435669,-7.621889114379883,-0.8411314487457275,5.145263195037842,6.1988701820373535,8.054830551147461,6.0773468017578125,-2.8050644397735596,6.664425373077393
92,1.240919589996338,6.067966461181641,8.073744773864746,4.395278453826904,5.870748996734619,10.091893196105957,5.838091850280762,7.59691858291626,2.012787103652954,3.9221906661987305,-1.821789026260376,4.442492961883545,11.077253341674805,10.374574661254883,20.03484344482422,16.04553985595703,-15.00656509399414,-10.78002643585205,19.590543746948242,14.915789604187012,15.680804252624512,8.544462203979492,-15.663260459899902,15.642866134643555,0.23063379526138306,3.7359812259674072,4.880312919616699,1.671633243560791,1.5162765979766846,8.206583976745605,4.103759765625,3.472508430480957,7.2668375968933105,5.244555473327637,-1.5240353345870972,5.759809494018555
93,-9.695127487182617,5.778925895690918,4.184877872467041,-0.9908398389816284,11.600760459899902,10.19498062133789,3.5102968215942383,-5.678046226501465,2.3817269802093506,-6.173098087310791,-2.7352471351623535,4.165892601013184,7.202176570892334,7.006561279296875,20.2025146484375,14.466740608215332,-8.919437408447266,-0.1648017168045044,16.521574020385742,10.161508560180664,13.33690357208252,-11.46583080291748,-0.02045397274196148,15.613778114318848,-4.362255096435547,2.9511494636535645,2.7071118354797363,-0.4741368889808655,8.322746276855469,9.250332832336426,1.560827374458313,-1.601333498954773,6.74448299407959,-7.621726036071777,-0.3357697129249573,5.343132019042969
94,-10.462394714355469,6.582695960998535,-4.171934127807617,-5.54463005065918,9.616973876953125,8.602339744567871,-0.04385390132665634,-13.809929847717285,-5.235637187957764,-2.8456530570983887,7.049715995788574,4.31803560256958,1.3769574165344238,3.5768048763275146,13.201339721679688,9.342557907104492,3.4108521938323975,2.1583824157714844,11.58227825164795,2.7020294666290283,-15.699862480163574,-13.0736665725708,15.699166297912598,15.699901580810547,-3.6774585247039795,2.5970873832702637,-1.1409094333648682,-0.9206638336181641,10.805500984191895,6.494579315185547,-0.35139238834381104,-2.8775060176849365,-6.1661858558654785,-7.98613166809082,5.145752429962158,5.881011962890625
95,-8.31140422821045,8.220428466796875,-8.903000831604004,-7.613481521606445,8.504812240600586,8.555037498474121,1.7672207355499268,-6.774940490722656,-5.2296319007873535,-3.326179265975952,3.997645378112793,4.033074378967285,1.4949908256530762,-1.177734136581421,1.459815502166748,1.2887961864471436,3.443547248840332,1.64381742477417,8.768427848815918,-0.5075063705444336,-11.674022674560547,-12.464871406555176,15.66635799407959,15.62224006652832,-1.8707706928253174,3.1115269660949707,-1.6810519695281982,-1.4411002397537231,8.9909029006958,5.910922527313232,0.6312991380691528,-1.1587601900100708,-8.085695266723633,-5.535503387451172,5.165034770965576,4.564842224121094
96,-8.599954605102539,9.171680450439453,-2.963859796524048,-3.1977317333221436,8.139745712280273,8.714025497436523,1.8848007917404175,-4.142887592315674,-3.6939282417297363,-3.4036481380462646,4.042248249053955,3.7967865467071533,-1.0736337900161743,-1.5845274925231934,-2.3541202545166016,-2.366823434829712,3.4949843883514404,2.0068359375,7.768495559692383,3.105222702026367,-12.150358200073242,-13.302916526794434,15.664676666259766,-0.002699342556297779,-4.113666534423828,3.620425224304199,-0.45623505115509033,-0.5295661091804504,9.086565017700195,6.2389068603515625,0.5198736786842346,-0.7827734351158142,-6.37520170211792,-6.050507545471191,4.982203960418701,4.270627498626709
97,-8.184435844421387,9.368008613586426,-3.2051072120666504,-1.576502799987793,8.20690631866455,8.474018096923828,1.1741231679916382,-2.4958221912384033,-3.622668743133545,-3.082076072692871,4.078006744384766,11.092095375061035,-3.1873085498809814,-2.239734649658203,-5.377163410186768,-4.378347396850586,3.811605453491211,2.334865093231201,6.553903102874756,2.6071150302886963,-12.978372573852539,-13.49358081817627,15.672414779663086,0.0030715097673237324,-4.2884979248046875,3.6021194458007812,-0.7701041102409363,-0.30121737718582153,8.552796363830566,5.199591636657715,0.26837676763534546,-0.37973910570144653,-5.950594425201416,-6.378999710083008,5.102367877960205,2.1239185333251953
98,-7.71652364730835,9.549653053283691,-1.8738378286361694,-0.3762415647506714,8.01177978515625,8.350991249084473,2.3523263931274414,-0.3915758728981018,-3.0472936630249023,-2.8804359436035156,4.388805389404297,11.49655532836914,-4.605262756347656,-3.2998206615448,-8.209244728088379,-5.587032318115234,3.9625017642974854,2.339755058288574,6.119637966156006,2.3377161026000977,-13.452521324157715,-13.891769409179688,15.38376522064209,0.007322096731513739,-4.006254196166992,3.2276511192321777,-0.4517512917518616,-0.040220215916633606,7.095487117767334,4.307848930358887,0.6514156460762024,0.0003550723195075989,-5.807627201080322,-6.711690425872803,5.193304061889648,2.5358388423919678
99,-7.687125205993652,9.776745796203613,1.0172370672225952,1.777276635169983,7.870876312255859,8.184527397155762,-1.3497120141983032,-3.4519011974334717,-2.9362778663635254,-2.392212390899658,4.3580193519592285,5.816845893859863,-4.140305519104004,-3.047224521636963,-7.761693000793457,-4.462430953979492,4.403986930847168,2.1261467933654785,4.115063667297363,1.1831107139587402,-13.771804809570312,-14.878546714782715,15.380335807800293,-0.0024288324639201164,-4.707801818847656,3.603740692138672,0.2850797772407532,0.37835997343063354,7.899378299713135,3.992964744567871,-0.3875337243080139,-0.7673983573913574,-5.6501946449279785,-7.097569465637207,5.1304240226745605,0.9604569673538208
100,-7.998397350311279,9.490476608276367,1.7007620334625244,1.589293360710144,7.782777309417725,7.976372241973877,-3.985379219055176,-1.4139317274093628,-2.819493293762207,-2.085162401199341,4.341970920562744,-4.761723518371582,-2.979762077331543,-1.481293797492981,-6.262276649475098,-3.4708595275878906,4.699299335479736,2.8624465465545654,1.0287957191467285,5.410736083984375,-13.99343490600586,-15.574363708496094,15.492422103881836,-15.615189552307129,-4.830323219299316,3.6810975074768066,0.29821985960006714,0.27800196409225464,7.7385993003845215,3.3733112812042236,-0.8400426506996155,-0.18343663215637207,-5.87833833694458,-7.304654121398926,5.362778186798096,-2.0242719650268555
101,-8.193678855895996,9.202618598937988,0.7194640636444092,0.7145445346832275,7.685094833374023,7.3544745445251465,-3.9789555072784424,1.5139267444610596,-2.7242753505706787,-2.0480194091796875,4.3204474449157715,-3.877873182296753,-2.889237403869629,-1.1796371936798096,-6.110198497772217,-3.1357662677764893,5.074487209320068,3.2667977809906006,-1.583103060722351,5.734984397888184,-14.217679977416992,-15.59869384765625,15.557487487792969,-15.677419662475586,-4.708815574645996,3.6035890579223633,0.08978909254074097,0.09998248517513275,7.322844982147217,2.524993419647217,-0.827020525932312,0.49202191829681396,-5.848209857940674,-6.948631763458252,5.4127583503723145,-5.707658767700195
102,-8.238061904907227,9.225977897644043,2.668165683746338,-0.1628950834274292,7.551807403564453,6.826952934265137,-2.3901920318603516,-2.0272467136383057,-2.59867787361145,-2.082017183303833,4.381941795349121,-4.248281002044678,-2.6983511447906494,-1.0993927717208862,-5.08524227142334,-2.873518943786621,5.56906795501709,3.430382490158081,-3.0094194412231445,5.021261215209961,-14.499837875366211,-15.480420112609863,15.515344619750977,-15.681931495666504,-4.950788497924805,3.8383498191833496,0.5139418244361877,-0.06768985092639923,6.921638488769531,2.1555349826812744,-0.466295063495636,-0.48021602630615234,-5.84768009185791,-7.025509357452393,5.541079044342041,-5.740328788757324
103,-8.29075813293457,9.191558837890625,2.5701985359191895,-0.6213511228561401,7.340590476989746,6.436445236206055,-2.7531256675720215,-3.478606939315796,-2.4788339138031006,-2.0379223823547363,4.388375282287598,-4.305336952209473,-2.6806888580322266,-0.9349937438964844,-4.096713066101074,-2.6474456787109375,6.3737053871154785,4.220196723937988,-4.159712314605713,3.4780445098876953,-14.647876739501953,-0.004097234457731247,15.453485488891602,-15.681482315063477,-4.895001411437988,4.058722496032715,0.4471737742424011,-0.1561199575662613,6.5617828369140625,1.992735505104065,-0.6514544486999512,-0.6645665168762207,-5.7675323486328125,-6.842438697814941,5.492464542388916,-5.712677478790283
104,-8.291486740112305,9.09402847290039,2.9084677696228027,-0.8199219703674316,7.027855396270752,6.279249668121338,-1.781464695930481,-4.555757999420166,-2.369539260864258,-9.151517868041992,4.390429496765137,-4.355727195739746,-2.7438292503356934,-0.4780014455318451,-3.0704851150512695,-2.4648478031158447,7.662784576416016,4.512831211090088,-4.963845252990723,0.9866921305656433,-14.987277030944824,-0.003440840169787407,15.532784461975098,-15.681928634643555,-4.9882354736328125,3.98494291305542,0.5370168089866638,-0.18715693056583405,5.871685981750488,2.03493070602417,-0.3824266791343689,-0.9019647836685181,-5.803480625152588,-6.219851493835449,5.610038757324219,-5.881821155548096
105,-8.167129516601562,9.076411247253418,1.6115037202835083,-0.3142900764942169,6.5118408203125,5.665304660797119,-1.6687698364257812,-2.361607551574707,-2.26542592048645,-9.142939567565918,4.365670680999756,-4.372057914733887,-3.470072031021118,-0.46308544278144836,-2.6852023601531982,-2.3929131031036377,9.795562744140625,4.563284873962402,-5.6072821617126465,-1.063421368598938,-15.156708717346191,-0.002894042991101742,15.51594352722168,-15.67956829071045,-4.701305866241455,3.9984936714172363,0.2519705891609192,-0.04726774990558624,4.805802822113037,1.6358164548873901,-0.40279632806777954,-0.40360593795776367,-5.597018718719482,-5.91783332824707,5.346368789672852,-5.801209926605225
106,-8.04735279083252,9.072122573852539,2.8401987552642822,-0.38979166746139526,5.477849960327148,5.140224456787109,-2.26309871673584,-4.9309234619140625,-9.104467391967773,-9.138431549072266,18.723669052124023,-4.510944843292236,-3.8569297790527344,-0.5971065759658813,-1.1422193050384521,-2.029869556427002,11.674970626831055,4.725387096405029,-1.3418660163879395,-4.527277946472168,-0.01831805519759655,0.08716569095849991,-0.012819407507777214,-15.616275787353516,-4.85472297668457,4.151814937591553,0.5970374345779419,-0.08732317388057709,3.3792662620544434,1.4128371477127075,-0.4799756407737732,-1.2212693691253662,-5.229704856872559,-5.646973609924316,5.06140661239624,-5.8157525062561035
107,-7.890879154205322,8.94533920288086,6.0210089683532715,-2.6439995765686035,4.883999347686768,5.418544292449951,-7.1368231773376465,-6.089526653289795,-8.51215648651123,-9.085683822631836,10.073225021362305,-4.410431861877441,-4.249709129333496,0.2683550715446472,0.678457498550415,-1.8745826482772827,13.169206619262695,4.253113269805908,-3.6390342712402344,-9.002553939819336,-0.0067445058375597,-0.06068301200866699,0.026822475716471672,-15.661273956298828,-4.831075668334961,3.569046974182129,1.350078821182251,-0.6594422459602356,2.56925630569458,1.5393378734588623,-1.846259355545044,-1.73874032497406,-2.8707926273345947,-4.617824554443359,1.76308012008667,-6.114529132843018
108,-7.602270603179932,8.815224647521973,4.065576076507568,-1.3147082328796387,2.0238711833953857,5.601737976074219,-4.806283950805664,-6.979678153991699,-6.140811443328857,-8.763026237487793,3.5312232971191406,-4.385873317718506,-6.009150505065918,0.23895272612571716,1.958346962928772,-1.6782418489456177,14.25767707824707,3.6729519367218018,-5.472934246063232,-14.423507690429688,4.2902014683932066e-05,0.11683188378810883,-0.004729527980089188,-15.645733833312988,-5.187700271606445,3.6553711891174316,0.79325932264328,-0.22557750344276428,0.5882024168968201,1.600948452949524,-1.0748180150985718,-2.6884117126464844,-1.330486536026001,-3.302351713180542,0.458393394947052,-5.809311866760254
109,-7.122384071350098,8.85210132598877,1.7347511053085327,-0.6878249645233154,-6.506091594696045,5.882647514343262,-5.298141002655029,-5.974461555480957,0.694486677646637,-7.334953784942627,-2.9470252990722656,-4.238678932189941,-5.760990619659424,0.4789353013038635,3.4022269248962402,-1.7347748279571533,9.134480476379395,4.407090187072754,-2.6542060375213623,-19.380008697509766,1.2416894435882568,-0.02449965476989746,-15.588723182678223,-15.010270118713379,-5.353959083557129,4.1181416511535645,0.29871171712875366,-0.12054047733545303,-1.502161979675293,1.7898435592651367,-1.1287076473236084,-3.2940163612365723,0.4057926833629608,-1.8864846229553223,-4.0771074295043945,-5.396224021911621
110,-7.687197208404541,8.857590675354004,-0.6626530289649963,-0.20368465781211853,-5.792116641998291,5.228403091430664,-5.854614734649658,-4.5323710441589355,4.856730937957764,1.3417868614196777,-4.443260192871094,-4.843361854553223,-3.250183343887329,0.3688979148864746,3.0511209964752197,-2.1173295974731445,3.853456497192383,4.6736321449279785,-5.381816387176514,-20.450834274291992,13.185837745666504,1.4035319089889526,-15.625594139099121,-14.056577682495117,-4.523072242736816,4.169301986694336,-0.21606385707855225,-0.02399475872516632,-1.0773980617523193,1.441272497177124,-1.4389584064483643,-3.2070651054382324,4.549678802490234,0.6221091747283936,-7.142684459686279,-4.0238142013549805
111,-7.656957626342773,9.126254081726074,-6.744892120361328,-0.6373662352561951,-5.319716453552246,6.005424499511719,-8.280349731445312,-3.7348103523254395,1.9011417627334595,5.079225063323975,-4.62343692779541,-3.896998405456543,-1.5911235809326172,-1.6722421646118164,-0.3445308804512024,-3.677654504776001,1.6232008934020996,5.920444488525391,-9.322131156921387,-19.963693618774414,15.699182510375977,12.305237770080566,-15.70331859588623,-11.973189353942871,-2.3926448822021484,4.304488182067871,-1.555544376373291,-0.15855838358402252,-1.0863687992095947,2.123547077178955,-2.578117847442627,-2.3713643550872803,7.981013774871826,5.534927845001221,-7.174221515655518,-2.0001027584075928
112,-0.959827184677124,9.837322235107422,-7.265697956085205,-2.669036388397217,-6.057928085327148,5.2920098304748535,-7.904744625091553,-1.749691367149353,1.9598698616027832,2.242021322250366,-5.519722938537598,1.2196818590164185,-0.7037968635559082,-3.3577754497528076,-3.487405300140381,-5.571114540100098,-1.2000209093093872,3.349242687225342,-13.767179489135742,-18.541641235351562,15.661176681518555,15.682806015014648,-14.813719749450684,-4.0657758712768555,0.07266954332590103,3.801220178604126,-1.6784608364105225,-0.7275740504264832,-1.417743444442749,1.4096133708953857,-3.038654327392578,-0.7171670794487,7.487545490264893,7.112401485443115,-6.432454586029053,0.6109113693237305
113,5.391367435455322,8.655119895935059,-7.974851608276367,-1.3181966543197632,-6.551743030548096,1.4280688762664795,-6.741744041442871,4.690741539001465,5.4548845291137695,2.0126101970672607,-6.578039169311523,5.75974702835083,5.9594879150390625,-1.5344903469085693,-5.553861618041992,-5.8229289054870605,-6.847724437713623,1.9119899272918701,-17.991199493408203,-14.618971824645996,7.5423078536987305,15.42431640625,-13.709794044494629,15.727285385131836,1.8657206296920776,2.253945827484131,-2.0722837448120117,-0.2639249563217163,-2.1768829822540283,0.13061639666557312,-3.556281328201294,0.9099432229995728,6.91589879989624,7.700648307800293,-6.0482964515686035,5.82931661605835
114,-2.4825541973114014,4.542255401611328,-1.7958544492721558,2.5359272956848145,-5.2797746658325195,-5.881272315979004,-3.9270308017730713,10.676356315612793,4.26490592956543,2.079596519470215,-5.798928737640381,4.274043083190918,7.814332962036133,-1.0054751634597778,-5.756689071655273,-2.997591972351074,-12.300003051757812,0.9227632880210876,-19.25349235534668,-4.716015338897705,12.69304084777832,15.638965606689453,-14.165019035339355,15.703513145446777,-0.7245001792907715,0.7899958491325378,-0.16889959573745728,0.5850477814674377,-2.496918201446533,-1.797632098197937,-2.0525965690612793,1.9013880491256714,6.240502834320068,6.7078046798706055,-5.445064067840576,6.176373481750488
115,-5.17240047454834,-1.433205246925354,7.103554725646973,-1.36798894405365,-4.525144100189209,-7.81626033782959,6.711961269378662,14.621031761169434,2.9603919982910156,1.9948912858963013,-4.227487087249756,4.355808734893799,6.384423732757568,-1.6642006635665894,-2.900381565093994,0.14079740643501282,-13.963725090026855,-4.884628772735596,-16.442880630493164,7.326450824737549,13.851383209228516,15.70048713684082,-15.59349250793457,15.694766998291016,-1.0259634256362915,-0.5411999225616455,1.6144990921020508,-0.42610490322113037,-3.159071445465088,-3.7374699115753174,1.4330525398254395,4.2950334548950195,6.856273174285889,6.30105447769165,-5.266334056854248,5.96095085144043
116,-7.139726638793945,-1.2816650867462158,8.499382019042969,-0.15931807458400726,-4.848954200744629,-6.62429666519165,20.579891204833984,11.797904014587402,2.9606175422668457,2.022862672805786,-4.252962112426758,4.425844192504883,3.829866647720337,-2.4708521366119385,-2.3852357864379883,1.6430555582046509,-13.938331604003906,-10.048736572265625,-5.282108783721924,14.296528816223145,13.470170021057129,15.700760841369629,-15.358031272888184,15.653497695922852,-1.6638563871383667,-0.27947407960891724,1.6595361232757568,0.01743052899837494,-5.736799716949463,-4.577108383178711,4.298218727111816,5.820006370544434,7.257379531860352,6.455939292907715,-5.127575397491455,6.146784782409668
117,-2.7080326080322266,2.5068905353546143,7.6152567863464355,2.3764257431030273,-4.616847038269043,-5.527594089508057,16.95749855041504,9.897441864013672,2.6429035663604736,1.998042345046997,-4.046752452850342,4.570750713348389,2.2584190368652344,-1.5539588928222656,-1.1384422779083252,3.8180341720581055,-15.896947860717773,-12.989300727844238,5.619832992553711,17.03061866760254,15.12929916381836,15.623477935791016,-15.694547653198242,15.69770622253418,-0.35487714409828186,0.6302230954170227,1.4447362422943115,0.6317128539085388,-8.822312355041504,-5.41520881652832,4.576782703399658,7.401592254638672,7.496973037719727,6.938310623168945,-4.914792060852051,6.743880271911621
118,-0.24274273216724396,5.033351421356201,7.1834821701049805,5.332609176635742,-4.1395440101623535,-5.037869453430176,12.067355155944824,9.137884140014648,2.0666913986206055,2.134849786758423,-3.615419626235962,4.60121488571167,2.6289656162261963,1.88169527053833,3.0903313159942627,7.530911445617676,-17.058063507080078,-13.949892044067383,14.345483779907227,17.221527099609375,15.640127182006836,12.43696403503418,-15.699862480163574,15.568719863891602,0.04025054723024368,1.289930820465088,1.5409626960754395,1.521885871887207,-9.489462852478027,-5.302748680114746,5.022542476654053,7.619113445281982,7.781532287597656,6.952108860015869,-3.9323832988739014,6.938815593719482
119,4.571894645690918,6.499569892883301,9.811924934387207,6.020482063293457,-3.858228921890259,0.6668146252632141,7.788649559020996,8.931766510009766,2.002180814743042,3.5031256675720215,-2.7693941593170166,4.60808801651001,7.776136875152588,7.196206569671631,13.131844520568848,13.583495140075684,-17.665456771850586,-14.16319751739502,19.447641372680664,16.078454971313477,15.666497230529785,11.88344955444336,-15.663008689880371,15.587263107299805,1.6640548706054688,2.66408634185791,3.4508323669433594,2.1157071590423584,-5.3615641593933105,0.4645839333534241,5.1923370361328125,5.78831148147583,7.983968257904053,5.832645893096924,-2.609161615371704,6.583483695983887
120,-0.14087747037410736,6.196528911590576,7.44933557510376,3.1613388061523438,9.404446601867676,10.777510643005371,5.659910678863525,7.001865386962891,1.9986556768417358,4.810135364532471,-1.7546263933181763,4.419289588928223,10.76472282409668,9.64651107788086,20.85565948486328,16.519817352294922,-13.955677032470703,-8.56756591796875,19.482023239135742,14.473416328430176,15.686084747314453,6.491209030151367,-15.655138969421387,15.654951095581055,-0.23668688535690308,4.094669818878174,5.048824310302734,1.1967023611068726,4.077612400054932,7.97344446182251,3.9109256267547607,2.9145545959472656,7.520333766937256,4.2803568840026855,-1.484766960144043,5.875531196594238
121,-9.892333984375,6.054315567016602,3.1727077960968018,-5.673189163208008,11.724393844604492,9.8242826461792,2.296722173690796,-10.42823600769043,2.789158344268799,-5.712350368499756,-2.206547260284424,4.237234115600586,5.586000442504883,6.223036289215088,19.247295379638672,12.593756675720215,-7.580479145050049,0.768134593963623,15.793618202209473,8.242429733276367,12.091846466064453,-11.774259567260742,-0.002786775818094611,15.703670501708984,-4.707125663757324,2.8794894218444824,1.7058658599853516,-1.161600112915039,9.48837661743164,8.400300025939941,0.7229949831962585,-2.531994581222534,6.545127868652344,-8.718238830566406,-0.21891196072101593,5.486318588256836
122,-9.733586311340332,6.909632682800293,-6.57587194442749,-5.779306888580322,9.339529037475586,8.465510368347168,0.02127108909189701,-11.499642372131348,-4.837184906005859,-3.009946823120117,6.795189380645752,4.310726642608643,-0.13734513521194458,2.117696762084961,10.730076789855957,6.4971604347229,4.070946216583252,2.73577618598938,11.45300579071045,1.598488450050354,-15.700007438659668,-13.07317066192627,15.699719429016113,15.699960708618164,-2.9325804710388184,2.5573387145996094,-1.42891263961792,-0.9014148116111755,10.87090015411377,6.039704322814941,-0.20574630796909332,-2.2423582077026367,-8.99615478515625,-7.086559772491455,5.291604042053223,5.71898078918457
123,-7.931979179382324,8.657817840576172,-8.203859329223633,-6.73469352722168,8.360763549804688,8.315293312072754,1.3694661855697632,-5.037876605987549,-5.171581745147705,-3.2666540145874023,4.008531093597412,3.9964420795440674,0.6675049066543579,-2.0571954250335693,-0.12234652042388916,-0.8090581297874451,3.471367359161377,2.445236921310425,8.51668643951416,-0.7916200757026672,-11.587106704711914,-12.57844066619873,15.665905952453613,15.611099243164062,-1.986975908279419,3.339348793029785,-1.5673041343688965,-1.343764305114746,9.375657081604004,5.657580375671387,0.4817957282066345,-0.8216599225997925,-7.66690731048584,-5.45273494720459,5.095540523529053,4.525691986083984
124,-8.377486228942871,9.648297309875488,-3.197261095046997,-2.415269613265991,8.132765769958496,8.470085144042969,0.6111077070236206,-3.3993489742279053,-3.7768945693969727,-3.391893148422241,4.0363874435424805,3.791916847229004,-1.7101099491119385,-2.201280117034912,-4.0260419845581055,-4.0767011642456055,3.497282028198242,1.7739672660827637,6.592199802398682,2.9169628620147705,-11.964498519897461,-12.8565092086792,15.606968879699707,0.010015487670898438,-4.071136951446533,3.8825511932373047,-0.5717431902885437,-0.39345985651016235,9.312996864318848,5.714546203613281,0.11669158190488815,-0.6631656885147095,-6.210143566131592,-6.065591335296631,4.9556965827941895,4.311327934265137
125,-8.004914283752441,9.575902938842773,-3.2816600799560547,-0.5299010276794434,8.053786277770996,8.38627815246582,0.4450322687625885,-0.8687549233436584,-3.464425563812256,-3.0252232551574707,4.060368061065674,9.966995239257812,-3.843315362930298,-3.1452226638793945,-7.734832286834717,-5.660614967346191,3.2763750553131104,2.3423612117767334,5.001506328582764,2.7264609336853027,-12.495899200439453,-13.626495361328125,15.451361656188965,0.007990185171365738,-4.147444725036621,3.7236170768737793,-0.8300336003303528,-0.04985250532627106,8.678021430969238,4.839181423187256,0.1004551574587822,-0.052601806819438934,-5.846757411956787,-6.409759521484375,5.0626959800720215,1.8026365041732788
126,-7.763872146606445,9.82719898223877,-1.3602666854858398,1.3461507558822632,8.082656860351562,8.279475212097168,0.3021659553050995,-2.003892421722412,-3.156856060028076,-2.958052396774292,4.297469615936279,8.026400566101074,-4.1691460609436035,-2.7626426219940186,-8.872477531433105,-5.419902801513672,3.7655272483825684,3.3484458923339844,3.651862621307373,2.111518621444702,-13.284143447875977,-14.154112815856934,15.456703186035156,0.0017214862164109945,-4.299985885620117,3.7533421516418457,-0.298748254776001,0.29414576292037964,8.625618934631348,4.222796440124512,0.06285040825605392,-0.41206955909729004,-5.628666400909424,-6.772200107574463,5.071788311004639,1.5900007486343384
127,-7.8170342445373535,9.713547706604004,-0.2533106803894043,2.347825050354004,7.98185396194458,7.910843372344971,-1.2306312322616577,-1.5538427829742432,-3.0165719985961914,-2.852790117263794,4.298880100250244,-0.06400866061449051,-3.8680622577667236,-2.572500705718994,-8.92582893371582,-4.266387462615967,4.059635162353516,2.973527669906616,1.8308327198028564,1.4521167278289795,-13.59056568145752,-14.04366683959961,15.522675514221191,-0.001006690552458167,-4.510990142822266,3.8402137756347656,-0.013859331607818604,0.4387861490249634,8.416402816772461,3.4187896251678467,-0.282295823097229,-0.27918386459350586,-5.736879825592041,-7.01724910736084,5.241884708404541,-0.3216055929660797
128,-8.058464050292969,9.501238822937012,1.137622594833374,1.4742196798324585,7.890061378479004,7.745466709136963,-4.1412482261657715,0.3960125744342804,-2.8780550956726074,-2.694359540939331,4.324554443359375,-2.9960250854492188,-3.0071449279785156,-1.5228406190872192,-7.860973834991455,-3.7405622005462646,4.317551136016846,3.2328855991363525,-1.0603078603744507,6.3370747566223145,-13.864986419677734,-14.654741287231445,15.56403636932373,-15.674397468566895,-4.458264350891113,3.815124988555908,0.2262445092201233,0.23138146102428436,8.31551742553711,2.974775552749634,-0.9432928562164307,0.17534267902374268,-5.936749458312988,-7.241408824920654,5.431888103485107,-4.044522285461426
129,-8.166118621826172,9.362948417663574,1.2770987749099731,0.6096903681755066,7.821862697601318,7.106057167053223,-2.616732358932495,0.10368544608354568,-2.769212245941162,-2.2302424907684326,4.346203804016113,-4.104456424713135,-2.8384735584259033,-1.5230294466018677,-7.215621471405029,-3.3927001953125,4.626608848571777,3.504878282546997,-2.8988890647888184,6.291306495666504,-14.127857208251953,-15.358808517456055,15.57077407836914,-15.671784400939941,-4.532107353210449,3.9042787551879883,0.20923084020614624,0.08059100806713104,7.692156791687012,2.3429949283599854,-0.5157063603401184,0.012137539684772491,-5.898070812225342,-6.901828289031982,5.531217575073242,-5.648434162139893
130,-8.222848892211914,9.362689971923828,2.487248659133911,-0.2520380914211273,7.693802833557129,6.640982627868652,-2.352116584777832,-3.1054022312164307,-2.642693281173706,-2.073235034942627,4.400839328765869,-4.24533224105835,-2.6470837593078613,-1.162379503250122,-6.154511451721191,-3.1636407375335693,5.098278045654297,3.671741008758545,-4.206830024719238,5.054991245269775,-14.401732444763184,-15.527275085449219,15.505522727966309,-15.675496101379395,-4.561098098754883,4.159813404083252,0.4466843008995056,-0.08813686668872833,7.510219097137451,2.0751118659973145,-0.5310364365577698,-0.6289159059524536,-5.858833312988281,-6.846378326416016,5.564466953277588,-5.577393531799316
131,-8.269238471984863,9.415820121765137,2.6041007041931152,-0.3052712678909302,7.520059585571289,6.251126766204834,-1.8881491422653198,-3.537367582321167,-2.48797345161438,-4.780399322509766,4.41067361831665,-4.2409210205078125,-2.544175863265991,-0.6902173161506653,-4.929274559020996,-2.7488927841186523,5.7245049476623535,4.670801639556885,-5.057011127471924,3.3737242221832275,-14.878167152404785,-0.0018994822166860104,15.603142738342285,-15.648394584655762,-4.52323055267334,4.327510833740234,0.4478132128715515,-0.06991048157215118,7.133890151977539,1.8735862970352173,-0.4315360188484192,-0.6429035663604736,-5.724647521972656,-6.618917942047119,5.538207054138184,-5.487597465515137
132,-8.275370597839355,9.264969825744629,2.6395909786224365,-0.6109979748725891,7.298639297485352,5.9352946281433105,-1.177042007446289,-3.8234496116638184,-2.298405408859253,-9.187685012817383,4.4280104637146,-4.274335861206055,-2.5567541122436523,-0.9126919507980347,-4.019639492034912,-2.5950748920440674,6.582779884338379,4.017175674438477,-5.58548641204834,1.1241865158081055,-15.042438507080078,0.04743531346321106,15.518719673156738,-15.69294548034668,-4.499725818634033,4.2587080001831055,0.4648173451423645,-0.14683254063129425,6.462158203125,1.859753131866455,-0.25592702627182007,-0.7336586117744446,-5.765024185180664,-5.930909633636475,5.6359333992004395,-5.68181848526001
133,-8.250510215759277,9.134780883789062,2.2206687927246094,-0.28392690420150757,6.964162826538086,5.853507995605469,-1.2897891998291016,-2.8421716690063477,-2.292442798614502,-9.116551399230957,4.3195953369140625,-4.262537956237793,-2.7461700439453125,-0.6773802638053894,-3.294416904449463,-2.3264784812927246,7.930539608001709,4.033657073974609,-6.085047721862793,-1.1264632940292358,-15.145301818847656,0.03345363587141037,15.51607894897461,-15.68098258972168,-4.3424391746521,4.318342208862305,0.3858216404914856,-0.04801018536090851,5.8290276527404785,1.7489204406738281,-0.3270248770713806,-0.5433802604675293,-5.519408702850342,-5.711201190948486,5.400437355041504,-5.505956172943115
134,-8.200016975402832,9.171812057495117,2.955902099609375,-0.4326370656490326,6.294051170349121,5.478697299957275,-1.355138897895813,-4.55038595199585,-6.06767463684082,-9.209783554077148,18.855724334716797,-4.298831939697266,-2.6909475326538086,-0.5865752696990967,-1.7091425657272339,-1.9711281061172485,9.79819393157959,4.125126361846924,-1.5905983448028564,-4.4734272956848145,-0.09952588379383087,-0.033692389726638794,-0.010773878544569016,-15.596031188964844,-4.401606559753418,4.447342872619629,0.5920882821083069,-0.09888149797916412,4.889740943908691,1.5236852169036865,-0.27727776765823364,-1.100291132926941,-5.2175397872924805,-5.418423652648926,5.161991596221924,-5.313952445983887
135,-8.23279857635498,9.157082557678223,6.949301242828369,-2.8198862075805664,5.97222375869751,5.425638675689697,-6.284943580627441,-5.89293098449707,-8.36878776550293,-9.054953575134277,10.174722671508789,-4.2736616134643555,-2.8424150943756104,-0.2570291757583618,0.2945941090583801,-1.9259902238845825,10.85501480102539,3.977933883666992,-3.6608171463012695,-8.918582916259766,-0.012814190238714218,0.0031266557052731514,0.008580464869737625,-15.643773078918457,-4.387239456176758,3.7217295169830322,1.55617094039917,-0.7043594121932983,4.089939117431641,1.488916039466858,-1.643507480621338,-1.6817476749420166,-2.68098521232605,-4.525633811950684,1.7817710638046265,-5.68968391418457
136,-8.401711463928223,8.645235061645508,4.439906597137451,-2.0699896812438965,5.000049591064453,5.331973552703857,-3.310634136199951,-6.461180686950684,-6.399075031280518,-8.746197700500488,4.420838832855225,-4.5263237953186035,-2.447119951248169,1.0208886861801147,2.5748579502105713,-1.2628955841064453,11.880152702331543,4.34074592590332,-5.080780982971191,-14.024710655212402,-0.0052896300330758095,0.0009173792786896229,0.01164110004901886,-15.457452774047852,-4.493914604187012,3.789663314819336,0.8801971077919006,-0.3993818759918213,2.310753107070923,1.4996023178100586,-0.6678534746170044,-2.3929495811462402,-1.4440118074417114,-3.2942957878112793,0.6706293821334839,-5.297483444213867
137,-8.084144592285156,8.667704582214355,2.867384195327759,-1.6232106685638428,2.060742139816284,5.110329627990723,-2.5938398838043213,-5.783343315124512,-0.3989548683166504,-7.7131853103637695,-3.4515116214752197,-4.003650665283203,-4.225823879241943,1.0158997774124146,3.9388186931610107,-1.9944108724594116,12.079190254211426,4.844081878662109,-1.3998357057571411,-18.784528732299805,-5.1271381380502135e-05,-0.04540830850601196,-15.692828178405762,-15.233731269836426,-4.79396915435791,4.169814109802246,0.5956063270568848,-0.3271483778953552,0.5214561820030212,1.436984658241272,-0.4981250762939453,-3.014005422592163,0.14921697974205017,-2.134706735610962,-3.3270251750946045,-4.725158214569092
138,-7.673022270202637,8.761000633239746,0.8303671479225159,-0.925205409526825,-4.583233833312988,4.340535640716553,-4.229240417480469,-4.714361667633057,5.360361099243164,0.3354657292366028,-4.2625322341918945,-4.490626811981201,-4.1982855796813965,1.0585670471191406,4.249937534332275,-2.4744691848754883,7.860665798187256,5.129621982574463,-3.3818166255950928,-20.395517349243164,11.305030822753906,0.4394652843475342,-15.695488929748535,-14.022977828979492,-4.974912643432617,4.641129493713379,0.10542315244674683,-0.17268894612789154,-1.031376600265503,1.1273610591888428,-1.0040388107299805,-3.359757900238037,3.4735798835754395,0.37982672452926636,-6.904393672943115,-3.6879799365997314
139,-8.139734268188477,8.776272773742676,-5.198509693145752,-0.0954475924372673,-6.588168621063232,4.509126663208008,-7.964895248413086,-4.17838716506958,1.9006632566452026,5.393413543701172,-4.626458168029785,-3.5490095615386963,-0.7274646759033203,0.6496855020523071,2.0822954177856445,-2.934802532196045,1.5068153142929077,6.9605302810668945,-7.14736270904541,-20.2447566986084,15.469940185546875,11.434273719787598,-15.603310585021973,-11.550313949584961,-3.4919676780700684,4.87093448638916,-1.1708731651306152,0.013225063681602478,-1.505121111869812,1.3485300540924072,-2.2748684883117676,-2.823711633682251,7.572394371032715,5.220812797546387,-7.057562828063965,-1.7090564966201782
140,-5.996655464172363,9.008535385131836,-6.059937000274658,-1.7510044574737549,-2.675863027572632,1.5666288137435913,-8.337279319763184,-2.459582805633545,1.906221628189087,2.273615837097168,-4.497375011444092,4.353365898132324,-1.8181406259536743,-1.9171984195709229,-1.2683736085891724,-4.535076141357422,1.0208121538162231,3.2031168937683105,-11.723024368286133,-19.277475357055664,15.644566535949707,15.221837997436523,-15.146666526794434,-0.08267036825418472,-1.2603851556777954,4.247906684875488,-1.2684285640716553,-0.4671080708503723,-0.39138805866241455,0.2537462115287781,-2.835348129272461,-1.23710298538208,7.583034038543701,6.7427978515625,-6.320657253265381,1.131589412689209
141,3.3774495124816895,8.478569984436035,-5.974910259246826,-0.1855498105287552,-5.424798965454102,-2.2856130599975586,-7.245981216430664,1.90947687625885,2.018501043319702,2.0115866661071777,-5.555521011352539,4.420985698699951,2.8072450160980225,-0.6473658680915833,-1.8561681509017944,-3.9465508460998535,-3.1115779876708984,1.1231541633605957,-16.232540130615234,-17.02058219909668,15.544811248779297,15.39879035949707,-14.263100624084473,15.739195823669434,1.1781156063079834,2.088884115219116,-1.3225946426391602,0.023543313145637512,-1.4442269802093506,-0.6008081436157227,-3.22477388381958,0.5556334853172302,7.059016704559326,7.098944664001465,-5.903136253356934,5.932588577270508
142,4.538343906402588,3.200058937072754,-5.598876476287842,0.3463941216468811,-6.229074001312256,-6.82750940322876,-5.08333158493042,15.238008499145508,6.776688098907471,2.0869994163513184,-5.930825710296631,4.364898204803467,7.969501495361328,-0.8519778251647949,-3.4817230701446533,-2.2545440196990967,-9.234643936157227,0.029315471649169922,-18.876270294189453,-3.513270139694214,10.259674072265625,15.62981128692627,-13.888862609863281,15.70679759979248,1.3625118732452393,0.46827757358551025,-1.2359509468078613,0.0825941413640976,-2.4559154510498047,-2.073596239089966,-2.6610825061798096,2.9810500144958496,5.876849174499512,7.2074432373046875,-5.970885276794434,6.411033630371094
143,-5.889606952667236,-1.8236100673675537,6.222530364990234,0.10372719913721085,-5.207605838775635,-7.922429084777832,6.442145824432373,13.002898216247559,3.3129987716674805,2.0005667209625244,-4.1829938888549805,4.378530979156494,5.777150630950928,-2.8888099193573,-1.5056366920471191,0.2518410086631775,-13.320409774780273,-5.203444957733154,-16.113426208496094,8.488941192626953,13.472319602966309,15.68760871887207,-15.699742317199707,15.683008193969727,-1.6822410821914673,-0.6090903878211975,1.6506056785583496,0.011937066912651062,-3.295379161834717,-4.217977523803711,1.4746308326721191,3.644723892211914,6.805027484893799,6.234164237976074,-5.087696552276611,6.012382507324219
144,-6.477756977081299,-0.7640054225921631,4.867671012878418,0.918461263179779,-4.496830940246582,-6.655249118804932,20.223739624023438,11.40980339050293,2.9679527282714844,2.0056979656219482,-4.0949225425720215,4.399069309234619,4.221233367919922,-3.4434003829956055,-2.4560835361480713,3.1345458030700684,-14.275261878967285,-9.80035400390625,-5.385305881500244,14.29902172088623,13.739228248596191,9.737982749938965,-15.69477653503418,15.6463041305542,-1.3125413656234741,-0.12074021995067596,0.928172767162323,0.23818258941173553,-5.182922840118408,-5.09434700012207,4.196733474731445,5.674441337585449,7.101738452911377,6.471100330352783,-5.013672351837158,6.013139724731445
145,-4.365392208099365,3.292757987976074,8.14486312866211,2.6129846572875977,-4.607662200927734,-5.327929496765137,17.19289779663086,9.737780570983887,2.677577018737793,3.388218879699707,-3.9585182666778564,4.5514140129089355,2.457504987716675,-2.798072576522827,-1.4691580533981323,5.107540130615234,-15.593554496765137,-14.312297821044922,5.990513801574707,17.124956130981445,14.76356315612793,14.291234970092773,-15.695109367370605,15.66788101196289,-0.7795262336730957,0.7635912895202637,1.665727138519287,0.6829259991645813,-8.363093376159668,-6.344906806945801,4.798492431640625,7.250168323516846,7.714507579803467,6.573342800140381,-4.705051422119141,6.736215591430664
146,-0.8652558922767639,5.1874775886535645,7.223206043243408,4.281017303466797,-4.230494976043701,-4.486111640930176,11.945398330688477,9.256572723388672,2.1685495376586914,2.4927055835723877,-3.5740103721618652,4.606598377227783,2.3911497592926025,1.8511784076690674,2.947298765182495,8.100993156433105,-16.77667236328125,-16.340906143188477,14.971030235290527,17.24887466430664,15.578615188598633,14.750602722167969,-15.638813972473145,15.574711799621582,-0.04143565148115158,1.268368124961853,1.5047309398651123,1.211434006690979,-9.29156494140625,-5.917051315307617,5.135908126831055,7.777797698974609,7.768766403198242,6.862407684326172,-3.8611700534820557,6.885506629943848
147,4.55280065536499,6.413081645965576,9.464879989624023,5.178830146789551,-3.9307382106781006,-0.4795852601528168,7.426480293273926,8.988593101501465,2.01786208152771,2.5550005435943604,-2.806457757949829,4.617627143859863,7.130586624145508,6.8641276359558105,12.212501525878906,13.297956466674805,-17.525754928588867,-15.911623001098633,19.63986587524414,16.01312828063965,15.666136741638184,13.709588050842285,-15.660111427307129,15.59152889251709,1.643204689025879,2.417553186416626,3.1298043727874756,1.7956864833831787,-5.860671043395996,0.10464945435523987,5.041136741638184,5.795792579650879,7.684830188751221,6.533204078674316,-2.6122629642486572,6.359598159790039
148,0.050224870443344116,6.131584644317627,7.832765579223633,3.0643625259399414,9.217320442199707,10.865971565246582,5.540454864501953,7.137716293334961,1.9986568689346313,4.186849594116211,-1.6586922407150269,4.369757175445557,10.261886596679688,9.910869598388672,20.2806453704834,16.301090240478516,-13.884425163269043,-9.891396522521973,19.59552764892578,14.497881889343262,15.686075210571289,7.499513149261475,-15.655726432800293,15.649346351623535,-0.1884164810180664,3.8705949783325195,5.0397539138793945,1.172720193862915,3.6448678970336914,7.772036075592041,3.855555534362793,3.0031697750091553,7.238180160522461,5.443358421325684,-1.3709137439727783,5.70819091796875
149,-9.697378158569336,6.111771106719971,3.552501916885376,-6.077721118927002,11.708084106445312,10.042236328125,2.436091661453247,-9.682493209838867,2.759166955947876,-5.947545528411865,-1.8995909690856934,4.264774799346924,7.260142803192139,5.358506202697754,18.84146499633789,12.023022651672363,-5.749462604522705,0.1732671856880188,16.113630294799805,8.530085563659668,3.7188916206359863,-10.897873878479004,-0.006388234905898571,15.704977989196777,-4.557744979858398,3.0105700492858887,1.855201005935669,-1.2273776531219482,9.226212501525879,8.436605453491211,0.839445173740387,-2.3717153072357178,6.2464494705200195,-8.226614952087402,-0.16251106560230255,5.435492992401123
150,-9.243562698364258,7.2164483070373535,-6.505249977111816,-6.063785552978516,9.27293872833252,8.468457221984863,0.008361401036381721,-12.04789924621582,-4.197714805603027,-2.7095422744750977,6.718618869781494,4.195939064025879,6.750248908996582,1.8693122863769531,10.65721321105957,6.063933849334717,1.7380234003067017,2.614701986312866,11.535972595214844,1.59097158908844,-9.854867935180664,-13.173372268676758,15.577445983886719,15.536325454711914,-3.062241315841675,2.8812036514282227,-1.4493398666381836,-0.9647245407104492,10.123563766479492,5.873875617980957,-0.2286444753408432,-2.3885490894317627,-10.00227165222168,-6.600642681121826,5.289968490600586,5.3957319259643555
151,-9.874070167541504,8.858750343322754,-5.600151538848877,-4.688469409942627,8.258633613586426,8.260233879089355,0.9523131847381592,-5.260446071624756,-3.5111403465270996,-3.2113585472106934,4.036829471588135,3.997619152069092,1.3319733142852783,-1.5774656534194946,2.1620819568634033,0.019324464723467827,3.160757064819336,2.85282039642334,8.474997520446777,-1.0052189826965332,-11.816012382507324,-12.7874755859375,15.656952857971191,15.63725471496582,-3.7187423706054688,3.8411664962768555,-0.9617000222206116,-0.8548392653465271,10.050332069396973,5.647456169128418,0.33524954319000244,-0.8684470653533936,-7.346153736114502,-6.0020670890808105,5.190517902374268,4.715986251831055
152,-8.83436107635498,9.702563285827637,-4.391816139221191,-2.5654056072235107,8.160381317138672,8.317837715148926,0.19700632989406586,-3.0375640392303467,-3.671482801437378,-3.327394723892212,4.092813014984131,3.7854080200195312,-1.6011807918548584,-2.7990310192108154,-3.104222536087036,-3.636012315750122,3.4436583518981934,2.301525115966797,6.100711345672607,0.6711111068725586,-12.240866661071777,-12.874210357666016,15.628705024719238,6.715242385864258,-4.185093402862549,4.2522993087768555,-0.9083306193351746,-0.489804208278656,9.488983154296875,5.234735488891602,0.008096148259937763,-0.5662769675254822,-6.657131671905518,-6.136374473571777,5.108201026916504,4.262170314788818
153,-8.23921012878418,9.896819114685059,-3.8634073734283447,-0.3437167704105377,8.201038360595703,8.354835510253906,0.8573196530342102,-0.009222603403031826,-3.5049941539764404,-3.0335893630981445,4.303746700286865,14.887718200683594,-3.7552330493927,-3.5482544898986816,-7.25045108795166,-5.476797580718994,3.052542209625244,2.460568904876709,4.750615119934082,2.8102498054504395,-12.829289436340332,-13.52014446258545,15.416001319885254,-0.0014030340826138854,-4.226442813873291,4.04894495010376,-0.9619830250740051,0.00688229501247406,8.635315895080566,4.45722770690918,0.23816971480846405,0.12025613337755203,-5.909730911254883,-6.482292175292969,5.080224514007568,3.375013828277588
154,-7.803555965423584,10.036288261413574,-1.6336240768432617,1.9310191869735718,8.172904014587402,8.205550193786621,1.2002058029174805,-2.830801010131836,-3.0960965156555176,-2.9573311805725098,4.332877159118652,12.592238426208496,-4.089472770690918,-3.1288037300109863,-8.432036399841309,-4.9909987449646,3.2687108516693115,3.1565604209899902,3.9919910430908203,1.9996535778045654,-13.25772762298584,-14.041555404663086,15.367010116577148,0.007241424173116684,-4.532271862030029,4.098833084106445,-0.3530120253562927,0.406302273273468,8.721770286560059,3.9233877658843994,0.29454517364501953,-0.6258351802825928,-5.4752936363220215,-6.827486038208008,5.001242160797119,2.6922619342803955
155,-7.868393421173096,9.795424461364746,-0.6379666924476624,2.358582019805908,8.11076831817627,7.6338396072387695,-0.08375359326601028,-2.468554735183716,-2.9418129920959473,-2.6929314136505127,4.328860759735107,6.05390739440918,-3.8064708709716797,-2.2216744422912598,-8.507619857788086,-3.7603683471679688,3.6820671558380127,4.478198051452637,2.752882719039917,1.0558587312698364,-13.722267150878906,-14.34433650970459,15.517836570739746,0.0046090553514659405,-4.666377067565918,4.189239501953125,-0.1267372965812683,0.42888474464416504,8.520306587219238,3.281611204147339,-0.07133669406175613,-0.46135956048965454,-5.638567924499512,-6.995115280151367,5.155802249908447,0.9758492708206177
156,-8.012369155883789,9.573883056640625,0.42122915387153625,1.5014642477035522,7.996541976928711,6.970250129699707,-2.2350573539733887,-0.6294986605644226,-2.834756374359131,-2.6650965213775635,4.255826473236084,-4.667071342468262,-3.177044630050659,-1.832015037536621,-7.939272403717041,-3.337740421295166,4.050488471984863,3.7102248668670654,0.706778347492218,5.555710792541504,-13.987030982971191,-14.29804515838623,15.55799674987793,-15.621923446655273,-4.665247917175293,4.25219202041626,0.11258131265640259,0.24222330749034882,8.192877769470215,2.4498531818389893,-0.5022974014282227,-0.046373121440410614,-5.878555774688721,-7.212182521820068,5.381041049957275,-2.0965914726257324
157,-8.087934494018555,9.54469108581543,0.8904425501823425,0.011682824231684208,7.871035099029541,6.584526538848877,-4.653285980224609,1.4851678609848022,-2.58400821685791,-2.5218729972839355,4.324904441833496,-3.760331153869629,-3.1790030002593994,-1.4486751556396484,-7.66782808303833,-3.2163522243499756,4.502900123596191,3.7660069465637207,-2.081793785095215,5.934075355529785,-14.908194541931152,-15.020548820495605,15.6044921875,-15.652411460876465,-4.44805908203125,4.2011919021606445,0.15568333864212036,-0.048757508397102356,7.790527820587158,1.9967572689056396,-1.070932388305664,0.45925915241241455,-5.895204067230225,-6.826906204223633,5.365365982055664,-5.348944664001465
158,-8.150864601135254,9.527616500854492,2.486295700073242,-0.16485248506069183,7.754883289337158,6.126885414123535,-2.718785524368286,-1.4128323793411255,-2.2093355655670166,-2.175473213195801,4.3527960777282715,-4.167207717895508,-2.789043664932251,-1.9331868886947632,-6.667178153991699,-3.00040340423584,4.965177536010742,2.8492300510406494,-3.7253191471099854,5.4319539070129395,-15.395134925842285,-15.357490539550781,15.521940231323242,-15.666379928588867,-4.600940704345703,4.429630756378174,0.45188266038894653,-0.044219985604286194,7.372462749481201,1.769469976425171,-0.5402607917785645,-0.35257482528686523,-5.830178737640381,-6.783660888671875,5.52490758895874,-5.382107734680176
159,-8.280464172363281,9.60123348236084,2.8097240924835205,-0.8318784832954407,7.424302101135254,6.489865303039551,-2.873098850250244,-3.732879161834717,-2.099313735961914,-8.844230651855469,4.312399864196777,-4.188754558563232,-2.548332929611206,-1.5649051666259766,-5.377126216888428,-2.6632251739501953,6.3338751792907715,2.9633116722106934,-4.964311122894287,3.8763678073883057,-15.608877182006836,0.0715278834104538,15.557689666748047,-15.618769645690918,-4.585659980773926,4.689969539642334,0.4860948920249939,-0.21084167063236237,7.149498462677002,1.9831414222717285,-0.6880516409873962,-0.726080060005188,-5.725572109222412,-6.620009422302246,5.506145000457764,-5.321638107299805
160,-8.283343315124512,9.467142105102539,2.2503483295440674,-0.6961277723312378,7.029086112976074,6.544703006744385,-2.3017749786376953,-2.166447877883911,-2.072045087814331,-9.16243839263916,4.368191242218018,-4.222039699554443,-2.7400288581848145,-1.207767128944397,-4.5959014892578125,-2.684903144836426,7.340986728668213,3.6604602336883545,-5.942747116088867,2.4512743949890137,-15.437573432922363,-0.027453139424324036,15.562915802001953,-15.652665138244629,-4.451751708984375,4.50331974029541,0.3711482882499695,-0.1470016986131668,6.328062534332275,2.0343477725982666,-0.5450623631477356,-0.34517860412597656,-5.664165019989014,-5.855475425720215,5.519705772399902,-5.449565887451172
161,-8.175000190734863,9.500279426574707,2.9042441844940186,-0.6394252181053162,6.735429763793945,5.983860969543457,-1.2372722625732422,-3.2094216346740723,-2.1170568466186523,-9.172698974609375,4.3721442222595215,-4.1633148193359375,-2.7102761268615723,-1.3312352895736694,-3.71587872505188,-2.654815673828125,9.257109642028809,3.089233636856079,-6.28228759765625,0.4748716652393341,-0.08696651458740234,0.20921438932418823,15.52761173248291,-15.577831268310547,-4.470319747924805,4.674829483032227,0.5364437699317932,-0.13768841326236725,5.677383899688721,1.6647205352783203,-0.2643657326698303,-0.6578657627105713,-5.451096057891846,-5.702410697937012,5.438327312469482,-5.279867172241211
162,-8.436555862426758,9.134933471679688,4.481820583343506,-2.418003559112549,6.175241947174072,5.391315937042236,-3.4182634353637695,-5.509174823760986,-8.958267211914062,-9.15103816986084,18.36282730102539,-4.523934841156006,-1.1605982780456543,0.2908403277397156,-0.12619233131408691,-1.0222954750061035,10.040043830871582,3.394822120666504,-2.6609463691711426,-3.24863600730896,-0.011339936405420303,3.6803074181079865e-05,-0.010070223361253738,-15.486374855041504,-4.029744625091553,4.592957496643066,0.9335542321205139,-0.5838135480880737,5.146848201751709,1.4171451330184937,-0.8215014338493347,-1.2874057292938232,-3.888082265853882,-5.228402137756348,4.834011554718018,-5.607904434204102
163,-8.83742618560791,8.623116493225098,5.323729515075684,-2.988999128341675,5.8795976638793945,5.431034088134766,-4.939298629760742,-4.892591953277588,-8.578963279724121,-9.06760025024414,11.266880989074707,-4.325740337371826,-1.4339900016784668,0.5273285508155823,1.2871583700180054,-1.5386680364608765,10.77423095703125,3.814573287963867,-4.3765788078308105,-7.076268672943115,-0.013847495429217815,0.0014699473977088928,-0.007553180679678917,-15.60910701751709,-4.9073028564453125,3.9876394271850586,1.1782560348510742,-0.6387941837310791,4.069741725921631,1.5376598834991455,-1.215092420578003,-1.210331678390503,-3.0128960609436035,-4.578770637512207,2.117730140686035,-5.367696762084961
164,-8.529012680053711,8.800003051757812,4.225921154022217,-2.081392288208008,5.1424431800842285,5.041083335876465,-2.6037590503692627,-6.1899189949035645,-6.968815803527832,-8.814979553222656,7.148918628692627,-4.125101566314697,-2.6206390857696533,0.5821869373321533,2.3220949172973633,-2.1380207538604736,12.334169387817383,3.9957940578460693,-5.407565593719482,-11.848603248596191,-0.004490402061492205,0.0005452819168567657,0.005709704011678696,-15.635671615600586,-5.044995307922363,4.119790554046631,0.8701978921890259,-0.41184747219085693,2.580470323562622,1.338065266609192,-0.5316457152366638,-2.0429205894470215,-1.689421534538269,-3.462162733078003,1.305498480796814,-5.066755771636963
165,-8.059484481811523,8.83049201965332,2.8549246788024902,-1.1479753255844116,2.003312349319458,4.885202884674072,-2.208803415298462,-6.140686511993408,-2.634455919265747,-8.041475296020508,-3.8881993293762207,-3.958451747894287,-4.543334007263184,0.7187223434448242,3.4375455379486084,-2.437303066253662,13.066672325134277,4.355919361114502,-3.818031072616577,-16.848562240600586,1.1985815945081413e-05,-0.04069431126117706,-7.7972092628479,-15.647234916687012,-5.310248851776123,4.436440467834473,0.5779811143875122,-0.2116219848394394,0.5233456492424011,1.3160605430603027,-0.5316263437271118,-2.7465524673461914,-0.3664504587650299,-2.383641242980957,-1.251563310623169,-4.709647178649902
166,-7.602182388305664,8.902504920959473,0.10781852900981903,0.07779505848884583,-6.324972629547119,3.705350399017334,-2.425621271133423,-4.910508632659912,4.794147491455078,-1.6732255220413208,-4.005340576171875,-4.373669147491455,-4.107368469238281,0.5563962459564209,3.7927727699279785,-2.4656970500946045,7.55339241027832,4.398627281188965,-2.57517147064209,-20.06560516357422,9.33034896850586,-0.011354605667293072,-15.624226570129395,-14.286590576171875,-5.387198448181152,4.912763595581055,-0.09009280800819397,0.0644589513540268,-1.4935672283172607,0.8789359331130981,-0.5152531266212463,-3.135742425918579,2.122392416000366,-0.0920637995004654,-6.41007661819458,-3.9699676036834717
167,-8.18570613861084,8.914956092834473,-3.8265738487243652,-0.009116705507040024,-5.64475679397583,3.8722920417785645,-7.186882495880127,-4.143406391143799,2.390362501144409,5.5433573722839355,-4.558985233306885,-3.870966672897339,-1.7598615884780884,0.47658488154411316,2.441911458969116,-2.435037851333618,2.6189680099487305,5.684943199157715,-5.766685485839844,-20.250137329101562,15.482690811157227,10.517807960510254,-15.654019355773926,-12.349690437316895,-4.003839015960693,5.0362958908081055,-0.8343985676765442,-0.005088478326797485,-1.1157119274139404,1.0394644737243652,-1.9863231182098389,-2.796300172805786,6.914679050445557,4.443718910217285,-7.036331653594971,-2.1357104778289795
168,-6.493192195892334,9.13536548614502,-7.31477165222168,-1.8782621622085571,-4.098778247833252,3.042147636413574,-8.906242370605469,-2.5901691913604736,1.7309271097183228,2.438244342803955,-4.640827178955078,-0.4181615114212036,-0.7076164484024048,-2.217668056488037,-1.4498963356018066,-4.361288547515869,1.2805514335632324,4.618734836578369,-10.03314208984375,-19.38226890563965,15.798507690429688,15.87515926361084,-15.6749906539917,-6.389493465423584,-1.446831464767456,4.5613298416137695,-1.6324615478515625,-0.5013095736503601,-0.8042609691619873,0.7561590671539307,-2.8999977111816406,-1.3552144765853882,7.419283390045166,7.163020610809326,-6.620262622833252,0.2325042188167572
169,1.4088118076324463,9.481271743774414,-6.220442771911621,-1.4334690570831299,-5.9568610191345215,-2.6070895195007324,-8.216562271118164,1.3317424058914185,2.009841203689575,2.1448168754577637,-5.653012275695801,7.0531158447265625,1.8688246011734009,-3.1769237518310547,-3.2464802265167236,-4.874682426452637,-2.7749576568603516,1.8221426010131836,-14.725654602050781,-17.41700553894043,3.718062400817871,15.885939598083496,-14.809304237365723,15.73933219909668,0.6037474870681763,3.2143616676330566,-1.3953073024749756,-0.32152533531188965,-1.6703122854232788,-0.7685188055038452,-3.3986077308654785,0.4875333607196808,6.919291019439697,7.594371795654297,-5.9721903800964355,5.120509147644043
170,-0.44547873735427856,6.283478260040283,-3.9304723739624023,2.805634021759033,-5.807283401489258,-7.563595771789551,-5.514371395111084,10.70207691192627,6.760392189025879,2.053816080093384,-5.6748809814453125,4.289945602416992,6.509565830230713,-0.9374549388885498,-3.559915542602539,-2.1211941242218018,-8.72952651977539,0.5524177551269531,-17.47121238708496,-7.382462024688721,8.332551002502441,15.519086837768555,-14.203112602233887,15.70803451538086,-0.14619168639183044,1.2612656354904175,-0.8031005263328552,0.6592921018600464,-2.0388376712799072,-2.705897331237793,-2.5227715969085693,1.8516318798065186,5.906106472015381,7.005111217498779,-5.267376899719238,6.359567642211914
171,-4.64909029006958,-0.4783755838871002,4.736639022827148,-0.11658041924238205,-5.050841808319092,-8.307377815246582,3.9169301986694336,14.76907730102539,4.423054218292236,2.003570556640625,-4.245635032653809,4.4076457023620605,5.553147792816162,-3.0262904167175293,-2.0620710849761963,0.13398589193820953,-11.653990745544434,-3.9613234996795654,-15.917266845703125,6.380688190460205,11.70355224609375,15.689053535461426,-15.685662269592285,15.700905799865723,-0.9867998957633972,-0.3543696999549866,1.219651222229004,-0.12318335473537445,-2.477355480194092,-4.43365478515625,1.0673028230667114,3.95442795753479,6.746690273284912,6.379389762878418,-5.138033390045166,6.187865257263184
172,-6.149256229400635,0.8410372734069824,4.519020080566406,-1.1994526386260986,-5.082832336425781,-7.121698379516602,18.026748657226562,11.83189582824707,3.4738609790802,2.1462488174438477,-3.9936416149139404,4.403695583343506,6.1620283126831055,-1.7689379453659058,-0.7810331583023071,3.4858264923095703,-13.334781646728516,-7.962732791900635,-7.0263471603393555,13.170943260192871,12.963119506835938,8.01655387878418,-15.637030601501465,15.644573211669922,-1.2096651792526245,0.2077482044696808,0.883899986743927,-0.2591579556465149,-4.5589823722839355,-5.027811050415039,3.473062038421631,4.989401817321777,7.140263080596924,6.562922954559326,-4.877779960632324,5.962543487548828
173,-7.424961090087891,3.299557685852051,6.723543643951416,1.4013144969940186,-5.056966304779053,-5.826630115509033,17.248733520507812,9.876861572265625,3.107266664505005,4.071689128875732,-3.9050960540771484,4.505143642425537,3.6954922676086426,-2.4396865367889404,-1.0691182613372803,4.844929218292236,-13.836997032165527,-13.49826717376709,3.262249708175659,16.345773696899414,13.088621139526367,13.387922286987305,-15.649510383605957,15.679276466369629,-1.5408577919006348,0.7800818681716919,1.5458660125732422,0.45377784967422485,-7.651278018951416,-6.10880708694458,4.451493263244629,6.672398567199707,7.779277324676514,6.452928066253662,-4.671653747558594,6.557035446166992
174,-3.0576696395874023,5.213883876800537,6.800670146942139,2.4934616088867188,-4.73989725112915,-4.686408519744873,13.176465034484863,9.304662704467773,2.8527276515960693,2.7662360668182373,-3.7009270191192627,4.566680431365967,2.7309913635253906,0.7949063181877136,1.1740872859954834,6.07280158996582,-15.616072654724121,-15.835536003112793,12.555404663085938,17.317983627319336,14.778678894042969,14.267257690429688,-15.700235366821289,15.558649063110352,-0.43385422229766846,1.247139573097229,1.3874764442443848,0.6655951142311096,-9.53924560546875,-6.207918643951416,4.915422439575195,7.648374080657959,7.87208366394043,6.8614301681518555,-4.011903285980225,6.795729637145996
175,1.42267644405365,6.236911296844482,8.460744857788086,4.419595718383789,-4.219700813293457,-4.180117130279541,8.796006202697754,9.16468334197998,2.082134485244751,2.43623948097229,-2.908475399017334,4.5688886642456055,5.320340156555176,5.209074974060059,8.878935813903809,10.305662155151367,-16.751493453979492,-16.370397567749023,19.376815795898438,16.789852142333984,15.676681518554688,14.88426399230957,-15.673209190368652,15.671833038330078,0.505358099937439,1.9463075399398804,2.3045730590820312,1.3604516983032227,-8.773921012878418,-3.4656808376312256,5.3971452713012695,6.799038410186768,7.98800802230835,6.6452836990356445,-2.8066091537475586,6.636574745178223
176,0.8968517184257507,6.308163642883301,8.863879203796387,3.5460855960845947,-1.5646997690200806,9.396780967712402,5.687318801879883,7.883363246917725,2.0139763355255127,3.234998941421509,-1.6872912645339966,4.452929496765137,8.367077827453613,9.219487190246582,17.7342586517334,13.942427635192871,-16.702007293701172,-11.858455657958984,20.30069351196289,15.55147933959961,15.699189186096191,9.668190956115723,-15.694483757019043,15.665355682373047,0.21460115909576416,3.3439669609069824,4.374046325683594,1.2175636291503906,-0.5036596655845642,5.3588690757751465,4.2465081214904785,3.955592632293701,7.1040825843811035,6.026535511016846,-1.3675748109817505,5.765063285827637
177,-8.398741722106934,6.256076812744141,5.174631595611572,-0.7821605205535889,10.699694633483887,10.666740417480469,4.2572855949401855,0.5649113059043884,2.0040488243103027,-4.63889217376709,-0.5480470657348633,4.283215522766113,6.675985813140869,7.810282230377197,20.41083335876465,12.858227729797363,-10.865962982177734,-1.1998823881149292,18.838382720947266,12.568291664123535,9.582365036010742,-5.397577285766602,-7.7661356925964355,15.642584800720215,-2.712738037109375,4.322697639465332,3.5633912086486816,-0.35598814487457275,7.749766826629639,8.03199577331543,2.4666996002197266,-0.3934328556060791,6.865392208099365,-1.50196373462677,-0.29200083017349243,5.48860502243042
178,-9.475470542907715,6.883266925811768,-2.670295000076294,-6.6517229080200195,10.442206382751465,8.590078353881836,-0.9200988411903381,-17.73635482788086,-5.7625226974487305,-3.063512086868286,9.161404609680176,4.196577548980713,4.191129207611084,3.7297825813293457,12.645313262939453,6.415224552154541,2.3280842304229736,2.506976842880249,13.375826835632324,3.9704906940460205,-12.085541725158691,-12.523605346679688,15.616588592529297,15.559364318847656,-3.9981279373168945,2.9717202186584473,-0.9950799345970154,-1.1816201210021973,11.163159370422363,6.5843610763549805,-0.61229407787323,-4.243203163146973,-3.786120891571045,-8.151741981506348,4.809372425079346,5.363846778869629
179,-8.627278327941895,8.498927116394043,-9.067548751831055,-6.259267807006836,8.175118446350098,8.258662223815918,1.3754101991653442,-7.033321380615234,-3.3144054412841797,-3.1968560218811035,3.966731548309326,3.8554255962371826,-1.1677907705307007,-1.3055603504180908,1.0582995414733887,-1.2140101194381714,2.833293914794922,3.1478114128112793,9.765264511108398,0.053071118891239166,-12.082551002502441,-12.899680137634277,15.654423713684082,15.654255867004395,-2.4673681259155273,3.6143364906311035,-1.7785274982452393,-1.2179269790649414,8.611433029174805,6.497699737548828,0.548552930355072,-1.0783956050872803,-7.934369087219238,-5.624055862426758,5.1987624168396,4.48085880279541
180,-7.929077625274658,9.637872695922852,-4.310371398925781,-2.755680799484253,8.252168655395508,8.226555824279785,1.0357152223587036,-4.910223960876465,-3.4176974296569824,-3.3186097145080566,4.071760654449463,3.669647693634033,-3.7601916790008545,-2.8495936393737793,-4.437465667724609,-4.473981857299805,2.8599987030029297,2.8872406482696533,7.620927333831787,-1.8930339813232422,-12.418301582336426,-12.824403762817383,15.662299156188965,15.635676383972168,-3.7939553260803223,4.120105266571045,-0.8341031670570374,-0.5151621103286743,8.872541427612305,6.056324005126953,0.2616845965385437,-0.9684523344039917,-6.580416202545166,-6.044153690338135,5.049633502960205,4.074326038360596
181,-7.688277721405029,9.874530792236328,-3.5044217109680176,-0.514008104801178,8.154926300048828,8.35578727722168,-0.7933016419410706,-2.6065056324005127,-3.057805061340332,-3.1884796619415283,4.350446701049805,15.826630592346191,-4.638668060302734,-3.2212133407592773,-8.04715633392334,-6.239799499511719,3.538771152496338,2.024437665939331,4.850606441497803,1.873016357421875,-13.404239654541016,-13.05843734741211,15.476018905639648,0.00039409997407346964,-3.932913303375244,4.152092933654785,-0.8884604573249817,-0.03381021320819855,8.466540336608887,5.250287055969238,-0.21183671057224274,-0.38373589515686035,-6.091153621673584,-6.526000022888184,5.050036907196045,3.7834842205047607
182,-7.635059833526611,9.960948944091797,-1.2168701887130737,2.934640884399414,8.033878326416016,8.324479103088379,-0.4048346281051636,-3.2109534740448,-2.9625017642974854,-2.9789674282073975,4.314145565032959,12.152070045471191,-4.324860095977783,-2.4894299507141113,-8.770477294921875,-4.968090534210205,4.0023908615112305,3.4771621227264404,2.968226909637451,0.6580912470817566,-13.690326690673828,-14.167287826538086,15.383512496948242,0.005343209952116013,-4.416882514953613,4.103671073913574,-0.23853462934494019,0.6130508184432983,8.47752571105957,4.525575160980225,-0.060556720942258835,-0.645275354385376,-5.4882330894470215,-6.921124458312988,4.993420124053955,2.503009557723999
183,-7.830951690673828,9.67283821105957,-0.29883483052253723,2.756822347640991,7.905014514923096,7.725904941558838,-0.9805585145950317,-2.8070921897888184,-2.8536620140075684,-2.766817092895508,4.279798984527588,2.893960952758789,-3.8474602699279785,-1.831315517425537,-8.600555419921875,-3.3267009258270264,4.353147029876709,3.97983455657959,1.341604232788086,-0.48045891523361206,-13.926172256469727,-14.073846817016602,15.521088600158691,0.005638538859784603,-4.686148643493652,4.29158878326416,-0.035279810428619385,0.4848460555076599,8.298173904418945,3.6379921436309814,-0.20465321838855743,-0.5520344972610474,-5.658156394958496,-7.164033889770508,5.247270107269287,0.22641098499298096
184,-8.063505172729492,9.388983726501465,0.779754638671875,1.2833479642868042,7.788123607635498,7.464179992675781,-3.7647900581359863,0.018651025369763374,-2.738673686981201,-2.689512014389038,4.270509719848633,-2.77766752243042,-3.1708626747131348,-1.034775972366333,-7.859498977661133,-2.910167932510376,4.739044189453125,4.021545886993408,-1.3356249332427979,4.1382317543029785,-14.171828269958496,-14.400901794433594,15.617101669311523,-15.62963581085205,-4.52622127532959,4.31940221786499,0.1624407172203064,0.18337379395961761,8.143383979797363,3.02962064743042,-0.8712907433509827,0.11188829690217972,-5.891329288482666,-7.406135559082031,5.436356067657471,-3.680786371231079
185,-8.107622146606445,9.262018203735352,1.1304519176483154,0.3639940917491913,7.6581950187683105,7.008774757385254,-3.478231906890869,0.5229576230049133,-2.5429487228393555,-2.3281455039978027,4.269119739532471,-4.069863796234131,-3.197798252105713,-1.3485215902328491,-7.435235500335693,-2.6507647037506104,5.188760280609131,3.690096855163574,-3.5252015590667725,4.068042755126953,-14.801651954650879,-15.208374977111816,15.575162887573242,-15.640965461730957,-4.523880958557129,4.420655250549316,0.1916143298149109,0.03541140258312225,7.67472505569458,2.530972480773926,-0.7664425373077393,0.1433579921722412,-5.850718021392822,-7.041378021240234,5.4753737449646,-5.549897193908691
186,-8.110515594482422,9.514121055603027,2.499005079269409,-0.31853151321411133,7.512185573577881,7.161845684051514,-3.0498814582824707,-1.917952060699463,-2.277559518814087,-2.168442726135254,4.3664350509643555,-4.183280944824219,-3.0157101154327393,-1.3589195013046265,-6.299673080444336,-2.317312240600586,5.825032711029053,3.3482470512390137,-5.11143159866333,3.159670829772949,-15.135544776916504,-15.431673049926758,15.540999412536621,-15.674890518188477,-4.557253360748291,4.703986167907715,0.450653612613678,-0.09546352922916412,7.477444171905518,2.4481775760650635,-0.7105136513710022,-0.43086278438568115,-5.746004581451416,-6.934881687164307,5.504782199859619,-5.436405658721924
187,-8.179020881652832,9.45455265045166,2.811415433883667,-0.5906738638877869,7.273113250732422,6.730579376220703,-2.46274995803833,-3.0490121841430664,-2.21589994430542,-2.0901999473571777,4.389133453369141,-4.192804336547852,-2.9320433139801025,-1.2588000297546387,-5.009714126586914,-1.9087613821029663,6.620747089385986,4.643074035644531,-6.0716047286987305,1.594546914100647,-15.231090545654297,0.16375188529491425,15.407051086425781,-15.696436882019043,-4.576150417327881,4.884862422943115,0.4877461791038513,-0.13823743164539337,7.136464595794678,2.2378971576690674,-0.5906254053115845,-0.6112977266311646,-5.578639030456543,-6.690985202789307,5.494961261749268,-5.336095809936523
188,-8.231675148010254,9.34179973602295,3.49332332611084,-1.069681167602539,6.982293605804443,6.346775054931641,-1.9186879396438599,-4.6960906982421875,-2.1710848808288574,-9.1817045211792,4.392040729522705,-4.2232561111450195,-2.692598819732666,-0.40997183322906494,-3.5347275733947754,-1.5341486930847168,7.882200717926025,4.71602725982666,-6.865717887878418,-1.164296269416809,-15.176270484924316,-0.041278183460235596,15.56297779083252,-15.670413970947266,-4.6320085525512695,4.931963920593262,0.6428566575050354,-0.24586857855319977,6.567667484283447,2.055018424987793,-0.4686940312385559,-1.0141445398330688,-5.527411937713623,-5.952813625335693,5.591540813446045,-5.498499870300293
189,-8.250958442687988,9.306024551391602,2.156240224838257,-0.6647440791130066,6.352638244628906,5.841841697692871,-1.5896685123443604,-3.491750717163086,-9.154765129089355,-9.17196273803711,4.365962982177734,-4.203027725219727,-1.496321678161621,0.6597740650177002,-1.955567717552185,-0.19155779480934143,9.988285064697266,4.486182689666748,-7.529726028442383,-3.9053072929382324,-0.06439115107059479,0.08399691432714462,15.651228904724121,-15.594839096069336,-4.391636848449707,4.90373420715332,0.3460659384727478,-0.12467171251773834,5.499720573425293,1.7051384449005127,-0.401308536529541,-0.734635591506958,-5.278570652008057,-5.56420373916626,5.3095173835754395,-5.28205680847168
190,-8.419147491455078,9.011240005493164,4.444289207458496,-4.105038166046143,5.923048973083496,5.547126770019531,-5.088531970977783,-6.21814489364624,-8.89714527130127,-9.109529495239258,17.83648109436035,-4.381237506866455,-1.7327265739440918,1.047698736190796,0.4098653197288513,-0.9850459694862366,10.939509391784668,4.915806770324707,-4.237914085388184,-7.990040302276611,-0.01749027520418167,-0.061189666390419006,0.02327548712491989,-15.626143455505371,-4.316148281097412,4.810072898864746,0.9795796275138855,-0.9860371947288513,5.095961093902588,1.5951168537139893,-1.3168153762817383,-1.7762043476104736,-3.6958067417144775,-4.975967884063721,4.5631608963012695,-5.738351821899414
191,-8.569025993347168,8.553291320800781,5.278111934661865,-2.9303314685821533,5.394528388977051,4.7668657302856445,-4.802242279052734,-5.4615631103515625,-7.694965362548828,-8.932835578918457,9.916241645812988,-4.325390338897705,-2.4587364196777344,1.0939056873321533,1.758190631866455,-1.9350156784057617,12.321786880493164,4.977513790130615,-6.068219184875488,-12.214852333068848,-0.0069059510715305805,0.0006534149870276451,0.01495853066444397,-15.62460994720459,-4.91507625579834,4.0561842918396,1.1752369403839111,-0.5707613825798035,3.2978222370147705,1.298349380493164,-1.1847538948059082,-1.739335536956787,-2.0885417461395264,-3.9402592182159424,1.7622547149658203,-5.350296974182129
192,-8.115139961242676,8.664728164672852,3.3295111656188965,-1.9685717821121216,3.1987009048461914,4.737905979156494,-3.5179383754730225,-5.982588291168213,-3.638676643371582,-8.367364883422852,2.8183188438415527,-4.11781644821167,-4.50654411315918,1.2225311994552612,2.598740577697754,-2.951777696609497,13.79842758178711,5.377925395965576,-7.465464115142822,-16.862274169921875,2.3878106730990112e-05,-0.042210422456264496,0.02696511149406433,-15.604724884033203,-5.185421466827393,4.401688575744629,0.6488813757896423,-0.3943939805030823,1.1262047290802002,1.3410011529922485,-0.8715097308158875,-2.7178986072540283,-0.5928186774253845,-2.7196614742279053,0.2940217852592468,-5.041867256164551
193,-7.4341816902160645,8.749136924743652,0.4799019396305084,-0.9789162278175354,-5.230562686920166,4.238152503967285,-3.695924758911133,-4.888735294342041,3.3692257404327393,-5.61687707901001,-3.169624090194702,-4.651815414428711,-5.196548938751221,1.3140509128570557,3.420586109161377,-3.6991443634033203,9.675777435302734,5.957479000091553,-4.10552453994751,-20.031993865966797,5.611656188964844,-0.014697120524942875,-15.688228607177734,-14.349637985229492,-5.337861061096191,5.048404693603516,-0.008734285831451416,-0.18229076266288757,-1.2563936710357666,1.1607269048690796,-0.8197749853134155,-3.13131046295166,1.1447175741195679,-1.148506760597229,-4.584262371063232,-4.27180814743042
194,-7.846202850341797,8.730088233947754,-3.0893847942352295,-0.19319522380828857,-6.344121932983398,2.937621593475342,-5.964536190032959,-4.410904884338379,3.500927686691284,5.1078267097473145,-4.420730113983154,-4.486703395843506,-2.5291378498077393,1.1889197826385498,2.434677839279175,-3.8724257946014404,3.26054048538208,6.698707580566406,-6.813014984130859,-20.337678909301758,15.50893497467041,8.037480354309082,-15.682517051696777,-12.926040649414062,-4.33741569519043,5.1176557540893555,-0.6938226222991943,-0.010436877608299255,-1.2923800945281982,0.7205976247787476,-1.6344813108444214,-3.1134369373321533,6.310165882110596,2.5668609142303467,-7.1790361404418945,-2.8100242614746094
195,-6.125010013580322,8.903544425964355,-7.773331642150879,-1.6003276109695435,-3.738849401473999,2.348086357116699,-8.157669067382812,-2.9071204662323,1.824477195739746,3.1251132488250732,-4.653508186340332,-1.8624217510223389,-0.9022165536880493,-0.4760400056838989,-1.2636009454727173,-5.4374823570251465,1.1327427625656128,5.80172872543335,-10.731305122375488,-19.63314437866211,15.809080123901367,15.357898712158203,-15.649011611938477,-8.401237487792969,-1.3469797372817993,4.575177192687988,-1.7749598026275635,-0.44011443853378296,-0.6676793098449707,0.5986080169677734,-2.7509031295776367,-1.607108235359192,7.996337413787842,6.8925557136535645,-6.799776554107666,-0.42778339982032776
196,2.072812557220459,9.0880765914917,-5.546465873718262,-1.441023349761963,-4.301023483276367,-3.4713313579559326,-6.685850620269775,1.6082382202148438,1.9927314519882202,2.030233383178711,-5.319983005523682,8.545320510864258,1.9884775876998901,-1.8810901641845703,-2.641913890838623,-5.565372467041016,-2.590925455093384,0.7133065462112427,-14.667421340942383,-17.574996948242188,15.58796215057373,15.29719352722168,-14.927806854248047,15.31379222869873,0.7723122835159302,2.949221134185791,-1.1675894260406494,-0.348197340965271,-1.0054717063903809,-0.9393117427825928,-2.5743367671966553,0.5702075958251953,7.012338638305664,7.218178749084473,-6.020265579223633,3.5051136016845703
197,4.46961784362793,3.7057464122772217,-3.965409278869629,0.15466371178627014,-6.062821388244629,-7.4847731590271,-4.541482448577881,16.123491287231445,7.2379655838012695,2.0682790279388428,-5.3968186378479,4.155174255371094,7.889997959136963,-1.2542285919189453,-2.9632270336151123,-3.1719090938568115,-8.692329406738281,-0.42560875415802,-16.801597595214844,-3.218170166015625,9.351191520690918,15.618997573852539,-14.557534217834473,15.704816818237305,1.358857274055481,0.5322015881538391,-0.815402090549469,0.09894977509975433,-2.2791287899017334,-2.562107563018799,-1.948149561882019,3.2196028232574463,6.062817096710205,7.1915812492370605,-5.8193583488464355,6.351729869842529
198,-5.471481800079346,-1.3694864511489868,5.130903720855713,0.7814971208572388,-5.193511486053467,-7.942662239074707,8.655410766601562,13.275969505310059,3.669236183166504,2.0029966831207275,-4.1056036949157715,4.358924388885498,7.383240222930908,-2.367701768875122,-1.2030041217803955,1.2174031734466553,-13.275455474853516,-5.823086261749268,-14.18704891204834,8.339187622070312,12.79958724975586,15.694554328918457,-15.699913024902344,15.694437980651855,-1.4921588897705078,-0.5009593963623047,1.3313000202178955,0.17161114513874054,-2.966341972351074,-4.177324295043945,1.7999998331069946,3.8635759353637695,6.885409832000732,6.448622703552246,-5.079533576965332,6.068239212036133
199,-6.7107319831848145,-1.1288446187973022,5.590069770812988,-0.5501857995986938,-5.007277011871338,-6.565215110778809,19.31598663330078,11.288687705993652,3.2128028869628906,2.013749361038208,-4.1021857261657715,4.399715900421143,6.431313514709473,-1.853678584098816,-0.2196204662322998,3.902366876602173,-13.396358489990234,-10.4158296585083,-4.073017597198486,14.502908706665039,13.097402572631836,15.479201316833496,-15.674928665161133,15.67579174041748,-1.3242295980453491,-0.23549462854862213,1.1465351581573486,-0.14802123606204987,-4.975951671600342,-5.187036514282227,4.069048881530762,5.668388366699219,7.101632118225098,6.575489044189453,-4.998602390289307,6.101811408996582
200,-5.138778209686279,2.49680233001709,5.928423881530762,1.471603274345398,-4.890511512756348,-5.489242076873779,15.812528610229492,9.855212211608887,3.09621000289917,3.868096113204956,-3.946854591369629,4.517371654510498,2.8720505237579346,-3.1716372966766357,-2.3296656608581543,3.432532787322998,-14.570001602172852,-13.704907417297363,5.0598225593566895,16.90616226196289,13.879905700683594,13.37103271484375,-15.693509101867676,15.675908088684082,-0.9547898769378662,0.6001752018928528,1.1208572387695312,0.41362887620925903,-8.062273025512695,-5.893327713012695,4.00831413269043,6.98040771484375,7.421018600463867,6.833735942840576,-4.7191338539123535,6.523229122161865
201,-2.864912509918213,5.3951096534729,6.639387607574463,3.641066551208496,-4.508551120758057,-4.63685941696167,12.284363746643066,9.114731788635254,2.491830825805664,2.776761054992676,-3.606616258621216,4.580323696136475,2.0340588092803955,0.01840752176940441,0.5773730874061584,5.513052940368652,-15.95297622680664,-15.348443984985352,13.416486740112305,17.345239639282227,15.180046081542969,14.49457836151123,-15.670625686645508,15.688098907470703,-0.4686931371688843,1.3322014808654785,1.3473165035247803,0.966751754283905,-9.31139087677002,-5.984974384307861,4.8883466720581055,7.5161285400390625,7.757073879241943,6.8811564445495605,-3.9856159687042236,6.823304176330566
202,2.6983954906463623,6.322420120239258,8.618803977966309,5.38391637802124,-4.134146213531494,-4.131325721740723,8.406536102294922,9.083494186401367,2.0370049476623535,2.45672607421875,-3.0199031829833984,4.532785892486572,5.641273498535156,5.204676151275635,8.891019821166992,10.612171173095703,-17.007034301757812,-16.494300842285156,19.43086814880371,16.67078971862793,15.682873725891113,14.879652976989746,-15.630444526672363,15.612808227539062,0.8947811126708984,1.9596251249313354,2.350210428237915,1.653114676475525,-8.41723918914795,-3.2607033252716064,5.306968688964844,6.639647960662842,7.965749263763428,6.627861976623535,-2.9593632221221924,6.5639753341674805
203,1.1335490942001343,6.2882795333862305,8.977775573730469,3.9263267517089844,-0.9898077249526978,9.482150077819824,5.756155967712402,7.963158130645752,2.0144824981689453,3.2369189262390137,-1.8505891561508179,4.428640365600586,9.065434455871582,9.323819160461426,17.858272552490234,14.422159194946289,-16.674287796020508,-12.031601905822754,20.13898277282715,15.366621971130371,15.699423789978027,9.627897262573242,-15.694579124450684,15.666749000549316,0.2414836883544922,3.2980265617370605,4.514781951904297,1.3687158823013306,-0.1880807876586914,5.900914192199707,4.233242988586426,3.947679042816162,7.10081148147583,6.064435005187988,-1.544182300567627,5.661457061767578
204,-8.613859176635742,6.266961574554443,5.212862968444824,-0.1352335661649704,10.961921691894531,10.614431381225586,4.235495567321777,0.6279350519180298,2.0030999183654785,-5.180819511413574,-0.8874223828315735,4.245890140533447,5.88389253616333,7.592165470123291,21.137920379638672,13.44683837890625,-11.861539840698242,-1.1074354648590088,18.741243362426758,12.504261016845703,14.499966621398926,-6.427862644195557,-15.55182933807373,15.607321739196777,-2.8170437812805176,4.185604572296143,3.6883530616760254,-0.2800021171569824,7.738161087036133,8.406149864196777,2.4017984867095947,-0.3661162853240967,6.926900386810303,-1.7470297813415527,-0.6452630162239075,5.402848720550537
205,-10.1759672164917,6.883871555328369,-1.3177213668823242,-7.773351669311523,10.673553466796875,8.599320411682129,-3.3835535049438477,-17.605100631713867,0.9915094971656799,-3.058267593383789,2.7309746742248535,4.261558532714844,2.616366386413574,3.511817216873169,15.115425109863281,7.502584457397461,-2.226012945175171,2.4701638221740723,12.314138412475586,3.6310319900512695,-3.6203513145446777,-13.009780883789062,3.1634700298309326,15.688668251037598,-3.9777793884277344,2.9605164527893066,-0.7943076491355896,-1.3964412212371826,11.555081367492676,6.808865547180176,-0.9970933794975281,-4.17415714263916,-0.07689937949180603,-8.811690330505371,0.8127599358558655,5.650496959686279
206,-8.748369216918945,8.309778213500977,-9.35590934753418,-5.722072601318359,8.603970527648926,8.333658218383789,0.6561822295188904,-8.376397132873535,-3.6081020832061768,-3.1578869819641113,3.8592326641082764,4.042270183563232,1.630434274673462,-1.2395973205566406,2.6478781700134277,0.3199867010116577,3.3117823600769043,2.6496477127075195,9.63005256652832,-0.6151720881462097,-13.36742877960205,-12.800406455993652,15.656304359436035,15.618146896362305,-2.4287357330322266,3.1959388256073,-1.7796802520751953,-1.0074987411499023,9.89084529876709,5.975636005401611,0.3379085063934326,-1.439916968345642,-9.036092758178711,-5.776763439178467,5.291679859161377,4.753486633300781
207,-8.527304649353027,9.513092041015625,-4.595163822174072,-3.442049026489258,8.223284721374512,8.378693580627441,1.3963342905044556,-4.389848709106445,-3.561490297317505,-3.463000535964966,4.035438537597656,3.7083663940429688,-2.3242850303649902,-2.3088161945343018,-3.2364306449890137,-4.103548526763916,3.2370522022247314,2.3436625003814697,7.896277904510498,2.8296713829040527,-12.44081974029541,-12.813225746154785,15.600388526916504,0.0007756520062685013,-3.9331703186035156,4.2985076904296875,-0.855055034160614,-0.684967577457428,8.935343742370605,6.044307708740234,0.42956963181495667,-0.7929253578186035,-6.731295585632324,-6.035143852233887,5.139822483062744,4.209432125091553
208,-8.004717826843262,9.804933547973633,-4.6837077140808105,-1.2692455053329468,8.11598014831543,8.446081161499023,0.324847936630249,-2.8807291984558105,-3.3722193241119385,-3.2020459175109863,4.088722229003906,10.703224182128906,-4.1666259765625,-3.1569933891296387,-8.27119255065918,-6.095766067504883,3.391796588897705,2.014159917831421,5.7429022789001465,1.9176220893859863,-13.01478385925293,-13.437992095947266,15.347525596618652,0.013832153752446175,-3.8875207901000977,4.2210917472839355,-1.216355562210083,-0.22517956793308258,8.389559745788574,5.47843074798584,0.025079358369112015,-0.46136176586151123,-6.009429454803467,-6.336474895477295,5.0903544425964355,2.01491379737854
209,-7.66384220123291,9.978597640991211,-1.7712435722351074,1.6785399913787842,8.158998489379883,8.324387550354004,-0.5856605768203735,-2.186502456665039,-3.138986587524414,-2.898383855819702,4.28519868850708,9.080276489257812,-4.500805377960205,-3.414188861846924,-10.026962280273438,-5.733785629272461,3.4890856742858887,2.6323606967926025,3.547882318496704,1.1123230457305908,-13.385868072509766,-13.647377014160156,15.428804397583008,0.007570201065391302,-4.24854040145874,4.08372163772583,-0.394125759601593,0.3920098543167114,8.7289400100708,4.614326000213623,-0.13689883053302765,-0.3947768211364746,-5.565482139587402,-6.762875080108643,5.018603801727295,1.844298243522644
210,-7.772304058074951,9.720964431762695,-0.5242827534675598,2.7869491577148438,8.073124885559082,7.813296318054199,-2.009739637374878,-2.336418390274048,-2.9647178649902344,-2.5981802940368652,4.247390270233154,0.5316016674041748,-4.034486293792725,-2.562650203704834,-10.153176307678223,-4.195375919342041,3.777794122695923,3.2774031162261963,1.0268878936767578,0.17700907588005066,-13.685158729553223,-13.846117973327637,15.563063621520996,-0.0007867706590332091,-4.5834431648254395,4.21087646484375,-0.08978766202926636,0.5185287594795227,8.824371337890625,3.833202600479126,-0.42697131633758545,-0.4663512706756592,-5.6972246170043945,-7.043567657470703,5.244609355926514,-0.2196451723575592
211,-8.00102710723877,9.585315704345703,0.3857268989086151,1.7392688989639282,7.987802505493164,7.756485462188721,-3.4564788341522217,0.4039088487625122,-2.8026607036590576,-2.7155895233154297,4.310874938964844,-2.9396004676818848,-3.310462236404419,-1.4474470615386963,-9.348027229309082,-3.59446382522583,4.081509113311768,3.6426351070404053,-1.7192769050598145,4.991666316986084,-14.49388313293457,-14.47714900970459,15.5966215133667,-15.65936279296875,-4.422025680541992,4.168920516967773,0.09957093000411987,0.27387189865112305,8.590222358703613,3.1731629371643066,-0.7696643471717834,0.20254474878311157,-5.897490501403809,-7.263442039489746,5.472986698150635,-3.959927797317505
212,-8.096555709838867,9.299165725708008,1.3584181070327759,0.7678117752075195,7.88285493850708,7.045919895172119,-2.4513206481933594,0.2530825734138489,-2.266392469406128,-2.320591449737549,4.2939229011535645,-4.096756458282471,-3.0390701293945312,-1.5934747457504272,-8.536689758300781,-3.1037964820861816,4.440342426300049,3.482311248779297,-3.4944684505462646,4.896029472351074,-15.381874084472656,-15.238369941711426,15.568559646606445,-15.643895149230957,-4.478637218475342,4.231813907623291,0.23870795965194702,0.10654942691326141,8.08329963684082,2.5015366077423096,-0.5095779299736023,0.053672321140766144,-5.861917972564697,-6.938654899597168,5.549041271209717,-5.529916763305664
213,-8.17573070526123,9.510183334350586,2.620121717453003,-0.1608121395111084,7.807390213012695,7.2145771980285645,-2.2122342586517334,-2.418774127960205,-2.1117725372314453,-2.1450729370117188,4.3882622718811035,-4.192792892456055,-2.77119517326355,-1.4274753332138062,-7.099689483642578,-2.6505308151245117,4.773348808288574,3.4724345207214355,-4.755517959594727,3.8489348888397217,-15.451315879821777,-15.447164535522461,15.548734664916992,-15.66457462310791,-4.50722599029541,4.517174243927002,0.4563334584236145,-0.0687265545129776,7.8944573402404785,2.4501230716705322,-0.5106993317604065,-0.5149149894714355,-5.832115650177002,-6.8421630859375,5.593570232391357,-5.445729732513428
214,-8.248037338256836,9.448844909667969,2.7342641353607178,-0.4688856601715088,7.612700462341309,6.747279167175293,-1.7973740100860596,-3.0821967124938965,-2.082122802734375,-2.079890012741089,4.417497634887695,-4.193336009979248,-2.636247158050537,-1.2641721963882446,-5.714672565460205,-2.221043109893799,5.547258377075195,4.580043792724609,-5.508407115936279,2.3055191040039062,-15.554999351501465,0.13212697207927704,15.4196138381958,-15.692278861999512,-4.45681619644165,4.695034980773926,0.4589088559150696,-0.11487294733524323,7.551428318023682,2.2355079650878906,-0.4214525818824768,-0.5890771150588989,-5.688279628753662,-6.594112396240234,5.588517665863037,-5.345823764801025
215,-8.286016464233398,9.35409927368164,3.5252647399902344,-1.0262982845306396,7.322707653045654,6.533641815185547,-1.3483513593673706,-4.515085220336914,-2.0338621139526367,-9.180726051330566,4.423290729522705,-4.23275899887085,-2.4982285499572754,-0.5111061334609985,-4.186631202697754,-1.8820772171020508,6.808628082275391,4.721890926361084,-6.141450881958008,-0.2938832938671112,-15.611602783203125,-0.03838898241519928,15.568903923034668,-15.677597999572754,-4.502763748168945,4.767194747924805,0.6394521594047546,-0.24277319014072418,7.044955253601074,2.1974687576293945,-0.3162289261817932,-0.9429047107696533,-5.6539130210876465,-5.928800582885742,5.714141368865967,-5.524266719818115
216,-8.20145034790039,9.290728569030762,1.8158799409866333,-0.48659658432006836,6.787554740905762,6.059678077697754,-0.9463019371032715,-2.4672505855560303,-2.0448715686798096,-9.15684700012207,4.369856357574463,-4.167630672454834,-2.519911050796509,-0.677079975605011,-3.5880067348480225,-1.8632593154907227,8.97852897644043,4.815318584442139,-6.466563701629639,-2.473003387451172,-7.227041244506836,0.13182857632637024,15.554564476013184,-15.655517578125,-4.232171058654785,4.748088836669922,0.26840370893478394,-0.08148081600666046,5.985719680786133,1.8524742126464844,-0.2220323234796524,-0.45266449451446533,-5.448609828948975,-5.558298110961914,5.45781946182251,-5.315562725067139
217,-8.622906684875488,8.985797882080078,4.0914835929870605,-1.6981723308563232,6.209906578063965,5.313241004943848,-2.246965169906616,-4.850260257720947,-9.08605670928955,-9.126370429992676,4.214033603668213,-4.479578018188477,-0.7752723693847656,1.335414171218872,-0.8249184489250183,-0.09560743719339371,10.044410705566406,4.732283592224121,-6.9624128341674805,-5.898094654083252,0.009247545152902603,-0.096110038459301,14.211407661437988,-15.669716835021973,-4.145015716552734,4.790524482727051,0.8615406155586243,-0.3930875062942505,5.359477519989014,1.4375088214874268,-0.6531715989112854,-1.2708070278167725,-4.7231950759887695,-5.210724830627441,5.105139255523682,-5.319275856018066
218,-8.615687370300293,8.796671867370605,3.6665499210357666,-3.8881537914276123,5.9512939453125,5.236099720001221,-3.262739419937134,-5.838289260864258,-8.763195037841797,-9.062115669250488,17.12563133239746,-4.259377479553223,-1.1515036821365356,1.3457618951797485,1.068777084350586,-1.2037701606750488,10.606475830078125,5.056064128875732,-3.5888569355010986,-10.135972023010254,-0.016896720975637436,0.006474016234278679,0.009441792964935303,-15.54295825958252,-4.210543632507324,4.641070365905762,0.7432321906089783,-0.8936944603919983,4.552098274230957,1.5102784633636475,-0.7581019401550293,-1.7577338218688965,-3.3250977993011475,-4.471148490905762,4.219875335693359,-5.478864669799805
219,-8.550833702087402,8.65700626373291,5.313841342926025,-3.1440844535827637,5.525058269500732,4.768038749694824,-4.78971004486084,-5.434421539306641,-7.138650894165039,-8.865899085998535,8.983465194702148,-4.125750541687012,-2.216688632965088,1.1097686290740967,1.8388514518737793,-2.858766794204712,11.646224021911621,5.458189487457275,-5.361053943634033,-14.484048843383789,-0.007585694547742605,-0.03994261473417282,0.019906722009181976,-15.658130645751953,-4.761014461517334,4.051451683044434,1.2045977115631104,-0.6581577062606812,3.147975444793701,1.3341439962387085,-1.2278722524642944,-2.011044502258301,-1.762048363685608,-3.6058359146118164,1.541304349899292,-4.970765590667725
220,-8.269800186157227,8.63874626159668,3.076810121536255,-1.833042860031128,3.062905788421631,4.457296848297119,-3.3886287212371826,-5.36616325378418,-2.5106000900268555,-7.974183082580566,0.17836493253707886,-3.979872465133667,-3.6470563411712646,1.3931145668029785,2.681424617767334,-3.7132022380828857,12.463375091552734,6.047668933868408,-6.736291408538818,-18.826143264770508,-5.9857015003217384e-05,-0.028033383190631866,0.02877955138683319,-15.056424140930176,-5.025334358215332,4.486942768096924,0.5879360437393188,-0.3621070981025696,0.9628742933273315,1.2567278146743774,-0.8034948706626892,-2.815457820892334,-0.3291246294975281,-2.317345142364502,-0.30041277408599854,-4.508729934692383
221,-7.792061805725098,8.691248893737793,0.13486158847808838,-0.6376508474349976,-3.9773759841918945,3.658235549926758,-2.8884999752044678,-4.534601211547852,4.456606388092041,-3.6085827350616455,-3.588524103164673,-4.4434709548950195,-4.021214485168457,1.6780707836151123,3.5828425884246826,-3.755079507827759,8.916778564453125,6.545287609100342,-3.1379008293151855,-20.07103157043457,8.183768272399902,-0.003930947743356228,-15.678367614746094,-13.76417064666748,-5.033838272094727,5.133885383605957,-0.09122806787490845,-0.09568609297275543,-0.959881067276001,0.9695334434509277,-0.5894289016723633,-3.088308334350586,1.7527248859405518,-0.5731391310691833,-5.496830940246582,-3.4109771251678467
222,-8.035263061523438,8.619880676269531,-3.615116596221924,-0.7600864171981812,-5.327852249145508,2.0407214164733887,-6.613940715789795,-4.263632774353027,2.7887728214263916,5.540517807006836,-4.5042338371276855,-3.40162992477417,-1.8227570056915283,1.537562608718872,2.1325998306274414,-4.137975692749023,3.3264269828796387,7.402054309844971,-6.081797122955322,-20.035192489624023,15.6589994430542,9.719350814819336,-15.644607543945312,-11.430896759033203,-4.125029563903809,5.388299942016602,-0.7964831590652466,-0.18005836009979248,-1.0596342086791992,0.4682110846042633,-1.8148051500320435,-2.829674482345581,6.71151065826416,3.9934308528900146,-7.166502475738525,-1.5875135660171509
223,-6.913169860839844,8.868427276611328,-6.229891300201416,-0.9208375215530396,-3.717533588409424,-1.8269795179367065,-8.54430103302002,-2.888094425201416,2.0550460815429688,2.599527597427368,-4.604209899902344,3.727346181869507,-1.190819501876831,-0.9276872873306274,-1.0439462661743164,-5.3277177810668945,1.2021872997283936,3.7576704025268555,-10.464286804199219,-19.510318756103516,15.83315372467041,15.648128509521484,-15.680988311767578,-0.771605372428894,-1.7806224822998047,4.5305023193359375,-1.3637025356292725,-0.22591112554073334,-0.7044694423675537,-0.47165390849113464,-2.7838172912597656,-1.5291502475738525,7.523871898651123,6.7836480140686035,-6.533497333526611,0.995511531829834
224,1.1703869104385376,7.836190223693848,-3.363523244857788,0.0832441970705986,-3.8449714183807373,-5.245002746582031,-6.913497447967529,3.208042860031128,2.030482292175293,1.9892877340316772,-5.102463722229004,4.799414157867432,1.8391753435134888,-1.2189114093780518,-0.8232583999633789,-4.537511348724365,-1.4667586088180542,0.04823482036590576,-14.554248809814453,-16.556217193603516,15.650176048278809,15.408473014831543,-14.977701187133789,15.760537147521973,0.5667736530303955,1.846685528755188,-0.612177848815918,0.05835895240306854,-0.8518074750900269,-1.292506456375122,-2.656561851501465,0.7941584587097168,7.107311248779297,6.883740425109863,-5.813586235046387,5.950665473937988
225,4.356785774230957,0.9041367173194885,-3.5253446102142334,0.5400851964950562,-6.280068397521973,-7.787055492401123,-4.275445938110352,17.42499351501465,6.993917942047119,2.055290460586548,-5.142717361450195,4.387989044189453,6.999034404754639,-2.46846342086792,-1.085328221321106,-1.6107803583145142,-7.6149420738220215,-2.310784101486206,-16.525495529174805,-0.41615018248558044,8.650768280029297,15.675591468811035,-14.84375286102295,15.70352554321289,1.3316004276275635,-0.0763259083032608,-0.7309513688087463,0.1133030503988266,-2.328721284866333,-2.89201283454895,-1.731919288635254,3.8036844730377197,5.754897594451904,7.086080551147461,-6.09006929397583,6.552709579467773
226,-5.844976425170898,0.36110273003578186,4.247898578643799,0.4192548096179962,-5.419605731964111,-7.528119087219238,10.607373237609863,12.69099235534668,3.955787181854248,2.01483154296875,-4.051688194274902,4.407960891723633,7.233034610748291,-2.500748872756958,0.6842297315597534,2.771397829055786,-12.62573528289795,-6.461080551147461,-12.949764251708984,10.485737800598145,12.40967845916748,15.68321418762207,-15.668949127197266,15.698525428771973,-1.5950555801391602,0.046767234802246094,1.1649482250213623,0.0843258649110794,-3.1184048652648926,-4.405270576477051,2.137941837310791,4.025987148284912,6.679923057556152,6.509833335876465,-4.900777816772461,6.106999397277832
227,-7.199797630310059,-1.0361369848251343,4.673845291137695,0.5343451499938965,-4.735629558563232,-6.694334983825684,18.742076873779297,10.379759788513184,3.4127628803253174,5.52754545211792,-4.039329528808594,4.443510055541992,4.710773944854736,-5.212405681610107,-0.7042446136474609,4.1418256759643555,-13.443473815917969,-11.49004077911377,-3.2652032375335693,15.43856430053711,12.8826265335083,12.537222862243652,-15.700862884521484,15.696271896362305,-1.5321379899978638,-0.2863072156906128,1.0074810981750488,0.13197098672389984,-5.14674186706543,-5.670986175537109,3.9975271224975586,5.6901702880859375,7.024886608123779,6.546121597290039,-4.921413898468018,6.0619354248046875
228,-5.288562774658203,5.498563766479492,4.655740737915039,1.3750817775726318,-4.881521701812744,-5.093806266784668,15.255969047546387,9.32689094543457,3.102839708328247,2.706583023071289,-3.898699998855591,4.548863887786865,2.5482800006866455,-2.951408624649048,-1.619889259338379,4.277730941772461,-14.600172996520996,-14.443900108337402,6.196810245513916,17.348421096801758,13.89002799987793,14.243066787719727,-15.601110458374023,15.699871063232422,-0.9816080331802368,1.4015767574310303,0.8830335140228271,0.35779255628585815,-7.972117900848389,-6.035833358764648,4.046212673187256,7.146526336669922,7.476137161254883,6.944525718688965,-4.526669979095459,6.605313301086426
229,-2.6554036140441895,5.220579147338867,6.752679824829102,3.6998884677886963,-4.481743812561035,-4.474655628204346,11.74217414855957,9.061955451965332,2.4595985412597656,2.7024283409118652,-3.538792133331299,4.572534084320068,1.9520010948181152,1.1738224029541016,1.641192078590393,6.372010707855225,-16.113414764404297,-16.395505905151367,14.36496353149414,17.38116455078125,15.306285858154297,14.281527519226074,-15.671732902526855,15.689680099487305,-0.4168413281440735,1.1563998460769653,1.46630859375,1.0205714702606201,-8.949982643127441,-6.2621002197265625,4.9488043785095215,7.533422470092773,7.727108955383301,6.893065452575684,-3.874004602432251,6.775968551635742
230,3.0925705432891846,6.264707088470459,8.875494003295898,5.379207611083984,-4.108755588531494,-3.6093969345092773,7.941580295562744,9.102015495300293,2.0387377738952637,2.305824041366577,-2.87397837638855,4.534434795379639,5.920006275177002,5.656279563903809,10.372653007507324,11.580459594726562,-17.072750091552734,-16.51219940185547,19.650876998901367,16.486576080322266,15.679666519165039,14.80352783203125,-15.630536079406738,15.612789154052734,1.0261985063552856,1.9754154682159424,2.594862461090088,1.7228870391845703,-7.633685111999512,-2.088700532913208,5.282303810119629,6.450983047485352,7.8360981941223145,6.536163330078125,-2.7838521003723145,6.471520900726318
231,0.11200591176748276,6.245025157928467,8.523801803588867,3.44492506980896,4.386253833770752,9.706249237060547,5.570433616638184,7.969066143035889,2.0093328952789307,3.344406843185425,-1.7987868785858154,4.417682647705078,8.790839195251465,9.475090980529785,18.722726821899414,14.857430458068848,-15.147272109985352,-11.77351188659668,20.094884872436523,15.22288990020752,15.698393821716309,9.330156326293945,-15.692472457885742,15.662582397460938,-0.0986824557185173,3.4093594551086426,4.661228656768799,1.2099244594573975,1.153704285621643,6.5464911460876465,4.030078411102295,3.875812530517578,6.975282669067383,5.856748104095459,-1.5075657367706299,5.652430534362793
232,-9.17827320098877,6.319845199584961,4.38742733001709,-3.381920576095581,11.579663276672363,10.316678047180176,3.511070966720581,-2.008230209350586,2.2050185203552246,-6.4130401611328125,-0.9655802249908447,4.2278947830200195,6.760843276977539,6.178305625915527,20.3674259185791,12.042773246765137,-7.784522533416748,-0.3501668870449066,18.230670928955078,11.543217658996582,6.267367839813232,-10.564236640930176,-15.66408634185791,15.620194435119629,-3.5667307376861572,3.905576705932617,2.85036563873291,-0.7913230657577515,7.836708068847656,8.706109046936035,1.746545433998108,-0.9799423217773438,6.212798595428467,-4.40500020980835,-0.7391968369483948,5.346391677856445
233,-9.546943664550781,7.284704208374023,-5.6385040283203125,-5.800764083862305,9.750165939331055,8.693800926208496,-2.8931920528411865,-16.168394088745117,-4.91270112991333,-2.922102689743042,4.3107194900512695,4.172025680541992,1.3272299766540527,2.6292054653167725,11.687551498413086,5.139584541320801,1.7361884117126465,2.5172038078308105,13.228413581848145,3.650587320327759,-11.13277530670166,-12.307073593139648,5.076545238494873,16.251840591430664,-3.8505520820617676,3.279279947280884,-1.3987822532653809,-0.9735377430915833,10.51972484588623,6.309393882751465,-0.8292927145957947,-3.626255989074707,-9.743867874145508,-7.794417381286621,1.2205510139465332,5.348738670349121
234,-8.138877868652344,8.689017295837402,-7.779680252075195,-6.013984680175781,8.277835845947266,8.231715202331543,0.8076165914535522,-7.045093536376953,-3.6101434230804443,-3.1479620933532715,3.609952211380005,3.901174783706665,-1.7039567232131958,-1.5672757625579834,0.09932500869035721,-1.7079521417617798,2.9606714248657227,3.2179970741271973,10.162793159484863,-0.17556063830852509,-12.13379192352295,-13.035198211669922,15.653361320495605,15.662874221801758,-2.2596659660339355,3.5290589332580566,-1.4945824146270752,-1.2239809036254883,8.996297836303711,6.051642417907715,0.39211925864219666,-1.1344130039215088,-7.852305889129639,-5.47172212600708,5.134101390838623,4.4676408767700195
235,-7.709344387054443,9.701343536376953,-4.535196781158447,-2.2839784622192383,8.254487037658691,8.215450286865234,0.26254725456237793,-4.038558483123779,-3.4717416763305664,-3.2605292797088623,4.007606029510498,3.665973424911499,-3.9840567111968994,-2.734320878982544,-5.444060325622559,-5.020218849182129,2.866652250289917,2.8026442527770996,7.248178482055664,1.2416805028915405,-12.30860424041748,-12.9649658203125,15.62354850769043,5.705409049987793,-3.6519503593444824,4.219076156616211,-0.9668852686882019,-0.3979926109313965,8.766443252563477,5.864988327026367,0.03658365085721016,-0.746659517288208,-6.45986270904541,-6.072030067443848,5.045747756958008,4.088376998901367
236,-7.502696990966797,9.89949893951416,-3.6457228660583496,-0.049208804965019226,8.146330833435059,8.276724815368652,-0.6739109754562378,-1.7655271291732788,-3.067683458328247,-3.0785021781921387,4.251904487609863,11.919160842895508,-5.038695335388184,-3.45235276222229,-9.562767028808594,-6.3102498054504395,3.645796775817871,2.238981246948242,4.3799967765808105,2.223294258117676,-13.402091026306152,-13.149332046508789,15.473820686340332,0.0067091332748532295,-3.703054428100586,4.116192817687988,-0.9877133965492249,0.08391265571117401,8.336711883544922,5.066571235656738,-0.1488180309534073,-0.2283352017402649,-5.871035575866699,-6.529811382293701,5.084036350250244,2.3899190425872803
237,-7.519252300262451,9.95984935760498,-0.9777248501777649,3.085685968399048,7.986748695373535,8.121620178222656,-1.0901061296463013,-2.807643175125122,-2.9760289192199707,-2.813279628753662,4.298454761505127,7.391763210296631,-4.557538986206055,-2.5548853874206543,-10.17730712890625,-4.846264362335205,4.164982318878174,3.851241111755371,2.077962875366211,1.1709874868392944,-13.659793853759766,-14.133675575256348,15.486886024475098,0.0027484772726893425,-4.212163925170898,4.156466960906982,-0.16435831785202026,0.6225488781929016,8.434793472290039,4.441718101501465,-0.21359838545322418,-0.57309889793396,-5.5685343742370605,-6.926462173461914,5.122124195098877,1.341483473777771
238,-7.733646392822266,9.715764999389648,-0.097420334815979,2.5160021781921387,7.8831562995910645,7.7749457359313965,-1.65045166015625,-1.8576892614364624,-2.8711979389190674,-2.8062899112701416,4.255261421203613,-4.207091331481934,-3.8684029579162598,-2.0617945194244385,-9.776884078979492,-3.6163406372070312,4.463977336883545,3.297964096069336,0.05348307639360428,3.221196174621582,-13.900843620300293,-14.015162467956543,15.544586181640625,-9.207491874694824,-4.364931583404541,4.301078796386719,0.021190226078033447,0.42993807792663574,8.215405464172363,3.5146007537841797,-0.3431277871131897,-0.32718682289123535,-5.802737712860107,-7.23700475692749,5.416890621185303,-1.3690223693847656
239,-7.944732189178467,9.442368507385254,0.9049004912376404,0.9793416857719421,7.760374546051025,7.571478843688965,-4.662517070770264,0.9278451800346375,-2.761873245239258,-2.535494804382324,4.268668174743652,-3.653419017791748,-3.3979592323303223,-1.4549331665039062,-9.05883502960205,-3.0671803951263428,4.8012614250183105,3.6792476177215576,-3.117562770843506,5.314174175262451,-14.14476203918457,-15.032121658325195,15.611807823181152,-15.64868450164795,-4.127612590789795,4.247007846832275,0.17013055086135864,0.12548087537288666,8.096179008483887,3.0738422870635986,-1.1296381950378418,0.33659249544143677,-5.905786991119385,-7.149672508239746,5.48703670501709,-5.303640365600586
240,-8.038304328918457,9.531322479248047,2.119629144668579,0.4651629328727722,7.655123710632324,7.408655643463135,-2.1629316806793213,-1.3754525184631348,-2.6396312713623047,-2.196887969970703,4.372005939483643,-4.166971206665039,-3.114680290222168,-1.4303486347198486,-7.74799919128418,-2.437152624130249,5.281437397003174,3.608856678009033,-4.655859470367432,4.732821464538574,-14.603034019470215,-15.386177062988281,15.575886726379395,-15.673545837402344,-4.2973151206970215,4.502345085144043,0.36819833517074585,0.06782029569149017,7.660142421722412,2.634150743484497,-0.4083934426307678,-0.32332170009613037,-5.821520805358887,-6.986479759216309,5.639031410217285,-5.536052703857422
241,-8.118913650512695,9.418889045715332,2.8214046955108643,-0.4129043519496918,7.487532615661621,7.065236568450928,-2.026200532913208,-3.3978352546691895,-2.3649682998657227,-2.0665431022644043,4.419950008392334,-4.220669746398926,-2.9211132526397705,-0.8797175884246826,-6.258730888366699,-1.9894827604293823,5.8880085945129395,3.964020252227783,-5.7075018882751465,3.135655164718628,-15.08106517791748,-15.603156089782715,15.517693519592285,-15.683634757995605,-4.305697441101074,4.777360916137695,0.4837760329246521,-0.1222953349351883,7.529529094696045,2.4720394611358643,-0.49004656076431274,-0.6735474467277527,-5.728487014770508,-6.836986541748047,5.644079208374023,-5.470378398895264
242,-8.154237747192383,9.2533540725708,3.036541223526001,-0.5377557873725891,7.2921271324157715,6.403903484344482,-1.2959818840026855,-3.961352825164795,-2.2764992713928223,-9.17813777923584,4.495187759399414,-4.192322731018066,-2.8075766563415527,-0.5886453986167908,-4.75480842590332,-1.470637321472168,6.642998695373535,4.510911464691162,-6.221757888793945,1.039243459701538,-15.219890594482422,-0.002369389869272709,15.542487144470215,-15.656905174255371,-4.306055068969727,4.968652248382568,0.527783215045929,-0.11866588890552521,7.055119037628174,2.1586978435516357,-0.29088854789733887,-0.7709459662437439,-5.541611194610596,-6.562795639038086,5.629989147186279,-5.390307903289795
243,-8.611011505126953,8.968274116516113,2.1874940395355225,-0.7695250511169434,7.068996906280518,6.523292541503906,-1.5445730686187744,-3.403691053390503,-2.235774517059326,-9.206849098205566,4.340757369995117,-4.368319988250732,-0.7816838622093201,1.4719746112823486,-2.105617046356201,0.7613615393638611,7.423142910003662,4.923056602478027,-7.071525573730469,-1.3181402683258057,-15.143260955810547,-0.02297620102763176,15.68882942199707,-15.702438354492188,-4.107014179229736,4.859158515930176,0.3742050528526306,-0.1607387214899063,6.280078411102295,2.1601688861846924,-0.41364359855651855,-0.6801425218582153,-5.539445400238037,-5.74685001373291,5.614020824432373,-5.623100280761719
244,-8.680124282836914,8.76767635345459,2.10737681388855,-2.19205904006958,6.6930060386657715,6.075217247009277,-1.009148359298706,-5.035284042358398,-3.630098342895508,-9.151959419250488,4.471133708953857,-4.291452407836914,-1.026674509048462,1.371817708015442,-1.6108715534210205,0.25768253207206726,9.531100273132324,5.530982971191406,-7.378561019897461,-4.6252665519714355,-0.012095648795366287,0.020520824939012527,15.698238372802734,-15.626021385192871,-4.547377109527588,4.959434986114502,0.39458006620407104,-0.4885750412940979,5.68828821182251,1.9706976413726807,-0.24024458229541779,-1.2274096012115479,-5.354040622711182,-5.488976955413818,5.416747570037842,-5.5174713134765625
245,-8.862116813659668,8.749053955078125,4.317830562591553,-3.92807936668396,6.319389820098877,4.969075679779053,-2.9078190326690674,-6.130884647369385,-8.798731803894043,-9.096765518188477,3.9140846729278564,-4.445705890655518,-1.818676471710205,1.0918503999710083,-0.05062258243560791,-1.094811201095581,10.399969100952148,5.239807605743408,-4.5640106201171875,-8.909808158874512,-0.009092298336327076,-0.06595191359519958,3.174976348876953,-15.586523056030273,-4.127785682678223,4.762031555175781,0.9311762452125549,-0.8696805834770203,4.81588888168335,1.3458280563354492,-0.8960425853729248,-1.7448559999465942,-3.3781564235687256,-4.782565593719482,4.575273036956787,-5.692447662353516
246,-8.495028495788574,8.606499671936035,4.767147541046143,-3.265784978866577,5.553326606750488,4.730875015258789,-3.7144787311553955,-6.609770774841309,-7.39949369430542,-8.7686185836792,5.471158981323242,-4.358828544616699,-2.2748796939849854,1.390732765197754,1.5607675313949585,-2.1841981410980225,11.638259887695312,5.44545841217041,-4.925874710083008,-13.760725975036621,-0.008713977411389351,-0.06160474941134453,0.02515494078397751,-15.4613676071167,-4.408329963684082,4.217238903045654,1.0326728820800781,-0.6717860102653503,3.2194881439208984,1.3312404155731201,-0.888657808303833,-2.415112257003784,-1.9060710668563843,-3.3422904014587402,0.6260172724723816,-5.3618855476379395
247,-8.1818208694458,8.58670711517334,3.493995428085327,-2.195875883102417,3.574230670928955,4.558815956115723,-3.1735548973083496,-5.848966598510742,-3.1634719371795654,-8.07016658782959,-4.777865886688232,-4.099972248077393,-3.948298931121826,1.5169907808303833,2.9891271591186523,-3.298798084259033,12.851943969726562,5.891567230224609,-2.1951451301574707,-18.468868255615234,-6.154304719530046e-05,-0.04075504466891289,-13.262187004089355,-15.11635971069336,-4.785455226898193,4.311362266540527,0.7129793167114258,-0.4466685652732849,1.2560067176818848,1.2986712455749512,-0.717004656791687,-2.950023651123047,-0.48193874955177307,-2.419954776763916,-1.7744842767715454,-4.901054382324219
248,-7.628198146820068,8.659213066101074,0.9738397598266602,-1.1665247678756714,-3.2951254844665527,3.702752113342285,-3.860452651977539,-4.896502494812012,5.077203750610352,-1.2396469116210938,-4.070557117462158,-4.7544732093811035,-5.13361120223999,1.4138236045837402,3.387845993041992,-3.9491865634918213,10.290033340454102,6.0274739265441895,-3.3875744342803955,-20.31304359436035,9.084036827087402,-0.0019879157189279795,-15.694486618041992,-14.11047077178955,-5.10624885559082,4.840945243835449,0.11673589050769806,-0.22430194914340973,-0.8374121785163879,0.9629778861999512,-0.868541955947876,-3.4674456119537354,2.4328629970550537,0.012844488024711609,-6.790753364562988,-4.109958648681641
249,-7.817765235900879,8.687560081481934,-3.9797885417938232,-0.8910135626792908,-7.19935417175293,3.7463746070861816,-7.234208106994629,-4.512414455413818,2.597966194152832,5.545360565185547,-4.560307025909424,-4.1801533699035645,-0.8196167945861816,1.3641340732574463,1.8498519659042358,-4.549742698669434,2.556485652923584,7.874079704284668,-6.772640705108643,-20.396995544433594,15.832402229309082,10.673295021057129,-15.649249076843262,-12.313767433166504,-3.985572099685669,5.280660152435303,-0.9202902913093567,-0.19624678790569305,-1.706923484802246,1.0975284576416016,-2.0141446590423584,-3.1909372806549072,7.075952529907227,4.648562908172607,-7.1399617195129395,-2.3231427669525146
250,-6.357423782348633,8.879426956176758,-5.9200239181518555,-1.766374945640564,-2.173666477203369,0.03744867444038391,-8.311009407043457,-2.9324045181274414,1.9566487073898315,2.489626407623291,-4.516285419464111,-0.4828435182571411,-1.2933446168899536,-1.2529441118240356,-1.3314602375030518,-5.9878997802734375,1.2147468328475952,4.820615768432617,-11.134937286376953,-19.631685256958008,15.779756546020508,15.847651481628418,-15.63846206665039,-6.158929347991943,-1.4478788375854492,4.468787670135498,-1.2849042415618896,-0.4672046899795532,-0.26665621995925903,-0.17444130778312683,-2.7556967735290527,-1.5766000747680664,7.727659702301025,6.840472221374512,-6.512490749359131,0.2327795922756195
251,3.0727710723876953,8.196357727050781,-4.746963977813721,-0.7333179116249084,-4.092467784881592,-4.547233581542969,-6.209219932556152,3.8995087146759033,2.0215816497802734,2.241349697113037,-5.24668025970459,6.884400367736816,2.458758592605591,-1.7579447031021118,-1.5418040752410889,-4.983127593994141,-2.925055503845215,1.3513109683990479,-14.850147247314453,-16.086034774780273,15.583059310913086,15.493648529052734,-14.906159400939941,15.74980354309082,1.0852874517440796,2.146334171295166,-0.9946985840797424,-0.13248296082019806,-1.0215282440185547,-1.176512598991394,-2.368462324142456,0.9175128936767578,7.020101070404053,7.0379533767700195,-5.790801525115967,5.121683120727539
252,4.615170955657959,1.0710827112197876,-3.967883825302124,0.6048096418380737,-5.783221244812012,-7.739749431610107,-4.510087013244629,15.692551612854004,6.406752586364746,2.0036985874176025,-5.3308329582214355,4.312562465667725,7.552964687347412,-2.1596906185150146,-2.3816585540771484,-2.5715153217315674,-8.711024284362793,-2.7570464611053467,-17.14761734008789,-2.019458055496216,9.732752799987793,15.674991607666016,-14.582402229309082,15.702648162841797,1.3852108716964722,-0.05357731878757477,-0.8190942406654358,0.16133539378643036,-2.1176414489746094,-3.1932625770568848,-1.9953713417053223,3.1764469146728516,5.999649524688721,6.9957733154296875,-5.87006139755249,6.423556804656982
253,-5.39109992980957,-0.10033595561981201,5.529864311218262,-0.662566602230072,-5.286355495452881,-7.41573429107666,10.23004150390625,13.012195587158203,3.49211049079895,2.0021402835845947,-4.0591888427734375,4.382839202880859,7.243518352508545,-2.2805490493774414,-0.2923910617828369,1.1590207815170288,-13.302074432373047,-7.34037971496582,-13.662664413452148,8.852249145507812,13.214744567871094,15.679030418395996,-15.671710014343262,15.62691879272461,-1.4977556467056274,-0.0655284970998764,1.4524080753326416,-0.18554018437862396,-3.290584087371826,-4.0374603271484375,2.092967987060547,3.9683940410614014,6.761064052581787,6.4707489013671875,-4.93839168548584,6.067556381225586
254,-6.936153888702393,-1.2043243646621704,5.58180570602417,0.12442562729120255,-4.606384754180908,-6.2052202224731445,19.350683212280273,11.173532485961914,3.1263952255249023,2.000041961669922,-4.034842014312744,4.426958084106445,3.5509843826293945,-4.067262172698975,-2.4499664306640625,1.93941330909729,-13.94732666015625,-11.82485580444336,-3.2540507316589355,14.576475143432617,13.268988609313965,15.291529655456543,-15.703763961791992,15.686986923217773,-1.463578224182129,-0.3046407103538513,1.1664376258850098,0.05908392369747162,-5.198737621307373,-5.132134914398193,4.199614524841309,5.852846145629883,7.034205913543701,6.4965386390686035,-4.966983318328857,6.123723030090332
255,-3.270134687423706,3.423957586288452,6.224013805389404,2.0069286823272705,-4.715042591094971,-5.245254993438721,15.593022346496582,9.73481559753418,2.8157973289489746,3.43745756149292,-3.987224578857422,4.5483078956604,2.4927709102630615,-2.255831241607666,-1.378680944442749,3.8267982006073,-15.511575698852539,-14.284566879272461,6.809885501861572,17.002269744873047,14.82115364074707,13.754792213439941,-15.688939094543457,15.698582649230957,-0.49549955129623413,0.8365791440010071,1.1989221572875977,0.529155433177948,-7.894800662994385,-5.773514747619629,4.28303861618042,7.035844326019287,7.367096424102783,6.887044429779053,-4.643931865692139,6.695840835571289
256,-1.9857105016708374,4.929652214050293,6.909206390380859,4.455319404602051,-4.2520432472229,-4.5278143882751465,11.481963157653809,9.164512634277344,2.143378734588623,2.601544141769409,-3.501697540283203,4.575973033905029,1.8786853551864624,1.2183245420455933,2.4059362411499023,6.68951940536499,-16.713787078857422,-15.853492736816406,15.17502212524414,17.276514053344727,15.54248046875,14.84546947479248,-15.65453815460205,15.70138168334961,-0.3338969945907593,1.17091965675354,1.4783744812011719,1.2224903106689453,-9.094752311706543,-5.872508525848389,5.070175647735596,7.536475658416748,7.761377334594727,6.823059558868408,-3.7669169902801514,6.793627738952637
257,4.199187278747559,5.961444854736328,9.218509674072266,5.545851230621338,-3.9535937309265137,-2.260385513305664,7.364386558532715,8.965804100036621,2.009322166442871,2.4416980743408203,-2.7748050689697266,4.568085193634033,6.749161243438721,6.919398307800293,11.995107650756836,12.405012130737305,-17.464609146118164,-16.502662658691406,19.769756317138672,16.271907806396484,15.6775541305542,14.541842460632324,-15.633161544799805,15.61302661895752,1.4827661514282227,1.9864165782928467,2.9464752674102783,1.8211854696273804,-6.212181568145752,-0.8757390975952148,5.089757919311523,6.01151180267334,7.711968421936035,6.411350250244141,-2.6199259757995605,6.3054890632629395
258,-0.5655559301376343,5.87960147857666,7.994544982910156,3.3888754844665527,8.72885799407959,10.285837173461914,5.46923303604126,7.47830867767334,2.00422739982605,3.6636409759521484,-1.72102952003479,4.322093963623047,9.432236671447754,10.30704402923584,19.769941329956055,15.400254249572754,-13.990495681762695,-11.25179386138916,19.715679168701172,14.884014129638672,15.68629264831543,8.698686599731445,-15.64428997039795,15.638250350952148,-0.29304659366607666,3.34385347366333,4.949275016784668,1.2375692129135132,2.933445930480957,7.892797470092773,3.7920854091644287,3.3535420894622803,7.007183074951172,5.796558380126953,-1.4374901056289673,5.489141464233398
259,-9.549029350280762,5.915367603302002,3.435377597808838,-5.30846643447876,11.756387710571289,10.258317947387695,2.580306053161621,-7.516088008880615,2.622448205947876,-6.261829376220703,-0.7613382935523987,4.168598175048828,6.986286163330078,6.723641395568848,18.872583389282227,11.537055969238281,-5.781633377075195,0.15033374726772308,17.194217681884766,9.825662612915039,4.042219161987305,-11.870543479919434,0.0021337568759918213,15.698101997375488,-4.273067474365234,2.8100569248199463,2.0392565727233887,-1.1246052980422974,8.243523597717285,9.053092002868652,0.9854968190193176,-1.9368228912353516,5.945804595947266,-7.897092819213867,-0.5090513825416565,5.178709506988525
260,-9.042696952819824,6.999017715454102,-7.538252353668213,-5.885499477386475,9.307924270629883,8.824694633483887,0.26108118891716003,-13.14317798614502,-4.321844577789307,-3.245199680328369,7.143499374389648,4.199426651000977,3.0419728755950928,1.8298470973968506,9.693349838256836,5.253046035766602,2.4605321884155273,1.5465017557144165,12.23920726776123,2.541243076324463,-12.128988265991211,-12.853026390075684,15.615468978881836,15.592045783996582,-2.7976882457733154,2.621671676635742,-1.6644980907440186,-0.9653342962265015,9.51530647277832,6.620702743530273,-0.13004492223262787,-2.652616262435913,-10.510465621948242,-6.9024505615234375,5.3320441246032715,5.460275650024414
261,-9.052241325378418,8.81031322479248,-7.050114631652832,-5.792145729064941,8.350102424621582,8.770885467529297,1.7290366888046265,-5.971920967102051,-4.082267761230469,-3.455054521560669,4.018787860870361,4.013007164001465,0.367313027381897,-2.3809032440185547,0.2610883414745331,-1.1961255073547363,3.271014451980591,1.8667410612106323,9.663460731506348,-0.24321787059307098,-12.083248138427734,-12.6907377243042,15.638550758361816,15.621376991271973,-2.706348419189453,3.596834182739258,-1.301412582397461,-1.1524182558059692,8.939095497131348,6.473423004150391,0.621577262878418,-0.9811906814575195,-7.682224750518799,-5.773866176605225,5.146242618560791,4.658885955810547
262,-8.454641342163086,9.68543815612793,-3.9828929901123047,-2.498574733734131,8.21992301940918,8.514615058898926,0.605912446975708,-4.204247951507568,-3.654911756515503,-3.1424379348754883,4.06554651260376,3.731874704360962,-1.9978537559509277,-2.2385575771331787,-4.173941612243652,-4.546586036682129,3.707874298095703,2.1189329624176025,7.439381122589111,3.1899986267089844,-12.778827667236328,-13.232404708862305,15.605278968811035,-0.015654664486646652,-3.9916627407073975,4.035876750946045,-0.8087191581726074,-0.4521523714065552,8.991057395935059,6.2033233642578125,0.099150650203228,-0.8238000869750977,-6.66283655166626,-6.195359230041504,5.041113376617432,4.165244102478027
263,-8.005419731140137,9.745356559753418,-3.7717080116271973,-0.47860437631607056,8.242630958557129,8.427141189575195,0.2848726511001587,-1.8962888717651367,-3.4844307899475098,-3.0121026039123535,4.319783687591553,9.132533073425293,-4.083164215087891,-3.2626688480377197,-8.22967529296875,-6.0075483322143555,3.052494764328003,2.4393744468688965,5.4209771156311035,2.5291175842285156,-13.023274421691895,-13.586921691894531,15.432401657104492,0.007908960804343224,-4.047762870788574,3.913438558578491,-0.9819169640541077,-0.033188000321388245,8.184229850769043,5.2893524169921875,0.05397270992398262,-0.2470131516456604,-5.910046577453613,-6.445128917694092,5.129062175750732,1.5884391069412231
264,-7.755006790161133,9.923200607299805,-1.4825639724731445,1.8960850238800049,8.246357917785645,8.314672470092773,-1.0840903520584106,-2.642559289932251,-3.1516928672790527,-2.9452247619628906,4.301853656768799,6.006698131561279,-4.158099174499512,-3.1195173263549805,-9.47381591796875,-5.428596496582031,3.3371732234954834,2.6917264461517334,3.0868818759918213,1.5907104015350342,-13.468246459960938,-13.808855056762695,15.449287414550781,0.008294444531202316,-4.323673248291016,3.92999005317688,-0.32408076524734497,0.4008917808532715,8.651427268981934,4.495516777038574,-0.24026598036289215,-0.524456262588501,-5.639303207397461,-6.849004745483398,5.1046037673950195,1.102665662765503
265,-7.871063709259033,9.65847396850586,-0.39568090438842773,2.425112247467041,8.103948593139648,7.88264799118042,-2.4662411212921143,-1.5580624341964722,-2.9399375915527344,-2.4654269218444824,4.250795364379883,-3.849141836166382,-3.5495901107788086,-2.4904251098632812,-9.312984466552734,-4.402755260467529,3.7284817695617676,2.6953349113464355,0.5129616260528564,3.7570443153381348,-13.766483306884766,-15.096683502197266,15.541305541992188,-9.156864166259766,-4.470182418823242,3.934161424636841,-0.05669432878494263,0.43870896100997925,8.45667839050293,3.8330657482147217,-0.520673930644989,-0.25716739892959595,-5.799506187438965,-7.102341175079346,5.325578212738037,-1.248615026473999
266,-8.041254997253418,9.57066535949707,0.07941731065511703,1.2587956190109253,8.001420021057129,7.883868217468262,-3.9240646362304688,1.1864176988601685,-2.8148105144500732,-2.1718225479125977,4.332315921783447,-3.63580322265625,-3.2254390716552734,-1.8673131465911865,-9.009414672851562,-3.961853504180908,3.9970641136169434,3.152040481567383,-2.2428691387176514,6.0200982093811035,-14.042699813842773,-15.655037879943848,15.547662734985352,-15.666984558105469,-4.2893571853637695,3.8776845932006836,0.036503374576568604,0.1832238882780075,8.072227478027344,3.1777803897857666,-0.8849228620529175,0.4078904390335083,-5.822993755340576,-7.060930252075195,5.44897985458374,-5.32991361618042
267,-8.120465278625488,9.457107543945312,2.0536293983459473,0.698095977306366,7.927558422088623,7.299398899078369,-1.7927041053771973,-1.0174200534820557,-2.6362221240997314,-2.042687177658081,4.374281883239746,-4.19003438949585,-2.9731156826019287,-1.5078729391098022,-7.815299034118652,-3.3537490367889404,4.324434280395508,3.4974303245544434,-3.5713746547698975,5.647940635681152,-14.831402778625488,-15.50313663482666,15.527328491210938,-15.685404777526855,-4.509699821472168,4.025774955749512,0.380068838596344,0.10613961517810822,7.731625080108643,2.5527589321136475,-0.3208317160606384,-0.2588149905204773,-5.770553112030029,-6.934003829956055,5.580554962158203,-5.598879337310791
268,-8.235980987548828,9.408215522766113,2.667865514755249,-0.20477412641048431,7.822003364562988,6.931173801422119,-1.8329546451568604,-3.5324227809906006,-2.1838502883911133,-2.0650041103363037,4.432058334350586,-4.250225067138672,-2.5348434448242188,-1.1667805910110474,-6.429189205169678,-2.929342746734619,4.753032207489014,4.010757923126221,-4.563379287719727,4.103687763214111,-15.443446159362793,-15.590394973754883,15.506827354431152,-15.669509887695312,-4.520848274230957,4.274875640869141,0.4543018937110901,-0.07811100780963898,7.547789096832275,2.3426926136016846,-0.4302678108215332,-0.694451630115509,-5.760181903839111,-6.798957824707031,5.600367069244385,-5.564632415771484
269,-8.312771797180176,9.57961654663086,2.6682913303375244,-0.29905232787132263,7.638906955718994,6.509552955627441,-1.1625796556472778,-3.650343418121338,-2.1567583084106445,-8.69792366027832,4.3918938636779785,-4.248440265655518,-2.4666011333465576,-0.724548876285553,-5.082173824310303,-2.414008855819702,5.458627700805664,5.189787864685059,-5.090508460998535,2.2242729663848877,-15.587091445922852,-0.002617050427943468,15.588200569152832,-15.631562232971191,-4.495189666748047,4.467214107513428,0.45426613092422485,-0.06937117874622345,7.046562671661377,2.1001572608947754,-0.24878253042697906,-0.6731737852096558,-5.631771564483643,-6.534847259521484,5.587009429931641,-5.425374507904053
270,-8.258652687072754,9.264760971069336,1.6959609985351562,-0.5834115147590637,7.336164951324463,6.283210754394531,-1.1022496223449707,-2.9808034896850586,-2.036902904510498,-9.159810066223145,4.414093971252441,-4.256570339202881,-2.7518770694732666,-0.768318235874176,-4.566643238067627,-2.42162823677063,6.869693279266357,5.088170528411865,-5.604528427124023,0.15842440724372864,-15.608621597290039,-0.0036258483305573463,15.514970779418945,-15.69663143157959,-4.3062920570373535,4.399218559265137,0.2630463242530823,-0.13849015533924103,6.096618175506592,2.1294655799865723,-0.26677024364471436,-0.5594030618667603,-5.665493011474609,-5.745288848876953,5.585642337799072,-5.614587306976318
271,-8.253530502319336,9.36034107208252,2.58695387840271,-0.48878729343414307,6.761876106262207,6.018835544586182,-0.8275773525238037,-3.5505993366241455,-2.052513837814331,-9.181809425354004,4.353499412536621,-4.18868350982666,-2.567241668701172,-0.654175877571106,-3.849839925765991,-2.3262555599212646,8.986589431762695,4.746576309204102,-5.809320449829102,-2.402334451675415,-0.03983405604958534,-0.0473027378320694,15.527237892150879,-15.624798774719238,-4.267020225524902,4.53715705871582,0.48768800497055054,-0.10170210897922516,5.3026123046875,1.8524998426437378,-0.19311507046222687,-0.7757102251052856,-5.430640697479248,-5.510865211486816,5.393338203430176,-5.36018180847168
272,-8.127796173095703,9.2188138961792,4.642123699188232,-2.084109306335449,6.192126274108887,5.401066303253174,-2.8711843490600586,-5.350441932678223,-8.933504104614258,-9.128411293029785,18.191362380981445,-4.425107002258301,-0.626706063747406,0.7779053449630737,-0.2643386125564575,-0.7602393627166748,9.529610633850098,4.183353900909424,-1.9831715822219849,-6.358962059020996,-0.005017608404159546,0.14929714798927307,-0.009685734286904335,-15.195865631103516,-3.8546860218048096,4.391623497009277,0.9610154032707214,-0.5174485445022583,4.831657886505127,1.4998592138290405,-0.6804254651069641,-1.3810663223266602,-3.7651705741882324,-4.948959827423096,4.740989685058594,-5.722795486450195
273,-8.675762176513672,8.5154447555542,5.77913761138916,-3.059736490249634,5.75463342666626,5.633121013641357,-4.9674506187438965,-5.182058334350586,-8.377240180969238,-9.018198013305664,10.608991622924805,-4.490440845489502,-1.8414428234100342,0.7932847738265991,1.0698689222335815,-1.5217173099517822,11.244644165039062,4.880281925201416,-3.7470808029174805,-10.380257606506348,-0.01314732525497675,0.00685140723362565,0.0029570814222097397,-15.590923309326172,-4.628154754638672,3.698180913925171,1.2778899669647217,-0.6671347618103027,3.9421873092651367,1.7347369194030762,-1.2152421474456787,-1.5201668739318848,-2.706958055496216,-4.290246963500977,1.936055064201355,-5.446050643920898
274,-8.431333541870117,8.621853828430176,4.435374736785889,-2.219045877456665,4.516129016876221,5.228909015655518,-3.188371419906616,-6.124777793884277,-6.401584148406982,-8.627437591552734,4.7739667892456055,-4.186275959014893,-2.8497509956359863,1.084568738937378,2.168396234512329,-2.3334827423095703,12.414053916931152,5.445517063140869,-5.0182085037231445,-15.17280101776123,-0.00482555478811264,-0.0566936694085598,0.03506774455308914,-15.647721290588379,-4.811856269836426,3.9940857887268066,0.9038434028625488,-0.44536280632019043,1.88029944896698,1.5328000783920288,-0.6862208843231201,-2.469374895095825,-1.4437240362167358,-3.0920662879943848,0.7405934929847717,-5.120037078857422
275,-8.024226188659668,8.675705909729004,2.6532089710235596,-1.4615238904953003,0.3923701345920563,4.894376754760742,-2.9086925983428955,-5.3734822273254395,-1.2105133533477783,-7.3796491622924805,-4.079274654388428,-4.021336555480957,-4.3196940422058105,1.2668389081954956,3.612722158432007,-3.0061333179473877,11.745491981506348,6.058143138885498,-1.3815419673919678,-19.43781089782715,1.2229429557919502e-07,-0.027028381824493408,-15.638955116271973,-14.914356231689453,-5.050917625427246,4.478278160095215,0.5282068252563477,-0.2927311658859253,-0.12468915432691574,1.4346729516983032,-0.5930840373039246,-2.999720573425293,-0.04427895322442055,-1.9128206968307495,-3.13006591796875,-4.502031326293945
276,-7.843718528747559,8.769521713256836,0.30975860357284546,-0.5408812761306763,-6.0840983390808105,3.5501508712768555,-4.447061538696289,-4.553478240966797,5.256680488586426,1.6486454010009766,-4.240355491638184,-4.462015151977539,-3.0812888145446777,1.3112506866455078,3.808190107345581,-3.0997061729431152,5.868498802185059,6.242559909820557,-3.4984452724456787,-20.126537322998047,11.146561622619629,1.7858223915100098,-15.572481155395508,-13.7112398147583,-5.048669815063477,4.880040168762207,-0.02874615788459778,-0.08242543041706085,-1.3226386308670044,0.8859883546829224,-1.0501325130462646,-3.1705992221832275,3.1727945804595947,0.7068605422973633,-6.865078926086426,-3.3067917823791504
277,-8.15442180633545,8.74655532836914,-4.486716270446777,-0.42813539505004883,-3.8306491374969482,3.1858484745025635,-7.756551265716553,-4.050745964050293,2.0270440578460693,4.963433265686035,-4.631232738494873,-2.9170360565185547,0.08285832405090332,0.8587905168533325,1.983969807624817,-3.3194355964660645,1.7016165256500244,7.017673969268799,-7.257881164550781,-19.97650909423828,16.01626968383789,12.588139533996582,-15.605330467224121,-10.728513717651367,-3.443180799484253,5.052717685699463,-0.9976537823677063,-0.09071998298168182,-0.6639712452888489,0.8692440986633301,-2.1980783939361572,-2.576551675796509,7.377533912658691,5.589876651763916,-6.84490442276001,-1.189368724822998
278,-6.779523849487305,9.043269157409668,-5.37960958480835,-1.0202151536941528,-2.8470120429992676,-0.32786256074905396,-8.574153900146484,-2.524961233139038,1.9295819997787476,2.1343982219696045,-4.438889980316162,6.115238189697266,-0.8947771787643433,-1.7333084344863892,-1.098848581314087,-4.6429123878479,1.3459488153457642,2.826608657836914,-11.773712158203125,-19.51849937438965,15.824873924255371,15.297751426696777,-15.185842514038086,6.156118869781494,-1.5981135368347168,4.179957866668701,-1.126537561416626,-0.25740402936935425,-0.5280333757400513,-0.22397631406784058,-2.9414258003234863,-1.2383720874786377,7.492671489715576,6.8547682762146,-6.188215732574463,1.6964811086654663
279,2.8939437866210938,7.9826178550720215,-5.241837024688721,0.15433451533317566,-5.566278457641602,-5.128763198852539,-7.6237688064575195,3.751093626022339,2.0338916778564453,2.146580457687378,-5.561357498168945,3.8380680084228516,3.148287057876587,-0.5222921967506409,-1.2022961378097534,-3.785689115524292,-3.242168664932251,1.145540714263916,-16.175647735595703,-16.09977149963379,11.208273887634277,15.227983474731445,-14.291979789733887,15.753331184387207,1.0701894760131836,1.8783841133117676,-1.1307649612426758,0.0760359913110733,-1.5343059301376343,-1.3720059394836426,-3.4795572757720947,0.8277741074562073,6.862539768218994,6.971907615661621,-5.869256019592285,6.079506874084473
280,2.306156635284424,1.5157443284988403,-3.5869863033294678,1.9648362398147583,-5.896274566650391,-7.912300109863281,-4.372847080230713,15.413463592529297,6.496353626251221,2.036858558654785,-5.480994701385498,4.420950889587402,7.606964111328125,-1.6942206621170044,-1.958942174911499,-0.5393303036689758,-9.057313919067383,-2.0699195861816406,-18.45557403564453,-1.7646204233169556,9.887701034545898,15.678459167480469,-14.189555168151855,15.703685760498047,0.5715407133102417,0.069503054022789,-0.6920508742332458,0.42870962619781494,-2.1490397453308105,-3.016653299331665,-2.027717113494873,3.117920398712158,5.909754276275635,6.842771530151367,-5.710946559906006,6.52907657623291
281,-5.983401775360107,0.07892785966396332,5.288998126983643,-0.5679608583450317,-5.187388896942139,-7.66897439956665,9.496204376220703,12.986674308776855,3.6456947326660156,2.0018084049224854,-4.055667877197266,4.409757137298584,6.453649044036865,-2.172589063644409,0.04528243839740753,2.8480749130249023,-13.378361701965332,-6.593506813049316,-14.887893676757812,9.47467041015625,12.721016883850098,15.674589157104492,-15.581225395202637,15.64431381225586,-1.5525915622711182,-0.038911476731300354,1.3913326263427734,-0.20116473734378815,-3.037503242492676,-4.606855392456055,1.9365036487579346,4.077610015869141,6.843790531158447,6.294401168823242,-4.954679489135742,6.113221645355225
282,-7.270847320556641,-0.5816502571105957,5.470407485961914,0.7685245871543884,-5.035587787628174,-6.447474956512451,20.20772361755371,11.068022727966309,3.2234699726104736,2.106484889984131,-4.031477928161621,4.422250270843506,3.985825777053833,-3.5883333683013916,-1.6176061630249023,4.093529224395752,-13.629883766174316,-10.501460075378418,-3.5381579399108887,15.224004745483398,13.056309700012207,10.692066192626953,-15.427620887756348,15.614157676696777,-1.5277453660964966,-0.1513381153345108,1.1405348777770996,0.23574917018413544,-5.240018367767334,-5.720465183258057,4.367241859436035,6.035961151123047,7.151306629180908,6.430117130279541,-4.9751715660095215,6.146562576293945
283,-3.779771089553833,4.691943168640137,6.511419773101807,2.198282241821289,-4.748762130737305,-5.236006259918213,15.953279495239258,9.511003494262695,2.8776519298553467,3.3188397884368896,-3.894400119781494,4.5481157302856445,2.6511988639831543,-1.999750018119812,-0.9170017242431641,5.794586658477783,-15.347358703613281,-14.449896812438965,7.043684005737305,17.30459976196289,14.605749130249023,13.878046035766602,-15.684687614440918,15.690984725952148,-0.6062039732933044,1.1551228761672974,1.2833304405212402,0.5943449139595032,-8.277769088745117,-6.518925666809082,4.462666988372803,7.353547096252441,7.684597015380859,6.656385898590088,-4.569021701812744,6.768485069274902
284,-1.400406837463379,5.53214693069458,7.2304182052612305,3.6638827323913574,-4.287827014923096,-4.464099407196045,11.372753143310547,9.256311416625977,2.2151973247528076,2.7446489334106445,-3.4301412105560303,4.6017279624938965,2.2939131259918213,1.5687154531478882,3.285767078399658,8.189398765563965,-16.64916229248047,-15.78242301940918,15.534172058105469,17.09322166442871,15.558873176574707,14.717523574829102,-15.697068214416504,15.678189277648926,-0.17975741624832153,1.3709150552749634,1.599602222442627,1.051375150680542,-9.1690034866333,-6.035283088684082,5.127373695373535,7.692927360534668,7.835606098175049,6.801033020019531,-3.618232011795044,6.849747657775879
285,3.970959186553955,6.485152721405029,9.215868949890137,4.5685224533081055,-3.9741711616516113,-1.7443112134933472,7.044309616088867,9.064454078674316,2.0209848880767822,2.5884015560150146,-2.6207058429718018,4.605215072631836,6.944269180297852,7.050668716430664,12.900455474853516,13.287981986999512,-17.41092300415039,-16.107223510742188,19.930246353149414,16.122726440429688,15.678409576416016,14.094682693481445,-15.640170097351074,15.618598937988281,1.362442970275879,2.4327352046966553,3.1041030883789062,1.571874976158142,-5.602074146270752,-0.5476858615875244,4.96034049987793,5.956679344177246,7.641401767730713,6.337519645690918,-2.380648374557495,6.342455863952637
286,-1.6981971263885498,6.085774898529053,7.626179218292236,2.77095890045166,9.193405151367188,10.426079750061035,5.381317615509033,7.312749862670898,2.0039565563201904,3.8794400691986084,-1.4624745845794678,4.34193754196167,8.830218315124512,9.841803550720215,20.122852325439453,15.597770690917969,-13.77795696258545,-10.603589057922363,19.68376350402832,14.750870704650879,15.688919067382812,8.30266284942627,-15.646498680114746,15.655179977416992,-0.5075053572654724,3.648595094680786,4.91261100769043,1.0321123600006104,3.6109538078308105,7.7049784660339355,3.7225258350372314,3.1711835861206055,7.11721134185791,5.543027877807617,-1.1702107191085815,5.601080894470215
287,-9.534104347229004,6.182135105133057,3.481168508529663,-6.576289653778076,11.673983573913574,10.12467098236084,2.3030943870544434,-9.185422897338867,2.9348483085632324,-6.107860565185547,-1.6275453567504883,4.1745405197143555,6.082076549530029,4.905975818634033,18.264896392822266,10.705114364624023,-5.510890007019043,0.198625385761261,16.149120330810547,9.119002342224121,3.6349072456359863,-11.214539527893066,-0.009834501892328262,15.603349685668945,-4.253679275512695,3.0168254375457764,1.7351868152618408,-1.3098732233047485,8.724126815795898,8.685442924499512,0.781708300113678,-2.2671120166778564,5.798157215118408,-8.005819320678711,-0.13279779255390167,5.252771377563477
288,-8.920158386230469,7.489949703216553,-7.678624629974365,-6.135631084442139,9.253203392028809,8.548442840576172,0.06553925573825836,-12.174958229064941,-4.224557399749756,-2.819824457168579,6.562332630157471,4.188013076782227,2.2555038928985596,1.1425056457519531,8.756680488586426,3.9522571563720703,2.58144474029541,1.9869189262390137,11.88796329498291,2.422600507736206,-10.905831336975098,-12.986635208129883,15.669919967651367,15.598433494567871,-2.897225856781006,2.9728665351867676,-1.6672601699829102,-1.0082087516784668,9.729851722717285,6.395310401916504,-0.1915813833475113,-2.3913958072662354,-10.299038887023926,-6.6278557777404785,5.290548801422119,5.404869079589844
289,-8.742115020751953,9.086158752441406,-7.231258869171143,-5.480461597442627,8.214303970336914,8.647165298461914,1.793126106262207,-4.939123630523682,-3.4050283432006836,-3.436832904815674,4.011322498321533,4.015877723693848,-1.1579298973083496,-2.3986525535583496,-0.7287176847457886,-2.354050874710083,2.989020586013794,1.8142883777618408,9.332292556762695,-0.04680844023823738,-12.102123260498047,-12.633088111877441,15.647953033447266,15.635298728942871,-2.748715400695801,3.738687038421631,-1.3786473274230957,-1.1167174577713013,8.591633796691895,6.741089820861816,0.6487568020820618,-0.7562968730926514,-7.6558966636657715,-5.817348003387451,5.124939441680908,4.668818473815918
290,-8.028416633605957,9.931772232055664,-3.9696195125579834,-2.0348122119903564,8.248310089111328,8.489253997802734,0.5246479511260986,-3.730569362640381,-3.472844123840332,-3.264442205429077,4.062403678894043,3.7382445335388184,-2.9496634006500244,-2.7025067806243896,-4.831210613250732,-5.2098846435546875,3.18420147895813,2.240257740020752,7.12384557723999,3.482222080230713,-12.532809257507324,-13.255609512329102,15.596160888671875,0.00014495849609375,-3.8525493144989014,4.062037944793701,-0.8209297060966492,-0.3495228886604309,8.53858757019043,6.404247760772705,0.06831669062376022,-0.7321799993515015,-6.704105854034424,-6.2534589767456055,5.015268802642822,4.154177188873291
291,-7.778435230255127,9.912358283996582,-3.793257474899292,-0.36268165707588196,8.20793342590332,8.436162948608398,-0.533931314945221,-1.9871526956558228,-3.2151901721954346,-2.9880270957946777,4.457874298095703,7.787409782409668,-4.395755290985107,-3.46360445022583,-8.80489444732666,-6.390549182891846,3.260784387588501,2.5683798789978027,4.63253927230835,2.7312121391296387,-13.181875228881836,-13.574682235717773,15.462482452392578,0.007065150886774063,-3.882190227508545,4.08163595199585,-1.028273344039917,-0.018961980938911438,8.009754180908203,5.380197525024414,-0.13401515781879425,-0.2849882245063782,-5.954956531524658,-6.528514862060547,5.154246807098389,1.2391856908798218
292,-7.686742305755615,10.011946678161621,-1.2993230819702148,2.539071798324585,8.150012969970703,8.272215843200684,-2.103274345397949,-2.2991108894348145,-3.0422914028167725,-2.9570820331573486,4.278648853302002,3.325807809829712,-4.223936080932617,-2.9575653076171875,-9.78907299041748,-5.381144046783447,3.644502639770508,3.384202241897583,1.7771788835525513,1.8517203330993652,-13.569572448730469,-14.121648788452148,15.499430656433105,0.005237144883722067,-4.296675682067871,4.119760036468506,-0.26363492012023926,0.5227075219154358,8.621387481689453,4.466331481933594,-0.437439501285553,-0.44086575508117676,-5.651239395141602,-6.92929744720459,5.140596866607666,0.4973512589931488
293,-7.919427394866943,9.61000919342041,-0.40608251094818115,2.4372756481170654,8.007649421691895,7.741509437561035,-2.66011643409729,-1.0018391609191895,-2.902855396270752,-2.526191473007202,4.271462917327881,-3.9896669387817383,-3.461374044418335,-2.3812108039855957,-9.432660102844238,-4.60637903213501,4.042240142822266,2.8668875694274902,-0.7721102237701416,6.200328350067139,-13.82747745513916,-14.853239059448242,15.559737205505371,-15.61707878112793,-4.34999418258667,4.142154216766357,-0.06884962320327759,0.4185471534729004,8.3521146774292,3.6475255489349365,-0.554247260093689,-0.12364821881055832,-5.841945171356201,-7.194797515869141,5.421763896942139,-2.3243441581726074
294,-8.005965232849121,9.646257400512695,0.25779277086257935,0.92789626121521,7.911065101623535,7.809246063232422,-3.3477721214294434,0.291269451379776,-2.7890799045562744,-2.237539768218994,4.346737384796143,-3.857978105545044,-3.373182773590088,-2.0683865547180176,-9.204124450683594,-4.129507541656494,4.3016204833984375,2.992020845413208,-3.1050422191619873,6.164717674255371,-14.111223220825195,-15.42988395690918,15.557493209838867,-15.684028625488281,-4.25295352935791,4.147787094116211,0.06947332620620728,0.11363296210765839,7.847819805145264,3.1319968700408936,-0.759768009185791,0.12006009370088577,-5.826923370361328,-6.981566429138184,5.500204563140869,-5.51378870010376
295,-8.093436241149902,9.50631046295166,2.525561809539795,0.6230757832527161,7.8346147537231445,7.391053676605225,-2.1070027351379395,-2.3007311820983887,-2.654550313949585,-2.0198657512664795,4.38266134262085,-4.184895038604736,-2.9563040733337402,-1.4120712280273438,-7.653723239898682,-3.338109254837036,4.637619972229004,3.4841442108154297,-4.451808452606201,5.219160079956055,-14.58952522277832,-15.587068557739258,15.531200408935547,-15.66087818145752,-4.404506683349609,4.283882141113281,0.46319955587387085,0.10101304948329926,7.724794387817383,2.669203758239746,-0.44020766019821167,-0.47493308782577515,-5.744150638580322,-6.929079532623291,5.5955023765563965,-5.507401466369629
296,-8.194819450378418,9.4081392288208,2.6851019859313965,-0.033950742334127426,7.707178592681885,6.974008083343506,-1.3858555555343628,-3.633392095565796,-2.3169450759887695,-2.0497817993164062,4.440854072570801,-4.223658084869385,-2.6667652130126953,-1.1098434925079346,-6.202999591827393,-2.7738418579101562,5.108062267303467,3.9380977153778076,-5.224512577056885,3.439822196960449,-15.267292022705078,-15.578064918518066,15.498230934143066,-15.676615715026855,-4.411797046661377,4.485608100891113,0.44640082120895386,-0.030098214745521545,7.452722072601318,2.377737522125244,-0.30211836099624634,-0.6861287355422974,-5.686986446380615,-6.744340896606445,5.63290548324585,-5.462131023406982
297,-8.28021240234375,9.402303695678711,2.9038798809051514,-0.23449961841106415,7.565375328063965,6.4622392654418945,-0.799281120300293,-4.006792068481445,-2.200669288635254,-9.175802230834961,4.469007968902588,-4.179579257965088,-2.459165096282959,-0.7246506810188293,-4.774796009063721,-2.1532063484191895,5.6401686668396,4.818838596343994,-5.5286383628845215,1.2516967058181763,-15.425518989562988,-0.0019323132000863552,15.549202919006348,-15.640483856201172,-4.417237758636475,4.703968524932861,0.5052497982978821,-0.05927260220050812,7.044283866882324,2.1611649990081787,-0.16822440922260284,-0.7673943042755127,-5.540002822875977,-6.487735271453857,5.613303184509277,-5.335103988647461
298,-8.249364852905273,9.283008575439453,1.925042748451233,-0.3523205816745758,7.283169269561768,6.44110631942749,-1.2059783935546875,-3.237438678741455,-2.1278645992279053,-9.161734580993652,4.4291672706604,-4.2216057777404785,-2.7111122608184814,-0.7692935466766357,-4.115278720855713,-1.9219168424606323,6.910677433013916,5.025852203369141,-6.033827304840088,-1.160892128944397,-15.449197769165039,0.017860395833849907,15.499053955078125,-15.692484855651855,-4.2325029373168945,4.630529403686523,0.30638211965560913,-0.08024580776691437,6.222198009490967,2.224543809890747,-0.3187418580055237,-0.6317331790924072,-5.54203462600708,-5.67904806137085,5.569137096405029,-5.52607536315918
299,-8.685168266296387,8.934114456176758,2.6791141033172607,-0.48670846223831177,6.862849235534668,6.162881374359131,-0.9240434169769287,-4.1879143714904785,-3.4260666370391846,-9.19747257232666,4.247133731842041,-4.146631717681885,-0.8353952169418335,1.1645427942276,-1.8795263767242432,0.16164499521255493,8.541607856750488,4.730949878692627,-6.469472885131836,-4.267739772796631,-0.005022147670388222,-0.03066064789891243,15.48012924194336,-15.665606498718262,-4.209886074066162,4.798975944519043,0.5267112851142883,-0.1021556407213211,5.412660121917725,1.8643221855163574,-0.22330279648303986,-0.9884841442108154,-5.295962333679199,-5.388374328613281,5.370425701141357,-5.216145992279053
300,-8.643115997314453,8.795350074768066,4.059607982635498,-3.6110994815826416,6.247119903564453,5.658747673034668,-2.872436046600342,-5.9474263191223145,-8.83743667602539,-9.135279655456543,17.933237075805664,-4.314038276672363,-1.2064845561981201,1.389991044998169,0.35560303926467896,-0.5185394883155823,10.166054725646973,5.289365768432617,-2.5114383697509766,-8.482909202575684,-0.01744098961353302,-0.004278156906366348,0.00463932566344738,-15.52608871459961,-4.077347755432129,4.5831451416015625,0.8658492565155029,-0.8579981923103333,5.059632301330566,1.6649456024169922,-0.6930943727493286,-1.6878702640533447,-3.5286965370178223,-4.790012359619141,4.596989154815674,-5.6235151290893555
301,-8.53921890258789,8.718994140625,5.73728084564209,-3.3870575428009033,5.739841938018799,5.204649925231934,-4.780154705047607,-5.489777088165283,-8.00360107421875,-8.980588912963867,9.925712585449219,-4.259800434112549,-2.0333213806152344,0.9141867160797119,1.2016606330871582,-2.116886854171753,11.190008163452148,5.30263614654541,-4.247677803039551,-12.843042373657227,-0.013536840677261353,-0.05356453359127045,0.025583669543266296,-15.64299201965332,-4.614521026611328,3.886979103088379,1.270392894744873,-0.7125651240348816,3.5027332305908203,1.5017162561416626,-1.1884534358978271,-1.8340928554534912,-2.3329601287841797,-3.9607596397399902,1.7597237825393677,-5.252035617828369
302,-8.372254371643066,8.670244216918945,4.085941314697266,-2.0466036796569824,4.203409671783447,5.115049362182617,-3.2598910331726074,-5.77084493637085,-5.078323841094971,-8.421876907348633,3.1110289096832275,-4.112469673156738,-3.0941362380981445,1.169204592704773,2.341261386871338,-2.957353353500366,12.490168571472168,5.731241226196289,-5.55054235458374,-17.418434143066406,-0.001828639768064022,-0.04511316865682602,0.03123362362384796,-15.569687843322754,-4.888181686401367,4.133133411407471,0.8209278583526611,-0.39799368381500244,1.6252446174621582,1.5269089937210083,-0.7290472388267517,-2.7211384773254395,-0.9900232553482056,-2.778853178024292,0.36420851945877075,-4.875321865081787
303,-7.953951358795166,8.699724197387695,1.7053614854812622,-1.2288895845413208,-1.1652098894119263,4.768074989318848,-2.8199028968811035,-4.732663154602051,1.4849767684936523,-6.327239513397217,-3.053279399871826,-4.390985012054443,-4.357053756713867,1.2940046787261963,3.447970151901245,-3.438295841217041,10.834758758544922,6.397953033447266,-2.003966808319092,-19.969636917114258,1.6691744327545166,-0.01953755132853985,-15.685678482055664,-14.378031730651855,-5.082530975341797,4.756260395050049,0.28967446088790894,-0.2427225559949875,-0.4709484577178955,1.4071011543273926,-0.5541813373565674,-3.102792501449585,0.5641366839408875,-1.4104902744293213,-4.351870536804199,-4.0784711837768555
304,-7.92024564743042,8.687667846679688,-0.6549420952796936,-0.6756823658943176,-5.595396995544434,3.258139133453369,-5.206004619598389,-4.516543865203857,4.832259178161621,4.06245231628418,-4.371583461761475,-4.099649429321289,-2.793870687484741,1.6116034984588623,3.495656728744507,-3.3617501258850098,5.120830059051514,7.1046247482299805,-4.3768839836120605,-19.96117401123047,13.375384330749512,5.762899398803711,-15.538389205932617,-12.94286060333252,-4.853783130645752,5.1429667472839355,-0.2124563753604889,-0.1287887692451477,-1.1411428451538086,0.8168685436248779,-1.3025031089782715,-3.0944690704345703,4.520931720733643,1.593389630317688,-6.972780704498291,-2.504615068435669
305,-7.955041408538818,8.751524925231934,-5.891608238220215,-0.7290393710136414,-4.100195407867432,1.9541878700256348,-8.332080841064453,-3.8564839363098145,2.0181562900543213,3.7754571437835693,-4.600766181945801,-1.545867919921875,-0.5677371621131897,0.3749459385871887,0.6034199595451355,-4.022862434387207,1.0530858039855957,6.666388988494873,-8.535021781921387,-19.6435604095459,16.026700973510742,14.64114761352539,-15.576263427734375,0.0022922754287719727,-2.8507275581359863,5.008237838745117,-1.3128290176391602,-0.16815920174121857,-0.7588237524032593,0.45993536710739136,-2.4997100830078125,-2.332913875579834,7.619919300079346,6.492713451385498,-6.748483180999756,-0.312715083360672
306,-2.722684144973755,9.153666496276855,-5.7877349853515625,-0.38240185379981995,-2.576411485671997,-3.202880620956421,-8.587837219238281,-1.0846983194351196,1.9621740579605103,1.8825666904449463,-4.8899688720703125,6.431253433227539,-0.8040895462036133,-1.957695722579956,-1.6656633615493774,-5.058840751647949,0.3589155673980713,0.9343012571334839,-13.06959056854248,-18.76628303527832,15.619585990905762,15.280202865600586,-14.78371810913086,15.759566307067871,-0.3408642113208771,3.1272432804107666,-1.2359306812286377,-0.07574769854545593,-0.45600950717926025,-0.8220109939575195,-3.220828056335449,-0.28552955389022827,7.406440734863281,7.019395351409912,-5.997896194458008,6.045109272003174
307,4.892641544342041,5.885387420654297,-5.7817182540893555,0.27580058574676514,-5.805361747741699,-6.596094608306885,-7.045353412628174,11.137057304382324,2.0380969047546387,1.9741054773330688,-5.675168514251709,4.294212818145752,4.396188259124756,-1.1434636116027832,-2.0554256439208984,-3.162313461303711,-4.358673572540283,-0.2070988416671753,-16.870588302612305,-9.202327728271484,5.01105260848999,15.67167854309082,-14.12026309967041,15.706755638122559,1.7152923345565796,1.074469804763794,-1.2693474292755127,0.07445590198040009,-1.7662694454193115,-1.8835800886154175,-3.315959930419922,2.020381450653076,6.194681644439697,7.087020397186279,-5.915278911590576,6.371675491333008
308,-3.112962007522583,-0.4527773857116699,1.8924206495285034,2.034088373184204,-5.749057769775391,-7.916868686676025,-1.049911618232727,14.0370512008667,5.700148105621338,2.0078275203704834,-4.563339710235596,4.447626113891602,6.713311672210693,-2.4343128204345703,-1.0715317726135254,1.3654356002807617,-10.151494979858398,-4.8648786544799805,-17.70774269104004,3.802788496017456,9.825355529785156,15.675525665283203,-15.335838317871094,15.686565399169922,-0.8793244361877441,-0.3263865113258362,0.6639735102653503,0.45527368783950806,-2.392845630645752,-3.8873255252838135,-0.04073626920580864,3.296949625015259,6.110818386077881,6.412464618682861,-5.23778772354126,6.3525800704956055
309,-6.2277045249938965,0.5336040258407593,5.6174187660217285,-1.6103966236114502,-5.357293128967285,-6.922362804412842,18.33589744567871,12.286018371582031,4.01741361618042,2.0061099529266357,-3.9908289909362793,4.417382717132568,6.894257545471191,-1.5835545063018799,0.6497315764427185,4.273530006408691,-12.327820777893066,-8.909560203552246,-8.91092586517334,12.338399887084961,12.13456916809082,15.687832832336426,-15.633713722229004,15.676888465881348,-1.2814204692840576,0.1369633674621582,1.2959344387054443,-0.4220888614654541,-3.7669355869293213,-4.991846561431885,3.6622767448425293,4.936110496520996,6.805601596832275,6.44224214553833,-4.720447540283203,6.117772102355957
310,-5.807825565338135,1.2182332277297974,6.034696102142334,-0.15570856630802155,-5.112153053283691,-6.028600215911865,17.439777374267578,10.509011268615723,3.395941972732544,4.105198383331299,-4.120008945465088,4.513082027435303,3.7599005699157715,-3.7260587215423584,-1.410616397857666,3.8983047008514404,-13.825986862182617,-12.73851203918457,1.199766993522644,16.060550689697266,13.203832626342773,13.146439552307129,-15.603976249694824,15.623980522155762,-1.1459022760391235,0.23977617919445038,1.1645619869232178,0.02192680537700653,-6.992130756378174,-5.71327018737793,3.922363042831421,6.696262836456299,7.293566703796387,6.628110408782959,-4.9565300941467285,6.311365127563477
311,-3.846313953399658,5.436314582824707,5.656286716461182,2.433633327484131,-4.71343994140625,-4.844472885131836,13.528009414672852,9.323501586914062,2.779801845550537,2.7158846855163574,-3.712261438369751,4.563801288604736,2.2948243618011475,-0.7237293124198914,-0.42732545733451843,4.934401035308838,-15.342480659484863,-15.203725814819336,10.490360260009766,17.330720901489258,14.692012786865234,14.27966594696045,-15.67957878112793,15.691361427307129,-0.6678112745285034,1.3542035818099976,1.0949983596801758,0.6872392296791077,-8.885241508483887,-6.09190034866333,4.392591953277588,7.422426700592041,7.614554405212402,6.887988090515137,-4.198275566101074,6.744507789611816
312,0.5213285088539124,5.580355644226074,7.481827735900879,4.566900730133057,-4.27766227722168,-4.362152576446533,9.680916786193848,9.20587158203125,2.085202217102051,2.4754409790039062,-3.1949777603149414,4.555564880371094,3.58675217628479,3.2823424339294434,5.338572978973389,8.537002563476562,-16.622560501098633,-16.265357971191406,17.713125228881836,17.00365447998047,15.630803108215332,15.016800880432129,-15.67051887512207,15.680831909179688,0.2714533805847168,1.4167710542678833,1.789531946182251,1.3199776411056519,-9.253825187683105,-5.063036918640137,5.1455488204956055,7.349973678588867,7.9124274253845215,6.806934833526611,-3.2753753662109375,6.7380781173706055
313,3.088404893875122,6.210026741027832,9.56443977355957,4.667525768280029,-3.877332925796509,8.402290344238281,6.1951799392700195,8.710902214050293,2.0155694484710693,3.0335025787353516,-2.198716402053833,4.4941630363464355,7.8100714683532715,7.83620023727417,14.936687469482422,13.157744407653809,-17.49744987487793,-12.46596622467041,20.181690216064453,15.911920547485352,15.68807601928711,10.378793716430664,-15.6765718460083,15.619915008544922,0.958915114402771,2.5299606323242188,3.801145076751709,1.5818679332733154,-3.8043582439422607,2.8059563636779785,4.600681304931641,5.13589334487915,7.316754341125488,6.316200256347656,-1.927463412284851,5.89723014831543
314,-5.797607421875,6.262261390686035,6.7342529296875,1.7307201623916626,9.68360710144043,11.111774444580078,4.966797351837158,4.718527793884277,2.008640766143799,4.264140605926514,-1.1320555210113525,4.348076820373535,6.855395317077637,8.636969566345215,20.5819091796875,14.001498222351074,-13.804497718811035,-5.179303169250488,19.54673957824707,14.204296112060547,15.694541931152344,2.83327054977417,-15.615195274353027,15.656621932983398,-1.5008912086486816,4.1343231201171875,4.580068588256836,0.4860137104988098,6.0893778800964355,8.020734786987305,3.2759664058685303,1.55231773853302,7.2997660636901855,1.318435788154602,-0.848865807056427,5.666467189788818
315,-9.807161331176758,6.536484241485596,1.7523504495620728,-7.605955123901367,11.40300178527832,9.255147933959961,0.6492862701416016,-15.187220573425293,5.222470760345459,-4.860808849334717,0.26888084411621094,4.109250068664551,4.436192512512207,4.439757347106934,17.17835807800293,8.491728782653809,-5.762681484222412,1.9421178102493286,15.029537200927734,6.496413707733154,3.9238247871398926,-12.136811256408691,0.14363767206668854,15.678445816040039,-4.127050399780273,2.756167411804199,0.4719851613044739,-1.4690800905227661,10.147117614746094,8.050865173339844,-0.1952528953552246,-3.5710573196411133,5.74686336517334,-9.149434089660645,0.25959426164627075,5.246087074279785
316,-8.033049583435059,7.82235050201416,-9.054088592529297,-5.572841644287109,9.351761817932129,8.378836631774902,-0.008330922573804855,-9.969709396362305,-4.333431243896484,-3.2179293632507324,5.5824666023254395,4.102594375610352,3.826718330383301,-0.12545134127140045,5.784130573272705,1.7703683376312256,0.7312558889389038,2.509536027908325,11.132948875427246,1.101784110069275,-6.959904670715332,-12.709593772888184,15.651406288146973,15.550850868225098,-2.4395124912261963,2.9044697284698486,-1.8091750144958496,-0.9347221255302429,9.866207122802734,6.436092376708984,-0.06001487001776695,-1.7936490774154663,-10.16142749786377,-6.350192546844482,5.365283489227295,5.143781661987305
317,-8.770196914672852,9.36386489868164,-5.602072715759277,-3.7838940620422363,8.109237670898438,8.416366577148438,1.348057746887207,-4.737835884094238,-2.831252098083496,-3.4095590114593506,4.035425186157227,3.8757729530334473,-1.845794916152954,-2.676408290863037,-1.921890377998352,-2.9639289379119873,2.9997267723083496,2.364993095397949,8.5472993850708,-0.9765711426734924,-12.05881118774414,-12.55741024017334,15.652436256408691,15.642400741577148,-3.557617425918579,3.913012981414795,-1.0433826446533203,-0.7543075680732727,8.983377456665039,6.620288848876953,0.4716811180114746,-0.8005576729774475,-7.1295928955078125,-6.186546325683594,5.138652324676514,4.463679313659668
318,-7.982237339019775,9.824259757995605,-4.616975784301758,-1.3929088115692139,8.237015724182129,8.530891418457031,-0.48022374510765076,-3.130277156829834,-3.463235378265381,-3.3484079837799072,4.127581596374512,16.533679962158203,-3.4779322147369385,-3.129314422607422,-6.844891548156738,-5.573737621307373,3.1165246963500977,2.362738847732544,5.740499973297119,2.8927109241485596,-12.612292289733887,-13.406595230102539,15.379138946533203,-0.010394980199635029,-3.5983710289001465,4.217014312744141,-1.0974388122558594,-0.24437113106250763,8.334918022155762,6.101339340209961,-0.16760040819644928,-0.4908956289291382,-6.657904148101807,-6.3336591720581055,5.0380635261535645,4.029233455657959
319,-7.734699249267578,9.96773910522461,-2.501152753829956,1.6720314025878906,8.237235069274902,8.36919116973877,0.20832867920398712,-3.064692974090576,-3.197805643081665,-3.055868148803711,4.263704299926758,13.925997734069824,-4.219740867614746,-3.303434133529663,-9.094197273254395,-5.378114700317383,3.202608585357666,2.6483683586120605,3.9404351711273193,1.8502027988433838,-13.1986083984375,-13.439492225646973,15.408709526062012,-3.1343079172074795e-05,-3.954167366027832,4.1677021980285645,-0.6155834197998047,0.39936888217926025,8.359331130981445,5.1645402908325195,0.07370506972074509,-0.5711988806724548,-5.6189284324646,-6.731864929199219,4.996957778930664,3.0530145168304443
320,-7.792397975921631,9.77103042602539,-1.0722007751464844,2.9900283813476562,8.170169830322266,7.979651927947998,-1.3901008367538452,-2.9703173637390137,-3.0396687984466553,-2.729870557785034,4.312549591064453,8.562968254089355,-3.856019973754883,-2.334301233291626,-9.545853614807129,-3.8889472484588623,3.5200350284576416,3.9568698406219482,1.7441574335098267,0.6923156976699829,-13.545037269592285,-13.93758487701416,15.479414939880371,0.007532459683716297,-4.229818820953369,4.201056480407715,-0.23985308408737183,0.5654610991477966,8.588719367980957,4.4020867347717285,-0.31228452920913696,-0.572928249835968,-5.6517486572265625,-6.929170608520508,5.104090213775635,1.5643010139465332
321,-7.91766881942749,9.6226167678833,-0.3010057210922241,2.392774820327759,8.078364372253418,7.696298122406006,-1.7604693174362183,-1.3920233249664307,-2.9219818115234375,-2.7743008136749268,4.267162799835205,-3.4449799060821533,-3.3841652870178223,-1.614619493484497,-9.287628173828125,-2.761850357055664,3.834846258163452,4.02902364730835,-0.2030923068523407,2.2025668621063232,-13.969158172607422,-14.137049674987793,15.594335556030273,-6.880544185638428,-4.269742965698242,4.274819850921631,-0.04557234048843384,0.4176604151725769,8.301390647888184,3.5967962741851807,-0.361552357673645,-0.21946841478347778,-5.842767238616943,-7.164943695068359,5.359414100646973,-1.169848084449768
322,-8.041021347045898,9.337404251098633,0.5758662819862366,0.6008294820785522,7.950686931610107,7.3459320068359375,-4.365162372589111,1.6229220628738403,-2.4912757873535156,-2.458272695541382,4.226198673248291,-3.602139949798584,-3.132561683654785,-1.5170328617095947,-8.918651580810547,-2.678847312927246,4.203599452972412,3.913177490234375,-3.0209054946899414,5.2975754737854,-15.177945137023926,-15.025299072265625,15.585110664367676,-15.648073196411133,-3.9995932579040527,4.19547176361084,0.12239259481430054,0.04867403209209442,8.01794147491455,2.9764044284820557,-1.0500205755233765,0.5195702314376831,-5.926628112792969,-7.084219455718994,5.439094543457031,-5.185248851776123
323,-8.10152816772461,9.56350326538086,2.0110960006713867,0.12227807193994522,7.8306498527526855,7.328666687011719,-2.3618903160095215,-0.45171263813972473,-2.154397487640381,-2.2417287826538086,4.368920803070068,-4.136258602142334,-2.9399807453155518,-1.57999587059021,-7.85051155090332,-2.3456594944000244,4.495384216308594,3.26326847076416,-4.5342817306518555,5.123517990112305,-15.454251289367676,-15.391706466674805,15.553332328796387,-15.684185981750488,-4.177860260009766,4.491264820098877,0.35751134157180786,0.005867704749107361,7.5560712814331055,2.648674249649048,-0.47172659635543823,-0.16597825288772583,-5.86190938949585,-6.868806838989258,5.578602313995361,-5.485474586486816
324,-8.155232429504395,9.527713775634766,2.7345972061157227,-0.6610850691795349,7.755711078643799,7.128861427307129,-2.289388656616211,-2.7236709594726562,-2.111246109008789,-2.107179641723633,4.407428741455078,-4.215566635131836,-2.7307398319244385,-1.2651822566986084,-6.517927169799805,-2.0965752601623535,5.070909023284912,4.2189555168151855,-5.658853054046631,3.8960111141204834,-15.503337860107422,-15.55155086517334,15.51427173614502,-15.675326347351074,-4.149083137512207,4.692336559295654,0.46763426065444946,-0.17420466244220734,7.396671772003174,2.604947566986084,-0.5560757517814636,-0.5504357218742371,-5.795958995819092,-6.69038724899292,5.603589057922363,-5.448522567749023
325,-8.181998252868652,9.377815246582031,2.802354097366333,-0.8058370351791382,7.520469665527344,6.311947345733643,-1.3828825950622559,-3.420246124267578,-2.080202579498291,-9.194724082946777,4.4828200340271,-4.165010452270508,-1.7197422981262207,-0.4367724657058716,-4.752028942108154,-0.7914074659347534,5.7532267570495605,4.858032703399658,-6.277120590209961,2.0400726795196533,-15.697919845581055,0.04697013273835182,15.018325805664062,-15.69751262664795,-4.113618850708008,4.9211225509643555,0.4773944020271301,-0.17770971357822418,6.8935160636901855,2.139646053314209,-0.3044636845588684,-0.6508723497390747,-5.613165378570557,-6.3848557472229,5.6070942878723145,-5.318914890289307
326,-8.672768592834473,8.961376190185547,2.255551338195801,-1.851028323173523,7.287741184234619,6.672958850860596,-2.1718881130218506,-4.6098952293396,-2.021589517593384,-9.149235725402832,4.262484550476074,-4.2275896072387695,-0.856337308883667,0.9336053729057312,-2.870054244995117,-0.09586559236049652,6.911266803741455,5.292431831359863,-7.288293361663818,-0.5457355976104736,-15.620844841003418,0.006170496344566345,15.683897018432617,-15.682559967041016,-4.273005485534668,5.013152122497559,0.3895416855812073,-0.4137189984321594,6.447074890136719,2.533355951309204,-0.6075078845024109,-0.9629858732223511,-5.579704284667969,-5.562000274658203,5.476664066314697,-5.5786213874816895
327,-9.068741798400879,8.713561058044434,1.7488594055175781,-1.9714343547821045,6.775155067443848,5.909389495849609,-0.5201393365859985,-4.266359329223633,-9.139084815979004,-9.176990509033203,4.1362481117248535,-4.277434825897217,-0.47402945160865784,1.2409558296203613,-2.1412906646728516,-0.3781245946884155,8.160561561584473,5.975052833557129,-7.3797831535339355,-3.442603588104248,-0.0004175826907157898,-0.07131528109312057,15.478177070617676,-15.7001371383667,-4.262381076812744,4.947628974914551,0.31111425161361694,-0.4016335606575012,5.388084888458252,1.9545401334762573,-0.05650825425982475,-0.925125241279602,-5.335947513580322,-5.237492561340332,5.343789100646973,-5.356127738952637
328,-8.641152381896973,8.794061660766602,4.25691556930542,-4.86137056350708,6.598755359649658,4.953232288360596,-4.27766227722168,-5.902538299560547,-8.92613410949707,-9.079118728637695,17.81747055053711,-4.249382019042969,-0.7657665610313416,1.330793857574463,-0.238083153963089,-1.8888366222381592,8.968684196472168,5.883666038513184,-3.8633999824523926,-7.4198689460754395,-0.07643330842256546,0.000900843704584986,0.008083157241344452,-15.639982223510742,-3.7782773971557617,4.806123733520508,0.931247889995575,-1.1537535190582275,5.278519630432129,1.408425211906433,-1.1296260356903076,-1.5974080562591553,-3.731708288192749,-4.647075653076172,4.545269966125488,-5.628895282745361
329,-8.67131233215332,8.52232551574707,5.263115882873535,-3.1869707107543945,6.093818664550781,4.614892482757568,-4.405677318572998,-5.001891136169434,-7.954544544219971,-8.929850578308105,10.060690879821777,-4.3654279708862305,-1.469877004623413,1.4532926082611084,0.9124323725700378,-3.3986477851867676,9.994772911071777,6.445003509521484,-5.474012851715088,-11.316638946533203,-0.018682332709431648,-0.04704774171113968,0.02967596799135208,-15.456924438476562,-4.397095680236816,4.021477699279785,1.134992003440857,-0.6427887082099915,3.7725014686584473,1.353919267654419,-1.0771584510803223,-1.507238745689392,-2.281179904937744,-3.849447011947632,1.8046053647994995,-5.3006272315979
330,-8.573976516723633,8.503337860107422,3.2541844844818115,-2.1963582038879395,4.957054138183594,3.6800267696380615,-2.214331865310669,-5.696107387542725,-5.14512300491333,-8.321976661682129,3.643519639968872,-4.166384696960449,-2.0059523582458496,1.8225266933441162,1.8100802898406982,-4.342696189880371,10.79831314086914,6.823938846588135,-6.499218463897705,-15.764265060424805,-0.006904840003699064,-0.03358479589223862,0.034152865409851074,-15.509191513061523,-4.436189651489258,4.326055526733398,0.6140510439872742,-0.4676540493965149,1.9703867435455322,0.9889538288116455,-0.4625557065010071,-2.3765928745269775,-1.0138978958129883,-2.646963596343994,0.4870487451553345,-4.7441840171813965
331,-8.325662612915039,8.484375953674316,1.3652353286743164,-1.7517714500427246,1.620500922203064,3.085299491882324,-1.6951056718826294,-4.981931686401367,1.205168604850769,-6.296733856201172,-2.950571298599243,-4.0688066482543945,-2.9740352630615234,2.2090320587158203,2.8716745376586914,-5.1304192543029785,10.169934272766113,7.469226837158203,-2.635812520980835,-19.32991600036621,1.3277652263641357,-0.010323593392968178,-15.621065139770508,-14.436053276062012,-4.523715019226074,4.844157695770264,0.22667813301086426,-0.40052735805511475,0.30676034092903137,0.8346716165542603,-0.3287981152534485,-2.860386610031128,0.494638055562973,-1.4037196636199951,-3.930917501449585,-3.86944842338562
332,-8.087180137634277,8.426339149475098,-1.130768895149231,-1.2243708372116089,-2.521259069442749,1.1547824144363403,-3.8111188411712646,-4.4287519454956055,5.025278091430664,4.426028728485107,-4.449631214141846,-4.022536754608154,-3.0760791301727295,2.557574987411499,2.6387650966644287,-5.294190406799316,7.035752296447754,7.6762871742248535,-4.465714454650879,-19.80206871032715,12.638550758361816,6.520628452301025,-15.695184707641602,-12.789985656738281,-4.487709999084473,5.390305519104004,-0.3035712242126465,-0.27349165081977844,-0.5735195875167847,0.21375593543052673,-0.9717794060707092,-2.9243133068084717,4.368187427520752,1.8441535234451294,-6.988173007965088,-2.426788091659546
333,-8.091498374938965,8.542125701904297,-5.1130218505859375,-1.1506781578063965,-4.780378341674805,-2.025143623352051,-7.763246059417725,-3.839623212814331,1.873265266418457,3.508408784866333,-4.604522705078125,-1.9252676963806152,-1.2662168741226196,0.5223501324653625,-0.03997429460287094,-6.2247185707092285,1.6078916788101196,4.793869972229004,-8.183525085449219,-19.64606475830078,15.457905769348145,15.22624397277832,-15.639666557312012,-8.676323890686035,-2.9943957328796387,5.195748805999756,-1.1411967277526855,-0.28019505739212036,-1.0163862705230713,-0.46167585253715515,-2.3455066680908203,-2.335263967514038,7.3090715408325195,6.778149127960205,-6.870667934417725,-0.5210713148117065
334,-4.740451335906982,8.769554138183594,-2.877880334854126,0.12197382003068924,-0.7793660759925842,-5.136892318725586,-7.138416290283203,-1.1091418266296387,1.9386475086212158,2.0748507976531982,-4.303523540496826,8.665207862854004,-1.1794095039367676,-1.2022501230239868,-0.920163631439209,-5.584281921386719,1.3074020147323608,1.253933310508728,-12.453232765197754,-18.7320499420166,15.477460861206055,15.542043685913086,-15.294578552246094,14.852075576782227,-0.8765423893928528,2.809307098388672,-0.5178816914558411,0.07827307283878326,-0.016591660678386688,-1.2305560111999512,-2.4158098697662354,-0.28209325671195984,7.518249034881592,6.651220321655273,-5.66812801361084,3.462628126144409
335,3.56976056098938,0.14225582778453827,-1.5798906087875366,1.4850258827209473,-5.6232781410217285,-7.65970516204834,-6.0641093254089355,12.757282257080078,2.01617693901062,2.0324208736419678,-4.876011848449707,4.127363681793213,2.8475024700164795,-2.802288055419922,0.1636050045490265,-3.0005733966827393,-2.9675419330596924,-2.038294792175293,-15.9920072555542,-7.836994647979736,15.687113761901855,15.613825798034668,-14.840075492858887,15.701776504516602,1.2029716968536377,-0.2942727208137512,-0.26953262090682983,0.3032299876213074,-1.6479572057724,-2.8282251358032227,-2.559295892715454,2.3763234615325928,6.423778057098389,6.461611747741699,-6.127745151519775,6.362298965454102
336,2.561309814453125,-0.6230355501174927,-1.6424509286880493,0.46463367342948914,-6.529686450958252,-7.586770534515381,-0.6102959513664246,16.0449161529541,6.367295742034912,2.006392002105713,-4.306789398193359,4.4068732261657715,7.46366024017334,-3.8836135864257812,0.3901291489601135,1.0214624404907227,-9.111639976501465,-6.5879435539245605,-16.73225975036621,6.167747974395752,9.74376392364502,15.674007415771484,-15.566217422485352,15.70087718963623,0.5991369485855103,-0.1732497364282608,-0.3244851231575012,0.05811336636543274,-2.846524238586426,-4.4576921463012695,0.1203731819987297,4.439736843109131,6.158757209777832,6.8137712478637695,-5.584465503692627,6.28261137008667
337,-7.530035495758057,1.20534348487854,5.3653764724731445,0.5300154089927673,-5.403088092803955,-6.509021282196045,18.416563034057617,10.957250595092773,3.7046597003936768,5.527609825134277,-3.8649003505706787,4.46749210357666,6.905733585357666,-2.585082530975342,2.3455517292022705,4.765876770019531,-13.512971878051758,-11.212347984313965,-7.489003658294678,13.335450172424316,12.38433837890625,10.603473663330078,-15.685194969177246,15.650931358337402,-2.2248895168304443,0.2919350266456604,1.4394679069519043,0.12327282130718231,-4.276818752288818,-5.273401260375977,3.760211706161499,4.325024604797363,6.489968299865723,6.555367946624756,-4.369343280792236,6.06132698059082
338,-6.697006702423096,3.037810802459717,4.901296615600586,2.1830649375915527,-4.983901023864746,-4.9869842529296875,18.043907165527344,10.237432479858398,3.3379969596862793,3.3024301528930664,-3.885169506072998,4.455872058868408,3.3064777851104736,-3.7419140338897705,-1.475658655166626,4.1330976486206055,-13.969802856445312,-14.845054626464844,3.2338545322418213,16.500274658203125,13.107032775878906,14.064181327819824,-15.669568061828613,15.678302764892578,-1.3620526790618896,0.6065757274627686,0.9269154667854309,0.5783551335334778,-7.05237340927124,-6.049065589904785,4.496947288513184,6.783963203430176,7.405994892120361,6.403261661529541,-4.689900875091553,6.323065757751465
339,-2.991675853729248,4.849201679229736,6.018673419952393,3.7082033157348633,-4.664133071899414,-4.511206150054932,13.003209114074707,9.189850807189941,2.777958631515503,2.5294411182403564,-3.6126153469085693,4.562636375427246,2.317796230316162,-1.0578078031539917,0.23335665464401245,5.843333721160889,-15.816251754760742,-15.706539154052734,12.42651081085205,17.276466369628906,14.916561126708984,14.792490005493164,-15.70004940032959,15.582732200622559,-0.4398226737976074,1.0753384828567505,1.2344365119934082,0.9738442301750183,-8.768645286560059,-6.454676151275635,4.755590438842773,7.395077705383301,7.5218095779418945,6.824152946472168,-4.025660514831543,6.7189788818359375
340,0.5599506497383118,5.616968631744385,7.97238302230835,5.171342372894287,-4.174676418304443,-4.297632217407227,8.778488159179688,9.23755931854248,2.064206123352051,2.4084653854370117,-2.947697162628174,4.572031021118164,4.263684272766113,3.4767355918884277,7.238619804382324,9.96196174621582,-16.9123592376709,-16.39073944091797,19.129087448120117,16.72689437866211,15.659021377563477,14.947124481201172,-15.670425415039062,15.679043769836426,0.2546517252922058,1.470251441001892,2.044877767562866,1.5535554885864258,-8.394227027893066,-5.103070259094238,5.235772609710693,7.017255783081055,7.884829998016357,6.580566883087158,-2.8965163230895996,6.601236343383789
341,1.8620123863220215,6.333311080932617,9.333645820617676,4.195556640625,-2.670592784881592,8.972153663635254,5.883752822875977,8.3425931930542,2.018373727798462,3.1712405681610107,-1.8054131269454956,4.4205169677734375,7.920921325683594,7.881519317626953,16.572906494140625,13.987689971923828,-17.297298431396484,-12.0747709274292,20.23300552368164,15.501797676086426,15.69786262512207,9.776450157165527,-15.6928071975708,15.658190727233887,0.544305145740509,2.7070555686950684,4.206532955169678,1.4427286386489868,-1.3080514669418335,3.567403554916382,4.441415786743164,4.387825965881348,7.426585674285889,6.135858535766602,-1.4991695880889893,5.663505554199219
342,-7.501715183258057,6.384153842926025,5.853771686553955,0.45351141691207886,10.278225898742676,10.997030258178711,4.514929294586182,2.3044774532318115,2.0075130462646484,1.628954529762268,-0.7876723408699036,4.264463424682617,5.499466419219971,7.800036907196045,20.799259185791016,13.694640159606934,-13.20591926574707,-3.746534585952759,19.11375617980957,13.172195434570312,15.196030616760254,1.669404149055481,-15.545408248901367,15.656015396118164,-2.1847033500671387,4.180480480194092,3.97849702835083,-0.06350632011890411,7.27743673324585,7.6526007652282715,2.709698438644409,0.3611624240875244,7.237656593322754,0.18688367307186127,-0.5378828644752502,5.451133728027344
343,-9.893811225891113,7.019739627838135,0.6464165449142456,-9.350565910339355,11.132964134216309,8.999661445617676,-1.218519687652588,-17.642133712768555,6.587921619415283,-4.533241271972656,2.8712451457977295,4.138569355010986,0.957857608795166,3.1137125492095947,14.628371238708496,5.701282501220703,-5.493070125579834,3.0213077068328857,14.677229881286621,5.064378261566162,3.793174982070923,-12.005217552185059,2.701728582382202,15.797085762023926,-3.9172065258026123,2.9561986923217773,-0.22296008467674255,-1.7497752904891968,10.95125675201416,7.311563491821289,-0.6897776126861572,-4.2994771003723145,4.5267109870910645,-8.635512351989746,0.8281657099723816,5.220209121704102
344,-7.660244941711426,8.284940719604492,-9.782374382019043,-5.178813457489014,8.74999713897705,7.989182472229004,-0.07963917404413223,-9.561549186706543,-4.495574474334717,-3.0302236080169678,4.135391712188721,4.014669895172119,-0.09186694025993347,-1.412068247795105,2.566181182861328,-0.6316609978675842,2.8951427936553955,4.207376956939697,10.15410327911377,-0.17315298318862915,-10.856152534484863,-13.218088150024414,15.661114692687988,15.644270896911621,-1.8705685138702393,2.973695755004883,-1.9814863204956055,-0.884165346622467,10.247121810913086,6.204290390014648,0.016529221087694168,-1.6895941495895386,-9.7442626953125,-5.849310398101807,5.335606098175049,4.656999111175537
345,-7.914046764373779,9.738225936889648,-5.701223373413086,-2.1779518127441406,8.276138305664062,7.861935138702393,0.04532873257994652,-4.33221435546875,-3.676474094390869,-3.2510793209075928,4.032254695892334,3.7166712284088135,-3.3015384674072266,-3.174349069595337,-4.496188640594482,-4.197293281555176,2.938131332397461,4.202026844024658,6.791270732879639,-0.4688922166824341,-11.807031631469727,-12.886920928955078,15.636455535888672,10.385442733764648,-3.328315496444702,4.44434928894043,-1.1620430946350098,-0.3868364691734314,9.177875518798828,5.594962120056152,0.017020422965288162,-0.7427726984024048,-6.4347405433654785,-6.016941070556641,5.086370468139648,4.176248550415039
346,-7.509553909301758,10.016318321228027,-4.5603508949279785,0.5826224088668823,8.260400772094727,7.89845085144043,-1.300369381904602,-2.087862730026245,-3.512690782546997,-3.2412402629852295,4.053083896636963,15.369199752807617,-4.813475608825684,-3.6434197425842285,-9.070409774780273,-5.695445537567139,2.826172113418579,3.7856523990631104,3.6336472034454346,2.074126720428467,-12.241829872131348,-13.187484741210938,15.437485694885254,-0.002390907844528556,-3.452530860900879,4.4743194580078125,-1.1935548782348633,0.20925919711589813,8.796969413757324,4.8194169998168945,-0.2670474648475647,-0.288158118724823,-5.861936569213867,-6.429640769958496,5.000097751617432,3.577944278717041
347,-7.441673755645752,10.084418296813965,-2.4460110664367676,3.5004336833953857,8.168557167053223,7.947200775146484,0.6018354296684265,-3.115290403366089,-3.0641937255859375,-3.1035971641540527,4.30579137802124,12.19096565246582,-4.6114091873168945,-3.1058530807495117,-10.518391609191895,-4.2792205810546875,3.5330851078033447,3.690607786178589,2.409907579421997,0.9180134534835815,-13.32487678527832,-13.524971961975098,15.383095741271973,0.009419023059308529,-3.7016358375549316,4.405689239501953,-0.6531435251235962,0.6984873414039612,8.298504829406738,4.28031063079834,0.20087896287441254,-0.6362460851669312,-5.559350967407227,-6.695682525634766,5.048281192779541,2.539630651473999
348,-7.6568427085876465,9.900285720825195,-0.8762083053588867,3.1986615657806396,8.081083297729492,7.763336181640625,-0.9051058292388916,-2.9664828777313232,-3.0327951908111572,-2.9014337062835693,4.333195209503174,3.1119534969329834,-4.121161460876465,-2.4274253845214844,-10.604704856872559,-2.4917852878570557,3.8010528087615967,4.030208110809326,0.831768810749054,-0.2780707776546478,-13.816817283630371,-13.910615921020508,15.483247756958008,0.008520985022187233,-4.011574745178223,4.555279731750488,-0.1832626461982727,0.5735651254653931,8.452892303466797,3.665555238723755,-0.22990544140338898,-0.5890542268753052,-5.708585739135742,-6.9596991539001465,5.237777233123779,0.27696412801742554
349,-7.8789286613464355,9.6146821975708,-0.012797561474144459,1.7787114381790161,7.983164310455322,7.388427734375,-3.162909746170044,0.13062112033367157,-2.5490331649780273,-2.7466530799865723,4.321199417114258,-2.74039888381958,-3.4703867435455322,-1.5672862529754639,-9.979059219360352,-1.8788437843322754,3.9945807456970215,4.4226884841918945,-1.6978343725204468,4.361064434051514,-15.05960750579834,-14.2424898147583,15.546675682067871,-15.675302505493164,-3.8531672954559326,4.596146583557129,0.047048747539520264,0.2836766242980957,8.313990592956543,2.9903156757354736,-0.7377521991729736,0.14837974309921265,-5.9482550621032715,-7.252095699310303,5.500244140625,-3.6796276569366455
350,-7.939850807189941,9.50723648071289,1.4200904369354248,0.42398738861083984,8.007948875427246,6.686978340148926,-2.7689099311828613,0.19449490308761597,-2.2086896896362305,-2.5988566875457764,4.355717182159424,-3.960458517074585,-3.205500364303589,-1.219032883644104,-9.0713472366333,-1.3116151094436646,3.9085044860839844,4.7350053787231445,-3.634892463684082,4.192257881164551,-15.329900741577148,-14.524529457092285,15.564779281616211,-15.685318946838379,-3.869495391845703,4.707233428955078,0.2575405240058899,0.033097073435783386,7.798603534698486,2.2641470432281494,-0.6063641309738159,0.048136062920093536,-5.955525875091553,-6.888097763061523,5.570530891418457,-5.369558334350586
351,-8.024253845214844,9.445079803466797,2.5411417484283447,-0.4870450496673584,7.946292877197266,6.2356157302856445,-2.3713817596435547,-1.943566083908081,-2.1784987449645996,-2.4849390983581543,4.396620273590088,-4.132164478302002,-2.895515203475952,-0.981821596622467,-7.70870304107666,-0.9382490515708923,4.460477352142334,5.052853584289551,-5.01831579208374,3.2238738536834717,-15.383934020996094,-14.762333869934082,15.53909969329834,-15.67892074584961,-3.8270139694213867,4.950606346130371,0.4332100749015808,-0.13580168783664703,7.6539716720581055,2.0167131423950195,-0.546977698802948,-0.42077744007110596,-5.903661727905273,-6.678200721740723,5.607714653015137,-5.308013916015625
352,-8.628615379333496,8.900601387023926,2.7318437099456787,-1.1742838621139526,7.8387017250061035,5.803980827331543,-1.9018057584762573,-3.0402262210845947,-2.1121749877929688,-2.3720579147338867,4.365012168884277,-4.189483642578125,-0.40738505125045776,-0.00787818431854248,-4.384629726409912,1.5866689682006836,4.73795747756958,4.932116508483887,-6.184907913208008,1.6267187595367432,-15.46099853515625,-0.9362964630126953,15.703036308288574,-15.678749084472656,-3.7572433948516846,5.232009410858154,0.4717424511909485,-0.25191444158554077,7.238682270050049,1.788706660270691,-0.4567493200302124,-0.6095918416976929,-5.7782158851623535,-6.397116184234619,5.6132493019104,-5.233481407165527
353,-8.880850791931152,8.62395191192627,1.8421564102172852,-4.128159523010254,7.664802074432373,6.010631561279297,-1.8399039506912231,-6.038834571838379,-2.048313617706299,-9.162304878234863,4.398804664611816,-4.216476917266846,-0.34008827805519104,1.4888380765914917,-3.575928211212158,0.7669674754142761,5.448469638824463,6.948498725891113,-7.0095624923706055,-1.5596308708190918,-15.612337112426758,-0.0012371176853775978,15.634946823120117,-15.612809181213379,-4.098352909088135,5.428791046142578,0.30168718099594116,-0.9083240628242493,6.637070178985596,2.4147837162017822,-0.47209298610687256,-1.3575189113616943,-5.788352012634277,-5.5483527183532715,5.597062110900879,-5.563689231872559
354,-8.820113182067871,8.613022804260254,0.9785676598548889,-3.184894323348999,7.258969306945801,4.640002250671387,-2.234278440475464,-4.055699825286865,-2.051644802093506,-9.116496086120605,4.201303005218506,-4.264145374298096,-0.6015563607215881,2.052795886993408,-3.1889562606811523,-0.19843193888664246,7.287659168243408,7.793132305145264,-7.951197147369385,-4.532529354095459,-15.57657241821289,-0.02632110007107258,15.647122383117676,-15.563312530517578,-3.8954074382781982,5.573006629943848,0.14752858877182007,-0.6037123799324036,5.646737575531006,1.3739583492279053,-0.6219170689582825,-0.8574247360229492,-5.495574951171875,-4.9905266761779785,5.26182222366333,-5.302287578582764
355,-8.649916648864746,8.457290649414062,1.6725767850875854,-3.0793519020080566,6.337459087371826,2.984206199645996,-2.0598976612091064,-5.156118869781494,-9.141151428222656,-9.088827133178711,4.18175745010376,-4.210910797119141,-0.5592833161354065,2.5590100288391113,-2.643341541290283,-1.2314903736114502,9.4989013671875,7.896960258483887,-8.660103797912598,-7.991386890411377,0.06329776346683502,-0.02805730514228344,15.670665740966797,-15.494283676147461,-4.08585262298584,5.852607250213623,0.32917898893356323,-0.6368997693061829,4.799705982208252,0.7684804201126099,-0.5640285611152649,-1.4100151062011719,-5.122656345367432,-4.604516506195068,5.115040302276611,-5.096252918243408
356,-8.667709350585938,8.35599422454834,4.190447807312012,-5.333883285522461,6.414581775665283,1.4819515943527222,-5.232768535614014,-5.889926433563232,-8.51110553741455,-8.891547203063965,16.70182228088379,-4.175002574920654,-0.596503496170044,2.9133946895599365,-1.052592158317566,-3.428999900817871,8.92362117767334,7.716917514801025,-5.586965084075928,-12.222311973571777,-0.028986303135752678,-0.021718423813581467,0.009913384914398193,-15.660086631774902,-3.5796422958374023,5.4954633712768555,0.8993227481842041,-1.2886990308761597,4.245173931121826,0.32704225182533264,-1.4001421928405762,-1.97408127784729,-2.8362820148468018,-3.6615569591522217,4.026291370391846,-5.195232391357422
357,-8.822498321533203,8.07594108581543,4.410205841064453,-4.5740647315979,5.9477410316467285,2.17006778717041,-6.388606548309326,-5.496572971343994,-5.986502170562744,-8.397128105163574,7.107199192047119,-4.071451663970947,-0.5416511297225952,4.1957855224609375,0.3269627094268799,-5.615496635437012,8.735057830810547,9.159710884094238,-8.01119613647461,-16.48661994934082,-0.014799998141825199,-0.0032285021152347326,0.04140682518482208,-15.56818675994873,-4.056510925292969,4.936427116394043,0.8960864543914795,-1.0794727802276611,2.6388847827911377,0.6627374887466431,-1.8132197856903076,-2.3533897399902344,-1.2718361616134644,-2.734039545059204,1.0750787258148193,-4.888611793518066
358,-8.690071105957031,7.8195648193359375,0.9698787927627563,-4.094059467315674,4.218038558959961,-2.2466325759887695,-3.706296920776367,-4.754969596862793,0.8411627411842346,-5.762940883636475,-5.395008563995361,-4.072280406951904,-1.4935250282287598,3.9078056812286377,0.504565954208374,-8.017849922180176,8.04319953918457,8.046465873718262,-6.394330024719238,-19.406570434570312,0.9679290652275085,0.00023723160848021507,-11.080208778381348,-14.306626319885254,-3.86732816696167,5.617199897766113,0.06833904981613159,-1.0760886669158936,1.2220227718353271,-0.5408201217651367,-0.9196434020996094,-2.8615529537200928,0.43647581338882446,-1.1960500478744507,-1.7618871927261353,-3.6135971546173096
359,-8.140676498413086,8.272530555725098,-1.5026376247406006,-2.660781145095825,2.7133233547210693,-4.742976665496826,-2.7577924728393555,-4.268340110778809,5.161244869232178,5.345509052276611,-4.030356407165527,-3.7253334522247314,-2.8518314361572266,1.7892405986785889,-0.20251332223415375,-8.966780662536621,7.821691989898682,4.477619171142578,-6.677349090576172,-19.50822639465332,12.104395866394043,9.409528732299805,-15.689157485961914,-12.361289978027344,-3.4055845737457275,5.575689792633057,-0.3935917615890503,-0.6900009512901306,0.6876926422119141,-0.9421050548553467,-0.6241608262062073,-2.6938722133636475,4.4030842781066895,3.438397169113159,-6.655029296875,-2.0535569190979004
360,-7.6328020095825195,8.837015151977539,-0.5254872441291809,-2.145585060119629,-0.8881718516349792,-5.557668685913086,-3.122429370880127,-2.3382837772369385,2.050010919570923,2.4521310329437256,-4.515072345733643,-1.5434876680374146,-0.8699812293052673,-0.4953247308731079,-0.20596686005592346,-8.924971580505371,3.235569477081299,1.6524955034255981,-8.581578254699707,-18.45326042175293,15.693445205688477,15.543030738830566,-15.694193840026855,-8.295504570007324,-2.399031400680542,3.9619340896606445,-0.06928925216197968,-0.5855104923248291,-0.321725070476532,-1.2220464944839478,-0.8731810450553894,-1.0415971279144287,6.933017253875732,6.745893478393555,-6.701888561248779,-0.3426345884799957
361,-4.672725677490234,5.756480693817139,0.9465392827987671,-0.8692635297775269,-0.3884449899196625,-6.944080352783203,-3.2966296672821045,7.737561225891113,2.003129243850708,1.9924702644348145,-4.447091579437256,8.663556098937988,0.17224818468093872,-0.8464955687522888,1.062687873840332,-7.704843521118164,1.8080024719238281,0.471001535654068,-10.672435760498047,-12.31026840209961,15.842663764953613,15.60081672668457,-15.656291007995605,15.699329376220703,-0.8918150663375854,1.104487657546997,0.2476387619972229,-0.1672719568014145,-0.05724092572927475,-1.8647421598434448,-1.0112260580062866,1.495473861694336,7.275811672210693,6.168421268463135,-6.027897834777832,3.9852311611175537
362,1.611070156097412,-4.801631450653076,2.6708250045776367,0.7155248522758484,-4.943312168121338,-7.964513778686523,-2.5169663429260254,15.17683219909668,1.9548105001449585,2.0303139686584473,-4.649913311004639,4.174138069152832,2.5229973793029785,-4.256561279296875,3.345836877822876,-4.5058698654174805,-2.5717523097991943,-4.741135120391846,-12.432206153869629,1.0651174783706665,15.700000762939453,4.9499053955078125,-15.605900764465332,15.672972679138184,0.6028735041618347,-1.9716523885726929,0.6522565484046936,0.18596874177455902,-1.3671231269836426,-3.7336368560791016,-0.7931553721427917,3.338197708129883,6.718496799468994,5.84769344329834,-6.756518840789795,6.150416374206543
363,-1.5270676612854004,0.06167089566588402,-4.309723854064941,3.227682113647461,-6.2508320808410645,-6.344325065612793,6.488739013671875,11.932685852050781,2.008161783218384,5.413450717926025,-4.332253932952881,4.350559234619141,3.8634824752807617,-7.261846542358398,1.6434669494628906,-0.3083915412425995,-6.023700714111328,-11.852804183959961,-10.083687782287598,10.597277641296387,15.672975540161133,11.534696578979492,-15.619230270385742,15.693379402160645,-0.3972450792789459,0.21166206896305084,-1.057734727859497,0.6985452771186829,-2.308906316757202,-4.146416187286377,1.2978785037994385,3.8578310012817383,6.892452239990234,6.290571689605713,-5.448516368865967,6.021885871887207
364,-4.172493934631348,4.555227756500244,2.087116003036499,-1.085486650466919,-6.822989463806152,-5.018103122711182,11.617830276489258,9.78050422668457,2.188112735748291,3.1539173126220703,-3.868537187576294,4.3443827629089355,5.1965155601501465,-3.814479351043701,2.133470296859741,1.5039870738983154,-7.847846984863281,-14.13188648223877,-3.9296798706054688,14.81980037689209,7.378091812133789,13.811789512634277,-15.674555778503418,15.625551223754883,-0.8690108060836792,0.9945446252822876,0.6799963116645813,-0.36666393280029297,-4.866821765899658,-5.193450927734375,2.2048096656799316,4.651795387268066,6.656311511993408,6.713310718536377,-4.327520370483398,5.867632865905762
365,-6.413116455078125,3.5290958881378174,3.5763561725616455,4.41817569732666,-6.055594444274902,-4.605076313018799,14.924827575683594,9.074219703674316,4.884620666503906,2.582797050476074,-3.8078651428222656,4.42473030090332,2.8401503562927246,-3.736821174621582,-1.5555928945541382,1.5266830921173096,-12.077341079711914,-15.325953483581543,3.920501708984375,16.641725540161133,11.232207298278809,14.723402976989746,-15.692038536071777,15.599732398986816,-1.4780657291412354,0.6023703217506409,0.7630332708358765,1.1595442295074463,-6.9084954261779785,-5.782127857208252,3.837999105453491,5.616756439208984,7.036113262176514,6.561952114105225,-4.5154643058776855,6.21055269241333
366,-3.12318754196167,3.5436267852783203,6.102804183959961,6.391988277435303,-5.03983211517334,-4.440080165863037,12.673173904418945,8.828742980957031,3.3406500816345215,2.3584539890289307,-3.6545310020446777,4.5198893547058105,2.6439883708953857,-0.6039527058601379,0.7785098552703857,4.825453758239746,-14.901329040527344,-15.931933403015137,12.129884719848633,17.3232364654541,14.131386756896973,15.193506240844727,-15.67518138885498,15.679722785949707,-0.4753924608230591,0.7021065354347229,1.314732313156128,1.5794423818588257,-8.162552833557129,-6.768453598022461,4.701613903045654,6.558202743530273,7.484525203704834,6.616218566894531,-4.132823944091797,6.6163177490234375
367,-0.2936388850212097,3.4197914600372314,8.453913688659668,6.844777584075928,-4.338291168212891,-4.1798295974731445,9.039217948913574,8.890572547912598,2.14424467086792,2.160322427749634,-3.0588457584381104,4.50164794921875,4.255446910858154,3.6636147499084473,7.362770080566406,9.091740608215332,-16.495532989501953,-16.851037979125977,18.463390350341797,16.765295028686523,15.632723808288574,15.472328186035156,-15.672979354858398,15.680560111999512,0.046407707035541534,0.7733038067817688,2.2349343299865723,1.9574658870697021,-7.945132732391357,-5.665482521057129,5.192641258239746,6.374837875366211,7.86595344543457,6.332334041595459,-3.0447628498077393,6.352542877197266
368,1.9245879650115967,5.399190902709961,9.451305389404297,5.5182647705078125,-2.3141887187957764,8.813493728637695,6.026181221008301,7.522439479827881,2.0202996730804443,2.9005558490753174,-1.981407880783081,4.296509265899658,8.155974388122559,8.18847942352295,16.753829956054688,13.693520545959473,-16.762331008911133,-12.65322208404541,20.05721664428711,15.394852638244629,15.696843147277832,10.554539680480957,-15.691133499145508,15.658291816711426,0.6032642126083374,2.045915365219116,4.299377918243408,1.8713942766189575,-0.9598560333251953,3.1637279987335205,4.363207817077637,3.633024215698242,7.520224094390869,6.2598161697387695,-1.6887284517288208,5.248434066772461
369,-7.84609842300415,6.013941287994385,5.680622100830078,0.9315096139907837,10.381540298461914,11.134788513183594,4.157207012176514,0.05727967992424965,2.0094597339630127,3.334597587585449,-0.9651914834976196,4.063932418823242,7.2062907218933105,8.436662673950195,20.892406463623047,13.975963592529297,-11.372151374816895,-4.760943412780762,18.916955947875977,12.31900405883789,10.252793312072754,2.4338696002960205,-15.548548698425293,15.665596008300781,-2.3836848735809326,3.6875336170196533,3.8726460933685303,0.07943896949291229,7.410472393035889,7.721309185028076,2.3337082862854004,-0.5909950733184814,7.2469162940979,0.8425425291061401,-0.7000623345375061,4.896941184997559
370,-10.206639289855957,6.739439487457275,0.4164266586303711,-8.565104484558105,11.122172355651855,9.215250968933105,-1.1712566614151,-19.255943298339844,5.865634918212891,-4.826968669891357,3.5559940338134766,3.9057419300079346,4.432029724121094,3.572496175765991,15.910592079162598,8.249415397644043,-4.598424434661865,2.0139148235321045,14.098978996276855,2.8062362670898438,2.501241683959961,-12.516566276550293,-0.00021982192993164062,15.707051277160645,-4.119357109069824,2.6453094482421875,-0.3312222361564636,-1.6069145202636719,9.926501274108887,7.703888893127441,-0.6349583268165588,-4.903177738189697,2.5552327632904053,-8.944352149963379,0.6732328534126282,4.640607833862305
371,-8.415839195251465,8.142538070678711,-10.137020111083984,-4.869436740875244,8.749512672424316,8.311043739318848,0.097672238945961,-11.06895923614502,-4.223118305206299,-3.476259231567383,4.81272554397583,3.810138463973999,0.5858668088912964,-0.88514244556427,2.628952980041504,1.1242833137512207,2.998082160949707,3.2544033527374268,10.955758094787598,-2.0142178535461426,-11.19921875,-13.167272567749023,15.66680908203125,15.634510040283203,-2.6771512031555176,3.1886839866638184,-2.0061492919921875,-0.7821264266967773,9.277427673339844,6.609059810638428,0.07077532261610031,-2.165494203567505,-9.731353759765625,-6.159856796264648,5.46488618850708,4.701643943786621
372,-7.966145038604736,9.674129486083984,-6.438176155090332,-3.3692219257354736,8.232818603515625,8.169225692749023,0.8335272073745728,-5.150898456573486,-3.544377326965332,-3.263273000717163,4.060088157653809,3.6335432529449463,-3.554206132888794,-3.1487536430358887,-5.48358154296875,-3.781585454940796,3.127185583114624,3.1606717109680176,7.85667085647583,0.7786372303962708,-12.151147842407227,-12.834320068359375,15.622650146484375,0.0012927809730172157,-3.0655221939086914,4.227020740509033,-1.389251470565796,-0.6815772652626038,7.970540523529053,6.390456199645996,0.27943944931030273,-0.9723935127258301,-6.818016052246094,-5.9340972900390625,5.165399074554443,4.0404582023620605
373,-7.426194190979004,10.071806907653809,-4.689845085144043,-0.44852250814437866,8.282561302185059,8.259397506713867,0.4804494082927704,-3.0101559162139893,-3.642690420150757,-3.2757935523986816,4.11086368560791,9.51952075958252,-4.926488876342773,-3.648303508758545,-9.815682411193848,-5.085658550262451,3.7943782806396484,2.9414591789245605,5.650151252746582,-0.1297244131565094,-13.284574508666992,-13.088739395141602,15.663969039916992,0.0021315468475222588,-3.2822675704956055,4.222352981567383,-1.2890636920928955,0.007780298590660095,7.3629021644592285,5.781415939331055,0.10148047655820847,-0.4919079542160034,-5.917605876922607,-6.372308254241943,5.1553874015808105,1.7059134244918823
374,-7.384530544281006,9.907949447631836,-2.406864881515503,2.6696054935455322,7.9423089027404785,8.170400619506836,0.7819344401359558,-0.734276294708252,-3.1289634704589844,-3.0633444786071777,4.172257900238037,6.785080909729004,-5.0958733558654785,-3.6215338706970215,-11.935541152954102,-4.434412479400635,4.027502059936523,3.0403873920440674,4.217305660247803,-0.5893743634223938,-13.347537994384766,-13.75820255279541,15.157050132751465,-0.0009393558138981462,-3.515342950820923,3.936713457107544,-0.6328338980674744,0.5738835334777832,6.72238826751709,4.762228012084961,0.1990172117948532,-0.06265711039304733,-5.906265735626221,-6.6637492179870605,5.314975261688232,1.2836956977844238
375,-7.545478343963623,9.82128620147705,-0.20055852830410004,3.15132737159729,7.918537139892578,7.964656352996826,-2.0223262310028076,-1.1837241649627686,-2.9940075874328613,-2.770336627960205,4.290411949157715,-3.857362747192383,-4.141355514526367,-2.0480728149414062,-11.459959983825684,-2.8609819412231445,4.3188605308532715,3.951633930206299,1.5542200803756714,1.9053218364715576,-13.653112411499023,-14.069023132324219,15.617424011230469,-9.50080680847168,-4.002839088439941,4.071802616119385,0.060679852962493896,0.5859304070472717,7.2183637619018555,4.213237762451172,-0.47597736120224,-0.2566465139389038,-6.051175117492676,-7.0896100997924805,5.483781337738037,-1.289724349975586
376,-7.799261569976807,9.541906356811523,0.6860234141349792,1.3702155351638794,7.8488922119140625,7.686131477355957,-3.389392614364624,1.8577631711959839,-2.885345220565796,-2.7954838275909424,4.312239170074463,-3.660569429397583,-3.6537601947784424,-1.7562304735183716,-10.800607681274414,-2.1760075092315674,4.5559797286987305,3.9555933475494385,-1.2605881690979004,4.19580078125,-13.878957748413086,-14.220338821411133,15.599550247192383,-15.684895515441895,-3.839354991912842,3.960543632507324,0.1319236159324646,0.19339816272258759,6.6808037757873535,3.40631103515625,-0.740994930267334,0.5574403405189514,-6.136500358581543,-6.999870777130127,5.636988162994385,-5.359256744384766
377,-7.947743892669678,9.469849586486816,2.5724823474884033,0.4258851706981659,7.776727199554443,7.448916435241699,-2.2893259525299072,-0.4840072691440582,-2.7660884857177734,-2.6031928062438965,4.367252349853516,-4.179932594299316,-3.259617328643799,-1.2477961778640747,-9.199834823608398,-1.417173981666565,4.769891738891602,4.275010108947754,-2.964940071105957,3.9145240783691406,-14.364603996276855,-14.534382820129395,15.598284721374512,-15.676711082458496,-4.0519022941589355,4.277968883514404,0.4413143992424011,0.04760150611400604,6.539516925811768,3.0926883220672607,-0.4608882665634155,-0.18290644884109497,-6.092296123504639,-6.837053298950195,5.701026916503906,-5.59951114654541
378,-8.055774688720703,9.389854431152344,3.1013543605804443,-0.5128251314163208,7.660107612609863,7.196213245391846,-2.5163731575012207,-2.3231887817382812,-2.3987128734588623,-2.471367835998535,4.396608352661133,-4.243332862854004,-2.978881359100342,-0.9345055222511292,-7.546224117279053,-0.961907148361206,5.229920864105225,4.712336540222168,-4.386795520782471,2.735666275024414,-15.03811264038086,-14.810093879699707,15.561446189880371,-15.677821159362793,-4.045169353485107,4.542723178863525,0.506619393825531,-0.1423540860414505,6.464883804321289,2.859900951385498,-0.5921785235404968,-0.4825005531311035,-6.024291515350342,-6.663407325744629,5.678053379058838,-5.540190696716309
379,-8.129501342773438,9.357019424438477,3.1491405963897705,-0.8570989370346069,7.526759624481201,6.863713264465332,-2.0240232944488525,-3.2589502334594727,-2.19207763671875,-2.3499014377593994,4.423952102661133,-4.221802711486816,-2.7101542949676514,-0.6409651637077332,-5.904327392578125,-0.5544837713241577,5.547450542449951,5.992016792297363,-5.317464351654053,0.9797402620315552,-15.270766258239746,-3.2578306198120117,15.589770317077637,-15.661765098571777,-4.038290500640869,4.8604559898376465,0.5213358998298645,-0.18948139250278473,6.088220119476318,2.611215114593506,-0.468733012676239,-0.6555303931236267,-5.861882209777832,-6.3725199699401855,5.65333890914917,-5.449800968170166
380,-8.69752025604248,8.914036750793457,3.1527092456817627,-1.507405400276184,7.466217994689941,6.624591827392578,-1.803460717201233,-4.826096057891846,-2.1189143657684326,-9.170710563659668,4.276849746704102,-4.390103816986084,-0.6741004586219788,1.2020087242126465,-3.1641957759857178,1.4089417457580566,5.649420738220215,5.669908046722412,-6.29263973236084,-1.9751427173614502,-15.445574760437012,-0.001178510021418333,15.509117126464844,-15.688680648803711,-4.03772497177124,5.118765830993652,0.5671209692955017,-0.3127971887588501,5.459807872772217,2.4535810947418213,-0.4439961314201355,-1.0677528381347656,-5.768752574920654,-5.601777076721191,5.678498268127441,-5.560271739959717
381,-8.757575035095215,8.767609596252441,1.3272780179977417,-2.7326700687408447,7.271103858947754,6.4970197677612305,-2.2324585914611816,-4.551605224609375,-2.132453203201294,-9.139185905456543,4.302918434143066,-4.301170825958252,-0.8699967861175537,1.5040497779846191,-2.6355555057525635,0.8416866064071655,6.6935954093933105,6.630239009857178,-7.243564605712891,-5.211066246032715,-15.42689323425293,0.00045994180254638195,15.618393898010254,-15.61009693145752,-4.163335800170898,5.139708995819092,0.18236428499221802,-0.5742301344871521,4.857332706451416,2.553734064102173,-0.6034049987792969,-1.062641978263855,-5.634355068206787,-5.072784423828125,5.339791297912598,-5.5166449546813965
382,-8.75678539276123,8.66489315032959,2.0663506984710693,-2.6955573558807373,6.659502983093262,5.48040771484375,-2.4245219230651855,-5.14956521987915,-8.852790832519531,-9.117942810058594,4.463804244995117,-4.219030380249023,-1.7392388582229614,0.9225689768791199,-1.0736805200576782,-0.8715639114379883,8.008514404296875,7.4942426681518555,-7.724975109100342,-8.875157356262207,-0.008846249431371689,-0.010743759572505951,15.330421447753906,-15.569192886352539,-4.167850017547607,5.364223480224609,0.4115597605705261,-0.5405214428901672,4.094790935516357,1.8454387187957764,-0.6615275740623474,-1.4396302700042725,-5.2361578941345215,-4.609250068664551,5.031919956207275,-5.125087261199951
383,-8.25753116607666,8.788918495178223,3.792396306991577,-4.502533435821533,6.291536808013916,3.555365562438965,-6.366341590881348,-5.863656997680664,-8.588543891906738,-8.886448860168457,16.476476669311523,-4.121758460998535,-1.8017293214797974,1.6772851943969727,0.7145944237709045,-2.452967882156372,9.317556381225586,7.979853630065918,-5.013622283935547,-13.177044868469238,-0.021736763417720795,-0.02913103811442852,0.011114232242107391,-15.632506370544434,-3.429614543914795,5.421351432800293,0.8408424854278564,-1.048582911491394,3.949544906616211,0.9407790899276733,-1.6834297180175781,-2.077572822570801,-2.958235025405884,-3.6467783451080322,3.930237054824829,-5.058801174163818
384,-8.484652519226074,8.385173797607422,4.162586212158203,-3.9898359775543213,5.2333173751831055,3.13958740234375,-6.9443745613098145,-5.5231428146362305,-6.432747840881348,-8.37421703338623,7.077549934387207,-3.993665933609009,-1.5350620746612549,3.270763397216797,2.2521378993988037,-3.97067928314209,9.71611213684082,9.334867477416992,-7.613927841186523,-17.47606086730957,-0.01201997883617878,-0.012667072005569935,0.03242418169975281,-15.59225845336914,-4.072854042053223,4.980220794677734,0.9086436629295349,-0.8911624550819397,2.0287489891052246,0.9342267513275146,-1.9140582084655762,-2.571420907974243,-1.4419962167739868,-2.7073733806610107,1.0792402029037476,-4.6255388259887695
385,-8.42690372467041,8.067654609680176,1.083217740058899,-3.7869954109191895,2.0642459392547607,0.20185834169387817,-4.426423072814941,-4.614292144775391,-0.7120025157928467,-6.0498738288879395,-5.800312519073486,-4.138179779052734,-2.409414052963257,3.509882688522339,2.603793144226074,-6.102903842926025,8.345162391662598,9.291799545288086,-5.812167644500732,-19.90294075012207,-0.00023201710428111255,0.0009497993160039186,-12.049385070800781,-14.10600471496582,-3.9959826469421387,5.585535049438477,0.11383211612701416,-0.9218376874923706,0.42076656222343445,-0.09718570113182068,-1.1107940673828125,-2.969210386276245,0.07574042677879333,-1.3021135330200195,-1.9462472200393677,-3.4618985652923584
386,-7.933107376098633,8.338902473449707,-2.154616117477417,-2.3469021320343018,0.6103761196136475,-4.689151287078857,-3.7692487239837646,-4.213076114654541,5.392273902893066,5.0487847328186035,-4.063328742980957,-3.5779333114624023,-3.615670680999756,1.620658278465271,1.644234299659729,-7.206956386566162,7.145053386688232,5.307440280914307,-6.683744430541992,-19.85564422607422,10.934294700622559,8.49886417388916,-15.669849395751953,-12.04797077178955,-3.5020875930786133,5.855295181274414,-0.5248044729232788,-0.549123227596283,0.08387894183397293,-0.9898107051849365,-0.8907210826873779,-2.7682912349700928,3.5495049953460693,2.5928022861480713,-6.684946537017822,-1.8592761754989624
387,-7.194061279296875,8.997754096984863,-2.336503744125366,-2.029726266860962,-2.2682552337646484,-4.462859630584717,-5.044197082519531,-2.7109968662261963,2.075327157974243,2.758239507675171,-4.489833354949951,-0.8553949594497681,-1.4871941804885864,-0.9208072423934937,0.7525634765625,-7.786365509033203,2.6309988498687744,1.9317923784255981,-9.281473159790039,-19.10663414001465,15.744348526000977,15.408212661743164,-15.707382202148438,-6.994373798370361,-2.2155208587646484,4.555225372314453,-0.4599164128303528,-0.5271642208099365,-0.50235515832901,-0.8782533407211304,-1.5014469623565674,-1.3690733909606934,6.993082523345947,6.816941261291504,-6.617278099060059,-0.011670976877212524
388,-2.947035551071167,7.51137113571167,-1.0278549194335938,-0.1439073234796524,-0.7565330862998962,-5.4343414306640625,-5.148329257965088,4.729559421539307,2.092400550842285,2.002333641052246,-4.344307899475098,7.625438690185547,-0.12938904762268066,-0.9516311883926392,1.7581963539123535,-6.682850360870361,1.5153868198394775,0.8776713013648987,-12.12659740447998,-15.182921409606934,15.828006744384766,15.65900993347168,-15.701956748962402,15.704194068908691,-0.4442170262336731,1.7536782026290894,-0.15161842107772827,0.05756783485412598,-0.09608324617147446,-1.248931646347046,-1.717106819152832,1.0146745443344116,7.4041876792907715,6.301440715789795,-5.826101779937744,4.827696323394775
389,3.5743093490600586,-3.2124252319335938,0.1385267972946167,1.270868182182312,-5.079141616821289,-7.9088215827941895,-4.1954851150512695,15.270064353942871,2.006267786026001,2.0376038551330566,-4.508133411407471,4.292712211608887,3.3475940227508545,-3.6344492435455322,3.5716686248779297,-3.269361972808838,-3.712346315383911,-3.3040220737457275,-14.557268142700195,-1.6386843919754028,15.689508438110352,15.610819816589355,-15.588632583618164,15.707399368286133,1.1318678855895996,-1.2481696605682373,0.07412689924240112,0.26500409841537476,-1.470292568206787,-3.3930869102478027,-1.5293102264404297,3.1194026470184326,6.4470906257629395,6.111285209655762,-6.615981101989746,6.365231513977051
390,0.9350772500038147,-1.3697004318237305,-2.2087597846984863,2.654452323913574,-5.777574062347412,-7.292323589324951,4.10992431640625,13.463082313537598,2.003082275390625,6.6936140060424805,-4.3342790603637695,4.40839147567749,5.45709753036499,-6.128295421600342,3.8318207263946533,1.6353487968444824,-8.375947952270508,-9.458863258361816,-13.782477378845215,9.765982627868652,15.690496444702148,9.296659469604492,-15.633090019226074,15.69924545288086,0.1188010647892952,-0.2531929016113281,-0.47300416231155396,0.5787685513496399,-2.2784624099731445,-4.8494744300842285,0.9544867873191833,4.266870021820068,6.454274654388428,6.612920761108398,-5.485662460327148,6.0754923820495605
391,-5.50208854675293,5.204106330871582,-0.04324205219745636,0.6186972260475159,-6.268692970275879,-5.471673965454102,14.844635963439941,10.131301879882812,4.195357799530029,3.870051622390747,-3.857457160949707,4.367790699005127,6.368872165679932,-3.4981529712677,3.3403120040893555,4.312273025512695,-10.369948387145996,-13.093412399291992,-5.859317302703857,14.976037979125977,9.866373062133789,12.641047477722168,-15.6802978515625,15.695489883422852,-1.3139030933380127,1.3016260862350464,0.06535536050796509,0.06667141616344452,-4.355409145355225,-5.340483665466309,2.8313989639282227,4.809556007385254,6.7890095710754395,6.661456108093262,-4.323360919952393,5.954127311706543
392,-6.255673885345459,3.276895046234131,2.982922315597534,3.152536153793335,-5.558513641357422,-4.885987281799316,15.787261009216309,9.001249313354492,3.953099012374878,2.8769919872283936,-3.8320553302764893,4.450033664703369,3.380765438079834,-3.7809314727783203,-0.41862964630126953,4.507619857788086,-13.168574333190918,-15.22136402130127,2.7232093811035156,16.632938385009766,12.191685676574707,14.449628829956055,-15.703018188476562,15.698395729064941,-1.1736741065979004,0.5844817757606506,0.8196321129798889,0.9277045130729675,-6.760767459869385,-6.254117012023926,3.950514793395996,6.083742618560791,7.194110870361328,6.463728904724121,-4.5423970222473145,6.235144138336182
393,-3.629502534866333,4.417096138000488,5.192044734954834,5.123302936553955,-4.783242225646973,-4.450910568237305,13.225923538208008,9.07020378112793,3.0150749683380127,2.4703729152679443,-3.608808755874634,4.544586658477783,2.8958990573883057,-0.4941992163658142,1.07411527633667,6.654830455780029,-15.500201225280762,-15.738665580749512,11.661203384399414,17.140064239501953,14.493350982666016,14.797908782958984,-15.687948226928711,15.69035530090332,-0.6078393459320068,0.9407013058662415,1.1293294429779053,1.3846124410629272,-8.270421981811523,-6.824260711669922,4.746279239654541,7.0311431884765625,7.527047157287598,6.694511413574219,-4.045876502990723,6.619281768798828
394,-0.03536582738161087,3.953930139541626,8.2041654586792,5.659258842468262,-4.22540807723999,-4.268342971801758,9.30864429473877,9.20158576965332,2.109334945678711,2.351029396057129,-3.0114963054656982,4.493699550628662,4.325861930847168,3.7269058227539062,7.48738956451416,10.338163375854492,-16.750560760498047,-16.652009963989258,18.366777420043945,16.604251861572266,15.612615585327148,15.197937965393066,-15.690123558044434,15.671804428100586,0.11746955662965775,0.9018352031707764,2.19629168510437,1.7048898935317993,-7.644868850708008,-5.940126419067383,5.307584285736084,6.672309875488281,7.9882073402404785,6.2739787101745605,-2.986539125442505,6.3940110206604
395,1.747193455696106,5.742594242095947,9.337787628173828,4.3436279296875,-1.2885475158691406,8.641987800598145,5.996072769165039,7.812950611114502,2.0209310054779053,2.995196580886841,-1.9087533950805664,4.32045316696167,7.985598087310791,8.173364639282227,16.77135467529297,14.328742027282715,-16.567995071411133,-12.545598030090332,20.141942977905273,15.306946754455566,15.698690414428711,10.398032188415527,-15.695486068725586,15.662713050842285,0.534644603729248,2.304360866546631,4.25615930557251,1.5054770708084106,-0.3422451615333557,2.9945318698883057,4.34041690826416,3.8059334754943848,7.625171184539795,6.185637474060059,-1.6114895343780518,5.341100692749023
396,-8.031426429748535,6.146642208099365,5.4844770431518555,-0.25507059693336487,10.818535804748535,11.081412315368652,3.865726947784424,0.026198213919997215,2.009550094604492,1.7824971675872803,-0.8972237706184387,4.0991034507751465,6.883762359619141,8.082776069641113,20.543777465820312,13.747078895568848,-10.615837097167969,-4.1634674072265625,18.875585556030273,12.226022720336914,9.338774681091309,1.9783363342285156,-15.521409034729004,15.671685218811035,-2.554379940032959,3.8094189167022705,3.542970895767212,-0.3225466012954712,7.664888858795166,7.512507915496826,2.0946459770202637,-0.623115062713623,7.122868061065674,0.25678956508636475,-0.6393435597419739,4.981330871582031
397,-9.92766284942627,7.038478374481201,-0.6229785084724426,-9.045401573181152,10.83967399597168,9.06129264831543,-1.772627830505371,-18.575490951538086,2.150857448577881,-4.577378749847412,4.9634833335876465,3.960721731185913,2.7154245376586914,2.9100100994110107,15.054614067077637,7.070433616638184,-2.564800500869751,2.2786245346069336,13.774528503417969,2.8499557971954346,-2.378089427947998,-12.695623397827148,-2.8339438438415527,15.705036163330078,-3.8841397762298584,2.8870413303375244,-0.6715185642242432,-1.6526217460632324,10.043328285217285,7.36992073059082,-0.6981437802314758,-4.590316295623779,0.26768651604652405,-8.579524993896484,0.8979045748710632,4.7685866355896
398,-8.579978942871094,8.298623085021973,-10.655939102172852,-5.234684467315674,8.73623275756836,8.373982429504395,0.1791270673274994,-10.355204582214355,-4.294613361358643,-3.5371150970458984,5.059138774871826,3.7879340648651123,-0.25412318110466003,-1.2466528415679932,1.2274370193481445,-0.27658751606941223,3.040947914123535,3.172179937362671,11.151406288146973,-1.5491321086883545,-12.109508514404297,-13.037884712219238,15.656532287597656,15.659255027770996,-2.3417916297912598,3.2736432552337646,-2.1215429306030273,-0.8826902508735657,9.366392135620117,6.371501922607422,0.12125643342733383,-1.9536802768707275,-9.165217399597168,-5.814438819885254,5.3061723709106445,4.617907524108887
399,-7.765685081481934,9.783734321594238,-6.441006660461426,-2.8021304607391357,8.321704864501953,8.185425758361816,0.7159976363182068,-4.40164041519165,-3.5130395889282227,-3.2739245891571045,4.053958415985107,3.630581855773926,-3.7043676376342773,-3.2138121128082275,-6.5517377853393555,-4.647164821624756,2.977203607559204,3.1953463554382324,7.860993385314941,1.3791929483413696,-12.549137115478516,-12.86881160736084,15.601821899414062,0.0013394355773925781,-3.1103930473327637,4.395410537719727,-1.4484801292419434,-0.5498753786087036,7.745458126068115,6.415306091308594,0.2348172813653946,-0.7718454599380493,-6.710528373718262,-5.975391864776611,5.144374847412109,4.0206403732299805
400,-7.49593448638916,10.089967727661133,-4.474818229675293,-0.08215370029211044,8.35004997253418,8.203392028808594,-0.07777097076177597,-2.366785764694214,-3.4897749423980713,-3.244192123413086,4.118762969970703,8.042305946350098,-4.761167049407959,-3.543776035308838,-10.569352149963379,-5.6291937828063965,3.445768356323242,3.230954885482788,5.183501720428467,0.6601194143295288,-13.284716606140137,-13.192848205566406,15.663931846618652,-0.0002385495463386178,-3.464456558227539,4.353978157043457,-1.263953447341919,0.09270600974559784,7.520498275756836,5.538745880126953,-0.05476797744631767,-0.3626747131347656,-5.886783599853516,-6.461733341217041,5.1640520095825195,1.3184009790420532
401,-7.517916679382324,9.88796615600586,-2.303415298461914,3.1777119636535645,8.036650657653809,7.998898983001709,0.21282105147838593,-0.1718091368675232,-3.0698208808898926,-3.015091896057129,4.174849033355713,3.78774356842041,-4.866631031036377,-3.4922235012054443,-12.607237815856934,-4.74415922164917,3.7101962566375732,3.408959150314331,3.333773612976074,0.35735681653022766,-13.485115051269531,-13.717824935913086,15.533101081848145,0.0023804076481610537,-3.7306151390075684,4.033627510070801,-0.6248937845230103,0.6560648083686829,7.103940486907959,4.341665267944336,0.06144510582089424,0.047322459518909454,-5.856357097625732,-6.739056587219238,5.323522090911865,0.5986109972000122
402,-7.703671932220459,9.848535537719727,-0.2536104917526245,2.857393264770508,8.000802040100098,7.906640529632568,-2.730375051498413,-1.2422666549682617,-2.9482176303863525,-2.861696720123291,4.3253278732299805,-3.9471280574798584,-3.8573431968688965,-2.265256881713867,-12.022467613220215,-3.5544943809509277,4.029452800750732,3.7268197536468506,0.30611759424209595,4.727264881134033,-13.74135684967041,-13.992121696472168,15.581429481506348,-15.640816688537598,-4.102200984954834,4.208757400512695,0.03574913740158081,0.49489063024520874,7.537203311920166,3.867885112762451,-0.6259915232658386,-0.25846391916275024,-6.03158712387085,-7.15524959564209,5.5289201736450195,-2.356252431869507
403,-7.867578983306885,9.608153343200684,0.6032736301422119,1.1227566003799438,7.927248001098633,7.520925998687744,-3.014753580093384,1.120065689086914,-2.847515344619751,-2.712768077850342,4.32891321182251,-3.872319221496582,-3.638253688812256,-1.8195126056671143,-11.45206356048584,-2.820037841796875,4.366909503936768,4.194948196411133,-2.2027716636657715,4.847584247589111,-14.351655960083008,-14.299446105957031,15.61336612701416,-15.677970886230469,-4.000757694244385,4.106626987457275,0.11961597204208374,0.14671187102794647,6.769863605499268,3.1138579845428467,-0.6491272449493408,0.3594316244125366,-6.03001070022583,-6.845087051391602,5.60337495803833,-5.518130779266357
404,-7.974121570587158,9.508782386779785,2.874788284301758,0.42873474955558777,7.827652454376221,7.1845598220825195,-1.8866856098175049,-1.6837862730026245,-2.3889787197113037,-2.5829970836639404,4.37813663482666,-4.192888259887695,-3.132035970687866,-1.2485949993133545,-9.557843208312988,-1.9761070013046265,4.558823108673096,4.594933986663818,-3.6090610027313232,4.104970455169678,-15.184205055236816,-14.569050788879395,15.577414512634277,-15.672048568725586,-4.154041290283203,4.407774925231934,0.49192482233047485,0.05577264726161957,6.7154741287231445,2.7924797534942627,-0.3807191252708435,-0.39950674772262573,-5.989135265350342,-6.793194770812988,5.693484783172607,-5.525559902191162
405,-8.151097297668457,9.41188907623291,2.9346559047698975,-0.419380247592926,7.692755222320557,6.908696174621582,-1.9398581981658936,-3.0489132404327393,-2.1260080337524414,-2.456881523132324,4.407938480377197,-4.227614879608154,-2.781235694885254,-0.9229598045349121,-7.86160135269165,-1.4712527990341187,5.11626672744751,5.144048690795898,-4.744273662567139,2.51164174079895,-15.51654052734375,-14.836445808410645,15.550766944885254,-15.676706314086914,-4.15554141998291,4.69927978515625,0.4630182385444641,-0.12095673382282257,6.50874137878418,2.6192750930786133,-0.4583664536476135,-0.6002835631370544,-5.945476055145264,-6.586004734039307,5.673791408538818,-5.463733673095703
406,-8.198431015014648,9.36856746673584,2.95688533782959,-0.8150613307952881,7.505382061004639,6.516396522521973,-1.4481676816940308,-3.778050661087036,-2.0785157680511475,-2.32169771194458,4.421703815460205,-4.188169479370117,-2.7267980575561523,0.36557114124298096,-6.360238552093506,-1.0480612516403198,5.946547031402588,7.274218559265137,-5.374902725219727,0.38939449191093445,-15.496672630310059,0.03090992569923401,15.43328857421875,-15.707319259643555,-4.122287273406982,5.0426740646362305,0.4842546582221985,-0.18600018322467804,5.925857067108154,2.388328790664673,-0.33099138736724854,-0.7606427073478699,-5.780659198760986,-6.24949312210083,5.640707492828369,-5.339019775390625
407,-8.6940336227417,8.983075141906738,3.5806949138641357,-1.6221941709518433,7.2591753005981445,6.254814624786377,-1.59432053565979,-5.643017768859863,-2.043623924255371,-9.160238265991211,4.277359485626221,-4.235908031463623,-0.5374656915664673,1.4059088230133057,-3.203784227371216,1.1373919248580933,6.909293174743652,6.03599739074707,-6.4076714515686035,-3.2318010330200195,-15.598369598388672,-0.04931797832250595,15.687192916870117,-15.69074821472168,-4.140835762023926,5.32999324798584,0.6532537341117859,-0.3469899892807007,5.069454669952393,2.128908634185791,-0.4096705913543701,-1.3039610385894775,-5.692972183227539,-5.319494724273682,5.637466907501221,-5.498305320739746
408,-8.908860206604004,8.675126075744629,0.9110637903213501,-2.5638015270233154,6.719292640686035,6.077561378479004,-1.3537784814834595,-4.373894214630127,-2.0752198696136475,-9.109442710876465,4.266420841217041,-4.2324910163879395,-0.4271596074104309,1.7997920513153076,-2.9323315620422363,0.30597105622291565,8.506162643432617,7.690060615539551,-6.876614093780518,-6.42857027053833,-0.2420492172241211,0.004699774086475372,15.590328216552734,-15.59380054473877,-4.320067405700684,5.334115028381348,0.07934612035751343,-0.5345178246498108,4.161458969116211,2.3749351501464844,-0.33943384885787964,-1.037817358970642,-5.545566082000732,-4.890750885009766,5.298681735992432,-5.3558783531188965
409,-8.808783531188965,8.53683853149414,4.780814170837402,-4.526665687561035,6.42963171005249,3.963599443435669,-4.632277965545654,-5.747107982635498,-8.746859550476074,-8.97131633758545,3.923800468444824,-4.217484474182129,-1.1116775274276733,1.716823935508728,-0.47905540466308594,-1.545167326927185,9.179186820983887,8.16945743560791,-7.8457207679748535,-10.552443504333496,-0.04073040187358856,-0.029020966961979866,13.84546184539795,-15.65745735168457,-3.953132152557373,5.379369258880615,1.0418403148651123,-1.0095971822738647,4.010351657867432,1.0980218648910522,-1.455968976020813,-1.7814507484436035,-3.222626209259033,-3.9435670375823975,4.396015644073486,-5.177590847015381
410,-8.440171241760254,8.592663764953613,2.240546703338623,-3.683549165725708,5.767792701721191,3.023224115371704,-4.890885829925537,-5.464556694030762,-8.29687786102295,-8.689525604248047,15.710518836975098,-3.954916000366211,-1.677528738975525,2.4346718788146973,0.6046625971794128,-3.4801764488220215,9.480286598205566,9.23012924194336,-5.273916244506836,-14.760292053222656,-0.01888013258576393,-0.016982441768050194,0.019132480025291443,-15.608553886413574,-3.8656489849090576,5.573785781860352,0.37087517976760864,-0.7968655228614807,2.6627187728881836,0.8651351928710938,-1.1463453769683838,-2.071066379547119,-2.639793634414673,-3.1745424270629883,3.6812665462493896,-4.664645671844482
411,-8.503558158874512,8.23388671875,3.458042621612549,-4.402841567993164,4.092019081115723,1.5540283918380737,-7.286770343780518,-5.2357048988342285,-5.73568058013916,-7.850081920623779,5.557642936706543,-3.745016098022461,-1.8501945734024048,3.8249423503875732,1.4979766607284546,-5.506064414978027,9.384517669677734,10.291333198547363,-7.962912082672119,-18.941471099853516,-0.009279238991439342,-0.0016120809596031904,0.027147352695465088,-15.039173126220703,-4.266729354858398,5.562729835510254,0.7726607918739319,-1.097118616104126,1.265493392944336,0.3891993761062622,-2.139059066772461,-2.7685110569000244,-1.192954182624817,-2.219146966934204,0.732515275478363,-4.120596885681152
412,-8.27510929107666,8.139162063598633,0.18724045157432556,-3.749180793762207,0.6269589066505432,-3.8088207244873047,-5.086549758911133,-4.467017650604248,1.2181020975112915,-3.318898916244507,-5.432714939117432,-3.919374704360962,-2.887434959411621,2.5257296562194824,1.4455071687698364,-7.594179630279541,7.299455165863037,7.471534252166748,-5.453561782836914,-20.04410743713379,1.3952314853668213,0.0003963913186453283,-15.668129920959473,-13.281493186950684,-4.017585277557373,6.158180236816406,-0.08924934267997742,-0.959404468536377,-0.019923202693462372,-0.8335894346237183,-1.180485486984253,-3.0146243572235107,0.5222126245498657,-0.5031572580337524,-3.1757867336273193,-2.636958360671997
413,-7.7829413414001465,8.742390632629395,-2.1310226917266846,-2.4189276695251465,0.7537363171577454,-4.951724529266357,-4.201178550720215,-3.779510498046875,5.027637481689453,5.47075891494751,-4.214292526245117,-2.5868701934814453,-3.7864410877227783,0.12928161025047302,0.4558475613594055,-8.402073860168457,6.237592697143555,3.516965389251709,-7.6689629554748535,-19.567724227905273,12.505475997924805,10.825010299682617,-15.657816886901855,-10.237645149230957,-3.2932233810424805,5.785314559936523,-0.5008525252342224,-0.6045159101486206,0.1992400884628296,-0.9684057235717773,-1.0560271739959717,-2.2907214164733887,4.614483833312988,5.120632648468018,-6.67957067489624,-0.9784626960754395
414,-6.699046611785889,9.254072189331055,-1.318982481956482,-1.7001471519470215,-2.3527679443359375,-5.315108776092529,-4.124412536621094,-1.2750144004821777,1.79111909866333,2.125016689300537,-4.397939682006836,6.243004322052002,-1.1636474132537842,-1.675661325454712,0.31503909826278687,-8.385756492614746,2.0162012577056885,1.4516708850860596,-9.7235689163208,-18.24100685119629,15.741698265075684,15.604576110839844,-15.700067520141602,4.658001899719238,-1.7885513305664062,3.9325942993164062,-0.23155567049980164,-0.4310489296913147,-0.5405687093734741,-1.1601349115371704,-1.2103757858276367,-0.3810434937477112,6.900123119354248,6.831573963165283,-6.085920810699463,1.5539625883102417
415,-0.8208310008049011,2.5661427974700928,2.022552490234375,-0.19597680866718292,-2.4400253295898438,-7.720519542694092,-5.071075439453125,11.580425262451172,2.112172842025757,2.070338487625122,-4.487278461456299,3.877643585205078,0.9325721859931946,-1.4979779720306396,2.92789626121521,-6.564063549041748,0.8210468888282776,-0.3388972580432892,-12.447049140930176,-8.688745498657227,15.660364151000977,15.643901824951172,-15.5818510055542,15.685306549072266,0.07295168191194534,0.23647165298461914,0.5547394156455994,0.02582186460494995,-0.49656903743743896,-2.515241861343384,-1.7626163959503174,2.1448466777801514,7.2306904792785645,6.16326379776001,-6.193786144256592,6.018057823181152
416,3.1631059646606445,-4.024860382080078,-1.2319782972335815,2.9006290435791016,-6.091507434844971,-7.952585220336914,-1.6476669311523438,15.283931732177734,2.00225567817688,2.0512964725494385,-4.6009840965271,4.364649295806885,4.306848049163818,-4.673517227172852,4.176478385925293,-1.6682498455047607,-5.304425239562988,-5.687769889831543,-13.952338218688965,5.134865760803223,15.700005531311035,4.508388042449951,-15.615461349487305,15.665326118469238,0.9265527725219727,-1.3604166507720947,-0.3417350649833679,0.6183483004570007,-2.028916358947754,-4.240787982940674,-0.39693623781204224,3.8923442363739014,6.237595081329346,6.476624011993408,-6.504034042358398,6.258973598480225
417,-2.8067121505737305,4.019665241241455,-3.7936956882476807,2.160701036453247,-6.196135997772217,-6.414801597595215,9.240462303161621,10.859456062316895,2.008531093597412,5.5134100914001465,-4.100278854370117,4.382418632507324,5.609166145324707,-5.344143867492676,2.8745524883270264,2.0707242488861084,-7.675477981567383,-10.555290222167969,-9.860276222229004,12.712937355041504,14.126895904541016,9.947585105895996,-15.624391555786133,15.701908111572266,-0.7394298911094666,1.084653377532959,-0.7656646370887756,0.42741066217422485,-2.7254037857055664,-5.028439521789551,1.7426315546035767,4.037319660186768,6.905258655548096,6.476010322570801,-4.79055643081665,6.0305280685424805
418,-5.487916469573975,2.722719430923462,2.367860794067383,1.0548228025436401,-6.360162258148193,-5.408247947692871,13.572813987731934,9.049553871154785,5.451073169708252,3.779934883117676,-3.80418062210083,4.390723705291748,6.738369464874268,-3.413261651992798,3.220653772354126,4.43416166305542,-10.684099197387695,-13.998712539672852,-2.342773914337158,15.896976470947266,10.10624885559082,13.551312446594238,-15.684613227844238,15.693182945251465,-1.1182202100753784,0.4443390965461731,0.760236382484436,0.19964002072811127,-5.277537822723389,-6.195587158203125,2.700190305709839,4.777215003967285,6.8655829429626465,6.522030830383301,-4.323712348937988,5.861428737640381
419,-6.5825371742248535,4.695464134216309,2.1347036361694336,4.258793830871582,-5.496006965637207,-4.700802803039551,14.044530868530273,8.725484848022461,3.8354203701019287,2.5922868251800537,-3.7189457416534424,4.466501235961914,4.045776844024658,-2.336036443710327,-0.2875903844833374,4.73913049697876,-13.255105018615723,-15.02648639678955,5.362092018127441,16.5612850189209,12.134786605834961,14.026101112365723,-15.612491607666016,15.697277069091797,-1.25013267993927,1.0920436382293701,0.48676973581314087,1.2724101543426514,-7.217654705047607,-6.630352020263672,3.8456521034240723,6.2271881103515625,7.151838302612305,6.563455104827881,-4.297605037689209,6.302722930908203
420,-4.236011028289795,3.346559762954712,7.129489421844482,6.20425271987915,-4.839745998382568,-4.4632649421691895,12.041693687438965,9.018640518188477,3.1381585597991943,2.52935528755188,-3.4164602756500244,4.536485195159912,3.848911762237549,0.5641797184944153,3.0121219158172607,7.7245097160339355,-15.263155937194824,-16.08620262145996,13.670867919921875,17.091596603393555,14.137346267700195,15.02397632598877,-15.68645191192627,15.686182022094727,-0.7249398231506348,0.6226975917816162,1.7377943992614746,1.7370356321334839,-8.234885215759277,-7.6682281494140625,4.910776138305664,6.810940265655518,7.768381118774414,6.430992126464844,-3.6976966857910156,6.570703506469727
421,-0.7043635845184326,4.439528942108154,8.818334579467773,5.605870246887207,-4.2460126876831055,-4.140238285064697,8.157249450683594,8.875036239624023,2.254403591156006,2.2435128688812256,-2.5396318435668945,4.42280912399292,5.45033073425293,4.911800384521484,10.521133422851562,11.4662504196167,-16.77046775817871,-16.8693790435791,19.57514190673828,16.401729583740234,15.619022369384766,15.243946075439453,-15.676054000854492,15.67564868927002,-0.0030585452914237976,1.1755356788635254,2.6581263542175293,1.7381161451339722,-6.316829204559326,-5.141297340393066,5.238521575927734,5.840287685394287,7.926668643951416,5.8510422706604,-2.336599826812744,5.987888336181641
422,-1.5258278846740723,5.849739074707031,8.841103553771973,4.138667106628418,7.23342752456665,9.11780834197998,4.984379768371582,6.1671671867370605,2.073295831680298,2.9494760036468506,-1.3167144060134888,3.3903989791870117,4.720879554748535,8.036481857299805,16.626235961914062,12.418914794921875,-12.951485633850098,-10.645934104919434,20.542470932006836,15.174002647399902,12.90310287475586,9.987605094909668,-15.597925186157227,15.59183406829834,-0.299546480178833,2.5354671478271484,4.476648330688477,1.3505990505218506,2.0339224338531494,4.2958269119262695,3.9442105293273926,2.6261422634124756,7.643487930297852,5.997227191925049,-1.0008131265640259,4.944970607757568
423,-8.634346961975098,6.196740627288818,3.1621036529541016,-5.103938102722168,11.120676040649414,10.126542091369629,1.732287883758545,-14.997763633728027,5.188024520874023,-6.8664045333862305,2.450856924057007,3.8699259757995605,3.9628708362579346,6.450019836425781,17.64063262939453,9.96068286895752,-5.507564544677734,0.6761053800582886,17.63026237487793,7.687694072723389,4.221755027770996,-10.605107307434082,-10.88862419128418,15.57850456237793,-3.15030574798584,3.0139341354370117,1.2786285877227783,-1.1535992622375488,8.55031681060791,6.865785598754883,0.5112914443016052,-3.6224992275238037,4.9521565437316895,-5.031585693359375,0.5694935917854309,4.400515079498291
424,-8.79504108428955,7.322656154632568,-8.858707427978516,-5.602707386016846,8.87302017211914,8.428262710571289,-1.5842384099960327,-15.617430686950684,-5.139427185058594,-2.9561545848846436,7.964722156524658,3.827054262161255,2.109079360961914,1.0535863637924194,5.962857246398926,4.084207057952881,3.0910556316375732,2.964703321456909,12.10627555847168,-0.4698023200035095,-11.181025505065918,-13.518807411193848,15.685088157653809,15.649275779724121,-2.2721657752990723,2.852259874343872,-1.8866453170776367,-0.943652868270874,9.299649238586426,5.961106300354004,-0.4335762858390808,-3.467231512069702,-10.247467041015625,-6.396505355834961,5.330698490142822,4.469629287719727
425,-8.285726547241211,9.284814834594727,-7.496836185455322,-4.627895832061768,8.197497367858887,8.137368202209473,1.3347644805908203,-6.022092819213867,-3.422858715057373,-3.0754709243774414,4.069064617156982,3.58856463432312,-2.71109676361084,-2.661076545715332,-3.712449789047241,-1.4926446676254272,3.1095874309539795,3.6757047176361084,8.84611701965332,-3.4053046703338623,-12.30270004272461,-13.143271446228027,15.656488418579102,15.650989532470703,-3.1328861713409424,4.454383850097656,-1.5635948181152344,-0.9049591422080994,7.530553340911865,6.465172290802002,0.5213304162025452,-1.0300147533416748,-6.889622688293457,-5.978818893432617,5.235564231872559,3.9574530124664307
426,-7.874809741973877,9.940728187561035,-4.313511371612549,-0.31430402398109436,8.194696426391602,8.047538757324219,0.6096591353416443,-3.573514699935913,-3.3075668811798096,-3.1822474002838135,4.179412364959717,15.825967788696289,-3.8797497749328613,-3.1096553802490234,-7.687990665435791,-3.5427463054656982,3.5847713947296143,3.809454917907715,6.452235698699951,0.22601889073848724,-13.05170726776123,-13.25556468963623,15.663168907165527,-0.00017899047816172242,-3.7784855365753174,4.581171035766602,-1.0164759159088135,0.0870354026556015,7.69567346572876,5.405184745788574,0.1170843169093132,-0.5852086544036865,-5.901989936828613,-6.516188621520996,5.15852689743042,3.804936170578003
427,-7.814830303192139,9.907339096069336,-2.6124813556671143,2.6650583744049072,7.992867946624756,7.866313457489014,1.9232622385025024,-2.1674766540527344,-3.0949172973632812,-3.0415897369384766,4.141329288482666,12.795793533325195,-3.7973077297210693,-2.304717540740967,-8.446852684020996,-2.4911534786224365,4.323256969451904,4.3080830574035645,5.636409282684326,-0.3940216302871704,-13.475555419921875,-13.635100364685059,15.666997909545898,0.00048019521636888385,-4.159280300140381,4.463229179382324,-0.6574970483779907,0.5906275510787964,6.585238933563232,4.372218608856201,0.5415083765983582,-0.3860698938369751,-5.708384037017822,-6.799952507019043,5.215985298156738,2.7083253860473633
428,-7.754762649536133,9.906391143798828,-1.3820134401321411,2.542257070541382,7.882210731506348,7.545992851257324,1.883103847503662,-0.7390745282173157,-2.9357831478118896,-2.81188702583313,4.5553178787231445,5.184981822967529,-4.224649429321289,-2.623168468475342,-10.078380584716797,-1.8329451084136963,4.500787258148193,4.405913829803467,5.011815547943115,-0.9481902718544006,-13.827672958374023,-13.9502534866333,15.481720924377441,0.010198533535003662,-4.275513648986816,4.248025417327881,-0.35373353958129883,0.4704408645629883,5.469183444976807,3.3479554653167725,0.45392143726348877,-0.09803979843854904,-6.044610023498535,-6.979879379272461,5.491128444671631,0.7537645697593689
429,-7.960991382598877,9.680445671081543,1.6174427270889282,1.4898391962051392,7.712787628173828,7.316304683685303,-3.6313982009887695,-0.9726999998092651,-2.7853479385375977,-2.7413880825042725,4.347806930541992,-3.82835054397583,-3.3013908863067627,-1.5102015733718872,-8.919973373413086,-1.0804719924926758,5.129441261291504,4.719503879547119,1.8895421028137207,3.4761667251586914,-14.106040000915527,-14.257050514221191,15.582734107971191,-15.660558700561523,-4.5587873458862305,4.58847188949585,0.371476948261261,0.24707941710948944,6.200295448303223,3.056492567062378,-0.8698816299438477,-0.18328511714935303,-6.112589359283447,-7.363218307495117,5.546091556549072,-2.899693250656128
430,-8.104134559631348,9.466604232788086,1.565117597579956,-0.09561923146247864,7.5104851722717285,6.768725395202637,-4.087825298309326,1.7858504056930542,-2.6814067363739014,-2.5947012901306152,4.335594654083252,-3.8918001651763916,-3.2017431259155273,-1.1214605569839478,-8.25767707824707,-0.7565720677375793,5.715973377227783,5.205132961273193,-0.97954922914505,3.779510736465454,-14.341599464416504,-14.544787406921387,15.589193344116211,-15.688246726989746,-4.461940288543701,4.528545379638672,0.2436574101448059,-0.07727976143360138,5.200782775878906,2.4449052810668945,-0.8466778993606567,0.5181493163108826,-6.112593650817871,-6.817763328552246,5.533358097076416,-5.4495849609375
431,-8.152850151062012,9.401985168457031,2.9578700065612793,-0.7198622822761536,7.280706882476807,6.330378532409668,-3.224479913711548,-1.6548693180084229,-2.560985565185547,-2.478370428085327,4.36591911315918,-4.163829803466797,-3.038661241531372,-0.7290179133415222,-6.986543655395508,-0.47529876232147217,6.574897289276123,5.8173041343688965,-2.946809768676758,3.028953790664673,-14.603285789489746,-14.781147003173828,15.558688163757324,-15.684680938720703,-4.675716400146484,4.939327716827393,0.5170593857765198,-0.17134113609790802,4.898034572601318,2.2018206119537354,-0.6744365692138672,-0.4309638738632202,-6.041132926940918,-6.693230628967285,5.581507682800293,-5.448579788208008
432,-8.170917510986328,9.480968475341797,2.7692434787750244,-1.3537015914916992,6.884618282318115,5.906489849090576,-3.1807260513305664,-3.1581273078918457,-2.449103593826294,-2.2253611087799072,4.386003017425537,-4.183809757232666,-3.1593189239501953,0.05693221092224121,-5.809064865112305,-0.3454662561416626,7.736976623535156,7.548620223999023,-4.4270758628845215,1.4519484043121338,-14.739978790283203,0.019878625869750977,15.48678970336914,-15.698052406311035,-4.653085231781006,5.335518836975098,0.45439058542251587,-0.29990530014038086,4.169338703155518,1.9546560049057007,-0.7412487864494324,-0.647820770740509,-5.93982458114624,-6.363212585449219,5.5031514167785645,-5.327279090881348
433,-8.562963485717773,8.96609115600586,3.278660535812378,-1.9240061044692993,6.299361705780029,5.220783710479736,-2.981149435043335,-4.755133152008057,-2.301422357559204,-9.171469688415527,4.52235221862793,-4.2082200050354,-1.358643889427185,1.9270427227020264,-2.9979910850524902,1.5836597681045532,9.066448211669922,7.636517524719238,-6.032946586608887,-1.3871333599090576,-15.04188346862793,-0.028979118913412094,15.6461820602417,-15.701005935668945,-4.7385640144348145,5.685732364654541,0.6010372042655945,-0.3917574882507324,3.176650285720825,1.6731715202331543,-0.7285650968551636,-1.0347058773040771,-5.938363552093506,-5.459407329559326,5.528738498687744,-5.400264739990234
434,-8.846090316772461,8.564291954040527,1.042116641998291,-3.0254883766174316,5.48232889175415,4.336817741394043,-3.1623740196228027,-4.534933567047119,-2.131314277648926,-9.131317138671875,4.199439525604248,-4.222686290740967,-0.677173376083374,2.5601413249969482,-2.7314679622650146,0.8199690580368042,10.413544654846191,9.073368072509766,-7.2540788650512695,-4.487771987915039,-0.0032720863819122314,-0.10370957851409912,15.62655258178711,-15.5183744430542,-5.058516502380371,6.056859016418457,0.11753016710281372,-0.6245641112327576,2.250342845916748,1.3798850774765015,-0.8397138714790344,-1.0346760749816895,-5.9021430015563965,-5.018742561340332,5.268073558807373,-5.284882545471191
435,-8.612723350524902,8.32693862915039,4.648387908935547,-4.910913944244385,4.492891788482666,0.6492006778717041,-6.082250595092773,-6.160575866699219,-8.867512702941895,-8.975659370422363,3.772453546524048,-4.233743667602539,-2.391921043395996,2.735058307647705,-0.8169344663619995,-0.8623664975166321,11.857928276062012,8.381114959716797,-4.531303405761719,-8.579668045043945,-0.005631059408187866,-0.020278198644518852,0.09589385986328125,-15.517261505126953,-4.843605041503906,6.208211898803711,1.0109202861785889,-1.072751522064209,1.8735995292663574,-0.008717134594917297,-1.947044849395752,-1.7513445615768433,-3.494835138320923,-3.9110538959503174,4.34779167175293,-5.120316505432129
436,-8.297547340393066,8.29456615447998,4.3011603355407715,-5.410176753997803,0.03722933679819107,-0.21125896275043488,-6.945576190948486,-6.671648025512695,-8.02890396118164,-7.623512268066406,-7.695001602172852,-4.063665390014648,-3.197391986846924,2.6936731338500977,0.5893930196762085,-3.291328191757202,10.239668846130371,7.57847785949707,-3.0573079586029053,-13.372529029846191,-0.0034178197383880615,-0.010110964067280293,-12.9465970993042,-15.599100112915039,-4.831737041473389,5.769317626953125,0.8581840991973877,-1.214921236038208,-0.26235461235046387,-0.07492528855800629,-1.817254662513733,-2.385767698287964,-2.342580556869507,-2.023893117904663,-2.771702527999878,-4.673863410949707
437,-8.198036193847656,8.598883628845215,2.1160244941711426,-3.827042579650879,-3.870253086090088,-4.5093464851379395,-6.638818264007568,-5.743760108947754,-2.949047327041626,0.3686083257198334,-4.157397270202637,-3.726529598236084,-2.2383623123168945,1.1180801391601562,0.9717202186584473,-5.560801029205322,5.554495811462402,3.89985728263855,-5.3498687744140625,-18.027917861938477,-0.0001562088291393593,0.6557156443595886,-15.65042495727539,-15.123902320861816,-4.632930755615234,5.700994491577148,0.3564804494380951,-0.8611138463020325,-0.7727081179618835,-0.9752514362335205,-1.5326182842254639,-2.7497799396514893,-0.4025159776210785,0.3838399648666382,-6.720484733581543,-4.128568172454834
438,-8.455636024475098,8.854475021362305,1.5280817747116089,-2.7578330039978027,-0.48515284061431885,-0.026595376431941986,-6.400944709777832,-3.9863204956054688,5.227428436279297,5.239307403564453,-4.469515800476074,-3.995574712753296,-1.870293378829956,1.282228708267212,1.6524502038955688,-6.695034980773926,4.663479804992676,3.9178709983825684,-8.345986366271973,-19.83757209777832,9.638798713684082,11.72981071472168,-15.68477725982666,-13.333344459533691,-4.192459583282471,5.194969177246094,0.29739850759506226,-0.6606016755104065,0.016968585550785065,0.1385767161846161,-1.7627534866333008,-2.418062448501587,2.8425443172454834,4.260857582092285,-6.53385591506958,-2.7721164226531982
439,-8.303458213806152,9.029095649719238,-2.317756175994873,-2.0269453525543213,-5.122309684753418,-4.074216365814209,-6.0412516593933105,-2.8160719871520996,2.464594841003418,2.0488884449005127,-4.596219539642334,-3.1806750297546387,-1.4690911769866943,-1.0883731842041016,0.3911604881286621,-7.828741550445557,1.9849721193313599,1.565398097038269,-11.616849899291992,-19.488927841186523,15.509987831115723,15.599662780761719,-15.679407119750977,-10.900016784667969,-3.2733449935913086,4.726461410522461,-0.5949404835700989,-0.5042262673377991,-1.251412034034729,-0.9727622270584106,-1.9361506700515747,-1.5626949071884155,6.753884315490723,7.99086856842041,-6.678159236907959,-1.3909670114517212
440,-4.728871822357178,8.558453559875488,-1.457484245300293,-1.1172384023666382,-5.105894088745117,-6.898883819580078,-5.5823259353637695,2.7697482109069824,1.970300555229187,1.9968979358673096,-4.362051010131836,7.6546711921691895,0.28954359889030457,-1.5036225318908691,0.43060731887817383,-6.9529852867126465,0.8724156022071838,1.0900477170944214,-15.058042526245117,-16.921600341796875,15.839941024780273,15.612571716308594,-15.013813018798828,6.50459098815918,-0.8784514665603638,2.3309295177459717,-0.25911611318588257,-0.2499980479478836,-1.1042248010635376,-1.885311484336853,-2.1869547367095947,0.7239226698875427,7.087143421173096,7.088845729827881,-5.75186014175415,1.9926807880401611
441,2.115147352218628,-2.384275436401367,1.8661915063858032,-0.2413245439529419,-7.435162544250488,-8.40606689453125,-3.7937064170837402,16.25855255126953,2.0191080570220947,2.028183698654175,-4.459747791290283,3.9122817516326904,4.019959926605225,-3.5501670837402344,2.55295467376709,-4.724099636077881,-4.069626808166504,-3.5911431312561035,-17.29600715637207,-4.065957546234131,4.05650520324707,1.4940440654754639,-15.357074737548828,15.667350769042969,0.7656887769699097,-1.0149420499801636,0.5216440558433533,-0.01565086841583252,-2.6265628337860107,-4.837542533874512,-1.6114518642425537,3.1877987384796143,6.554049968719482,6.301097869873047,-6.099856853485107,5.990752220153809
442,-4.803025245666504,2.9002559185028076,-1.2778750658035278,2.897679090499878,-6.524837017059326,-6.795670509338379,10.248733520507812,13.603066444396973,6.462716579437256,6.322734832763672,-4.068568229675293,4.40492057800293,6.919000625610352,-4.939051628112793,3.281865119934082,-0.011987969279289246,-9.047528266906738,-9.881246566772461,-13.068120956420898,7.721048831939697,8.124517440795898,8.913665771484375,-15.620895385742188,15.68609619140625,-1.1772290468215942,0.7291755080223083,-0.3493821620941162,0.6547513604164124,-3.176267147064209,-4.576562404632568,2.013162851333618,3.707199811935425,6.372478485107422,6.032400131225586,-4.76666784286499,6.343071937561035
443,-6.39821195602417,2.572307825088501,2.70565128326416,0.006495164707303047,-5.900259017944336,-5.478280544281006,14.550934791564941,10.822113037109375,4.779541015625,3.9779369831085205,-3.7840588092803955,4.374929428100586,2.0620832443237305,-6.5505805015563965,-0.922858476638794,-1.7761605978012085,-11.149465560913086,-12.879515647888184,-3.4523062705993652,14.606973648071289,11.298178672790527,13.279902458190918,-15.979336738586426,15.911090850830078,-1.2192834615707397,0.44533050060272217,0.7829260230064392,-0.10063399374485016,-4.865321159362793,-5.462954521179199,2.6847095489501953,4.650824546813965,6.828198432922363,6.204066753387451,-4.2931413650512695,5.941921234130859
444,-0.35428738594055176,5.663012981414795,1.9582648277282715,0.4381850063800812,-5.2611775398254395,-5.038373947143555,10.800336837768555,8.995100975036621,3.2610366344451904,2.854097366333008,-3.8542914390563965,4.63034200668335,3.5419890880584717,-2.3103880882263184,0.4852874279022217,0.976703405380249,-14.601412773132324,-13.907842636108398,3.2028560638427734,15.949507713317871,14.933502197265625,14.100829124450684,-15.690868377685547,15.67306137084961,0.12068865448236465,1.3281227350234985,0.3652806282043457,0.10730884969234467,-5.889145374298096,-5.560259819030762,2.3153982162475586,4.99623441696167,7.16340446472168,6.673923492431641,-4.228946685791016,6.326775074005127
445,-4.839677333831787,4.653696060180664,4.034468173980713,4.410927772521973,-4.586116313934326,-4.834765911102295,10.328274726867676,8.723217964172363,2.169407606124878,2.5728836059570312,-3.1928117275238037,4.50555419921875,1.8403621912002563,-0.21669232845306396,1.4128373861312866,2.654974937438965,-15.03935432434082,-14.67694091796875,10.35799789428711,16.909032821655273,15.265909194946289,14.837566375732422,-15.660089492797852,15.700374603271484,-1.1944208145141602,0.9386883974075317,0.9168298840522766,1.1167709827423096,-6.996109485626221,-6.247629642486572,3.1694178581237793,5.591843128204346,7.649575233459473,6.42299747467041,-3.2337942123413086,6.523876190185547
446,0.35872790217399597,3.939464807510376,6.255557537078857,5.941808700561523,-4.398355960845947,-4.563058853149414,8.719470977783203,8.700357437133789,2.094672679901123,2.262791633605957,-2.583488941192627,4.544666767120361,2.7603437900543213,3.508892059326172,6.397626876831055,6.327402591705322,-16.295188903808594,-15.646347045898438,17.149333953857422,17.06294059753418,15.559568405151367,15.319707870483398,-15.639436721801758,15.697688102722168,0.26356637477874756,0.8809548020362854,1.5936822891235352,1.5342198610305786,-7.68072509765625,-6.495079517364502,4.199286937713623,6.095301628112793,7.954967021942139,6.089913368225098,-2.462792158126831,6.519994258880615
447,2.0971317291259766,4.732026100158691,8.646121978759766,5.529637813568115,-3.719663143157959,-1.5016952753067017,5.53920841217041,7.522808074951172,2.006192207336426,2.284262180328369,-1.201433777809143,4.3434062004089355,6.479864597320557,8.549603462219238,15.73020076751709,11.131522178649902,-17.147371292114258,-15.940899848937988,20.32836151123047,16.32411766052246,15.700000762939453,14.675642013549805,-15.685089111328125,15.648168563842773,0.5932349562644958,1.5261813402175903,3.5503482818603516,1.6629810333251953,-2.6846957206726074,-0.4113481342792511,3.939707040786743,4.062481880187988,7.593507289886475,5.887341022491455,-0.8685014843940735,5.55269718170166
448,-5.617701530456543,5.1977763175964355,5.922696590423584,3.3148999214172363,9.716446876525879,10.479033470153809,4.332064151763916,2.6675429344177246,2.0070183277130127,3.5767791271209717,0.17767423391342163,3.883758068084717,5.595087051391602,10.407875061035156,19.833419799804688,12.993956565856934,-13.20159912109375,-10.047880172729492,19.25881004333496,14.16104793548584,15.613755226135254,8.982154846191406,-0.003164093941450119,15.555598258972168,-1.419356346130371,2.574256181716919,4.10771369934082,1.0555657148361206,5.418511867523193,7.4956254959106445,2.7037549018859863,0.6412220001220703,6.950195789337158,4.674224376678467,0.23345248401165009,4.472381591796875
449,-9.513802528381348,5.253748893737793,0.6475806832313538,-7.474168300628662,11.138086318969727,10.042374610900879,0.35788100957870483,-19.83193016052246,6.033792018890381,-6.299051284790039,6.494345188140869,3.5873172283172607,3.453686237335205,4.945741653442383,14.744597434997559,8.49376106262207,-5.068906307220459,0.9680116176605225,12.919178009033203,4.812619686126709,3.7865209579467773,-11.690546989440918,15.702869415283203,15.608749389648438,-3.5681426525115967,1.9665099382400513,-0.2324771285057068,-1.5536073446273804,9.002952575683594,8.522233963012695,-0.30303919315338135,-5.172896862030029,4.76212215423584,-8.483133316040039,5.265173435211182,3.9663312435150146
450,-7.798986911773682,7.587278842926025,-11.207449913024902,-5.516507148742676,8.633315086364746,8.467521667480469,0.9150584936141968,-11.773771286010742,-4.683740139007568,-2.8960111141204834,4.205282211303711,3.815790891647339,0.458431601524353,-0.7159779071807861,1.7207884788513184,1.5039676427841187,3.2126004695892334,2.535088539123535,8.382781982421875,-1.0952712297439575,-11.163545608520508,-13.072591781616211,15.676310539245605,15.661615371704102,-1.747626543045044,2.728588581085205,-2.2987217903137207,-0.9321232438087463,8.361106872558594,7.3623223304748535,0.304044246673584,-2.2673096656799316,-10.240632057189941,-6.177624702453613,5.706369876861572,4.421558856964111
451,-7.912985801696777,9.35770034790039,-5.911512851715088,-3.121610164642334,8.234798431396484,8.481466293334961,1.888808250427246,-8.500859260559082,-3.5821633338928223,-3.399646043777466,4.2240424156188965,15.987707138061523,-2.8513808250427246,-2.7884750366210938,-5.512085914611816,-2.9876935482025146,2.9656012058258057,2.078866958618164,6.604051113128662,0.7911819815635681,-11.998592376708984,-12.465889930725098,15.671226501464844,0.0026844001840800047,-2.958098888397217,3.8061370849609375,-1.2245633602142334,-0.602827250957489,7.702147483825684,7.193540573120117,0.5414256453514099,-1.5106117725372314,-6.920787811279297,-6.158552169799805,5.2756876945495605,3.819736957550049
452,-7.606634616851807,9.80445671081543,-3.538095474243164,-0.19545546174049377,8.31213665008545,8.495509147644043,0.7882035970687866,-5.775527000427246,-3.500511407852173,-3.277661085128784,4.133309364318848,13.348227500915527,-4.093534469604492,-3.0386884212493896,-8.339640617370605,-3.6892526149749756,3.0876286029815674,2.8166847229003906,5.0676374435424805,-1.123915433883667,-12.778489112854004,-13.300346374511719,15.67958927154541,-0.0012550837127491832,-3.327784776687622,3.9181108474731445,-0.8737307190895081,0.07202444970607758,7.295536518096924,6.523495197296143,0.13794587552547455,-1.1033743619918823,-6.003373622894287,-6.710361003875732,5.197063446044922,2.8832108974456787
453,-7.591885089874268,9.678268432617188,-2.4030544757843018,2.4206597805023193,8.132828712463379,8.260302543640137,0.20673580467700958,-1.778415322303772,-3.153475522994995,-3.1124603748321533,4.1713480949401855,10.3824462890625,-3.94441556930542,-2.417318344116211,-8.852911949157715,-2.6101491451263428,3.91517972946167,3.140129566192627,3.6218714714050293,-1.7710250616073608,-13.391654014587402,-13.359443664550781,15.67140007019043,0.0005804179236292839,-3.4971442222595215,3.6368165016174316,-0.6329614520072937,0.5306994915008545,6.608381748199463,5.397475719451904,0.020205307751893997,-0.22475290298461914,-6.043411731719971,-6.82155704498291,5.314630031585693,2.091432809829712
454,-7.539912223815918,9.67746639251709,-1.4067573547363281,2.4871106147766113,8.015929222106934,8.176677703857422,0.7994070053100586,0.36311018466949463,-2.9965617656707764,-2.815664529800415,5.279210090637207,1.1078397035598755,-4.400528907775879,-2.7269179821014404,-10.698097229003906,-2.052060604095459,3.955348491668701,3.1893656253814697,2.753351926803589,-2.0000662803649902,-13.733243942260742,-13.948010444641113,15.564815521240234,-0.0011062679113820195,-3.5582752227783203,3.3964977264404297,-0.38074231147766113,0.46419334411621094,5.364732265472412,4.5144476890563965,0.20420114696025848,0.15231645107269287,-6.372852802276611,-6.964344501495361,5.633764743804932,-0.13080599904060364
455,-7.792776107788086,9.508748054504395,1.3774279356002808,1.3956351280212402,7.907170295715332,8.04708480834961,-5.1914191246032715,0.5881231427192688,-2.8350090980529785,-2.5024595260620117,4.34757137298584,-3.105093002319336,-3.507181406021118,-1.9532756805419922,-9.779557228088379,-1.4992587566375732,4.378136157989502,3.0190083980560303,-0.6889554858207703,2.971886396408081,-13.993305206298828,-15.071831703186035,15.557866096496582,-15.660550117492676,-3.8139843940734863,3.8411481380462646,0.3270443081855774,0.22401104867458344,6.602530002593994,4.365063667297363,-1.2559020519256592,0.14280933141708374,-6.255441188812256,-7.402079105377197,5.570476055145264,-4.306399345397949
456,-7.95100212097168,9.478201866149902,1.5366721153259277,0.1643485277891159,7.789422035217285,7.9914445877075195,-3.566495180130005,1.2960636615753174,-2.731344223022461,-2.1962335109710693,4.393991470336914,-4.129974365234375,-3.2883760929107666,-1.6241135597229004,-9.002766609191895,-1.072711706161499,4.788473129272461,3.452003240585327,-3.027799606323242,3.174398183822632,-14.230895042419434,-15.382543563842773,15.541801452636719,-15.70107650756836,-3.904615879058838,3.920504331588745,0.23999172449111938,-0.012186005711555481,5.836948871612549,3.8684544563293457,-0.7240223288536072,0.3189373016357422,-6.151966571807861,-6.888628005981445,5.650311470031738,-5.759120464324951
457,-8.051491737365723,9.401030540466309,3.385972738265991,-0.6480634808540344,7.6722588539123535,7.7387471199035645,-2.9282143115997314,-0.7890938520431519,-2.6107349395751953,-2.083696126937866,4.431366920471191,-4.260056972503662,-2.9491684436798096,-1.1476538181304932,-7.3741631507873535,-0.7086787223815918,5.237321376800537,3.9781672954559326,-4.51636266708374,2.700922966003418,-14.495353698730469,-15.502023696899414,15.524147033691406,-15.686161041259766,-4.037440299987793,4.1781325340271,0.5917677283287048,-0.1650252491235733,5.881103038787842,3.502406597137451,-0.6577962040901184,-0.22586047649383545,-6.059869766235352,-6.793420314788818,5.66697883605957,-5.688420295715332
458,-8.145255088806152,9.356229782104492,3.39884352684021,-1.2517563104629517,7.5067901611328125,7.433620452880859,-2.498087167739868,-2.4044599533081055,-2.4938547611236572,-2.071075201034546,4.446506500244141,-4.278269290924072,-2.777538776397705,-0.8566029071807861,-5.8991498947143555,-0.6211367249488831,5.873618125915527,4.769533634185791,-5.578118801116943,1.351515293121338,-14.744527816772461,-15.593461036682129,15.507464408874512,-15.679567337036133,-4.069711208343506,4.434670925140381,0.5651139616966248,-0.27937209606170654,5.6204094886779785,3.191044807434082,-0.5908525586128235,-0.5098104476928711,-5.9403510093688965,-6.551191806793213,5.641740322113037,-5.634271621704102
459,-8.173016548156738,9.559368133544922,3.3577404022216797,-1.4512385129928589,7.234311580657959,6.945971488952637,-2.0491950511932373,-3.507929801940918,-2.4310295581817627,-9.185501098632812,4.38385009765625,-4.258378982543945,-1.0681774616241455,1.2267576456069946,-3.2077889442443848,1.1013158559799194,6.554147243499756,6.596201419830322,-6.417913913726807,-0.7345449328422546,-15.069757461547852,-0.005393378436565399,15.586470603942871,-15.582794189453125,-4.061079978942871,4.736492156982422,0.580416738986969,-0.30342334508895874,5.099544525146484,2.7951853275299072,-0.493729829788208,-0.7428758144378662,-5.736015796661377,-6.203571319580078,5.540711879730225,-5.464696884155273
460,-8.738190650939941,8.81929874420166,1.4320738315582275,-2.587151527404785,6.964940547943115,6.418887615203857,-1.7663203477859497,-4.4890923500061035,-2.2802155017852783,-9.196434020996094,4.270583629608154,-4.294614791870117,-1.186434030532837,1.182725429534912,-2.602926015853882,0.6765002608299255,7.465602397918701,7.191322326660156,-7.089997291564941,-3.7221996784210205,-15.172331809997559,-0.012707166373729706,15.580705642700195,-15.628950119018555,-4.264806747436523,4.742703437805176,0.2032744288444519,-0.5414676666259766,4.2192063331604,2.7894556522369385,-0.4472199082374573,-1.0361526012420654,-5.693723201751709,-5.220758438110352,5.328755855560303,-5.71453332901001
461,-8.657381057739258,8.795198440551758,2.1472699642181396,-2.5228006839752197,6.317758083343506,5.847345352172852,-2.488741397857666,-5.03096342086792,-9.175772666931152,-9.125405311584473,18.55474090576172,-4.329245090484619,-0.825707197189331,1.529293179512024,-1.11407470703125,0.08089029788970947,8.935818672180176,7.626183032989502,-2.9106807708740234,-7.192532539367676,-0.02059495821595192,-0.05086251348257065,0.03328458592295647,-15.555816650390625,-4.196020603179932,4.9369659423828125,0.43623965978622437,-0.5053862929344177,3.4282279014587402,2.238166093826294,-0.5604230761528015,-1.3078076839447021,-5.3363776206970215,-4.806118011474609,4.959362506866455,-5.3293280601501465
462,-8.5529146194458,8.42853832244873,6.708265781402588,-5.174259662628174,5.645226001739502,5.152656555175781,-7.326267242431641,-5.821292877197266,-8.532626152038574,-8.981837272644043,9.272933006286621,-4.4983978271484375,-2.057196617126465,1.8365113735198975,0.18229472637176514,-2.0194971561431885,10.662059783935547,8.335972785949707,-5.261901378631592,-11.36415958404541,-0.019103381782770157,-0.03259911388158798,0.06264945864677429,-15.443286895751953,-4.272799968719482,4.155036926269531,1.5556070804595947,-1.1912155151367188,2.873750925064087,1.7877718210220337,-2.021768569946289,-1.85805344581604,-2.8516061305999756,-3.9596400260925293,1.5641961097717285,-5.640834808349609
463,-8.399928092956543,8.417122840881348,3.9860424995422363,-3.4798967838287354,2.6606714725494385,3.9465689659118652,-4.442697525024414,-5.990468502044678,-6.951531410217285,-8.24100112915039,1.3148021697998047,-4.300232887268066,-2.486823558807373,2.3702921867370605,1.1859841346740723,-3.7873945236206055,10.258040428161621,8.819631576538086,-7.011397838592529,-15.937963485717773,-0.012999323196709156,-0.02285001426935196,0.07809901237487793,-15.466350555419922,-4.377942085266113,4.483410358428955,0.7276378273963928,-0.7197216749191284,0.6776435375213623,1.1861112117767334,-1.0269851684570312,-2.513075590133667,-1.6809519529342651,-2.534054756164551,-0.040182724595069885,-4.954312324523926
464,-8.249956130981445,8.391571998596191,2.3643763065338135,-2.8424360752105713,-0.13387635350227356,2.414395332336426,-3.7939493656158447,-5.044654846191406,-2.136183261871338,-6.060755729675293,-3.586242914199829,-4.126476287841797,-2.6843087673187256,2.604743719100952,2.4732580184936523,-5.287181377410889,8.280611991882324,8.71402645111084,-3.806291103363037,-19.403459548950195,-0.0031735531520098448,-0.008591399528086185,-15.451807022094727,-14.52829360961914,-4.311432361602783,4.918438911437988,0.4518543779850006,-0.6571741700172424,-0.18051403760910034,0.6219360828399658,-0.7923348546028137,-2.944816827774048,-0.2451854646205902,-1.3150166273117065,-5.220655918121338,-4.076589107513428
465,-8.261323928833008,8.349746704101562,0.025645792484283447,-2.009493589401245,-2.290045738220215,0.6744683384895325,-5.083719730377197,-4.4765472412109375,5.233637809753418,3.604865789413452,-4.687071800231934,-4.2664570808410645,-2.288080930709839,2.7924654483795166,2.470954656600952,-5.880300521850586,5.3533453941345215,8.153766632080078,-6.165709972381592,-19.75819206237793,10.151063919067383,5.05845832824707,-15.540339469909668,-13.215271949768066,-4.161140441894531,5.2455620765686035,-0.09036824107170105,-0.46180999279022217,-0.44803160429000854,0.09291702508926392,-1.3241620063781738,-2.958834648132324,2.880387306213379,1.340442180633545,-7.064176082611084,-2.800143003463745
466,-7.933557987213135,8.436273574829102,-3.4565470218658447,-2.40384578704834,-2.4803900718688965,-1.537224531173706,-7.057283401489258,-3.8899426460266113,2.3622066974639893,3.94730544090271,-4.65321683883667,-2.6985862255096436,-0.14785069227218628,1.344491720199585,0.5614334344863892,-7.073432922363281,1.0034122467041016,5.748430252075195,-9.706500053405762,-19.543865203857422,15.851340293884277,14.66142463684082,-15.599493980407715,-10.219168663024902,-2.959392547607422,5.321465015411377,-0.7892679572105408,-0.6364192366600037,-0.46363383531570435,-0.3333304226398468,-2.1806392669677734,-2.32348895072937,7.016414165496826,6.532632350921631,-6.9137187004089355,-1.0262023210525513
467,-6.085010051727295,8.823784828186035,-1.6318116188049316,-0.90256267786026,-0.3007398545742035,-5.643396377563477,-6.792593002319336,-1.505971074104309,1.9294137954711914,2.027390241622925,-4.395339012145996,7.472562313079834,-0.5098975896835327,-1.0075372457504272,0.008712166920304298,-6.864986419677734,1.1505829095840454,1.1926099061965942,-13.565332412719727,-18.515352249145508,15.761987686157227,15.457162857055664,-15.168249130249023,7.326828479766846,-1.3030226230621338,3.1032440662384033,-0.2623521685600281,-0.16077934205532074,0.015687264502048492,-1.4187896251678467,-2.4738996028900146,-0.5213986039161682,7.593758583068848,6.570425987243652,-6.019154071807861,1.9914106130599976
468,2.453218936920166,0.41859379410743713,-0.07714319229125977,0.10787364840507507,-5.185503959655762,-7.538861274719238,-5.3672990798950195,12.100019454956055,2.013620615005493,2.018704652786255,-4.885653972625732,3.905806303024292,2.4979145526885986,-2.639270782470703,1.5616508722305298,-5.317319393157959,-2.644883632659912,-1.4589442014694214,-16.71588897705078,-8.422616958618164,15.665300369262695,15.562661170959473,-14.904258728027344,15.70590877532959,0.8907593488693237,-0.23889918625354767,0.043919146060943604,0.06551320850849152,-1.4947773218154907,-2.4432384967803955,-2.324281930923462,2.2734692096710205,6.995167255401611,6.124858856201172,-6.210310459136963,6.05892276763916
469,2.946580410003662,-2.600275993347168,-1.3861929178237915,2.0577733516693115,-6.048861503601074,-7.583261966705322,-1.25941801071167,15.531489372253418,2.0107197761535645,2.018657684326172,-4.591324806213379,4.369616985321045,5.887021064758301,-4.513052463531494,2.502119302749634,-0.6017579436302185,-7.571252822875977,-7.2311015129089355,-17.9350643157959,5.672592639923096,8.017525672912598,15.703934669494629,-15.209333419799805,15.700311660766602,0.7645952701568604,-0.7609201073646545,-0.30520063638687134,0.4423826336860657,-2.2641618251800537,-4.539368152618408,-0.2965964674949646,4.070764541625977,6.213651180267334,6.533322334289551,-5.9500346183776855,6.279351711273193
470,-6.314335346221924,1.9346210956573486,2.8027565479278564,2.007251739501953,-5.658516883850098,-6.571025371551514,16.663816452026367,10.987351417541504,4.640668869018555,4.9850239753723145,-3.9375035762786865,4.446950435638428,7.246143817901611,-3.3995909690856934,3.9835894107818604,3.9465301036834717,-11.815207481384277,-11.069405555725098,-9.638293266296387,13.498982429504395,11.36135196685791,10.935471534729004,-15.659318923950195,15.684222221374512,-1.7286145687103271,0.5328659415245056,0.8065261244773865,0.4386565089225769,-3.6434342861175537,-5.34020471572876,3.201782703399658,4.373132705688477,6.297013759613037,6.511719226837158,-4.480616092681885,6.185075283050537
471,-6.372232437133789,3.5936574935913086,3.250237464904785,2.981053113937378,-5.1349358558654785,-5.064692497253418,17.488182067871094,9.799450874328613,3.6531777381896973,3.267285108566284,-3.890080690383911,4.443328380584717,3.3720767498016357,-4.200397491455078,-0.34596478939056396,3.7835750579833984,-13.629682540893555,-14.70741081237793,0.9000809788703918,16.77846908569336,12.763224601745605,14.050138473510742,-15.599419593811035,15.700011253356934,-1.295964241027832,0.7011950016021729,0.6764985918998718,0.7261487245559692,-6.3204827308654785,-6.433687210083008,3.8937344551086426,6.391144752502441,7.257134914398193,6.28941535949707,-4.679666996002197,6.249430179595947
472,-3.0734362602233887,4.958100318908691,5.146152496337891,5.007424831390381,-4.731875419616699,-4.538357257843018,13.741586685180664,8.922462463378906,2.8807530403137207,2.540398120880127,-3.6675522327423096,4.545540809631348,2.465958595275879,-1.3064923286437988,0.8414846062660217,6.302964210510254,-15.579462051391602,-15.572772026062012,10.411201477050781,17.380813598632812,14.709957122802734,14.705092430114746,-15.668084144592285,15.692123413085938,-0.4680843949317932,1.0657284259796143,1.1139967441558838,1.338757038116455,-8.124849319458008,-7.036181449890137,4.497328758239746,7.201528549194336,7.498023509979248,6.713152885437012,-4.1214141845703125,6.6955132484436035
473,0.2835441529750824,4.808506965637207,7.480961799621582,5.671121120452881,-4.2085862159729,-4.314693927764893,9.566361427307129,9.1834135055542,2.064546823501587,2.380315065383911,-3.050734758377075,4.577192783355713,3.9190993309020996,2.857186794281006,6.783985137939453,10.220861434936523,-16.842632293701172,-16.474302291870117,17.71764373779297,16.76540756225586,15.625764846801758,15.069851875305176,-15.677413940429688,15.685384750366211,0.18253469467163086,1.1203598976135254,1.9212961196899414,1.7042303085327148,-8.125842094421387,-6.235288619995117,4.9847002029418945,7.107532978057861,7.854312896728516,6.459017276763916,-3.0630204677581787,6.598818778991699
474,2.511974811553955,6.055273056030273,9.265642166137695,4.515179634094238,-3.0659637451171875,7.046443462371826,6.089288234710693,8.509591102600098,2.0207436084747314,2.9065887928009033,-1.9233183860778809,4.409664630889893,7.859378337860107,7.458333969116211,16.07667350769043,14.408992767333984,-17.385896682739258,-13.20264720916748,19.961814880371094,15.483808517456055,15.694419860839844,10.950051307678223,-15.688615798950195,15.647725105285645,0.7687052488327026,2.322361946105957,3.9991283416748047,1.5885567665100098,-1.7069897651672363,1.9625556468963623,4.335254192352295,4.5962910652160645,7.6646223068237305,6.28378438949585,-1.6176784038543701,5.6685872077941895
475,-6.702445030212402,6.359706878662109,6.1270647048950195,1.0965925455093384,10.105744361877441,11.175453186035156,4.538182258605957,3.2760698795318604,2.0129635334014893,5.083768367767334,-0.947721540927887,4.208252906799316,6.121163845062256,7.861144065856934,20.88848876953125,14.6404447555542,-13.369279861450195,-6.095705032348633,18.965669631958008,13.279243469238281,15.41006851196289,4.136528968811035,-15.605854988098145,15.651233673095703,-1.8178404569625854,3.8508048057556152,4.246284008026123,0.22063858807086945,6.86893892288208,7.6497578620910645,2.6748123168945312,0.7940950393676758,7.406644344329834,2.253866195678711,-0.6922701001167297,5.275374889373779
476,-9.854662895202637,6.800746440887451,1.1087734699249268,-9.682639122009277,11.203897476196289,9.3507080078125,-0.4436836242675781,-16.48426628112793,6.416266441345215,-5.136416435241699,1.5349082946777344,4.034847259521484,3.8493003845214844,3.2788782119750977,16.174999237060547,7.966324806213379,-5.431750774383545,1.9650731086730957,13.980440139770508,4.855319499969482,3.3862898349761963,-12.047574043273926,1.582075595855713,15.687104225158691,-3.824383497238159,2.8395583629608154,0.06112954020500183,-1.821103811264038,9.933758735656738,7.945000648498535,-0.5630614161491394,-3.953401803970337,5.4625468254089355,-8.767045974731445,0.5313759446144104,4.951615333557129
477,-7.591361999511719,8.14535140991211,-10.311502456665039,-5.256394386291504,9.216449737548828,8.301508903503418,-0.611856997013092,-10.149271965026855,-4.526106357574463,-3.382697105407715,4.851074695587158,4.093967437744141,0.4268566071987152,-0.8345196843147278,3.2562966346740723,0.7255942225456238,2.3002991676330566,3.1105899810791016,10.173251152038574,0.14035914838314056,-10.56363296508789,-12.908378601074219,15.69040298461914,15.654932022094727,-2.3927254676818848,3.1617603302001953,-2.0890002250671387,-0.845675528049469,9.212498664855957,6.6534881591796875,-0.09112966805696487,-1.8430546522140503,-9.97043514251709,-6.152252197265625,5.408656597137451,4.997629642486572
478,-7.679574012756348,9.679882049560547,-7.028061866760254,-3.430732488632202,8.319210052490234,8.247793197631836,0.7642207145690918,-4.943410873413086,-3.5098440647125244,-3.351482629776001,4.05465030670166,3.758794069290161,-3.8370301723480225,-3.454826593399048,-5.492918491363525,-3.7673051357269287,2.8307137489318848,3.0774195194244385,7.157968044281006,-2.074221134185791,-12.23867130279541,-12.653013229370117,15.651287078857422,15.650362014770508,-2.653655529022217,4.172918796539307,-1.5284538269042969,-0.6995928883552551,7.6733551025390625,6.698973655700684,0.2691606879234314,-0.8768532276153564,-7.045396327972412,-5.902680397033691,5.165757656097412,4.228567600250244
479,-7.2624969482421875,10.043094635009766,-4.426615238189697,-0.09036576747894287,8.351733207702637,8.343788146972656,-0.9676256775856018,-3.29123592376709,-3.4354519844055176,-3.366284132003784,4.138145923614502,16.259765625,-4.548871040344238,-3.405214548110962,-9.275923728942871,-5.26696252822876,2.702951431274414,2.7822442054748535,4.103652000427246,1.6423529386520386,-12.494508743286133,-12.964247703552246,15.660754203796387,0.0013045480009168386,-2.9660844802856445,4.265629768371582,-1.1472587585449219,0.11352728307247162,7.746632099151611,6.136821746826172,-0.2348189502954483,-0.5385817289352417,-6.171545028686523,-6.331479549407959,5.040221691131592,3.943007707595825
480,-7.350644111633301,10.071158409118652,-2.53314471244812,3.625743865966797,8.265275955200195,8.264044761657715,0.5903459191322327,-2.2798070907592773,-3.092107057571411,-3.0191731452941895,4.535346031188965,13.390098571777344,-4.53600549697876,-2.9763472080230713,-11.124975204467773,-4.068131446838379,3.2980220317840576,3.7038145065307617,2.71519136428833,0.6276345252990723,-13.380167961120605,-13.878595352172852,15.416644096374512,0.007505113258957863,-3.4108519554138184,4.042488098144531,-0.7127029299736023,0.7521849870681763,7.474782943725586,5.169484615325928,0.1888730376958847,-0.40824490785598755,-5.772730350494385,-6.655023097991943,5.166520595550537,2.8828914165496826
481,-7.642277717590332,9.828400611877441,-0.9482368230819702,3.359102249145508,8.153528213500977,7.969060897827148,-0.31207504868507385,-2.978452205657959,-3.022981643676758,-2.9184722900390625,4.368290901184082,5.2919416427612305,-4.0688347816467285,-2.2943849563598633,-11.20555305480957,-2.2725636959075928,3.6138417720794678,3.9198029041290283,1.3497689962387085,-0.5162329077720642,-13.708353042602539,-13.870338439941406,15.51249885559082,0.00958478543907404,-3.8537278175354004,4.319988250732422,-0.21076303720474243,0.6086509227752686,7.636226177215576,4.623348712921143,-0.094830222427845,-0.6270586252212524,-5.8682780265808105,-6.9153900146484375,5.311123371124268,0.7569625377655029
482,-7.822938919067383,9.581106185913086,0.01348568033427,1.7534438371658325,8.061958312988281,7.8301472663879395,-2.664682149887085,-0.3722071051597595,-2.609781265258789,-2.7829713821411133,4.328109264373779,-3.911259889602661,-3.4407567977905273,-1.7019848823547363,-10.586287498474121,-1.6783136129379272,3.9189555644989014,4.00984001159668,-0.9850568771362305,3.969637870788574,-15.113858222961426,-14.062092781066895,15.57924747467041,-15.651638984680176,-3.6901071071624756,4.356062412261963,0.059942543506622314,0.27560609579086304,7.428085803985596,4.121493339538574,-0.6231252551078796,0.032882995903491974,-6.076059341430664,-7.202703475952148,5.546615123748779,-2.9673476219177246
483,-7.870975971221924,9.55488395690918,1.5044960975646973,-0.07972591370344162,8.05062484741211,7.632695198059082,-3.4337704181671143,1.1839548349380493,-2.2335541248321533,-2.6592164039611816,4.348653793334961,-3.917577028274536,-3.381572961807251,-1.5058138370513916,-9.75022029876709,-1.375319004058838,3.884253978729248,4.2629475593566895,-3.2559762001037598,4.135076522827148,-15.48542308807373,-14.441892623901367,15.58287525177002,-15.683390617370605,-3.6142470836639404,4.4302802085876465,0.26743632555007935,-0.08255036175251007,6.799487590789795,3.4769444465637207,-0.787199079990387,0.3386695384979248,-6.036474704742432,-6.807307243347168,5.5741190910339355,-5.490079879760742
484,-7.943497180938721,9.517217636108398,2.7596752643585205,-0.5729737877845764,7.989841461181641,7.430509567260742,-2.432264804840088,-0.9667823314666748,-2.165029764175415,-2.5202651023864746,4.391911506652832,-4.183753490447998,-2.316880464553833,-0.7139635682106018,-7.9818501472473145,-0.3573684096336365,4.045027732849121,4.383158206939697,-4.784778594970703,3.5104143619537354,-15.468525886535645,-14.727105140686035,15.197732925415039,-15.703975677490234,-3.6719882488250732,4.709222793579102,0.4641023278236389,-0.13909538090229034,6.680368900299072,3.2205634117126465,-0.5305441617965698,-0.255668044090271,-5.967151641845703,-6.654870986938477,5.664557933807373,-5.49076509475708
485,-8.583927154541016,9.019691467285156,3.1817593574523926,-2.0101230144500732,7.945399284362793,7.378783702850342,-2.698777198791504,-3.7737700939178467,-2.045830011367798,-2.3992655277252197,4.306337833404541,-4.208065986633301,-0.573180615901947,1.050678014755249,-4.9657883644104,1.0760332345962524,4.277365207672119,5.2120490074157715,-6.279860973358154,1.7631760835647583,-15.540040016174316,-15.010053634643555,15.659867286682129,-15.7029447555542,-3.865842580795288,5.078076362609863,0.5480858683586121,-0.4460589289665222,6.80364465713501,3.278157949447632,-0.6892445087432861,-0.7992794513702393,-5.838294506072998,-6.401869773864746,5.591185092926025,-5.497612476348877
486,-8.883540153503418,8.77456283569336,1.300338864326477,-3.279163122177124,7.8172149658203125,6.682026386260986,-1.4640806913375854,-4.575894832611084,-2.055850028991699,-9.251233100891113,4.271899700164795,-4.20858907699585,-0.3962365984916687,0.9147842526435852,-4.017373085021973,0.5929394960403442,4.785583019256592,6.253257751464844,-6.891488075256348,-0.6695320010185242,-15.604887962341309,-0.012232556939125061,15.543021202087402,-15.703124046325684,-3.940762519836426,5.228562831878662,0.1724589467048645,-0.6815292835235596,5.987614154815674,2.874108076095581,-0.31978732347488403,-0.9453024864196777,-5.684136867523193,-5.897737503051758,5.495213985443115,-5.461050987243652
487,-8.795503616333008,8.780888557434082,0.64356529712677,-3.3850436210632324,7.497429370880127,6.483484268188477,-1.9807748794555664,-4.761442184448242,-2.031028985977173,-9.141098976135254,4.244050025939941,-4.316028118133545,-0.5829827785491943,1.3795034885406494,-3.855574369430542,-0.4951055645942688,6.312588214874268,7.332389831542969,-7.748709201812744,-3.846754789352417,-15.610832214355469,-0.020542262122035027,15.630997657775879,-15.618651390075684,-3.8046035766601562,5.229489803314209,0.09193986654281616,-0.6892258524894714,4.945316314697266,2.79038667678833,-0.5541415810585022,-1.072102665901184,-5.553353786468506,-4.898570537567139,5.308040618896484,-5.589763164520264
488,-8.501967430114746,8.62723159790039,1.1868258714675903,-2.7326831817626953,6.441744327545166,5.596548080444336,-1.586381435394287,-5.067517280578613,-9.164900779724121,-9.076003074645996,4.217126369476318,-4.197359561920166,-1.0888288021087646,2.01710844039917,-3.4045445919036865,-1.44806969165802,8.812331199645996,8.479759216308594,-8.272944450378418,-7.305086135864258,-0.01402768213301897,-0.03432605415582657,15.676690101623535,-15.51511001586914,-3.9158718585968018,5.45359992980957,0.23015743494033813,-0.5464689135551453,4.231298446655273,2.0457592010498047,-0.4144591689109802,-1.3117954730987549,-5.195433139801025,-4.442733287811279,5.0928826332092285,-5.270601272583008
489,-8.694658279418945,8.45946216583252,4.3433098793029785,-5.127575874328613,6.763355255126953,3.680478811264038,-4.624478340148926,-5.912362575531006,-8.726747512817383,-8.875144004821777,16.922971725463867,-4.237040042877197,-1.3836641311645508,1.7956445217132568,-0.88724684715271,-4.16615629196167,7.545054912567139,9.218332290649414,-4.843158721923828,-11.580245971679688,-0.0003999825567007065,-0.025939900428056717,0.010889768600463867,-15.614240646362305,-3.4952332973480225,5.255854606628418,0.9341179132461548,-1.2504223585128784,3.84226131439209,1.0654163360595703,-1.2166293859481812,-1.910940408706665,-3.2259976863861084,-3.583021402359009,4.136042594909668,-5.376828193664551
490,-8.573434829711914,8.329813003540039,3.7310562133789062,-3.739943265914917,6.08802604675293,3.2673637866973877,-6.67024564743042,-5.5204267501831055,-6.865399360656738,-8.364638328552246,7.748948097229004,-4.0602264404296875,-0.939617395401001,3.5867929458618164,0.5065490007400513,-5.692948341369629,8.177845001220703,10.919536590576172,-7.317780017852783,-15.861437797546387,-0.01824195869266987,-0.006729891523718834,0.05565789341926575,-15.571386337280273,-3.7467122077941895,5.035347938537598,0.7358511090278625,-0.8576653599739075,2.5940959453582764,1.061667561531067,-1.8792774677276611,-2.256288766860962,-1.6194570064544678,-2.685807466506958,1.2282993793487549,-5.020269393920898
491,-8.527502059936523,7.898319244384766,0.7318477034568787,-3.725801467895508,4.12515115737915,0.011690115556120872,-4.140182018280029,-4.928312301635742,-1.6722614765167236,-6.057758808135986,-3.5234904289245605,-4.034035682678223,-1.6070568561553955,4.55899715423584,0.5112051963806152,-7.778547286987305,7.533690929412842,11.170745849609375,-7.678147315979004,-19.17906379699707,-0.01072419062256813,-0.00040916434954851866,-4.821349620819092,-14.414533615112305,-3.6653356552124023,5.758896827697754,0.03604847192764282,-0.9874477386474609,1.1447641849517822,-0.18144047260284424,-1.0603859424591064,-2.8457436561584473,-0.1371178925037384,-1.3049148321151733,-1.1563888788223267,-3.737290620803833
492,-7.999568939208984,8.144447326660156,-1.6289877891540527,-3.2055087089538574,3.1103572845458984,-6.4584197998046875,-3.1803367137908936,-4.440484046936035,5.0750651359558105,4.305527210235596,-3.885882616043091,-3.7289440631866455,-3.0213539600372314,1.9407808780670166,-0.3595847189426422,-9.291645050048828,7.4499053955078125,5.8211140632629395,-6.069905757904053,-19.587787628173828,9.71005630493164,7.249916076660156,-15.656137466430664,-12.524469375610352,-3.186915397644043,6.20694637298584,-0.4145001173019409,-0.8998804092407227,0.8225826025009155,-1.4179174900054932,-0.701829195022583,-2.8577258586883545,2.475031614303589,1.7929120063781738,-6.278196334838867,-2.117851495742798
493,-7.321898460388184,8.978555679321289,-0.17194625735282898,-2.9503262042999268,0.924279510974884,-5.775652885437012,-3.5680718421936035,-2.720249891281128,2.575476884841919,3.055508613586426,-4.482770919799805,-2.050144910812378,-1.5029957294464111,-0.6435086131095886,-0.296671599149704,-9.637640953063965,3.975277900695801,1.8365439176559448,-8.093003273010254,-18.62008285522461,15.667547225952148,15.3331937789917,-15.700905799865723,-9.158625602722168,-2.239936351776123,4.69649600982666,0.020112544298171997,-0.8597400188446045,0.11765051633119583,-1.190320611000061,-0.9768224954605103,-1.3089946508407593,6.577883720397949,6.868372917175293,-6.685802459716797,-0.630393385887146
494,-4.653324604034424,7.994186878204346,0.9086382985115051,-1.9780186414718628,0.7940798401832581,-5.960058212280273,-2.9493298530578613,3.2997782230377197,1.97844660282135,2.0281481742858887,-4.413486003875732,8.549498558044434,-0.4342249929904938,-0.5013312101364136,1.2266020774841309,-9.153322219848633,2.278618335723877,0.7413767576217651,-9.992741584777832,-15.499752044677734,15.653885841369629,15.612295150756836,-15.655102729797363,11.856600761413574,-0.9090163111686707,2.085750102996826,0.22541505098342896,-0.5138630867004395,0.16503798961639404,-1.3740174770355225,-0.8380439877510071,0.7878942489624023,7.306610584259033,6.3032402992248535,-5.98317289352417,2.7782671451568604
495,1.800273060798645,-3.690971612930298,3.038123607635498,-0.4757165312767029,-2.981041669845581,-7.964410305023193,-2.6189424991607666,15.488045692443848,2.00494384765625,2.0344932079315186,-4.649477958679199,4.092635631561279,1.6713535785675049,-2.922917127609253,3.8886351585388184,-6.954742431640625,-1.1752421855926514,-3.7463736534118652,-11.87477970123291,-2.414480209350586,15.700014114379883,6.05532169342041,-15.581308364868164,15.676645278930664,0.6406770348548889,-1.4642271995544434,0.759748101234436,-0.04881827533245087,-0.7670935988426208,-3.1949687004089355,-0.8257736563682556,3.1396079063415527,7.122583389282227,5.685526371002197,-6.759638786315918,6.273306846618652
496,1.7304424047470093,-1.5314381122589111,-3.8136448860168457,2.406177043914795,-5.562768936157227,-6.685767650604248,3.0595335960388184,13.215690612792969,1.9937260150909424,6.023435592651367,-4.491576671600342,4.385910511016846,3.8373117446899414,-7.107419490814209,3.205378770828247,-2.718592643737793,-5.9923930168151855,-10.926501274108887,-11.171783447265625,8.925244331359863,15.694473266601562,10.812642097473145,-15.646255493164062,15.697991371154785,0.39591941237449646,-0.29661113023757935,-0.9391971230506897,0.5215683579444885,-1.7852416038513184,-3.9610507488250732,0.6834399104118347,3.8992011547088623,6.747895240783691,5.971304893493652,-6.043606281280518,6.1470489501953125
497,-3.884561538696289,5.047056674957275,0.4049438536167145,0.5137691497802734,-6.375140190124512,-5.11940860748291,10.888582229614258,10.2495698928833,2.0198376178741455,3.3512511253356934,-3.970536470413208,4.354713439941406,5.41274356842041,-3.856128454208374,3.497713565826416,0.41328221559524536,-8.112574577331543,-13.673977851867676,-5.729562282562256,14.417963981628418,15.624710083007812,13.398777961730957,-15.65350341796875,15.658076286315918,-0.9476008415222168,1.2364044189453125,0.23658615350723267,0.03956972062587738,-3.5003960132598877,-5.004397392272949,2.0451369285583496,4.610507965087891,6.610010623931885,6.520539283752441,-4.534527778625488,5.906603813171387
498,-5.772868633270264,2.7738428115844727,1.2925200462341309,4.102426528930664,-6.3379292488098145,-4.776249408721924,13.322860717773438,8.976329803466797,5.209219932556152,2.6657631397247314,-3.897770881652832,4.422572612762451,3.9298384189605713,-3.222794532775879,0.8725941181182861,2.371331214904785,-10.63194751739502,-15.477703094482422,1.3855092525482178,16.734712600708008,10.082698822021484,15.041312217712402,-15.70167064666748,15.699020385742188,-1.1700266599655151,0.46284765005111694,0.3339449167251587,1.0615043640136719,-5.587507247924805,-6.257944583892822,3.026395559310913,5.686365127563477,7.1140055656433105,6.41126012802124,-4.7497758865356445,5.9962615966796875
499,-4.620398998260498,3.9861836433410645,3.885514259338379,7.2693257331848145,-5.3498053550720215,-4.412924289703369,13.588714599609375,8.959611892700195,3.8444936275482178,2.3514506816864014,-3.846079111099243,4.473668575286865,2.4517626762390137,-0.9905707240104675,-0.37717801332473755,4.53859806060791,-14.048447608947754,-15.831056594848633,9.62197208404541,17.505958557128906,13.063854217529297,15.067708969116211,-15.674072265625,15.69165325164795,-0.8796679973602295,0.8352585434913635,0.8534993529319763,1.8282792568206787,-7.518702983856201,-6.700157165527344,4.410789489746094,6.776849746704102,7.348217010498047,6.568056106567383,-4.405980587005615,6.420495986938477
500,-1.0139174461364746,1.7633894681930542,8.394015312194824,7.759826183319092,-4.510006904602051,-4.180726528167725,10.201618194580078,8.907289505004883,2.4820570945739746,2.1132848262786865,-3.41080379486084,4.5162200927734375,3.5021347999572754,2.825662136077881,5.0871195793151855,8.680015563964844,-16.203062057495117,-17.128501892089844,16.605369567871094,17.02025604248047,15.608362197875977,15.54396915435791,-15.671294212341309,15.671919822692871,-0.05928563326597214,0.2931293845176697,2.1324453353881836,2.2189860343933105,-7.676138401031494,-7.032806396484375,5.089564323425293,6.8525800704956055,7.898982524871826,6.334544658660889,-3.6155052185058594,6.401761054992676
501,2.7798523902893066,4.3056817054748535,9.853930473327637,6.336338043212891,-3.514112710952759,1.681470513343811,6.428655624389648,8.348708152770996,2.0184080600738525,2.2365338802337646,-2.3828365802764893,4.311198711395264,7.8202290534973145,8.097339630126953,14.775482177734375,13.632244110107422,-16.903512954711914,-16.106510162353516,19.760406494140625,15.747989654541016,15.668580055236816,13.72378921508789,-15.650751113891602,15.614773750305176,0.9169468879699707,1.4191161394119263,3.9104557037353516,2.1872472763061523,-2.1231205463409424,0.6305266618728638,4.445074558258057,4.67820405960083,7.802720546722412,6.340226173400879,-2.0973293781280518,5.3856611251831055
502,-5.873421669006348,5.409016132354736,6.859769344329834,3.183846950531006,9.846352577209473,11.327284812927246,4.618407726287842,4.200315475463867,2.010824680328369,4.280430316925049,-1.523065209388733,3.927675724029541,8.150096893310547,9.557341575622559,20.846452713012695,15.408406257629395,-12.534103393554688,-9.323567390441895,19.228010177612305,13.704030990600586,12.719213485717773,7.310057640075684,-15.638646125793457,15.673410415649414,-1.485687255859375,2.7060577869415283,4.751911163330078,1.122044324874878,5.913424015045166,8.336623191833496,2.773322105407715,1.2764291763305664,7.434536457061768,5.049317836761475,-1.2739394903182983,4.5457000732421875
503,-10.317593574523926,5.660110950469971,1.5907669067382812,-8.501703262329102,11.304970741271973,9.959725379943848,-1.7083295583724976,-17.833776473999023,5.853417873382568,-5.845333099365234,-0.5371760725975037,3.718660831451416,5.683493137359619,4.57649040222168,17.47280502319336,10.225543975830078,-5.384479522705078,0.9524253606796265,13.99320125579834,4.974025726318359,3.5229225158691406,-12.116369247436523,-5.314693450927734,15.725936889648438,-4.294217109680176,2.0813937187194824,0.49937009811401367,-1.7048994302749634,8.995146751403809,8.75521183013916,-0.7719436883926392,-4.534642219543457,5.094813346862793,-8.874547958374023,-0.24417658150196075,4.242384910583496
504,-8.050298690795898,7.760496139526367,-10.333020210266113,-5.4073357582092285,9.253832817077637,8.696136474609375,-1.857269525527954,-12.423116683959961,-4.232274055480957,-3.512674570083618,7.763505458831787,3.6386168003082275,0.1838798075914383,0.4145328104496002,4.243984222412109,3.0154407024383545,2.8227739334106445,2.2043769359588623,9.963114738464355,-0.6236773729324341,-10.11862564086914,-12.888505935668945,15.66085147857666,15.672479629516602,-2.503387928009033,2.903264284133911,-2.116034746170044,-0.8457898497581482,8.28458309173584,6.76788330078125,-0.27261626720428467,-2.5050532817840576,-10.613408088684082,-6.496077537536621,5.456946849822998,4.821920394897461
505,-6.794775009155273,9.167794227600098,-8.447389602661133,-5.1828484535217285,8.115674018859863,8.601853370666504,1.5782294273376465,-5.90460205078125,-2.880469799041748,-3.43015718460083,4.097802639007568,3.647667646408081,-2.876504898071289,-2.770320177078247,-5.931807994842529,-3.2114083766937256,3.5936388969421387,1.9311338663101196,7.399779319763184,1.7199628353118896,-13.027661323547363,-12.592035293579102,15.598966598510742,0.0049533843994140625,-1.7504075765609741,3.3830137252807617,-1.9358935356140137,-1.0878105163574219,6.208730697631836,7.447666645050049,0.5735657811164856,-1.0823478698730469,-7.725009918212891,-5.800291538238525,5.377719402313232,4.001527309417725
506,-7.006969451904297,9.653096199035645,-4.8041863441467285,-1.2785236835479736,8.145536422729492,8.643706321716309,1.8775668144226074,-4.442488193511963,-3.378721237182617,-3.3434386253356934,4.183263301849365,12.272493362426758,-4.679012298583984,-3.2816154956817627,-10.257303237915039,-4.8136138916015625,3.4972758293151855,2.501936674118042,6.413748264312744,0.4682350754737854,-12.775219917297363,-13.267382621765137,15.66018009185791,0.00531533220782876,-2.673646926879883,3.5540101528167725,-1.2803752422332764,-0.15551550686359406,6.042016983032227,7.285317420959473,0.497819721698761,-0.7868155241012573,-6.309825897216797,-6.2690629959106445,5.321358680725098,2.504089832305908
507,-7.122417449951172,9.606731414794922,-2.4961092472076416,1.922769546508789,8.026856422424316,8.302428245544434,1.2080395221710205,-2.0472424030303955,-3.1995599269866943,-3.029064178466797,4.215079307556152,11.656618118286133,-5.205355644226074,-3.627431631088257,-12.576830863952637,-4.670872211456299,3.743204116821289,2.7807743549346924,5.183985233306885,-0.4406310021877289,-13.294122695922852,-13.624049186706543,14.967854499816895,-0.0004015343729406595,-3.039839267730713,3.2979345321655273,-0.685332179069519,0.4542679190635681,6.018452167510986,5.96617317199707,0.2643187642097473,-0.3228271007537842,-6.190884113311768,-6.529881477355957,5.4103684425354,2.526265859603882
508,-7.373748302459717,9.70516586303711,-0.5311984419822693,3.606220006942749,7.993640899658203,8.297280311584473,-0.5375943183898926,-2.1136293411254883,-3.025057077407837,-2.912747621536255,4.436593532562256,4.160926342010498,-4.537648677825928,-2.6171932220458984,-12.427502632141113,-2.7242186069488525,4.051907062530518,3.1914663314819336,3.1768364906311035,-1.2994304895401,-13.614875793457031,-13.908750534057617,15.503212928771973,0.0036445027217268944,-3.6164934635162354,3.45188307762146,-0.06867414712905884,0.7050248980522156,6.183817386627197,5.509778022766113,-0.16943533718585968,-0.44163376092910767,-6.230639934539795,-6.832283973693848,5.533462047576904,0.5493147969245911
509,-7.721301555633545,9.347332954406738,0.8180242776870728,2.1570067405700684,7.89654541015625,8.194369316101074,-1.969054102897644,0.2942456305027008,-2.906057834625244,-2.734156847000122,4.404850006103516,-2.686404228210449,-3.670437812805176,-1.5664085149765015,-11.274659156799316,-1.887384295463562,4.320606708526611,3.447705030441284,0.7919570803642273,3.430673599243164,-14.016623497009277,-14.89779281616211,15.602846145629883,-15.649919509887695,-3.638620615005493,3.4265236854553223,0.1750546097755432,0.35289663076400757,5.8876566886901855,5.125663757324219,-0.4239940047264099,0.1619287133216858,-6.459914207458496,-7.093449115753174,5.794347286224365,-3.271542549133301
510,-7.819672584533691,9.309229850769043,2.004481554031372,-0.027932725846767426,7.825359344482422,8.0656156539917,-2.6759355068206787,0.9828796982765198,-2.4928009510040283,-2.2060751914978027,4.438252925872803,-4.104818344116211,-3.5192995071411133,-1.490707278251648,-10.17583179473877,-1.5261114835739136,4.488399028778076,3.5854735374450684,-1.2608283758163452,3.538376569747925,-15.136241912841797,-15.405243873596191,15.570612907409668,-15.698080062866211,-3.649883270263672,3.5495829582214355,0.3299645781517029,-0.08293624222278595,5.332888603210449,4.588696479797363,-0.5753862857818604,0.25205308198928833,-6.421999454498291,-6.808056354522705,5.860311985015869,-6.064186096191406
511,-7.973080158233643,9.238927841186523,3.7483839988708496,-0.5428038239479065,7.751295566558838,7.875429153442383,-2.8944568634033203,-0.6047725677490234,-2.1491215229034424,-2.092726945877075,4.481627941131592,-4.324670791625977,-2.9964122772216797,-0.8987594246864319,-8.241036415100098,-1.1397109031677246,4.630560874938965,4.130005359649658,-3.010612726211548,3.119605541229248,-15.479145050048828,-15.488428115844727,15.533522605895996,-15.70403003692627,-3.767289876937866,3.789764165878296,0.6304617524147034,-0.13411881029605865,5.444087505340576,4.230010032653809,-0.6439571380615234,-0.17178833484649658,-6.304715633392334,-6.673984527587891,5.849983215332031,-5.971389293670654
512,-8.088484764099121,9.195995330810547,3.4349842071533203,-1.0773850679397583,7.710992336273193,7.641551971435547,-2.5862505435943604,-2.352277994155884,-2.1268467903137207,-2.0781702995300293,4.497511386871338,-4.351222038269043,-3.111423969268799,-1.224456787109375,-2.9048209190368652,-1.3014183044433594,4.680901527404785,4.648097038269043,-2.701946496963501,1.7421122789382935,-15.416741371154785,-15.494278907775879,11.84246826171875,-15.799819946289062,-3.8280930519104004,4.058625221252441,0.549839437007904,-0.24441494047641754,5.1968865394592285,3.9422686100006104,-0.5873097777366638,-0.497591495513916,-6.210318565368652,-6.422161102294922,5.828221797943115,-5.932197570800781
513,-8.021757125854492,9.152291297912598,1.4392974376678467,-0.9778059720993042,7.615111351013184,6.944209575653076,-4.791907787322998,-3.6138854026794434,-2.0886542797088623,-9.205770492553711,4.8467607498168945,-4.392158508300781,-2.8386857509613037,-0.33254343271255493,-0.9328093528747559,-0.933871328830719,5.60023307800293,6.783899784088135,-5.355800628662109,-0.2546400725841522,-15.5820951461792,-0.0033696945756673813,15.269482612609863,-15.561644554138184,-3.6693758964538574,4.809036731719971,0.22061508893966675,-0.19828714430332184,5.1167378425598145,3.6960105895996094,-1.246088981628418,-0.7591356039047241,-5.908466815948486,-6.1849870681762695,5.520139217376709,-5.553553581237793
514,-8.080958366394043,9.264019966125488,-1.3075700998306274,0.08780599385499954,7.117649555206299,7.002380847930908,-1.7978813648223877,-2.9660863876342773,-2.0058796405792236,-9.179069519042969,5.136534214019775,-4.2755584716796875,-1.9806151390075684,0.2680714428424835,-1.4099220037460327,0.36671996116638184,6.293041706085205,6.214795112609863,-6.741568088531494,-2.931239366531372,-15.615204811096191,-0.015855826437473297,15.607515335083008,-15.531930923461914,-3.3489203453063965,4.884112358093262,-0.3792707324028015,0.05923067033290863,3.3899011611938477,3.186221122741699,-0.32340800762176514,-0.6170370578765869,-5.706403732299805,-5.135634422302246,5.559724807739258,-5.668180465698242
515,-8.51609992980957,8.980857849121094,0.20283693075180054,-1.5893456935882568,6.802059650421143,6.592062473297119,-2.5923123359680176,-5.298773765563965,-8.086297988891602,-9.164151191711426,4.124831199645996,-4.343888759613037,-1.4471126794815063,0.9432886242866516,-1.1268068552017212,0.3506745398044586,8.365998268127441,7.702261447906494,-7.503329277038574,-6.5591607093811035,0.11278194189071655,-0.0497787669301033,15.272781372070312,-15.450282096862793,-3.553382635116577,5.232270240783691,0.09841293096542358,-0.3771156668663025,3.675414562225342,3.1313750743865967,-0.7300465106964111,-1.4096554517745972,-5.445681095123291,-4.866494178771973,5.201658725738525,-5.455125331878662
516,-8.087584495544434,8.842602729797363,3.2083241939544678,-4.278504848480225,6.291116714477539,5.48417854309082,-5.037297248840332,-6.028961658477783,-8.849202156066895,-8.970525741577148,17.204580307006836,-4.316309928894043,-1.8079301118850708,1.3819979429244995,0.37905019521713257,-0.9947922825813293,8.853078842163086,8.248212814331055,-4.424830913543701,-10.914474487304688,0.002802561968564987,-0.04824543371796608,0.025441616773605347,-15.687787055969238,-3.0565500259399414,4.946198463439941,0.7589094042778015,-0.9837490320205688,3.350022554397583,1.9462602138519287,-1.2582112550735474,-1.8819043636322021,-3.4680960178375244,-3.9218332767486572,4.2806077003479,-5.526341438293457
517,-8.475116729736328,8.500290870666504,4.028842449188232,-4.038149356842041,5.30095100402832,4.893308162689209,-6.304537296295166,-5.778397560119629,-7.642095565795898,-8.612239837646484,8.20004940032959,-4.252293586730957,-1.8308292627334595,2.6636719703674316,1.7998645305633545,-2.483518123626709,9.544163703918457,9.635132789611816,-6.669515132904053,-15.33432674407959,-0.012575620785355568,-0.024206943809986115,0.062372446060180664,-15.567262649536133,-3.5500049591064453,4.552237033843994,0.8846390247344971,-0.8628236651420593,1.9239376783370972,1.7554231882095337,-1.691084623336792,-2.293854236602783,-2.043747663497925,-3.0324089527130127,1.3344475030899048,-5.216019630432129
518,-8.293225288391113,8.192049980163574,1.7291395664215088,-3.5345051288604736,2.403493881225586,2.956444501876831,-3.9450740814208984,-5.089413642883301,-4.123445510864258,-7.2922139167785645,-2.6860315799713135,-3.888559103012085,-1.997396469116211,3.468222141265869,2.3167147636413574,-4.380471706390381,8.177289962768555,10.52150821685791,-7.318761825561523,-19.149778366088867,-0.01732526533305645,-0.0074469861574471,-3.0976364612579346,-14.823705673217773,-3.53695011138916,4.940059185028076,0.2835109233856201,-0.7936272621154785,0.5444557070732117,0.8471746444702148,-0.9725821018218994,-2.784202814102173,-0.7268426418304443,-1.8533412218093872,-0.964656412601471,-4.166852951049805
519,-7.993182182312012,8.219795227050781,-0.9616448283195496,-2.9339139461517334,1.4116172790527344,-0.3207864463329315,-3.248572587966919,-4.393340587615967,3.871325969696045,-0.9091505408287048,-3.8192780017852783,-4.140352725982666,-2.8133046627044678,3.114668369293213,1.9116441011428833,-6.157071113586426,6.816714763641357,9.49891471862793,-5.014577388763428,-19.837236404418945,6.19962739944458,0.0023329081013798714,-15.663904190063477,-13.379841804504395,-3.231219530105591,5.569170951843262,-0.28363505005836487,-0.7042431235313416,0.31859561800956726,-0.2273503541946411,-0.7018560767173767,-2.903733968734741,1.4082881212234497,0.061601147055625916,-6.1064019203186035,-2.828404664993286
520,-7.406553745269775,8.370076179504395,-2.3942439556121826,-3.208012819290161,1.4379271268844604,-3.4774298667907715,-5.605254650115967,-3.9645724296569824,3.6017682552337646,5.494417190551758,-4.543188095092773,-2.8109049797058105,-2.314141273498535,1.8566848039627075,0.5969237089157104,-7.556341171264648,5.0264811515808105,6.268515586853027,-7.679971694946289,-19.516056060791016,15.40947437286377,11.385607719421387,-15.666582107543945,-10.704014778137207,-2.6641685962677,5.864922046661377,-0.5152018666267395,-0.8615792989730835,0.3690134286880493,-0.6723309755325317,-1.6001194715499878,-2.417323350906372,6.021390438079834,5.218779563903809,-7.048442363739014,-1.150009274482727
521,-5.481017589569092,8.88302230834961,-1.887563705444336,-1.8272478580474854,-0.9623439311981201,-5.5575714111328125,-5.50399112701416,-1.7390230894088745,1.9857784509658813,2.023211717605591,-4.4919023513793945,4.24074649810791,-1.4127144813537598,-0.9645060300827026,0.11058112978935242,-7.944350242614746,1.8618295192718506,1.6991437673568726,-10.776867866516113,-18.251230239868164,15.653117179870605,15.377761840820312,-15.697732925415039,0.3634722828865051,-1.1996492147445679,3.8344907760620117,-0.35804593563079834,-0.42538338899612427,-0.281255841255188,-1.2443268299102783,-1.6892404556274414,-0.6603058576583862,7.313655376434326,6.575724124908447,-6.36290979385376,1.0423579216003418
522,1.87200129032135,2.951751232147217,0.6515622138977051,-0.5290355086326599,-1.337302803993225,-6.287640571594238,-4.950222015380859,9.572149276733398,2.0035297870635986,2.037839412689209,-4.456605911254883,4.6908745765686035,1.0029828548431396,-1.1618160009384155,2.413543462753296,-6.6108317375183105,-0.3009070158004761,0.14974117279052734,-13.630240440368652,-10.333382606506348,15.680582046508789,15.639507293701172,-15.63247013092041,15.718316078186035,0.6847110986709595,0.3421686291694641,0.2314566969871521,-0.07454486191272736,-0.27818381786346436,-1.5786566734313965,-1.7654914855957031,1.777740240097046,7.336230278015137,5.969232559204102,-6.18119478225708,5.931027412414551
523,4.452732086181641,-4.158351421356201,-1.3566563129425049,2.2556915283203125,-5.072727680206299,-7.8708906173706055,-2.3970413208007812,14.932927131652832,2.008962869644165,2.064574956893921,-4.6357927322387695,4.36065673828125,5.017127990722656,-4.369532108306885,3.537423849105835,-2.2219908237457275,-5.407891273498535,-5.727366924285889,-15.51652717590332,3.510582447052002,15.68905258178711,15.669946670532227,-15.608885765075684,15.697229385375977,1.2858450412750244,-1.4189106225967407,-0.31830137968063354,0.49429821968078613,-1.5813140869140625,-3.8229615688323975,-0.7979797720909119,3.524258852005005,6.252749919891357,6.201046943664551,-6.652678966522217,6.364393711090088
524,-1.2036106586456299,0.5961489677429199,-0.695071280002594,2.2138967514038086,-5.639813423156738,-6.881168842315674,9.232094764709473,11.665543556213379,2.005204677581787,5.840161323547363,-4.209829330444336,4.39918851852417,5.745612144470215,-4.916810989379883,3.972623825073242,2.3815550804138184,-10.039712905883789,-10.46163272857666,-11.89376163482666,12.578967094421387,15.693500518798828,10.40471076965332,-15.663235664367676,15.690855979919434,-0.438193142414093,0.2994420528411865,-0.0999646782875061,0.4582381844520569,-2.4663124084472656,-5.109762668609619,1.7387874126434326,4.3917155265808105,6.456015586853027,6.580948829650879,-5.075656414031982,6.018894195556641
525,-5.562539577484131,2.7051920890808105,0.4384109079837799,2.5310380458831787,-6.034826278686523,-5.242308139801025,15.28217601776123,9.35433292388916,4.1131367683410645,3.2949538230895996,-3.977496862411499,4.362193584442139,6.50051212310791,-2.620499610900879,3.2452173233032227,5.722431182861328,-11.273714065551758,-14.753995895385742,-3.106679677963257,16.468687057495117,10.787372589111328,14.460220336914062,-15.693227767944336,15.69993782043457,-1.1856926679611206,0.5657677054405212,0.143122136592865,0.621896505355835,-4.422062397003174,-6.443462371826172,3.0180559158325195,5.3218231201171875,6.987547397613525,6.3058905601501465,-4.70975399017334,5.981746673583984
526,-4.766619682312012,3.734694004058838,3.6884043216705322,5.4730706214904785,-5.268200874328613,-4.350112438201904,15.506401062011719,9.010469436645508,3.752519369125366,2.3051552772521973,-3.854320526123047,4.4564008712768555,2.839423418045044,-2.4965085983276367,-0.8598310351371765,5.939492702484131,-14.376627922058105,-16.043636322021484,5.609634876251221,17.162220001220703,13.259183883666992,15.103514671325684,-15.69281005859375,15.663175582885742,-0.9151074290275574,0.7262955904006958,0.8617619872093201,1.523014783859253,-7.284167766571045,-7.026625633239746,4.182382583618164,6.880160331726074,7.267771244049072,6.44288969039917,-4.5831403732299805,6.348819732666016
527,-1.6383898258209229,2.547431707382202,7.595674514770508,6.523837566375732,-4.433004856109619,-4.2326531410217285,12.20010757446289,9.230707168579102,2.5030341148376465,2.2399561405181885,-3.5966403484344482,4.541959285736084,3.0989139080047607,1.2596735954284668,3.1800265312194824,9.341507911682129,-16.400959014892578,-16.755043029785156,14.027718544006348,16.929702758789062,15.517206192016602,15.436805725097656,-15.693857192993164,15.661652565002441,-0.1926664113998413,0.4802904725074768,1.7981677055358887,1.9275882244110107,-8.057353973388672,-7.3964009284973145,5.151786804199219,7.400880813598633,7.710203647613525,6.600670337677002,-3.9797708988189697,6.583410263061523
528,3.1411566734313965,4.205386161804199,9.836597442626953,5.605224132537842,-3.9818928241729736,-3.5013535022735596,7.806200981140137,9.026636123657227,2.015629529953003,2.115056037902832,-2.7685024738311768,4.410019397735596,7.340255260467529,6.661158561706543,12.596444129943848,14.216032981872559,-17.24845314025879,-17.611183166503906,19.184110641479492,15.780280113220215,15.681097984313965,15.445406913757324,-15.641083717346191,15.641678810119629,1.0586329698562622,1.206066370010376,3.3397152423858643,1.982637882232666,-4.178410530090332,-2.397084951400757,4.788519859313965,5.581643104553223,7.94990348815918,6.3993096351623535,-2.600407361984253,5.814493179321289
529,-2.1049323081970215,5.4114813804626465,7.8103742599487305,3.2680957317352295,9.409740447998047,9.896410942077637,5.258020877838135,6.94831657409668,2.0120091438293457,3.0480124950408936,-1.804051160812378,4.069290637969971,9.25643253326416,10.074726104736328,19.935546875,16.626501083374023,-13.632123947143555,-12.818906784057617,19.329286575317383,14.1517915725708,15.690701484680176,10.113192558288574,-15.658059120178223,15.64818286895752,-0.5489917397499084,2.6297473907470703,4.909143447875977,1.298978328704834,4.104987621307373,7.624532699584961,3.3135290145874023,2.7934529781341553,7.422644138336182,6.385323524475098,-1.5398824214935303,4.8596906661987305
530,-10.073426246643066,5.586277008056641,3.0003981590270996,-7.798610687255859,11.415678977966309,10.56091594696045,0.8106070756912231,-11.405752182006836,5.389055252075195,-6.638977527618408,-1.020783543586731,3.8535428047180176,6.943260669708252,5.925106048583984,18.415069580078125,11.481916427612305,-5.961635112762451,-0.2471924126148224,15.73231315612793,7.600689888000488,4.453128814697266,-12.002396583557129,-6.144023895263672,15.741552352905273,-4.24273681640625,2.2832233905792236,1.6019196510314941,-1.5556608438491821,8.265310287475586,9.194591522216797,-0.10071820765733719,-2.7650678157806396,5.984348773956299,-6.736389636993408,-0.7867684960365295,4.53336763381958
531,-8.928900718688965,7.42910099029541,-9.080732345581055,-5.969964027404785,9.376063346862793,9.032470703125,-2.4782440662384033,-12.537331581115723,-4.359873294830322,-3.42313814163208,9.115564346313477,4.061738967895508,2.0702528953552246,0.4266483783721924,7.416238784790039,4.7176361083984375,2.4334053993225098,1.0076037645339966,10.772197723388672,0.7170820236206055,-11.332000732421875,-12.889416694641113,15.63876724243164,15.617855072021484,-2.708043336868286,2.756760358810425,-1.932288646697998,-0.9284458160400391,8.55836296081543,6.898744583129883,-0.4835089147090912,-2.559715986251831,-10.848770141601562,-6.918569087982178,5.146880626678467,5.163315296173096
532,-8.248184204101562,9.366355895996094,-8.524271965026855,-6.173996448516846,8.243001937866211,8.759780883789062,1.4905873537063599,-5.790111541748047,-3.176344871520996,-3.272840976715088,4.035749435424805,3.9711639881134033,-0.8862223625183105,-3.522885322570801,-3.3143186569213867,-1.9543466567993164,3.1734256744384766,1.9546531438827515,8.092266082763672,-1.873958706855774,-12.444568634033203,-12.98763656616211,15.641265869140625,15.64557933807373,-2.195596933364868,3.7418086528778076,-1.7688319683074951,-1.2673357725143433,6.976993083953857,7.2183637619018555,0.5760160684585571,-1.0093683004379272,-7.658102512359619,-5.905155181884766,5.228458881378174,4.599631309509277
533,-7.942685127258301,10.206494331359863,-4.730102062225342,-1.849176049232483,8.258244514465332,8.525917053222656,1.0190472602844238,-3.5396900177001953,-3.5568807125091553,-3.2366669178009033,4.129032611846924,3.7070274353027344,-2.926628589630127,-4.239720821380615,-7.824314594268799,-4.823809623718262,3.1530206203460693,2.6501388549804688,6.417324066162109,1.8500086069107056,-12.52810287475586,-13.179367065429688,15.59549331665039,0.005652666091918945,-3.3677549362182617,4.151334762573242,-1.1281254291534424,-0.27093321084976196,7.254696846008301,6.763309478759766,0.23827426135540009,-0.6973226070404053,-6.507127285003662,-6.290408134460449,5.1891632080078125,4.123157978057861
534,-7.6258015632629395,10.064507484436035,-4.128222465515137,0.19895751774311066,8.169795989990234,8.400189399719238,1.3311609029769897,-1.7144426107406616,-3.2664244174957275,-3.03888201713562,4.164976119995117,8.064029693603516,-4.7137627601623535,-4.106756687164307,-11.571749687194824,-5.8731560707092285,3.092134952545166,2.6763737201690674,5.310525417327881,1.3887020349502563,-12.977466583251953,-13.820127487182617,15.070173263549805,-0.002306419424712658,-3.485501766204834,4.007368087768555,-1.2267324924468994,0.11984370648860931,6.450440406799316,5.86793327331543,0.3430039882659912,-0.2394179105758667,-6.025013446807861,-6.430069923400879,5.336410045623779,1.314322590827942
535,-7.547293186187744,10.091784477233887,-1.300806999206543,3.136888027191162,8.266997337341309,8.357884407043457,-0.48807042837142944,-2.155979633331299,-3.1146013736724854,-2.9121499061584473,4.373370170593262,3.3718223571777344,-4.42445707321167,-3.5730252265930176,-12.151701927185059,-4.439407825469971,3.258563756942749,2.6912524700164795,3.314236640930176,0.6149832010269165,-13.512105941772461,-13.743406295776367,15.499876022338867,0.007449920754879713,-3.839232921600342,3.8474206924438477,-0.28782331943511963,0.6335349082946777,6.794140815734863,5.43918514251709,-0.16447611153125763,-0.4354029893875122,-5.958773136138916,-6.782095909118652,5.396627902984619,0.4977446496486664
536,-7.817418575286865,9.719244956970215,-0.2994878590106964,2.43692684173584,8.149758338928223,8.218503952026367,-2.209934949874878,-0.8017874360084534,-2.9227144718170166,-2.721874952316284,4.364980220794678,-3.668501615524292,-3.6130969524383545,-2.5623674392700195,-11.521164894104004,-3.573856830596924,3.647542715072632,3.889152765274048,0.6870971322059631,5.031848907470703,-13.824459075927734,-15.007715225219727,15.591850280761719,-15.622939109802246,-3.9528560638427734,3.8414511680603027,-0.03425484895706177,0.4107908606529236,6.576875686645508,4.9530029296875,-0.4793112874031067,-0.08811544626951218,-6.144665241241455,-6.9663004875183105,5.621047019958496,-2.590376615524292
537,-7.895480155944824,9.694966316223145,0.6188657879829407,0.43731674551963806,8.045658111572266,8.005539894104004,-1.9034541845321655,1.0060795545578003,-2.769815683364868,-2.289910316467285,4.3840460777282715,-3.947819232940674,-3.61483097076416,-2.3058254718780518,-11.033280372619629,-3.2552742958068848,4.0010199546813965,3.428727388381958,-1.0770169496536255,5.2366943359375,-14.68895435333252,-15.354841232299805,15.580828666687012,-15.694792747497559,-3.9180591106414795,3.8952531814575195,0.12583011388778687,0.011870250105857849,5.627286911010742,4.0817718505859375,-0.3790854215621948,0.315690815448761,-6.0844597816467285,-6.659458160400391,5.712840557098389,-5.757077217102051
538,-8.015547752380371,9.568831443786621,3.3798065185546875,0.25926172733306885,7.981884002685547,7.8577446937561035,-1.9783203601837158,-1.114233374595642,-2.260378360748291,-2.0526018142700195,4.446603298187256,-4.2550458908081055,-2.9730451107025146,-1.5975325107574463,-9.070801734924316,-2.539635419845581,4.161401271820068,3.9177191257476807,-2.4388506412506104,4.7516255378723145,-15.289740562438965,-15.563804626464844,15.53905963897705,-15.682343482971191,-4.094780921936035,4.056961536407471,0.5880555510520935,0.04126577079296112,5.790019512176514,3.828185796737671,-0.4288451671600342,-0.2734382152557373,-5.9995293617248535,-6.603776931762695,5.754194736480713,-5.77562141418457
539,-8.170676231384277,9.43673038482666,3.14451265335083,-0.3165641725063324,7.907427787780762,7.618707656860352,-1.743285059928894,-2.8446204662323,-2.057068347930908,-2.0349066257476807,4.474282741546631,-4.309468746185303,-2.769622802734375,-1.1194905042648315,-7.393038272857666,-2.0550155639648438,4.3793463706970215,4.642466068267822,-3.515669584274292,3.3382959365844727,-15.592438697814941,-15.625602722167969,15.520869255065918,-15.680289268493652,-4.19948148727417,4.308834075927734,0.4942921996116638,-0.09053470194339752,5.524359226226807,3.6137945652008057,-0.3818225860595703,-0.5620224475860596,-5.977370262145996,-6.381213665008545,5.769713401794434,-5.741674900054932
540,-8.226824760437012,9.313097953796387,2.996980905532837,-0.647576630115509,7.769810199737549,7.040536880493164,-1.3108551502227783,-3.45210862159729,-2.109947681427002,-9.202764511108398,4.520065784454346,-4.25534200668335,-2.575882911682129,-0.7490467429161072,-6.036712169647217,-1.691720962524414,4.9668731689453125,5.838029861450195,-4.176337718963623,1.4337644577026367,-15.584339141845703,-0.0032881898805499077,15.55613899230957,-15.661998748779297,-4.124900817871094,4.591144561767578,0.4927700161933899,-0.15102602541446686,5.009736061096191,3.3378477096557617,-0.2835380434989929,-0.6674859523773193,-5.8325276374816895,-6.058263301849365,5.731410026550293,-5.574401378631592
541,-8.325186729431152,9.43628978729248,1.6406469345092773,-0.35445329546928406,7.461417198181152,7.183311939239502,-1.7035013437271118,-3.7933733463287354,-2.007110595703125,-9.184112548828125,6.212330341339111,-4.08447265625,-2.446598529815674,-0.8757483959197998,-2.7159838676452637,-1.0209403038024902,5.45538330078125,5.699763298034668,-4.562076091766357,-1.3340195417404175,-15.654471397399902,-0.02931670844554901,15.014542579650879,-15.611604690551758,-4.06325101852417,4.725503921508789,0.24631434679031372,-0.061497047543525696,3.9881591796875,3.505584239959717,-0.41273897886276245,-0.7876172065734863,-5.759496688842773,-5.174992084503174,5.644739151000977,-5.7523512840271
542,-8.389684677124023,9.278743743896484,0.9766701459884644,-0.6068377494812012,7.2104949951171875,6.9729766845703125,-3.0465450286865234,-4.725127696990967,-2.0277504920959473,-9.185197830200195,4.405791282653809,-4.3804144859313965,-1.8456478118896484,-0.16657868027687073,-1.4335546493530273,-0.1014731228351593,7.658294677734375,6.495784759521484,-5.689947128295898,-4.7466607093811035,0.011073516681790352,-0.04894622415304184,15.159398078918457,-15.465063095092773,-3.9883477687835693,5.362676620483398,0.16352981328964233,-0.13247878849506378,4.095634460449219,3.416612148284912,-0.8125255703926086,-1.1286171674728394,-5.4812235832214355,-5.041110038757324,5.275753498077393,-5.343116760253906
543,-8.438575744628906,9.025568962097168,2.448575496673584,-2.888317346572876,6.765273571014404,6.093557357788086,-3.5309853553771973,-5.317180156707764,-8.979823112487793,-9.017742156982422,18.034643173217773,-4.192227840423584,-1.328923225402832,0.8343988060951233,0.2080281376838684,-0.45134443044662476,7.498970985412598,7.749823570251465,-2.249480724334717,-8.695626258850098,-0.013161104172468185,-0.04515727609395981,0.015283331274986267,-15.697409629821777,-3.464958429336548,5.182346343994141,0.5455073118209839,-0.6723395586013794,3.46773624420166,2.349976062774658,-0.754930317401886,-1.4786698818206787,-3.7859694957733154,-4.113185882568359,4.694148540496826,-5.252322673797607
544,-8.625356674194336,8.657320976257324,4.640369892120361,-4.072927951812744,5.926183700561523,5.236204147338867,-6.456011772155762,-4.999573230743408,-8.40233039855957,-8.8108491897583,10.209525108337402,-4.149306774139404,-1.041853666305542,2.2335493564605713,1.920139193534851,-1.5297874212265015,9.093270301818848,9.28481388092041,-4.419615745544434,-12.534049034118652,-0.016175564378499985,-0.02841818332672119,0.06669867038726807,-15.558151245117188,-3.8019628524780273,4.669047832489014,1.0699474811553955,-0.899226725101471,2.5478529930114746,1.8952577114105225,-1.646705985069275,-1.6479012966156006,-2.7130649089813232,-3.424104690551758,1.832293152809143,-5.0639166831970215
545,-8.680583953857422,8.289051055908203,2.104987382888794,-3.11348295211792,3.275895595550537,3.3829729557037354,-3.529601573944092,-5.0621819496154785,-6.844085693359375,-7.85745906829834,3.643821954727173,-3.822535514831543,-0.9882477521896362,3.3850574493408203,2.59541654586792,-2.9015111923217773,8.249557495117188,10.483434677124023,-5.86562967300415,-16.4819393157959,-0.025217004120349884,-0.013617770746350288,0.07084740698337555,-15.57809066772461,-3.9749836921691895,4.992916584014893,0.36123740673065186,-0.6434640288352966,0.8375903367996216,1.010603427886963,-0.7468035817146301,-2.1870737075805664,-1.6383486986160278,-2.207064390182495,0.4831238389015198,-4.188589096069336
546,-8.510586738586426,8.226765632629395,0.759621798992157,-3.57239031791687,1.9749820232391357,0.6198086738586426,-3.9114725589752197,-4.424103736877441,-2.487668752670288,-5.546403408050537,-2.880483627319336,-3.7020316123962402,-1.5400009155273438,3.374655246734619,2.813913106918335,-4.995388984680176,6.830945014953613,10.152024269104004,-2.687359094619751,-19.269432067871094,-0.014686288312077522,-0.000610661692917347,-15.62677001953125,-14.24759292602539,-3.7670884132385254,5.595440864562988,0.11316215991973877,-0.8665400743484497,0.4586421549320221,0.03292489051818848,-0.8323892951011658,-2.5664584636688232,-0.3355393707752228,-1.1500946283340454,-3.9545443058013916,-3.161799192428589
547,-8.352603912353516,8.303566932678223,-1.2461918592453003,-2.9012765884399414,1.412418246269226,-3.712948799133301,-5.398916244506836,-4.0133161544799805,5.085712909698486,4.6644606590271,-4.358094692230225,-3.1662514209747314,-2.192688465118408,2.165877103805542,1.845855712890625,-6.241707801818848,6.103759288787842,6.593307971954346,-5.3070502281188965,-19.372617721557617,9.397296905517578,7.65432071685791,-15.653572082519531,-12.022107124328613,-3.589482307434082,5.866400241851807,-0.307437539100647,-0.697041392326355,0.33005303144454956,-0.764582633972168,-1.3591374158859253,-2.4627060890197754,2.490605115890503,2.048956871032715,-6.847969055175781,-1.6192270517349243
548,-7.680074214935303,8.847864151000977,-1.9252887964248657,-3.0949504375457764,-0.581056535243988,-3.8401544094085693,-6.73940896987915,-2.9858152866363525,2.643723964691162,3.0692670345306396,-4.487979888916016,-0.1888856291770935,-0.30246007442474365,-0.3380286395549774,0.45807406306266785,-7.486510753631592,1.3191457986831665,2.8132898807525635,-8.830740928649902,-18.824296951293945,15.70157241821289,15.387589454650879,-15.65582275390625,0.006061384920030832,-2.655043125152588,5.235221862792969,-0.3979566693305969,-0.8269129395484924,-0.1874644160270691,-0.7181811332702637,-1.9564191102981567,-1.54677414894104,6.624363422393799,6.912075519561768,-6.337218761444092,0.2527723014354706
549,-5.107796669006348,8.156967163085938,-0.12012708932161331,-0.7910499572753906,2.08046555519104,-5.182643890380859,-7.026453971862793,1.2817617654800415,1.9694396257400513,2.136876344680786,-4.313334941864014,5.764936447143555,-0.2228570282459259,-0.830810546875,1.2472784519195557,-7.6670379638671875,1.7920011281967163,0.9200270771980286,-12.827371597290039,-16.793455123901367,15.696414947509766,15.486621856689453,-15.432977676391602,15.697577476501465,-1.0185447931289673,2.2070364952087402,0.04246467351913452,-0.09958082437515259,0.5626307129859924,-1.1864901781082153,-2.49118971824646,0.5006561279296875,7.924082279205322,6.217978477478027,-5.694980144500732,5.826963424682617
550,1.944706916809082,-0.09041734039783478,-1.039668321609497,0.45494717359542847,-4.217628002166748,-8.015527725219727,-5.106147289276123,14.430917739868164,1.9695382118225098,2.0195467472076416,-4.60528039932251,4.369246482849121,1.9871602058410645,-2.302938222885132,2.4338152408599854,-5.658685207366943,-1.7603437900543213,-1.8825417757034302,-15.832874298095703,-4.316085338592529,15.69632339477539,15.6087007522583,-15.183921813964844,15.693489074707031,0.7058670520782471,-0.32777154445648193,-0.22862404584884644,0.1281375139951706,-1.2179300785064697,-3.0852887630462646,-2.025660991668701,2.76926326751709,6.9168381690979,5.992096900939941,-6.339898586273193,6.451014518737793
551,1.883480191230774,-2.637674570083618,-0.5759427547454834,2.3747541904449463,-5.665783405303955,-7.681735038757324,-0.1341918259859085,14.063568115234375,2.0060830116271973,6.674572467803955,-4.417501449584961,4.47113037109375,4.365346908569336,-5.800220012664795,3.7056024074554443,-0.781909167766571,-7.100027561187744,-8.37015151977539,-16.520648956298828,8.148157119750977,15.694741249084473,8.238144874572754,-15.631306648254395,15.699146270751953,0.4343370795249939,-0.7436525225639343,-0.08722776174545288,0.49716538190841675,-1.9089138507843018,-5.2076497077941895,0.3030913472175598,4.049289226531982,6.4789581298828125,6.250946998596191,-5.747286796569824,6.20070743560791
552,-5.751568794250488,5.639176368713379,-2.488619089126587,2.851624011993408,-6.20541524887085,-5.743225574493408,15.61723518371582,10.39838981628418,2.0295562744140625,4.2460713386535645,-3.9356393814086914,4.396442890167236,5.59597110748291,-3.2890028953552246,2.6376218795776367,3.3799190521240234,-7.824256896972656,-12.99708080291748,-7.9921722412109375,14.676889419555664,6.963566780090332,11.840569496154785,-15.65253734588623,15.709700584411621,-1.5241963863372803,1.534557819366455,-0.5121039748191833,0.638508141040802,-3.295701503753662,-5.677698612213135,2.9415078163146973,4.650676727294922,6.912078857421875,6.375899791717529,-4.438931941986084,6.028440952301025
553,-6.948177337646484,4.033523082733154,3.9088780879974365,3.509350538253784,-5.9683356285095215,-5.093246936798096,16.00626564025879,8.880552291870117,4.725001335144043,3.2143847942352295,-3.8659441471099854,4.480687141418457,3.8482043743133545,-3.4550793170928955,0.6295042037963867,5.169450283050537,-11.795848846435547,-14.948055267333984,1.643270492553711,17.02798080444336,11.054235458374023,14.203919410705566,-15.704000473022461,15.646720886230469,-1.380977749824524,0.7661884427070618,1.1536564826965332,0.9259238243103027,-6.500829219818115,-6.851716041564941,3.734743356704712,5.992045879364014,7.099536418914795,6.265414237976074,-4.599551200866699,6.199854850769043
554,-5.008181571960449,4.40120267868042,4.419464111328125,5.684650421142578,-5.055652618408203,-4.560585021972656,13.45453929901123,9.116142272949219,3.4909274578094482,2.6630866527557373,-3.626312017440796,4.517706394195557,2.818248987197876,-0.9275385737419128,0.5273227691650391,6.577267169952393,-14.662553787231445,-15.527231216430664,11.056075096130371,17.3616886138916,13.594468116760254,14.567790985107422,-15.686967849731445,15.66986083984375,-0.9301511645317078,0.8969058990478516,0.8922825455665588,1.5442166328430176,-8.004077911376953,-7.330409526824951,4.540311336517334,7.326037406921387,7.4317755699157715,6.559807777404785,-4.057005405426025,6.413963317871094
555,-1.585869312286377,3.5783002376556396,8.49686336517334,6.250905990600586,-4.403209686279297,-4.2977423667907715,9.160977363586426,9.075311660766602,2.4737768173217773,2.334737539291382,-2.9566004276275635,4.50413179397583,3.6741645336151123,2.938199281692505,6.829511642456055,10.258618354797363,-16.515789031982422,-16.644746780395508,18.300809860229492,16.84619903564453,15.469954490661621,15.279740333557129,-15.670035362243652,15.678808212280273,-0.169966459274292,0.7640458941459656,2.2731621265411377,1.9032902717590332,-7.250024318695068,-7.246844291687012,4.959651947021484,6.898516654968262,7.981632709503174,6.05814266204834,-2.869433879852295,6.410224914550781
556,1.7548418045043945,5.449253559112549,9.399332046508789,4.582789897918701,-1.4707164764404297,2.4999258518218994,5.841612339019775,8.324295043945312,2.013882875442505,2.5783984661102295,-1.6269820928573608,4.3432793617248535,3.1017043590545654,6.986910820007324,13.960734367370605,11.77135181427002,-16.582788467407227,-13.762185096740723,21.481958389282227,16.560029983520508,15.70014476776123,12.71269702911377,-15.753807067871094,15.808713912963867,0.5809027552604675,1.9415502548217773,4.110520362854004,1.580309510231018,-0.4314536452293396,0.7805850505828857,4.255105972290039,4.4583420753479,7.95177698135376,6.132970809936523,-1.2792397737503052,5.472018241882324
557,-2.823826313018799,5.878208160400391,6.279922008514404,1.599790334701538,10.732396125793457,10.845231056213379,3.256535530090332,0.1612023413181305,2.0433411598205566,4.475352764129639,-0.4200129210948944,4.127406120300293,5.374526500701904,8.686304092407227,20.82349395751953,13.887471199035645,-10.972956657409668,-7.483570098876953,18.982046127319336,13.267438888549805,11.45166301727295,7.038796901702881,-15.347797393798828,15.607636451721191,-0.7046830058097839,2.8478708267211914,3.8104100227355957,0.3768628239631653,7.643998622894287,6.308041572570801,1.7961080074310303,-0.6119384765625,6.9252495765686035,3.3716201782226562,-0.16785772144794464,4.7264909744262695
558,-8.835114479064941,6.027360916137695,0.28159624338150024,-9.307743072509766,11.026107788085938,9.611512184143066,-3.051511764526367,-19.579736709594727,5.900191307067871,-5.844849586486816,8.0283784866333,3.8648734092712402,2.66400408744812,4.47284460067749,14.937397956848145,8.14648151397705,-4.113351821899414,2.4812071323394775,12.448714256286621,3.1669983863830566,2.766932487487793,-12.645587921142578,8.659388542175293,15.635860443115234,-3.2547082901000977,2.320465326309204,-0.4258463978767395,-1.7849431037902832,9.580473899841309,7.558971881866455,-0.8599666357040405,-4.914491176605225,3.130028009414673,-8.343893051147461,2.1157398223876953,4.475924491882324
559,-6.853020191192627,7.899252891540527,-11.569449424743652,-5.448583126068115,8.41843032836914,8.22740364074707,0.01424797810614109,-9.413080215454102,-4.330679893493652,-3.0632259845733643,3.842540740966797,3.9270691871643066,-0.21574437618255615,-1.1364935636520386,1.055853247642517,0.9971348643302917,2.993241310119629,3.563199758529663,7.848219871520996,-1.843074083328247,-9.985503196716309,-13.073579788208008,15.665159225463867,15.656143188476562,-1.5172098875045776,2.817013740539551,-2.381894111633301,-0.8836246132850647,9.051051139831543,6.790472984313965,0.08069322258234024,-1.709238052368164,-9.785460472106934,-5.845487117767334,5.501738548278809,4.67647123336792
560,-7.434716701507568,9.663252830505371,-6.213319301605225,-2.7184603214263916,8.268404006958008,8.076404571533203,0.5819587707519531,-4.952983379364014,-3.7587950229644775,-3.2908923625946045,4.091827869415283,3.6867480278015137,-3.6126363277435303,-3.334135055541992,-6.694066524505615,-2.745981216430664,2.952302932739258,3.6994242668151855,5.2948126792907715,-3.9368088245391846,-11.816229820251465,-12.765850067138672,15.659140586853027,15.652887344360352,-2.7170965671539307,4.1742939949035645,-1.3602547645568848,-0.4950144290924072,7.90757417678833,6.439731597900391,0.17484821379184723,-0.9713528156280518,-6.581120491027832,-5.992471694946289,5.167626857757568,4.129856109619141
561,-7.313913345336914,9.964457511901855,-4.274774551391602,0.7485291361808777,8.339871406555176,8.108468055725098,-0.42127281427383423,-2.452760934829712,-3.572974443435669,-3.3072469234466553,4.135343551635742,16.11919593811035,-4.417832851409912,-3.1551544666290283,-9.903264045715332,-3.9088809490203857,2.95767879486084,3.6659116744995117,3.048656940460205,0.15090472996234894,-12.587668418884277,-13.081704139709473,15.664334297180176,0.002344937529414892,-2.9573235511779785,4.1220316886901855,-1.173546314239502,0.2662055492401123,7.642376899719238,5.736201286315918,-0.11634434014558792,-0.3657146692276001,-6.059504985809326,-6.429113388061523,5.079962730407715,3.9018325805664062
562,-7.4783172607421875,9.792929649353027,-2.6810436248779297,3.34633731842041,8.203680038452148,7.967990875244141,1.9475579261779785,-2.292173385620117,-3.2108407020568848,-3.0955936908721924,4.158146381378174,12.5369873046875,-4.050418376922607,-2.120272159576416,-10.161380767822266,-2.368049144744873,3.65437912940979,4.246245861053467,2.9018425941467285,-0.459044873714447,-13.28361701965332,-13.538434028625488,15.664570808410645,-0.00044601672561839223,-3.407768964767456,3.994582414627075,-0.7459331750869751,0.698895275592804,6.754126071929932,5.04892110824585,0.5281530618667603,-0.4580140709877014,-5.899354457855225,-6.615421772003174,5.274939060211182,2.6096818447113037
563,-7.444555282592773,9.845396995544434,-1.687074065208435,2.7478301525115967,8.162506103515625,7.812248706817627,2.1615025997161865,-0.40115076303482056,-3.0305893421173096,-2.8593711853027344,4.508502006530762,3.8977932929992676,-4.597583770751953,-2.7329678535461426,-12.076522827148438,-1.7958070039749146,3.6021406650543213,4.278606414794922,2.900753974914551,-0.9840489625930786,-13.626653671264648,-13.842637062072754,15.492119789123535,0.010139891877770424,-3.468212604522705,3.848130226135254,-0.5129863023757935,0.4933488368988037,5.7365803718566895,4.193234443664551,0.4883221983909607,-0.010782651603221893,-6.222403049468994,-6.719790935516357,5.5377068519592285,0.4526764154434204
564,-7.694265842437744,9.672895431518555,1.0681111812591553,1.470397710800171,8.04240894317627,7.7121734619140625,-3.837339162826538,-0.4816127419471741,-2.886125326156616,-2.7988014221191406,4.364796161651611,-2.723137140274048,-3.7447221279144287,-1.7525430917739868,-11.071518898010254,-1.1495776176452637,3.9996845722198486,4.5919189453125,-0.003495148615911603,3.5772833824157715,-13.971022605895996,-14.145092964172363,15.574211120605469,-15.667350769042969,-3.670240879058838,4.328123569488525,0.29057973623275757,0.23423241078853607,6.840262413024902,4.056363105773926,-0.9729907512664795,-0.08601509779691696,-6.182727336883545,-7.2394514083862305,5.59218168258667,-3.706433057785034
565,-7.816262722015381,9.516559600830078,1.9648526906967163,-0.08455845713615417,7.918002605438232,7.3872833251953125,-3.736649751663208,1.0574396848678589,-2.4783995151519775,-2.6516125202178955,4.374048709869385,-4.023952484130859,-3.474980354309082,-1.3160457611083984,-9.947683334350586,-0.6649719476699829,4.340811729431152,5.102962970733643,-2.522223949432373,3.6297194957733154,-15.19292163848877,-14.440740585327148,15.5672607421875,-15.691985130310059,-3.6411571502685547,4.335352897644043,0.31782907247543335,-0.07369787991046906,6.045166015625,3.360806465148926,-0.7999457716941833,0.3022404909133911,-6.134298801422119,-6.738669395446777,5.617213726043701,-5.592601776123047
566,-7.929831504821777,9.445189476013184,3.1908726692199707,-0.8687663078308105,7.896576404571533,7.089330673217773,-2.9877119064331055,-1.2068747282028198,-2.2114710807800293,-2.5220911502838135,4.406982898712158,-4.206237316131592,-3.1569747924804688,-0.8915339708328247,-8.331854820251465,-0.3566029965877533,4.3418073654174805,5.743796348571777,-4.2532243728637695,2.9564788341522217,-15.453858375549316,-14.708651542663574,15.540984153747559,-15.684572219848633,-3.727471351623535,4.728385925292969,0.5293583273887634,-0.20715762674808502,5.971279621124268,3.088693141937256,-0.6589123606681824,-0.304446280002594,-6.053408145904541,-6.548528671264648,5.6486496925354,-5.521300792694092
567,-8.500534057617188,8.918309211730957,2.9027771949768066,-1.7475937604904175,7.905788898468018,6.756588459014893,-2.6798293590545654,-3.0677106380462646,-2.1378791332244873,-2.4237005710601807,4.579355239868164,-4.331535816192627,-0.7320746779441833,1.7222657203674316,-5.124749183654785,1.8271795511245728,4.369627475738525,6.781807899475098,-5.841505527496338,1.2479867935180664,-15.620121955871582,-15.14260196685791,15.662837028503418,-15.700807571411133,-3.657904624938965,5.098723411560059,0.4783410429954529,-0.3663759231567383,5.602366924285889,2.800083637237549,-0.6438154578208923,-0.6457729339599609,-5.947977542877197,-6.245556831359863,5.619137287139893,-5.467336654663086
568,-8.847188949584961,8.138153076171875,1.6236728429794312,-4.155555248260498,7.830808162689209,5.683745384216309,-2.607987880706787,-5.872007846832275,-2.0837838649749756,-9.208044052124023,4.281739234924316,-4.222570896148682,-0.5816041231155396,1.6952475309371948,-4.373044490814209,0.9891740679740906,4.770007610321045,8.17183780670166,-6.949073314666748,-1.8353745937347412,-15.565054893493652,-0.00014266464859247208,15.637334823608398,-15.652859687805176,-3.9641361236572266,5.518613815307617,0.24653273820877075,-0.8797927498817444,5.132686138153076,2.52284574508667,-0.6672366857528687,-1.3253376483917236,-5.810122966766357,-5.706039905548096,5.427850723266602,-5.539996147155762
569,-8.412208557128906,8.954534530639648,0.5371328592300415,-3.498961925506592,7.473723411560059,5.452648162841797,-3.0174148082733154,-5.152579307556152,-2.0749175548553467,-9.111030578613281,7.202823162078857,-4.30413818359375,-2.3477258682250977,0.8013336658477783,-2.4908318519592285,-1.5313644409179688,6.124378681182861,9.99194622039795,-7.561800003051758,-5.506688594818115,-15.643261909484863,-0.01996886543929577,15.067286491394043,-15.59060287475586,-3.8142666816711426,5.732330322265625,0.06394082307815552,-0.7040647864341736,3.935222625732422,2.229212522506714,-0.7898062467575073,-1.2046654224395752,-5.622264385223389,-4.6063337326049805,5.25346040725708,-5.585958957672119
570,-7.806108474731445,8.778528213500977,-0.2938064932823181,-1.9644180536270142,6.269056797027588,3.6932241916656494,-4.026721954345703,-5.180203914642334,-9.17918872833252,-9.03128719329834,4.324015140533447,-4.201114654541016,-2.261733293533325,1.6209096908569336,-2.15205717086792,-2.357229709625244,8.497241973876953,11.214925765991211,-4.435317039489746,-9.215286254882812,0.0813124030828476,-0.020880546420812607,0.09755611419677734,-15.693622589111328,-3.5718448162078857,6.701535224914551,-0.09553289413452148,-0.36350584030151367,3.49977970123291,1.1949563026428223,-1.2044012546539307,-1.4455945491790771,-5.201560020446777,-4.3176164627075195,4.889316082000732,-5.019995212554932
571,-8.13548469543457,8.505037307739258,4.20034646987915,-5.367081165313721,6.0400919914245605,0.6281386613845825,-7.749867916107178,-6.849095821380615,-7.821842193603516,-7.888834476470947,-1.2439497709274292,-4.1087236404418945,-2.1396937370300293,3.159268856048584,-1.1499963998794556,-4.204172611236572,8.540247917175293,11.437353134155273,-7.25167179107666,-14.067282676696777,0.006904873996973038,0.0009120613103732467,0.015879161655902863,-15.677663803100586,-3.37007474899292,6.249608039855957,0.9699052572250366,-1.3864433765411377,2.6945247650146484,0.023952528834342957,-2.224499225616455,-2.6458895206451416,-2.1331539154052734,-2.195770740509033,-1.0121978521347046,-5.052610397338867
572,-7.918179988861084,8.421735763549805,1.1353415250778198,-4.507726192474365,4.23558235168457,-4.6927032470703125,-4.765933513641357,-5.308467864990234,-4.472840309143066,-3.8345208168029785,-3.4428579807281494,-3.684816837310791,-3.0738511085510254,1.8856173753738403,-0.7782203555107117,-7.211972236633301,7.836810111999512,7.719671726226807,-4.632050514221191,-18.446638107299805,-0.011291773989796638,-2.2096792235970497e-05,-15.595682144165039,-14.956293106079102,-3.135822296142578,6.426626205444336,0.11317917704582214,-1.1251634359359741,1.1982003450393677,-0.9584983587265015,-0.9262186288833618,-2.572373390197754,-0.8169658780097961,-0.636465311050415,-4.9072465896606445,-4.022120952606201
573,-7.653423309326172,8.741767883300781,1.2685331106185913,-3.704512357711792,3.7419848442077637,-3.2987780570983887,-5.326259613037109,-4.087125301361084,4.458072662353516,5.3769965171813965,-4.398994445800781,-4.201566696166992,-3.1437716484069824,1.2535234689712524,-0.12128005921840668,-8.615455627441406,7.833497524261475,5.170721054077148,-7.199753761291504,-19.784809112548828,7.20950984954834,10.05811595916748,-15.674886703491211,-13.769865036010742,-2.8921401500701904,6.080807209014893,0.2549326717853546,-1.0040359497070312,1.0768682956695557,-0.5290727615356445,-1.4146966934204102,-2.5553691387176514,1.7993701696395874,3.4976627826690674,-6.677977561950684,-3.194702625274658
574,-7.225131988525391,9.093937873840332,0.23844203352928162,-3.441887140274048,1.1668812036514282,-5.091541290283203,-3.631671905517578,-2.9426188468933105,3.2700273990631104,2.2775557041168213,-4.489848613739014,-3.5720629692077637,-1.8921966552734375,-0.7191975116729736,0.34056246280670166,-9.462930679321289,5.015934944152832,2.061126470565796,-9.399296760559082,-19.171161651611328,15.356023788452148,15.423810958862305,-15.694416046142578,-12.072096824645996,-2.2740869522094727,5.449429988861084,0.009551778435707092,-0.9911761283874512,0.1732478141784668,-1.1005728244781494,-0.9548901915550232,-1.6044607162475586,6.029526710510254,7.87750244140625,-6.394812107086182,-1.8546611070632935
575,-4.260088920593262,9.077792167663574,1.0573850870132446,-3.1025683879852295,1.3250303268432617,-6.2855329513549805,-2.461789846420288,-0.3281071186065674,1.9686428308486938,2.0575172901153564,-4.3958740234375,-0.25252002477645874,-0.2875538766384125,-0.7355310916900635,2.4040656089782715,-9.073841094970703,2.772785186767578,1.102839708328247,-11.164159774780273,-17.219255447387695,15.813922882080078,15.6962251663208,-15.660039901733398,-6.665610313415527,-0.7920794486999512,3.283856153488159,0.25356385111808777,-0.8881112933158875,0.3018687665462494,-1.535270094871521,-0.7070816159248352,0.12201765924692154,7.086747169494629,7.097646713256836,-5.884887218475342,0.256926029920578
576,2.7260048389434814,0.8784005641937256,1.4748204946517944,-1.6392467021942139,-1.8003534078598022,-7.947965145111084,-1.150388479232788,14.984063148498535,2.0080480575561523,9.149893760681152,-4.451983451843262,7.211794376373291,2.8398633003234863,-1.9496150016784668,5.539723873138428,-6.323896884918213,0.1401159167289734,-3.3018760681152344,-12.022378921508789,-4.191411972045898,15.700000762939453,3.0504493713378906,-15.633509635925293,15.648667335510254,0.9032633304595947,-0.12998373806476593,0.36066216230392456,-0.3537573218345642,-0.47370225191116333,-3.007749557495117,-0.3042870759963989,2.9873292446136475,7.206496715545654,5.921664237976074,-6.015185832977295,5.9047088623046875
577,4.151618003845215,-1.191414475440979,-3.2666499614715576,-1.0278435945510864,-5.919834613800049,-6.765172481536865,0.5229442715644836,12.840853691101074,2.0111281871795654,6.112061023712158,-4.4121856689453125,4.266607761383057,6.04396915435791,-6.164175033569336,5.176732540130615,-4.327988147735596,-5.668018341064453,-10.578271865844727,-12.163003921508789,6.888638973236084,15.695273399353027,10.410320281982422,-15.639383316040039,15.696427345275879,1.2073719501495361,-0.3666415214538574,-0.7217811346054077,-0.21194051206111908,-2.0498721599578857,-3.7517733573913574,0.16019879281520844,3.344618558883667,6.606652736663818,5.401902198791504,-5.807374954223633,5.992873191833496
578,-4.221933841705322,5.345515251159668,-0.588527262210846,1.4191718101501465,-5.8351593017578125,-5.234417915344238,9.200178146362305,10.566645622253418,2.0101985931396484,3.5881550312042236,-3.9089667797088623,4.323100566864014,5.32318639755249,-3.289689302444458,5.243388652801514,-0.8141880035400391,-10.198554992675781,-12.884572982788086,-7.290499687194824,13.530142784118652,15.687955856323242,12.769902229309082,-15.67854118347168,15.644455909729004,-1.151878833770752,1.3380935192108154,-0.015094935894012451,0.3594157099723816,-2.699012041091919,-4.642011642456055,1.6956391334533691,4.310888290405273,6.67017126083374,6.561759948730469,-4.476425647735596,5.863226890563965
579,-4.936079502105713,1.7943297624588013,0.3106204867362976,4.593175411224365,-5.308725833892822,-4.923238277435303,12.920618057250977,9.12092113494873,2.013312339782715,2.8031392097473145,-3.9154932498931885,4.41849422454834,6.397540092468262,-0.8633255958557129,4.965547561645508,3.641090154647827,-10.307658195495605,-15.15830135345459,0.6201887130737305,16.715993881225586,15.433979988098145,15.221673965454102,-15.64892578125,15.690620422363281,-0.9722133874893188,0.22569994628429413,0.10824473202228546,1.1216585636138916,-3.87201189994812,-6.582277297973633,2.7961111068725586,5.48898458480835,7.187259674072266,6.089787483215332,-4.7393622398376465,5.932482719421387
580,-5.773026466369629,3.3879692554473877,1.4322328567504883,6.140701770782471,-5.956932067871094,-4.406012535095215,11.782379150390625,8.607565879821777,2.1972501277923584,2.1419153213500977,-3.7027952671051025,4.464634418487549,2.947031259536743,-0.6625309586524963,0.09757983684539795,4.317066192626953,-11.041966438293457,-16.099090576171875,7.627647876739502,16.70516014099121,9.762838363647461,14.731866836547852,-15.582389831542969,15.699413299560547,-1.0522311925888062,0.831744909286499,0.40506166219711304,1.7315014600753784,-6.817829132080078,-7.028010368347168,3.4353044033050537,6.946846961975098,7.399925231933594,6.47321891784668,-4.192221641540527,6.1544952392578125
581,-2.5377776622772217,1.7707927227020264,8.184117317199707,7.560914516448975,-5.2772536277771,-4.1326375007629395,10.701534271240234,9.084325790405273,3.6870343685150146,2.123098611831665,-3.25376558303833,4.463386535644531,4.320384502410889,2.923785448074341,4.977971076965332,8.462479591369629,-14.384295463562012,-17.202116012573242,15.900674819946289,17.038524627685547,14.008989334106445,15.499861717224121,-15.69690990447998,15.666866302490234,-0.3635833263397217,0.3047023415565491,2.17388916015625,2.1384048461914062,-7.529641151428223,-7.391943454742432,5.011247158050537,6.961931228637695,7.74750280380249,6.279143810272217,-3.3969407081604004,6.319309234619141
582,1.1978944540023804,3.55859637260437,9.6993989944458,5.840547561645508,-3.995133876800537,-2.185222864151001,6.386396408081055,8.550893783569336,2.035024881362915,2.039470672607422,-2.084423542022705,4.302840232849121,7.698591709136963,7.956333160400391,14.470771789550781,13.112641334533691,-15.713556289672852,-17.54070472717285,20.023221969604492,16.015840530395508,15.684127807617188,15.463940620422363,-15.645246505737305,15.635055541992188,0.4503815174102783,1.0747286081314087,3.7080631256103516,1.916299819946289,-2.3776235580444336,-0.9643752574920654,4.385371685028076,5.07002592086792,7.763820648193359,6.177204608917236,-1.754226565361023,5.412969589233398
583,-5.855863094329834,4.902862548828125,6.930823802947998,3.244365930557251,9.45340347290039,10.457769393920898,4.418553829193115,5.081089019775391,2.451312780380249,3.2631518840789795,-1.119599461555481,3.852346897125244,8.418085098266602,10.109539031982422,20.504684448242188,14.702585220336914,-11.262001991271973,-11.778474807739258,19.2576904296875,14.158987998962402,11.084434509277344,9.577569007873535,-15.658368110656738,15.663125991821289,-1.3599117994308472,2.252147674560547,4.572774887084961,1.1277384757995605,5.027274131774902,7.995260238647461,2.655424118041992,1.7589778900146484,7.278753280639648,5.922605514526367,-0.8729365468025208,4.432309150695801
584,-10.4400053024292,5.273285865783691,1.9847238063812256,-8.417380332946777,10.977822303771973,10.393156051635742,-1.56503164768219,-17.170129776000977,6.166972637176514,-6.432037830352783,1.1001091003417969,3.6128594875335693,5.825592041015625,4.979510307312012,16.547523498535156,9.328665733337402,-4.555182933807373,0.2831461727619171,13.704840660095215,5.51316499710083,2.964416027069092,-12.210579872131348,1.0619328022003174,15.699349403381348,-4.340651035308838,1.9395995140075684,0.6059360504150391,-1.708554983139038,8.24067211151123,9.169513702392578,-0.734680712223053,-4.341433048248291,4.130362033843994,-7.944158554077148,0.45899659395217896,4.0467023849487305
585,-8.387092590332031,7.720810413360596,-10.756473541259766,-5.669674873352051,9.065361976623535,8.997910499572754,-0.9283162951469421,-11.716662406921387,-4.104396820068359,-3.4587132930755615,4.824087142944336,3.921229839324951,1.9392166137695312,-0.75494384765625,3.4639604091644287,2.4468209743499756,2.345080852508545,1.1711926460266113,9.010469436645508,-0.7167946100234985,-9.90505599975586,-12.857637405395508,15.646881103515625,15.608245849609375,-2.476461410522461,2.893247365951538,-2.261620283126831,-0.9141511917114258,7.704178333282471,7.313248634338379,-0.12053119391202927,-2.302645444869995,-10.628219604492188,-6.485769271850586,5.5701823234558105,4.864666938781738
586,-8.285781860351562,9.331547737121582,-7.305783748626709,-4.615766525268555,8.267342567443848,8.633974075317383,1.4343167543411255,-6.350340843200684,-3.9152464866638184,-3.372485637664795,4.1168928146362305,3.7325031757354736,-2.4082131385803223,-2.7427079677581787,-5.227321147918701,-2.501847743988037,3.1711418628692627,2.052546739578247,7.165322303771973,-2.8661081790924072,-12.08089828491211,-12.81821346282959,15.657181739807129,15.659151077270508,-2.742821216583252,3.8338608741760254,-1.5524988174438477,-0.9349852204322815,6.716113567352295,7.5616679191589355,0.4939885437488556,-1.2115631103515625,-7.357917308807373,-6.150755405426025,5.376453876495361,4.2292256355285645
587,-7.447014331817627,9.677093505859375,-5.333209037780762,-1.3915258646011353,8.31027603149414,8.564408302307129,0.4531993567943573,-4.940280437469482,-3.5763349533081055,-3.2153162956237793,4.233100414276123,15.668004989624023,-4.281678676605225,-3.2163500785827637,-9.986738204956055,-5.049996852874756,3.2039356231689453,2.462825059890747,5.110084533691406,0.5591355562210083,-12.795104026794434,-13.168736457824707,15.673877716064453,-0.0002838081563822925,-2.7980403900146484,3.6730167865753174,-1.4669055938720703,-0.2094763070344925,6.011812210083008,7.339859962463379,0.06064723804593086,-0.8829088807106018,-6.815433979034424,-6.295253753662109,5.341994762420654,3.691962957382202
588,-7.349385738372803,9.694720268249512,-3.0828232765197754,2.0798637866973877,8.23321533203125,8.414508819580078,1.4710620641708374,-3.0745229721069336,-3.402890682220459,-3.0805959701538086,4.239551544189453,13.059537887573242,-4.874859809875488,-3.6501705646514893,-12.74848747253418,-4.99245548248291,3.4311270713806152,2.5741915702819824,4.045651912689209,-0.7305997610092163,-13.4607572555542,-13.596536636352539,15.28042221069336,0.004624795168638229,-3.1971988677978516,3.415025234222412,-0.8929693102836609,0.4882052540779114,5.294647216796875,6.501359939575195,0.39180028438568115,-0.55347740650177,-6.3375563621521,-6.537971019744873,5.5038886070251465,2.8055737018585205
589,-7.491918563842773,9.832194328308105,-1.1075266599655151,3.577794075012207,8.055326461791992,8.423099517822266,0.039364103227853775,-2.495441436767578,-2.988631010055542,-2.9911205768585205,4.48829984664917,6.838132381439209,-4.35153865814209,-2.6622414588928223,-12.840383529663086,-3.1848671436309814,3.922390937805176,3.3752212524414062,2.521655559539795,-1.763552188873291,-13.66852855682373,-14.1626558303833,15.481470108032227,0.00036897952668368816,-3.7128920555114746,3.4959938526153564,-0.2788539528846741,0.6848567128181458,5.469306945800781,6.155298233032227,-0.05548567697405815,-0.5052278637886047,-6.330291271209717,-6.781802654266357,5.5649638175964355,1.1534754037857056
590,-7.750783443450928,9.597989082336426,-0.2493775188922882,2.5867209434509277,7.917436599731445,8.34370231628418,-0.43720701336860657,-0.026205262169241905,-2.893362283706665,-2.4153170585632324,4.436895847320557,-4.813852310180664,-3.6261725425720215,-2.1402196884155273,-12.102336883544922,-2.3487372398376465,4.290392875671387,2.815260887145996,1.016683578491211,2.8944811820983887,-13.888205528259277,-15.0836181640625,15.557222366333008,-15.66128158569336,-3.852445602416992,3.4762063026428223,-0.027858316898345947,0.4459785223007202,5.045399188995361,5.784602165222168,-0.10018236190080643,0.09312618523836136,-6.531967639923096,-6.9871063232421875,5.802785873413086,-2.2862842082977295
591,-7.873291969299316,9.371095657348633,1.8548340797424316,-0.06237984448671341,7.796529293060303,8.289997100830078,-3.242769956588745,1.983581304550171,-2.7831242084503174,-2.109645128250122,4.44858455657959,-3.9931931495666504,-3.468217372894287,-1.5952928066253662,-11.113454818725586,-2.050102710723877,4.5437798500061035,3.296715497970581,-1.2496095895767212,3.3305001258850098,-14.134748458862305,-15.687756538391113,15.586492538452148,-15.690723419189453,-3.766293525695801,3.461714744567871,0.33499854803085327,-0.10629613697528839,4.6119303703308105,5.343210220336914,-0.7658939361572266,0.5287343859672546,-6.464298725128174,-6.7090959548950195,5.849775791168213,-6.158349514007568
592,-8.021247863769531,9.313885688781738,3.5583841800689697,0.06156183034181595,7.694875240325928,8.11549186706543,-2.4268124103546143,0.06805557757616043,-2.6628315448760986,-2.1130411624908447,4.489652156829834,-4.3707194328308105,-3.0111875534057617,-1.0494304895401,-9.1444091796875,-1.4990047216415405,4.915308952331543,3.8177053928375244,-2.8250505924224854,3.193965196609497,-14.574650764465332,-15.573386192321777,15.557236671447754,-15.69834041595459,-4.039947986602783,3.6980674266815186,0.5848762392997742,0.01638142764568329,4.686205863952637,4.9106903076171875,-0.4992385506629944,-0.06587611883878708,-6.3275628089904785,-6.612342357635498,5.90421724319458,-6.233415603637695
593,-8.167251586914062,9.229552268981934,3.4732820987701416,-0.7257894277572632,7.547322750091553,7.845951557159424,-2.4616811275482178,-2.1686348915100098,-2.354085683822632,-2.0499942302703857,4.495579242706299,-4.423861503601074,-3.292177200317383,-1.5458369255065918,-3.1912388801574707,-1.6525143384933472,4.929018020629883,4.390533924102783,-2.165778875350952,1.9044735431671143,-15.132658958435059,-15.642396926879883,11.449854850769043,-15.725934028625488,-4.152565956115723,4.019659996032715,0.550538957118988,-0.18308837711811066,4.551298141479492,4.696086883544922,-0.5665291547775269,-0.4783778786659241,-6.263195514678955,-6.383357048034668,5.876577854156494,-6.172427654266357
594,-8.12505054473877,9.264423370361328,1.386227011680603,-0.43300265073776245,7.535611629486084,7.16134786605835,-5.302725791931152,-3.5753092765808105,-2.2026584148406982,-9.21826171875,4.875376224517822,-4.454526424407959,-2.740661382675171,-0.5875498652458191,-1.1394422054290771,-0.9700237512588501,5.734381198883057,6.6996541023254395,-5.122920989990234,8.28104093670845e-05,-15.424202919006348,-0.0008911672048270702,15.23918628692627,-15.558780670166016,-4.010639667510986,4.90371561050415,0.2068883776664734,-0.07838912308216095,4.713204860687256,4.482742786407471,-1.3857345581054688,-0.7510613203048706,-5.935105800628662,-6.199443340301514,5.539706707000732,-5.700013160705566
595,-8.074246406555176,9.280704498291016,-1.5915807485580444,0.6911146640777588,6.894935131072998,6.750617027282715,-2.1220009326934814,-3.1700491905212402,-2.1195297241210938,-9.169384956359863,4.7309160232543945,-4.448264122009277,-1.4541863203048706,0.38565701246261597,-0.5103141069412231,0.9372581243515015,6.42710018157959,6.371298789978027,-6.411153316497803,-2.6633129119873047,-15.645275115966797,0.1196565255522728,15.076870918273926,-15.6232271194458,-3.761122465133667,5.001447677612305,-0.4415041208267212,0.17740337550640106,3.109429121017456,3.9338438510894775,-0.3915584683418274,-0.6591653823852539,-5.729238986968994,-5.197101593017578,5.594202041625977,-5.85044527053833
596,-8.51981258392334,8.9940185546875,-0.9150164723396301,-1.1907825469970703,6.68669319152832,6.893946647644043,-2.4193687438964844,-5.136778354644775,-4.841042995452881,-9.164117813110352,4.5715484619140625,-4.433970928192139,-1.5543816089630127,0.4654937982559204,-0.7983499765396118,0.7468913793563843,7.462874889373779,7.220055103302002,-7.2769012451171875,-6.22246789932251,0.0004940815269947052,-0.08373740315437317,15.216224670410156,-15.51734447479248,-3.9114789962768555,5.336140155792236,-0.16013652086257935,-0.30128949880599976,3.1698718070983887,3.7400238513946533,-0.6505054235458374,-1.34074866771698,-5.521889686584473,-4.919088363647461,5.211306095123291,-5.553011417388916
597,-8.175070762634277,8.923720359802246,2.2771811485290527,-3.6551618576049805,6.424933433532715,6.037358283996582,-4.819719314575195,-5.724672317504883,-8.889492988586426,-8.992738723754883,17.3211612701416,-4.34953498840332,-1.1639606952667236,1.184887170791626,0.3234766721725464,-0.39165160059928894,7.882528305053711,8.446930885314941,-4.123129367828369,-10.420680046081543,-0.00429956242442131,-0.05013291910290718,0.03284503519535065,-15.592513084411621,-3.216496706008911,5.041087627410889,0.5788785815238953,-0.8334231972694397,3.0980944633483887,2.5214178562164307,-1.1907234191894531,-1.7294249534606934,-3.4957993030548096,-3.9586024284362793,4.328810691833496,-5.455341339111328
598,-8.291768074035645,8.611700057983398,3.915580987930298,-3.779792308807373,5.154405117034912,5.299314022064209,-6.553497314453125,-5.408491611480713,-7.941694259643555,-8.689111709594727,8.856134414672852,-4.326269149780273,-1.860283374786377,2.388704776763916,1.6519367694854736,-1.686447024345398,9.632678031921387,9.831265449523926,-6.44218635559082,-14.56689167022705,-0.021349269896745682,-0.02413882687687874,0.08550290763378143,-15.535614013671875,-3.791205883026123,4.6561055183410645,0.883797287940979,-0.802713930606842,1.9256584644317627,2.076047420501709,-1.7616829872131348,-2.0223233699798584,-2.2620224952697754,-3.1425588130950928,1.5047175884246826,-5.166998863220215
599,-8.395365715026855,8.318593978881836,1.5419927835464478,-3.53186297416687,1.531450629234314,3.4813008308410645,-4.042557239532471,-5.138367176055908,-5.550361156463623,-7.357717514038086,-0.6402321457862854,-3.796426773071289,-1.9686493873596191,3.1540660858154297,1.9252879619598389,-3.640662431716919,8.121045112609863,10.801563262939453,-8.092218399047852,-18.685789108276367,-0.02079048566520214,-0.008432451635599136,0.0759640634059906,-14.942870140075684,-3.8770909309387207,5.099001884460449,0.23820608854293823,-0.7790157794952393,0.23835086822509766,1.075518250465393,-0.9841170907020569,-2.6398110389709473,-1.148147702217102,-1.8829518556594849,-0.4925459027290344,-4.134241104125977
600,-8.18324089050293,8.333282470703125,-0.38734620809555054,-3.1475446224212646,0.8374041318893433,0.4558504521846771,-3.7344257831573486,-4.297430515289307,1.3004984855651855,-2.8095455169677734,-3.6028854846954346,-4.134553909301758,-2.6277682781219482,2.9399471282958984,1.7512407302856445,-5.679861545562744,6.518408298492432,10.022040367126465,-4.878485679626465,-19.860410690307617,1.4468711614608765,0.0031384285539388657,-15.654072761535645,-13.494935035705566,-3.5425338745117188,5.681572437286377,-0.14900833368301392,-0.7512325644493103,0.1784656047821045,-0.035126715898513794,-0.8272546529769897,-2.800166368484497,0.5356910228729248,-0.39422714710235596,-5.514418601989746,-2.939925193786621
601,-7.821396350860596,8.409825325012207,-1.9773540496826172,-2.9851131439208984,1.3258014917373657,-3.25754976272583,-5.387261867523193,-3.9580187797546387,5.001482963562012,5.508888244628906,-4.493410110473633,-3.082764148712158,-3.587272882461548,1.8889256715774536,0.5291233062744141,-7.08518648147583,6.162781238555908,6.730662822723389,-7.429615020751953,-19.562915802001953,12.523387908935547,10.580636978149414,-15.667023658752441,-11.122995376586914,-3.2058513164520264,6.040462970733643,-0.4406701326370239,-0.7655400633811951,0.36340683698654175,-0.6562353372573853,-1.4934316873550415,-2.4595773220062256,4.382569789886475,4.287710189819336,-6.945571422576904,-1.3632872104644775
602,-6.733884334564209,9.012843132019043,-1.912872552871704,-2.4794349670410156,-2.2593941688537598,-5.763306140899658,-5.927223205566406,-2.224320411682129,1.8869479894638062,2.1475839614868164,-4.548356533050537,1.3350067138671875,-0.9598706364631653,-1.235849142074585,-0.3805564045906067,-8.077210426330566,0.7770304679870605,1.6897491216659546,-10.519296646118164,-18.5681209564209,15.68332290649414,15.32783317565918,-15.70246410369873,-3.676661968231201,-1.75852370262146,4.545039653778076,-0.3823736310005188,-0.6445261240005493,-0.5647304654121399,-1.3065879344940186,-1.8459573984146118,-1.003690242767334,6.976426124572754,7.111276149749756,-6.43223237991333,0.5252034664154053
603,-0.5109553933143616,5.731443881988525,1.0382715463638306,-0.7469702363014221,0.31866374611854553,-5.829805374145508,-5.19846773147583,7.606687068939209,2.023810386657715,2.054213285446167,-4.363765716552734,5.929760456085205,0.38785257935523987,-0.6943327188491821,1.9318373203277588,-6.940713882446289,1.2012913227081299,0.6324616074562073,-13.51513957977295,-12.218034744262695,15.669119834899902,15.534523963928223,-15.62751579284668,15.681605339050293,0.148199200630188,1.0786614418029785,0.3238375782966614,-0.11200161278247833,0.15615183115005493,-1.3571412563323975,-1.8352470397949219,1.4576671123504639,7.588691234588623,6.045236587524414,-5.8561882972717285,5.723989486694336
604,4.418110370635986,-3.639143228530884,-0.9218869805335999,1.2760246992111206,-5.579590320587158,-8.109909057617188,-2.8134078979492188,15.656843185424805,2.0137319564819336,2.051652193069458,-4.641231536865234,4.343186378479004,4.539341449737549,-3.722015619277954,3.254173517227173,-3.1263508796691895,-4.420617580413818,-4.4036970138549805,-15.532864570617676,2.046208143234253,15.692391395568848,15.66783618927002,-15.611273765563965,15.701793670654297,1.369014024734497,-1.3258813619613647,-0.24112743139266968,0.297011137008667,-1.8452465534210205,-3.84856915473938,-0.9808499217033386,3.578756809234619,6.348719596862793,6.117985725402832,-6.704705715179443,6.442042350769043
605,0.10476674139499664,-0.3623599112033844,-0.7581852674484253,1.9569222927093506,-5.758242607116699,-7.004055976867676,7.350348472595215,12.108057975769043,2.007514476776123,6.327796459197998,-4.247373580932617,4.427833080291748,5.956059455871582,-5.034816741943359,3.8598735332489014,1.5188870429992676,-9.530562400817871,-10.22957706451416,-12.999749183654785,11.911018371582031,15.694732666015625,9.858845710754395,-15.659774780273438,15.686310768127441,-0.15284079313278198,0.04868774116039276,-0.12898558378219604,0.41535115242004395,-2.345503568649292,-5.322389602661133,1.4187650680541992,4.323307991027832,6.465380668640137,6.512359142303467,-5.2233452796936035,6.035721302032471
606,-6.246973514556885,3.937117099761963,0.14143580198287964,2.3545491695404053,-6.204502105712891,-5.320444583892822,15.156949043273926,9.502659797668457,5.314549922943115,3.580493927001953,-3.9516360759735107,4.363819599151611,6.841098785400391,-2.8171908855438232,3.2099058628082275,4.981799602508545,-11.116334915161133,-14.051606178283691,-4.421212196350098,16.259323120117188,10.546698570251465,13.631103515625,-15.690167427062988,15.701484680175781,-1.4600719213485718,0.9075246453285217,0.06432110071182251,0.5647888779640198,-4.208359241485596,-6.318506240844727,2.916663885116577,5.200827598571777,6.940806865692139,6.343573570251465,-4.6274919509887695,5.990996360778809
607,-5.435592174530029,4.033335208892822,3.401475191116333,5.339517116546631,-5.292329788208008,-4.52986478805542,15.720778465270996,9.040112495422363,3.9250223636627197,2.578731060028076,-3.8675551414489746,4.440088272094727,3.1272025108337402,-3.1991348266601562,-1.033574104309082,5.342574596405029,-13.874650001525879,-15.634804725646973,4.507195472717285,17.454044342041016,12.855052947998047,14.750316619873047,-15.693703651428223,15.675445556640625,-1.0816774368286133,0.7295985221862793,0.7853108048439026,1.4175639152526855,-6.762049198150635,-7.112560272216797,3.986419439315796,6.684020519256592,7.272071361541748,6.333287239074707,-4.624032974243164,6.267858505249023
608,-3.256901502609253,3.7035105228424072,6.618243217468262,6.502995491027832,-4.606690406799316,-4.368802070617676,12.45505428314209,9.047490119934082,2.7928128242492676,2.3879308700561523,-3.5954642295837402,4.539774417877197,2.7773985862731934,0.21320927143096924,1.8829336166381836,8.305585861206055,-15.98133659362793,-16.172517776489258,13.140547752380371,17.172313690185547,14.822997093200684,15.045528411865234,-15.676942825317383,15.69514274597168,-0.534410834312439,0.7459659576416016,1.5008628368377686,1.8542277812957764,-7.966940402984619,-7.647373199462891,4.878505706787109,7.426999092102051,7.625936508178711,6.603058338165283,-3.9943792819976807,6.607714653015137
609,1.7374682426452637,3.823939800262451,9.288761138916016,6.204951763153076,-4.12838077545166,-4.097570896148682,8.331751823425293,9.252216339111328,2.0590269565582275,2.224806785583496,-2.804480791091919,4.452475547790527,5.775205135345459,5.07363748550415,10.234161376953125,12.850297927856445,-17.069416046142578,-17.247272491455078,19.221174240112305,16.272462844848633,15.685638427734375,15.430575370788574,-15.641003608703613,15.637696266174316,0.611710786819458,0.9323639273643494,2.7691633701324463,2.08796763420105,-5.946311950683594,-5.205302715301514,4.977986812591553,6.467698097229004,8.051290512084961,6.174666404724121,-2.68796706199646,6.103797912597656
610,0.2865413725376129,5.490451812744141,8.542398452758789,3.896570920944214,7.529393196105957,9.547801971435547,5.438542366027832,7.778832912445068,2.0159666538238525,3.0068883895874023,-1.6655868291854858,4.170348644256592,8.793944358825684,8.973729133605957,18.66600799560547,16.000030517578125,-14.06991195678711,-12.702856063842773,19.6569766998291,14.780824661254883,15.688985824584961,10.286955833435059,-15.658616065979004,15.644511222839355,0.01383800059556961,2.362236499786377,4.640219211578369,1.4800012111663818,2.1352741718292236,5.287289619445801,3.6653311252593994,3.5618536472320557,7.639639377593994,6.367242813110352,-1.3600643873214722,5.0471673011779785
611,-9.596747398376465,6.076464653015137,3.5732812881469727,-6.083577632904053,11.397754669189453,10.566415786743164,1.8947868347167969,-6.609365463256836,4.7162346839904785,-6.739725589752197,-0.6812500357627869,3.9116528034210205,7.022027015686035,4.894472599029541,19.310083389282227,12.036524772644043,-6.510099411010742,-0.38236522674560547,16.792234420776367,9.849797248840332,5.202785015106201,-10.721368789672852,-15.079771995544434,15.689844131469727,-4.063863754272461,2.9711995124816895,1.9422063827514648,-1.2878265380859375,7.653696537017822,8.729947090148926,0.5475631952285767,-1.7942800521850586,6.350979328155518,-4.732036113739014,-0.4012576937675476,4.590080261230469
612,-8.505231857299805,7.810923099517822,-8.55047607421875,-6.801135540008545,9.592986106872559,8.44251537322998,-4.6682610511779785,-15.652791976928711,-4.928112030029297,-3.1057522296905518,6.818768501281738,3.9940853118896484,0.08099211752414703,0.7528025507926941,7.556159496307373,3.7537362575531006,2.497144937515259,2.892225503921509,11.458401679992676,2.6616451740264893,-11.067337036132812,-13.465432167053223,8.546720504760742,15.644888877868652,-3.4016966819763184,3.582223892211914,-1.8773398399353027,-1.1673362255096436,8.581351280212402,6.619330883026123,-0.9359713792800903,-3.350222587585449,-10.385988235473633,-7.52082633972168,1.8262351751327515,4.9363274574279785
613,-6.745094299316406,9.39909839630127,-9.26773452758789,-5.73658561706543,8.335813522338867,8.340609550476074,1.024809718132019,-7.437748908996582,-3.8573267459869385,-3.25869083404541,3.7661750316619873,3.7048685550689697,-3.3437650203704834,-3.2863986492156982,-4.557314872741699,-2.603198528289795,3.281524658203125,2.907546281814575,8.679254531860352,-1.1246591806411743,-12.60985279083252,-12.828451156616211,15.64486312866211,15.659273147583008,-1.7004433870315552,3.879232168197632,-2.0498204231262207,-1.1699488162994385,6.225549221038818,7.001119136810303,0.48977401852607727,-1.2881553173065186,-7.585848331451416,-5.676990509033203,5.334011554718018,4.117757320404053
614,-7.0040283203125,10.19422435760498,-4.799783706665039,-0.9332097768783569,8.157270431518555,8.399786949157715,0.9041142463684082,-4.33194637298584,-3.3193471431732178,-3.3567557334899902,4.124059677124023,3.5615782737731934,-4.4878830909729,-3.5697085857391357,-9.2825927734375,-4.869679927825928,3.751603364944458,2.1633355617523193,6.41803503036499,1.9090852737426758,-13.0625,-12.78864574432373,15.59715461730957,0.0006036758422851562,-2.8108479976654053,4.357894420623779,-1.2036936283111572,-0.03721292316913605,6.41485071182251,6.654633522033691,0.227614626288414,-0.8393787741661072,-6.091185569763184,-6.249009132385254,5.291109561920166,3.9236295223236084
615,-7.285861492156982,10.11038589477539,-3.0073184967041016,2.020923376083374,7.962981700897217,8.49370288848877,0.8822059035301208,-1.748484492301941,-3.1504321098327637,-3.180722951889038,4.245031356811523,3.7663705348968506,-4.57614803314209,-3.1833689212799072,-10.818575859069824,-4.255035877227783,4.427712440490723,2.982851982116699,4.88622522354126,1.3444074392318726,-13.381893157958984,-13.613038063049316,15.662863731384277,-0.0003687365388032049,-3.235278844833374,4.098224639892578,-0.8555921912193298,0.4578116536140442,5.829914569854736,6.0377631187438965,0.21216021478176117,-0.21860074996948242,-6.027830600738525,-6.645496845245361,5.534421443939209,0.2808822691440582
616,-7.467483043670654,9.806918144226074,-1.5389907360076904,2.76751446723938,7.736480712890625,8.115710258483887,0.9610579609870911,-0.10442619025707245,-2.993264675140381,-2.836895704269409,4.611801624298096,-3.7247300148010254,-4.459503650665283,-2.8432443141937256,-12.105990409851074,-3.8911304473876953,4.64581298828125,3.42714786529541,3.69584059715271,5.371606349945068,-13.73016357421875,-13.926963806152344,15.570446968078613,-13.81535530090332,-3.39298152923584,3.88405442237854,-0.4088934659957886,0.5188652873039246,4.756677150726318,4.965883731842041,0.2260621041059494,0.04068518429994583,-6.268341541290283,-6.829580307006836,5.8076653480529785,-1.3865410089492798
617,-7.607013702392578,9.786385536193848,0.4743169844150543,1.1850814819335938,7.66145133972168,8.029607772827148,-2.810521364212036,0.11419014632701874,-2.8543100357055664,-2.779118776321411,4.402741432189941,-3.763199806213379,-4.165021896362305,-2.3033969402313232,-11.798990249633789,-3.1695406436920166,5.11111307144165,3.758923292160034,0.8463964462280273,5.851418972015381,-13.985929489135742,-14.160988807678223,15.631494522094727,-15.679903984069824,-3.6765785217285156,4.1372270584106445,0.17388707399368286,0.15918008983135223,4.846231460571289,4.445446014404297,-0.6682751774787903,0.03745771199464798,-6.203494548797607,-6.901018142700195,5.851616382598877,-5.637651443481445
618,-7.793515682220459,9.638012886047363,2.7374372482299805,1.0248825550079346,7.506644248962402,7.835243225097656,-1.6156455278396606,-1.2576687335968018,-2.729527473449707,-2.6572329998016357,4.4324259757995605,-4.243320941925049,-3.563448905944824,-1.5966625213623047,-9.889782905578613,-2.0118815898895264,5.494545936584473,4.058205604553223,-0.8155274391174316,5.239016056060791,-14.25184440612793,-14.43240737915039,15.610050201416016,-15.670614242553711,-3.8542871475219727,4.257866859436035,0.4668560028076172,0.18420027196407318,4.537684440612793,3.955434560775757,-0.28691983222961426,-0.258169949054718,-6.149646282196045,-6.722872257232666,5.933082103729248,-5.754604816436768
619,-7.987808704376221,9.49034309387207,3.137707471847534,-0.15714436769485474,7.339734077453613,7.685305118560791,-1.6655027866363525,-3.2920892238616943,-2.618896722793579,-2.4461522102355957,4.458893775939941,-4.329826354980469,-1.3371614217758179,0.5151041746139526,-6.650972366333008,0.46950972080230713,5.838226795196533,4.354442119598389,-2.2504279613494873,3.5482728481292725,-14.61694049835205,-14.996806144714355,15.527776718139648,-15.296984672546387,-3.970022439956665,4.53299617767334,0.5019164681434631,-0.07542122900485992,4.327545642852783,3.827345609664917,-0.3559367060661316,-0.6445788145065308,-6.171915531158447,-6.588916778564453,5.943596839904785,-5.771346092224121
620,-8.881088256835938,8.730024337768555,2.784468173980713,-2.011305809020996,7.258994102478027,7.527977466583252,-2.2284464836120605,-5.52974796295166,-2.5187463760375977,-2.244084119796753,4.336808681488037,-4.363919734954834,-0.9467687010765076,1.0197455883026123,-4.952908039093018,0.873762845993042,6.120728492736816,5.447816371917725,-3.601212978363037,0.8606740236282349,-14.632706642150879,-15.223793029785156,15.446678161621094,-15.629365921020508,-4.406042098999023,4.759329795837402,0.47395461797714233,-0.45577389001846313,4.238701820373535,3.9443695545196533,-0.5247768759727478,-1.1318941116333008,-6.055665493011475,-6.346958160400391,5.742265224456787,-5.8093085289001465
621,-8.773900985717773,8.942657470703125,2.1645584106445312,-2.320718765258789,6.992037773132324,6.950943470001221,-2.064469814300537,-5.289274215698242,-2.4738917350769043,-9.29297924041748,4.499743938446045,-4.264767646789551,-1.0767111778259277,1.117034673690796,-4.0859808921813965,0.6414070725440979,6.683919906616211,7.442166328430176,-4.675500869750977,-2.3205907344818115,-14.896289825439453,0.02550816535949707,15.616583824157715,-15.673800468444824,-4.4250054359436035,5.058236598968506,0.3586745858192444,-0.4656740427017212,3.4112205505371094,3.4899327754974365,-0.4763055443763733,-1.1112760305404663,-5.818717956542969,-5.870996952056885,5.5469841957092285,-5.604849338531494
622,-8.496353149414062,9.139899253845215,0.9407863616943359,-1.9663585424423218,6.394276142120361,6.557664394378662,-2.4670777320861816,-5.011502742767334,-2.326469898223877,-9.146808624267578,6.626307964324951,-4.305074691772461,-2.278918981552124,0.5079498291015625,-1.3976397514343262,-0.5097536444664001,7.618011951446533,8.251128196716309,-5.177781105041504,-6.006441116333008,-15.12378978729248,-0.023058371618390083,15.168764114379883,-15.64718246459961,-4.517482280731201,5.266839981079102,0.13954204320907593,-0.38571155071258545,2.590512275695801,3.204235792160034,-0.5931831002235413,-1.2099010944366455,-5.776815891265869,-4.9069108963012695,5.335615634918213,-5.6002726554870605
623,-8.359560012817383,8.889885902404785,0.15053729712963104,-0.924117922782898,5.40462064743042,5.747807025909424,-3.8203630447387695,-4.847163677215576,-9.197473526000977,-9.07839584350586,4.46928071975708,-4.09481143951416,-2.4613800048828125,1.3167177438735962,-1.0051894187927246,-0.5200728178024292,9.359014511108398,9.556766510009766,-6.68886661529541,-9.64529800415039,-0.023936398327350616,-0.02506101131439209,15.398168563842773,-15.613020896911621,-4.345995903015137,6.067204475402832,0.0006998181343078613,-0.14800329506397247,2.176191568374634,2.4192328453063965,-1.0376925468444824,-1.3722374439239502,-5.448846340179443,-4.65064811706543,4.9936604499816895,-4.894153594970703
624,-8.251111030578613,8.630343437194824,2.9156720638275146,-4.144216060638428,4.654084205627441,3.850687265396118,-5.552677154541016,-5.895455837249756,-8.880682945251465,-8.842694282531738,3.823434829711914,-4.168787956237793,-2.815436363220215,2.1241908073425293,0.3172953724861145,-2.0191378593444824,10.067573547363281,10.678467750549316,-4.057870864868164,-14.061596870422363,-0.018456248566508293,-0.0178064052015543,0.11159992218017578,-15.60732650756836,-3.8996989727020264,6.065007209777832,0.6784610748291016,-1.0007336139678955,1.6968307495117188,1.22943913936615,-1.666679859161377,-2.217315435409546,-3.5051941871643066,-3.4307374954223633,4.22340202331543,-4.797305583953857
625,-8.143054008483887,8.47461223602295,2.95286226272583,-4.498903274536133,0.6754193902015686,0.9387355446815491,-7.0659966468811035,-5.692959308624268,-7.358048915863037,-6.74071741104126,-8.70553207397461,-3.734714984893799,-3.2867045402526855,2.4703726768493652,1.27980637550354,-4.546778678894043,8.516960144042969,10.360443115234375,-2.0411691665649414,-18.534934997558594,-0.015790551900863647,-0.002811297308653593,-14.896747589111328,-15.135930061340332,-4.22056770324707,6.042842864990234,0.6110962629318237,-1.0523040294647217,-0.026830069720745087,0.12331423163414001,-1.8522067070007324,-2.9215660095214844,-1.8647688627243042,-1.553983211517334,-3.0968339443206787,-3.9920542240142822
626,-8.09447956085205,8.56921672821045,0.35610097646713257,-3.1569817066192627,-2.1778290271759033,-4.461690425872803,-6.642792224884033,-4.418912887573242,-0.4859938323497772,3.6294515132904053,-4.215101718902588,-4.2384867668151855,-2.662661075592041,1.3392541408538818,1.1560032367706299,-6.067553997039795,5.029911518096924,6.001131534576416,-5.051534175872803,-20.039762496948242,-0.0018593051936477423,5.176236152648926,-15.643753051757812,-13.948492050170898,-3.9372682571411133,6.023818016052246,-0.02611607313156128,-0.7297787666320801,-0.47031551599502563,-0.9630105495452881,-1.5116158723831177,-2.904320478439331,0.16519436240196228,1.3820059299468994,-6.789356231689453,-3.367847204208374
627,-7.957600116729736,8.879563331604004,0.325361043214798,-3.242981195449829,1.4188432693481445,-0.4146465063095093,-6.665184020996094,-3.808140993118286,5.468961715698242,3.873292922973633,-4.4897236824035645,-3.355727434158325,-3.104586362838745,0.8691107034683228,1.15341055393219,-7.080207824707031,5.307194232940674,4.669622898101807,-8.246269226074219,-19.69944190979004,11.081879615783691,14.931775093078613,-15.66995906829834,-11.844867706298828,-3.288181781768799,5.689323425292969,0.06633581221103668,-0.8495672345161438,0.48343735933303833,0.04841098189353943,-1.838321566581726,-2.364656448364258,4.085511684417725,6.474684715270996,-6.484878063201904,-1.6684633493423462
628,-6.973165035247803,9.329553604125977,-1.6395307779312134,-2.891422986984253,-2.8088443279266357,-5.36743688583374,-5.359811305999756,-2.2107019424438477,2.1160666942596436,2.026963949203491,-4.490794658660889,-0.5731744766235352,-0.45315420627593994,-1.720653772354126,0.4417341947555542,-8.216470718383789,0.5245931148529053,1.386730432510376,-11.3976411819458,-18.703100204467773,15.86914348602295,15.580307960510254,-15.653812408447266,-6.671114921569824,-2.110408067703247,4.621292591094971,-0.39440852403640747,-0.7703702449798584,-0.6856169700622559,-1.375867486000061,-1.6306439638137817,-1.0212864875793457,6.725927829742432,7.86569356918335,-6.253723621368408,0.09269317984580994
629,-0.23224963247776031,6.536665916442871,1.2329822778701782,-1.6079879999160767,-1.5621833801269531,-7.320148944854736,-4.780580997467041,8.333220481872559,2.037173271179199,2.042026996612549,-4.317796230316162,7.241098403930664,1.483511209487915,-0.7129791378974915,3.0648083686828613,-6.916638374328613,0.08066534996032715,0.7203727960586548,-14.029083251953125,-11.412215232849121,15.674442291259766,15.428043365478516,-15.600330352783203,15.6806001663208,0.2405698597431183,1.3214540481567383,0.3690420985221863,-0.36295998096466064,-0.2743159234523773,-2.0878124237060547,-1.7399497032165527,1.6001248359680176,7.365723133087158,6.218291759490967,-5.610396385192871,5.484913349151611
630,3.9887075424194336,-4.075202941894531,-0.03296053782105446,0.6575416922569275,-5.7992658615112305,-8.281034469604492,-2.5617620944976807,15.539645195007324,2.007943630218506,8.55976676940918,-4.5879716873168945,4.355540752410889,5.503920555114746,-5.208296775817871,4.932004451751709,-3.6561992168426514,-5.870799541473389,-6.751541614532471,-15.902947425842285,2.6685853004455566,15.69471263885498,6.834254264831543,-15.620322227478027,15.695328712463379,1.24137282371521,-1.5487338304519653,-0.05608910322189331,0.21385495364665985,-1.9925153255462646,-4.920961380004883,-0.9145744442939758,3.6212875843048096,6.341923236846924,6.117539405822754,-6.507853031158447,6.371060848236084
631,-1.0460573434829712,5.459644794464111,-4.256435394287109,0.3659887909889221,-6.002706050872803,-6.080027103424072,9.267437934875488,11.882235527038574,2.009699583053589,4.769358158111572,-4.013343334197998,4.382044315338135,6.890613079071045,-4.089476108551025,3.9894378185272217,-0.5246030688285828,-9.464394569396973,-12.161693572998047,-11.790170669555664,12.030139923095703,15.593111038208008,11.014686584472656,-15.644614219665527,15.694328308105469,-0.3828483819961548,1.5496866703033447,-0.8825464844703674,0.06079988181591034,-3.027876377105713,-4.912190914154053,1.7581093311309814,4.280153751373291,6.796321392059326,6.394286155700684,-4.578661918640137,6.051272392272949
632,-6.847218036651611,3.1307456493377686,2.1630985736846924,2.482747793197632,-6.027408599853516,-5.176586151123047,13.495372772216797,9.370841026306152,4.911942481994629,3.443798065185547,-3.8188889026641846,4.360820293426514,7.2935686111450195,-2.0594584941864014,4.52330207824707,3.0615835189819336,-10.893613815307617,-14.528820991516113,-3.837847948074341,16.218351364135742,10.349831581115723,14.065534591674805,-15.689210891723633,15.669301986694336,-1.6052316427230835,0.5101261138916016,0.7446840405464172,0.609212338924408,-4.5439300537109375,-6.335465431213379,2.5296132564544678,5.069257736206055,6.9684319496154785,6.327597618103027,-4.4635090827941895,5.91314172744751
633,-6.205753803253174,5.344066619873047,1.4714090824127197,6.0159125328063965,-5.532435417175293,-4.466625213623047,15.071839332580566,8.993104934692383,4.128770351409912,2.4853079319000244,-3.7444424629211426,4.426156520843506,3.521864414215088,-2.447462797164917,-0.329642117023468,3.757333517074585,-13.305009841918945,-15.444034576416016,5.080039024353027,17.409854888916016,12.280013084411621,14.463530540466309,-15.689737319946289,15.671793937683105,-1.2495630979537964,1.1539175510406494,0.2659018933773041,1.5399279594421387,-6.9237775802612305,-6.811912536621094,3.914976119995117,6.71502685546875,7.229452133178711,6.441317558288574,-4.370260238647461,6.22891902923584
634,-4.262049674987793,4.200284957885742,6.279469966888428,6.721901893615723,-4.796520709991455,-4.442030429840088,11.866559028625488,8.896867752075195,3.0594253540039062,2.524601459503174,-3.3539927005767822,4.5167059898376465,3.4062340259552,0.7626368999481201,2.5327377319335938,7.105956077575684,-15.357220649719238,-15.998997688293457,13.965816497802734,17.3469295501709,14.238960266113281,14.842772483825684,-15.693222045898438,15.697022438049316,-0.7389270663261414,0.8453145623207092,1.5217885971069336,1.7811830043792725,-8.09428596496582,-7.5321269035339355,4.7719621658325195,7.203483581542969,7.71344518661499,6.483520030975342,-3.563828706741333,6.530162334442139
635,-0.05612209811806679,4.192843437194824,9.11374282836914,6.252717971801758,-4.258144855499268,-4.160558700561523,7.676380634307861,9.029284477233887,2.233705520629883,2.3209683895111084,-2.363175868988037,4.4041523933410645,5.495337963104248,5.347243309020996,10.741266250610352,11.631731033325195,-16.71786117553711,-17.01587677001953,19.77039337158203,16.539236068725586,15.617358207702637,15.303954124450684,-15.673120498657227,15.674187660217285,0.1341468095779419,1.0553573369979858,2.7926418781280518,1.9533345699310303,-6.033244609832764,-4.944087982177734,4.847658157348633,6.291151523590088,7.983381748199463,5.970307350158691,-2.119215726852417,6.025417327880859
636,-1.3191081285476685,5.632779121398926,9.35802936553955,4.679376602172852,7.456765651702881,9.234909057617188,4.333493709564209,6.6049370765686035,2.011244773864746,3.125493049621582,-1.2255423069000244,4.144932746887207,4.1124467849731445,8.519168853759766,17.561555862426758,12.851551055908203,-13.636749267578125,-11.281624794006348,20.742141723632812,16.08226203918457,13.90521240234375,10.428972244262695,-15.58195972442627,15.633428573608398,-0.28795236349105835,2.3554630279541016,4.501095294952393,1.4580230712890625,2.099053382873535,5.307709217071533,3.4790453910827637,3.2025208473205566,7.564472198486328,6.160938739776611,-0.9355493187904358,4.956215858459473
637,-8.083791732788086,5.8787336349487305,2.7691898345947266,-5.037735939025879,11.324203491210938,10.31151294708252,1.0233509540557861,-14.391213417053223,4.903745651245117,-6.89028787612915,3.8739242553710938,3.836280584335327,3.23648738861084,5.919233322143555,17.09193229675293,10.332425117492676,-5.811758041381836,0.5500479936599731,16.55389404296875,8.215449333190918,4.550341606140137,-11.348675727844238,0.0019723433069884777,15.699164390563965,-2.68570876121521,2.4802932739257812,1.1321828365325928,-1.1567577123641968,8.44109058380127,7.495483875274658,0.05812876299023628,-3.4882636070251465,4.897377967834473,-5.502552509307861,0.7546445727348328,4.307015895843506
638,-7.065081596374512,7.249956130981445,-9.930302619934082,-6.478087902069092,9.02084732055664,8.474517822265625,-1.403899073600769,-14.457663536071777,-5.231465816497803,-2.800597667694092,4.925199508666992,3.897249221801758,1.2638663053512573,0.25928178429603577,4.86440372467041,3.811436653137207,2.9360928535461426,2.663710832595825,10.460077285766602,0.1750773787498474,-11.489855766296387,-13.245347023010254,15.684271812438965,15.66220760345459,-1.5008302927017212,2.621654987335205,-2.112046241760254,-1.120969533920288,8.548510551452637,6.512509346008301,-0.3316284120082855,-3.0320889949798584,-10.281245231628418,-6.410608291625977,5.667602062225342,4.742110252380371
639,-7.561069011688232,9.441731452941895,-7.320115089416504,-4.3771653175354,8.256072044372559,8.31753158569336,1.1535564661026,-6.708146572113037,-3.403934955596924,-3.223402261734009,4.124509334564209,3.681039571762085,-2.995119571685791,-3.1242806911468506,-4.749256610870361,-1.429449200630188,3.1219005584716797,2.9291563034057617,7.3424553871154785,-3.1100194454193115,-12.448335647583008,-12.795228958129883,15.659619331359863,15.660645484924316,-2.561689615249634,4.293940544128418,-1.5545399188995361,-0.8227856755256653,6.64346170425415,6.921515464782715,0.42144474387168884,-1.2364752292633057,-6.860055923461914,-5.96488094329834,5.353501796722412,4.1331467628479
640,-7.459643363952637,10.088714599609375,-4.02918815612793,0.4163859784603119,8.215131759643555,8.346232414245605,0.30389171838760376,-3.462150812149048,-3.328636407852173,-3.3329389095306396,4.1481757164001465,3.5817887783050537,-3.886915445327759,-3.1328978538513184,-8.33814525604248,-2.7743234634399414,3.624525308609009,3.335324764251709,5.047714710235596,-1.3303565979003906,-13.10278034210205,-13.388537406921387,15.617557525634766,5.244454383850098,-3.1504125595092773,4.369772911071777,-0.9806333184242249,0.25468510389328003,6.835385799407959,6.298590660095215,0.029613245278596878,-0.6809298396110535,-5.998347759246826,-6.511887073516846,5.227294445037842,3.968186616897583
641,-7.62310791015625,9.864974021911621,-2.956646203994751,2.458860158920288,8.002679824829102,8.108057975769043,1.2151951789855957,-1.5472804307937622,-3.109602928161621,-3.0756654739379883,4.226242542266846,7.602148532867432,-3.7999496459960938,-2.3106844425201416,-9.335515975952148,-2.038900852203369,4.310473918914795,3.8477680683135986,4.022914409637451,-0.12957070767879486,-13.46391487121582,-13.547359466552734,15.668109893798828,-0.00044827949022874236,-3.381666660308838,4.1983962059021,-0.8107935786247253,0.5264382362365723,5.887058258056641,5.44189977645874,0.3250640630722046,-0.21650409698486328,-5.998359680175781,-6.762609481811523,5.478230953216553,1.2166446447372437
642,-7.590298652648926,9.946515083312988,-1.34195077419281,2.5344226360321045,7.8405022621154785,8.065740585327148,1.594831943511963,-0.5798678398132324,-2.9555556774139404,-2.9176111221313477,5.133625507354736,-1.2974869012832642,-4.233028411865234,-2.81781005859375,-10.992451667785645,-1.5166738033294678,4.511390686035156,3.5887560844421387,3.521125078201294,0.19311437010765076,-13.829622268676758,-13.81549072265625,15.572628021240234,-2.495262622833252,-3.618685722351074,4.018292427062988,-0.33733612298965454,0.4814761281013489,4.598568916320801,4.595808506011963,0.38097649812698364,-0.08148550242185593,-6.260386943817139,-6.962424278259277,5.742849826812744,-0.6016532182693481
643,-7.809070110321045,9.737296104431152,1.38333261013031,1.1645621061325073,7.701963901519775,8.002372741699219,-3.9579989910125732,0.5108855962753296,-2.7938218116760254,-2.8077235221862793,4.3735432624816895,-3.3850924968719482,-3.528280019760132,-1.9100048542022705,-10.045271873474121,-0.940393328666687,5.074119567871094,3.773059606552124,0.38700729608535767,4.325923442840576,-14.105113983154297,-14.124354362487793,15.6095609664917,-15.678391456604004,-3.773677110671997,4.334262847900391,0.3239601254463196,0.17401902377605438,5.200065612792969,4.374118804931641,-0.9653277397155762,0.16472786664962769,-6.206827163696289,-7.2557220458984375,5.760595798492432,-4.874045372009277
644,-7.97877311706543,9.589482307434082,2.318882465362549,0.12410230934619904,7.489713191986084,7.811890125274658,-2.341709852218628,0.2536703646183014,-2.685828685760498,-2.667299270629883,4.4116997718811035,-4.172194480895996,-3.2705912590026855,-1.4370862245559692,-8.690099716186523,-0.31491029262542725,5.642603874206543,4.105160236358643,-1.5043811798095703,4.232964038848877,-14.349174499511719,-14.416182518005371,15.60847282409668,-15.678728103637695,-3.9892818927764893,4.457617282867432,0.38273948431015015,-0.013344898819923401,4.450247764587402,3.876185178756714,-0.43039125204086304,0.04767382889986038,-6.155661106109619,-6.792412757873535,5.835960865020752,-5.726323127746582
645,-8.64403247833252,8.993093490600586,3.2603890895843506,-1.029128074645996,7.332892894744873,7.701015949249268,-2.4112629890441895,-2.0383400917053223,-2.497640371322632,-2.506819725036621,4.551366806030273,-4.258100509643555,-0.6911065578460693,1.1013520956039429,-5.10453462600708,2.262802839279175,5.948666095733643,4.563440322875977,-3.1765811443328857,3.263629198074341,-14.562173843383789,-14.90599250793457,15.588842391967773,-15.699470520019531,-4.071329593658447,4.752262115478516,0.5746110081672668,-0.23708541691303253,4.271681785583496,3.6883785724639893,-0.5359252095222473,-0.4437876343727112,-6.121689796447754,-6.662326812744141,5.827366352081299,-5.678807735443115
646,-8.835050582885742,8.8347806930542,2.171553373336792,-3.5232815742492676,7.169534206390381,7.423925876617432,-2.468391180038452,-5.19528865814209,-2.48952054977417,-2.339470863342285,4.348861217498779,-4.3696160316467285,-0.9168397784233093,1.0587811470031738,-4.32170295715332,1.5295995473861694,6.467172145843506,5.617708683013916,-4.4979567527771,0.8130679130554199,-14.774112701416016,-15.020301818847656,15.57672119140625,-15.624216079711914,-4.570350646972656,4.918760299682617,0.3453049063682556,-0.7580494284629822,3.9919614791870117,3.7467234134674072,-0.5771066546440125,-1.1051892042160034,-6.053604602813721,-6.373398780822754,5.617922306060791,-5.802614688873291
647,-8.806365966796875,8.848075866699219,2.414461135864258,-3.051220655441284,6.781689643859863,6.67587947845459,-2.3093411922454834,-4.69442081451416,-2.4235830307006836,-9.152460098266602,4.270207405090332,-4.332382678985596,-1.2348867654800415,1.0255186557769775,-3.558004856109619,0.8303595185279846,7.356558799743652,7.842348098754883,-5.487127304077148,-1.9275058507919312,-14.987582206726074,-0.024243518710136414,15.58513069152832,-15.612693786621094,-4.532973766326904,5.145280361175537,0.44109147787094116,-0.573440432548523,3.2747952938079834,3.1497530937194824,-0.5528392195701599,-0.9627523422241211,-5.742702007293701,-5.895272731781006,5.414976596832275,-5.505885124206543
648,-8.678337097167969,8.82674503326416,1.0782995223999023,-2.5471339225769043,5.8603315353393555,6.181075572967529,-2.380216360092163,-4.764559268951416,-2.2034499645233154,-9.15168285369873,4.23800802230835,-4.259578227996826,-1.2242660522460938,1.6190646886825562,-3.1055245399475098,0.25101131200790405,9.412405014038086,8.578241348266602,-6.444430351257324,-5.08286714553833,0.0024607647210359573,-0.11784470081329346,15.613277435302734,-15.528292655944824,-4.656416893005371,5.458369731903076,0.14949387311935425,-0.48555511236190796,2.3842203617095947,2.8117473125457764,-0.6071743369102478,-1.1253397464752197,-5.753699779510498,-4.914834022521973,5.277222156524658,-5.48486852645874
649,-8.569002151489258,8.647806167602539,3.957603693008423,-4.309150695800781,4.950142860412598,4.919086933135986,-4.395628452301025,-5.769031047821045,-9.018351554870605,-9.014711380004883,3.9385271072387695,-4.4561076164245605,-1.9298666715621948,2.1592695713043213,-2.062138319015503,-1.2776693105697632,10.533763885498047,9.71025562286377,-7.976537227630615,-9.008160591125488,-0.017690230160951614,-0.02199062891304493,15.6685209274292,-15.391141891479492,-4.417754173278809,5.485403060913086,0.8374748826026917,-0.9609746336936951,1.9815007448196411,1.730846643447876,-1.2926077842712402,-1.6500890254974365,-3.955880880355835,-3.9864718914031982,4.606725215911865,-5.387742519378662
650,-8.309110641479492,8.579019546508789,3.0671541690826416,-4.039648056030273,2.589843988418579,3.163785457611084,-5.1303839683532715,-5.619279861450195,-8.817304611206055,-8.703218460083008,16.350067138671875,-4.0644121170043945,-3.0283448696136475,2.311202049255371,-0.21223729848861694,-3.6005048751831055,10.333425521850586,10.338496208190918,-4.668375492095947,-13.179841995239258,-0.01568467915058136,-0.018465599045157433,0.030506938695907593,-15.363123893737793,-4.470585823059082,5.714086532592773,0.5830580592155457,-0.889118492603302,0.687563955783844,0.9269753694534302,-1.205580234527588,-1.9475312232971191,-3.3967387676239014,-3.1511356830596924,3.9357259273529053,-4.897034645080566
651,-8.293187141418457,8.322965621948242,4.120567321777344,-4.309854984283447,-0.9874094128608704,1.512001633644104,-8.763910293579102,-5.757264137268066,-7.50931978225708,-7.595339298248291,5.099785804748535,-3.9907889366149902,-2.4495534896850586,3.557070016860962,0.9659943580627441,-5.395167827606201,8.160828590393066,10.51901626586914,-7.810344219207764,-17.642770767211914,-0.013266462832689285,-0.0054880166426301,0.046214282512664795,-15.374869346618652,-4.867110252380371,5.790462493896484,0.8888319730758667,-1.0521454811096191,-0.3328617215156555,0.373398095369339,-2.6533830165863037,-2.7570223808288574,-1.960309386253357,-2.027034044265747,0.5977717041969299,-4.3843889236450195
652,-8.437400817871094,8.231023788452148,1.322670817375183,-3.592174768447876,-3.94649600982666,-2.44110107421875,-6.924614906311035,-4.634443759918213,-2.7363874912261963,-3.419032335281372,-4.996105194091797,-4.209022045135498,-1.7529817819595337,2.710038900375366,1.3149354457855225,-7.575250625610352,3.8865294456481934,8.152717590332031,-5.858010768890381,-19.82497787475586,-0.00224936380982399,-0.0017419670475646853,-15.621509552001953,-13.833995819091797,-4.50692892074585,6.0677924156188965,0.17043107748031616,-0.9158264398574829,-0.8041661977767944,-0.543271541595459,-1.652260184288025,-2.9582016468048096,-0.37045732140541077,-0.539409339427948,-3.8166143894195557,-3.306652784347534
653,-8.382426261901855,8.630653381347656,-1.1106715202331543,-2.4137351512908936,0.3210920989513397,-3.8846867084503174,-6.133920192718506,-4.066366195678711,5.199148178100586,5.420172691345215,-4.343542575836182,-3.8762853145599365,-2.3823554515838623,0.8262394666671753,0.578667402267456,-8.323626518249512,3.9417169094085693,4.384616374969482,-8.859485626220703,-19.63020133972168,9.531028747558594,10.399937629699707,-15.670648574829102,-12.339784622192383,-3.6876137256622314,5.818246841430664,-0.3091934323310852,-0.6097591519355774,0.21371743083000183,-0.7312486171722412,-1.6827478408813477,-2.5599846839904785,2.7239935398101807,3.7573580741882324,-6.9278411865234375,-2.127948522567749
654,-7.467127799987793,9.33706283569336,-1.4502838850021362,-2.9046554565429688,-3.153738498687744,-5.366368293762207,-5.108650207519531,-2.208571672439575,2.556750535964966,2.2047579288482666,-4.506887912750244,-1.487588882446289,-2.0041916370391846,-1.6733653545379639,-0.23186622560024261,-9.297904014587402,2.029512643814087,1.3723424673080444,-11.64972972869873,-18.534082412719727,15.603163719177246,15.568982124328613,-15.698478698730469,-8.302318572998047,-2.373051881790161,4.659377098083496,-0.30300644040107727,-0.857181966304779,-0.7335372567176819,-1.2136808633804321,-1.5940450429916382,-0.9845073223114014,6.504818916320801,7.6356730461120605,-6.407186031341553,-0.3144055902957916
655,-0.5772883296012878,6.904210567474365,0.5997417569160461,-1.6729800701141357,-4.177371978759766,-7.868984222412109,-3.715869665145874,9.350327491760254,2.006983518600464,2.0138089656829834,-4.378756046295166,8.582327842712402,1.5285940170288086,-0.9040480852127075,1.8086220026016235,-7.904572486877441,0.09458701312541962,0.7129034996032715,-13.890727996826172,-10.807828903198242,15.619343757629395,15.448389053344727,-15.64476203918457,15.679348945617676,0.17046907544136047,1.43574059009552,0.2001720666885376,-0.3989635705947876,-0.9426679611206055,-2.4643032550811768,-1.2819561958312988,1.7914901971817017,6.981347560882568,6.743594169616699,-5.78441858291626,4.483912944793701
656,3.260209321975708,-4.3351240158081055,1.639434814453125,0.28954872488975525,-6.358433723449707,-8.336570739746094,-1.8289382457733154,15.292703628540039,2.0081565380096436,2.0235841274261475,-4.617127418518066,4.23549222946167,5.800293922424316,-4.1696319580078125,4.032942771911621,-4.802872657775879,-5.858628273010254,-5.073626518249512,-15.488862991333008,2.7053885459899902,15.694005012512207,6.2494025230407715,-15.61279296875,15.663979530334473,0.9932178258895874,-1.7451090812683105,0.4108201861381531,0.14519642293453217,-2.125462055206299,-5.084208965301514,-0.6059768795967102,3.558342218399048,6.119618892669678,6.331985950469971,-6.588287830352783,6.261425971984863
657,-2.6487996578216553,2.970994472503662,-3.1134302616119385,2.518779993057251,-6.17586088180542,-6.543436050415039,11.200904846191406,11.92251205444336,6.553234577178955,5.707024097442627,-4.122809886932373,4.366588592529297,7.812475681304932,-5.126813888549805,3.4765491485595703,-0.39756953716278076,-10.261091232299805,-11.13265609741211,-10.542398452758789,12.139737129211426,9.553316116333008,10.01831340789795,-15.693333625793457,15.701751708984375,-0.6858448386192322,0.8332803845405579,-0.7246652245521545,0.5482814908027649,-2.7143335342407227,-5.445892333984375,2.095980644226074,4.315395355224609,6.794516563415527,6.526551246643066,-4.938465118408203,6.0978169441223145
658,-7.284090518951416,2.7984447479248047,2.25019907951355,2.5459988117218018,-5.427611827850342,-5.248183727264404,14.867121696472168,9.229021072387695,4.130304336547852,3.6117589473724365,-3.839958429336548,4.354856491088867,4.837529182434082,-5.942924499511719,0.36588090658187866,0.6826762557029724,-12.62582015991211,-14.550922393798828,-2.7530369758605957,15.733806610107422,11.505675315856934,13.55795955657959,-15.681297302246094,15.699702262878418,-1.5997488498687744,0.49451500177383423,0.7161173820495605,0.5537149310112,-4.511953830718994,-6.288669586181641,2.9658243656158447,4.866513729095459,6.79274320602417,6.176203727722168,-4.437452793121338,5.909614086151123
659,-5.576733589172363,5.525755882263184,2.3618669509887695,5.0542073249816895,-5.428989887237549,-4.86500883102417,14.051875114440918,8.233001708984375,3.4152724742889404,2.5476949214935303,-4.128215789794922,4.911130428314209,2.369056224822998,-2.0868659019470215,-0.40724092721939087,3.244223117828369,-13.429984092712402,-14.407614707946777,6.920076370239258,17.928836822509766,13.553068161010742,14.566800117492676,-15.639854431152344,15.676639556884766,-1.0375038385391235,1.3187634944915771,0.5043001770973206,1.2858948707580566,-6.3001389503479,-7.0458173751831055,3.9182796478271484,6.329831123352051,7.122192859649658,6.665201187133789,-4.341039657592773,6.383671760559082
660,-2.3533918857574463,2.336458921432495,5.144261360168457,4.438584804534912,-4.7824225425720215,-4.670780181884766,9.73765754699707,8.272933959960938,2.511643409729004,2.3229756355285645,-3.428969383239746,4.4520039558410645,1.6970739364624023,0.12619134783744812,1.5970208644866943,4.873964786529541,-15.363097190856934,-15.463634490966797,13.749255180358887,17.578115463256836,15.377120018005371,15.419175148010254,-15.699925422668457,15.674779891967773,-0.342538058757782,0.345561683177948,1.1659505367279053,1.0240447521209717,-6.957442283630371,-7.114752769470215,3.5185422897338867,6.106886386871338,7.769464015960693,6.314615249633789,-3.5956900119781494,6.253697395324707
661,-0.763218343257904,3.471161365509033,7.095459461212158,5.594759464263916,-4.309178829193115,-4.35227632522583,7.119849681854248,8.603804588317871,2.0705435276031494,2.1188607215881348,-2.576089382171631,4.435356616973877,2.102077007293701,3.8654565811157227,7.2708282470703125,7.770895004272461,-16.66773223876953,-16.256031036376953,19.411317825317383,17.199783325195312,15.656068801879883,15.569734573364258,-15.710760116577148,15.747697830200195,-0.08694278448820114,0.8547322154045105,1.8662543296813965,1.5495294332504272,-6.956918239593506,-6.469440460205078,3.941211223602295,6.177365303039551,7.993982791900635,6.166708469390869,-2.4134316444396973,6.193464279174805
662,3.3613975048065186,4.064764976501465,9.13947868347168,5.18857479095459,-2.2022688388824463,2.8441474437713623,4.915902137756348,7.5423359870910645,2.0269317626953125,2.3240222930908203,-1.3307873010635376,4.239635467529297,5.295856475830078,8.625739097595215,16.16803550720215,11.52833080291748,-16.948719024658203,-14.433927536010742,20.707735061645508,16.427778244018555,15.663914680480957,13.30554485321045,-15.661386489868164,15.575263977050781,1.0284907817840576,1.2428916692733765,4.016459941864014,1.607487440109253,-0.9091004729270935,0.850558876991272,3.6719725131988525,4.0803117752075195,7.762077808380127,6.142003059387207,-1.008150339126587,5.126198768615723
663,-5.009390830993652,5.232539653778076,5.399106502532959,1.8748573064804077,10.467545509338379,11.077198028564453,3.3115992546081543,1.1294671297073364,2.027447462081909,4.27375602722168,-0.25824812054634094,3.836439609527588,4.582189559936523,9.340872764587402,21.251558303833008,12.767363548278809,-12.4675931930542,-7.846619606018066,18.71443748474121,13.666014671325684,15.267987251281738,7.264214992523193,-14.9019136428833,15.643789291381836,-1.352243185043335,2.5027732849121094,3.5404934883117676,0.4709905982017517,6.392008304595947,7.437721252441406,1.7856389284133911,-0.11322950571775436,6.717438220977783,3.3969452381134033,-0.03411908447742462,4.302807331085205
664,-8.906435012817383,5.459258079528809,0.08828679472208023,-8.560601234436035,11.097126007080078,9.659932136535645,-4.893990516662598,-20.257917404174805,6.142473220825195,-5.841536521911621,9.592813491821289,3.528027296066284,2.474977493286133,4.189549446105957,15.162825584411621,7.667882442474365,-4.519643306732178,1.9237943887710571,11.43136215209961,3.790631055831909,3.567326307296753,-12.214136123657227,7.334318161010742,15.688286781311035,-3.0622591972351074,1.8973749876022339,-0.5150007009506226,-1.6895232200622559,8.530835151672363,8.312435150146484,-1.1527373790740967,-5.284686088562012,4.266804218292236,-8.747265815734863,2.1055939197540283,3.9009852409362793
665,-6.520160675048828,7.8253655433654785,-12.406675338745117,-5.368323802947998,8.658005714416504,8.393081665039062,-0.06470468640327454,-11.79961109161377,-4.57612943649292,-3.073946714401245,3.9351706504821777,3.735487937927246,-0.22944769263267517,-1.5737475156784058,-0.47082677483558655,0.7616539597511292,3.0092215538024902,2.8302626609802246,6.29829216003418,-2.232071876525879,-10.643960952758789,-12.838569641113281,15.668663024902344,15.682635307312012,-1.3456124067306519,2.6932153701782227,-2.6352570056915283,-0.8928902745246887,7.623586654663086,7.346400260925293,0.1102234348654747,-2.368140459060669,-10.098785400390625,-6.090699195861816,5.739419460296631,4.2783355712890625
666,-7.017452716827393,9.656929016113281,-6.101800918579102,-2.421178102493286,8.281633377075195,8.416165351867676,1.2338902950286865,-6.355349063873291,-3.664529800415039,-3.4803552627563477,4.177524089813232,3.5025432109832764,-3.0394179821014404,-3.042022943496704,-7.710111141204834,-3.1098365783691406,2.9661145210266113,2.251925230026245,4.394503116607666,0.1401529163122177,-12.023125648498535,-12.365477561950684,15.623411178588867,-0.00039344700053334236,-2.299727201461792,3.9056153297424316,-1.3959524631500244,-0.4217875599861145,6.702358722686768,7.289373397827148,0.35671472549438477,-1.314835548400879,-6.690115451812744,-6.168869972229004,5.4100565910339355,3.852538585662842
667,-7.225386142730713,9.81875991821289,-3.996701717376709,0.6129282712936401,8.36233901977539,8.435458183288574,0.37225401401519775,-4.787111759185791,-3.5760066509246826,-3.2657392024993896,4.19801664352417,7.984752178192139,-4.231656074523926,-2.95870041847229,-10.612424850463867,-3.346580982208252,2.9999613761901855,2.926852226257324,2.9413859844207764,-1.4024920463562012,-12.731472969055176,-13.141173362731934,15.676724433898926,0.0005120818968862295,-2.8035008907318115,3.801840305328369,-1.1308565139770508,0.22730650007724762,6.460601806640625,6.9210710525512695,0.04423009231686592,-0.9012036323547363,-6.15107536315918,-6.450620651245117,5.387156963348389,1.324829339981079
668,-7.357395172119141,9.601984977722168,-2.3290069103240967,2.761331558227539,8.310067176818848,8.222886085510254,0.7168344855308533,-1.965401530265808,-3.385019302368164,-3.098928689956665,4.262793064117432,3.135464906692505,-3.7596943378448486,-2.008009672164917,-10.766216278076172,-1.965863585472107,3.5591070652008057,3.661912441253662,2.087101459503174,-2.0736420154571533,-13.335763931274414,-13.547550201416016,15.669232368469238,0.0005711689591407776,-3.011786937713623,3.506052017211914,-0.6508668661117554,0.5840988755226135,5.973897457122803,5.869017124176025,0.1697288602590561,-0.31159794330596924,-6.208554267883301,-6.626133918762207,5.576080799102783,0.44383761286735535
669,-7.376597881317139,9.481978416442871,-1.4754273891448975,2.391228437423706,8.085617065429688,8.146147727966309,1.1961398124694824,1.2254228591918945,-2.996969223022461,-2.850806713104248,5.341899871826172,-2.8707175254821777,-4.093853950500488,-2.378236770629883,-12.449141502380371,-2.2218215465545654,3.703988552093506,3.4811830520629883,1.5778359174728394,2.7918689250946045,-13.637858390808105,-13.88731575012207,15.591750144958496,-15.666025161743164,-2.987964153289795,3.208486318588257,-0.45184606313705444,0.42931658029556274,4.7743330001831055,4.977145671844482,0.2740219235420227,0.394453227519989,-6.484006404876709,-6.760004043579102,5.866322040557861,-2.5753190517425537
670,-7.569531440734863,9.563986778259277,1.0554481744766235,0.7391654849052429,8.002388954162598,8.045372009277344,-3.0864205360412598,0.2276611328125,-2.904015302658081,-2.805337905883789,4.399455547332764,-3.9966530799865723,-3.912473678588867,-1.9824949502944946,-11.898158073425293,-1.561940312385559,4.137086868286133,3.8210980892181396,-0.7774681448936462,2.629539966583252,-14.326424598693848,-14.16756534576416,15.607697486877441,-15.669452667236328,-3.387350559234619,3.7873899936676025,0.27283257246017456,0.0815727561712265,5.505076885223389,4.884075164794922,-0.7788446545600891,0.00942809134721756,-6.320621967315674,-6.882802963256836,5.797295093536377,-5.873051166534424
671,-7.731568813323975,9.424814224243164,3.275773048400879,0.29913508892059326,7.8626861572265625,7.897635459899902,-2.42940092086792,-0.07668875902891159,-2.398714780807495,-2.45369291305542,4.438448905944824,-4.3124003410339355,-3.281715154647827,-1.432839035987854,-9.882759094238281,-0.6704942584037781,4.462263584136963,3.896212577819824,-2.5009078979492188,2.249725818634033,-15.39927864074707,-15.155136108398438,15.564237594604492,-15.664511680603027,-3.435023546218872,3.852198839187622,0.5461539626121521,0.04220394790172577,5.203684329986572,4.385370254516602,-0.49957895278930664,-0.026423685252666473,-6.26744270324707,-6.653163909912109,5.869089603424072,-5.839535236358643
672,-7.944590091705322,9.422357559204102,3.565199613571167,-0.7680070996284485,7.8682451248168945,7.890049934387207,-2.247323513031006,-1.9209650754928589,-2.147690534591675,-2.167597532272339,4.486906051635742,-4.341707229614258,-2.9444479942321777,-1.1085931062698364,-7.942831993103027,-0.15723484754562378,4.349705219268799,4.772038459777832,-3.7840592861175537,1.0883817672729492,-15.438614845275879,-15.471513748168945,15.548872947692871,-15.666352272033691,-3.567002296447754,4.216957092285156,0.5668023228645325,-0.1962670236825943,5.139435291290283,4.353986740112305,-0.5019580721855164,-0.4307246804237366,-6.279689311981201,-6.518664360046387,5.882228374481201,-5.813022136688232
673,-8.532881736755371,8.9194917678833,3.3938522338867188,-1.5747160911560059,7.862803936004639,7.482658386230469,-2.3647356033325195,-3.0679476261138916,-2.1057612895965576,-2.103100299835205,4.578862190246582,-4.270539283752441,-1.6495354175567627,-0.023919910192489624,-1.9000725746154785,1.1911110877990723,3.9581298828125,5.949727535247803,-3.518709659576416,-0.9943408966064453,-15.516836166381836,-15.575644493103027,12.000479698181152,-15.724822998046875,-3.5277764797210693,4.598889350891113,0.5748241543769836,-0.3274657726287842,4.895088195800781,3.9900333881378174,-0.5697073340415955,-0.6622300744056702,-6.109380722045898,-6.233437538146973,5.779911518096924,-5.640884876251221
674,-8.305122375488281,9.212345123291016,0.6913615465164185,-2.9580485820770264,7.862787246704102,6.991786956787109,-4.960762977600098,-5.212390899658203,-2.083794355392456,-5.935087203979492,4.796234607696533,-4.342682361602783,-1.5087343454360962,0.467470645904541,-1.0630760192871094,0.7325366735458374,4.404189109802246,7.5648040771484375,-6.290720462799072,-4.176522731781006,-15.492682456970215,-0.01188751682639122,15.420373916625977,-15.325607299804688,-3.5596747398376465,5.467855453491211,0.04969280958175659,-0.6338105797767639,4.782021999359131,3.8503668308258057,-1.3529913425445557,-1.2643144130706787,-5.829730033874512,-5.860748767852783,5.3105854988098145,-5.336437225341797
675,-8.343720436096191,9.030787467956543,-0.6279894113540649,-1.8823652267456055,7.5188446044921875,6.385087966918945,-2.638932228088379,-4.661013126373291,-2.068000555038452,-9.131664276123047,4.722583293914795,-4.355274200439453,-1.5134435892105103,0.8459056615829468,-1.215118169784546,0.2730889916419983,5.488894462585449,8.726567268371582,-7.5830979347229,-7.628213405609131,-15.593372344970703,-0.027179164811968803,15.494396209716797,-15.51893424987793,-3.336667060852051,5.5547590255737305,-0.17991036176681519,-0.3311071991920471,3.6848909854888916,3.4298622608184814,-0.5908668637275696,-1.1902574300765991,-5.469627380371094,-4.762416839599609,5.280590534210205,-5.414564609527588
676,-8.046098709106445,8.94177532196045,-0.9799876809120178,-2.17046856880188,6.4597601890563965,5.8764238357543945,-2.6700100898742676,-4.846451282501221,-9.182267189025879,-9.04324722290039,4.586390972137451,-4.159609317779541,-2.4415385723114014,0.7256719470024109,-1.1607792377471924,-0.9373788237571716,7.70413875579834,9.524313926696777,-3.792922019958496,-11.268448829650879,-0.017749790102243423,-0.03623098134994507,0.080963134765625,-15.668421745300293,-3.3554253578186035,6.043832778930664,-0.22045689821243286,-0.4536718726158142,3.080333709716797,2.706166982650757,-0.7353484034538269,-1.5013178586959839,-5.117892742156982,-4.195614814758301,4.955069541931152,-5.042998790740967
677,-8.152158737182617,8.815786361694336,4.051437854766846,-5.302352428436279,6.257082939147949,4.5149078369140625,-7.041252136230469,-6.217069149017334,-7.943253993988037,-8.132408142089844,-1.0151305198669434,-4.134828567504883,-1.6265788078308105,2.0255446434020996,-0.1690671741962433,-3.0105419158935547,7.171688079833984,10.971563339233398,-6.198287487030029,-15.799945831298828,-0.032642826437950134,-0.018228679895401,0.025259360671043396,-15.69697380065918,-3.1371827125549316,5.4191484451293945,0.9923288226127625,-1.2981538772583008,2.430237293243408,1.629434585571289,-1.9729162454605103,-2.679229974746704,-2.217869758605957,-2.403752565383911,-0.9592389464378357,-5.021759033203125
678,-8.06721305847168,8.549354553222656,1.1535148620605469,-3.7271721363067627,4.75779390335083,2.194631338119507,-4.153116226196289,-4.754889488220215,-4.894641399383545,-5.436929225921631,-3.3955559730529785,-3.943434238433838,-2.1913559436798096,2.8281731605529785,0.5355780124664307,-5.357545375823975,7.003998279571533,11.830418586730957,-3.2195074558258057,-19.26683807373047,-0.06835828721523285,-0.0019938808400183916,-15.666736602783203,-14.67408275604248,-3.208726644515991,5.636902809143066,0.1284043788909912,-0.8307177424430847,1.382683515548706,0.5960210561752319,-0.7528066039085388,-2.6036019325256348,-0.9353700876235962,-1.0975433588027954,-4.798038482666016,-4.003031253814697
679,-7.926607131958008,8.335860252380371,0.13270214200019836,-4.15935754776001,4.068792819976807,-3.5922117233276367,-5.962283134460449,-4.3367719650268555,3.7745251655578613,4.068767547607422,-4.46106481552124,-4.098905563354492,-2.774522542953491,2.635028600692749,0.19464102387428284,-7.268591403961182,7.018894195556641,8.909602165222168,-6.047088623046875,-19.773595809936523,5.569125175476074,6.352832317352295,-15.639716148376465,-13.528640747070312,-3.036900281906128,6.291046142578125,-0.012571364641189575,-1.1100785732269287,1.1379278898239136,-0.8108367919921875,-1.559518575668335,-2.8622608184814453,1.3696891069412231,1.5707048177719116,-6.911785125732422,-2.833317756652832
680,-7.2997636795043945,8.635566711425781,-0.2777951955795288,-4.3319244384765625,2.6749095916748047,-4.57570743560791,-5.356139183044434,-3.484511137008667,3.8416309356689453,3.4354827404022217,-4.517970561981201,-2.944706439971924,-2.088798999786377,0.44433698058128357,-0.198069766163826,-8.838277816772461,5.276970863342285,3.9785170555114746,-8.939460754394531,-19.163606643676758,14.727314949035645,15.562100410461426,-15.679492950439453,-11.217737197875977,-2.288163185119629,6.093398571014404,-0.07119420170783997,-1.230161190032959,0.6381496787071228,-0.8473144769668579,-1.4753581285476685,-1.9670393466949463,5.713095664978027,7.05783748626709,-6.440518856048584,-1.3076962232589722
681,-4.756619453430176,9.179816246032715,0.6886029839515686,-3.488114356994629,2.2440218925476074,-4.360960960388184,-4.047359943389893,-1.3775808811187744,1.986171841621399,2.1195263862609863,-4.34227991104126,2.6377487182617188,-0.9002888798713684,-0.5457963943481445,0.9920645356178284,-9.32274055480957,3.216717004776001,1.5671272277832031,-11.548282623291016,-17.598777770996094,15.781532287597656,15.429645538330078,-15.654783248901367,-2.5189034938812256,-0.9639046788215637,3.9436662197113037,0.1758340299129486,-0.9764298796653748,0.49694278836250305,-0.8849122524261475,-1.219124674797058,-0.4593951106071472,7.386440753936768,6.986227989196777,-5.7652716636657715,0.7422218322753906
682,1.486502766609192,4.2584123611450195,1.693249225616455,-2.1710751056671143,0.8594823479652405,-6.4850077629089355,-2.813617706298828,10.055764198303223,2.010446548461914,2.0634944438934326,-4.409834861755371,5.507762908935547,1.5070405006408691,-0.16786746680736542,4.3204169273376465,-8.199411392211914,2.6690077781677246,0.05674787983298302,-13.41845703125,-8.775125503540039,15.676258087158203,15.537973403930664,-15.61437702178955,15.706916809082031,0.559230387210846,0.6947458386421204,0.41314297914505005,-0.5431161522865295,0.12988236546516418,-1.7469041347503662,-0.9243571162223816,1.8784394264221191,7.619025230407715,5.661281585693359,-5.950539588928223,6.025629997253418
683,4.6224589347839355,-4.721820831298828,-0.5276041626930237,0.4085814952850342,-4.970392227172852,-8.086090087890625,-1.293672800064087,14.696172714233398,2.0116055011749268,7.627209186553955,-4.614813327789307,4.393944263458252,5.285324573516846,-4.9863810539245605,5.661064624786377,-5.046482563018799,-2.443535566329956,-6.599782943725586,-14.698715209960938,4.694192409515381,15.695809364318848,7.429541110992432,-15.630878448486328,15.69867992401123,1.406808853149414,-1.6952598094940186,-0.1773485541343689,0.19632308185100555,-1.4448649883270264,-4.098171234130859,-0.3969551920890808,3.637158155441284,6.561243534088135,5.757734775543213,-6.615532875061035,6.433731555938721
684,0.299486368894577,4.457766056060791,-4.567165374755859,0.6032897233963013,-6.307154178619385,-6.046738624572754,8.516304969787598,11.015701293945312,2.012650728225708,4.402224063873291,-4.071774482727051,4.396934986114502,6.26785945892334,-4.275650501251221,3.918415069580078,-1.9982725381851196,-7.958094596862793,-12.180546760559082,-10.38977336883545,12.836297035217285,15.698946952819824,12.025019645690918,-15.66808032989502,15.699336051940918,-0.11000581085681915,1.2454615831375122,-0.9241481423377991,0.11648714542388916,-2.5999526977539062,-4.498567581176758,1.5590498447418213,4.147421836853027,6.769734859466553,6.122610092163086,-4.767137050628662,6.069023132324219
685,-6.508808612823486,2.696906805038452,1.7982041835784912,3.487093448638916,-5.79948616027832,-4.878683567047119,12.325098991394043,8.99387264251709,2.014263391494751,3.0221214294433594,-3.9080159664154053,4.3541412353515625,4.029470443725586,-1.6497547626495361,4.131104946136475,2.1879093647003174,-11.726005554199219,-14.867819786071777,-2.780590057373047,16.59316062927246,15.66478157043457,14.835958480834961,-15.692852973937988,15.715960502624512,-1.6714942455291748,0.4537614583969116,0.6451368927955627,0.8230856657028198,-3.6474480628967285,-6.0980119705200195,2.3585429191589355,5.028348922729492,6.939935684204102,6.152306079864502,-4.662954807281494,5.890372276306152
686,-3.8406569957733154,2.245643138885498,1.1283265352249146,6.7906341552734375,-5.165884971618652,-4.4283905029296875,13.748632431030273,8.519674301147461,2.019263982772827,2.127296209335327,-3.8965117931365967,4.455924034118652,2.850675106048584,-1.76231050491333,-0.15126430988311768,4.502958297729492,-11.16505241394043,-16.79940414428711,5.410304546356201,17.078617095947266,14.433401107788086,14.820697784423828,-15.700969696044922,15.701622009277344,-0.6275515556335449,0.4599466919898987,0.24155747890472412,1.9272795915603638,-5.69861364364624,-7.480026721954346,3.782670736312866,6.979909896850586,7.571630001068115,6.36568021774292,-4.692211151123047,6.199938774108887
687,-3.6440749168395996,3.3773207664489746,6.195685863494873,6.930659770965576,-5.574214458465576,-3.977375030517578,11.369400024414062,9.205353736877441,4.26662015914917,2.1180026531219482,-3.4898762702941895,4.48944616317749,3.522948741912842,2.0201456546783447,2.6009771823883057,7.788381576538086,-13.715136528015137,-17.32183837890625,14.4442720413208,17.23440933227539,12.908758163452148,15.458888053894043,-15.690545082092285,15.682312965393066,-0.6851143836975098,0.7626442313194275,1.5130681991577148,1.857405424118042,-7.996705532073975,-7.1621198654174805,4.582972049713135,7.746212005615234,7.683252334594727,6.652997970581055,-3.7790920734405518,6.379971504211426
688,1.935009241104126,1.8450062274932861,10.211002349853516,6.82661771774292,-4.545154094696045,-3.522364854812622,7.354015827178955,9.145623207092285,2.238924026489258,2.0928738117218018,-2.5127406120300293,4.31624698638916,7.09254264831543,7.083291530609131,11.746614456176758,12.665711402893066,-15.593077659606934,-18.508188247680664,19.731536865234375,16.220340728759766,15.62838077545166,15.636263847351074,-15.676067352294922,15.684791564941406,0.7162390947341919,0.3933618664741516,3.3999011516571045,2.2927677631378174,-4.161430358886719,-2.9433891773223877,4.75717306137085,6.181544303894043,7.9010844230651855,6.24965238571167,-2.2807602882385254,5.67037296295166
689,-2.51615047454834,4.495474815368652,8.038199424743652,4.412673473358154,8.958392143249512,10.057967185974121,4.712197780609131,7.287772178649902,2.017369270324707,2.0080082416534424,-1.5411896705627441,4.011857509613037,9.593255043029785,10.583138465881348,19.6704044342041,15.619512557983398,-11.618517875671387,-13.579255104064941,19.336658477783203,14.709257125854492,12.574969291687012,11.030553817749023,-15.67288589477539,15.662199974060059,-0.5766026377677917,2.0210468769073486,4.8429179191589355,1.6899298429489136,3.669276237487793,8.027395248413086,2.9186508655548096,3.1744534969329834,7.213866710662842,6.553766250610352,-1.2760413885116577,4.722095489501953
690,-10.332746505737305,4.600912094116211,3.1885342597961426,-6.328342437744141,11.014530181884766,10.79721450805664,0.17936694622039795,-11.347180366516113,5.698319911956787,-6.820677757263184,-2.2930617332458496,3.733773708343506,7.404016494750977,4.6490797996521,17.580862045288086,11.367603302001953,-4.76713752746582,0.20681032538414001,14.704045295715332,7.998680591583252,3.603414297103882,-12.458662033081055,0.0206955187022686,15.708009719848633,-4.433277606964111,1.64931058883667,1.4234094619750977,-1.3775436878204346,7.714999675750732,9.796090126037598,-0.42485857009887695,-2.7823808193206787,4.928427696228027,-6.349795341491699,-0.2770501971244812,4.271054744720459
691,-9.093916893005371,7.5906476974487305,-10.4013671875,-6.758530616760254,9.077933311462402,8.882218360900879,-2.9397125244140625,-12.022798538208008,-4.2079362869262695,-3.1232526302337646,6.33699369430542,3.995649814605713,4.565936088562012,-0.4310188293457031,5.277187824249268,4.327264785766602,0.23247671127319336,1.2580419778823853,8.358509063720703,1.0600974559783936,-8.014487266540527,-12.551483154296875,15.573315620422363,15.56485366821289,-2.7805943489074707,3.071117877960205,-2.239262580871582,-1.132025957107544,7.078108310699463,7.303792953491211,-0.5183990597724915,-2.3827953338623047,-11.064397811889648,-6.951276779174805,5.418287754058838,5.029810428619385
692,-9.056926727294922,9.489706993103027,-6.668192386627197,-4.735910415649414,8.347546577453613,8.728933334350586,1.522708535194397,-7.119955062866211,-3.0237345695495605,-3.376845359802246,4.095393657684326,3.8986599445343018,-0.3820349872112274,-3.62278151512146,-3.689491033554077,-1.080579161643982,2.965346574783325,2.131255865097046,6.272923469543457,-2.0804097652435303,-12.433109283447266,-12.842391967773438,15.64733600616455,15.640877723693848,-3.07424259185791,3.7072806358337402,-1.3332664966583252,-0.888361394405365,7.467803478240967,7.298285484313965,0.5531137585639954,-1.37813401222229,-7.084550380706787,-6.354972839355469,5.339329242706299,4.536595821380615
693,-8.208828926086426,9.746596336364746,-5.144587516784668,-1.5092405080795288,8.267305374145508,8.6466064453125,0.6789801120758057,-4.4738874435424805,-3.6348838806152344,-3.436795949935913,4.159127712249756,3.738539218902588,-2.5399892330169678,-2.8322150707244873,-7.701542854309082,-3.373264789581299,3.2698073387145996,2.4127278327941895,4.995970249176025,0.4982466697692871,-12.51933765411377,-13.233104705810547,15.619593620300293,3.3666391372680664,-3.3076722621917725,4.095886707305908,-1.2848386764526367,-0.21109671890735626,6.866067409515381,6.873517036437988,0.1252562254667282,-0.8961770534515381,-6.540858745574951,-6.327251434326172,5.284595012664795,4.118420600891113
694,-7.6325812339782715,9.702413558959961,-4.4995598793029785,0.22757309675216675,8.186666488647461,8.405790328979492,2.517641544342041,-2.300091505050659,-3.3766980171203613,-3.0747787952423096,4.230880260467529,11.93631649017334,-4.2194037437438965,-3.1633872985839844,-10.806768417358398,-4.497601509094238,3.0337345600128174,2.6431078910827637,4.829352855682373,0.9531182050704956,-12.768275260925293,-13.279597282409668,15.670411109924316,0.003085446311160922,-3.0699992179870605,3.432742118835449,-1.356067180633545,0.10914449393749237,5.094802379608154,6.47922420501709,0.6860690116882324,-0.3411417007446289,-6.309066295623779,-6.351858139038086,5.505452632904053,2.3913512229919434
695,-7.324490547180176,9.793008804321289,-2.1307132244110107,2.6284375190734863,8.150656700134277,8.382084846496582,2.5323641300201416,-1.5373820066452026,-3.045199155807495,-2.9048378467559814,4.55182409286499,10.038646697998047,-4.791110992431641,-3.446190357208252,-12.995671272277832,-4.13212251663208,3.3363921642303467,3.155459403991699,4.6044392585754395,0.1749478429555893,-13.725726127624512,-14.37468433380127,15.440223693847656,0.004918023943901062,-3.29549241065979,3.12495756149292,-0.633233904838562,0.536249577999115,4.009598731994629,5.928278923034668,0.6029706597328186,-0.2768591642379761,-6.406905651092529,-6.5060319900512695,5.64493465423584,2.058274745941162
696,-7.597909450531006,9.842734336853027,-0.37443017959594727,3.378649950027466,8.06180191040039,8.380037307739258,0.24508820474147797,-2.265761137008667,-2.880725383758545,-2.3416271209716797,4.450536727905273,0.15762551128864288,-4.253230094909668,-3.1803979873657227,-12.606819152832031,-2.3521347045898438,3.713615655899048,2.854461431503296,3.250849485397339,-0.7113648056983948,-13.924295425415039,-15.258630752563477,15.533419609069824,-0.00027784908888861537,-3.9787397384643555,3.5911307334899902,-0.01562744379043579,0.6420919895172119,4.878979682922363,5.774774074554443,-0.046958934515714645,-0.48801296949386597,-6.340673923492432,-6.841939926147461,5.680067539215088,-0.345610648393631
697,-7.9380879402160645,9.488189697265625,1.9831539392471313,1.4945164918899536,7.928168773651123,8.217942237854004,-2.8064563274383545,0.7756554484367371,-2.7785778045654297,-2.025362014770508,4.428408622741699,-3.3525989055633545,-3.242708921432495,-1.8357526063919067,-10.825674057006836,-1.5760471820831299,4.059716701507568,3.506382942199707,0.7437159419059753,4.2356953620910645,-14.151998519897461,-15.497353553771973,15.564995765686035,-15.687268257141113,-3.929788112640381,3.5367913246154785,0.366859495639801,0.21658270061016083,4.632739543914795,5.400479316711426,-0.6417555809020996,0.30212652683258057,-6.416494846343994,-6.988112449645996,5.889472007751465,-4.911840438842773
698,-8.118147850036621,9.352594375610352,2.712071418762207,-0.1489812433719635,7.765519142150879,7.9669365882873535,-1.9731056690216064,0.5365825891494751,-2.671814441680908,-2.0591726303100586,4.472034454345703,-4.279710292816162,-2.9679107666015625,-1.373464822769165,-9.325380325317383,-1.1963263750076294,4.3959736824035645,4.283910274505615,-0.8325481414794922,4.298355579376221,-14.434819221496582,-15.582433700561523,15.571484565734863,-15.693808555603027,-4.183313369750977,3.679394245147705,0.43071621656417847,-0.09029050171375275,4.01746940612793,4.747184753417969,-0.3722594976425171,0.11455763131380081,-6.338326930999756,-6.533153057098389,5.903541088104248,-6.237311840057373
699,-8.212480545043945,9.339773178100586,3.6583969593048096,-0.9667191505432129,7.606027126312256,7.663493633270264,-2.6783618927001953,-1.726382851600647,-2.3872132301330566,-2.0514278411865234,4.477014541625977,-4.400881290435791,-3.2322487831115723,-1.8712353706359863,-3.2779886722564697,-1.5229417085647583,4.13750696182251,5.137181282043457,-0.6963390707969666,3.3859381675720215,-15.163891792297363,-15.645242691040039,13.117903709411621,-15.713178634643555,-4.282341957092285,3.9882595539093018,0.6053282022476196,-0.23323889076709747,3.8944287300109863,4.43591833114624,-0.6011778712272644,-0.38759374618530273,-6.252993106842041,-6.369255065917969,5.8443732261657715,-6.134011745452881
700,-8.196822166442871,9.576416015625,1.0616426467895508,-0.6058819890022278,7.759227275848389,7.205300807952881,-6.027647495269775,-3.968903064727783,-2.147145986557007,-2.9179186820983887,4.823474884033203,-4.4659600257873535,-2.6472439765930176,-0.5641793012619019,-1.4476075172424316,-0.9775578379631042,4.892695426940918,8.162483215332031,-3.663673162460327,1.5967872142791748,-15.505393981933594,0.0027529913932085037,15.21523380279541,-15.561266899108887,-4.156191825866699,4.978843688964844,0.1258593201637268,-0.11237986385822296,4.316800594329834,4.297528266906738,-1.5023314952850342,-0.8220762014389038,-5.946008205413818,-6.246548652648926,5.564154148101807,-5.715921401977539
701,-8.17190170288086,9.601204872131348,-1.0047746896743774,0.18414439260959625,6.871406078338623,6.383667469024658,-1.7415865659713745,-3.679499864578247,-2.105860710144043,-9.252721786499023,4.721913814544678,-4.446293830871582,-2.9996461868286133,-1.2094203233718872,-1.00359046459198,-0.8467694520950317,6.10809850692749,8.395622253417969,-4.606605529785156,-0.807773232460022,-15.585025787353516,-0.014479834586381912,15.232282638549805,-15.590523719787598,-3.990770101547241,5.171560287475586,-0.2874499559402466,0.06657843291759491,2.6841182708740234,3.687774658203125,-0.23415525257587433,-0.7305203676223755,-5.77720308303833,-5.384542465209961,5.630316257476807,-5.827577590942383
702,-8.574677467346191,9.124873161315918,-1.570825457572937,0.028813887387514114,5.786293029785156,6.294816493988037,-1.8251075744628906,-2.950042724609375,-6.997171878814697,-9.1643648147583,4.272465705871582,-4.471896171569824,-1.1385061740875244,1.0010985136032104,-0.9258588552474976,1.2194181680679321,6.440641403198242,8.528755187988281,-5.809368133544922,-3.3300747871398926,-0.00032560527324676514,-0.04424712061882019,15.654192924499512,-15.695854187011719,-3.683335781097412,5.5161519050598145,-0.34353524446487427,0.00024680793285369873,1.9086897373199463,3.0197203159332275,-0.45263344049453735,-0.6227301359176636,-5.576751232147217,-5.022734642028809,5.380012035369873,-5.341590881347656
703,-8.29537582397461,9.05573844909668,1.8921048641204834,-4.919266223907471,6.6027092933654785,5.687349796295166,-6.889422416687012,-6.690347194671631,-9.069193840026855,-9.060751914978027,18.1187744140625,-4.580288887023926,-1.6726834774017334,0.8444697856903076,-0.5631678700447083,-0.5841359496116638,7.038599014282227,9.484729766845703,-3.1550214290618896,-7.738819122314453,0.03147362545132637,-0.03566226363182068,0.02876482903957367,-15.56895923614502,-3.482250690460205,5.602482318878174,0.5046663284301758,-1.1919227838516235,3.0127577781677246,2.4349911212921143,-1.7372514009475708,-1.9272010326385498,-4.1091389656066895,-4.2186689376831055,4.7355852127075195,-5.52907133102417
704,-8.522013664245605,8.7535982131958,3.3876335620880127,-3.332590341567993,5.108190059661865,4.755810260772705,-7.461584091186523,-4.934835433959961,-8.563353538513184,-8.762785911560059,10.503859519958496,-4.2535834312438965,-1.6058003902435303,2.2349579334259033,0.5020448565483093,-1.5895493030548096,7.872951984405518,11.04149055480957,-5.866528511047363,-11.571216583251953,-0.021845657378435135,-0.01641424186527729,0.07443234324455261,-15.53150749206543,-3.794158458709717,5.131112575531006,0.7391741275787354,-0.6418611407279968,1.5828723907470703,1.827664852142334,-1.9096108675003052,-1.4723010063171387,-2.9045770168304443,-3.2546393871307373,1.9155174493789673,-5.155140399932861
705,-8.50475788116455,8.36774730682373,1.355823040008545,-3.3257195949554443,2.639162540435791,2.117793321609497,-4.732434272766113,-5.276419639587402,-7.302905559539795,-7.570154666900635,4.048003196716309,-3.937676429748535,-1.6102025508880615,3.3237674236297607,0.6678413152694702,-3.24619722366333,6.83953857421875,11.73022747039795,-7.76768159866333,-15.635351181030273,-0.039128027856349945,-0.002571853343397379,0.05985619127750397,-15.537516593933105,-3.900580883026123,5.652456760406494,0.2015928030014038,-0.7324221730232239,0.5969102382659912,0.5520024299621582,-1.1490726470947266,-2.159663438796997,-1.863970398902893,-2.001612901687622,0.5683735013008118,-4.355915069580078
706,-8.288750648498535,8.280241012573242,0.23965385556221008,-3.8230490684509277,2.118710994720459,-2.714076519012451,-4.897997856140137,-4.687089443206787,-3.124180555343628,-4.201857089996338,-3.6382906436920166,-3.7111523151397705,-2.2565462589263916,2.7847888469696045,0.5073886513710022,-5.85284423828125,5.841489791870117,9.314641952514648,-4.976370334625244,-19.250778198242188,-0.023488158360123634,-0.000862400745972991,-15.591839790344238,-14.445873260498047,-3.5827524662017822,6.237513542175293,0.005772054195404053,-0.9520803689956665,0.5158064365386963,-0.6266816854476929,-1.1437221765518188,-2.5770912170410156,-0.4766843020915985,-0.7506299018859863,-3.7139415740966797,-3.361988067626953
707,-8.073816299438477,8.618871688842773,-0.8023280501365662,-3.0186617374420166,2.079658269882202,-4.840824127197266,-5.204591751098633,-3.834418773651123,4.846553802490234,5.38604736328125,-4.339935302734375,-3.7676422595977783,-2.6962060928344727,0.8520843982696533,-0.16475367546081543,-7.231198787689209,5.810750484466553,4.690487384796143,-7.519956111907959,-19.662662506103516,8.596447944641113,10.15942668914795,-15.646723747253418,-12.863540649414062,-3.2850899696350098,6.0719428062438965,-0.19948408007621765,-0.7546409368515015,0.522415816783905,-0.9304631948471069,-1.3855875730514526,-2.3861217498779297,2.1436927318573,3.587717294692993,-6.796158790588379,-2.298383951187134
708,-7.333505630493164,9.282453536987305,-0.41137027740478516,-3.2841572761535645,-0.02379518561065197,-4.36605978012085,-4.991407871246338,-2.502039670944214,2.883549928665161,2.2784769535064697,-4.465656757354736,-2.123668670654297,-0.8030936121940613,-1.0798020362854004,-0.4058188796043396,-8.311809539794922,1.865429401397705,1.7239214181900024,-10.226388931274414,-18.868337631225586,15.613143920898438,15.313945770263672,-15.657388687133789,-9.619739532470703,-2.367643356323242,5.117505073547363,-0.06864003837108612,-0.9158839583396912,-0.10268723219633102,-0.86067795753479,-1.4784122705459595,-1.250288486480713,6.358151912689209,7.73133659362793,-6.258935451507568,-0.7049356698989868
709,-4.7190632820129395,8.843066215515137,0.7268653512001038,-2.34871506690979,1.1999388933181763,-5.990115165710449,-4.386501789093018,1.955747127532959,2.0161449909210205,2.081613063812256,-4.290312767028809,8.86591625213623,0.4904099106788635,-0.800426721572876,1.0325523614883423,-8.227871894836426,1.2806556224822998,0.758407711982727,-12.898164749145508,-16.547697067260742,15.742753982543945,15.542242050170898,-15.693944931030273,12.174267768859863,-0.8921077847480774,2.7750084400177,0.1898186206817627,-0.5955013036727905,0.2991028130054474,-1.4673100709915161,-1.4762506484985352,0.5590565800666809,7.450058460235596,6.685476779937744,-5.572231292724609,2.915545701980591
710,2.094233989715576,-2.1969711780548096,2.4175808429718018,-0.4458274245262146,-3.6071908473968506,-8.34742546081543,-3.1326422691345215,15.784151077270508,2.0112059116363525,2.033454179763794,-4.520274639129639,4.11794900894165,2.871347188949585,-2.704867362976074,3.7552988529205322,-6.2332658767700195,-2.4777019023895264,-2.388033866882324,-14.917448997497559,-3.0657711029052734,15.694384574890137,3.6468513011932373,-15.583174705505371,15.677932739257812,0.7406669855117798,-0.9496312737464905,0.5988093018531799,-0.020313575863838196,-1.0036988258361816,-3.932997465133667,-1.134873390197754,3.1732592582702637,7.2098612785339355,5.742218494415283,-6.460525989532471,6.331906795501709
711,1.1583290100097656,0.7844428420066833,-4.632591724395752,1.5793675184249878,-5.0355544090271,-7.099123001098633,3.5704309940338135,13.050346374511719,2.0336453914642334,6.446882724761963,-4.778017997741699,4.407955169677734,5.382378101348877,-4.6335649490356445,4.7129340171813965,1.7190879583358765,-7.094551086425781,-9.99326229095459,-13.907328605651855,9.277608871459961,15.692611694335938,9.284478187561035,-15.630568504333496,15.695911407470703,0.2446494698524475,0.25693780183792114,-1.050053358078003,0.3997341990470886,-1.568312644958496,-5.057028770446777,0.7978588938713074,3.9650919437408447,6.934152126312256,5.862343788146973,-5.690971851348877,6.321372032165527
712,-5.481381893157959,4.183444976806641,-0.056862037628889084,0.5801765322685242,-6.127973556518555,-5.566988468170166,11.703405380249023,10.153875350952148,2.0354087352752686,3.9571213722229004,-3.967440366744995,4.339958190917969,6.1700639724731445,-3.2701914310455322,4.15463399887085,3.783928155899048,-7.7944111824035645,-13.204727172851562,-7.558756351470947,14.6338529586792,15.392942428588867,12.782259941101074,-15.64023208618164,15.651015281677246,-1.3293347358703613,0.9113796353340149,0.13755303621292114,0.09311552345752716,-3.092097759246826,-5.958841323852539,2.07155442237854,4.657562255859375,6.975939750671387,6.149843692779541,-4.5269083976745605,5.853921890258789
713,-6.527487277984619,4.385080814361572,0.4710305631160736,3.2266054153442383,-6.598114967346191,-4.920479774475098,13.896044731140137,9.070852279663086,5.690672397613525,2.9407660961151123,-3.8547284603118896,4.395948886871338,3.567909002304077,-3.8322808742523193,-0.8335683345794678,3.5767006874084473,-10.729291915893555,-15.039403915405273,0.4532889127731323,16.745656967163086,9.325003623962402,14.142130851745605,-15.698456764221191,15.697874069213867,-1.273941993713379,0.9151438474655151,0.13121691346168518,0.9185946583747864,-5.847788333892822,-7.095432758331299,3.036992073059082,6.049649238586426,7.291073799133301,6.335915565490723,-4.59628438949585,5.898967742919922
714,-5.502283096313477,4.3380537033081055,5.590099811553955,6.819056034088135,-5.396235466003418,-4.502172946929932,13.844437599182129,8.786232948303223,4.073788642883301,2.5840694904327393,-3.6631624698638916,4.4849982261657715,3.0315680503845215,-1.1729557514190674,0.1857546716928482,6.2861104011535645,-13.813797950744629,-15.735160827636719,9.902688980102539,17.444549560546875,12.643522262573242,14.717541694641113,-15.698514938354492,15.69433307647705,-1.0883476734161377,0.8477019667625427,1.3055992126464844,1.8784730434417725,-7.200529098510742,-7.894840240478516,4.557728290557861,6.784345626831055,7.496884346008301,6.531599998474121,-4.154006004333496,6.424357891082764
715,-2.756953001022339,3.28424334526062,8.419934272766113,6.757735252380371,-4.641451835632324,-4.287551403045654,9.851449012756348,9.083447456359863,2.904221534729004,2.337968111038208,-3.0434517860412598,4.4699602127075195,2.306731700897217,2.1955759525299072,5.341949462890625,9.101536750793457,-16.03507423400879,-16.248708724975586,18.02349090576172,17.219234466552734,14.90546703338623,15.376969337463379,-15.743780136108398,15.964522361755371,-0.41019654273986816,0.6747532486915588,2.1351914405822754,1.9996211528778076,-7.1525068283081055,-7.671140193939209,5.119413375854492,7.0560383796691895,7.916138172149658,6.043050765991211,-3.049058198928833,6.335073471069336
716,3.309436082839966,4.924595832824707,10.342967987060547,5.5606818199157715,-2.2240071296691895,-3.0330662727355957,5.2057600021362305,7.6148905754089355,2.0570313930511475,2.2570645809173584,-1.6994433403015137,4.241426467895508,3.889516830444336,7.332898139953613,14.237626075744629,12.208239555358887,-16.464797973632812,-16.013099670410156,20.972002029418945,16.642114639282227,15.669520378112793,15.120213508605957,-15.646275520324707,15.624441146850586,1.0335508584976196,1.5412763357162476,3.913982391357422,1.7093452215194702,-0.8736873865127563,-1.364726185798645,4.131199359893799,4.358094215393066,8.183798789978027,6.083604335784912,-1.3088840246200562,5.440081596374512
717,-1.2690417766571045,5.076005458831787,6.411031723022461,2.8744146823883057,10.377972602844238,9.900212287902832,3.803071975708008,2.7106008529663086,2.0289156436920166,3.283172369003296,-0.4143314063549042,3.928053140640259,6.3382134437561035,10.156201362609863,21.217422485351562,14.798267364501953,-11.453638076782227,-10.879294395446777,19.03495216369629,14.055526733398438,13.006927490234375,10.067709922790527,-15.378902435302734,15.60161304473877,-0.39960092306137085,2.2057881355285645,4.114283561706543,0.9480399489402771,6.2439398765563965,6.390517234802246,2.241724967956543,0.6394214630126953,6.91251802444458,5.34652853012085,-0.16096456348896027,4.463449954986572
718,-8.954407691955566,5.074965476989746,1.0545648336410522,-8.621138572692871,11.097758293151855,10.278227806091309,-4.250850200653076,-19.87494659423828,5.625196933746338,-6.661232948303223,8.05811882019043,3.6008176803588867,3.538723945617676,5.223891258239746,15.832880020141602,9.958283424377441,-4.30636739730835,0.9063895344734192,11.612586975097656,4.137531757354736,3.324786424636841,-12.145074844360352,8.659066200256348,15.634169578552246,-3.4887301921844482,1.8571594953536987,0.0774310827255249,-1.6958646774291992,8.94412612915039,8.10239028930664,-1.1159318685531616,-5.300589561462402,4.049620151519775,-8.015215873718262,2.1239964962005615,3.9521687030792236
719,-5.985579490661621,7.418155193328857,-11.437196731567383,-6.176966667175293,8.955987930297852,8.394818305969238,-0.11479327827692032,-11.475235939025879,-4.466741561889648,-2.70546555519104,3.89835262298584,3.8406665325164795,0.6803731918334961,-0.8300840258598328,1.9428178071975708,2.6834404468536377,2.561220407485962,2.591400384902954,6.764366149902344,-1.845593810081482,-10.06429386138916,-13.104532241821289,15.651970863342285,15.640339851379395,-1.3488785028457642,2.5944066047668457,-2.3791310787200928,-1.0007370710372925,8.07677173614502,6.957975387573242,0.08448582142591476,-2.2552192211151123,-10.112619400024414,-6.010974884033203,5.700066089630127,4.598001003265381
720,-7.035355091094971,9.557494163513184,-6.856350898742676,-3.818871021270752,8.236114501953125,8.423649787902832,1.5287859439849854,-5.85373592376709,-3.4342565536499023,-3.349658966064453,4.173345565795898,3.591099977493286,-3.405233383178711,-3.465165853500366,-6.649622440338135,-2.1126537322998047,3.123154640197754,2.408498764038086,5.026771545410156,-2.850682258605957,-12.143458366394043,-12.540175437927246,15.643574714660645,10.960354804992676,-2.2523162364959717,3.8497138023376465,-1.5359795093536377,-0.7188555002212524,6.760987758636475,7.178005218505859,0.4525138735771179,-1.1613283157348633,-6.960153579711914,-6.072035312652588,5.404332637786865,3.9783084392547607
721,-6.966205596923828,9.979145050048828,-4.289857387542725,0.05894358828663826,8.276595115661621,8.463032722473145,1.177087426185608,-3.512117624282837,-3.5111312866210938,-3.2882587909698486,4.178642272949219,15.220147132873535,-4.5578694343566895,-3.648808240890503,-10.018573760986328,-3.4893195629119873,3.221748113632202,3.1638941764831543,3.9561078548431396,-0.49369072914123535,-12.665740013122559,-13.35874080657959,15.664068222045898,0.0021041706204414368,-2.5481765270233154,3.809044361114502,-1.162184476852417,0.15793685615062714,6.505536079406738,6.771305561065674,0.25737982988357544,-0.588979959487915,-6.231455326080322,-6.444838523864746,5.301755428314209,3.548938035964966
722,-7.2444748878479,9.884005546569824,-2.53456449508667,2.731172561645508,8.153288841247559,8.178794860839844,2.3144571781158447,-2.7795608043670654,-3.2512741088867188,-3.089956521987915,4.22731351852417,12.684917449951172,-4.364807605743408,-2.7525906562805176,-10.253778457641602,-2.180321455001831,3.800240993499756,3.4447975158691406,3.979708433151245,-1.2846602201461792,-13.274704933166504,-13.308796882629395,15.664255142211914,1.408252865076065e-05,-3.104701042175293,3.8261237144470215,-0.6945351362228394,0.5932717323303223,5.596712589263916,6.028130054473877,0.5835291147232056,-0.5508235692977905,-6.161912441253662,-6.610373020172119,5.462250232696533,2.7039687633514404
723,-7.459249496459961,9.529388427734375,-1.6554596424102783,2.4299049377441406,7.866991996765137,8.011956214904785,2.3768978118896484,-0.6256478428840637,-3.0361669063568115,-2.9440720081329346,4.30549430847168,5.31170654296875,-4.891351699829102,-3.306474208831787,-11.950409889221191,-1.6443203687667847,3.798051595687866,3.6272284984588623,4.094441890716553,-1.8308228254318237,-13.626594543457031,-13.997807502746582,15.024772644042969,-0.0008743032813072205,-3.161898136138916,3.614724636077881,-0.4406422972679138,0.4590495228767395,4.441532135009766,5.303356170654297,0.5570006370544434,-0.046876661479473114,-6.474602699279785,-6.678916931152344,5.711754322052002,0.7887319326400757
724,-7.479594707489014,9.770975112915039,1.0131162405014038,1.4852869510650635,7.949334144592285,8.06601333618164,-2.6976006031036377,-0.2954901158809662,-2.8672266006469727,-2.823911190032959,4.454955101013184,-3.4222829341888428,-3.987104654312134,-2.091984272003174,-10.930907249450684,-0.9442254900932312,4.187117099761963,3.8066048622131348,1.566483736038208,2.828619956970215,-13.9515962600708,-14.4647855758667,15.59326457977295,-15.64846134185791,-3.3140358924865723,4.045747756958008,0.26875966787338257,0.24878625571727753,5.252840042114258,5.0949015617370605,-0.6950886845588684,-0.040218524634838104,-6.44543981552124,-7.1726484298706055,5.7997517585754395,-3.1369242668151855
725,-7.624476432800293,9.572748184204102,2.545539379119873,-0.5143824815750122,7.80401611328125,7.946362495422363,-3.8526241779327393,2.0711615085601807,-2.765200614929199,-2.3316736221313477,4.4388813972473145,-4.023365497589111,-3.64373779296875,-1.854868769645691,-9.647421836853027,-0.548458993434906,4.563039302825928,3.747866153717041,-1.0269203186035156,3.250739812850952,-14.265937805175781,-15.30127239227295,15.578140258789062,-15.680299758911133,-3.2540392875671387,3.922067403793335,0.4246332049369812,-0.1793220192193985,4.57120943069458,4.359100341796875,-0.8257843852043152,0.5600777864456177,-6.375463008880615,-6.699647903442383,5.834705829620361,-5.7758965492248535
726,-7.785755157470703,9.561929702758789,3.7575910091400146,-1.122616171836853,7.702925682067871,7.727351188659668,-3.474557876586914,-0.19866429269313812,-2.44881534576416,-2.1226353645324707,4.468351364135742,-4.287173271179199,-1.0618255138397217,0.6320085525512695,-6.329596996307373,1.773167610168457,4.527441501617432,4.779522895812988,-3.270979881286621,2.9218087196350098,-15.187846183776855,-15.581612586975098,15.628864288330078,-15.69939136505127,-3.441201686859131,4.314518928527832,0.624589741230011,-0.2509940266609192,4.6885247230529785,4.228213310241699,-0.7492699027061462,-0.13030540943145752,-6.272385120391846,-6.571516036987305,5.864878177642822,-5.773112773895264
727,-8.775568008422852,8.76842975616455,2.667022705078125,-3.593681573867798,7.786750793457031,7.35733699798584,-3.422931432723999,-4.19624137878418,-2.1330642700195312,-2.0571229457855225,4.281661510467529,-4.329843044281006,-0.632144570350647,1.097243070602417,-4.759252548217773,1.3946430683135986,4.353587627410889,6.624416351318359,-4.953896522521973,1.0653822422027588,-15.378157615661621,-15.60341739654541,15.557252883911133,-15.702107429504395,-3.9411203861236572,4.698967933654785,0.43084555864334106,-0.7710046768188477,4.872945785522461,4.217221736907959,-0.8113743662834167,-0.9371418952941895,-6.134886741638184,-6.267732620239258,5.647003650665283,-5.877865314483643
728,-8.76231575012207,8.833860397338867,1.6742366552352905,-3.6322526931762695,7.684109210968018,6.638855457305908,-2.8846943378448486,-4.447652339935303,-2.1399970054626465,-8.230212211608887,4.331027507781982,-4.373906135559082,-1.4966219663619995,0.27037501335144043,-1.824631690979004,-0.0007363855838775635,4.394268035888672,7.768591403961182,-4.657018661499023,-1.5389381647109985,-15.603302001953125,-0.02179788425564766,11.8497314453125,-16.153789520263672,-3.8255977630615234,5.027487277984619,0.2624456286430359,-0.7135320901870728,3.972186803817749,3.4525222778320312,-0.6956350207328796,-0.9241604804992676,-5.854896545410156,-5.728274345397949,5.461564540863037,-5.626201629638672
729,-8.375478744506836,9.205385208129883,-0.026860376819968224,-2.824557065963745,7.450526714324951,6.550060272216797,-4.453451633453369,-5.262303352355957,-2.0456435680389404,-9.10880184173584,4.560699462890625,-4.3622846603393555,-2.4545738697052,-0.37606143951416016,-2.14092755317688,-1.773518681526184,5.8260297775268555,8.147920608520508,-7.241865634918213,-4.895056247711182,-15.641816139221191,-0.031334999948740005,15.288721084594727,-15.556412696838379,-3.822296380996704,5.753470420837402,-0.06263953447341919,-0.561661958694458,3.5669353008270264,3.518540859222412,-1.2392594814300537,-1.2587921619415283,-5.609237194061279,-4.825559139251709,5.109447956085205,-5.571172714233398
730,-7.97947883605957,9.09521770477295,-0.8316139578819275,-1.1010640859603882,6.169600009918213,5.993264198303223,-2.2383387088775635,-4.1389360427856445,-9.19871711730957,-9.087782859802246,4.282543182373047,-4.414536952972412,-2.259103298187256,0.40019649267196655,-1.7939521074295044,-2.116835355758667,6.456628322601318,9.366045951843262,-3.4412498474121094,-8.056148529052734,-0.008518900722265244,-0.03840169683098793,0.07335567474365234,-15.486428260803223,-3.5376617908477783,6.001287460327148,-0.21320503950119019,-0.1684216409921646,2.6658854484558105,2.7805893421173096,-0.5045801401138306,-1.0470001697540283,-5.23717737197876,-4.396045207977295,5.107424259185791,-5.140659809112549
731,-8.159814834594727,8.851762771606445,4.138304233551025,-4.732866287231445,6.243249416351318,4.629681587219238,-7.1041154861450195,-6.364516258239746,-8.26974105834961,-8.344409942626953,1.0932691097259521,-4.199732780456543,-1.6855422258377075,1.9614639282226562,-0.5285770297050476,-3.2644712924957275,7.1602067947387695,10.809415817260742,-5.876031875610352,-12.47082805633545,0.030338428914546967,-0.01946011558175087,0.025925926864147186,-15.683490753173828,-3.260397434234619,5.3463544845581055,0.994189977645874,-1.2107470035552979,2.4575181007385254,1.6673144102096558,-1.9903440475463867,-2.2498984336853027,-2.5034375190734863,-2.610583782196045,-0.4537312984466553,-5.304028511047363
732,-8.381905555725098,8.556163787841797,1.5115811824798584,-3.5137484073638916,4.291720867156982,2.20048189163208,-4.1385722160339355,-5.213351249694824,-6.410861015319824,-6.334185600280762,-2.9370477199554443,-3.867347478866577,-2.6437911987304688,2.7285966873168945,0.3097323179244995,-5.524314880371094,7.4313063621521,11.664816856384277,-2.8620705604553223,-16.60365104675293,-0.014720037579536438,0.0022784732282161713,-15.573250770568848,-15.50174331665039,-3.3918046951293945,5.613077163696289,0.21162313222885132,-0.7916684746742249,1.126680850982666,0.5888746976852417,-0.7363851070404053,-2.2049670219421387,-1.4507553577423096,-1.4140087366104126,-3.9277584552764893,-4.39569091796875
733,-8.019515991210938,8.367888450622559,0.6326211094856262,-3.8827767372131348,2.8923535346984863,-3.8880882263183594,-5.597290992736816,-4.523292541503906,0.5716326236724854,2.3653695583343506,-4.432878017425537,-4.1278510093688965,-2.559699535369873,2.4507815837860107,0.1989641636610031,-7.450178146362305,6.3434882164001465,8.37960147857666,-5.623011112213135,-19.44316864013672,0.6619440317153931,2.7999534606933594,-15.629704475402832,-14.321089744567871,-3.2286269664764404,6.2243123054504395,0.09396332502365112,-1.0404679775238037,0.7104451656341553,-0.8808685541152954,-1.4237194061279297,-2.7073709964752197,0.38580647110939026,0.8649480938911438,-6.922243118286133,-3.6411378383636475
734,-7.690546989440918,8.572296142578125,0.19431881606578827,-3.707271099090576,3.0826609134674072,-2.522587776184082,-5.2389607429504395,-3.7240121364593506,5.232220649719238,4.561543941497803,-4.53378438949585,-3.7838168144226074,-2.6988465785980225,1.717408299446106,0.17917980253696442,-8.650449752807617,6.578214645385742,5.6245198249816895,-8.349803924560547,-19.317306518554688,11.901004791259766,13.84867000579834,-15.66030216217041,-12.731770515441895,-2.8022518157958984,6.2031683921813965,0.022218957543373108,-1.0343800783157349,0.8513365983963013,-0.3838634788990021,-1.4174525737762451,-2.2080233097076416,4.031600475311279,6.296601295471191,-6.441387176513672,-2.21763277053833
735,-6.740045070648193,9.098465919494629,-0.12451013177633286,-3.7292656898498535,0.5731236338615417,-5.23231315612793,-4.5395612716674805,-2.261333703994751,2.0764405727386475,2.0252315998077393,-4.459505558013916,-2.1667251586914062,-0.946910560131073,-0.7322434186935425,0.23792903125286102,-9.634615898132324,2.3456056118011475,1.7363600730895996,-11.178971290588379,-18.304454803466797,15.669778823852539,15.359611511230469,-15.668888092041016,-9.631184577941895,-1.731414556503296,4.918451309204102,-0.036919087171554565,-1.0978692770004272,0.00864381343126297,-1.1910274028778076,-1.3788567781448364,-1.0442636013031006,6.886888027191162,7.8790178298950195,-6.203178882598877,-0.7231897115707397
736,-1.5782825946807861,8.114415168762207,1.1758720874786377,-2.852705717086792,1.7686370611190796,-5.824151515960693,-3.468782424926758,4.354372978210449,1.8916465044021606,2.0757694244384766,-4.275678634643555,9.216497421264648,0.11528011411428452,0.23050713539123535,2.7628369331359863,-8.98840618133545,2.3622753620147705,0.6444014310836792,-13.283256530761719,-14.459922790527344,15.695762634277344,15.571640014648438,-15.675944328308105,13.3383150100708,-0.1102103516459465,2.239786148071289,0.2975718379020691,-0.7749358415603638,0.434241384267807,-1.3595974445343018,-1.1752989292144775,0.9064812064170837,7.5013747215271,6.38942813873291,-5.458203315734863,3.2821829319000244
737,4.335475444793701,-3.9966013431549072,1.5900415182113647,-0.6945993900299072,-3.6871981620788574,-7.972814559936523,-2.198608636856079,16.040874481201172,2.0119926929473877,9.960570335388184,-4.596500396728516,4.194124221801758,4.113243579864502,-3.9058544635772705,5.529757976531982,-6.467484951019287,-1.7217838764190674,-6.326490879058838,-14.979575157165527,-0.6516249179840088,15.691827774047852,6.083080291748047,-15.605733871459961,15.662871360778809,1.3702938556671143,-1.5414339303970337,0.39396315813064575,-0.07048378884792328,-1.026869535446167,-3.8965766429901123,-0.7714061141014099,3.440765380859375,7.097287654876709,5.570866584777832,-6.559706687927246,6.461453437805176
738,2.7598063945770264,3.0710854530334473,-5.082157611846924,-0.4041779637336731,-6.100265979766846,-6.107609272003174,5.371009349822998,12.902435302734375,2.015873670578003,4.917548179626465,-4.188050746917725,4.374650001525879,6.54411506652832,-4.717747211456299,4.234879970550537,-3.7292914390563965,-7.458641052246094,-11.646364212036133,-12.587289810180664,10.035198211669922,15.69092082977295,11.438861846923828,-15.651362419128418,15.681371688842773,0.6547242999076843,0.8336727023124695,-1.1175165176391602,-0.07900550961494446,-2.35740327835083,-4.0093584060668945,1.041076421737671,4.096708297729492,6.693650245666504,5.76807165145874,-5.0619425773620605,6.1271467208862305
739,-6.425555229187012,3.338724374771118,1.6301915645599365,3.3629672527313232,-5.66323709487915,-5.157978534698486,11.776357650756836,9.836791038513184,2.0180702209472656,3.242635726928711,-3.935713291168213,4.383579254150391,4.763326644897461,-1.9379539489746094,4.906346797943115,0.9746498465538025,-11.410807609558105,-14.306361198425293,-5.398744583129883,15.37592887878418,15.689831733703613,14.229774475097656,-15.691155433654785,15.653884887695312,-1.8322960138320923,0.6371744275093079,0.6245474219322205,0.7928162217140198,-2.983713388442993,-5.621171951293945,2.1468026638031006,4.740015983581543,6.856559753417969,6.142502307891846,-4.650020122528076,5.879304885864258
740,-4.73364782333374,2.2178285121917725,0.43631356954574585,6.429410934448242,-6.0173115730285645,-4.576476097106934,14.120762825012207,8.939791679382324,2.112830400466919,2.2324411869049072,-3.9934234619140625,4.4157280921936035,2.9251537322998047,-2.877349615097046,-0.19835615158081055,3.2663588523864746,-10.688068389892578,-16.587247848510742,3.102694511413574,16.955976486206055,15.406679153442383,14.941123962402344,-15.7015380859375,15.633978843688965,-0.7499274015426636,0.4193670153617859,0.05295928567647934,1.7196252346038818,-4.991467475891113,-7.4090800285339355,3.501448392868042,6.759931564331055,7.52934455871582,6.136503219604492,-4.82505464553833,6.107814788818359
741,-4.193521499633789,4.3032965660095215,4.426183700561523,6.909759044647217,-5.770255088806152,-4.117028713226318,11.884618759155273,9.104217529296875,4.6603193283081055,2.1400322914123535,-3.5782556533813477,4.471424579620361,3.1726183891296387,0.6680461764335632,0.9300921559333801,6.291107177734375,-13.095462799072266,-16.592817306518555,12.639588356018066,17.46820068359375,11.998119354248047,15.360566139221191,-15.697173118591309,15.689374923706055,-0.8131609559059143,0.9933380484580994,1.0471608638763428,1.7522928714752197,-7.938242435455322,-7.391026496887207,4.17665958404541,7.697675704956055,7.602004051208496,6.714788913726807,-3.9462807178497314,6.335063934326172
742,-0.42695048451423645,1.3110960721969604,9.495813369750977,7.507567405700684,-4.745235443115234,-4.016358852386475,8.122222900390625,9.107297897338867,2.7071950435638428,2.127527952194214,-2.766847610473633,4.383455276489258,5.216557025909424,4.779237747192383,8.36581039428711,10.581823348999023,-15.562758445739746,-17.663379669189453,19.551532745361328,16.70166015625,15.551621437072754,15.539344787597656,-15.666942596435547,15.690532684326172,0.056567318737506866,0.18419329822063446,2.7380781173706055,2.347649097442627,-6.068110942840576,-5.977425575256348,4.808578968048096,6.774744987487793,7.999927043914795,6.175469398498535,-2.6287453174591064,5.9265594482421875
743,0.6783183813095093,4.567883491516113,9.081923484802246,5.488900184631348,5.86961030960083,9.585173606872559,5.024601936340332,7.9745635986328125,2.120182752609253,2.651201009750366,-1.5056556463241577,4.145421981811523,9.068007469177246,9.022727966308594,17.93070411682129,14.759064674377441,-12.992316246032715,-13.36398696899414,19.765459060668945,15.329978942871094,14.063716888427734,11.18531322479248,-15.679306983947754,15.651030540466309,0.22554755210876465,1.806453824043274,4.524851322174072,1.99462890625,1.582211971282959,4.520066261291504,3.3838939666748047,3.983739137649536,7.641636371612549,6.5542826652526855,-1.1824277639389038,5.0138702392578125
744,-9.673921585083008,5.516262531280518,4.283232688903809,-3.116023063659668,11.026257514953613,10.836878776550293,1.660542607307434,-4.920765399932861,4.846726417541504,-6.768670082092285,-0.8148779273033142,3.790239095687866,7.9716267585754395,5.832826137542725,18.088043212890625,12.487078666687012,-6.060976505279541,-0.8333446383476257,15.960491180419922,10.625351905822754,5.063019752502441,-10.128453254699707,-0.015664266422390938,15.604158401489258,-4.121712684631348,2.451641798019409,2.0820462703704834,-0.8771012425422668,7.546960353851318,9.082935333251953,0.42488569021224976,-1.5095248222351074,6.072180271148682,-3.310638666152954,0.06838838756084442,4.354504585266113
745,-9.562829971313477,7.63175106048584,-9.7332763671875,-7.89888334274292,9.382451057434082,8.86850357055664,-3.1998565196990967,-15.467254638671875,-4.663025856018066,-2.983384132385254,6.106381893157959,3.8818624019622803,2.1330928802490234,0.37676483392715454,6.133574485778809,5.131971836090088,2.4013586044311523,1.45700204372406,9.280866622924805,2.23022723197937,-12.36563491821289,-13.0531005859375,15.63491153717041,15.614502906799316,-3.2287919521331787,3.444470167160034,-2.154649257659912,-1.3979637622833252,7.39064884185791,7.208017349243164,-0.6921932101249695,-3.400810956954956,-10.248071670532227,-7.492892265319824,5.5257439613342285,4.69044828414917
746,-8.218178749084473,8.993348121643066,-8.325874328613281,-6.256035327911377,8.403778076171875,8.821966171264648,1.662615180015564,-8.777191162109375,-4.330439567565918,-3.6427738666534424,4.112588405609131,3.6862502098083496,-1.7773311138153076,-1.7317601442337036,-3.917999505996704,-1.2349720001220703,3.0413591861724854,1.3745142221450806,7.6476521492004395,-0.9490096569061279,-12.237459182739258,-12.551140785217285,15.649381637573242,15.640685081481934,-2.342177391052246,4.144759178161621,-1.7339348793029785,-1.2024438381195068,6.208076477050781,7.256440162658691,0.642461895942688,-1.6105997562408447,-7.300975322723389,-6.00193977355957,5.461190700531006,4.207079887390137
747,-7.340238571166992,9.791797637939453,-5.390288829803467,-2.154214382171631,8.294602394104004,8.597811698913574,0.8907203078269958,-5.646407604217529,-3.483947277069092,-3.1631457805633545,4.235986709594727,3.3620376586914062,-3.7426981925964355,-2.9980900287628174,-9.396881103515625,-4.499393463134766,3.3092916011810303,2.3198533058166504,5.648984909057617,1.621276617050171,-12.954045295715332,-13.309535026550293,15.59708023071289,0.0015935897827148438,-2.6390719413757324,3.754382371902466,-1.4216055870056152,-0.34208524227142334,5.498438358306885,7.568023204803467,0.18383567035198212,-1.1458749771118164,-6.772278308868408,-6.313255310058594,5.481330871582031,3.5166451930999756
748,-7.432336330413818,9.873880386352539,-3.5830204486846924,1.4427192211151123,8.046445846557617,8.540872573852539,0.9643619656562805,-3.0403573513031006,-3.1801295280456543,-3.1721785068511963,4.284297466278076,4.614291667938232,-4.333118915557861,-2.9647607803344727,-11.553674697875977,-4.501269340515137,4.060375690460205,2.855635404586792,4.229257583618164,0.5487016439437866,-13.370360374450684,-13.643362998962402,15.662551879882812,0.0005570607609115541,-3.225801467895508,3.743976354598999,-1.0756638050079346,0.3886502981185913,4.71483850479126,6.987759590148926,0.23068271577358246,-0.47001421451568604,-6.270654201507568,-6.530309677124023,5.624144077301025,0.5206842422485352
749,-7.583653926849365,9.602349281311035,-2.038095235824585,2.985560178756714,7.5805864334106445,8.278146743774414,1.6309267282485962,-0.38046619296073914,-3.00219988822937,-2.9718427658081055,4.3581223487854,-3.170718193054199,-4.153831958770752,-2.455531120300293,-12.006288528442383,-3.726975679397583,4.610538959503174,3.454768419265747,3.6515462398529053,2.873497247695923,-13.704550743103027,-14.066347122192383,15.17572021484375,-8.221537590026855,-3.4783120155334473,3.4458651542663574,-0.5751476287841797,0.5849657654762268,3.5123701095581055,6.1266584396362305,0.4032176733016968,0.02398420125246048,-6.463852405548096,-6.642594337463379,5.857450008392334,-0.9975453615188599
750,-7.605226039886475,9.56320858001709,-0.8796012997627258,1.6409404277801514,7.098840236663818,8.184903144836426,0.37779125571250916,1.4870996475219727,-2.8534352779388428,-2.753044843673706,4.459747314453125,-3.746224880218506,-4.399153232574463,-2.4672751426696777,-12.962946891784668,-3.775949239730835,4.656761646270752,3.5347096920013428,2.4169511795043945,5.46584939956665,-14.010926246643066,-14.244901657104492,15.624152183532715,-15.695470809936523,-3.633450508117676,3.383690357208252,-0.24172472953796387,0.24449406564235687,2.6509313583374023,5.494393348693848,0.028494466096162796,0.4441409707069397,-6.581822395324707,-6.697871685028076,6.0682244300842285,-5.799469470977783
751,-7.757068157196045,9.5706787109375,2.2390201091766357,1.176348328590393,7.272714614868164,8.037586212158203,-1.7911748886108398,-0.9488909244537354,-2.729170799255371,-2.3874526023864746,4.451961517333984,-4.358891487121582,-3.8996024131774902,-2.0805649757385254,-11.588516235351562,-2.832681179046631,5.05003547668457,3.393787145614624,0.5590998530387878,5.062563896179199,-14.266356468200684,-15.224472999572754,15.585123062133789,-15.685470581054688,-4.110901832580566,3.779761791229248,0.4373320937156677,0.19687388837337494,3.2657032012939453,5.219366550445557,-0.4234660863876343,-0.2606276869773865,-6.440927505493164,-6.634982109069824,5.987537384033203,-6.2510199546813965
752,-8.01103401184082,9.509058952331543,3.430500030517578,0.5775882601737976,7.077753067016602,7.9317426681518555,-2.1728110313415527,-2.3696699142456055,-2.6150903701782227,-2.143784999847412,4.495924472808838,-4.455000877380371,-3.862147569656372,-2.447439670562744,-3.981621503829956,-2.309335470199585,4.851730823516846,4.383174419403076,0.2999109625816345,3.7416226863861084,-14.521915435791016,-15.406458854675293,15.363515853881836,-15.713765144348145,-4.30694580078125,3.9358506202697754,0.5477584004402161,0.0875948816537857,3.0021512508392334,5.0857977867126465,-0.45878785848617554,-0.4611494541168213,-6.421275615692139,-6.464913845062256,6.0008111000061035,-6.268085956573486
753,-8.002739906311035,9.723628997802734,0.20989516377449036,0.4396341145038605,7.318643569946289,7.526162624359131,-6.270644664764404,-5.296318054199219,-2.5034825801849365,-2.080524444580078,4.749363422393799,-4.489488124847412,-3.296285390853882,-1.7538628578186035,-2.386047124862671,-1.177108645439148,5.859024524688721,6.517812728881836,-2.719817876815796,1.0406872034072876,-14.743728637695312,-15.556280136108398,15.162203788757324,-15.57759952545166,-4.140317916870117,5.183174133300781,-0.051483213901519775,0.07869039475917816,3.7864208221435547,5.075639724731445,-1.5195379257202148,-1.1046617031097412,-6.103433132171631,-6.485437393188477,5.723283290863037,-5.922164440155029
754,-8.054224967956543,9.672118186950684,-0.6693993806838989,1.0385944843292236,6.284565448760986,6.886770725250244,-2.4846789836883545,-3.613100528717041,-2.448657989501953,-9.247331619262695,4.791749954223633,-4.329742908477783,-3.123063325881958,-1.005403757095337,-0.9706200361251831,0.04799680411815643,6.510429382324219,7.537786483764648,-3.9371345043182373,-1.4014753103256226,-14.953778266906738,-0.01334301382303238,15.280159950256348,-15.595856666564941,-3.959768533706665,5.461358070373535,-0.17510974407196045,0.22745747864246368,2.218067169189453,4.096805572509766,-0.4192677140235901,-0.681978166103363,-5.833524227142334,-5.882133960723877,5.6642537117004395,-5.444857597351074
755,-8.477514266967773,9.130465507507324,-1.6103044748306274,0.5926525592803955,5.540670871734619,6.610446929931641,-2.156496286392212,-3.2214057445526123,-2.2508294582366943,-9.158751487731934,4.6110920906066895,-4.678447723388672,-1.5998470783233643,0.9010356664657593,-0.640836238861084,2.400758743286133,6.407586097717285,8.206620216369629,-5.302951335906982,-4.308627605438232,-15.140259742736816,-0.028848156332969666,15.235739707946777,-15.592005729675293,-3.8827266693115234,5.5811052322387695,-0.3657810688018799,0.11118023097515106,1.7554163932800293,3.548408269882202,-0.5054550170898438,-0.7191575765609741,-5.716195583343506,-5.121735572814941,5.480681896209717,-5.500028610229492
756,-8.489839553833008,8.951200485229492,-0.81268709897995,-1.801716923713684,5.715165615081787,6.1351189613342285,-3.6697728633880615,-5.5152106285095215,-9.226727485656738,-9.100974082946777,4.611627578735352,-4.218681812286377,-1.5811073780059814,1.0019198656082153,-1.1588537693023682,1.9200291633605957,6.617739677429199,9.239283561706543,-6.663516998291016,-8.19119930267334,-0.0006673947209492326,-0.038452766835689545,15.308453559875488,-15.573055267333984,-4.206367492675781,6.216718673706055,-0.1368533968925476,-0.4253609776496887,2.151984691619873,2.9387850761413574,-1.002289891242981,-1.5671839714050293,-5.575268268585205,-4.714907646179199,5.170825958251953,-5.106439113616943
757,-8.109471321105957,9.01041316986084,2.7418437004089355,-4.637324333190918,5.728419780731201,4.798504829406738,-7.0117106437683105,-5.7960686683654785,-8.931087493896484,-8.892553329467773,17.22355079650879,-4.235750198364258,-2.5446271896362305,1.3865675926208496,-0.22774896025657654,0.0034592151641845703,8.375679016113281,10.375125885009766,-4.177635192871094,-12.516905784606934,-0.026045233011245728,-0.021074574440717697,0.06714116036891937,-15.5142822265625,-3.4701476097106934,5.945721626281738,0.6766574382781982,-1.0284494161605835,2.182950019836426,1.7401155233383179,-1.7485315799713135,-1.9505012035369873,-3.614140272140503,-3.5287587642669678,4.28377628326416,-4.951550006866455
758,-8.275410652160645,8.599874496459961,3.636878490447998,-4.254162311553955,2.520592451095581,3.186744451522827,-7.917287349700928,-5.426132678985596,-8.07093334197998,-8.12752628326416,8.164144515991211,-3.947669744491577,-2.2744812965393066,2.880288600921631,0.8308779001235962,-1.7799460887908936,8.08233642578125,11.474066734313965,-7.038502216339111,-16.684429168701172,-0.026224523782730103,-0.003639696165919304,0.05491253733634949,-15.5377836227417,-4.101895332336426,5.844742774963379,0.7783207893371582,-0.8805163502693176,0.556286096572876,1.0025920867919922,-2.1623685359954834,-2.3662922382354736,-2.3604390621185303,-2.412198305130005,1.325908899307251,-4.418675422668457
759,-8.343664169311523,8.225536346435547,1.3796303272247314,-4.4471435546875,0.2283349186182022,-1.0117542743682861,-5.923802852630615,-4.639851093292236,-5.344937801361084,-5.3964457511901855,-4.210414886474609,-3.8622117042541504,-2.3792107105255127,3.2862977981567383,0.8194903135299683,-4.456704139709473,6.129855155944824,10.235361099243164,-7.746294975280762,-19.722259521484375,-0.02697030082345009,-0.0015661455690860748,-5.206976413726807,-14.390726089477539,-3.969426393508911,6.347469806671143,0.19818884134292603,-1.0266506671905518,-0.061686865985393524,-0.37028583884239197,-1.6363611221313477,-2.7984530925750732,-1.0718917846679688,-1.0840874910354614,-1.3481258153915405,-3.4370791912078857
760,-8.021437644958496,8.579179763793945,-0.6362012028694153,-3.4126811027526855,0.32220229506492615,-5.616377353668213,-5.493973731994629,-3.9719526767730713,2.713315486907959,4.443212509155273,-3.947643518447876,-3.756619691848755,-2.8510916233062744,0.6970479488372803,0.3298238515853882,-6.366358757019043,4.946407318115234,4.742218971252441,-6.968588352203369,-19.91989517211914,3.5924596786499023,7.670803070068359,-15.63901424407959,-12.828781127929688,-3.3599495887756348,6.353263854980469,-0.20209500193595886,-0.8159410953521729,0.08218760043382645,-1.1763100624084473,-1.336338758468628,-2.5805282592773438,0.9454631209373474,1.8676198720932007,-6.268261432647705,-2.2607429027557373
761,-7.469529628753662,9.332907676696777,-0.11808329820632935,-3.1880667209625244,0.21053948998451233,-3.7498717308044434,-5.380705833435059,-2.8326892852783203,4.382251739501953,3.02476167678833,-4.4381608963012695,-2.192830801010132,-2.8661553859710693,-1.0922023057937622,0.1884891390800476,-7.491661071777344,4.124536991119385,1.9266756772994995,-9.573131561279297,-19.048433303833008,13.997403144836426,15.403218269348145,-15.654436111450195,-9.73555850982666,-2.57553768157959,5.462761878967285,-0.004270091652870178,-0.8340663313865662,0.0443575456738472,-0.6711504459381104,-1.5625717639923096,-1.4945800304412842,5.412484645843506,7.443408012390137,-6.3784003257751465,-0.7493577003479004
762,-4.663204193115234,9.234612464904785,-0.125889390707016,-2.549499034881592,-1.3173705339431763,-6.154282093048096,-4.619251251220703,-0.08444757759571075,2.0038440227508545,2.116980791091919,-4.337583541870117,8.183255195617676,-0.3126494884490967,-1.1257299184799194,0.9748010635375977,-8.114282608032227,1.137522578239441,0.9433342814445496,-12.27304744720459,-17.66750144958496,15.301071166992188,15.435763359069824,-15.661759376525879,9.520808219909668,-0.8966315388679504,3.428515672683716,-0.024952083826065063,-0.6524227857589722,-0.3079565465450287,-1.5705467462539673,-1.4918538331985474,0.25417041778564453,7.012750148773193,7.253549098968506,-5.734215259552002,2.363410234451294
763,2.9692869186401367,-0.05012580007314682,2.340480089187622,-1.3833038806915283,-3.275190591812134,-8.462355613708496,-3.673539638519287,14.552092552185059,2.012657403945923,2.026007652282715,-4.445740222930908,4.04954195022583,3.4508728981018066,-1.5596389770507812,4.1359124183654785,-6.382081985473633,-2.341433525085449,-2.4577648639678955,-14.373492240905762,-4.744121551513672,15.700005531311035,-1.6319360733032227,-15.571606636047363,15.667167663574219,1.0123995542526245,-0.35498708486557007,0.6127985119819641,-0.31185394525527954,-0.7823940515518188,-3.6179215908050537,-1.327862024307251,2.808108329772949,7.011411190032959,5.951994895935059,-6.32742977142334,6.284324645996094
764,1.4636094570159912,2.030094623565674,-4.898070335388184,0.6539424657821655,-4.812238693237305,-7.36644983291626,1.2396517992019653,13.570930480957031,2.0149691104888916,7.098458290100098,-4.452413558959961,4.462081432342529,5.157550811767578,-4.92896032333374,3.7068676948547363,-3.21323299407959,-7.2975006103515625,-8.43990421295166,-14.24537181854248,7.680818557739258,15.691893577575684,7.621869087219238,-15.627613067626953,15.691368103027344,0.29516321420669556,0.44069498777389526,-1.1359472274780273,0.2049456089735031,-1.505089282989502,-4.500677585601807,0.4515689015388489,3.708871364593506,6.833970546722412,5.721985340118408,-5.886425495147705,6.409431457519531
765,-3.6260111331939697,3.1362571716308594,0.7717862129211426,2.197183132171631,-5.6532511711120605,-5.923986434936523,11.705971717834473,10.12594223022461,2.033364772796631,4.6177496910095215,-4.001143932342529,4.3411173820495605,6.681352615356445,-3.7525293827056885,4.943253517150879,1.2323639392852783,-8.369757652282715,-12.499343872070312,-8.652050018310547,14.14455795288086,15.38529109954834,12.037248611450195,-15.648002624511719,15.670804977416992,-0.8352330923080444,0.5974637866020203,0.37769466638565063,0.48843449354171753,-2.4662904739379883,-5.681795120239258,2.097884178161621,4.24180269241333,6.858193874359131,6.206014633178711,-4.618466377258301,5.831610679626465
766,-5.610096454620361,3.9591143131256104,-1.3538365364074707,3.035693407058716,-6.277132034301758,-5.005941390991211,12.97188663482666,8.938552856445312,5.311178684234619,3.0840609073638916,-3.9351963996887207,4.387599945068359,7.082691669464111,-1.4942965507507324,3.660412549972534,4.293600082397461,-10.750809669494629,-14.71376895904541,-1.0011616945266724,17.057798385620117,10.26284408569336,14.331052780151367,-15.68472671508789,15.665949821472168,-1.085402250289917,0.8146365284919739,-0.31409600377082825,0.7268990874290466,-4.9607462882995605,-6.8634209632873535,2.575789451599121,5.633601188659668,7.143820762634277,6.267813205718994,-4.7603960037231445,5.8968610763549805
767,-6.1480560302734375,4.399421691894531,2.798849582672119,7.074348449707031,-5.508306980133057,-4.4177069664001465,14.122804641723633,8.825943946838379,4.132376670837402,2.413433074951172,-3.773423910140991,4.43581485748291,3.3342490196228027,-2.05643367767334,-0.5964961051940918,5.062860012054443,-13.50040054321289,-15.78199577331543,6.827629089355469,17.48491859436035,12.391643524169922,14.769843101501465,-15.686284065246582,15.675436973571777,-1.320635199546814,0.8519808650016785,0.7099329829216003,1.9036061763763428,-6.78687047958374,-7.594514846801758,3.9483180046081543,6.7510552406311035,7.3837409019470215,6.332719802856445,-4.394197463989258,6.161419868469238
768,-3.9696240425109863,3.666945219039917,6.989741325378418,7.0954270362854,-4.7172698974609375,-4.347848415374756,11.375947952270508,9.016066551208496,3.0011374950408936,2.408792734146118,-3.4065754413604736,4.479976177215576,3.4651730060577393,1.3858219385147095,3.1407229900360107,8.332934379577637,-15.674159049987793,-16.30280876159668,15.026529312133789,17.204566955566406,14.396627426147461,15.032759666442871,-15.696939468383789,15.698481559753418,-0.6674495935440063,0.7524210810661316,1.6756625175476074,1.9732656478881836,-7.603875160217285,-7.874879360198975,5.0426554679870605,7.332231521606445,7.783236026763916,6.302924633026123,-3.6509029865264893,6.385095596313477
769,0.570430338382721,3.8358590602874756,10.4683198928833,6.570332050323486,-4.0948262214660645,-4.260557651519775,6.566704273223877,8.283269882202148,2.019075632095337,2.138341188430786,-2.3984789848327637,4.602055549621582,3.179297924041748,6.416191577911377,11.124361991882324,11.477441787719727,-16.898181915283203,-16.50178337097168,20.838428497314453,17.234403610229492,15.652894020080566,15.702547073364258,-15.640104293823242,15.618886947631836,0.28244709968566895,0.9908537864685059,3.2640819549560547,2.007878541946411,-3.8965535163879395,-4.3749189376831055,4.821513652801514,5.833952903747559,8.262347221374512,6.0502471923828125,-2.0794382095336914,5.6760454177856445
770,2.2245187759399414,4.491518020629883,7.798793792724609,3.8787615299224854,9.215217590332031,9.324769020080566,4.289401054382324,5.517935752868652,2.0261621475219727,2.8786277770996094,-1.075089693069458,4.0138678550720215,6.6429548263549805,10.284364700317383,19.681617736816406,14.83134651184082,-13.118900299072266,-11.98662281036377,20.041973114013672,15.244783401489258,15.661785125732422,11.123636245727539,-15.644217491149902,15.622434616088867,0.6282943487167358,1.7361384630203247,4.289846897125244,1.3187085390090942,3.683030605316162,4.634747505187988,2.912374973297119,2.2337405681610107,7.355443477630615,6.019805431365967,-0.7688590884208679,4.58425235748291
771,-8.52475357055664,5.021267890930176,1.7545089721679688,-6.927504062652588,11.348094940185547,10.521903038024902,-1.524935245513916,-16.391887664794922,4.81350040435791,-7.056831359863281,4.855719566345215,3.6780359745025635,4.751816749572754,6.662373065948486,18.062410354614258,11.130924224853516,-5.437340259552002,0.17306944727897644,14.617734909057617,6.783682346343994,4.856661796569824,-11.530355453491211,-6.809676170349121,15.497954368591309,-3.5995357036590576,2.083411455154419,0.6301509737968445,-1.4343512058258057,8.188007354736328,8.079401016235352,-0.7602306008338928,-4.029974460601807,5.479327201843262,-6.6358232498168945,0.9003782868385315,3.9861576557159424
772,-6.522068977355957,7.014533519744873,-11.219449996948242,-6.59455680847168,9.205399513244629,8.539101600646973,-2.9542524814605713,-14.597009658813477,-4.8841142654418945,-2.740866184234619,5.623824596405029,3.7945308685302734,1.656434416770935,0.3281335234642029,3.029564619064331,4.036583423614502,2.568727970123291,2.3460516929626465,7.6186957359313965,-0.9641610980033875,-10.216377258300781,-13.349766731262207,15.680182456970215,15.642117500305176,-1.4873628616333008,2.50152587890625,-2.3438503742218018,-1.0850632190704346,7.931337833404541,6.707352638244629,-0.47443723678588867,-3.166337251663208,-10.57474422454834,-6.463804244995117,5.752485752105713,4.406402587890625
773,-7.181960582733154,9.343794822692871,-7.493175983428955,-4.981248378753662,8.263968467712402,8.46791934967041,1.481103777885437,-6.242701053619385,-3.457294464111328,-3.2663040161132812,4.172867774963379,3.5355031490325928,-3.0304837226867676,-3.1353888511657715,-6.841314792633057,-1.5671786069869995,3.064406394958496,2.360257387161255,5.395418167114258,-3.851952314376831,-12.276472091674805,-12.651562690734863,15.660079002380371,15.661613464355469,-2.1848058700561523,3.888094186782837,-1.7105491161346436,-0.9651923775672913,5.954465389251709,7.357855796813965,0.5260053873062134,-1.1429784297943115,-7.153822422027588,-6.0528974533081055,5.492985248565674,3.886413097381592
774,-7.169126510620117,9.922025680541992,-4.2906951904296875,-0.37104785442352295,8.265373229980469,8.505690574645996,1.1969958543777466,-4.145968437194824,-3.414350748062134,-3.2806804180145264,4.245467662811279,12.230463027954102,-4.121173858642578,-3.3256869316101074,-10.33780288696289,-3.4390065670013428,3.3231420516967773,2.8844521045684814,4.185589790344238,-0.3107929229736328,-12.864242553710938,-13.296236038208008,15.665563583374023,-0.0006079366430640221,-2.693105697631836,3.898481607437134,-1.1620519161224365,0.08632849156856537,6.046913146972656,7.05352783203125,0.26777517795562744,-0.7688121199607849,-6.354868412017822,-6.443045616149902,5.371500492095947,3.7206056118011475
775,-7.42091703414917,9.872041702270508,-2.662064790725708,2.344843864440918,8.089475631713867,8.300070762634277,2.3584253787994385,-2.9860334396362305,-3.195176839828491,-3.1068873405456543,4.256627082824707,11.13564682006836,-4.151273250579834,-2.5324594974517822,-10.891355514526367,-2.478968620300293,3.9666645526885986,3.527181386947632,4.10377311706543,-1.2121347188949585,-13.344310760498047,-13.585559844970703,15.665634155273438,-0.0007065506651997566,-3.2496466636657715,3.8461689949035645,-0.7639111280441284,0.5240627527236938,5.135594844818115,6.372288703918457,0.5984556674957275,-0.5691750049591064,-6.203915596008301,-6.595141887664795,5.542847156524658,2.2060158252716064
776,-7.605497360229492,9.516192436218262,-1.6913111209869385,2.5006344318389893,7.721078872680664,8.044448852539062,2.726649045944214,-0.4877811670303345,-3.0178518295288086,-2.958371639251709,4.329311847686768,3.385427236557007,-4.624727725982666,-2.9765846729278564,-12.115527153015137,-1.8948181867599487,4.183802127838135,3.8054935932159424,4.447643756866455,-1.624337077140808,-13.687371253967285,-14.101926803588867,14.596843719482422,-0.00015082309255376458,-3.373352527618408,3.61381459236145,-0.46312785148620605,0.48263019323349,3.892061233520508,5.58974552154541,0.6573130488395691,-0.00446879118680954,-6.496716499328613,-6.687288284301758,5.777063846588135,0.38267460465431213
777,-7.620815753936768,9.683845520019531,0.24875886738300323,1.5188173055648804,7.715946674346924,8.066068649291992,-1.2313281297683716,0.3053393065929413,-2.8539559841156006,-2.8076817989349365,4.458984375,-2.669630765914917,-4.04693078994751,-2.1016552448272705,-11.655889511108398,-1.5123029947280884,4.591515064239502,3.8188600540161133,2.494715452194214,3.22918438911438,-14.002685546875,-14.175398826599121,15.607198715209961,-15.67633056640625,-3.525057077407837,3.906630277633667,0.14166969060897827,0.2498348206281662,4.123194694519043,5.362859725952148,-0.38429850339889526,0.10110027343034744,-6.556855201721191,-7.067173957824707,5.902154445648193,-3.622131109237671
778,-7.748053073883057,9.514166831970215,2.7847304344177246,-0.31765085458755493,7.507317066192627,7.923225402832031,-2.982617139816284,1.4329962730407715,-2.734292507171631,-2.4501895904541016,4.442191123962402,-4.135852336883545,-3.6890859603881836,-1.6839207410812378,-10.204883575439453,-1.0583852529525757,4.959634780883789,4.018744945526123,0.1916874796152115,3.482609272003174,-14.256816864013672,-15.12140941619873,15.590766906738281,-15.67906379699707,-3.621713638305664,3.8924341201782227,0.48089343309402466,-0.13321425020694733,3.603245735168457,4.778136730194092,-0.6427553296089172,0.3712189197540283,-6.490035057067871,-6.691803932189941,5.942142486572266,-6.010316848754883
779,-7.915727138519287,9.512101173400879,3.6973462104797363,-0.8816443681716919,7.3771796226501465,7.987321853637695,-3.4272067546844482,-0.5108571648597717,-2.617542028427124,-2.1940503120422363,4.475942611694336,-4.340047836303711,-3.2559878826141357,-1.331017255783081,-8.372688293457031,-0.6985868215560913,5.377035617828369,4.422888278961182,-1.8503625392913818,3.1277658939361572,-14.509552955627441,-15.438519477844238,15.57335090637207,-15.674406051635742,-3.8036108016967773,4.222474098205566,0.5981268882751465,-0.20367111265659332,3.591745376586914,4.605066776275635,-0.7372581362724304,-0.1707841157913208,-6.402691841125488,-6.5077667236328125,5.90962553024292,-5.962488174438477
780,-8.172304153442383,9.456037521362305,3.5201332569122314,-1.3749943971633911,7.2493767738342285,7.56666898727417,-3.4376702308654785,-2.6542770862579346,-2.4620449542999268,-2.090111017227173,6.359714031219482,-4.098010540008545,-2.7793431282043457,-1.0337989330291748,-2.7878835201263428,-0.2048390507698059,5.358504772186279,5.527355670928955,-2.715970277786255,1.538029670715332,-14.750297546386719,-15.463333129882812,15.04079818725586,-15.632030487060547,-3.923021078109741,4.603234767913818,0.5938423275947571,-0.2951909899711609,3.3910791873931885,4.384871006011963,-0.7511528134346008,-0.57096928358078,-6.248409748077393,-6.239374160766602,5.838395118713379,-5.862140655517578
781,-8.328839302062988,9.298924446105957,1.0824878215789795,-1.8185867071151733,7.208376407623291,7.0423583984375,-5.655753135681152,-4.953441143035889,-2.4449212551116943,-9.074479103088379,4.3955864906311035,-4.532454967498779,-1.8838160037994385,0.2447168529033661,-1.2390234470367432,0.5490005016326904,5.873396873474121,7.2442755699157715,-5.102245330810547,-1.1256537437438965,-14.968789100646973,-0.012083794921636581,15.143574714660645,-15.493206977844238,-3.8465795516967773,5.579607963562012,0.13078206777572632,-0.37580353021621704,3.5294814109802246,4.225650787353516,-1.4554731845855713,-1.0897090435028076,-5.910878658294678,-6.029906272888184,5.440490245819092,-5.5298357009887695
782,-8.421818733215332,9.119913101196289,-0.6748988628387451,-1.3686285018920898,6.613486289978027,6.659133434295654,-3.341350555419922,-4.61529541015625,-2.3003556728363037,-9.135502815246582,4.632123947143555,-4.444845676422119,-1.9381306171417236,0.4984034299850464,-1.2728159427642822,0.4707134962081909,6.633570671081543,8.204463958740234,-6.712292194366455,-4.440407752990723,-15.166336059570312,-0.033415667712688446,15.218132019042969,-15.570218086242676,-3.8953967094421387,5.663707733154297,-0.20636463165283203,-0.2524297833442688,2.61370849609375,3.6940436363220215,-0.7517710328102112,-1.0408858060836792,-5.641783237457275,-4.928496360778809,5.359038352966309,-5.628686904907227
783,-8.462305068969727,8.927247047424316,-0.30053359270095825,-1.885728359222412,5.898423194885254,5.969171047210693,-3.1986005306243896,-4.925646781921387,-9.233156204223633,-9.08135986328125,4.474088191986084,-4.266131401062012,-1.615942120552063,1.0953152179718018,-1.2038280963897705,-0.14646844565868378,7.377518177032471,9.610255241394043,-5.959316253662109,-7.980923175811768,-0.02462676167488098,-0.040783800184726715,9.092220306396484,-15.61793041229248,-3.859675168991089,6.146173477172852,-0.048223018646240234,-0.39628922939300537,2.255192756652832,2.796320676803589,-0.8535651564598083,-1.3115897178649902,-5.420700550079346,-4.522638320922852,5.136163711547852,-5.142542839050293
784,-7.980306625366211,8.870804786682129,3.502356767654419,-4.716263771057129,5.288852691650391,4.497337818145752,-7.022557735443115,-6.043862819671631,-8.74138069152832,-8.733119010925293,14.621665954589844,-4.1259446144104,-2.812702178955078,1.8404513597488403,-0.1270926147699356,-1.9759087562561035,9.13060474395752,10.836429595947266,-5.355053901672363,-12.295066833496094,-0.02690044417977333,-0.017758537083864212,0.03816711902618408,-15.573960304260254,-3.4162306785583496,5.797664165496826,0.8361772894859314,-1.115487813949585,1.992890477180481,1.5910780429840088,-1.8669837713241577,-2.053319215774536,-3.1462700366973877,-3.156872510910034,3.179899215698242,-5.1915998458862305
785,-8.145126342773438,8.46224594116211,3.21230411529541,-4.224354267120361,2.115027904510498,2.492351531982422,-7.01902961730957,-5.633305072784424,-7.777915954589844,-7.8128767013549805,6.682517051696777,-4.049521446228027,-2.5557515621185303,3.2693159580230713,0.8014647960662842,-3.8728413581848145,8.150711059570312,11.707780838012695,-7.9511284828186035,-16.654727935791016,-0.028817489743232727,-0.00203124713152647,0.061250269412994385,-15.522377014160156,-3.822803497314453,5.857064247131348,0.6473439335823059,-0.9377492070198059,0.435207724571228,0.7221037149429321,-1.9412107467651367,-2.4513585567474365,-2.1491119861602783,-2.170543909072876,1.056274652481079,-4.580937385559082
786,-8.118443489074707,8.14844036102295,1.1869776248931885,-4.2989630699157715,0.39219266176223755,-2.1114978790283203,-5.610903739929199,-4.64046573638916,-4.1484761238098145,-4.734104633331299,-6.122857093811035,-4.067404270172119,-2.8370361328125,3.2637434005737305,0.9902163743972778,-6.507635593414307,6.104589462280273,9.877517700195312,-6.317643165588379,-19.64406394958496,-0.023911448195576668,-0.0009373440407216549,-12.5224609375,-14.3318510055542,-3.5641143321990967,6.345017433166504,0.1672760248184204,-1.075881838798523,0.00877738744020462,-0.5315068960189819,-1.5387532711029053,-2.804084539413452,-0.7274537682533264,-0.8926506638526917,-2.0993964672088623,-3.6165106296539307
787,-7.733330249786377,8.560047149658203,-0.9527372121810913,-3.1223843097686768,0.7189956903457642,-5.847954750061035,-4.968979835510254,-3.8969366550445557,4.40192985534668,5.284448146820068,-4.154446125030518,-4.043000221252441,-3.2389204502105713,0.7362481355667114,0.39895766973495483,-7.8420538902282715,5.311828136444092,4.3520097732543945,-7.834280490875244,-19.612028121948242,7.308906078338623,9.911748886108398,-15.645187377929688,-13.112853050231934,-2.9804251194000244,6.227227210998535,-0.26812905073165894,-0.7891509532928467,0.19186222553253174,-1.2149972915649414,-1.2543394565582275,-2.424943685531616,1.7471768856048584,3.2031941413879395,-6.727128982543945,-2.5581812858581543
788,-6.609522342681885,9.324813842773438,-0.3736051321029663,-3.4861881732940674,-0.036540836095809937,-3.8416595458984375,-4.728628158569336,-2.608579397201538,3.267949342727661,2.352354049682617,-4.466880798339844,-2.6586170196533203,-1.3640143871307373,-0.9383090734481812,0.40093573927879333,-8.789615631103516,2.7804172039031982,1.796378493309021,-10.304224967956543,-18.697603225708008,15.833776473999023,15.278943061828613,-15.630264282226562,-10.585220336914062,-1.9147412776947021,5.200577259063721,-0.05265176296234131,-1.0033438205718994,-0.04124432057142258,-0.6936658620834351,-1.4064373970031738,-1.2954823970794678,6.159154415130615,7.635237693786621,-6.373699188232422,-1.0632399320602417
789,-2.3361246585845947,8.940037727355957,0.03231223300099373,-2.9383254051208496,0.0896405428647995,-5.980414390563965,-3.9512109756469727,1.0023760795593262,1.9897125959396362,2.1146562099456787,-4.3722243309021,7.445916175842285,0.16145819425582886,-0.4060238301753998,1.9838758707046509,-8.811534881591797,1.056850552558899,0.8568531274795532,-12.527106285095215,-16.481687545776367,15.658160209655762,15.524823188781738,-15.689417839050293,6.277795791625977,-0.27944570779800415,3.0068788528442383,0.022059977054595947,-0.8014604449272156,0.023523814976215363,-1.488224744796753,-1.287549614906311,0.42363718152046204,7.095329761505127,6.797014236450195,-5.80234432220459,1.9063258171081543
790,4.052194118499756,-1.818060278892517,1.9840155839920044,-1.1787692308425903,-3.669867753982544,-8.389241218566895,-2.625340700149536,15.530006408691406,2.0129308700561523,2.028120756149292,-4.509170055389404,3.985447645187378,4.401801586151123,-1.9694660902023315,4.949625492095947,-6.768877983093262,-3.126098871231079,-1.364832878112793,-14.300549507141113,-2.87445068359375,15.682220458984375,4.2251787185668945,-15.576703071594238,15.695151329040527,1.3030273914337158,-0.8274508118629456,0.5327818989753723,-0.22872047126293182,-0.9862689971923828,-3.7533271312713623,-0.8968411087989807,3.1497676372528076,6.990485191345215,5.908359050750732,-6.471199989318848,6.2901716232299805
791,2.580298662185669,-0.2350858598947525,-4.5818610191345215,1.1235984563827515,-4.6388773918151855,-7.372256278991699,3.1590425968170166,13.255987167358398,2.014697790145874,6.6975016593933105,-4.423801422119141,4.392705917358398,6.532477378845215,-5.945708274841309,4.257451057434082,-3.1898138523101807,-7.914350509643555,-9.432770729064941,-13.578448295593262,9.109895706176758,15.69708251953125,9.230389595031738,-15.646404266357422,15.698871612548828,0.614932656288147,0.006468638777732849,-1.0349171161651611,0.29170364141464233,-1.454052209854126,-5.136655807495117,0.6951314210891724,3.9137675762176514,6.732739448547363,5.930507183074951,-5.862826347351074,6.338564395904541
792,-4.424584865570068,4.893274784088135,0.30875667929649353,1.996843934059143,-5.338526248931885,-5.5218424797058105,12.44912052154541,9.97287368774414,2.0141735076904297,3.985872745513916,-3.932788372039795,4.35654354095459,7.129061222076416,-3.1277642250061035,5.014782428741455,1.2514408826828003,-9.921472549438477,-13.292289733886719,-7.176167011260986,15.070003509521484,15.604259490966797,12.539040565490723,-15.66124439239502,15.719711303710938,-1.1040452718734741,1.1383413076400757,0.23624008893966675,0.4266868829727173,-2.825928211212158,-5.852429389953613,2.2665157318115234,4.637861728668213,6.746002674102783,6.365397930145264,-4.532990455627441,5.900439262390137
793,-6.019678592681885,3.1405832767486572,0.08287594467401505,4.435725212097168,-5.873372554779053,-4.9211931228637695,14.023271560668945,8.770135879516602,4.592007637023926,2.930341958999634,-3.918555736541748,4.392471790313721,7.415396213531494,-0.5860294699668884,4.640773296356201,5.478743553161621,-11.401313781738281,-15.07439136505127,1.2930928468704224,17.672229766845703,11.014485359191895,14.795367240905762,-15.69139575958252,15.656009674072266,-1.1587367057800293,0.5592131614685059,0.009738683700561523,1.143531322479248,-4.891514301300049,-7.115260601043701,3.07456636428833,6.098117828369141,7.226579666137695,6.176950931549072,-4.77987003326416,5.9519147872924805
794,-5.679250240325928,3.409196138381958,3.0198726654052734,7.56312894821167,-5.315637111663818,-4.358399868011475,13.677814483642578,9.10273551940918,3.9833157062530518,2.4002649784088135,-3.740394115447998,4.399489402770996,3.2065234184265137,-1.2984970808029175,-0.06230834126472473,5.89781379699707,-14.032378196716309,-16.19891357421875,9.098923683166504,17.524778366088867,12.806343078613281,15.108967781066895,-15.693721771240234,15.686938285827637,-1.1677157878875732,0.6536639332771301,0.7160950303077698,2.033303737640381,-7.0118279457092285,-7.718757629394531,4.181822776794434,7.288243770599365,7.4704694747924805,6.318420886993408,-4.310818195343018,6.099653244018555
795,-2.3986334800720215,2.8421876430511475,7.8599534034729,7.08555793762207,-4.551876068115234,-4.192037105560303,10.259066581726074,9.119146347045898,2.7892048358917236,2.2336833477020264,-3.3006160259246826,4.448947906494141,3.7433700561523438,2.5218417644500732,4.948037624359131,9.599591255187988,-16.26515769958496,-16.854415893554688,16.726940155029297,16.99306869506836,14.987009048461914,15.381827354431152,-15.687299728393555,15.698809623718262,-0.32042884826660156,0.5914300084114075,2.005795955657959,2.05983829498291,-7.161134243011475,-7.785743236541748,5.073115348815918,7.320894241333008,7.9436235427856445,6.2245612144470215,-3.4697072505950928,6.266218185424805
796,1.7480461597442627,4.137613773345947,9.859684944152832,5.340422630310059,-2.6535613536834717,-2.8868250846862793,6.248465061187744,8.632170677185059,2.0313689708709717,2.1756224632263184,-2.137906789779663,4.275720119476318,7.333950996398926,7.529407978057861,14.723271369934082,14.154568672180176,-16.564611434936523,-17.543258666992188,19.98802375793457,15.782553672790527,15.668126106262207,15.262368202209473,-15.639425277709961,15.625153541564941,0.6124119758605957,1.2324532270431519,3.9124910831451416,1.8480206727981567,-1.1929473876953125,-1.5112576484680176,4.400677680969238,5.015402793884277,8.360684394836426,6.289260387420654,-1.8110631704330444,5.36329460144043
797,-5.227480888366699,5.384586811065674,7.792059898376465,2.8334710597991943,10.15388011932373,9.88194751739502,3.672753095626831,4.736377716064453,2.265347480773926,3.132920265197754,-1.2058364152908325,3.0754313468933105,4.049381732940674,8.983011245727539,18.67765235900879,12.947465896606445,-10.83802318572998,-10.444676399230957,19.5219783782959,14.156394004821777,10.213349342346191,9.83878231048584,-15.52462100982666,15.59512710571289,-1.4262077808380127,2.4519894123077393,4.4718708992004395,0.8415365219116211,5.342251777648926,7.748125076293945,2.395658016204834,1.6685972213745117,7.580630779266357,5.950108528137207,-0.9638211131095886,4.370207786560059
798,-8.739023208618164,5.176766395568848,0.9894791841506958,-8.414628982543945,11.032699584960938,10.156116485595703,-5.829823017120361,-18.822711944580078,6.001941204071045,-6.628239154815674,4.791401386260986,3.5686380863189697,1.8842440843582153,4.013433933258057,14.8472261428833,7.761067867279053,-3.9433164596557617,1.229163408279419,12.08726692199707,4.879584312438965,2.0592637062072754,-12.122859001159668,0.00048486143350601196,15.688507080078125,-2.9405484199523926,1.7003226280212402,-0.04604005813598633,-1.7294049263000488,8.815893173217773,7.882419586181641,-1.3838589191436768,-5.047118663787842,2.801710367202759,-7.6116557121276855,0.9020866751670837,3.9001171588897705
799,-5.9009552001953125,7.579451084136963,-11.330286979675293,-5.592754364013672,8.953412055969238,8.4083833694458,-2.1866347789764404,-11.429949760437012,-4.987375259399414,-2.769261360168457,4.0958428382873535,3.853846311569214,-0.005475088953971863,-1.3116346597671509,0.8105872869491577,1.1872485876083374,3.2348029613494873,2.699263572692871,6.2585248947143555,-1.2981771230697632,-11.693384170532227,-13.043877601623535,15.679559707641602,15.663933753967285,-1.1386041641235352,2.5452544689178467,-2.4295005798339844,-0.937147855758667,7.640509128570557,6.488719463348389,-0.25271326303482056,-2.2223587036132812,-10.270380973815918,-5.814138412475586,5.69399881362915,4.630188941955566
800,-6.7586259841918945,9.665993690490723,-7.083133697509766,-3.1933724880218506,8.179328918457031,8.427261352539062,1.1724039316177368,-4.724119663238525,-3.4369313716888428,-3.3956143856048584,4.169144630432129,3.674872875213623,-3.5387532711029053,-3.577045202255249,-7.661011695861816,-2.8780267238616943,3.353689432144165,2.1681671142578125,4.357903957366943,-3.462770700454712,-12.316198348999023,-12.29633617401123,15.65689468383789,15.65956974029541,-2.132896900177002,4.002620220184326,-1.677013635635376,-0.60853511095047,5.737005233764648,6.863922119140625,0.3983246982097626,-0.8242993354797363,-6.661658763885498,-6.014764308929443,5.474030017852783,4.146719932556152
801,-6.960087299346924,9.8704833984375,-4.321530342102051,1.3992327451705933,8.194838523864746,8.112605094909668,2.25578236579895,-1.9713259935379028,-3.4213898181915283,-2.8778114318847656,4.2787580490112305,16.37660026550293,-4.214582920074463,-3.202714443206787,-10.377519607543945,-3.7792868614196777,3.398930549621582,3.3071916103363037,4.212416648864746,0.8179357051849365,-12.739056587219238,-12.88655948638916,15.66309928894043,0.0030081726144999266,-2.5111258029937744,3.6743266582489014,-1.1957406997680664,0.42290401458740234,5.744661331176758,6.48598575592041,0.5732136368751526,-0.25711411237716675,-6.245800971984863,-6.367354869842529,5.4269561767578125,4.018556118011475
802,-7.350425720214844,9.738983154296875,-2.877514362335205,3.2999634742736816,8.077554702758789,8.133600234985352,3.9852635860443115,-2.6074953079223633,-3.2486188411712646,-3.140619993209839,4.267238616943359,13.523442268371582,-4.684296607971191,-3.344054698944092,-12.183570861816406,-2.9016871452331543,3.4750778675079346,3.5208323001861572,5.2305588722229,-0.14380808174610138,-13.332801818847656,-13.601160049438477,14.929882049560547,-0.00015201550559140742,-3.160161018371582,3.6825873851776123,-0.8331161737442017,0.6685246229171753,4.621975421905518,5.892841815948486,1.0429584980010986,-0.5401511788368225,-6.26270055770874,-6.484389781951904,5.564939498901367,2.922492027282715
803,-7.473940849304199,9.864638328552246,-1.1247246265411377,3.2267913818359375,8.035117149353027,8.132058143615723,1.8110888004302979,-2.457454204559326,-3.0053956508636475,-2.967611312866211,4.514965534210205,7.559337615966797,-4.396180629730225,-2.7085812091827393,-12.388490676879883,-1.3010624647140503,3.791128396987915,3.6657156944274902,4.719460487365723,-1.0962040424346924,-13.716876983642578,-13.76153564453125,15.486810684204102,-0.00042298348853364587,-3.491833209991455,3.8872432708740234,-0.28555887937545776,0.6077733635902405,4.674320697784424,5.695188045501709,0.3389539122581482,-0.5016312003135681,-6.322084903717041,-6.698162078857422,5.623528003692627,1.3190107345581055
804,-7.651776313781738,9.686081886291504,0.3469582498073578,1.9781616926193237,7.917555332183838,8.050516128540039,-0.16762371361255646,-0.38455483317375183,-2.8626043796539307,-2.8444488048553467,4.43461275100708,-5.020402908325195,-3.6907005310058594,-1.7943859100341797,-11.448586463928223,-0.5969749689102173,4.0959014892578125,3.972430467605591,3.167794704437256,3.500483751296997,-13.994572639465332,-14.233536720275879,15.59057903289795,-15.646927833557129,-3.5394115447998047,3.8966023921966553,0.1318473219871521,0.3433244824409485,4.383251190185547,5.329537391662598,-0.11824239045381546,0.006044752895832062,-6.512101650238037,-6.978695869445801,5.859615802764893,-2.1658034324645996
805,-7.769192218780518,9.394205093383789,3.2221553325653076,-0.9401344060897827,7.703753471374512,7.864644527435303,-4.219430446624756,2.2677805423736572,-2.7451300621032715,-2.463920831680298,4.42610502243042,-3.913414716720581,-3.382610321044922,-1.3744227886199951,-9.938117980957031,-0.35626497864723206,4.397581100463867,4.221874237060547,0.23196913301944733,4.039433002471924,-14.351524353027344,-15.113977432250977,15.5922212600708,-15.679361343383789,-3.3554773330688477,3.751253604888916,0.5588657855987549,-0.3003987669944763,3.778839349746704,4.4655280113220215,-0.9578640460968018,0.6337045431137085,-6.4595112800598145,-6.618340492248535,5.870456218719482,-5.842777729034424
806,-7.931302547454834,9.435815811157227,3.5320475101470947,-0.9800478219985962,7.577658653259277,7.8690924644470215,-3.0118472576141357,-0.18674521148204803,-2.3763339519500732,-2.2198879718780518,4.4811272621154785,-4.294763088226318,-2.3895838260650635,-0.613564670085907,-7.967627048492432,0.4712613523006439,4.611961364746094,4.240574359893799,-1.7830604314804077,3.79569935798645,-15.40717887878418,-15.336877822875977,15.27951717376709,-15.695274353027344,-3.6506361961364746,4.198288917541504,0.5581809878349304,-0.19932623207569122,3.781311273574829,4.338151931762695,-0.588721513748169,-0.13772058486938477,-6.343888759613037,-6.492103576660156,5.92356014251709,-5.945444107055664
807,-8.65317153930664,8.943041801452637,3.795175075531006,-2.3860034942626953,7.649613380432129,7.685512065887451,-3.7848644256591797,-3.599034309387207,-2.1435983180999756,-2.1714818477630615,4.350449562072754,-4.380256652832031,-1.84629225730896,-0.11716773360967636,-1.954443335533142,0.6846758127212524,3.9747159481048584,5.087306022644043,-2.8430795669555664,2.096961498260498,-15.35649299621582,-15.436419486999512,15.162212371826172,-15.676494598388672,-3.937385082244873,4.6472039222717285,0.6510888338088989,-0.5075496435165405,4.04793119430542,4.445576190948486,-0.8896519541740417,-0.7764114141464233,-6.203671455383301,-6.300291061401367,5.791529178619385,-5.9216814041137695
808,-8.313939094543457,9.196488380432129,0.4893409311771393,-2.5796356201171875,7.748052597045898,7.223622798919678,-5.423051834106445,-5.033734321594238,-2.049146890640259,-3.1807610988616943,4.574375629425049,-4.422382354736328,-1.7635436058044434,0.20098662376403809,-1.1705502271652222,0.31171804666519165,4.432591438293457,7.216577529907227,-5.1304521560668945,-0.4595761001110077,-15.574298858642578,-0.01406100019812584,15.139909744262695,-15.726463317871094,-3.6611223220825195,5.377128601074219,-0.009283363819122314,-0.5240669846534729,3.955446243286133,4.0736870765686035,-1.368449330329895,-1.058496356010437,-5.882880210876465,-5.984439849853516,5.5311760902404785,-5.591267108917236
809,-8.39574146270752,9.097700119018555,-0.17795677483081818,-1.8137364387512207,7.288334846496582,6.53747034072876,-2.699181318283081,-4.77894401550293,-2.067873239517212,-9.159131050109863,4.568951606750488,-4.526177883148193,-1.649214506149292,1.0225446224212646,-1.1215721368789673,0.14790675044059753,5.323932647705078,8.757369995117188,-6.540131568908691,-3.762929677963257,-15.594706535339355,-0.028097495436668396,15.276432037353516,-15.540716171264648,-3.6439473628997803,5.567070007324219,-0.06184321641921997,-0.3323926329612732,3.048886775970459,3.5910661220550537,-0.5657464265823364,-1.0552606582641602,-5.5902628898620605,-5.032279014587402,5.466099262237549,-5.658781051635742
810,-8.39072322845459,8.913419723510742,-1.0867791175842285,-1.8188279867172241,6.340534687042236,5.7955322265625,-2.574103832244873,-4.401801109313965,-9.225869178771973,-9.08883285522461,4.598587989807129,-4.509727954864502,-1.7971644401550293,1.1917734146118164,-1.6602805852890015,-0.6815633773803711,6.3588080406188965,9.747179985046387,-7.45776891708374,-6.966475009918213,0.015796253457665443,-0.04215562343597412,15.297860145568848,-15.497781753540039,-3.6359786987304688,6.004619121551514,-0.2643715739250183,-0.3704622983932495,2.444563627243042,2.6086575984954834,-0.6713250279426575,-1.0978238582611084,-5.378249645233154,-4.535673141479492,5.188580513000488,-5.287773132324219
811,-7.9704132080078125,8.877137184143066,2.5726919174194336,-4.598657608032227,6.305616855621338,4.4277191162109375,-6.134069442749023,-5.575162887573242,-8.878402709960938,-8.863682746887207,17.323596954345703,-4.18148136138916,-2.0937461853027344,1.81062650680542,-0.7057614922523499,-2.5114424228668213,7.0226826667785645,10.918306350708008,-4.65148401260376,-10.9232816696167,0.008755816146731377,-0.022509127855300903,0.029841572046279907,-15.68904972076416,-2.9891858100891113,5.845839500427246,0.6397644877433777,-1.108736276626587,2.502872943878174,1.5699924230575562,-1.5843448638916016,-1.7620759010314941,-3.4253156185150146,-3.449073553085327,4.3199143409729,-5.302375793457031
812,-8.255363464355469,8.446820259094238,3.0131800174713135,-3.872393846511841,4.415076732635498,3.0197277069091797,-7.111955165863037,-5.336887359619141,-7.767100811004639,-8.156682014465332,8.791810989379883,-4.108912467956543,-2.379525899887085,3.4504666328430176,0.11914484202861786,-4.26091194152832,7.4728803634643555,12.518455505371094,-7.217761993408203,-15.005977630615234,-0.03259197622537613,-0.0002654297277331352,0.06702564656734467,-15.500850677490234,-3.394333600997925,5.664839267730713,0.6197015643119812,-0.8596373796463013,1.2095186710357666,0.9998804330825806,-1.9492722749710083,-2.062260866165161,-2.135409116744995,-2.4426863193511963,1.4822248220443726,-4.949733257293701
813,-8.148804664611816,7.9944562911987305,0.6050705313682556,-4.0827131271362305,2.3386335372924805,-2.425140619277954,-5.165394306182861,-4.922514915466309,-4.503936290740967,-5.500525951385498,-0.7071950435638428,-3.733944892883301,-2.524164915084839,4.144725322723389,-0.23288170993328094,-6.629499912261963,6.111705780029297,11.001228332519531,-9.337128639221191,-18.843055725097656,-0.03472764417529106,0.0008863182738423347,0.045805223286151886,-14.789180755615234,-3.2211599349975586,6.382433891296387,0.03073260188102722,-1.0327783823013306,0.5043038129806519,-0.6192981004714966,-1.4038891792297363,-2.5877161026000977,-0.8294800519943237,-1.1170766353607178,-0.505285918712616,-3.9021146297454834
814,-7.608684539794922,8.380902290344238,-0.7870214581489563,-3.650782585144043,2.336545944213867,-5.997613430023193,-4.6606621742248535,-4.090924263000488,3.1251063346862793,3.2174763679504395,-3.5916426181793213,-3.9190514087677,-3.2072792053222656,1.4133957624435425,-0.6475584506988525,-8.602362632751465,5.493879318237305,5.640084266662598,-6.513132572174072,-19.63119125366211,4.581458568572998,5.299112796783447,-15.620929718017578,-13.25326156616211,-2.735368251800537,6.585572719573975,-0.2121773064136505,-0.9990337491035461,0.5882933735847473,-1.1952295303344727,-1.0985519886016846,-2.570066452026367,1.0727900266647339,1.1649724245071411,-5.361245155334473,-2.590690851211548
815,-6.761218547821045,9.134245872497559,-0.25262024998664856,-3.5761241912841797,1.8888195753097534,-4.52828311920166,-4.364958763122559,-2.921067237854004,4.093538761138916,3.712325096130371,-4.4389872550964355,-3.0140202045440674,-1.9762674570083618,-0.5844376683235168,-0.6117610335350037,-9.458128929138184,4.2435760498046875,2.3669426441192627,-8.715579986572266,-18.794923782348633,14.541887283325195,15.38906478881836,-15.647933006286621,-11.173001289367676,-2.0506062507629395,5.777164936065674,-0.03139376640319824,-1.0467501878738403,0.44920217990875244,-0.8315944671630859,-1.199211597442627,-1.5216259956359863,5.533586025238037,7.301599025726318,-6.573390483856201,-1.3430966138839722
816,-4.204763889312744,9.198713302612305,0.9883557558059692,-3.3037338256835938,1.6157037019729614,-5.949997425079346,-3.513561725616455,-0.5142167806625366,1.9911304712295532,2.1475343704223633,-4.398947715759277,2.905677318572998,-0.16164134442806244,-0.5623026490211487,1.0294740200042725,-9.467650413513184,2.2346014976501465,1.1208646297454834,-10.819206237792969,-16.98990249633789,15.77817153930664,15.469267845153809,-15.650644302368164,-2.3778598308563232,-0.7862718105316162,3.6427862644195557,0.24593374133110046,-0.9609163999557495,0.3426137864589691,-1.4224889278411865,-1.0335028171539307,0.007701106369495392,7.055361747741699,7.221653461456299,-6.017956256866455,0.7896442413330078
817,2.638167381286621,1.8026989698410034,2.4025580883026123,-2.1441900730133057,0.07706645131111145,-8.009908676147461,-2.1115756034851074,13.539647102355957,2.013474702835083,2.1022815704345703,-4.52022647857666,5.531979084014893,3.074660539627075,-0.060086190700531006,4.5229573249816895,-7.616161346435547,1.0929358005523682,0.17681705951690674,-12.176741600036621,-5.049234390258789,15.681296348571777,-0.1739802360534668,-15.585668563842773,15.686580657958984,0.8760515451431274,0.08298231661319733,0.5905681252479553,-0.5361064076423645,-0.04876219481229782,-2.8870153427124023,-0.6202667355537415,2.632410764694214,7.351869106292725,5.963014602661133,-6.315425872802734,6.148371696472168
818,3.143144369125366,-2.1278233528137207,-3.3589529991149902,0.01627422496676445,-4.593538761138916,-7.561922550201416,-0.20708000659942627,12.922480583190918,2.0156593322753906,7.264122009277344,-4.57621955871582,4.398361682891846,6.756725788116455,-4.545205116271973,6.139585018157959,-0.00040567503310739994,-3.3031396865844727,-8.83303165435791,-12.707232475280762,7.708165168762207,15.644721031188965,8.593110084533691,-15.22520923614502,15.703776359558105,0.8243199586868286,-0.6565999984741211,-0.796677827835083,0.11787931621074677,-1.3312294483184814,-4.471034526824951,0.04619293287396431,3.333009719848633,6.98557186126709,5.394082069396973,-6.549158573150635,6.39800500869751
819,-0.7337691187858582,3.862015724182129,-3.133065700531006,-1.334086537361145,-6.04724645614624,-5.731351375579834,7.428379535675049,10.237675666809082,2.0208699703216553,4.120365619659424,-4.068579196929932,4.342350482940674,6.792338848114014,-4.235101699829102,4.455451965332031,0.7985469698905945,-8.594877243041992,-12.75085735321045,-9.2184476852417,13.561454772949219,15.688207626342773,12.521536827087402,-15.668595314025879,15.6843843460083,-0.2843099534511566,0.9554519653320312,-0.5237368941307068,-0.31218716502189636,-2.5272696018218994,-5.178646087646484,1.33467435836792,4.228004455566406,6.863825798034668,6.253867149353027,-4.741219520568848,5.888535976409912
820,-6.491559028625488,2.4370081424713135,0.5401520133018494,3.24527907371521,-5.62816858291626,-4.921937942504883,12.590692520141602,8.868940353393555,2.0206563472747803,2.853332757949829,-3.9592597484588623,4.3549113273620605,3.848578929901123,-2.0935280323028564,3.6259233951568604,3.5684726238250732,-12.287162780761719,-15.17359733581543,-2.3818814754486084,16.655372619628906,15.695554733276367,15.011679649353027,-15.694050788879395,15.666324615478516,-1.5805327892303467,0.4038892388343811,0.24971500039100647,0.8915217518806458,-3.6627402305603027,-6.701314449310303,2.5149078369140625,5.070603370666504,7.0568037033081055,6.161881446838379,-4.778654098510742,5.733036518096924
821,-3.1974141597747803,1.9084086418151855,1.6592620611190796,6.173591136932373,-6.089590549468994,-4.360667705535889,14.244752883911133,8.556944847106934,4.810241222381592,2.138145923614502,-3.9495866298675537,4.381872177124023,4.081459999084473,-1.871381402015686,-0.5954658389091492,4.783980369567871,-12.207496643066406,-16.66064453125,5.1267571449279785,16.911561965942383,11.222786903381348,15.14686107635498,-15.626571655273438,15.699911117553711,-0.4144144058227539,0.37732118368148804,0.4421699345111847,1.8098900318145752,-5.6840596199035645,-8.090152740478516,3.980710983276367,6.877945899963379,7.6379289627075195,6.280886650085449,-4.792449474334717,6.003548622131348
822,-4.565012454986572,2.903824806213379,7.7539849281311035,7.391063213348389,-4.9953789710998535,-3.993100166320801,12.184433937072754,9.123230934143066,3.3077309131622314,2.119800567626953,-3.6140425205230713,4.482594966888428,3.82357120513916,1.6735775470733643,3.0148651599884033,8.40523624420166,-15.097807884216309,-17.415557861328125,13.618030548095703,17.201793670654297,13.930736541748047,15.509532928466797,-15.670530319213867,15.68046760559082,-0.9327917098999023,0.6398895382881165,1.91436767578125,2.085753917694092,-7.388011455535889,-7.995973587036133,4.913045406341553,7.312020301818848,7.675504684448242,6.467196941375732,-4.020921230316162,6.259563446044922
823,1.249776005744934,1.8178503513336182,10.295741081237793,6.241708755493164,-4.113122463226318,-3.6341733932495117,7.975003242492676,8.851309776306152,2.107497453689575,2.0365958213806152,-2.795273780822754,4.270158290863037,6.701323986053467,6.4265055656433105,11.798295021057129,12.802708625793457,-16.523805618286133,-18.67050552368164,19.28171157836914,16.146358489990234,15.658368110656738,15.664421081542969,-15.647007942199707,15.669280052185059,0.5266417264938354,0.39611196517944336,3.451157331466675,2.0716428756713867,-3.2910306453704834,-3.9877021312713623,4.883017063140869,5.67388916015625,8.360544204711914,6.353298187255859,-2.6115002632141113,5.351580619812012
824,-2.833895444869995,4.7648606300354,8.100472450256348,3.9972054958343506,9.347338676452637,9.978254318237305,4.7390313148498535,6.2964067459106445,2.1691763401031494,2.014613389968872,-1.699573040008545,3.8627045154571533,9.168304443359375,9.825540542602539,19.578632354736328,15.62093448638916,-12.311324119567871,-13.565570831298828,19.302705764770508,14.352660179138184,12.326274871826172,11.03470516204834,-15.667863845825195,15.65541934967041,-0.6149335503578186,2.1229472160339355,4.82095193862915,1.5065884590148926,4.055941581726074,6.907098770141602,2.8431479930877686,2.465524673461914,7.71392297744751,6.707449913024902,-1.4102791547775269,4.420289516448975
825,-10.27689266204834,5.301616191864014,2.6763858795166016,-8.143119812011719,11.280848503112793,10.817704200744629,-2.210710287094116,-14.415528297424316,5.761062145233154,-6.910783290863037,-0.7372030019760132,3.6211705207824707,2.741992473602295,4.581724643707275,17.140748977661133,8.758979797363281,-5.737302303314209,0.17143958806991577,15.533797264099121,7.787988662719727,4.548913478851318,-10.473602294921875,-15.513772964477539,15.498323440551758,-4.5285325050354,2.061099052429199,1.2627177238464355,-1.6804265975952148,8.08504581451416,9.108927726745605,-0.8619176745414734,-3.5282280445098877,5.352578639984131,-5.5291547775268555,-0.4456145167350769,4.002915859222412
826,-6.289034366607666,7.421558380126953,-10.224613189697266,-5.431224346160889,9.356316566467285,8.449323654174805,-6.494663715362549,-14.991705894470215,-4.651858806610107,-2.6479179859161377,6.950735092163086,3.7645530700683594,1.4855399131774902,-0.07901284098625183,4.744767189025879,3.10853910446167,2.171003818511963,2.398245096206665,6.782800674438477,-0.28347349166870117,-9.3845853805542,-13.259425163269043,9.006653785705566,15.639800071716309,-1.5145797729492188,2.650629997253418,-2.1922607421875,-0.8733352422714233,8.264708518981934,6.108644008636475,-1.101326584815979,-3.2418553829193115,-10.87910270690918,-6.689607620239258,1.866461157798767,4.465694427490234
827,-6.900373458862305,9.375144004821777,-7.914238452911377,-4.950814723968506,8.198476791381836,8.490612983703613,0.5562419295310974,-5.9741997718811035,-3.3735218048095703,-3.3079333305358887,3.817178249359131,3.6479551792144775,-3.1333532333374023,-3.34751033782959,-6.161365509033203,-2.3152852058410645,3.2320737838745117,2.2407469749450684,4.393553256988525,-3.2151362895965576,-12.26795482635498,-12.603236198425293,15.648176193237305,15.672768592834473,-1.9684607982635498,3.6431398391723633,-1.795013666152954,-1.0162267684936523,5.651515007019043,7.049715042114258,0.343287855386734,-1.0321719646453857,-7.292634963989258,-5.9834184646606445,5.470426559448242,4.135409355163574
828,-6.800633907318115,10.0277681350708,-5.001282691955566,-0.5957127213478088,8.250832557678223,8.481172561645508,2.215857982635498,-3.32096004486084,-3.5081748962402344,-3.241975784301758,4.2032551765441895,3.5107781887054443,-4.491982460021973,-3.5672969818115234,-10.353938102722168,-4.411138534545898,3.1991114616394043,3.0064620971679688,4.2112274169921875,0.5167105197906494,-12.727222442626953,-13.327713012695312,15.598220825195312,-0.001141584012657404,-2.4524757862091064,3.8120195865631104,-1.4022867679595947,0.02808515727519989,5.492825984954834,7.060116767883301,0.5912020802497864,-0.6669374704360962,-6.418862819671631,-6.287125110626221,5.530479907989502,3.8439342975616455
829,-7.040134906768799,9.953133583068848,-3.6606674194335938,2.034487247467041,8.12988567352295,8.278440475463867,3.098088264465332,-1.8393038511276245,-3.2552244663238525,-3.11147403717041,4.3121843338012695,4.008106708526611,-4.873544692993164,-3.222264528274536,-12.011102676391602,-3.924485683441162,3.7911529541015625,3.332517147064209,4.774173259735107,0.01142854429781437,-13.341033935546875,-13.39493179321289,15.658147811889648,0.0003143408102914691,-2.8708364963531494,3.7418630123138428,-1.1570205688476562,0.4506152272224426,4.7142653465271,6.548547744750977,0.7755661606788635,-0.2899671196937561,-6.2658915519714355,-6.445851802825928,5.7264838218688965,0.34643784165382385
830,-7.087360382080078,9.920750617980957,-1.8048837184906006,2.8453211784362793,7.853375434875488,8.206884384155273,2.6726248264312744,0.14426946640014648,-3.0109033584594727,-2.844362735748291,5.158181667327881,-3.4037694931030273,-4.882256507873535,-3.085113048553467,-13.666864395141602,-3.6460890769958496,3.9153764247894287,3.4688546657562256,4.72199821472168,3.634089946746826,-13.71165657043457,-13.854191780090332,15.597537994384766,-12.322843551635742,-3.0367684364318848,3.4691720008850098,-0.5597852468490601,0.5321400761604309,3.617702007293701,5.888438701629639,0.6220300793647766,0.10539013892412186,-6.47176456451416,-6.569955348968506,5.935345649719238,-1.2416998147964478
831,-7.419489860534668,9.74932861328125,0.10151594877243042,1.6089117527008057,7.792169570922852,8.109055519104004,-1.6445523500442505,0.5265428423881531,-2.877892255783081,-2.8160293102264404,4.434337615966797,-3.806303024291992,-4.481143951416016,-2.42383074760437,-13.260824203491211,-2.816220998764038,4.311034202575684,3.8683505058288574,2.3922533988952637,4.686452865600586,-13.948166847229004,-14.448495864868164,15.6394624710083,-15.687030792236328,-3.428518772125244,3.731797218322754,0.14178794622421265,0.25006020069122314,4.068792343139648,5.579964637756348,-0.47122257947921753,0.14286518096923828,-6.393124103546143,-6.749913215637207,5.995922565460205,-5.896672248840332
832,-7.67201566696167,9.585663795471191,3.1396920680999756,1.033470869064331,7.632569313049316,7.999083518981934,-1.40695321559906,-0.29472240805625916,-2.759986162185669,-2.3454577922821045,4.470878601074219,-4.33868408203125,-3.7271804809570312,-1.7850253582000732,-11.10010051727295,-1.5817378759384155,4.500858783721924,3.6862564086914062,0.5899366736412048,4.380970478057861,-14.209840774536133,-15.257341384887695,15.601184844970703,-15.681509017944336,-3.6341075897216797,3.8508517742156982,0.530521035194397,0.17397837340831757,3.7494449615478516,5.051461696624756,-0.2648007273674011,-0.08471160382032394,-6.362610340118408,-6.545694828033447,6.065023899078369,-6.101535797119141
833,-7.725493431091309,9.850394248962402,3.32546329498291,-0.20865708589553833,7.734169960021973,7.938531398773193,-2.547315835952759,-2.7021665573120117,-2.5419647693634033,-2.1165475845336914,9.329181671142578,-3.7644236087799072,-3.5297622680664062,-1.8497589826583862,-3.1132915019989014,-0.9169611930847168,4.379513263702393,5.015835762023926,0.09152252972126007,2.9726572036743164,-14.932662963867188,-15.489461898803711,15.011324882507324,-15.656265258789062,-3.8034868240356445,4.153581619262695,0.5871343016624451,-0.08919711410999298,3.86818265914917,5.0054426193237305,-0.5247240662574768,-0.5647445917129517,-6.3757100105285645,-6.460612773895264,6.054759502410889,-6.138650894165039
834,-7.901040554046631,9.664427757263184,-0.1411914825439453,-0.4680458605289459,7.61625862121582,7.3193535804748535,-5.426031112670898,-3.766879081726074,-2.192028522491455,-2.1109232902526855,4.774979114532471,-4.473108291625977,-1.8545100688934326,-0.3905300498008728,-1.9044309854507446,0.7372148633003235,4.499527931213379,6.358394622802734,-3.1472880840301514,0.7081761360168457,-15.507152557373047,-15.458202362060547,15.55965805053711,-15.36529541015625,-3.488922595977783,5.2343058586120605,-0.14349013566970825,-0.10539181530475616,3.7625653743743896,5.111483573913574,-1.290862798690796,-0.7560499906539917,-6.1960225105285645,-6.494195938110352,5.7259602546691895,-5.881992340087891
835,-8.35427474975586,9.271860122680664,-0.5645658373832703,-1.063475489616394,7.527591705322266,6.842275619506836,-3.1899771690368652,-5.742041110992432,-2.1968812942504883,-9.1463623046875,4.972714424133301,-4.458045482635498,-1.7709448337554932,0.22171728312969208,-1.2682498693466187,1.3739478588104248,4.386403560638428,7.82221794128418,-4.793384552001953,-2.6464028358459473,-15.568649291992188,-0.004712887108325958,15.21622085571289,-15.527623176574707,-3.6474406719207764,5.742660045623779,-0.1349307894706726,-0.22609533369541168,3.299920082092285,4.420096397399902,-0.6602234244346619,-1.3003387451171875,-5.808175563812256,-5.837429046630859,5.661691188812256,-5.541092872619629
836,-8.321175575256348,9.336130142211914,-1.5058069229125977,-1.551382064819336,7.143373489379883,6.659169673919678,-3.0145068168640137,-4.798614025115967,-2.080089569091797,-9.176236152648926,4.726782321929932,-4.415467262268066,-2.0282809734344482,0.4804877042770386,-1.8159581422805786,1.0276769399642944,5.17842435836792,9.003633499145508,-6.287886619567871,-6.255220890045166,-15.563956260681152,-0.01855102740228176,15.203688621520996,-15.558306694030762,-3.5865118503570557,5.973629951477051,-0.3563087582588196,-0.31682610511779785,2.77685284614563,3.8820977210998535,-0.7474547028541565,-1.1408339738845825,-5.623974800109863,-4.913491249084473,5.461729049682617,-5.607686996459961
837,-8.067217826843262,9.057356834411621,-1.051039218902588,-1.653185248374939,6.256889343261719,5.8591156005859375,-2.79716420173645,-4.676971912384033,-9.214631080627441,-9.109515190124512,4.61921501159668,-4.168778419494629,-2.0062735080718994,0.833579421043396,-2.228440284729004,0.2929290533065796,5.736619472503662,10.220745086669922,-7.380528926849365,-9.730224609375,-0.032945290207862854,-0.030126646161079407,15.275188446044922,-15.570358276367188,-3.547666549682617,6.445777893066406,-0.2087206244468689,-0.3295481204986572,2.485663652420044,2.8493683338165283,-0.7245956063270569,-1.3310543298721313,-5.320043563842773,-4.424840450286865,5.27957010269165,-5.096927165985107
838,-7.981705188751221,8.831317901611328,2.4663944244384766,-4.8419413566589355,6.44263219833374,4.449803829193115,-5.291581153869629,-5.5475592613220215,-8.80405330657959,-8.778385162353516,3.9787142276763916,-4.202915668487549,-2.2962584495544434,1.7553718090057373,-1.178807020187378,-1.623047113418579,6.6341447830200195,11.731816291809082,-4.64060640335083,-13.847478866577148,-0.00033508986234664917,-0.013117482885718346,0.08548355102539062,-15.73283863067627,-2.937124729156494,6.303886413574219,0.5953173637390137,-1.130578637123108,2.5253775119781494,1.6871588230133057,-1.6756787300109863,-2.0488812923431396,-3.2622458934783936,-3.243299722671509,4.404372692108154,-5.033159255981445
839,-8.003870010375977,8.552606582641602,2.323828935623169,-4.642220497131348,4.324816703796387,1.5840364694595337,-6.25495719909668,-5.314645290374756,-6.9932966232299805,-6.31480598449707,-5.6246161460876465,-3.7899792194366455,-3.022602081298828,2.833359718322754,-0.6009682416915894,-4.382422924041748,7.368035793304443,12.443514823913574,-4.329133033752441,-17.88486099243164,-0.02875177189707756,0.0005135289393365383,-8.328654289245605,-15.376018524169922,-3.2323858737945557,6.347678184509277,0.4485580325126648,-1.0548304319381714,1.1837877035140991,0.36813193559646606,-1.6266815662384033,-2.565608501434326,-1.675303339958191,-1.3764052391052246,-2.1411328315734863,-4.241067409515381
840,-7.692391872406006,8.4456148147583,0.2586197853088379,-3.9185612201690674,2.2920312881469727,-5.562978267669678,-4.972145080566406,-4.139759063720703,-1.710432767868042,3.0276851654052734,-4.04584264755249,-4.036233425140381,-3.2091050148010254,1.8862581253051758,-0.5953933000564575,-6.424178123474121,5.977005958557129,7.655550956726074,-4.508975505828857,-19.718608856201172,-0.02120577171444893,4.276785850524902,-15.591093063354492,-14.188600540161133,-3.0286078453063965,6.749264717102051,-0.024982616305351257,-0.9594868421554565,0.4966564178466797,-1.238721489906311,-1.05064058303833,-2.5467865467071533,-0.14136120676994324,1.1022639274597168,-6.282298564910889,-3.3751368522644043
841,-7.412807464599609,8.82315731048584,1.2284449338912964,-4.2816386222839355,3.1408603191375732,-2.9676499366760254,-5.927665710449219,-3.564951181411743,5.383665084838867,4.076026916503906,-4.480800628662109,-3.5779292583465576,-3.083402395248413,0.8642171025276184,-0.15063580870628357,-7.801571369171143,6.235919952392578,4.511805534362793,-7.294132232666016,-19.396747589111328,10.42705249786377,14.808887481689453,-15.648526191711426,-12.686381340026855,-2.5491137504577637,6.441989421844482,0.2791302800178528,-1.1753242015838623,0.8798139095306396,-0.4417458474636078,-1.599672794342041,-2.1292927265167236,3.3244688510894775,6.6346893310546875,-6.476751804351807,-2.056189775466919
842,-6.1295976638793945,9.301084518432617,0.41965433955192566,-4.043273448944092,1.298875331878662,-5.071983814239502,-4.094952583312988,-1.9819188117980957,2.3926761150360107,2.0473928451538086,-4.420048713684082,-1.9024255275726318,-0.9173606038093567,-0.7817844748497009,0.42942434549331665,-8.88260269165039,2.7183282375335693,1.5365521907806396,-9.79238510131836,-18.157299041748047,15.671225547790527,15.331573486328125,-15.674345016479492,-9.454164505004883,-1.470646619796753,5.042356491088867,0.05415961146354675,-1.1356074810028076,0.2143164575099945,-1.1458581686019897,-1.1034581661224365,-0.8674222230911255,6.5972490310668945,7.995478630065918,-6.106461048126221,-0.5954188108444214
843,-0.6102437973022461,8.234500885009766,1.9671688079833984,-3.41699481010437,1.8467302322387695,-6.426197528839111,-3.371929407119751,4.981378555297852,2.0072648525238037,2.0891058444976807,-4.299997329711914,9.256033897399902,0.8047290444374084,0.6630426645278931,3.6528918743133545,-8.638598442077637,2.852154493331909,0.4641853868961334,-11.922856330871582,-13.619754791259766,15.868539810180664,15.523415565490723,-15.661063194274902,14.47868537902832,0.09698847681283951,2.380093574523926,0.4833589196205139,-0.9332634806632996,0.44002917408943176,-1.624804973602295,-1.0578449964523315,0.9888888597488403,7.316914081573486,6.421594142913818,-5.582458019256592,3.5601067543029785
844,4.692385196685791,-4.1908369064331055,1.691293716430664,-1.147438883781433,-2.852668285369873,-8.362245559692383,-2.1445555686950684,15.504556655883789,2.0144119262695312,9.414905548095703,-4.6180644035339355,4.251523971557617,5.062610149383545,-3.434100389480591,6.44305419921875,-6.324758052825928,-0.7979477643966675,-5.960100173950195,-13.372727394104004,0.43822523951530457,15.696020126342773,5.749401569366455,-15.610286712646484,15.688103675842285,1.532735824584961,-1.6078523397445679,0.40710288286209106,-0.18635697662830353,-0.7721672058105469,-4.075941562652588,-0.6807697415351868,3.3970282077789307,7.052917957305908,5.632359981536865,-6.6871514320373535,6.529998302459717
845,3.120347738265991,3.193013906478882,-6.035322666168213,-1.189592719078064,-6.1282758712768555,-6.203692436218262,3.3609557151794434,11.648030281066895,2.063728094100952,5.146476745605469,-4.5645833015441895,4.37851095199585,8.842597007751465,-3.3281311988830566,6.86081600189209,0.44893887639045715,-6.261242866516113,-11.115829467773438,-12.03957462310791,11.113704681396484,15.692285537719727,10.87997817993164,-15.683693885803223,15.69178295135498,0.8726550340652466,0.9170961380004883,-1.2350857257843018,-0.22462373971939087,-2.201507806777954,-4.12869930267334,0.7022833228111267,3.8989179134368896,6.7393059730529785,5.941614627838135,-5.244354248046875,6.13965368270874
846,-6.624995708465576,3.4197239875793457,0.27604615688323975,1.6936469078063965,-5.788285255432129,-5.350216865539551,10.928631782531738,9.39773941040039,2.0216894149780273,3.513493061065674,-3.935872793197632,4.354607105255127,6.101228713989258,-1.8216824531555176,6.049164772033691,2.798565149307251,-10.58510971069336,-13.827245712280273,-6.059073448181152,15.678284645080566,15.68952751159668,13.734151840209961,-15.687460899353027,15.654339790344238,-1.8459765911102295,0.6639686822891235,0.26470303535461426,0.4740145206451416,-2.740448236465454,-5.713757514953613,2.012831449508667,4.684290409088135,6.95534610748291,6.141717433929443,-4.613717555999756,5.7490129470825195
847,-5.247803211212158,2.867982864379883,-0.33564600348472595,4.814158916473389,-5.326436519622803,-4.6942057609558105,14.060961723327637,8.696070671081543,2.019745111465454,2.4250993728637695,-3.9275197982788086,4.377447605133057,6.902324199676514,0.5705453157424927,4.870092868804932,6.343517303466797,-10.569190979003906,-15.558113098144531,2.804935932159424,17.803316116333008,15.604418754577637,15.329021453857422,-15.683862686157227,15.676822662353516,-0.953632652759552,0.5706883072853088,-0.08059507608413696,1.3272149562835693,-4.671788215637207,-7.279476642608643,3.331278085708618,6.450334072113037,7.505845069885254,6.085083484649658,-4.759826183319092,5.9046525955200195
848,-5.762555122375488,2.81278395652771,3.899416923522949,6.862949848175049,-5.833948612213135,-4.225784778594971,12.506278038024902,9.14056396484375,2.884533405303955,2.1455345153808594,-3.7006819248199463,4.622494697570801,3.0497822761535645,-0.05276887118816376,0.48273786902427673,6.062102794647217,-11.78801441192627,-16.556650161743164,10.550790786743164,17.348093032836914,10.449727058410645,15.389261245727539,-15.700337409973145,15.696516990661621,-1.1723430156707764,0.5580527782440186,0.9701180458068848,1.8337875604629517,-7.084695816040039,-7.571766376495361,3.995370388031006,7.3391923904418945,7.794751167297363,6.3504743576049805,-3.98091721534729,5.927396297454834
849,-1.2747458219528198,1.9075822830200195,9.364768981933594,7.046141147613525,-5.072628498077393,-4.032959461212158,9.312458038330078,9.09714412689209,3.331819772720337,2.1283457279205322,-3.0791382789611816,4.369785785675049,4.894234657287598,3.906074047088623,7.037363529205322,10.107292175292969,-14.911372184753418,-17.615154266357422,17.980871200561523,16.82267189025879,14.736608505249023,15.534708023071289,-15.680540084838867,15.668364524841309,-0.0745009109377861,0.3851366639137268,2.587982416152954,2.109161615371704,-6.405937671661377,-6.917837142944336,4.944517135620117,6.898204803466797,7.831656455993652,6.237825393676758,-3.122279167175293,5.947016716003418
850,0.9048715233802795,4.483818531036377,9.60279655456543,5.1958699226379395,0.36743855476379395,7.66594123840332,5.557435989379883,8.294112205505371,2.1701583862304688,2.441413402557373,-1.8577094078063965,4.204494953155518,8.422603607177734,8.314478874206543,16.67400360107422,14.302611351013184,-14.478638648986816,-14.198393821716309,19.99441146850586,15.567495346069336,15.408681869506836,11.915711402893066,-15.693997383117676,15.674225807189941,0.32093632221221924,1.5633844137191772,4.274417877197266,1.8071399927139282,0.4176253378391266,2.1432549953460693,3.7674484252929688,4.418582439422607,7.89180850982666,6.461443901062012,-1.5325051546096802,5.079434394836426
851,-8.908796310424805,5.717193603515625,5.199392318725586,0.0020854612812399864,10.822779655456543,11.477293968200684,2.648158311843872,0.3712701201438904,3.8026845455169678,3.8937747478485107,-0.7843185663223267,3.838716506958008,7.825308799743652,7.965136528015137,18.653615951538086,13.587698936462402,-7.947761058807373,-6.280442237854004,17.615550994873047,12.2911376953125,7.083712100982666,3.7878897190093994,-0.003976702690124512,15.593899726867676,-2.9391236305236816,2.8465895652770996,3.1689066886901855,-0.33399099111557007,7.216617107391357,8.411946296691895,1.1055861711502075,-0.5196981430053711,7.080899715423584,1.364937424659729,-0.5290973782539368,4.390330791473389
852,-9.975987434387207,7.026350498199463,-3.0206897258758545,-9.221817016601562,9.956464767456055,9.356599807739258,-0.5208377242088318,-16.916608810424805,-4.002108573913574,-4.852492809295654,7.279830455780029,3.699267625808716,3.864081859588623,2.509441614151001,10.841102600097656,5.925842761993408,2.4800469875335693,2.564000129699707,12.856907844543457,4.110097885131836,-10.447588920593262,-11.632530212402344,15.442487716674805,15.624021530151367,-3.653870105743408,2.816225528717041,-1.0284912586212158,-1.696923851966858,7.382908821105957,8.634451866149902,-0.35483038425445557,-3.9493868350982666,-1.7969340085983276,-8.673872947692871,5.315221309661865,4.238699913024902
853,-6.895732879638672,8.983685493469238,-11.174613952636719,-6.749770164489746,8.327299118041992,8.232176780700684,0.33767595887184143,-11.307435035705566,-3.472978353500366,-3.1408445835113525,4.123018741607666,3.6310441493988037,-2.197795867919922,-3.0603437423706055,-3.0348358154296875,-1.8667666912078857,2.9914536476135254,3.3991076946258545,8.04603385925293,-1.5991567373275757,-12.291510581970215,-12.70964241027832,15.664775848388672,15.667792320251465,-1.5831811428070068,3.5986955165863037,-2.5035667419433594,-1.2922688722610474,5.8892645835876465,7.187687873840332,0.13499383628368378,-2.265658140182495,-8.328473091125488,-5.491177082061768,5.513589382171631,4.099696159362793
854,-7.042129039764404,10.256611824035645,-5.844311714172363,-1.2140916585922241,8.300442695617676,8.267502784729004,-0.0832444503903389,-5.71623420715332,-3.462376832962036,-3.481550931930542,4.198573589324951,3.5191004276275635,-4.472572326660156,-4.343353748321533,-9.487364768981934,-4.214694023132324,3.153493642807007,2.98296856880188,4.98135232925415,-4.1614603996276855,-12.679670333862305,-12.492427825927734,15.667431831359863,15.651598930358887,-2.6246023178100586,4.351193428039551,-1.4727656841278076,-0.08280254900455475,6.070242404937744,7.123749732971191,-0.035826485604047775,-1.1182997226715088,-6.336503505706787,-6.226358413696289,5.390469074249268,3.8722689151763916
855,-7.27431583404541,10.19359016418457,-3.9330673217773438,2.965125322341919,8.19760799407959,8.38434886932373,0.14876395463943481,-3.0623490810394287,-3.2543253898620605,-3.3712210655212402,4.264522552490234,15.843937873840332,-4.2883524894714355,-3.3433167934417725,-11.28296184539795,-3.8907368183135986,3.576282262802124,3.281270980834961,2.9658963680267334,-0.43802669644355774,-13.166016578674316,-13.27104663848877,15.667113304138184,0.0005208976217545569,-3.014233112335205,4.0921525955200195,-1.1754660606384277,0.6696608066558838,5.61298942565918,6.715282440185547,0.043225932866334915,-0.4869341254234314,-6.1811909675598145,-6.515353202819824,5.3455047607421875,3.8345682621002197
856,-7.658487796783447,9.863734245300293,-2.550246238708496,3.98787260055542,7.93125057220459,8.16638469696045,2.853609323501587,-2.3620951175689697,-3.090123414993286,-3.1212964057922363,4.271620750427246,12.054034233093262,-3.777787446975708,-2.201543092727661,-10.888019561767578,-1.8155332803726196,4.1193742752075195,3.88093900680542,3.276512384414673,-1.1514023542404175,-13.554295539855957,-13.514636993408203,15.667603492736816,0.00023202004376798868,-3.6734795570373535,3.967895269393921,-0.7432621717453003,0.7752429246902466,4.1077680587768555,6.205950736999512,0.7539836764335632,-0.46312689781188965,-6.300283908843994,-6.597514629364014,5.60398530960083,2.4716150760650635
857,-7.579765796661377,9.901806831359863,-1.5673719644546509,2.609457015991211,7.577758312225342,8.081732749938965,3.4038426876068115,-0.3977646231651306,-2.900590658187866,-2.905580759048462,4.567327499389648,3.735976219177246,-4.527790546417236,-2.9521725177764893,-12.883086204528809,-1.427077293395996,3.891125202178955,3.8621349334716797,3.8043553829193115,-1.6769968271255493,-13.938117980957031,-13.827739715576172,15.504026412963867,0.011001347564160824,-3.6462292671203613,3.7436838150024414,-0.4967242479324341,0.4467611312866211,3.0102744102478027,5.470207214355469,0.8041707873344421,-0.007621102035045624,-6.5759124755859375,-6.624176979064941,5.826169967651367,0.43195366859436035
858,-7.8114094734191895,9.762391090393066,1.0137617588043213,1.8168411254882812,7.763318061828613,8.023417472839355,-2.593944549560547,-0.8245519399642944,-2.756558895111084,-2.817438840866089,4.435552597045898,-2.797971487045288,-3.691798210144043,-1.948967456817627,-11.807406425476074,-0.7010487914085388,4.296527862548828,4.172461032867432,1.4581137895584106,2.7861499786376953,-14.203651428222656,-14.126022338867188,15.59015941619873,-15.680755615234375,-3.967135190963745,4.281789779663086,0.275546133518219,0.320950448513031,4.133974075317383,5.682121753692627,-0.7173800468444824,-0.1620122194290161,-6.471093654632568,-7.090433597564697,5.839423656463623,-3.8609507083892822
859,-7.988656997680664,9.571063041687012,2.9649758338928223,-0.28950193524360657,7.454828262329102,7.843329429626465,-3.3979737758636475,1.273916244506836,-2.652053117752075,-2.671793222427368,4.438948631286621,-4.163660526275635,-3.2644801139831543,-1.3654049634933472,-10.275897026062012,-0.14580297470092773,4.582631587982178,4.703036308288574,-0.894299328327179,2.884371757507324,-14.442564964294434,-14.426026344299316,15.6004638671875,-15.695556640625,-4.0125627517700195,4.221022129058838,0.4905471205711365,-0.13601578772068024,3.2170286178588867,4.9966278076171875,-0.7187445759773254,0.36332792043685913,-6.419143199920654,-6.563431739807129,5.886653423309326,-6.123649597167969
860,-7.992034912109375,9.749456405639648,3.141024351119995,-1.1270880699157715,7.475038528442383,7.748898029327393,-3.8725321292877197,-1.4385955333709717,-2.5279369354248047,-2.5592596530914307,9.33230209350586,-4.404154300689697,-3.2191479206085205,-1.420527696609497,-2.381385564804077,-0.09763822704553604,4.614413738250732,5.228165149688721,-1.3087505102157593,2.064527750015259,-14.733648300170898,-14.683916091918945,15.171732902526855,-15.553771018981934,-4.220129013061523,4.642411231994629,0.5777058601379395,-0.2607162594795227,3.2506515979766846,4.831878662109375,-0.7845093607902527,-0.3709876537322998,-6.296245574951172,-6.3419189453125,5.806856632232666,-6.060551643371582
861,-8.424260139465332,9.26391315460205,0.0619010291993618,-0.8739427924156189,7.387425899505615,7.442214012145996,-6.592270374298096,-1.8247402906417847,-2.303741931915283,-2.4037957191467285,4.632255554199219,-4.39988899230957,-1.6806511878967285,0.10698699951171875,-1.2534879446029663,1.2712619304656982,4.6581268310546875,6.324709415435791,-4.44066047668457,0.6574068665504456,-15.218561172485352,-14.984500885009766,14.93045711517334,-15.423001289367676,-3.7610936164855957,5.457042694091797,-0.09122544527053833,-0.15753419697284698,3.2222414016723633,4.633152961730957,-1.6668401956558228,-0.365293025970459,-6.077194690704346,-6.333723068237305,5.452942371368408,-5.627431392669678
862,-8.548162460327148,9.189495086669922,-0.6390237212181091,-1.8234326839447021,7.246952533721924,6.6674909591674805,-4.623767852783203,-5.46210241317749,-2.1994550228118896,-9.164464950561523,4.700117588043213,-4.305164813995361,-1.6163572072982788,0.42863404750823975,-1.2571511268615723,1.2248023748397827,4.9359869956970215,8.559624671936035,-6.581095218658447,-2.300297975540161,-15.48483657836914,-0.00029679061844944954,15.210054397583008,-15.540983200073242,-3.9860570430755615,6.040854454040527,-0.16017168760299683,-0.38355839252471924,2.9928805828094482,4.111330986022949,-1.091301441192627,-1.2898517847061157,-5.704832553863525,-5.712306022644043,5.4052414894104,-5.421624183654785
863,-8.505704879760742,9.12527084350586,-1.5025899410247803,-1.883300542831421,6.633302211761475,6.133626461029053,-3.4657857418060303,-4.909502983093262,-9.154038429260254,-9.19308853149414,4.567533016204834,-4.396402835845947,-1.9549936056137085,0.42770373821258545,-2.070880174636841,0.3476981818675995,5.874054908752441,9.651758193969727,-7.9149909019470215,-5.720510482788086,-1.9916798919439316e-05,-0.030681708827614784,15.177838325500488,-15.452779769897461,-3.8936781883239746,6.409088134765625,-0.3546369671821594,-0.37265413999557495,2.558938980102539,3.1905946731567383,-0.8807377219200134,-1.1561322212219238,-5.515026569366455,-4.691146373748779,5.314485549926758,-5.375506401062012
864,-8.10912036895752,9.10622787475586,2.376713991165161,-4.980638027191162,6.631056308746338,4.950353622436523,-6.990095615386963,-5.987507343292236,-8.998255729675293,-8.949743270874023,17.86722755432129,-4.273493766784668,-2.213052272796631,1.0588494539260864,-1.2876849174499512,-1.5158441066741943,7.014512538909912,11.246315002441406,-5.486766338348389,-9.81782054901123,-0.04197113215923309,-0.018977198749780655,0.021155744791030884,-15.697427749633789,-3.2239747047424316,6.329219818115234,0.6032558083534241,-1.1615179777145386,2.695186138153076,1.9735981225967407,-1.8523478507995605,-1.7895554304122925,-3.754722833633423,-3.663071870803833,4.615337371826172,-5.297735214233398
865,-8.176350593566895,8.691617965698242,3.0546655654907227,-3.8610785007476807,4.6346659660339355,3.3066341876983643,-7.057467937469482,-5.23585319519043,-8.284747123718262,-8.283756256103516,10.074735641479492,-4.1049113273620605,-2.280951499938965,3.0030736923217773,-0.363280326128006,-3.074571132659912,7.6015496253967285,13.122109413146973,-8.068421363830566,-13.779009819030762,-0.026155101135373116,-0.000478153582662344,0.04983684420585632,-15.536165237426758,-3.6661837100982666,6.138743877410889,0.6234654188156128,-0.812148928642273,1.3464335203170776,1.1559990644454956,-1.9663639068603516,-1.8354401588439941,-2.5523219108581543,-2.5499532222747803,1.8007177114486694,-4.942690372467041
866,-8.183526039123535,8.117583274841309,1.0116593837738037,-4.412328720092773,2.3908722400665283,-2.639735221862793,-5.132770538330078,-5.104536533355713,-6.088868618011475,-5.538544654846191,2.072324752807617,-3.744673252105713,-2.561837673187256,3.88533616065979,-0.5931432843208313,-5.689601421356201,6.513838768005371,11.497763633728027,-10.133639335632324,-17.844818115234375,-0.03228145092725754,-0.0012874819803982973,0.038042135536670685,-15.146143913269043,-3.5512189865112305,6.935791015625,0.12487965822219849,-1.0852692127227783,0.5234020948410034,-0.6790879964828491,-1.4528394937515259,-2.4339003562927246,-1.3220001459121704,-1.1227247714996338,0.11029212176799774,-3.976114511489868
867,-7.804439544677734,8.4776029586792,0.10091136395931244,-4.060558319091797,1.946203589439392,-6.390772819519043,-4.955316543579102,-4.0862507820129395,0.8140135407447815,2.6521003246307373,-3.2198424339294434,-3.9361164569854736,-3.226306200027466,1.0025601387023926,-0.7121481895446777,-8.242731094360352,5.625099182128906,5.715182304382324,-7.39483642578125,-19.887142181396484,0.9248054027557373,4.290513038635254,-15.621541976928711,-13.596680641174316,-3.055746078491211,7.085282802581787,-0.014408290386199951,-1.0938915014266968,0.46641743183135986,-1.2851650714874268,-1.232774019241333,-2.5481889247894287,0.4337148368358612,0.9460618495941162,-4.57656717300415,-2.8806440830230713
868,-7.261825084686279,9.292409896850586,0.027723148465156555,-3.2997634410858154,2.0825066566467285,-4.636828422546387,-3.571392059326172,-2.846564531326294,5.161343574523926,4.006216526031494,-4.31631326675415,-3.5646283626556396,-3.3495070934295654,-0.9635068774223328,-0.487393319606781,-9.200011253356934,5.769075870513916,2.366870403289795,-9.260720252990723,-19.168609619140625,12.116521835327148,14.952666282653809,-15.661822319030762,-12.039353370666504,-2.4687719345092773,6.297662734985352,0.0026762187480926514,-0.9172837734222412,0.5363576412200928,-0.8472718000411987,-0.9518174529075623,-1.5530567169189453,4.158774375915527,7.523715972900391,-6.335887432098389,-1.8506275415420532
869,-5.108946800231934,9.530269622802734,0.7982938885688782,-3.430817127227783,0.2908017039299011,-6.568173408508301,-2.3780226707458496,-0.5521336197853088,1.9786161184310913,2.1272380352020264,-4.377203464508057,-1.0523288249969482,-0.21696659922599792,-1.1767120361328125,0.9588994383811951,-9.43144416809082,1.7663618326187134,0.9807931184768677,-10.86889934539795,-17.41708755493164,15.658895492553711,15.495126724243164,-15.644699096679688,-7.852872848510742,-1.0965865850448608,4.392749786376953,0.1900082230567932,-1.0180121660232544,-0.018550358712673187,-1.685767650604248,-0.6671897768974304,-0.022936277091503143,6.590949535369873,8.059020042419434,-5.898915767669678,-0.1294519007205963
870,1.669371485710144,5.605942249298096,2.1219916343688965,-2.6054012775421143,0.3631189465522766,-8.209793090820312,-1.2444475889205933,12.621846199035645,2.0114710330963135,2.0540473461151123,-4.3927130699157715,8.2777681350708,2.735830068588257,0.4146377742290497,4.808027267456055,-7.1799516677856445,0.9437558054924011,-0.20890271663665771,-11.781394958496094,-6.490240573883057,15.694570541381836,-0.43691980838775635,-15.637665748596191,15.631999015808105,0.6399291157722473,1.0715951919555664,0.5254866480827332,-0.6689745187759399,0.07807149738073349,-2.8810880184173584,-0.34105461835861206,2.3738672733306885,7.104609966278076,6.389960289001465,-5.859187126159668,5.170941352844238
871,2.7669243812561035,-1.502835750579834,-1.9538187980651855,-0.8892747163772583,-4.104811191558838,-7.829615116119385,0.961246907711029,13.622593879699707,2.0171918869018555,7.655508041381836,-4.550904750823975,4.3313212394714355,5.293901443481445,-4.966917991638184,5.395526885986328,-4.915684223175049,-3.554440975189209,-7.980026721954346,-11.839548110961914,5.587143421173096,15.695653915405273,7.455418586730957,-15.632441520690918,15.691643714904785,0.7370911836624146,-0.6155032515525818,-0.4829869270324707,-0.12750835716724396,-1.1617834568023682,-4.502242088317871,0.2405090481042862,3.412182331085205,7.016104221343994,5.302881240844727,-6.4178009033203125,6.376212120056152
872,0.9140256643295288,3.836632490158081,-3.0987420082092285,0.13651138544082642,-5.7120137214660645,-6.025638580322266,6.787413597106934,10.461420059204102,2.0216634273529053,4.614391803741455,-4.212647438049316,4.338471412658691,7.818639278411865,-3.552900552749634,6.266833305358887,1.1924301385879517,-8.387484550476074,-11.77734088897705,-8.50883960723877,13.073288917541504,15.691826820373535,11.619441986083984,-15.667738914489746,15.696916580200195,0.16305717825889587,0.9313673377037048,-0.5448721051216125,0.07475665211677551,-2.186471939086914,-5.2052531242370605,1.1992137432098389,4.102958679199219,6.888262748718262,6.319289207458496,-4.805349826812744,5.883697509765625
873,-6.706027507781982,2.7951161861419678,-1.2328368425369263,3.247401237487793,-5.558940410614014,-5.19699764251709,11.280547142028809,9.046817779541016,2.0285654067993164,3.2232868671417236,-3.9177703857421875,4.292693138122559,6.863187313079834,-2.2245919704437256,4.422400951385498,3.8472251892089844,-9.389547348022461,-14.577749252319336,-2.3786089420318604,16.294862747192383,15.472087860107422,14.373910903930664,-15.637773513793945,15.69681453704834,-1.7329628467559814,0.4905669093132019,-0.15162160992622375,0.8508802652359009,-3.3364877700805664,-6.794116973876953,2.2304110527038574,5.019926071166992,7.143216609954834,6.113160133361816,-4.670943260192871,5.721758842468262
874,-6.230799674987793,4.463394641876221,0.43178290128707886,4.900468349456787,-6.310135841369629,-4.623791694641113,12.765645980834961,8.677931785583496,5.1039252281188965,2.3813281059265137,-3.8052749633789062,4.383646011352539,3.4923622608184814,-2.7248756885528564,-1.1477775573730469,3.893928289413452,-11.253196716308594,-15.479951858520508,4.328533172607422,16.920068740844727,9.838384628295898,14.52048397064209,-15.699393272399902,15.698235511779785,-1.0974677801132202,1.0517524480819702,0.16027843952178955,1.3502569198608398,-5.908113956451416,-7.527785301208496,3.291513442993164,6.562516689300537,7.368887424468994,6.323786735534668,-4.4705376625061035,5.8841962814331055
875,-5.446779251098633,3.156108856201172,6.550348281860352,7.49233341217041,-5.267845630645752,-4.401770114898682,12.250043869018555,8.918031692504883,3.9188590049743652,2.4520111083984375,-3.5726006031036377,4.430319786071777,3.4190220832824707,0.24099931120872498,1.3736672401428223,7.0581769943237305,-14.253408432006836,-16.21189308166504,12.967570304870605,17.34848976135254,12.926871299743652,15.074803352355957,-15.696915626525879,15.697824478149414,-1.0774919986724854,0.5708188414573669,1.5803155899047852,2.075580596923828,-7.062656879425049,-8.344393730163574,4.782544136047363,7.019496917724609,7.678633689880371,6.29714298248291,-3.9737203121185303,6.1996049880981445
876,-2.0255770683288574,2.5624148845672607,10.163399696350098,7.014848709106445,-4.402616500854492,-4.425005912780762,7.439805030822754,8.21507453918457,2.1976048946380615,2.0778682231903076,-2.6968610286712646,4.135716438293457,1.4785078763961792,3.974701404571533,7.339508056640625,9.030312538146973,-16.193037033081055,-16.3610897064209,20.297697067260742,17.555391311645508,15.636460304260254,15.573707580566406,-15.691436767578125,15.619336128234863,-0.2876613140106201,0.5397456288337708,2.6552305221557617,1.8967242240905762,-5.111423492431641,-6.874342918395996,4.995007038116455,6.28346061706543,8.256758689880371,6.0512471199035645,-2.672288656234741,5.696985721588135
877,4.215765476226807,4.258045673370361,9.14523983001709,4.8760833740234375,7.52956485748291,2.399339437484741,4.641043663024902,6.375547409057617,2.018613576889038,2.2369272708892822,-1.295397162437439,4.214730262756348,6.045881271362305,9.366305351257324,17.320613861083984,13.33242130279541,-12.83938980102539,-14.863234519958496,20.587587356567383,16.008962631225586,14.921539306640625,13.599186897277832,-15.664603233337402,15.612966537475586,1.4270868301391602,1.423537254333496,4.050378799438477,1.5481247901916504,2.204638957977295,0.7661731243133545,3.3742856979370117,2.996001958847046,8.018545150756836,6.1865644454956055,-0.9350109696388245,4.853045463562012
878,-7.729187965393066,4.969384670257568,3.742408514022827,-2.732027530670166,11.23599910736084,11.097206115722656,1.2686916589736938,-9.267903327941895,4.376886367797852,2.007936716079712,3.629037380218506,3.5913469791412354,5.621267318725586,9.088132858276367,19.424705505371094,12.256427764892578,-5.832880020141602,-7.518507957458496,17.135068893432617,10.489864349365234,5.846256732940674,6.172740936279297,-10.01147174835205,15.593343734741211,-2.862185001373291,2.2828893661499023,2.007781505584717,-0.7502781748771667,7.473744869232178,7.46697998046875,0.2379622906446457,-2.2060887813568115,5.700930118560791,0.6407614946365356,0.7303434014320374,3.813235282897949
879,-8.29373550415039,6.095370292663574,-6.247254848480225,-7.212252140045166,9.330162048339844,9.375117301940918,-0.5235024690628052,-18.66737174987793,-4.995344638824463,-5.048245429992676,7.244890213012695,3.166839122772217,3.3077003955841064,2.2241976261138916,8.976083755493164,6.1830010414123535,2.379931688308716,1.8196015357971191,11.477323532104492,0.8754642009735107,-9.79038143157959,-13.1945161819458,15.696256637573242,15.641168594360352,-2.4263105392456055,2.1360132694244385,-1.4287340641021729,-1.250090479850769,7.273365497589111,7.933432102203369,-0.21384377777576447,-4.562775611877441,-7.927342891693115,-7.530409812927246,5.874938488006592,3.287485361099243
880,-6.772619724273682,8.924514770507812,-10.096846580505371,-6.523090839385986,8.248031616210938,8.54434585571289,0.754456639289856,-8.942035675048828,-3.408806085586548,-3.1542775630950928,4.2001543045043945,3.4246132373809814,-2.6665127277374268,-3.022221803665161,-4.155177593231201,-1.063407301902771,3.171088218688965,2.250331163406372,7.300853252410889,-3.4041225910186768,-12.484209060668945,-12.569352149963379,15.663530349731445,15.66440486907959,-1.6620597839355469,3.6063413619995117,-2.256380558013916,-1.267665147781372,5.357866287231445,7.453409671783447,0.2707113027572632,-1.7243094444274902,-8.007372856140137,-5.809203147888184,5.595173358917236,3.8576345443725586
881,-7.058440208435059,10.031155586242676,-5.31339693069458,-0.67214035987854,8.20991039276123,8.713574409484863,0.21176211535930634,-5.682509422302246,-3.3432998657226562,-3.5810985565185547,4.268658638000488,10.81969165802002,-4.10050106048584,-3.7825465202331543,-9.323256492614746,-3.382046937942505,3.4744086265563965,2.595459461212158,4.658174991607666,-0.5270639657974243,-12.961220741271973,-13.10726547241211,15.673401832580566,-0.00048031355254352093,-2.6207118034362793,4.185564994812012,-1.340846300125122,0.05537448823451996,5.5626540184021,7.680833339691162,0.02149360254406929,-1.0781095027923584,-6.458674907684326,-6.517567157745361,5.4714884757995605,3.5615434646606445
882,-7.401848316192627,10.072851181030273,-3.180276870727539,2.4461076259613037,8.041107177734375,8.355961799621582,0.48228946328163147,-4.2037034034729,-3.1912190914154053,-3.1383607387542725,4.264332294464111,11.03164005279541,-4.206302165985107,-3.0795063972473145,-10.742097854614258,-2.4103920459747314,4.051698207855225,3.090196132659912,3.0716140270233154,-1.9952805042266846,-13.341480255126953,-13.189560890197754,15.669660568237305,-9.871431393548846e-05,-3.261216640472412,4.1458516120910645,-0.8945905566215515,0.5594683289527893,4.840028285980225,7.134117126464844,0.12129389494657516,-0.8274340629577637,-6.2569899559021,-6.68929386138916,5.573768138885498,2.197611093521118
883,-7.625589847564697,9.747840881347656,-2.0833094120025635,2.8473422527313232,7.666853904724121,8.19422721862793,1.937172532081604,-1.3560128211975098,-3.022495746612549,-3.0448379516601562,4.330505847930908,4.333927631378174,-3.8315887451171875,-1.9871599674224854,-10.276033401489258,-0.8555195927619934,4.684337615966797,3.7837741374969482,2.9495768547058105,-2.402766466140747,-13.686036109924316,-13.609865188598633,15.670418739318848,0.0007053077570162714,-3.453907012939453,3.8558907508850098,-0.5845502018928528,0.561069667339325,3.684634208679199,6.32391357421875,0.4914337396621704,-0.18196868896484375,-6.492690563201904,-6.779410362243652,5.7887959480285645,0.6150977611541748
884,-7.7821855545043945,9.280754089355469,-1.2846324443817139,1.6385501623153687,6.905412673950195,7.972753047943115,1.7839415073394775,1.7731581926345825,-2.8606667518615723,-2.904951572418213,4.406169414520264,-3.0552618503570557,-4.409599304199219,-2.6217598915100098,-12.028458595275879,-1.526039481163025,4.396893501281738,3.913529634475708,2.761435031890869,2.6696386337280273,-14.055729866027832,-14.076560974121094,15.555425643920898,-15.679010391235352,-3.3103861808776855,3.5563130378723145,-0.32818853855133057,0.27683311700820923,2.524535655975342,5.508275032043457,0.39015084505081177,0.5157115459442139,-6.775996685028076,-6.899316310882568,6.051393985748291,-2.9244637489318848
885,-7.610644340515137,9.749332427978516,2.165727376937866,-0.24113236367702484,7.369828701019287,7.999800205230713,-4.041991710662842,0.9314283132553101,-2.7092537879943848,-2.7704741954803467,4.44203519821167,-4.04047966003418,-4.114027500152588,-2.0882670879364014,-11.141412734985352,-1.0919861793518066,4.92024564743042,4.054136753082275,0.053723838180303574,2.793654203414917,-14.323405265808105,-14.207521438598633,15.602293014526367,-15.688918113708496,-3.621760845184326,4.147326946258545,0.4442552924156189,-0.12078119814395905,3.3881301879882812,5.219260215759277,-1.0063104629516602,0.17104101181030273,-6.518187046051025,-6.856518745422363,5.912206649780273,-6.013995170593262
886,-7.842043399810791,9.58570671081543,3.536043405532837,-0.16922131180763245,7.165773868560791,7.878539085388184,-3.4512314796447754,0.09106527268886566,-2.597851276397705,-2.48895525932312,4.457237243652344,-4.349456787109375,-3.4981651306152344,-1.3157216310501099,-9.211544036865234,-0.3347325921058655,5.442765712738037,4.472133159637451,-2.1099495887756348,2.5198450088500977,-14.54997444152832,-15.048860549926758,15.589346885681152,-15.667754173278809,-3.8635711669921875,4.270635604858398,0.5723060965538025,-0.03167589008808136,3.1173183917999268,4.959263324737549,-0.7120769619941711,-0.015262477099895477,-6.412911415100098,-6.565576553344727,5.923154354095459,-6.012366771697998
887,-8.642647743225098,8.974970817565918,3.451962947845459,-1.2815898656845093,7.01624870300293,7.85183048248291,-3.1946921348571777,-2.545123338699341,-2.431084156036377,-2.238710880279541,4.358273983001709,-4.447717666625977,-1.8976339101791382,-0.16468998789787292,-2.17692232131958,1.3457310199737549,5.156298637390137,4.6700615882873535,-1.9035000801086426,0.9336625337600708,-14.746269226074219,-15.353289604187012,11.377429962158203,-15.686153411865234,-4.015793323516846,4.677590847015381,0.5705191493034363,-0.282376229763031,2.959205150604248,4.850423812866211,-0.7213350534439087,-0.5779258608818054,-6.328671455383301,-6.360393524169922,5.857904434204102,-5.956881046295166
888,-8.423590660095215,9.253626823425293,1.133970856666565,-3.0275471210479736,7.094245910644531,7.558483600616455,-6.39774227142334,-5.27667760848999,-2.4007487297058105,-2.1721978187561035,4.8602423667907715,-4.452597618103027,-1.8466448783874512,0.1166008859872818,-1.4028539657592773,0.7610154151916504,5.778467655181885,5.965580940246582,-5.575728893280029,-1.951454997062683,-15.007024765014648,-15.35860824584961,15.256139755249023,-15.725701332092285,-4.097552299499512,5.417870044708252,0.14915281534194946,-0.6572738289833069,3.1576013565063477,4.891937255859375,-1.694498896598816,-1.2070668935775757,-6.0208258628845215,-6.0999755859375,5.373222351074219,-5.638711929321289
889,-8.46164608001709,9.220176696777344,0.18396447598934174,-1.637538194656372,6.470600605010986,6.9341278076171875,-3.62028431892395,-4.381839752197266,-2.3367953300476074,-9.2295503616333,4.665633678436279,-4.367145538330078,-1.676464557647705,0.49524053931236267,-0.7830417156219482,0.7961523532867432,6.435589790344238,7.78999662399292,-7.10174036026001,-4.995911598205566,-15.17244815826416,-0.08826742321252823,15.325681686401367,-15.540746688842773,-3.8648109436035156,5.656451225280762,0.001541435718536377,-0.2684916853904724,2.3993420600891113,4.07269811630249,-0.8168712258338928,-0.9887007474899292,-5.595062255859375,-5.518058776855469,5.301039218902588,-5.292444705963135
890,-8.550270080566406,8.975757598876953,-0.9387462139129639,-1.7007688283920288,5.651744365692139,6.384249687194824,-2.7650020122528076,-4.441381454467773,-9.232739448547363,-9.114945411682129,4.566014289855957,-4.375026226043701,-1.7376351356506348,0.926262617111206,-1.1738049983978271,0.059347301721572876,7.116559982299805,8.901453018188477,-8.056828498840332,-8.229721069335938,-0.006422731094062328,-0.04125666245818138,15.291322708129883,-15.505096435546875,-3.9791505336761475,5.910614013671875,-0.23757928609848022,-0.3394036889076233,2.023902654647827,3.360421657562256,-0.7075797319412231,-1.1880604028701782,-5.414126873016357,-4.524509429931641,5.1059393882751465,-5.238591194152832
891,-8.067464828491211,9.023837089538574,2.598104238510132,-4.700510501861572,5.46900749206543,5.455118656158447,-6.259182453155518,-5.633679389953613,-8.91244888305664,-8.872347831726074,17.035137176513672,-4.159297943115234,-2.7382495403289795,1.1263632774353027,-0.26297417283058167,-1.9996190071105957,8.546340942382812,10.010178565979004,-5.2228546142578125,-12.305553436279297,-0.026534073054790497,-0.02408439666032791,0.037809908390045166,-15.575831413269043,-3.338066339492798,5.788813591003418,0.6483232378959656,-1.115609884262085,1.998732328414917,2.2307188510894775,-1.6486642360687256,-1.9179041385650635,-3.521285057067871,-3.44692063331604,4.189968585968018,-5.221861362457275
892,-8.179221153259277,8.703714370727539,3.382821798324585,-3.9361398220062256,2.4465932846069336,4.230821132659912,-7.242501735687256,-5.298916816711426,-8.058351516723633,-8.085198402404785,8.30061149597168,-4.075108528137207,-2.5731287002563477,2.5139079093933105,0.7896308898925781,-3.720109224319458,8.246971130371094,11.411157608032227,-7.830738544464111,-16.42196273803711,-0.0269730594009161,-0.006623408757150173,0.06130419671535492,-15.52856159210205,-3.944676637649536,5.677230358123779,0.7199419140815735,-0.8591167330741882,0.5461640954017639,1.5255353450775146,-2.0461792945861816,-2.2575690746307373,-2.3454415798187256,-2.3713390827178955,1.3707023859024048,-4.676140785217285
893,-8.262121200561523,8.321110725402832,1.2392773628234863,-3.9195172786712646,0.04755397513508797,1.093503713607788,-5.370898723602295,-4.580695152282715,-5.222323417663574,-5.4690423011779785,-3.1920993328094482,-4.0894927978515625,-2.5240278244018555,3.428068161010742,0.8607057929039001,-5.973751068115234,6.2225847244262695,11.40230655670166,-8.965779304504395,-19.434707641601562,-0.028302336111664772,-0.0008281394839286804,-3.1124143600463867,-14.35473918914795,-3.8629984855651855,6.139897346496582,0.1739565134048462,-0.9585965275764465,-0.11511682718992233,0.172477126121521,-1.5174832344055176,-2.6917707920074463,-1.0324985980987549,-1.1097447872161865,-1.0949558019638062,-3.692612409591675
894,-7.941181659698486,8.411590576171875,-1.0343552827835083,-3.3732903003692627,0.23333872854709625,-4.86714506149292,-4.82032585144043,-4.053783893585205,2.4116458892822266,3.771578788757324,-3.894232749938965,-3.9853675365448,-3.1371982097625732,1.6226325035095215,0.2747504711151123,-7.7551116943359375,5.049403667449951,6.605493068695068,-7.2456746101379395,-19.66788101196289,3.0961310863494873,5.999613285064697,-15.623237609863281,-12.96387767791748,-3.271284818649292,6.501134872436523,-0.2890707850456238,-0.8787500262260437,0.06547743827104568,-1.051443338394165,-1.1712514162063599,-2.5831172466278076,0.8393089771270752,1.406816840171814,-6.161357879638672,-2.4637863636016846
895,-7.263565540313721,9.106040000915527,-0.432262122631073,-3.4490787982940674,0.44427359104156494,-4.156893730163574,-5.180240631103516,-3.042569398880005,4.528536796569824,3.5095062255859375,-4.470268249511719,-2.720137119293213,-3.344207763671875,-0.7175601720809937,-0.10155241191387177,-8.884056091308594,4.404455184936523,2.504596471786499,-9.753382682800293,-18.856557846069336,13.703598976135254,15.449715614318848,-15.655220031738281,-10.523344039916992,-2.4444026947021484,5.847526550292969,-0.06441228091716766,-0.9792866110801697,0.11531013995409012,-0.7647751569747925,-1.5388915538787842,-1.6124210357666016,5.184123516082764,7.296243667602539,-6.570126056671143,-1.0884385108947754
896,-3.7693779468536377,9.295165061950684,-0.12078480422496796,-3.0294392108917236,-0.7789986729621887,-5.666433811187744,-3.984656810760498,-0.39049917459487915,1.987139105796814,2.143908739089966,-4.3838019371032715,5.725527763366699,-0.376106321811676,-0.8920427560806274,0.8592967391014099,-9.378705024719238,0.9585787057876587,1.047387719154358,-12.166245460510254,-17.14995765686035,15.303119659423828,15.36599349975586,-15.644779205322266,3.0151751041412354,-0.6515284776687622,3.6576945781707764,-0.011992692947387695,-0.8518763184547424,-0.19419634342193604,-1.3426889181137085,-1.247205138206482,0.09314078837633133,6.92648458480835,7.3637776374816895,-5.842210292816162,1.3866482973098755
897,3.377049684524536,1.26203191280365,2.262693405151367,-1.9320720434188843,-2.2501163482666016,-8.256866455078125,-2.7452919483184814,14.012147903442383,2.015538215637207,2.065690279006958,-4.48140811920166,3.9028847217559814,3.711747884750366,-0.8469346165657043,4.265933036804199,-7.592499732971191,-2.1873111724853516,-0.8861740827560425,-13.864316940307617,-4.919883728027344,15.697334289550781,15.572785377502441,-15.597742080688477,15.6943359375,1.1051033735275269,-0.051473572850227356,0.5914696455001831,-0.4888693690299988,-0.5313985347747803,-3.058154821395874,-0.9279571771621704,2.71940016746521,7.145867824554443,5.979401111602783,-6.254269599914551,6.195130348205566
898,3.5079598426818848,-3.9405548572540283,-0.7839972376823425,0.7628746032714844,-4.3413496017456055,-8.112638473510742,1.374493956565857,14.27729606628418,2.0154616832733154,8.382336616516113,-4.542459011077881,4.408655643463135,6.932648658752441,-5.556206226348877,5.457083702087402,-3.6572139263153076,-6.8840413093566895,-7.892064571380615,-14.089710235595703,8.079498291015625,15.697449684143066,7.874198913574219,-15.641425132751465,15.698348999023438,0.966413140296936,-1.1938596963882446,-0.25338315963745117,0.25688135623931885,-1.3139278888702393,-5.20091438293457,0.40819162130355835,4.0994648933410645,6.492158889770508,6.208676338195801,-6.263822078704834,6.3524169921875
899,-3.143918991088867,5.62587308883667,-3.24649715423584,1.3896740674972534,-5.43079137802124,-5.857011795043945,12.531280517578125,10.359941482543945,2.0176942348480225,4.350204944610596,-3.9918694496154785,4.37388801574707,6.202965259552002,-3.6620614528656006,4.425348281860352,0.04331018775701523,-11.202383995056152,-12.921603202819824,-7.819808006286621,14.806953430175781,15.699251174926758,11.742385864257812,-15.690162658691406,15.699097633361816,-0.8205738663673401,1.6065313816070557,-0.6363411545753479,0.29020363092422485,-2.724817991256714,-5.543411731719971,2.2935235500335693,4.663386821746826,6.93772029876709,6.35507345199585,-4.623081207275391,5.968803405761719
900,-6.237524509429932,2.492734909057617,0.7367001175880432,4.518646717071533,-5.752378463745117,-5.030191898345947,13.582213401794434,8.694601058959961,2.135204553604126,3.131392478942871,-4.00983190536499,4.370412826538086,6.806180953979492,-1.6885383129119873,4.3232574462890625,4.619088649749756,-10.191433906555176,-15.077123641967773,-0.10162661969661713,17.53911781311035,9.657430648803711,14.643653869628906,-15.701719284057617,15.679145812988281,-1.2923991680145264,0.36465388536453247,0.31046536564826965,1.1398200988769531,-4.006297588348389,-7.255267143249512,2.8161861896514893,5.7885847091674805,7.19072151184082,6.075033187866211,-4.790339946746826,5.942630767822266
901,-5.70818567276001,4.785653591156006,1.3841618299484253,6.823668003082275,-5.658952713012695,-4.351006031036377,13.872115135192871,8.862131118774414,4.382533550262451,2.324907064437866,-3.802064895629883,4.4045257568359375,3.201906442642212,-2.1700432300567627,-0.6498544812202454,5.1646013259887695,-13.375469207763672,-15.863648414611816,7.750042915344238,17.556032180786133,12.137530326843262,14.776979446411133,-15.69075870513916,15.674101829528809,-1.1421363353729248,1.0265713930130005,0.3013280928134918,1.7911343574523926,-6.90885066986084,-7.563023567199707,4.012785911560059,7.304996490478516,7.279025077819824,6.46608829498291,-4.45735502243042,6.130204677581787
902,-3.8429150581359863,3.4366490840911865,6.930812358856201,7.233161449432373,-4.729372501373291,-4.3317437171936035,10.843511581420898,9.074298858642578,3.068560838699341,2.4095816612243652,-3.4526548385620117,4.4674530029296875,3.326432943344116,1.2645924091339111,3.1127805709838867,8.569583892822266,-15.740998268127441,-16.42845916748047,15.617547988891602,17.205270767211914,14.34267520904541,15.071179389953613,-15.696928024291992,15.69765853881836,-0.6582543849945068,0.6699113249778748,1.7128281593322754,2.0513527393341064,-7.384580612182617,-8.073360443115234,4.949687957763672,7.562995910644531,7.823169708251953,6.312936305999756,-3.73237943649292,6.315812587738037
903,0.7978178858757019,3.6572105884552,9.696209907531738,6.0643463134765625,-4.027536392211914,-4.019443035125732,6.922808647155762,9.156722068786621,2.134077787399292,2.2573018074035645,-2.447025775909424,4.290831565856934,1.6690385341644287,4.973039150238037,9.678524017333984,10.442126274108887,-17.10017204284668,-16.10826873779297,21.440349578857422,17.218732833862305,15.700194358825684,15.587220191955566,-15.787678718566895,16.44587516784668,0.36037111282348633,0.9351109862327576,3.2197928428649902,2.0078487396240234,-3.4319186210632324,-4.3578948974609375,4.765188694000244,6.149674415588379,8.373461723327637,6.166868209838867,-2.2157351970672607,5.621617317199707
904,3.437377452850342,4.936705112457275,8.454071044921875,4.2331342697143555,9.440773963928223,9.092788696289062,3.9475674629211426,5.293668746948242,2.0318660736083984,3.0690550804138184,-1.2816225290298462,3.9943182468414307,6.312210559844971,9.219430923461914,18.89734649658203,14.227628707885742,-12.70743179321289,-11.327118873596191,19.87775230407715,15.03900146484375,15.051225662231445,10.884881019592285,-15.654145240783691,15.606961250305176,0.9857825040817261,1.8872402906417847,4.288331508636475,1.3760054111480713,4.341382026672363,4.301054000854492,2.5097362995147705,1.9993553161621094,7.618561744689941,6.082823753356934,-0.9687770009040833,4.717341423034668
905,-8.226049423217773,5.287866592407227,1.7034155130386353,-6.763127326965332,11.369441032409668,10.420873641967773,-2.0470480918884277,-15.535632133483887,4.651738166809082,-7.0316667556762695,4.042107582092285,3.7345151901245117,4.509739875793457,6.577515125274658,17.971050262451172,10.779961585998535,-5.36546516418457,0.4985308051109314,14.314745903015137,6.920005798339844,5.018550872802734,-11.708351135253906,-8.945565223693848,15.594802856445312,-3.5426106452941895,2.173035144805908,0.5553649663925171,-1.4255790710449219,8.477128982543945,7.846323013305664,-0.7925286889076233,-3.7105655670166016,5.381850719451904,-6.7746734619140625,0.7912636399269104,4.131652355194092
906,-6.202688217163086,7.0630693435668945,-11.198451042175293,-6.333151340484619,9.270407676696777,8.465635299682617,-4.306646823883057,-14.197113990783691,-4.822782039642334,-2.752345085144043,6.530001640319824,3.800523281097412,2.701082468032837,0.16622412204742432,2.8199994564056396,3.8793649673461914,1.8973557949066162,2.648423671722412,6.338011264801025,-0.7081477046012878,-8.6094331741333,-13.415325164794922,15.66264820098877,15.600808143615723,-1.425654411315918,2.514085292816162,-2.329280138015747,-1.0440782308578491,8.253268241882324,6.509002685546875,-0.7140693068504333,-3.035460948944092,-10.533380508422852,-6.4228739738464355,5.677601337432861,4.478821754455566
907,-7.459751129150391,9.447737693786621,-7.42830753326416,-4.477122783660889,8.0399169921875,8.339616775512695,1.0023103952407837,-5.607405185699463,-2.871966600418091,-3.2209160327911377,4.159478187561035,3.5908329486846924,-2.8405208587646484,-3.3034579753875732,-6.952460765838623,-1.5223156213760376,3.5570688247680664,3.0021955966949463,4.022665023803711,-3.443490743637085,-12.365970611572266,-12.781496047973633,15.657172203063965,15.657636642456055,-2.3863651752471924,4.038124084472656,-1.7032921314239502,-0.8526744842529297,6.19319486618042,7.244135856628418,0.40528690814971924,-0.9689944982528687,-6.978198051452637,-6.1774444580078125,5.469674587249756,3.9806995391845703
908,-7.21249532699585,10.145425796508789,-4.576197624206543,-0.07206258177757263,8.169618606567383,8.367609024047852,1.4084796905517578,-3.647557020187378,-3.500812292098999,-3.3525302410125732,4.221180438995361,5.942504405975342,-4.081070423126221,-3.5402209758758545,-10.682947158813477,-3.4048683643341064,3.621586322784424,2.991954803466797,3.221602201461792,0.14604905247688293,-12.714510917663574,-13.046825408935547,15.662083625793457,0.0011125016026198864,-2.731464147567749,4.2026753425598145,-1.2941904067993164,0.1470830887556076,6.067507266998291,6.982575416564941,0.3360840678215027,-0.7450996041297913,-6.320213317871094,-6.4078898429870605,5.3943634033203125,3.788109540939331
909,-7.380587577819824,10.040752410888672,-3.1707611083984375,2.097515344619751,8.055059432983398,8.215048789978027,2.5084047317504883,-2.4410741329193115,-3.281909704208374,-3.079057216644287,4.290995121002197,4.212041854858398,-4.396251678466797,-2.9611315727233887,-11.680517196655273,-2.7253096103668213,3.9804861545562744,3.6554477214813232,3.4581990242004395,-0.5402095913887024,-13.19770622253418,-13.426386833190918,15.662102699279785,0.0001452464930480346,-3.1779446601867676,4.1334147453308105,-0.9757184386253357,0.45608264207839966,5.041443347930908,6.581201076507568,0.6129918098449707,-0.4316931962966919,-6.208759784698486,-6.588996887207031,5.6524834632873535,0.4021613895893097
910,-7.508998394012451,9.72128677368164,-1.9891176223754883,2.3340439796447754,7.751475811004639,8.045947074890137,2.4392614364624023,0.27340567111968994,-3.056043863296509,-2.9762396812438965,4.3682990074157715,-4.208263874053955,-4.111403942108154,-2.2471272945404053,-11.667119026184082,-2.3627078533172607,4.393293857574463,4.1233744621276855,3.7003300189971924,4.4183268547058105,-13.632519721984863,-13.89838695526123,15.267189979553223,-15.7001314163208,-3.2263078689575195,3.8970961570739746,-0.5703126192092896,0.444146990776062,3.8682596683502197,5.851253032684326,0.555029571056366,0.1628706455230713,-6.4462761878967285,-6.718599796295166,5.890946388244629,-1.7895857095718384
911,-7.341055393218994,9.861893653869629,-0.6501354575157166,0.21894052624702454,7.393042087554932,7.9566521644592285,0.06197167560458183,1.9281435012817383,-2.8755404949188232,-2.7854881286621094,4.49038028717041,-3.893324851989746,-4.885458469390869,-2.878648519515991,-13.184904098510742,-2.800938606262207,4.341691493988037,4.229846954345703,2.4654290676116943,4.71335506439209,-14.000408172607422,-14.095706939697266,15.636560440063477,-15.700967788696289,-3.2189793586730957,3.8010036945343018,-0.15251553058624268,-0.03466315567493439,2.8935093879699707,4.9611077308654785,-0.08912564069032669,0.5287252068519592,-6.517398357391357,-6.578095436096191,6.024705410003662,-5.906036853790283
912,-7.553439140319824,9.839407920837402,3.580808401107788,0.6516761779785156,7.614656925201416,7.84686803817749,-3.1575000286102295,-0.6874485611915588,-2.729400157928467,-2.702925682067871,4.444255828857422,-4.277834892272949,-4.048187732696533,-1.996455192565918,-11.073783874511719,-1.6225093603134155,4.751451015472412,4.513691425323486,0.07586565613746643,4.337402820587158,-14.274698257446289,-14.35761547088623,15.592552185058594,-15.677741050720215,-3.6826391220092773,4.334959506988525,0.652972936630249,0.13644473254680634,4.049529552459717,4.7940216064453125,-0.7293552756309509,-0.22803622484207153,-6.272017955780029,-6.641092777252197,5.914849758148193,-5.88072395324707
913,-8.026385307312012,9.525425910949707,3.3599836826324463,-0.06160479784011841,7.529423236846924,7.7531938552856445,-2.5989372730255127,-2.3290021419525146,-2.6006691455841064,-2.540405035018921,4.687384128570557,-4.33342170715332,-1.3621752262115479,0.506258487701416,-7.607927322387695,1.2985683679580688,4.666782855987549,4.886506080627441,-1.9710193872451782,2.9636247158050537,-14.525290489196777,-14.745301246643066,15.62716007232666,-15.596334457397461,-3.8610634803771973,4.629182815551758,0.5083264112472534,-0.038027480244636536,3.7354726791381836,4.691897392272949,-0.5255641341209412,-0.47268927097320557,-6.267370700836182,-6.367926597595215,5.943545341491699,-5.890267372131348
914,-8.406993865966797,9.372027397155762,2.6792726516723633,-3.0119051933288574,7.726279258728027,7.611896514892578,-3.60782790184021,-6.076861381530762,-2.562701940536499,-2.392561674118042,5.3517584800720215,-4.376959323883057,-2.2064311504364014,-0.34471920132637024,-2.154254674911499,0.24401187896728516,4.505600929260254,5.893572807312012,-2.803215503692627,-0.14917342364788055,-14.666679382324219,-14.976700782775879,15.527849197387695,-15.555559158325195,-4.288329601287842,4.99536657333374,0.48710912466049194,-0.7064432501792908,3.787238121032715,4.957058906555176,-0.8172067403793335,-1.3361515998840332,-6.1777262687683105,-6.118143558502197,5.697242259979248,-6.013236999511719
915,-8.320133209228516,9.289712905883789,0.1715155988931656,-1.7346302270889282,7.436745643615723,7.085103988647461,-5.159019947052002,-4.701822280883789,-2.419689416885376,-3.360471725463867,4.750451564788818,-4.175337314605713,-1.7643271684646606,0.12292483448982239,-1.3348314762115479,0.424110472202301,4.9968342781066895,8.149138450622559,-5.0041046142578125,-3.308042526245117,-14.931737899780273,-0.08632449060678482,15.323518753051758,-15.372025489807129,-3.625178098678589,5.7774434089660645,-0.05437713861465454,-0.2988770008087158,3.4240469932556152,4.261543273925781,-1.292580485343933,-0.9797354936599731,-5.720186233520508,-5.753510475158691,5.403299808502197,-5.34459924697876
916,-8.483574867248535,9.063750267028809,-0.6840919256210327,-1.481475830078125,7.0699968338012695,6.362415313720703,-3.1114768981933594,-5.082647800445557,-2.3125250339508057,-9.176471710205078,4.655254364013672,-4.336280822753906,-1.758380651473999,0.7452971935272217,-1.4275691509246826,0.23643426597118378,5.684178352355957,9.267781257629395,-6.513575553894043,-6.97554349899292,-15.149267196655273,-0.023819107562303543,15.273088455200195,-15.553763389587402,-3.8381948471069336,6.268664360046387,-0.17652875185012817,-0.28235554695129395,2.921877861022949,3.6538891792297363,-0.698487401008606,-1.3005114793777466,-5.558588981628418,-4.816494941711426,5.389408111572266,-5.357893943786621
917,-8.528962135314941,8.969043731689453,-1.071666955947876,-1.5019413232803345,6.334974765777588,5.650461673736572,-3.2717432975769043,-4.579529285430908,-9.250875473022461,-9.086904525756836,4.538538455963135,-4.063191890716553,-2.01982045173645,1.1195063591003418,-1.9295622110366821,-0.5022336840629578,6.822353839874268,10.625289916992188,-7.709764003753662,-10.479886054992676,0.0018995553255081177,-0.024701088666915894,15.25544261932373,-15.588115692138672,-3.7511391639709473,6.631270885467529,-0.24302595853805542,-0.3034748435020447,2.402492046356201,2.635643482208252,-0.8809457421302795,-1.334082841873169,-5.254467964172363,-4.229183197021484,5.104679584503174,-4.908432960510254
918,-8.052632331848145,8.868441581726074,2.4348833560943604,-4.780651092529297,5.67935848236084,3.982384443283081,-6.713515758514404,-5.4536638259887695,-8.72096061706543,-8.627676010131836,16.863998413085938,-3.965268135070801,-2.8517112731933594,1.9991968870162964,-1.1416538953781128,-2.7739884853363037,8.215540885925293,12.302894592285156,-5.112871170043945,-14.587833404541016,-0.023488907143473625,-0.005909785162657499,0.021288812160491943,-15.641511917114258,-3.192702293395996,6.546102523803711,0.6016420722007751,-1.166083574295044,2.062945604324341,1.4294986724853516,-1.7507201433181763,-2.1187655925750732,-3.106780767440796,-2.9610180854797363,4.104070663452148,-4.821857452392578
919,-8.076338768005371,8.37744426727295,2.93585205078125,-4.784884929656982,3.1447393894195557,1.4700442552566528,-8.131174087524414,-5.15928316116333,-7.487721920013428,-7.203405857086182,7.316226959228516,-3.818587303161621,-2.7176966667175293,4.0521440505981445,-0.5200439691543579,-5.1578288078308105,7.511079788208008,13.40676212310791,-8.096590042114258,-18.693918228149414,-0.03150421380996704,-0.00034976284950971603,0.04811254143714905,-15.144941329956055,-3.680596113204956,6.724366188049316,0.5940858125686646,-1.1418756246566772,0.769720196723938,0.3723602294921875,-2.367587089538574,-2.658257246017456,-1.95230233669281,-1.7924085855484009,1.1244044303894043,-4.181858062744141
920,-8.020978927612305,7.981006622314453,0.628885805606842,-4.675573825836182,1.3981982469558716,-5.789167404174805,-6.203648090362549,-4.402103900909424,-2.5454816818237305,-2.0149929523468018,-5.481109142303467,-4.000777721405029,-3.1182913780212402,3.000582456588745,-0.8561994433403015,-7.692319869995117,5.764995098114014,8.905932426452637,-8.279112815856934,-19.978836059570312,-0.01875133067369461,-0.0027161049656569958,-7.744673252105713,-13.71754264831543,-3.3663456439971924,7.305476188659668,0.0375751256942749,-1.229565978050232,0.26565003395080566,-1.250360369682312,-1.8433160781860352,-2.9119162559509277,-0.32440122961997986,-0.20636047422885895,-1.6465191841125488,-2.9578092098236084
921,-7.317429065704346,8.860638618469238,-0.6098219752311707,-3.8902785778045654,2.2469115257263184,-6.131291389465332,-4.63056755065918,-3.5407674312591553,4.835761070251465,5.374502182006836,-3.945768117904663,-3.205676555633545,-3.7899954319000244,-0.333204060792923,-1.2002272605895996,-9.227237701416016,5.737678050994873,3.6401491165161133,-8.116557121276855,-19.35988998413086,8.803733825683594,11.756095886230469,-15.61379337310791,-11.675068855285645,-2.5467052459716797,6.840765953063965,-0.17339587211608887,-1.0840325355529785,0.6093729138374329,-1.2010279893875122,-1.113357424736023,-2.0773441791534424,2.115018606185913,5.051544666290283,-6.147919178009033,-1.545093297958374
922,-5.235901832580566,9.610031127929688,1.159285545349121,-3.978451728820801,0.8998875617980957,-6.143205165863037,-2.9748761653900146,-1.2826406955718994,2.840663194656372,2.1052775382995605,-4.345736980438232,-0.6330019235610962,-1.0610227584838867,-1.3376661539077759,0.05846470594406128,-9.823339462280273,2.948451519012451,1.340378999710083,-9.859451293945312,-17.66840362548828,15.778238296508789,15.42138671875,-15.6875581741333,-7.013188362121582,-1.250166893005371,5.053510665893555,0.2938259541988373,-1.2006806135177612,0.15639930963516235,-1.3927490711212158,-0.7874460220336914,-0.39441144466400146,6.026566028594971,7.719561576843262,-6.063286781311035,0.040834277868270874
923,1.1835778951644897,7.285642623901367,2.581887722015381,-3.345386505126953,0.9996065497398376,-7.890161991119385,-1.8993345499038696,9.883134841918945,2.001324415206909,2.1118662357330322,-4.3898420333862305,7.680695056915283,1.7108601331710815,0.6374267935752869,4.091846466064453,-8.62315845489502,2.55192494392395,0.2850993871688843,-10.947657585144043,-8.485089302062988,15.695112228393555,15.586532592773438,-15.648391723632812,15.669224739074707,0.5180597305297852,1.7392703294754028,0.6144495010375977,-0.9354400634765625,0.22206726670265198,-2.4980366230010986,-0.5323182940483093,1.8500362634658813,7.019903659820557,6.422542572021484,-5.970377445220947,5.132020950317383
924,4.564972877502441,-4.8955512046813965,1.532330870628357,-0.8888031244277954,-3.9825475215911865,-8.533406257629395,-0.9228159785270691,14.562005996704102,2.0143535137176514,9.491434097290039,-4.701422214508057,4.357994079589844,6.144351482391357,-4.4523844718933105,6.5682854652404785,-5.817270278930664,-2.1260297298431396,-6.796541213989258,-11.91991901397705,4.873717308044434,15.696972846984863,6.257351398468018,-15.625346183776855,15.682557106018066,1.4435099363327026,-1.9111558198928833,0.34305697679519653,-0.096873939037323,-1.0870907306671143,-4.778075218200684,-0.24368448555469513,3.6368062496185303,6.560084819793701,6.126778602600098,-6.907745361328125,6.464033126831055
925,2.3792097568511963,4.117077827453613,-5.095357894897461,-1.02310311794281,-5.996415138244629,-6.229068756103516,6.535709857940674,10.709665298461914,2.018547773361206,5.032907009124756,-4.184541702270508,4.372645854949951,9.45224666595459,-3.94038724899292,7.077780246734619,0.009784565307199955,-7.594192028045654,-11.031584739685059,-9.14087963104248,13.219865798950195,15.690646171569824,10.851178169250488,-15.491792678833008,15.697492599487305,0.571008563041687,1.138281226158142,-1.0889716148376465,-0.24283048510551453,-2.3045167922973633,-4.795064926147461,1.224947214126587,3.9014084339141846,6.802743434906006,6.343854904174805,-5.0406293869018555,6.01167106628418
926,-6.910822868347168,2.445760488510132,-0.16909147799015045,2.9762492179870605,-5.631927490234375,-5.356699466705322,10.367695808410645,8.699644088745117,2.02493953704834,3.4937353134155273,-3.936758518218994,4.282757759094238,6.102232933044434,-2.868194103240967,6.028538703918457,2.7263941764831543,-11.550674438476562,-14.31484317779541,-3.948369264602661,16.483448028564453,15.691983222961426,14.069944381713867,-15.689168930053711,15.697015762329102,-1.8513219356536865,0.3950496315956116,0.12671691179275513,0.7963288426399231,-2.9893927574157715,-6.516045570373535,1.9456441402435303,4.743927001953125,6.972770690917969,6.175363063812256,-4.66957426071167,5.650994777679443
927,-4.98906946182251,3.8297054767608643,-1.502976894378662,5.243393898010254,-5.127018928527832,-4.627587795257568,13.701693534851074,8.418523788452148,2.0246694087982178,2.395565986633301,-3.908512592315674,4.360653877258301,6.676475524902344,-1.1029493808746338,3.5262718200683594,5.529534339904785,-9.852472305297852,-15.457916259765625,3.7111639976501465,17.825037002563477,10.070905685424805,15.172614097595215,-15.712122917175293,15.709805488586426,-0.8800488710403442,0.8450375199317932,-0.29700034856796265,1.4053053855895996,-4.699252128601074,-7.61741828918457,3.4292664527893066,6.417693138122559,7.3741912841796875,6.166843891143799,-4.694578647613525,5.886257171630859
928,-6.238029956817627,3.8134970664978027,4.070670127868652,7.239770889282227,-5.661527633666992,-4.4055609703063965,12.562646865844727,9.170669555664062,4.346339225769043,2.4721853733062744,-3.7228174209594727,4.465980529785156,3.1286866664886475,-0.8162509799003601,0.3836410641670227,5.888813018798828,-13.236881256103516,-15.982279777526855,10.868134498596191,17.482105255126953,11.871524810791016,14.903759956359863,-15.654523849487305,15.61856460571289,-1.3587627410888672,0.7500622868537903,1.0254850387573242,1.8789615631103516,-7.191561222076416,-7.7458577156066895,4.173227310180664,7.215253829956055,7.495514392852783,6.30530309677124,-4.062685012817383,5.9684367179870605
929,-2.2043399810791016,2.2885725498199463,8.762056350708008,7.124897003173828,-4.740316867828369,-4.180272579193115,9.399320602416992,8.957512855529785,3.024653434753418,2.215733528137207,-3.239985704421997,4.374905109405518,4.120455265045166,2.785836935043335,6.348146438598633,9.69323444366455,-15.827935218811035,-17.09004783630371,17.73629379272461,16.927282333374023,14.816494941711426,15.52151870727539,-15.67418098449707,15.687464714050293,-0.25960350036621094,0.43262988328933716,2.3342676162719727,2.093435049057007,-6.168023586273193,-7.8066582679748535,4.986716270446777,6.71694803237915,8.108399391174316,6.017822265625,-3.3729827404022217,5.906089782714844
930,0.9665568470954895,4.803282737731934,10.490897178649902,5.785562038421631,-0.6657415628433228,-1.7461427450180054,5.109991550445557,7.663957118988037,1.9283857345581055,2.1182801723480225,-2.0336735248565674,3.3300273418426514,3.108222007751465,7.349411487579346,13.716239929199219,11.475025177001953,-15.43844985961914,-15.247218132019043,20.951684951782227,16.405738830566406,15.69964599609375,14.281974792480469,-15.636351585388184,15.649628639221191,0.322381854057312,1.5333625078201294,4.001636981964111,1.7534072399139404,0.012980140745639801,-0.5368156433105469,4.15616512298584,4.398385047912598,8.396099090576172,6.327915191650391,-1.7299596071243286,5.001175880432129
931,-1.1950122117996216,4.930514812469482,6.289921760559082,2.313579797744751,10.787341117858887,10.289093971252441,2.9131453037261963,1.2659873962402344,2.9512743949890137,3.616290330886841,-0.8257191777229309,3.7620787620544434,6.411569595336914,9.459529876708984,20.82464599609375,14.082900047302246,-9.605587005615234,-9.909010887145996,18.96632957458496,13.573277473449707,10.538178443908691,9.45890998840332,-15.634803771972656,15.584433555603027,-0.2884453535079956,1.943652629852295,3.6438279151916504,0.6408383846282959,6.986276149749756,6.045736312866211,1.4886910915374756,-0.07816004008054733,7.020106315612793,4.668323993682861,-0.5355177521705627,4.2040696144104
932,-8.97333812713623,5.364502906799316,0.3302716314792633,-9.055137634277344,10.8306884765625,10.15164852142334,-6.558468818664551,-20.382959365844727,6.183252334594727,-6.517960071563721,7.423802852630615,3.4830679893493652,3.3766133785247803,4.950201511383057,15.820579528808594,8.916706085205078,-3.215092420578003,1.4304417371749878,10.690643310546875,3.332733154296875,2.0709800720214844,-12.27379322052002,-0.23531123995780945,15.619296073913574,-3.48179292678833,2.0095102787017822,-0.35884782671928406,-1.7630701065063477,8.42406177520752,8.0396089553833,-1.4009753465652466,-5.467715740203857,3.0587716102600098,-8.193228721618652,1.3888243436813354,3.7279155254364014
933,-6.227396488189697,7.665733814239502,-12.144240379333496,-5.590301513671875,8.670470237731934,8.373419761657715,-1.752540111541748,-12.081783294677734,-4.5741777420043945,-2.8255841732025146,3.8116230964660645,3.7060790061950684,0.024589404463768005,-1.19251549243927,-0.32713305950164795,1.8939543962478638,2.80509090423584,2.945826768875122,4.6954474449157715,-2.9248592853546143,-10.171052932739258,-13.038890838623047,15.67449951171875,15.674365997314453,-1.285597324371338,2.709146022796631,-2.5939600467681885,-0.8952025175094604,7.692764759063721,6.906497955322266,-0.1669577658176422,-2.510610818862915,-10.275869369506836,-5.863768577575684,5.76658296585083,4.312331676483154
934,-6.933501243591309,9.701699256896973,-6.696053504943848,-3.118457078933716,8.288148880004883,8.328459739685059,0.9905310869216919,-5.997519493103027,-3.636547327041626,-3.3522260189056396,4.181786060333252,3.4969213008880615,-3.459785223007202,-3.6315228939056396,-8.536301612854004,-2.112696886062622,3.1559107303619385,2.9147167205810547,2.929196834564209,-5.456775665283203,-12.109308242797852,-12.606758117675781,15.66425895690918,15.666121482849121,-2.212508201599121,3.9928336143493652,-1.6122255325317383,-0.5750764012336731,6.383554935455322,7.2301411628723145,0.32039791345596313,-1.2384930849075317,-6.798458576202393,-6.150418281555176,5.487889766693115,3.834279775619507
935,-7.145868301391602,10.058243751525879,-4.293972492218018,0.9207689762115479,8.27707290649414,8.4276704788208,0.7853410243988037,-4.187686443328857,-3.5142359733581543,-3.374638080596924,4.2221808433532715,15.584090232849121,-4.258864402770996,-3.4713428020477295,-11.430913925170898,-3.2300190925598145,3.2441773414611816,2.957616090774536,1.913631558418274,-1.873611330986023,-12.618768692016602,-13.09270191192627,15.665225982666016,0.0029140478000044823,-2.705390453338623,3.9897403717041016,-1.267876148223877,0.31893008947372437,6.250199794769287,6.978562355041504,0.1602446287870407,-0.7784477472305298,-6.307088851928711,-6.416019439697266,5.340946674346924,3.726090431213379
936,-7.455018043518066,9.944765090942383,-2.654768705368042,3.1563799381256104,8.187594413757324,8.271254539489746,2.961090564727783,-3.1674954891204834,-3.3132803440093994,-3.145972490310669,4.251344680786133,12.149332046508789,-4.113070011138916,-2.5061261653900146,-11.428242683410645,-1.7198083400726318,3.6226706504821777,3.6719858646392822,2.613091230392456,-2.8555374145507812,-13.188087463378906,-13.535221099853516,15.664814949035645,-0.00026829581474885345,-3.335109233856201,3.9263038635253906,-0.7892680764198303,0.6648536324501038,5.165565013885498,6.59681510925293,0.7332121133804321,-0.6572071313858032,-6.260980129241943,-6.543120384216309,5.525824069976807,2.5145034790039062
937,-7.404344081878662,9.964908599853516,-1.7820714712142944,2.4542672634124756,8.034432411193848,8.141082763671875,3.3647818565368652,-0.4620419144630432,-3.059910297393799,-2.867446184158325,5.305795192718506,2.8345963954925537,-4.7348246574401855,-3.0808980464935303,-13.177420616149902,-1.2764424085617065,3.6103155612945557,3.74650239944458,3.3863589763641357,-3.3548519611358643,-13.626129150390625,-13.809844017028809,15.5156888961792,0.008166365325450897,-3.3548426628112793,3.750065803527832,-0.5813773274421692,0.44299226999282837,4.016359806060791,5.9382243156433105,0.7782208323478699,0.007511802017688751,-6.564709663391113,-6.605045318603516,5.779346466064453,0.21218225359916687
938,-7.613184928894043,9.785665512084961,0.2042766809463501,1.6051669120788574,7.982532024383545,8.096138000488281,-1.9891341924667358,0.5264216065406799,-2.8961269855499268,-2.8381619453430176,4.411213397979736,-3.0493173599243164,-4.056638717651367,-2.1935863494873047,-12.389216423034668,-0.8203185200691223,4.064533710479736,3.9254038333892822,1.3648133277893066,1.5274795293807983,-13.916643142700195,-14.098554611206055,15.59753131866455,-15.679076194763184,-3.503757953643799,4.114965915679932,0.15317553281784058,0.27820807695388794,4.798936367034912,6.037921905517578,-0.5826377272605896,0.15226787328720093,-6.477880954742432,-7.035857200622559,5.829559803009033,-4.347048759460449
939,-7.740387439727783,9.637688636779785,2.7248141765594482,-0.23651160299777985,7.810608386993408,7.962810039520264,-3.088129997253418,1.66529381275177,-2.7736034393310547,-2.693742275238037,4.441019535064697,-4.206524848937988,-3.6827492713928223,-1.6451268196105957,-10.879467010498047,-0.27014413475990295,4.380533695220947,4.363579750061035,-0.8599007725715637,1.7534643411636353,-14.468222618103027,-14.384467124938965,15.596403121948242,-15.688217163085938,-3.549529552459717,4.115373611450195,0.46333545446395874,-0.1158958226442337,4.043034553527832,5.4388227462768555,-0.6651617884635925,0.39862775802612305,-6.458220958709717,-6.587298393249512,5.906527996063232,-6.115219593048096
940,-7.887575626373291,9.538240432739258,3.51393723487854,-1.0442277193069458,7.684588432312012,7.7977752685546875,-3.3933703899383545,-0.4711470305919647,-2.34619402885437,-2.477198600769043,4.455496311187744,-4.381760120391846,-3.806696891784668,-2.0406150817871094,-3.9011802673339844,-0.3197166919708252,3.9745333194732666,4.584801197052002,-0.5099748373031616,1.1032612323760986,-15.332566261291504,-14.938718795776367,10.739139556884766,-15.71911907196045,-3.703643321990967,4.516770362854004,0.5560241341590881,-0.24045021831989288,4.042150020599365,5.28991174697876,-0.751219630241394,-0.17365574836730957,-6.36814546585083,-6.360129356384277,5.871157169342041,-6.054137229919434
941,-8.141671180725098,9.450639724731445,1.118039846420288,-1.350870132446289,7.952711582183838,7.734065055847168,-6.860645294189453,-2.7050039768218994,-2.167343854904175,-2.249032974243164,4.927797794342041,-4.244882583618164,-2.1324079036712646,-0.3360729217529297,-2.2418761253356934,1.1617999076843262,3.850515127182007,5.324149131774902,-4.980041027069092,-0.6235494613647461,-15.613157272338867,-15.197983741760254,15.263519287109375,-15.516059875488281,-3.4699153900146484,5.474607467651367,0.142835795879364,-0.2734050154685974,4.282008171081543,5.282569885253906,-1.774857759475708,-0.6237043142318726,-6.1284260749816895,-6.235179901123047,5.574606895446777,-5.609618663787842
942,-8.264729499816895,9.309932708740234,-0.21437177062034607,-2.0021250247955322,7.798773288726807,7.319925308227539,-3.930762529373169,-4.298941135406494,-2.0980260372161865,-4.540839195251465,4.78906774520874,-4.374234199523926,-1.9031835794448853,-0.029096752405166626,-1.6152839660644531,1.2141900062561035,4.21983528137207,7.447466850280762,-6.735543251037598,-3.2147328853607178,-15.578078269958496,0.035528212785720825,15.141780853271484,-15.508638381958008,-3.4679267406463623,5.854794025421143,-0.09341365098953247,-0.40936529636383057,3.7548739910125732,4.963268280029297,-0.8847466111183167,-1.0034148693084717,-5.787420272827148,-5.7156829833984375,5.548171043395996,-5.5698747634887695
943,-8.271320343017578,9.276259422302246,-0.8318367004394531,-2.663449287414551,7.431571960449219,6.725338459014893,-2.9386250972747803,-4.703502655029297,-2.069619655609131,-9.173502922058105,4.519284248352051,-4.380512714385986,-2.054612636566162,0.3334721326828003,-2.060316324234009,0.34907931089401245,5.212573528289795,8.801590919494629,-8.061673164367676,-6.468274116516113,-15.590713500976562,-0.021424800157546997,15.249296188354492,-15.582080841064453,-3.412163734436035,6.172170639038086,-0.2025861144065857,-0.5455355048179626,3.230855941772461,4.216009616851807,-0.7520372271537781,-1.1832776069641113,-5.557938098907471,-4.760997295379639,5.41528844833374,-5.604317665100098
944,-7.795436859130859,9.12386417388916,-1.0211983919143677,-2.2845683097839355,6.245026588439941,6.026906490325928,-2.8058900833129883,-4.431303977966309,-9.221430778503418,-9.043941497802734,4.562993049621582,-4.117843151092529,-2.5950870513916016,0.27063775062561035,-2.14583420753479,-1.0824209451675415,7.029536724090576,10.22195053100586,-4.302084445953369,-9.712023735046387,0.04659460484981537,-0.03766818717122078,0.05374233424663544,-15.64770793914795,-3.338641881942749,6.510843276977539,-0.2303369641304016,-0.45167678594589233,2.682792901992798,3.116969347000122,-0.787695050239563,-1.2524075508117676,-5.118107318878174,-4.107234954833984,5.124075412750244,-5.155027389526367
945,-7.987588882446289,8.956995964050293,3.763524055480957,-5.2127814292907715,5.848904132843018,4.598140239715576,-6.867720603942871,-5.936742782592773,-8.184550285339355,-7.911706924438477,1.0537806749343872,-4.218196868896484,-2.099208354949951,1.8215478658676147,-1.166135549545288,-2.8265812397003174,6.975641250610352,12.05178451538086,-6.7046217918396,-14.038908004760742,-0.009692862629890442,-0.010430894792079926,0.018046647310256958,-15.676490783691406,-3.0673904418945312,5.918880462646484,0.8987001776695251,-1.26265549659729,2.0338423252105713,1.8154337406158447,-1.951907753944397,-2.26358699798584,-2.4075944423675537,-2.2032389640808105,-0.46703606843948364,-5.196983337402344
946,-7.9567766189575195,8.616476058959961,1.486319899559021,-4.277080535888672,4.186267852783203,1.5370895862579346,-4.594874382019043,-4.790905475616455,-6.010488510131836,-4.7665815353393555,-2.917788505554199,-3.7467615604400635,-2.5287904739379883,2.9545822143554688,-0.4066985249519348,-5.5495147705078125,6.825289726257324,12.817034721374512,-3.8431172370910645,-18.026084899902344,-0.02739802747964859,-0.0019982722587883472,-15.569488525390625,-15.033954620361328,-3.126960277557373,6.437948226928711,0.212696373462677,-0.9911383986473083,1.1361428499221802,0.3498593270778656,-0.8939155340194702,-2.2388312816619873,-1.2932370901107788,-0.8969740867614746,-3.948232412338257,-4.2061944007873535
947,-7.812536239624023,8.31306266784668,0.938504159450531,-4.425525188446045,3.608564853668213,-5.467495441436768,-5.691710948944092,-4.043214797973633,1.8981850147247314,4.842303276062012,-4.39001989364624,-4.166939735412598,-2.8845059871673584,2.478717803955078,-0.33316540718078613,-7.632447242736816,6.507066249847412,8.24540901184082,-6.580015182495117,-19.677841186523438,2.032599925994873,8.435224533081055,-15.643329620361328,-13.971582412719727,-2.9814436435699463,7.007189750671387,0.165117084980011,-1.188086986541748,0.9728217124938965,-1.1912951469421387,-1.492919921875,-2.500302791595459,0.7136365175247192,2.193563222885132,-6.80918025970459,-3.2951908111572266
948,-7.047229290008545,8.832063674926758,0.8801140785217285,-4.624126434326172,2.4360389709472656,-4.943757057189941,-4.624241828918457,-2.9326210021972656,4.848398208618164,2.7316131591796875,-4.479444980621338,-3.6750924587249756,-2.2022674083709717,-0.07627274096012115,-0.06155424192547798,-9.274641036987305,5.444272041320801,3.093456983566284,-9.139495849609375,-19.109621047973633,12.91311264038086,15.528707504272461,-15.658271789550781,-12.503754615783691,-2.197000503540039,6.496902942657471,0.17276835441589355,-1.351306438446045,0.58336341381073,-0.907412052154541,-1.2564918994903564,-1.5977692604064941,4.806019306182861,7.934547424316406,-6.2526350021362305,-2.054849863052368
949,-4.5869879722595215,9.30608081817627,1.1270445585250854,-4.2946672439575195,2.056455373764038,-4.723142147064209,-3.1353392601013184,-1.0180317163467407,1.9829728603363037,2.2110595703125,-4.337258338928223,-1.6808816194534302,-0.4898223578929901,-0.4919792711734772,1.4906280040740967,-9.913248062133789,3.17574405670166,1.3506138324737549,-11.276915550231934,-17.422922134399414,15.76339054107666,15.440123558044434,-15.646991729736328,-8.975839614868164,-0.9075675010681152,4.424541473388672,0.24058637022972107,-1.285654902458191,0.46180054545402527,-0.9836539030075073,-0.9042389392852783,-0.29871827363967896,7.048830509185791,7.732686996459961,-5.718042373657227,-0.4507811367511749
950,1.9847592115402222,6.756038665771484,1.641727328300476,-3.553975820541382,1.2422491312026978,-6.977880001068115,-1.5460145473480225,9.994203567504883,2.016007900238037,2.073683977127075,-4.310828685760498,9.141889572143555,2.6487834453582764,0.08170974254608154,5.26666259765625,-8.68199634552002,2.874251365661621,2.5393686294555664,-12.4913911819458,-8.786182403564453,15.685246467590332,2.967770576477051,-15.640520095825195,15.688677787780762,0.6963661909103394,1.5616021156311035,0.39473408460617065,-0.9843406081199646,0.24052271246910095,-1.9689695835113525,-0.42953646183013916,1.8415169715881348,7.277418613433838,6.2462477684021,-5.582242488861084,4.243064880371094
951,3.8385448455810547,-2.032862663269043,-1.467100739479065,-1.5597984790802002,-3.9774911403656006,-8.202744483947754,0.16534703969955444,14.449410438537598,2.018928289413452,7.7475690841674805,-4.500311374664307,4.285561561584473,5.819756507873535,-4.391517639160156,6.118963718414307,-6.42411994934082,-1.6488755941390991,-6.615096092224121,-12.845907211303711,4.134848117828369,15.698198318481445,7.5376057624816895,-15.639957427978516,15.698601722717285,1.1088173389434814,-0.8176518082618713,-0.3607974648475647,-0.30237603187561035,-1.0835950374603271,-4.584056377410889,0.1252184361219406,3.4985458850860596,7.106722354888916,5.052960395812988,-6.355703830718994,6.603816986083984
952,2.3518729209899902,3.422482967376709,-3.3664300441741943,-0.9874202013015747,-5.8697428703308105,-6.100767135620117,6.274550914764404,11.418063163757324,2.0187625885009766,4.4325852394104,-4.07559871673584,4.36765718460083,8.949189186096191,-2.941720485687256,6.281151294708252,-0.6195659637451172,-6.90462064743042,-12.450671195983887,-9.616073608398438,12.746527671813965,15.621894836425781,12.300210952758789,-15.575034141540527,15.700078010559082,0.5761019587516785,0.835386335849762,-0.6299461722373962,-0.2029087096452713,-2.066030502319336,-4.748486042022705,1.0957508087158203,4.224231243133545,6.751436710357666,6.034765243530273,-4.841915607452393,6.013505458831787
953,-7.134818077087402,3.5083072185516357,0.37543970346450806,2.6225297451019287,-5.872287750244141,-4.86955451965332,11.464698791503906,9.167801856994629,2.0361294746398926,3.0048861503601074,-3.8909645080566406,4.330837249755859,5.772871494293213,-0.15665856003761292,5.328482627868652,2.4767658710479736,-10.888368606567383,-15.73576545715332,-2.552513360977173,16.562978744506836,15.671804428100586,14.48219108581543,-15.691333770751953,15.700250625610352,-1.9879767894744873,0.7137934565544128,0.21887576580047607,0.6948893070220947,-3.1789801120758057,-5.990384101867676,2.2508792877197266,5.216461658477783,6.969181537628174,6.189321517944336,-4.619602203369141,5.82253885269165
954,-5.0746378898620605,2.250511407852173,0.7886620163917542,6.117761611938477,-5.345035552978516,-4.521877288818359,13.100648880004883,8.55844497680664,2.0422236919403076,2.189908981323242,-3.8705952167510986,4.376030445098877,-1.27656888961792,-2.708951234817505,-0.6397027969360352,3.5848422050476074,-13.47702407836914,-16.71799087524414,4.921219348907471,17.067138671875,15.611736297607422,14.862225532531738,-15.699239730834961,15.695731163024902,-0.8919835090637207,0.43234652280807495,0.21109303832054138,1.715714454650879,-5.3227219581604,-7.275539398193359,3.5142388343811035,6.99970817565918,7.60437536239624,6.2237467765808105,-4.624892234802246,6.007284641265869
955,-0.47292211651802063,2.0538382530212402,4.510384559631348,7.009920597076416,-5.784670829772949,-3.9666707515716553,11.471785545349121,9.249146461486816,3.8104991912841797,2.142383337020874,-3.6658384799957275,4.482170581817627,4.584498882293701,1.373278260231018,1.6838635206222534,7.196181774139404,-13.081579208374023,-17.672611236572266,14.047983169555664,17.235652923583984,13.462563514709473,15.496818542480469,-15.690444946289062,15.674259185791016,0.06662476807832718,0.39898425340652466,1.0676357746124268,1.8632514476776123,-6.479201316833496,-8.224589347839355,4.518682956695557,7.991864204406738,7.964132785797119,6.602391242980957,-4.117741584777832,6.230328559875488
956,-3.0986745357513428,1.99859619140625,9.581947326660156,6.62072229385376,-4.810207843780518,-3.6565306186676025,7.272578716278076,9.330211639404297,2.403153657913208,2.088667869567871,-2.576040029525757,4.328908920288086,5.320395469665527,5.644620418548584,9.093742370605469,10.668303489685059,-15.249014854431152,-18.68228530883789,19.949295043945312,16.62765884399414,15.276105880737305,15.591513633728027,-15.672082901000977,15.69057846069336,-0.6388295888900757,0.4710318446159363,2.8849477767944336,2.0407509803771973,-5.445216655731201,-5.002927780151367,4.565053462982178,7.026068687438965,8.024103164672852,6.426551818847656,-2.3442649841308594,5.726612091064453
957,0.6536250114440918,4.0938873291015625,8.946555137634277,5.661037921905518,7.800720691680908,9.977760314941406,4.837540149688721,8.045437812805176,2.4327516555786133,2.025214910507202,-1.4992859363555908,4.05398416519165,9.415009498596191,9.735490798950195,18.553327560424805,14.73708438873291,-11.87534236907959,-14.331062316894531,19.756702423095703,15.312228202819824,13.205975532531738,12.562383651733398,-15.677513122558594,15.666707992553711,0.30598878860473633,1.5091708898544312,4.672951698303223,2.1173646450042725,2.4564552307128906,5.662316799163818,3.235431671142578,4.011580944061279,7.700469493865967,6.723791599273682,-1.202807068824768,4.726165294647217
958,-9.883910179138184,4.823360919952393,3.839482307434082,-4.259397029876709,11.007959365844727,11.102596282958984,0.49534085392951965,-6.294961452484131,5.295058250427246,-7.198281764984131,-1.4239020347595215,3.699357748031616,8.09597110748291,6.150803089141846,18.01868438720703,11.82872486114502,-4.99594259262085,-0.9540535807609558,15.198355674743652,10.35058307647705,4.289894104003906,-10.799054145812988,0.004405057057738304,15.656020164489746,-4.566524505615234,1.8960412740707397,1.8027958869934082,-1.083993911743164,7.497107028961182,9.538209915161133,-0.26948249340057373,-1.770592212677002,5.49275541305542,-3.806986093521118,-0.07880003750324249,4.193364143371582
959,-9.515602111816406,7.525976657867432,-10.25683307647705,-7.495159149169922,9.144631385803223,9.118002891540527,-4.603322505950928,-14.061921119689941,-4.426726818084717,-3.271123170852661,6.111466884613037,3.839376449584961,0.4082498550415039,1.550581455230713,5.412133693695068,4.029797077178955,2.259708881378174,2.0306742191314697,8.217884063720703,3.625577449798584,-10.717792510986328,-12.778735160827637,15.534332275390625,15.633169174194336,-3.08848237991333,3.2666730880737305,-2.249925374984741,-1.3158111572265625,6.519703388214111,7.530858039855957,-0.8446546196937561,-2.9217782020568848,-10.791936874389648,-7.430149555206299,5.48089075088501,4.622194290161133
960,-6.0683674812316895,9.082765579223633,-8.982315063476562,-6.044855117797852,8.338850021362305,8.662764549255371,1.384729027748108,-9.104844093322754,-4.022737979888916,-3.3408210277557373,4.191853046417236,3.566368579864502,-2.144547700881958,-2.8054745197296143,-6.234260082244873,-2.32474946975708,3.971846103668213,1.828940749168396,5.459549427032471,-0.7564473152160645,-13.24311637878418,-12.522262573242188,15.656067848205566,15.649895668029785,-1.2818183898925781,3.334317922592163,-2.080885887145996,-1.2246931791305542,5.583664417266846,7.486331939697266,0.5468102097511292,-1.7228007316589355,-7.851068019866943,-5.776410102844238,5.707289218902588,3.825106382369995
961,-7.122595310211182,9.865010261535645,-4.699812889099121,-1.2295714616775513,8.013280868530273,8.577138900756836,1.1317405700683594,-5.648439407348633,-3.3345227241516113,-3.2227699756622314,4.266388416290283,3.3415002822875977,-3.557544708251953,-3.2939999103546143,-10.420276641845703,-4.5970659255981445,4.036030292510986,2.667811393737793,4.176346302032471,1.9194409847259521,-12.86020278930664,-13.210041999816895,15.601194381713867,-0.0002318995539098978,-2.7214813232421875,3.743971586227417,-1.2584259510040283,-0.10310234129428864,5.234977722167969,7.7367730140686035,0.25418633222579956,-1.1248027086257935,-6.559452056884766,-6.389427185058594,5.565276622772217,3.532106637954712
962,-7.5031962394714355,9.843990325927734,-3.39968204498291,2.0062320232391357,7.870774745941162,8.25129508972168,1.281551480293274,-4.095132827758789,-3.281883716583252,-2.972935914993286,4.31259298324585,4.281336307525635,-4.081671714782715,-2.9439353942871094,-12.067217826843262,-4.16117525100708,4.398678779602051,3.1310231685638428,3.2826735973358154,0.4899684190750122,-13.16421890258789,-13.196588516235352,15.663749694824219,0.0014915623469278216,-3.2759389877319336,3.7338733673095703,-1.0733001232147217,0.4692689776420593,4.416262149810791,7.368802070617676,0.2967671751976013,-0.7146024107933044,-6.330845832824707,-6.4958930015563965,5.709843158721924,0.44449758529663086
963,-7.646071434020996,9.578304290771484,-2.057199239730835,3.019047737121582,7.400692462921143,8.267446517944336,2.3623623847961426,-1.030887484550476,-3.0872039794921875,-3.0544795989990234,4.382725238800049,-3.453673839569092,-4.343536853790283,-3.024771213531494,-13.384239196777344,-3.742251396179199,4.342800617218018,3.18381667137146,3.261324167251587,2.642066240310669,-13.584019660949707,-14.224279403686523,14.758204460144043,-9.056977272033691,-3.440417766571045,3.3724300861358643,-0.6044173836708069,0.5802533030509949,3.1249208450317383,6.68125057220459,0.5781018733978271,-0.08934479206800461,-6.514415264129639,-6.577526092529297,5.932959079742432,-1.0709782838821411
964,-7.72780179977417,9.659344673156738,-0.556133508682251,2.0717201232910156,7.334660053253174,8.271158218383789,-0.3500894010066986,0.4451073706150055,-2.9064316749572754,-2.462409257888794,4.456947326660156,-3.8470664024353027,-4.086175441741943,-2.5223565101623535,-13.196072578430176,-3.0215046405792236,4.566055774688721,3.2920703887939453,1.7536323070526123,4.681148052215576,-13.919842720031738,-15.170281410217285,15.61199951171875,-15.69958782196045,-3.810512065887451,3.612064838409424,-0.10755801200866699,0.34017646312713623,3.018922805786133,6.651250839233398,-0.17789073288440704,0.16393965482711792,-6.513432025909424,-6.722809791564941,6.058432579040527,-6.053802490234375
965,-7.8486762046813965,9.651293754577637,1.643868088722229,0.9260130524635315,7.08350133895874,8.194767951965332,-0.35702481865882874,-0.6464491486549377,-2.773768424987793,-2.1418709754943848,4.508441925048828,-4.406260013580322,-4.528972148895264,-3.095508098602295,-7.640849590301514,-2.803711175918579,4.414919853210449,3.4578232765197754,2.57358455657959,4.259341716766357,-14.268885612487793,-15.56731128692627,10.840616226196289,-16.359512329101562,-4.085953712463379,3.7343802452087402,0.31349068880081177,0.13183437287807465,2.718045234680176,6.178755760192871,-0.06970102339982986,-0.15396755933761597,-6.525545597076416,-6.567983150482178,6.104072093963623,-6.51541805267334
966,-7.772121429443359,10.038455963134766,1.2788981199264526,0.4186267852783203,7.383755683898926,8.156087875366211,-5.750833511352539,-3.8925631046295166,-2.6096549034118652,-2.0720832347869873,5.036355018615723,-4.484602928161621,-3.8643481731414795,-2.470858335494995,-3.677417755126953,-1.6399317979812622,4.949738025665283,4.268206596374512,-1.1599655151367188,2.295820713043213,-14.482316017150879,-15.612354278564453,15.233644485473633,-15.584185600280762,-4.166988372802734,4.636119842529297,0.21866446733474731,0.060132429003715515,3.2583565711975098,6.54874324798584,-1.3697130680084229,-0.8222994804382324,-6.386141300201416,-6.650033473968506,5.835315227508545,-6.378489971160889
967,-7.896184921264648,9.844507217407227,-0.6711947321891785,0.8213045001029968,6.7756781578063965,7.705175876617432,-3.2043607234954834,-3.126546859741211,-2.527146816253662,-2.0617287158966064,4.805296421051025,-4.542625427246094,-3.6249725818634033,-1.8754072189331055,-2.3925583362579346,-0.7284422516822815,5.625262260437012,5.91919469833374,-3.0367085933685303,0.33689454197883606,-14.708256721496582,-15.596446990966797,15.261338233947754,-15.592220306396484,-3.832747459411621,5.023904800415039,-0.21932578086853027,0.17354975640773773,2.5149049758911133,5.911003112792969,-0.6120456457138062,-0.5820146799087524,-6.120962142944336,-6.335921287536621,5.9619622230529785,-6.173599720001221
968,-7.8983845710754395,9.754427909851074,-0.6895273923873901,0.44298192858695984,5.909841060638428,7.105370998382568,-1.5794099569320679,-3.276812791824341,-2.427795171737671,-2.932138681411743,4.7514777183532715,-4.414623737335205,-2.604855537414551,-0.4350399971008301,-1.0830256938934326,0.9737862348556519,5.951197147369385,8.558019638061523,-3.951240301132202,-1.9281882047653198,-14.995227813720703,0.053853753954172134,15.350619316101074,-15.641959190368652,-3.7397031784057617,5.420079708099365,-0.14683407545089722,0.07410977780818939,1.909423828125,4.9575042724609375,-0.294177770614624,-0.6916195154190063,-5.954771995544434,-5.971599102020264,5.8325300216674805,-5.702427387237549
969,-8.499043464660645,9.245183944702148,-1.2206275463104248,-0.625327467918396,5.828902721405029,6.818484306335449,-1.723068118095398,-4.710495948791504,-2.317960262298584,-9.228819847106934,4.421979904174805,-4.595654487609863,-1.8255741596221924,0.14549267292022705,-0.9035627841949463,2.1681833267211914,5.848156929016113,8.325528144836426,-4.890409469604492,-5.429052829742432,-15.088212966918945,0.0018831118941307068,15.035345077514648,-15.490610122680664,-3.960181713104248,5.866522789001465,-0.2725541591644287,-0.15603365004062653,1.9151860475540161,4.296738147735596,-0.41793787479400635,-1.174567699432373,-5.743589401245117,-5.217580795288086,5.567751407623291,-5.6781158447265625
970,-8.526106834411621,9.143067359924316,-1.1449288129806519,-1.4347058534622192,5.590787887573242,6.448266983032227,-3.2145848274230957,-4.535327434539795,-9.19649600982666,-9.170700073242188,4.525059700012207,-4.235284805297852,-1.6655391454696655,0.4439775347709656,-1.3962634801864624,1.6955711841583252,6.080064296722412,8.806991577148438,-6.130632400512695,-8.83263874053955,-0.0018667902331799269,-0.039117202162742615,15.216349601745605,-15.54763126373291,-3.9568047523498535,6.156726837158203,-0.2360306978225708,-0.2987514138221741,1.940977692604065,3.59842848777771,-0.868206799030304,-1.233933687210083,-5.450822353363037,-4.596738338470459,5.185617446899414,-5.13819694519043
971,-8.12944221496582,9.210494041442871,2.2296764850616455,-4.5511474609375,5.705782890319824,5.804561138153076,-6.735016822814941,-5.417769908905029,-8.991432189941406,-8.902335166931152,17.455602645874023,-4.33091402053833,-2.424468994140625,0.6739112734794617,-0.636906623840332,-0.2509617507457733,7.2669267654418945,9.878236770629883,-3.6214609146118164,-12.874811172485352,-0.030157694593071938,-0.027125108987092972,0.05416932702064514,-15.541062355041504,-3.3412952423095703,5.932758808135986,0.5635679960250854,-1.028322696685791,1.9629454612731934,2.6561479568481445,-1.6559053659439087,-1.8900375366210938,-3.6901395320892334,-3.506845235824585,4.401589393615723,-5.079298496246338
972,-8.27746868133545,8.842144966125488,3.4619550704956055,-3.9250309467315674,3.170387029647827,4.787105083465576,-7.541143894195557,-4.949620246887207,-8.214395523071289,-8.156367301940918,9.257909774780273,-3.967888593673706,-2.1773033142089844,2.181008815765381,0.4768705666065216,-1.8769737482070923,7.408730983734131,11.462104797363281,-6.335545539855957,-16.72933006286621,-0.030643589794635773,-0.007616174872964621,0.04873165488243103,-15.55970287322998,-3.897336721420288,5.76724910736084,0.7443417310714722,-0.806269645690918,0.765429675579071,1.9098432064056396,-1.983054280281067,-2.1446902751922607,-2.477167844772339,-2.427687406539917,1.602192997932434,-4.512014865875244
973,-8.383894920349121,8.39989185333252,1.5411368608474731,-4.118895053863525,0.7455762028694153,1.9532876014709473,-5.649630069732666,-4.370274066925049,-5.821037292480469,-5.6543684005737305,-0.4021092355251312,-3.959235668182373,-2.095520257949829,3.5140533447265625,0.5811969041824341,-4.148749351501465,5.87239408493042,12.050806999206543,-8.513367652893066,-19.51085662841797,-0.03712768107652664,-0.0011490019969642162,0.03606127202510834,-14.376181602478027,-3.9135234355926514,6.2744245529174805,0.24332773685455322,-0.9461392760276794,0.06786663085222244,0.49502456188201904,-1.4940731525421143,-2.5852439403533936,-1.2266374826431274,-1.1684767007827759,-0.45054835081100464,-3.5233798027038574
974,-8.139238357543945,8.326594352722168,-0.39211010932922363,-3.9097728729248047,0.8299411535263062,-4.374645233154297,-5.404369831085205,-3.955305337905884,0.6481798887252808,2.375974416732788,-3.6340861320495605,-3.6889774799346924,-2.806903839111328,2.174616575241089,0.16460320353507996,-6.440982341766357,4.965968608856201,7.826136112213135,-5.919342041015625,-19.775785446166992,0.7680556774139404,3.128732681274414,-15.605683326721191,-12.704834938049316,-3.423947334289551,6.809178352355957,-0.15143203735351562,-0.9762271046638489,0.20338428020477295,-0.9779185056686401,-1.264020562171936,-2.542268991470337,0.38158896565437317,0.8428071141242981,-5.4778313636779785,-2.1636197566986084
975,-7.612091541290283,8.952585220336914,-0.009485413320362568,-3.7771353721618652,1.3564832210540771,-4.639297008514404,-5.733637809753418,-3.0745394229888916,5.214812755584717,4.382761001586914,-4.431884765625,-2.2551584243774414,-3.1895079612731934,-0.2583794593811035,-0.21192878484725952,-7.940886497497559,5.1093950271606445,3.182896137237549,-8.636862754821777,-18.989742279052734,11.978167533874512,14.413124084472656,-15.654967308044434,-9.791260719299316,-2.757722854614258,6.360773086547852,0.012371644377708435,-1.0137255191802979,0.3549322187900543,-0.873706579208374,-1.6162135601043701,-1.6654319763183594,4.114328861236572,6.834054946899414,-6.524949550628662,-0.7905780076980591
976,-5.198232173919678,9.399534225463867,0.6181487441062927,-3.220400094985962,-0.7925254702568054,-5.870784282684326,-4.337630271911621,-0.35071632266044617,1.902944564819336,2.1691486835479736,-4.321481227874756,7.183783054351807,0.01528942584991455,-0.7441794276237488,0.6894334554672241,-8.933832168579102,1.5627648830413818,1.044257402420044,-11.067460060119629,-17.405057907104492,15.53596305847168,15.220744132995605,-15.667510986328125,7.022964954376221,-1.1291335821151733,4.1900506019592285,0.14826956391334534,-0.874222993850708,-0.2292279303073883,-1.3816399574279785,-1.2832567691802979,0.12183988839387894,6.801462650299072,7.5992231369018555,-5.717411518096924,1.8829740285873413
977,2.2188477516174316,2.4637298583984375,2.9777114391326904,-1.9288674592971802,-1.6982693672180176,-8.178682327270508,-3.811185836791992,13.57000732421875,2.0143914222717285,2.1200037002563477,-4.453064918518066,3.989910364151001,3.2401063442230225,-0.45555755496025085,4.424811840057373,-7.219776630401611,-0.9870162606239319,-0.39976730942726135,-13.154623985290527,-5.244877815246582,15.696581840515137,15.65058422088623,-15.593578338623047,15.68156623840332,0.8091418743133545,0.22626884281635284,0.7497010827064514,-0.4727697968482971,-0.37760448455810547,-3.0570948123931885,-1.3053091764450073,2.5993764400482178,7.279794692993164,6.02806282043457,-6.291706085205078,6.22405481338501
978,3.4908666610717773,-3.7666680812835693,-1.1079462766647339,0.6709995865821838,-4.327239990234375,-8.384125709533691,-0.3174799084663391,14.181465148925781,2.0244412422180176,7.126608848571777,-4.5711164474487305,4.418198585510254,6.432333469390869,-5.555830001831055,5.473637104034424,-3.571481943130493,-5.773382663726807,-6.860579967498779,-14.005683898925781,7.709354877471924,15.698338508605957,7.2968292236328125,-15.643610000610352,15.698152542114258,0.9945231676101685,-1.1970638036727905,-0.34815698862075806,0.23765511810779572,-1.2590818405151367,-5.277122497558594,0.10450445860624313,3.9775660037994385,6.633154392242432,6.281637191772461,-6.396681308746338,6.3896684646606445
979,-2.202906847000122,5.259483337402344,-4.200799942016602,1.5311813354492188,-5.4705610275268555,-6.1202216148376465,10.553814888000488,10.065340995788574,2.026801109313965,4.575599670410156,-4.167691707611084,4.382305145263672,6.596723556518555,-3.8562686443328857,4.895159721374512,1.5098646879196167,-10.278436660766602,-12.3484468460083,-8.941378593444824,14.649246215820312,15.699271202087402,11.440054893493652,-15.678709983825684,15.69882869720459,-0.6049829721450806,1.4621623754501343,-0.8107398748397827,0.34356552362442017,-2.3973846435546875,-5.9323225021362305,1.9215760231018066,4.4312639236450195,7.019811630249023,6.342662811279297,-4.709613800048828,6.005533695220947
980,-6.815019130706787,2.768362522125244,0.44679996371269226,3.8788750171661377,-5.963639736175537,-4.855848789215088,13.09776782989502,8.701704978942871,2.0374231338500977,3.3296923637390137,-3.961643934249878,4.337438106536865,7.267509460449219,-2.1033215522766113,4.406112194061279,5.207300662994385,-9.148138046264648,-14.898709297180176,-1.6386135816574097,17.379810333251953,8.632631301879883,14.439112663269043,-15.713315963745117,15.712032318115234,-1.4905660152435303,0.4437931180000305,0.26028972864151,1.003495454788208,-3.844338893890381,-7.468288421630859,2.5964841842651367,5.564325332641602,7.1839375495910645,6.084323406219482,-4.729152202606201,5.880265712738037
981,-6.754063606262207,5.078153610229492,1.1361573934555054,5.6827392578125,-5.768327713012695,-4.552271366119385,13.99512004852295,8.423223495483398,4.377299785614014,2.3956735134124756,-3.8096494674682617,4.4308695793151855,3.874948024749756,-1.7849857807159424,-0.11952073872089386,5.650149345397949,-12.685933113098145,-15.563183784484863,6.098174095153809,17.112838745117188,11.342944145202637,14.395094871520996,-15.683060646057129,15.670766830444336,-1.2640198469161987,1.2370080947875977,0.29290708899497986,1.6602742671966553,-6.87549352645874,-7.644897937774658,3.986733913421631,7.11050271987915,7.190943241119385,6.473791122436523,-4.470090389251709,6.080367565155029
982,-4.528701305389404,3.27494215965271,7.24600887298584,7.144742965698242,-4.956884860992432,-4.38322639465332,11.699009895324707,9.089827537536621,3.4292094707489014,2.4912679195404053,-3.5473456382751465,4.445271968841553,3.457831382751465,2.9884462356567383,4.276401519775391,9.348658561706543,-14.744986534118652,-15.962403297424316,15.720364570617676,18.430749893188477,14.792898178100586,15.744821548461914,-15.259977340698242,15.342041015625,-0.7957048416137695,0.5972833037376404,1.819955587387085,2.0860788822174072,-7.336991786956787,-8.564432144165039,4.9595441818237305,7.419084548950195,7.850173473358154,6.23527717590332,-3.824773073196411,6.276728630065918
983,0.5553731322288513,2.064943313598633,9.052220344543457,4.136627197265625,-4.347499370574951,-4.177810192108154,6.450803756713867,8.318563461303711,2.0843353271484375,2.037379503250122,-2.498471975326538,4.266042232513428,2.8746721744537354,5.587181568145752,9.801445960998535,10.436102867126465,-16.346691131591797,-17.033571243286133,20.451255798339844,17.119539260864258,15.682554244995117,15.703200340270996,-15.642550468444824,15.663302421569824,0.30047082901000977,0.4480077624320984,2.6856141090393066,1.103589415550232,-4.070639133453369,-5.526583671569824,4.090608596801758,5.634366989135742,8.239177703857422,6.080770492553711,-2.1381068229675293,5.416775703430176
984,2.645622491836548,4.340860366821289,8.299325942993164,3.99646258354187,7.981622695922852,9.020073890686035,4.301390171051025,6.621284484863281,2.02883243560791,2.355780601501465,-1.1959500312805176,4.060622692108154,6.381991863250732,9.715846061706543,18.528520584106445,13.647723197937012,-13.145493507385254,-12.684693336486816,20.226661682128906,15.722932815551758,15.65929889678955,11.806452751159668,-15.638298988342285,15.614898681640625,0.7523261308670044,1.6564563512802124,4.167836666107178,1.3865541219711304,2.4166719913482666,3.3378214836120605,2.984861135482788,3.0865519046783447,7.671868324279785,6.354251861572266,-0.8899499773979187,4.69293212890625
985,-8.346879005432129,5.162334442138672,2.277066469192505,-5.870062351226807,11.314114570617676,10.699284553527832,-0.413635790348053,-13.089597702026367,4.45213508605957,-7.253276824951172,2.816246271133423,3.649937391281128,4.671175003051758,6.624274253845215,18.34340476989746,10.356881141662598,-5.7333502769470215,-0.27280399203300476,15.62044620513916,8.683274269104004,5.547549724578857,-10.76095962524414,-10.416437149047852,15.52281665802002,-3.4582998752593994,2.1920506954193115,0.942756712436676,-1.2619668245315552,7.846847057342529,7.98202657699585,-0.5887379050254822,-3.12166428565979,5.719363212585449,-4.383855819702148,0.6009001135826111,3.947054624557495
986,-6.746366500854492,7.2263336181640625,-11.309144973754883,-6.838302135467529,9.356393814086914,8.621932983398438,-5.517258167266846,-15.803359031677246,-4.963983535766602,-2.799455165863037,7.185309886932373,3.6735057830810547,1.7887625694274902,0.28434234857559204,2.608295440673828,3.30373477935791,2.179363250732422,2.3199987411499023,6.256743431091309,0.2351936250925064,-9.640671730041504,-13.498819351196289,15.683332443237305,15.628717422485352,-1.6401748657226562,2.7049925327301025,-2.4177279472351074,-1.1854002475738525,7.527836322784424,6.733879089355469,-0.9632382988929749,-3.490447521209717,-10.676156997680664,-6.754913330078125,5.578263282775879,4.199042797088623
987,-7.153829097747803,9.434206008911133,-7.5529398918151855,-4.514023303985596,8.249370574951172,8.517534255981445,1.0835338830947876,-6.675809860229492,-3.3131277561187744,-3.2808258533477783,4.190857410430908,3.4700653553009033,-2.9569859504699707,-3.1211578845977783,-7.309566020965576,-1.9963310956954956,3.2037711143493652,2.3481814861297607,3.82839035987854,-3.0160906314849854,-12.487957954406738,-12.666444778442383,15.657984733581543,15.65738296508789,-2.1165857315063477,3.990588426589966,-1.768287181854248,-0.8631483912467957,5.533457279205322,7.480647087097168,0.45852434635162354,-1.1813201904296875,-7.066035270690918,-6.185015678405762,5.612860202789307,3.781144142150879
988,-7.163975238800049,10.085860252380371,-4.57489013671875,-0.16407859325408936,8.23912525177002,8.51336669921875,1.0712083578109741,-4.756950855255127,-3.413933277130127,-3.2840449810028076,4.237190246582031,3.353384017944336,-3.9783735275268555,-3.3102614879608154,-10.9375581741333,-3.7292845249176025,3.4749042987823486,2.7929251194000244,2.8041224479675293,0.10653766244649887,-12.931784629821777,-13.21556568145752,15.619084358215332,-0.000628658861387521,-2.7346994876861572,4.195209980010986,-1.3124878406524658,0.12721942365169525,5.6045942306518555,7.548092842102051,0.23828499019145966,-1.0515577793121338,-6.400870323181152,-6.451953887939453,5.473275661468506,3.5823893547058105
989,-7.437666416168213,9.987771987915039,-3.2149925231933594,2.366575002670288,8.037938117980957,8.34627914428711,1.806827425956726,-2.7386562824249268,-3.2083942890167236,-3.1083505153656006,4.321856498718262,0.14441902935504913,-4.151166915893555,-2.6209471225738525,-11.946100234985352,-2.8825178146362305,4.045668601989746,3.5285091400146484,2.5815157890319824,-0.8111783266067505,-13.325874328613281,-13.62031364440918,15.663825988769531,-0.0008361448417417705,-3.1883726119995117,4.089606285095215,-1.0078098773956299,0.514757513999939,4.629786968231201,7.062155246734619,0.42685002088546753,-0.4541139602661133,-6.270893096923828,-6.59580659866333,5.751081943511963,-0.5476384162902832
990,-7.65269136428833,9.55849838256836,-2.081068277359009,2.6574714183807373,7.591290473937988,8.141775131225586,2.3752593994140625,0.7287425994873047,-3.019880771636963,-2.9690957069396973,4.397889614105225,-2.592233657836914,-3.552508592605591,-1.458898901939392,-11.16734790802002,-2.184952974319458,4.6715779304504395,4.038907527923584,2.8624234199523926,4.354635715484619,-13.674036026000977,-13.846606254577637,15.664009094238281,-15.69986343383789,-3.2393722534179688,3.7590625286102295,-0.6071316003799438,0.499725878238678,3.42370867729187,6.269997596740723,0.5473105907440186,0.3078421950340271,-6.427141189575195,-6.663016319274902,5.991232872009277,-3.2895963191986084
991,-7.426990985870361,9.76657772064209,-0.9275824427604675,0.3938322961330414,6.684920787811279,8.031476020812988,2.4698307514190674,1.6118978261947632,-2.8785877227783203,-2.6900486946105957,5.506524085998535,-4.133167266845703,-4.8251142501831055,-2.733973979949951,-13.478219985961914,-3.0196733474731445,4.2576704025268555,4.06632661819458,3.015476942062378,4.474471569061279,-14.065169334411621,-14.177935600280762,15.640337944030762,-15.701674461364746,-3.322946071624756,3.584458589553833,-0.26773345470428467,-0.0072249919176101685,2.107067584991455,5.19537353515625,0.5570968389511108,0.41466283798217773,-6.634568214416504,-6.4736714363098145,6.197822093963623,-6.177617073059082
992,-7.615973472595215,9.787332534790039,3.829397678375244,0.5821576118469238,7.477494239807129,7.9284515380859375,-3.536512851715088,-1.8065516948699951,-2.71022367477417,-2.662777900695801,4.44753885269165,-4.368687629699707,-3.9627087116241455,-1.7928333282470703,-11.309491157531738,-1.8155819177627563,4.807711124420166,4.458793640136719,0.5274152159690857,3.647596836090088,-14.315818786621094,-14.756202697753906,15.594794273376465,-15.659628868103027,-3.8269271850585938,4.266379356384277,0.7111015915870667,0.11413399875164032,3.8324153423309326,5.304244518280029,-0.9071306586265564,-0.4500754475593567,-6.3464884757995605,-6.660538673400879,5.916379451751709,-6.077517032623291
993,-7.805595397949219,9.837897300720215,2.868614912033081,0.24729213118553162,7.401697158813477,7.91970157623291,-2.7338595390319824,-2.518885374069214,-2.5879926681518555,-2.3373188972473145,10.187138557434082,-3.9473888874053955,-2.5150227546691895,-0.7824453711509705,-2.1698007583618164,0.16647762060165405,4.757805824279785,4.3190131187438965,-0.024099841713905334,2.098240852355957,-14.664488792419434,-15.303114891052246,14.924137115478516,-15.662364959716797,-4.026415824890137,4.505340099334717,0.5031700730323792,0.03560708463191986,3.232177734375,5.133308410644531,-0.4828490912914276,-0.48784446716308594,-6.306562900543213,-6.306012153625488,5.973389148712158,-6.077014923095703
994,-8.404584884643555,9.282962799072266,-0.28461337089538574,-1.1790977716445923,7.382865905761719,7.774013996124268,-6.140075206756592,-4.356317520141602,-2.5178823471069336,-2.173872470855713,4.593745708465576,-4.792482852935791,-1.8347846269607544,-0.01584877073764801,-1.4992847442626953,1.0031561851501465,4.835479736328125,5.443864822387695,-3.2320239543914795,-0.5284967422485352,-14.72494888305664,-15.348130226135254,15.136287689208984,-15.490939140319824,-3.7933459281921387,5.39466667175293,-0.16861289739608765,-0.28246110677719116,3.2934374809265137,5.635431289672852,-1.5012519359588623,-0.9344804286956787,-6.224363803863525,-6.41990852355957,5.556769847869873,-5.947188377380371
995,-8.450895309448242,9.270655632019043,-0.41483625769615173,-1.5001616477966309,7.088082790374756,7.133038520812988,-4.219144344329834,-5.567514419555664,-2.4581055641174316,-9.233697891235352,4.77569055557251,-4.328110218048096,-1.69389808177948,0.16245944797992706,-1.1349914073944092,1.2343899011611938,5.0702338218688965,7.405179500579834,-5.263162136077881,-4.0648908615112305,-14.9528226852417,0.06052146852016449,15.16148567199707,-15.564202308654785,-3.753584623336792,5.8140459060668945,-0.09139639139175415,-0.30005931854248047,2.792525291442871,4.851508617401123,-0.9356578588485718,-1.2967703342437744,-5.7495012283325195,-5.716516494750977,5.511687755584717,-5.485768795013428
996,-8.431976318359375,9.251708030700684,-1.4676333665847778,-1.3158732652664185,6.7066850662231445,6.718210697174072,-3.2271406650543213,-4.645736217498779,-2.309631109237671,-9.17891788482666,4.652440071105957,-4.369349479675293,-1.9588797092437744,0.44885003566741943,-1.6348437070846558,0.8863733410835266,5.719367027282715,8.693142890930176,-6.762879371643066,-7.6888885498046875,-15.166141510009766,-0.02141926810145378,15.176482200622559,-15.556205749511719,-3.7763757705688477,6.045076370239258,-0.3505224585533142,-0.24799461662769318,2.4795501232147217,4.068845272064209,-0.7822933793067932,-1.1726257801055908,-5.529251575469971,-4.739995002746582,5.313712120056152,-5.450945854187012
997,-8.4417724609375,9.091025352478027,-0.8162843585014343,-1.7057920694351196,6.1262288093566895,6.034137725830078,-3.1248061656951904,-4.766822814941406,-9.239588737487793,-9.050278663635254,4.546698570251465,-4.155151844024658,-2.1399166584014893,0.7899302244186401,-2.0698788166046143,0.14008986949920654,7.03879976272583,9.929388999938965,-7.949431896209717,-11.283880233764648,0.039009980857372284,-0.031648993492126465,15.32369327545166,-15.593791007995605,-3.7195563316345215,6.505011558532715,-0.14861786365509033,-0.3517448902130127,2.213778495788574,3.0148603916168213,-0.836728036403656,-1.4809788465499878,-5.166248798370361,-4.174083709716797,5.076832294464111,-4.8599982261657715
998,-8.07897663116455,9.011652946472168,2.4279098510742188,-4.798580169677734,5.359552383422852,4.706858158111572,-6.130219459533691,-5.355461597442627,-8.741659164428711,-8.614898681640625,16.78920555114746,-3.943434715270996,-3.0260262489318848,1.435427188873291,-1.2071645259857178,-2.2330071926116943,8.036285400390625,11.597953796386719,-5.113923072814941,-15.3313570022583,-0.021634656935930252,-0.010501610115170479,0.028443843126296997,-15.605440139770508,-3.22711181640625,6.382411003112793,0.5881977081298828,-1.1409645080566406,1.7709143161773682,1.8391964435577393,-1.584458589553833,-2.1708014011383057,-3.1224420070648193,-2.938267946243286,4.074584484100342,-4.7609429359436035
999,-8.067059516906738,8.57722282409668,3.2401962280273438,-4.753145694732666,2.8216803073883057,2.7059834003448486,-7.889730453491211,-4.987380504608154,-7.4954094886779785,-7.252020835876465,7.267171382904053,-3.7910025119781494,-2.7463085651397705,3.3957033157348633,-0.35653620958328247,-4.522762298583984,7.336627006530762,13.144498825073242,-7.950680732727051,-19.131437301635742,-0.03325363248586655,2.7426518499851227e-05,0.048303231596946716,-14.999176025390625,-3.7257611751556396,6.492204666137695,0.6673396229743958,-1.1064274311065674,0.6639968156814575,0.868565559387207,-2.2947254180908203,-2.705904960632324,-1.9538216590881348,-1.8186004161834717,1.1150922775268555,-4.1259446144104
