step,tau_0,tau_1,tau_2,tau_3,tau_4,tau_5,tau_6,tau_7,tau_8,tau_9,tau_10,tau_11,vel_0,vel_1,vel_2,vel_3,vel_4,vel_5,vel_6,vel_7,vel_8,vel_9,vel_10,vel_11,act_0,act_1,act_2,act_3,act_4,act_5,act_6,act_7,act_8,act_9,act_10,act_11
0,-5.31337308883667,3.731519937515259,-8.71120834350586,8.05344295501709,6.498250484466553,6.77621603012085,13.762317657470703,13.838296890258789,8.788294792175293,8.652865409851074,26.018524169921875,25.506887435913086,-0.6399317383766174,-0.34893858432769775,0.4215891361236572,-1.5817502737045288,4.207664966583252,3.7010838985443115,10.156485557556152,10.13995361328125,-1.3939999341964722,-1.6344630718231201,-6.272865295410156,-5.6312432289123535,-1.7466486692428589,1.0431557893753052,-2.1225969791412354,1.9847800731658936,3.867607831954956,11.888577461242676,7.549700736999512,8.39431381225586,8.503567695617676,10.021722793579102,10.347464561462402,9.21606731414795
1,6.207480430603027,8.020513534545898,-12.397965431213379,-2.85973858833313,7.561375617980957,7.164289474487305,10.244879722595215,8.775946617126465,9.314732551574707,9.408013343811035,28.284465789794922,23.831884384155273,1.7305699586868286,3.0873465538024902,-0.9341608285903931,-7.753291130065918,5.360562801361084,9.083077430725098,14.778986930847168,12.52603816986084,0.7438044548034668,-2.650813102722168,-6.238903999328613,-2.5241246223449707,2.9974441528320312,4.355990409851074,-3.14847731590271,-1.1154134273529053,4.3905930519104,6.564630031585693,4.7971367835998535,3.0234408378601074,5.28878927230835,3.5834314823150635,8.2044095993042,5.597164630889893
2,5.4369330406188965,7.319229602813721,-12.276527404785156,-2.6315083503723145,7.009095668792725,5.3405914306640625,8.51034164428711,8.5086088180542,7.941405773162842,10.363734245300293,27.827909469604492,19.632122039794922,5.673315048217773,7.1123528480529785,-0.07775986194610596,-15.472009658813477,7.976545333862305,15.338983535766602,19.057384490966797,15.88245964050293,4.63674783706665,-3.444082736968994,-0.023554325103759766,3.1825902462005615,1.5068813562393188,5.125442028045654,-2.8620243072509766,-0.9104560613632202,4.999444484710693,6.709650039672852,6.226568222045898,4.057045936584473,5.739756107330322,4.130433082580566,6.937278747558594,5.7299017906188965
3,5.302438735961914,5.272523403167725,-7.948997497558594,-1.1265608072280884,6.479485034942627,3.934579849243164,6.690418243408203,6.22936487197876,5.8046112060546875,10.011007308959961,18.384614944458008,5.906705379486084,11.274972915649414,8.035616874694824,1.566811203956604,-14.796364784240723,9.458854675292969,18.665912628173828,20.426151275634766,16.656217575073242,10.492928504943848,-1.9974236488342285,0.0016686769668012857,15.698835372924805,2.1777892112731934,1.6807063817977905,-1.3613409996032715,-0.4507312774658203,5.509618282318115,5.529839515686035,4.5192670822143555,3.062333106994629,5.007937908172607,3.4559948444366455,4.676093101501465,3.7708237171173096
4,4.161788463592529,-5.729328632354736,-1.486470341682434,4.345444679260254,6.00969934463501,3.566420078277588,3.4330127239227295,5.2874040603637695,2.263401985168457,5.975402355194092,4.598804473876953,3.317270517349243,14.683013916015625,0.8884627223014832,1.2279882431030273,-6.518515586853027,10.854649543762207,16.786903381347656,20.36731719970703,18.387636184692383,15.696357727050781,13.145730018615723,14.21568775177002,15.695905685424805,2.2732114791870117,-1.9214892387390137,-0.04627089947462082,0.8752217292785645,5.065929889678955,4.5292744636535645,2.8267154693603516,2.7149908542633057,5.613762378692627,3.9801886081695557,3.084115982055664,3.541144609451294
5,3.3588926792144775,-7.376931190490723,0.013661078177392483,7.364146709442139,5.60172700881958,4.497514724731445,3.823627233505249,4.374029159545898,1.989053726196289,1.9848871231079102,3.3012547492980957,3.9703235626220703,15.772406578063965,-4.9329657554626465,1.6866062879562378,2.128596305847168,11.870381355285645,13.938858032226562,18.89336585998535,19.738866806030273,15.695189476013184,15.700003623962402,15.7000093460083,15.69715404510498,1.710214376449585,-3.293283700942993,0.05719030648469925,1.5930914878845215,4.614593029022217,4.365839004516602,2.2453153133392334,2.7399680614471436,6.166419982910156,5.422762870788574,3.2354018688201904,5.172159671783447
6,2.0303518772125244,-6.1751508712768555,-0.4945032000541687,5.284154415130615,5.229031562805176,4.765483379364014,3.88874888420105,3.902092695236206,2.08366060256958,1.9865059852600098,3.1221837997436523,4.180156230926514,14.103460311889648,-8.680282592773438,1.0477317571640015,5.272754192352295,12.750493049621582,13.088847160339355,17.808565139770508,18.61469078063965,15.33950138092041,15.700008392333984,15.69930362701416,15.690489768981934,0.7405314445495605,-2.5111937522888184,-0.11304660886526108,1.2138383388519287,3.6035494804382324,2.9858181476593018,2.0684144496917725,2.2376835346221924,6.330235481262207,5.978021621704102,3.347985029220581,5.470265865325928
7,-0.668816864490509,-3.6603922843933105,0.28453826904296875,3.6813879013061523,4.522000789642334,3.7764577865600586,4.092029094696045,3.4230000972747803,2.2393856048583984,1.9890238046646118,3.454784631729126,4.152868270874023,10.39618968963623,-10.140859603881836,0.8232755064964294,5.917657375335693,14.058456420898438,12.771199226379395,17.020427703857422,17.3426513671875,15.210348129272461,15.7000093460083,15.70000171661377,15.68852710723877,-0.2687569856643677,-1.075649380683899,0.08790980279445648,0.8617779612541199,2.489902973175049,1.523794174194336,2.0487754344940186,1.6783838272094727,6.308877944946289,6.1543169021606445,3.9635543823242188,5.280576229095459
8,-6.407169342041016,2.0236265659332275,1.3458350896835327,1.5425325632095337,4.203732967376709,2.120770215988159,5.046054840087891,2.8076982498168945,2.002699613571167,2.026144504547119,4.7766804695129395,5.115360736846924,9.502718925476074,-2.7416739463806152,2.9231603145599365,13.332709312438965,14.50391960144043,9.878100395202637,13.826576232910156,12.001760482788086,15.699996948242188,15.698766708374023,15.693979263305664,15.668595314025879,-1.1511181592941284,0.65469890832901,0.34023141860961914,0.5077117085456848,2.0493385791778564,0.5116534233093262,1.9190125465393066,0.808391809463501,6.307633399963379,6.165707111358643,4.605572700500488,5.156491756439209
9,-6.966885089874268,6.072457313537598,0.3805069625377655,-6.612809658050537,3.748656988143921,0.43295007944107056,2.764932155609131,-0.95228511095047,1.9914178848266602,1.9841665029525757,4.011527061462402,3.867790699005127,0.31295254826545715,-1.929139494895935,-1.8821032047271729,6.3111419677734375,14.396721839904785,8.309720993041992,11.240182876586914,7.425232887268066,15.631613731384277,15.530862808227539,15.7000150680542,15.66385269165039,-1.5041204690933228,1.7064743041992188,0.042723603546619415,-1.2852075099945068,2.117469310760498,0.0301419198513031,0.818881094455719,-0.3490385413169861,6.672217845916748,5.173330783843994,4.877501487731934,4.360991954803467
10,-6.092301368713379,5.750370979309082,2.3258068561553955,-0.518127977848053,3.1455345153808594,-1.070050835609436,0.6821368932723999,0.3866986334323883,1.991824984550476,1.986246943473816,4.005475044250488,3.691826820373535,-3.6887569427490234,1.103922724723816,-1.5389435291290283,4.502284526824951,13.695772171020508,6.464455604553223,8.684713363647461,5.402917385101318,15.699702262878418,15.700010299682617,15.674777030944824,15.679530143737793,-1.7002283334732056,1.3117656707763672,0.5054982900619507,0.07745520770549774,1.3083010911941528,-0.22960981726646423,0.05708523094654083,0.14317722618579865,6.142845630645752,5.394601821899414,4.901376247406006,4.220133304595947
11,-5.995707035064697,6.4636735916137695,0.15122514963150024,-0.1548394411802292,2.110910177230835,-0.3353116810321808,0.25834909081459045,-0.372001051902771,1.990109920501709,1.9854989051818848,3.925919771194458,3.712764024734497,-5.724608898162842,4.02090311050415,-1.736111044883728,3.5341413021087646,12.399369239807129,5.246286392211914,6.586573600769043,3.841809034347534,15.700007438659668,15.654479026794434,15.670750617980957,15.59559154510498,-1.9755034446716309,2.0306193828582764,-0.04885377734899521,-0.015596821904182434,0.6941101551055908,-0.03424295783042908,0.04331447184085846,-0.0954398363828659,6.265267848968506,5.21953821182251,4.68838357925415,4.20789098739624
12,-5.922244071960449,6.258677959442139,-0.5626254677772522,0.7782161831855774,-0.379997581243515,-1.3402351140975952,-2.2306385040283203,-0.5866640210151672,1.9897764921188354,2.0006659030914307,3.772054433822632,3.5888075828552246,-6.628440856933594,6.2587175369262695,-2.10099196434021,3.2291483879089355,10.374673843383789,3.7894370555877686,3.9466488361358643,2.469721794128418,15.695401191711426,15.643452644348145,15.632662773132324,15.594904899597168,-2.13364315032959,2.220057487487793,-0.14856991171836853,0.21373169124126434,-0.20859035849571228,-0.2686288058757782,-0.4666314721107483,-0.11428652703762054,6.167273998260498,5.193653106689453,4.287795543670654,3.901123285293579
13,-5.80594539642334,5.907710075378418,-1.4112937450408936,1.0672117471694946,-4.418063640594482,-1.5312585830688477,-3.3982996940612793,-0.7393300533294678,1.9933542013168335,2.0185530185699463,3.641310930252075,2.916886568069458,-7.178614139556885,7.7823262214660645,-2.737140655517578,3.114407777786255,7.250616550445557,2.444356918334961,1.262941837310791,1.2909916639328003,15.69005012512207,15.596935272216797,15.636077880859375,15.592939376831055,-2.1371989250183105,2.280585289001465,-0.3429087698459625,0.25081437826156616,-0.8610725402832031,-0.2886660397052765,-0.6780821084976196,-0.14562685787677765,6.124540328979492,5.167287826538086,4.014840126037598,2.7822370529174805
14,-5.711490631103516,5.6586995124816895,-1.9113121032714844,0.6931185126304626,-5.8390936851501465,-1.8451253175735474,-4.716389179229736,-0.8749249577522278,9.13771915435791,2.07562518119812,3.4959402084350586,0.036904025822877884,-7.65170431137085,8.758727073669434,-3.6955928802490234,2.1536800861358643,9.368945121765137,1.3922709226608276,-1.387382984161377,4.976894855499268,-0.0002721361815929413,15.317975997924805,15.54393196105957,0.0020055770874023438,-2.099134683609009,2.2909932136535645,-0.4563003182411194,0.13593126833438873,-0.9868870973587036,-0.36478838324546814,-1.0185045003890991,-0.17607353627681732,6.129675388336182,5.260878086090088,3.692298173904419,-0.46008431911468506
15,-5.080347061157227,5.62591552734375,-2.2309200763702393,-2.108208179473877,-8.003005981445312,-3.228574275970459,-4.707756042480469,-3.0096421241760254,9.074304580688477,2.0749852657318115,3.315140724182129,-3.7174508571624756,-9.388998031616211,8.472427368164062,-5.137384414672852,0.3141845762729645,6.351528644561768,3.3312149047851562,-4.046227931976318,8.45779037475586,-0.00030311604496091604,4.0222930908203125,15.61196231842041,-15.798104286193848,-1.8281188011169434,2.503675699234009,-0.5421401858329773,-0.5155678987503052,-1.719138741493225,-0.7232829332351685,-1.075310230255127,-0.5201377868652344,4.7850213050842285,5.1706156730651855,3.4913740158081055,-6.193559169769287
16,-3.728238582611084,5.638739109039307,-2.0326459407806396,-3.1925594806671143,-7.861753463745117,-5.811938762664795,-4.783634662628174,-3.292865753173828,8.979476928710938,8.917512893676758,2.9254708290100098,-4.243003845214844,-11.20384407043457,8.234021186828613,-6.348145484924316,-1.8116649389266968,2.9828410148620605,2.7140698432922363,-1.8160053491592407,6.525381565093994,-0.00028062897035852075,0.010850322432816029,-0.00040226959390565753,-15.700006484985352,-1.2314575910568237,2.2852065563201904,-0.5051845908164978,-0.7049667835235596,-1.7922312021255493,-1.2898566722869873,-1.210761547088623,-0.5411084890365601,4.13213586807251,3.8258769512176514,2.8702070713043213,-5.878016948699951
17,-1.9731026887893677,5.6162004470825195,-0.03029930219054222,-3.467114210128784,-6.919360637664795,-3.6082334518432617,-1.2603203058242798,-4.0461745262146,8.968785285949707,8.808961868286133,-5.147558689117432,-4.207919597625732,-11.961979866027832,9.418390274047852,-6.545752048492432,-3.3244333267211914,0.11460398137569427,1.7537903785705566,1.8471026420593262,4.325854301452637,-0.0002670971443876624,0.019654452800750732,-15.699999809265137,-15.698772430419922,-0.5714015960693359,2.3936705589294434,0.08729001134634018,-0.7880228161811829,-1.6469038724899292,-0.6286343336105347,-0.06481198966503143,-0.7214539647102356,4.15675163269043,3.5503275394439697,-5.744728088378906,-5.45282506942749
18,-1.1554841995239258,4.993934631347656,1.3526757955551147,-2.2724993228912354,-7.064092636108398,-1.4227819442749023,0.6729769706726074,-1.8836324214935303,8.958406448364258,8.87130069732666,-4.185214519500732,-4.167906284332275,-11.675890922546387,11.748916625976562,-5.821919918060303,-3.620525360107422,-2.449402332305908,2.0173604488372803,1.5788122415542603,2.9749855995178223,-0.00026347587117925286,0.022180281579494476,-15.699989318847656,-15.69863224029541,-0.3347490727901459,2.2089390754699707,0.268288791179657,-0.4698166251182556,-2.11318039894104,-0.19202187657356262,0.2154904156923294,-0.2704381048679352,4.108233451843262,3.8243136405944824,-6.012979984283447,-5.334322929382324
19,-0.8199933767318726,4.178196907043457,1.232457160949707,-1.519565463066101,-5.29647970199585,-2.41640305519104,1.911422610282898,-1.9711569547653198,8.834936141967773,8.813408851623535,-4.2814412117004395,-4.12952184677124,-10.576495170593262,14.632206916809082,-4.4854416847229,-2.6058554649353027,-4.660388469696045,2.101628303527832,1.5316787958145142,1.2361482381820679,-0.00025212904438376427,0.00011101085692644119,-15.66963005065918,-15.63051700592041,-0.23654845356941223,2.0955069065093994,0.2086285650730133,-0.3041650652885437,-1.3594039678573608,-0.5004723072052002,0.45304590463638306,-0.37540778517723083,3.6094515323638916,3.6868813037872314,-5.747364044189453,-5.23565149307251
20,-0.5215983986854553,3.563359022140503,1.0944604873657227,-2.276956796646118,-3.0090761184692383,-3.4724881649017334,2.3775625228881836,-1.053098201751709,8.214048385620117,8.878976821899414,-4.294132709503174,-4.018012046813965,-10.837671279907227,15.773015022277832,-0.23337577283382416,-2.8961853981018066,-5.991800785064697,2.563929557800293,1.501777172088623,0.024632522836327553,-0.00021048274356871843,4.399742465466261e-05,-15.699996948242188,-15.69851016998291,-0.14498795568943024,1.8877553939819336,0.21516865491867065,-0.528222382068634,-0.6808415055274963,-0.7124245166778564,0.5134903788566589,-0.17600373923778534,2.551323175430298,3.8307759761810303,-5.5828328132629395,-4.971329689025879
21,1.7952814102172852,3.035896062850952,-0.07137292623519897,-2.2530205249786377,-0.8082634806632996,-5.536539077758789,2.812854766845703,-0.37688079476356506,0.9656164646148682,8.867583274841309,-4.251387119293213,-3.9111406803131104,-9.596585273742676,17.66852378845215,0.616310179233551,-2.8733880519866943,-6.283663272857666,1.9824472665786743,2.249289035797119,-1.2731835842132568,-4.7824323701206595e-05,-0.0006831708597019315,-15.689009666442871,-15.673140525817871,0.3543412387371063,1.75296151638031,-0.05768892914056778,-0.4997507333755493,-0.10159427672624588,-1.2747602462768555,0.6229637265205383,-0.05228833481669426,-0.08306720852851868,3.7645628452301025,-5.5832343101501465,-4.642767429351807
22,4.10412073135376,2.1962356567382812,-0.1573205441236496,-3.4196219444274902,0.8366640210151672,-6.303892135620117,2.7952802181243896,1.2451016902923584,-3.597463846206665,8.789374351501465,-4.234197616577148,-3.3617300987243652,-13.654475212097168,-0.07187297195196152,-8.812416076660156,-9.797179222106934,-3.2564964294433594,-1.4957185983657837,1.5472983121871948,-4.690643310546875,-15.066664695739746,-5.20784524269402e-05,-15.906390190124512,-15.194225311279297,0.7536119222640991,1.251997470855713,-0.03369703143835068,-0.8239363431930542,0.2211468517780304,-1.4903874397277832,0.6228639483451843,0.2967053949832916,-4.96380090713501,3.5147600173950195,-5.500710487365723,-3.5130882263183594
23,6.872474193572998,5.884859085083008,3.0719473361968994,-1.5295050144195557,2.83378529548645,-2.707137107849121,1.1062307357788086,4.422791481018066,-1.9516959190368652,8.040745735168457,-4.340856552124023,-2.5442092418670654,-14.731934547424316,-3.1832921504974365,-4.5953545570373535,-9.577470779418945,1.2722632884979248,-2.5540685653686523,6.743042945861816,1.7932871580123901,-15.700211524963379,-0.004097108729183674,-16.14433479309082,-15.396162986755371,1.1827417612075806,1.4107509851455688,0.5928349494934082,-0.3969882130622864,0.6190298795700073,-0.4713156521320343,0.16500349342823029,0.9034567475318909,-6.80558443069458,2.3847672939300537,-5.787520885467529,-2.3208515644073486
24,5.004902362823486,2.965942621231079,1.5198620557785034,-0.4120807647705078,-0.0051069483160972595,-2.9199557304382324,-4.094769477844238,0.45809176564216614,-2.182478189468384,-1.883971095085144,-4.4045209884643555,-2.067289113998413,-9.78661060333252,0.021685730665922165,-0.3054000735282898,-6.779094696044922,1.4038769006729126,-2.786623954772949,4.291098594665527,1.9710782766342163,-15.698345184326172,-2.241678237915039,-15.688976287841797,-15.614477157592773,0.7056354284286499,0.4775899648666382,0.24658948183059692,-0.045531973242759705,-0.10134846717119217,-0.6903376579284668,-0.8749564290046692,-0.0328165702521801,-6.728590488433838,-0.80255126953125,-5.4582600593566895,-1.9260956048965454
25,4.6898040771484375,2.4165894985198975,-0.14518603682518005,2.1708357334136963,-0.35556888580322266,1.7368764877319336,-3.797210931777954,1.3164440393447876,-2.029644727706909,-2.1359620094299316,-4.07858943939209,-2.478957176208496,-7.363828659057617,-0.28990960121154785,0.4145318269729614,-3.738304376602173,0.3923652172088623,1.512913465499878,0.7791633009910583,2.1768696308135986,-15.670377731323242,-15.683760643005371,-15.696490287780762,-15.485971450805664,0.773957371711731,0.4669835567474365,-0.08903821557760239,0.46440327167510986,-0.08245960623025894,0.5700794458389282,-0.7116917967796326,0.31622084975242615,-6.9832634925842285,-6.793304443359375,-5.0349884033203125,-2.524907350540161
26,4.065907001495361,3.5356223583221436,0.5780121684074402,-0.7210052609443665,1.725041389465332,1.4184455871582031,-3.8266208171844482,1.4812088012695312,-1.9922020435333252,-1.956265926361084,-3.778953790664673,-2.037968397140503,-5.667452335357666,-0.4345538914203644,0.7933823466300964,-2.6634814739227295,0.26223665475845337,1.5339069366455078,-3.013258457183838,2.935955762863159,-15.700011253356934,-15.700170516967773,-15.703497886657715,-15.555778503417969,0.6901728510856628,0.7877336144447327,0.14626765251159668,-0.26146697998046875,0.4349087178707123,0.2896254360675812,-0.8209710717201233,0.3311839699745178,-6.765242099761963,-7.799863815307617,-4.339193344116211,-1.8093035221099854
27,2.855684757232666,4.021193981170654,0.8183082342147827,-0.8570616245269775,0.45901745557785034,-0.9271009564399719,-3.461108922958374,1.433169960975647,-1.992614507675171,-1.9875401258468628,-3.364187002182007,-5.4897308349609375,-4.827988147735596,-0.3101499676704407,2.5804483890533447,-1.2827892303466797,-0.17886023223400116,0.5117212533950806,-6.551827430725098,4.205326557159424,-15.66782283782959,-15.632352828979492,-15.69207763671875,-0.017255891114473343,0.46368566155433655,0.8695415258407593,0.17836564779281616,-0.18205417692661285,0.04350831359624863,-0.272057443857193,-0.8403809666633606,0.3262555003166199,-6.880202770233154,-7.8883376121521,-3.5899336338043213,-0.9764004349708557
28,5.116988182067871,0.9726734757423401,1.3896392583847046,-0.0495644174516201,0.5470809936523438,-0.7425048351287842,-2.92683482170105,0.05253738909959793,-1.9940721988677979,-1.9946601390838623,-2.585801362991333,7.4192280769348145,-1.4368304014205933,-0.36893293261528015,4.688797473907471,1.6496576070785522,-0.8905109167098999,-0.6843889951705933,-9.274134635925293,4.276508331298828,-15.700002670288086,-15.700028419494629,-15.691594123840332,15.668680191040039,1.1313704252243042,0.07858166843652725,0.3456805348396301,0.022265776991844177,0.11094673722982407,-0.14360740780830383,-0.7981879115104675,-0.047207560390233994,-7.186212062835693,-8.486461639404297,-2.434229850769043,9.341654777526855
29,3.907975196838379,1.2902100086212158,1.617045283317566,-0.17847205698490143,-3.013176441192627,0.44128215312957764,-0.417231023311615,0.249459370970726,-2.0522241592407227,-2.0118408203125,-9.599411010742188,4.096216678619385,1.8856182098388672,-0.2588145434856415,7.173648834228516,3.3583695888519287,-3.929494619369507,-1.4353845119476318,-9.71207332611084,2.9857981204986572,-15.700003623962402,-15.700037956237793,0.015449733473360538,15.670344352722168,0.8015708923339844,0.26736152172088623,0.41760754585266113,-0.03756032884120941,-0.8551045656204224,0.12968286871910095,0.006555989384651184,0.06479983031749725,-7.091057300567627,-7.497275352478027,-1.934408187866211,5.272300720214844
30,5.403591156005859,-3.930824041366577,1.0446666479110718,-1.78644597530365,-1.3106708526611328,0.47031623125076294,5.019355297088623,1.2924575805664062,-1.9911905527114868,-2.2054877281188965,2.8048095703125,4.622459888458252,1.8928301334381104,-0.3117568790912628,3.94963002204895,2.674535036087036,-6.881718635559082,-2.08463978767395,-6.25634765625,2.1409478187561035,-15.70002555847168,-15.666890144348145,2.939385175704956,15.636218070983887,1.5248030424118042,-1.074291706085205,0.24130934476852417,-0.37306857109069824,-0.25881433486938477,0.09088259935379028,0.9741364121437073,0.32932573556900024,-6.291954040527344,-6.5770769119262695,1.0512442588806152,6.031773567199707
31,6.338110446929932,-6.696732997894287,-2.409912347793579,-0.7051665186882019,-2.280428647994995,1.450085163116455,3.805737257003784,-3.0341641902923584,-2.0189309120178223,-2.053675889968872,4.554637432098389,4.5250325202941895,5.319960594177246,-0.8971754312515259,1.6877264976501465,3.009657859802246,-10.03368091583252,-2.5971181392669678,-2.374691963195801,-0.7476190328598022,-15.667184829711914,-15.539003372192383,15.701334953308105,15.541730880737305,2.1182613372802734,-2.022794723510742,-0.5773305296897888,-0.09228433668613434,-0.7317622900009155,0.30590251088142395,0.6524519920349121,-0.7641923427581787,-6.2146172523498535,-7.184861660003662,6.5207366943359375,5.875239849090576
32,6.461760997772217,-7.890421390533447,-5.208967208862305,-0.7721595168113708,-2.1832923889160156,3.3248703479766846,3.4174904823303223,-4.1099629402160645,-1.9906840324401855,-2.070561170578003,4.135473251342773,4.684502124786377,7.5418524742126465,-3.027611255645752,0.2991631031036377,2.1511664390563965,-9.724565505981445,-1.9754565954208374,-0.028780311346054077,-4.097421646118164,-5.274023056030273,-15.579276084899902,14.924138069152832,15.475889205932617,3.016554355621338,-3.2912306785583496,-1.1962709426879883,-0.1441320776939392,-0.7594330310821533,0.7151333093643188,0.670475423336029,-0.9659656286239624,-5.513595104217529,-6.823139190673828,5.357161045074463,6.609922409057617
33,6.788811206817627,-6.849771976470947,-6.739758014678955,-1.0548168420791626,-3.7826526165008545,1.9366540908813477,1.857797384262085,-5.182508945465088,-5.561183929443359,-2.061669111251831,4.1888108253479,4.662868499755859,8.497658729553223,-7.5880208015441895,-3.5607194900512695,-0.7933909893035889,-7.042786121368408,-1.9523428678512573,0.6545599102973938,-7.576902866363525,-13.173194885253906,-15.554543495178223,15.554651260375977,15.469406127929688,3.472475528717041,-3.7550363540649414,-1.6542069911956787,-0.22826136648654938,-1.0129402875900269,0.31752923130989075,0.32373368740081787,-1.40348219871521,-4.2823100090026855,-6.563785076141357,5.324620246887207,6.849800109863281
34,5.887953281402588,-6.170096397399902,-6.948719501495361,-0.4517327845096588,-3.351860523223877,0.28124985098838806,1.485870122909546,-4.976910591125488,-2.2265233993530273,-2.0715630054473877,4.344743251800537,4.7366557121276855,11.324854850769043,-11.184760093688965,-5.8708176612854,-1.9158427715301514,-11.582489013671875,-2.939859390258789,0.17400886118412018,-10.927635192871094,0.0014578716363757849,-15.490168571472168,15.690032958984375,15.603723526000977,3.5229790210723877,-3.751807689666748,-1.737805962562561,-0.07153390347957611,-1.1188665628433228,-0.006931692361831665,0.28905048966407776,-1.5171736478805542,-4.754107475280762,-6.085464954376221,5.3821611404418945,6.489616394042969
35,5.031452655792236,-4.947364807128906,-7.282886505126953,-0.36131981015205383,-0.9733455777168274,-3.0919301509857178,-1.414913296699524,-5.845030307769775,-4.051001071929932,-2.0509397983551025,4.545037269592285,4.6482133865356445,13.716774940490723,-17.007587432861328,-10.251208305358887,-4.356247425079346,-13.4327392578125,-6.595927715301514,-2.0363833904266357,-14.643074989318848,1.47730897879228e-05,-15.656208992004395,15.42514705657959,15.63609790802002,4.206091403961182,-4.321022033691406,-2.135444164276123,-0.07680731266736984,-0.230859637260437,-0.957103967666626,-0.40431421995162964,-2.30784010887146,-0.6449978351593018,-5.389769554138184,5.743663311004639,6.409163951873779
36,4.695199966430664,-5.160824775695801,-6.395549297332764,-0.20693111419677734,3.079195499420166,-3.4364471435546875,-5.306586265563965,-5.210848808288574,2.295825719833374,-2.0498502254486084,3.372652292251587,4.496735572814941,14.560124397277832,-13.160707473754883,-5.815446853637695,-2.5138602256774902,-8.786378860473633,-8.537195205688477,-5.096524238586426,-14.528797149658203,6.004312992095947,-15.591988563537598,15.36585807800293,15.152721405029297,4.549594402313232,-4.7991790771484375,-1.7052459716796875,-0.038600191473960876,0.629142701625824,-1.0462605953216553,-1.3950718641281128,-2.0989115238189697,0.8499749898910522,-3.97015118598938,5.78387975692749,6.002645492553711
37,4.425363063812256,-4.582269191741943,-5.703866481781006,-0.7801888585090637,5.669919967651367,-2.8447482585906982,-1.7152199745178223,-4.766350269317627,3.439385175704956,-8.583148956298828,4.6279401779174805,4.331878185272217,15.15329360961914,-16.812223434448242,-7.218554496765137,-4.202725887298584,-3.3908896446228027,-11.364947319030762,-6.791892051696777,-16.52212142944336,15.426876068115234,0.00017692401888780296,15.43043041229248,15.512079238891602,3.917443037033081,-4.02541446685791,-1.4616650342941284,-0.20088061690330505,1.170091986656189,-0.890680193901062,-0.2872276306152344,-2.129892110824585,4.943262100219727,-3.0247843265533447,6.0687408447265625,5.486538887023926
38,4.286384105682373,-3.624537467956543,-1.5340319871902466,2.4221315383911133,7.685935020446777,-0.4217395782470703,-2.3490209579467773,-2.17510724067688,1.9690345525741577,-1.0706955194473267,4.527911186218262,4.167230129241943,14.97296142578125,-17.7923641204834,-5.108265399932861,-2.6937096118927,3.3960041999816895,-11.3543062210083,-8.249518394470215,-16.811542510986328,15.682769775390625,0.00020497952937148511,15.561484336853027,15.424206733703613,2.8923890590667725,-3.608755588531494,-0.1858288049697876,0.5490655303001404,2.7938287258148193,-0.005900710821151733,-0.668114960193634,-0.7967297434806824,6.832298755645752,0.07208964973688126,5.740496635437012,4.680909633636475
39,3.3019497394561768,-3.496737003326416,-0.35394275188446045,4.132584571838379,6.1174774169921875,4.165692329406738,0.22686414420604706,-1.2622663974761963,1.9870049953460693,5.2684245109558105,4.247242450714111,3.9850313663482666,14.511518478393555,-17.826231002807617,-2.743396759033203,-0.003212310839444399,7.54086446762085,-6.551800727844238,-8.503324508666992,-16.43060874938965,15.70001220703125,11.116679191589355,15.69746208190918,15.498262405395508,1.4787629842758179,-2.8234896659851074,-0.022379182279109955,0.868876576423645,2.13627290725708,0.8450050354003906,0.1615060567855835,-0.48827657103538513,6.599419116973877,3.7305386066436768,5.46737813949585,4.39617395401001
40,0.9850175380706787,-2.7923691272735596,-0.4579086899757385,4.3163743019104,5.201359748840332,5.9735894203186035,3.4135725498199463,-0.5021965503692627,2.0933258533477783,2.30957293510437,4.1988959312438965,15.490406036376953,11.627307891845703,-17.69223976135254,-1.830032229423523,2.2342476844787598,10.20152759552002,-0.5626996159553528,-7.365006923675537,-11.020724296569824,15.441539764404297,15.700010299682617,15.698346138000488,0.011815587989985943,0.17094643414020538,-1.6417866945266724,-0.10183002799749374,0.9223579168319702,2.071578025817871,1.363450288772583,0.63918137550354,-0.08420473337173462,6.90090274810791,4.424114227294922,5.425351619720459,3.5938451290130615
41,-4.783400058746338,-0.2576230764389038,1.0132379531860352,0.5085102319717407,3.571506977081299,3.4724974632263184,0.6051031947135925,5.218389511108398,2.0065081119537354,1.960688829421997,3.9047975540161133,8.011510848999023,4.487107753753662,-16.7803955078125,-1.590499758720398,3.13079833984375,12.04840087890625,2.8315141201019287,-6.976898670196533,-8.213656425476074,15.700004577636719,15.699979782104492,15.700007438659668,0.005961382295936346,-1.0646113157272339,0.11751509457826614,0.24731075763702393,-0.03616790473461151,1.2307054996490479,0.6932425498962402,0.013875678181648254,0.9819630980491638,7.118968963623047,4.691230773925781,4.597266674041748,1.354037880897522
42,-7.400051593780518,9.028704643249512,3.0700924396514893,0.10662538558244705,2.4455811977386475,0.17573635280132294,0.31930550932884216,7.279973030090332,1.9933393001556396,1.9811118841171265,3.8593177795410156,-3.4250855445861816,-0.9917910695075989,-7.267852783203125,3.083390474319458,6.73286771774292,13.24610424041748,4.915879249572754,-5.595673561096191,0.9237099885940552,15.670090675354004,15.679479598999023,12.279142379760742,-15.719075202941895,-2.2630014419555664,2.2549567222595215,0.7122679352760315,0.008883282542228699,0.8561623692512512,-0.0903313159942627,0.04334922134876251,1.5806273221969604,6.977057933807373,5.458700180053711,4.6003570556640625,-6.099101543426514
43,-7.203158855438232,8.719625473022461,2.8492958545684814,-0.10508426278829575,1.9702070951461792,0.15230214595794678,-1.334306240081787,5.20612096786499,1.9959126710891724,1.9890284538269043,14.854679107666016,-4.18599796295166,0.3329238295555115,5.872109413146973,8.881746292114258,14.34524154663086,12.178040504455566,4.625312805175781,-2.5037670135498047,1.7059028148651123,15.664175033569336,15.678121566772461,0.05366716906428337,-15.239134788513184,-2.48095965385437,3.016256809234619,0.7236247658729553,-0.024394169449806213,0.7137547731399536,0.03692666441202164,-0.3477240204811096,1.109413981437683,6.807292461395264,5.724390029907227,3.32334566116333,-5.824963092803955
44,-8.202543258666992,5.935000419616699,1.8455992937088013,-4.864905834197998,0.8673672676086426,0.9324718713760376,-0.9946867227554321,5.714779853820801,1.994783878326416,1.9954509735107422,11.193065643310547,-4.31125020980835,-2.5210235118865967,11.52701473236084,10.002396583557129,13.382654190063477,10.652347564697266,4.761905670166016,-2.833794116973877,3.2540810108184814,15.6919584274292,15.687795639038086,0.00012991763651371002,-15.699997901916504,-3.1608662605285645,3.2112441062927246,0.5177047252655029,-0.7853782773017883,0.19892820715904236,0.2573746144771576,-0.20646469295024872,1.3030503988265991,6.926767826080322,5.65254545211792,2.2582409381866455,-5.834350109100342
45,-7.331161022186279,4.801369667053223,1.1534439325332642,-3.731600522994995,-2.181152820587158,0.5212067365646362,-0.17302000522613525,5.558724880218506,2.019428014755249,2.000274419784546,8.918155670166016,-4.2651472091674805,-4.837197303771973,14.40415096282959,9.832697868347168,11.792318344116211,8.020825386047363,4.387113571166992,-3.1998865604400635,4.817319869995117,15.640957832336426,15.670347213745117,-1.2313190381973982e-05,-15.699625015258789,-2.839022397994995,3.0127110481262207,0.30610600113868713,-0.5037199854850769,-0.45833203196525574,0.10462529957294464,-0.004194542765617371,1.3225072622299194,6.794765949249268,5.860905647277832,1.7770698070526123,-5.614784240722656
46,-6.319357872009277,4.071943759918213,0.3032001554965973,-3.753836154937744,-3.566610813140869,0.31398865580558777,2.2420146465301514,4.826303958892822,2.011977195739746,2.0038671493530273,4.3860931396484375,-4.245771884918213,-6.4878830909729,15.985841751098633,8.815616607666016,9.782939910888672,5.136063098907471,3.786330223083496,-2.624540328979492,6.219481945037842,15.66484546661377,15.6529541015625,-1.3694485687665292e-06,-15.699951171875,-2.234199047088623,2.681074619293213,0.03933984786272049,-0.5605421662330627,-0.6616100668907166,0.06310789287090302,0.4949917197227478,1.1887037754058838,6.730157852172852,5.972541332244873,0.7099184393882751,-5.569456577301025
47,-4.64854097366333,3.6635663509368896,-2.1074957847595215,-3.9760475158691406,-4.475434303283691,0.24223051965236664,4.901747226715088,2.82680344581604,2.010044813156128,1.999117136001587,-3.2412993907928467,-4.269782066345215,-7.746415615081787,16.424341201782227,5.704958915710449,5.561161041259766,2.276413679122925,3.0338640213012695,3.960507869720459,6.045654773712158,15.638350486755371,15.70002555847168,-15.700411796569824,-15.700977325439453,-1.355592131614685,2.427248954772949,-0.4185416102409363,-0.6405199766159058,-0.9043111801147461,0.051299601793289185,1.2520859241485596,0.6346738338470459,6.738550186157227,6.277771472930908,-5.031579494476318,-5.666137218475342
48,-3.3348615169525146,3.8299076557159424,-2.873655319213867,-3.216921091079712,-6.060305118560791,1.3883142471313477,5.5965118408203125,2.049356460571289,2.0219643115997314,1.9925414323806763,-4.094674110412598,-4.344239234924316,-10.477051734924316,13.83757495880127,-1.838837742805481,-1.0971325635910034,2.6171064376831055,2.703591823577881,5.806981563568115,4.9636054039001465,3.565402030944824,15.58281421661377,-15.799701690673828,-15.732766151428223,-0.9864270687103271,2.379984140396118,-0.5696775913238525,-0.611435055732727,-1.547400951385498,0.3591516315937042,1.4237873554229736,0.45695701241493225,6.8372883796691895,6.714591026306152,-5.606246471405029,-5.823465824127197
49,-1.9689416885375977,3.8765227794647217,-0.8774527311325073,-1.331570029258728,-7.166677474975586,1.2406973838806152,3.541231393814087,1.4350122213363647,9.03262996673584,2.04375958442688,-4.22050142288208,-4.224802494049072,-10.528109550476074,14.772627830505371,-3.2415688037872314,-1.199795126914978,1.185140609741211,2.8023908138275146,7.257471561431885,5.0475239753723145,-0.00026751263067126274,15.62453556060791,-15.698258399963379,-15.699971199035645,-0.5462794899940491,2.0474588871002197,-0.1272505521774292,-0.2134111076593399,-1.730654001235962,0.26848170161247253,0.8352157473564148,0.31534942984580994,4.364346027374268,6.500515937805176,-5.527966499328613,-5.4698967933654785
50,-1.2894407510757446,3.7004544734954834,-1.1418838500976562,-1.746544361114502,-5.995096206665039,-0.9645657539367676,2.8103530406951904,1.8254551887512207,8.949267387390137,2.124314069747925,-4.175371170043945,-3.840859889984131,-11.141565322875977,14.451348304748535,-0.3912069797515869,-1.452555775642395,-1.1581426858901978,2.4564483165740967,6.979257106781006,5.628754138946533,-0.00024032144574448466,15.643339157104492,-15.700114250183105,-15.693949699401855,-0.3702380359172821,1.9830878973007202,-0.23762738704681396,-0.3773437738418579,-1.40420401096344,-0.26387929916381836,0.6886400580406189,0.46511420607566833,3.99473237991333,6.200640678405762,-5.3707170486450195,-4.798365116119385
51,-0.15629592537879944,3.7654237747192383,-1.9282491207122803,-1.8318604230880737,-5.00828742980957,-3.1925926208496094,2.6454007625579834,2.379225730895996,8.737907409667969,2.0013961791992188,-4.244427680969238,-3.6248648166656494,-11.214767456054688,8.080413818359375,1.2327139377593994,-1.4152414798736572,-2.3917076587677,4.973447322845459,8.4652681350708,7.350049018859863,-0.00028885091887786984,-0.00030801218235865235,-14.80921745300293,-15.301081657409668,0.016750913113355637,1.875238060951233,-0.4258381724357605,-0.3962283134460449,-1.20024573802948,-0.7160683870315552,0.700436532497406,0.6271451115608215,3.3389692306518555,5.787092685699463,-5.45128059387207,-4.015420436859131
52,3.5288782119750977,5.9786858558654785,-1.998746633529663,-4.568615913391113,-4.560219764709473,-6.926512718200684,1.5527403354644775,2.4809622764587402,-0.5804929733276367,7.992804527282715,-4.8053483963012695,-2.8289225101470947,-11.802504539489746,3.0701940059661865,-0.017809033393859863,-3.4066529273986816,-4.161120891571045,1.8072190284729004,9.000600814819336,8.47914981842041,-2.4931519874371588e-05,-0.00037325872108340263,-15.648478507995605,-15.601168632507324,0.6253129839897156,1.552963137626648,-0.413296639919281,-1.1484910249710083,-1.1558027267456055,-1.8015265464782715,0.38252466917037964,0.6892992854118347,-0.4818897545337677,2.2918193340301514,-5.646721363067627,-2.5726938247680664
53,5.4452619552612305,5.1191630363464355,-0.10560710728168488,-6.318770408630371,-3.4317822456359863,-6.168382167816162,0.8720062375068665,2.6329779624938965,-4.197044849395752,8.405684471130371,-4.407835960388184,-1.9813451766967773,-10.186274528503418,2.915212869644165,-0.08381316065788269,-6.725646495819092,-0.8638054132461548,-0.595790684223175,9.530309677124023,10.062789916992188,-14.933977127075195,-0.00026884261751547456,-15.55016040802002,-15.513238906860352,0.9309670925140381,1.2940317392349243,0.05284826084971428,-1.6843966245651245,-0.7081743478775024,-1.4359874725341797,0.21869118511676788,0.7847999930381775,-5.288548469543457,2.9831607341766357,-5.658834457397461,-1.714349627494812
54,5.987104892730713,4.585525989532471,0.2720485329627991,-5.238597393035889,-1.578827142715454,-4.103154182434082,0.5437716841697693,2.3418285846710205,-1.9692715406417847,7.677978038787842,-4.391249179840088,-5.927359580993652,-8.50752067565918,3.009160041809082,0.2791176736354828,-8.484833717346191,-1.8042762279510498,-2.418583631515503,9.761765480041504,12.065616607666016,-15.687419891357422,-8.068940951488912e-05,-15.612947463989258,-0.017228635028004646,1.0348378419876099,1.1130799055099487,0.06911856681108475,-1.4066240787506104,-0.25421056151390076,-0.8595342636108398,0.14278079569339752,0.7524742484092712,-6.84776496887207,2.135089635848999,-5.646165370941162,-1.0921450853347778
55,7.451219081878662,1.6113381385803223,0.7076370716094971,-2.9857089519500732,2.974456787109375,-1.5823906660079956,-1.2633002996444702,2.8815276622772217,-1.9962964057922363,-1.5023844242095947,-4.108150959014893,7.541321754455566,-5.939802646636963,3.000061273574829,0.9792993664741516,-8.11721134185791,-1.6923373937606812,-2.7792580127716064,8.866008758544922,13.064900398254395,-15.669295310974121,-2.1415252685546875,-15.606637001037598,15.698447227478027,1.5321954488754272,0.23092663288116455,0.1613462269306183,-0.7312690019607544,0.7725959420204163,-0.255272775888443,-0.25977200269699097,1.1118003129959106,-7.020005702972412,-0.6797388792037964,-4.934135437011719,10.560800552368164
56,4.1287360191345215,2.6025805473327637,2.156489372253418,-0.5691832304000854,-0.5195903778076172,2.7740375995635986,0.8114009499549866,3.131746292114258,-1.9962176084518433,-2.024857759475708,-3.9523050785064697,4.1398539543151855,-3.5418810844421387,4.405734539031982,2.8172473907470703,-5.903260707855225,-2.776350498199463,2.0397591590881348,8.889571189880371,11.426177024841309,-15.696759223937988,-15.676836013793945,-15.622441291809082,15.698261260986328,0.6476271748542786,0.6608078479766846,0.5213968753814697,-0.018666550517082214,-0.2411901354789734,0.8097958564758301,0.30991095304489136,1.0773241519927979,-7.290307521820068,-6.746429443359375,-4.631839752197266,5.340962886810303
57,4.347790718078613,1.169573187828064,2.6681854724884033,-0.8496131300926208,1.463197112083435,1.2782083749771118,-2.1352908611297607,2.817060708999634,-1.9950827360153198,-1.960450291633606,-3.232128620147705,4.320382595062256,-1.076061725616455,5.503591537475586,4.976764678955078,-4.009322643280029,-3.509389638900757,2.15580153465271,7.089132785797119,9.575301170349121,-15.697132110595703,-15.681854248046875,-15.613676071166992,15.699731826782227,0.8884122371673584,0.222996324300766,0.646362841129303,-0.21353407204151154,0.340111643075943,0.21769046783447266,-0.4443516731262207,0.8366873860359192,-7.056299686431885,-7.7030439376831055,-3.206040859222412,5.924099445343018
58,4.244795799255371,-0.6014754772186279,2.4748833179473877,-1.606218934059143,2.4250032901763916,0.8601568341255188,-1.5377066135406494,1.616930603981018,-1.9948298931121826,-1.9952415227890015,-2.5814990997314453,4.278789520263672,0.9684951901435852,5.380428791046143,6.4804277420043945,-3.271348476409912,-3.7320659160614014,1.8808003664016724,5.2520670890808105,7.302433013916016,-15.697583198547363,-15.686077117919922,-15.607319831848145,15.699651718139648,0.928678572177887,-0.17495323717594147,0.6165215373039246,-0.3958209753036499,0.47479763627052307,0.167763352394104,-0.240447536110878,0.370746374130249,-6.879967212677002,-7.44767951965332,-2.3996341228485107,5.654776096343994
59,4.586261749267578,-2.9093194007873535,2.3079919815063477,-2.1299867630004883,3.016524314880371,1.0199182033538818,0.0532582588493824,0.047897521406412125,-2.004650115966797,-1.9976246356964111,-8.061691284179688,4.20078706741333,2.795289993286133,4.543397903442383,6.20348596572876,-3.2510910034179688,-3.6820476055145264,1.5003989934921265,5.048093318939209,4.6152753829956055,-15.69699764251709,-15.700002670288086,-0.007483670487999916,15.694775581359863,1.1260957717895508,-0.5965794324874878,0.5629628896713257,-0.5008494853973389,0.5730883479118347,0.22314366698265076,0.0638815313577652,-0.07136385142803192,-6.736826419830322,-7.312273979187012,-1.5288710594177246,5.393249034881592
60,5.548751354217529,-7.268586158752441,2.2331905364990234,-1.8757461309432983,3.0041520595550537,2.4229371547698975,2.5485715866088867,0.0051187933422625065,-1.9924588203430176,-1.9928807020187378,2.2321479320526123,4.20068359375,3.9194037914276123,-0.6151930093765259,6.161303520202637,-4.6803765296936035,-3.223888874053955,0.9984351992607117,7.567389488220215,2.6583216190338135,-15.628240585327148,-15.583559036254883,2.0834810733795166,15.634507179260254,1.6174527406692505,-2.100350856781006,0.5637025237083435,-0.4217994213104248,0.5545068383216858,0.581195592880249,0.7650339603424072,-0.0008887462317943573,-6.4487504959106445,-6.5928053855896,0.8468704223632812,5.700619697570801
61,5.804043292999268,-7.401584148406982,-1.943399429321289,-1.2087162733078003,-0.2664202153682709,0.6302892565727234,2.186856985092163,-5.612548828125,-2.003302574157715,-2.0313658714294434,5.004714488983154,4.300741195678711,7.084733486175537,-2.5224897861480713,3.355764627456665,-4.286733627319336,-4.917346954345703,0.19156675040721893,8.360535621643066,-1.4996904134750366,-15.677008628845215,-15.608368873596191,15.6845121383667,15.51451587677002,1.981208324432373,-2.3932645320892334,-0.5105265378952026,-0.25537335872650146,-0.17603260278701782,0.05718037486076355,0.6123192310333252,-1.3464206457138062,-6.284107685089111,-7.071951866149902,6.076627731323242,5.1890363693237305
62,6.480467796325684,-6.775417327880859,-5.069417476654053,1.4257205724716187,-1.1363649368286133,1.9187021255493164,1.0993613004684448,-5.726735591888428,-1.9895646572113037,-2.343116044998169,4.077024459838867,3.318000316619873,5.250448226928711,-7.162734031677246,-2.804987668991089,-5.738015174865723,-6.339012622833252,-0.08981022238731384,7.238182544708252,-3.938666820526123,-15.516761779785156,-15.470178604125977,15.697935104370117,15.299602508544922,2.1916167736053467,-3.845590591430664,-1.2071897983551025,0.3309861421585083,-0.32370898127555847,0.4314405024051666,0.2448534220457077,-1.3389009237289429,-5.854770660400391,-6.874327659606934,5.1436686515808105,6.079305648803711
63,6.3925628662109375,-6.1267805099487305,-5.875365734100342,0.7332894206047058,-3.094602584838867,0.04717368260025978,-0.47073549032211304,-6.600205421447754,-6.56011438369751,-2.0246238708496094,4.1436357498168945,4.5489020347595215,8.596175193786621,-10.95492172241211,-7.885485649108887,-5.772986888885498,-4.393954753875732,-1.1215554475784302,4.435653209686279,-7.217464447021484,-9.36793041229248,-15.68724536895752,15.66591739654541,15.579934120178223,2.7318410873413086,-3.663325786590576,-1.5795316696166992,0.10196244716644287,-0.879263699054718,-0.06071743369102478,-0.15153475105762482,-1.7704682350158691,-5.282273292541504,-6.89085578918457,5.244485855102539,5.959069728851318
64,5.347531318664551,-5.122010707855225,-5.832906723022461,0.9698444604873657,-3.5052878856658936,-2.0577292442321777,-1.538982629776001,-6.371501445770264,-2.6789467334747314,-1.997207522392273,4.291983127593994,4.499650478363037,11.022981643676758,-13.96961784362793,-2.6666369438171387,-5.640268325805664,-8.855440139770508,-3.1478960514068604,2.677769184112549,-9.919149398803711,-15.36764907836914,-15.528903007507324,14.176568031311035,14.878724098205566,2.574418306350708,-3.41693377494812,-1.8923676013946533,0.17113064229488373,-1.0233041048049927,-0.5429127216339111,-0.3199419379234314,-1.9105075597763062,-4.415683269500732,-6.370663642883301,5.4588422775268555,5.937207221984863
65,5.190800666809082,-4.20651388168335,-8.64284896850586,0.6952915787696838,-2.797808885574341,-2.1675915718078613,-1.8696900606155396,-5.460996150970459,-2.2394027709960938,-2.0094003677368164,4.782108783721924,4.598405361175537,12.691390991210938,-17.2662410736084,-5.104188919067383,-6.334127426147461,-12.015680313110352,-5.2901153564453125,-0.030121292918920517,-12.536541938781738,0.0014306972734630108,-15.519739151000977,15.232599258422852,15.371461868286133,2.997854709625244,-3.741187334060669,-2.1661813259124756,0.10693652927875519,-0.9295802116394043,-0.5326801538467407,-0.3739544153213501,-1.8397583961486816,-4.242908477783203,-5.793779373168945,5.537469387054443,6.017241954803467
66,4.789661407470703,-3.4666285514831543,-8.13350772857666,0.8819338083267212,0.6586955785751343,-3.4459288120269775,-4.130749225616455,-6.112605571746826,1.7072436809539795,-1.9822579622268677,4.8285908699035645,4.492336273193359,14.249055862426758,-19.381479263305664,-6.904441833496094,-6.965002536773682,-11.028851509094238,-7.9093427658081055,-3.2556803226470947,-14.830377578735352,3.0236659049987793,-15.540325164794922,15.254267692565918,15.423425674438477,3.706908702850342,-3.6320958137512207,-2.1867663860321045,0.1503605991601944,0.2785445749759674,-1.0541813373565674,-0.983620822429657,-2.547661066055298,0.7956811189651489,-4.496706962585449,5.647558689117432,4.9853291511535645
67,4.5362443923950195,-2.958732843399048,-5.665838718414307,1.4355521202087402,7.128590106964111,-3.0626986026763916,-3.795687198638916,-5.998353958129883,4.231400966644287,-1.99177086353302,4.772159576416016,16.943944931030273,14.455384254455566,-20.121610641479492,-7.842347145080566,-8.0596923828125,-3.2387759685516357,-9.32010555267334,-5.860010623931885,-12.229721069335938,14.05789852142334,-15.136590957641602,15.178783416748047,0.09786549210548401,3.4912643432617188,-3.180816411972046,-1.4529712200164795,0.24439994990825653,1.7320212125778198,-0.9345253705978394,-0.9152478575706482,-1.9341950416564941,4.366779804229736,-3.091839551925659,5.7037739753723145,4.1157732009887695
68,4.2159857749938965,-2.849787950515747,-2.7156975269317627,2.807079315185547,7.320383548736572,-2.2212440967559814,-4.453620433807373,-1.6856027841567993,1.9610036611557007,-6.747103691101074,4.48787784576416,13.357574462890625,13.844417572021484,-20.451305389404297,-7.009934425354004,-7.379981517791748,3.74837064743042,-9.835334777832031,-8.173941612243652,-12.965307235717773,15.656837463378906,0.0002810963778756559,15.311761856079102,-0.026085207238793373,2.4200451374053955,-2.6955459117889404,-0.5709412693977356,0.4903484582901001,2.3098878860473633,-0.6193126440048218,-1.2445907592773438,-0.33435311913490295,7.065553665161133,-1.578334927558899,5.104888439178467,2.8357832431793213
69,2.8293557167053223,-2.4649548530578613,0.24261914193630219,4.739699840545654,5.962704181671143,1.1430007219314575,-2.08353853225708,-0.22581972181797028,1.9933886528015137,3.5216569900512695,4.220028400421143,12.047514915466309,12.981361389160156,-20.019512176513672,-4.766274929046631,-5.280037879943848,8.15086841583252,-7.663247108459473,-9.218743324279785,-12.933560371398926,15.687905311584473,5.100164890289307,15.553831100463867,0.004894918762147427,0.9905267357826233,-2.058612823486328,0.18513089418411255,0.8527411818504333,2.131312847137451,0.3349495232105255,-0.48048603534698486,0.016448471695184708,7.0432586669921875,1.3485138416290283,4.770895481109619,2.598860502243042
70,-2.819993734359741,-1.4776005744934082,-0.4407288730144501,6.653781890869141,4.381025314331055,4.812986850738525,-0.06222737953066826,-0.06615979224443436,2.01727557182312,3.9451873302459717,4.014270782470703,9.344503402709961,8.400259017944336,-19.52829933166504,-3.3263700008392334,-2.321774959564209,11.10319995880127,-2.2188720703125,-9.249077796936035,-12.48481559753418,15.695455551147461,14.247991561889648,15.627187728881836,0.01182450633496046,-0.7156515717506409,-0.7667434215545654,-0.12788689136505127,1.289652943611145,1.5333726406097412,1.0524182319641113,0.09070952236652374,-0.012173932045698166,6.921503067016602,4.8153862953186035,4.749200344085693,1.8561261892318726
71,-6.54592752456665,7.007290840148926,-1.2036763429641724,3.8589823246002197,3.5140931606292725,2.176363468170166,1.721084713935852,5.449805736541748,1.9955823421478271,1.955639362335205,4.048882484436035,-3.1713953018188477,1.2788138389587402,-13.55005168914795,-2.0304529666900635,0.34959015250205994,13.230619430541992,1.737334132194519,-8.182640075683594,-5.179666042327881,15.699344635009766,15.681292533874512,15.687273979187012,-15.700708389282227,-1.578736424446106,1.4701005220413208,-0.29709625244140625,0.6613287329673767,1.4001504182815552,0.3639693558216095,0.3211682438850403,1.090174913406372,7.227120399475098,5.096658229827881,4.987758636474609,-5.344679355621338
72,-7.227463722229004,9.62267017364502,0.1389678418636322,4.519391059875488,2.9296886920928955,0.252748966217041,-0.8948515057563782,6.193547248840332,1.9950637817382812,1.9934617280960083,4.009446144104004,-4.205679416656494,-2.950284004211426,-3.637850046157837,0.7385446429252625,5.622926235198975,13.71255874633789,3.7013752460479736,-7.962382793426514,-1.9915157556533813,15.698720932006836,15.673335075378418,15.679580688476562,-15.69939136505127,-2.349351406097412,2.5436062812805176,0.08294234424829483,1.0663038492202759,1.1908519268035889,-0.01597955822944641,-0.3416462540626526,1.1687554121017456,7.177644729614258,5.762503147125244,4.908176422119141,-6.087113380432129
73,-6.761907577514648,8.049659729003906,0.029729533940553665,2.7111976146698,2.2169382572174072,0.5811774730682373,-2.32078218460083,5.785853862762451,2.0037407875061035,2.033362627029419,17.010408401489258,-4.307398796081543,-5.452630996704102,4.438836097717285,2.96755313873291,10.228431701660156,13.009537696838379,4.871179103851318,-3.481067180633545,1.37044358253479,15.700014114379883,15.62852954864502,-0.0001500771613791585,-15.691540718078613,-2.4217405319213867,2.9082417488098145,0.0024418905377388,0.7034478783607483,0.7993766665458679,0.1518927812576294,-0.5757066607475281,1.177369236946106,7.1680827140808105,5.847931861877441,4.1993913650512695,-5.821698188781738
74,-6.464035987854004,6.639100074768066,0.12639451026916504,1.0664219856262207,0.42733505368232727,-0.9692441821098328,-1.9965920448303223,5.889071941375732,1.9946743249893188,2.0471556186676025,13.189458847045898,-4.207428455352783,-3.471740961074829,13.150508880615234,5.83475923538208,15.145700454711914,10.266951560974121,3.0700137615203857,-4.546106815338135,3.238682746887207,15.594157218933105,15.566590309143066,0.011096984148025513,-15.23729133605957,-2.732893943786621,3.753787040710449,0.03289205580949783,0.27250272035598755,0.017671845853328705,-0.22638782858848572,-0.4435611367225647,1.3869757652282715,7.220644950866699,6.072885990142822,2.775529623031616,-5.415927886962891
75,-7.137639999389648,4.39522647857666,-0.21113935112953186,-1.4398947954177856,-3.1766653060913086,1.1706243753433228,-2.5047433376312256,4.418421745300293,2.0125973224639893,2.0258209705352783,9.835326194763184,-4.335154056549072,-5.459553241729736,16.112045288085938,5.42580509185791,15.162033081054688,6.997230052947998,3.126711368560791,-5.4778265953063965,5.6854143142700195,15.692977905273438,15.59974193572998,-4.989799708710052e-05,-15.633004188537598,-2.861384630203247,3.353278636932373,-0.04776021093130112,-0.2929189205169678,-0.6382259130477905,0.34640029072761536,-0.6302167773246765,1.0099725723266602,6.753466606140137,6.05966329574585,1.9428822994232178,-5.669222354888916
76,-6.151065826416016,3.7744364738464355,-0.9048181176185608,-2.623843193054199,-4.125490188598633,1.0321375131607056,-1.3491374254226685,3.5642893314361572,1.99332594871521,2.033172130584717,6.3704023361206055,-4.29155158996582,-7.349921703338623,17.508750915527344,4.224271297454834,13.239738464355469,3.705648422241211,3.058062791824341,-6.202974796295166,7.3143463134765625,15.700004577636719,15.619552612304688,-3.5548131563700736e-05,-15.674835205078125,-2.255159378051758,3.155055046081543,-0.17911863327026367,-0.38873809576034546,-0.7863932251930237,0.22564299404621124,-0.28471511602401733,0.8967406153678894,6.547299385070801,6.136074066162109,1.1653919219970703,-5.559622287750244
77,-4.787860870361328,3.483290433883667,-1.5756137371063232,-2.5641353130340576,-4.3686347007751465,0.8458335399627686,2.1498966217041016,1.92657470703125,2.0141499042510986,2.005023956298828,-3.00834584236145,-4.208410263061523,-8.839075088500977,18.082395553588867,3.2590935230255127,10.910411834716797,0.9271585941314697,2.914092540740967,-1.2864482402801514,8.112951278686523,15.642034530639648,15.673483848571777,-15.68554973602295,-15.700002670288086,-1.5715523958206177,2.878826141357422,-0.3031311631202698,-0.3704250454902649,-0.8995219469070435,0.18042853474617004,0.5566993355751038,0.4467056095600128,6.369927883148193,6.352279186248779,-4.570398330688477,-5.454113483428955
78,-2.8150291442871094,3.431896686553955,-2.707329273223877,-3.6736669540405273,-6.4196319580078125,1.8452227115631104,4.862689971923828,1.0270705223083496,2.0462982654571533,1.9934132099151611,-4.040797233581543,-4.276435375213623,-10.555363655090332,17.219709396362305,-0.03565976023674011,7.033352375030518,-2.333810567855835,3.1005795001983643,-0.4979850947856903,7.8878631591796875,15.691940307617188,15.582470893859863,-15.57110595703125,-15.700006484985352,-0.7897992134094238,2.6397290229797363,-0.5622639060020447,-0.6085254549980164,-1.8705660104751587,0.46075671911239624,1.0602632761001587,0.23478247225284576,6.202655792236328,6.699103832244873,-5.56174373626709,-5.5174736976623535
79,-2.244140863418579,3.316244602203369,-1.4782119989395142,-2.407565116882324,-6.2974371910095215,0.8431245684623718,3.5632331371307373,0.980968713760376,9.14373779296875,2.047576904296875,-4.201894760131836,-4.142930507659912,-10.67719554901123,17.177671432495117,-0.5570024251937866,5.304849624633789,0.004787415266036987,3.2310523986816406,0.13618133962154388,8.047430038452148,-0.0002533666556701064,15.617997169494629,-15.433117866516113,-15.667712211608887,-0.6724662780761719,2.352153778076172,-0.2605471909046173,-0.3686900734901428,-1.4201464653015137,0.1468210518360138,0.6733368039131165,0.26427528262138367,6.001224994659424,6.737497329711914,-5.542484760284424,-5.337427616119385
80,-0.34744125604629517,3.2773280143737793,-1.907036542892456,-2.901916265487671,-6.332479953765869,-1.48396897315979,3.8186984062194824,0.9920923709869385,8.818700790405273,2.0205347537994385,-4.385096073150635,-3.8735570907592773,-11.901698112487793,17.213333129882812,-1.787434697151184,3.1076550483703613,-2.080512523651123,2.318398952484131,1.417068600654602,8.213118553161621,-0.00020373082952573895,15.686864852905273,-15.41203498840332,-15.174921035766602,-0.0013529779389500618,2.021817922592163,-0.4098433256149292,-0.527076005935669,-1.70968496799469,-0.3623759150505066,0.7953904867172241,0.273062139749527,3.4593286514282227,6.239194869995117,-5.304269790649414,-4.469862461090088
81,-0.03714834526181221,2.8936681747436523,-0.8492216467857361,-1.9768320322036743,-5.307555198669434,-1.3971740007400513,2.188551902770996,1.4935303926467896,8.596639633178711,2.0075018405914307,-4.473969459533691,-3.554861068725586,-12.515214920043945,4.397937774658203,0.020395129919052124,2.5054821968078613,-3.2408032417297363,1.7246907949447632,2.404329776763916,10.566644668579102,-0.00032151752384379506,10.119651794433594,-15.057153701782227,-15.586215019226074,0.005670207552611828,1.483328938484192,-0.14359456300735474,-0.34657055139541626,-1.3474723100662231,-0.2605510652065277,0.4074665307998657,0.4525531232357025,3.082176446914673,6.001028060913086,-5.43887996673584,-3.835125207901001
82,5.2168707847595215,5.910855770111084,-0.29723334312438965,-7.589324474334717,-4.354541778564453,-5.646601676940918,2.041923761367798,-2.6156656742095947,3.7747962474823,8.942089080810547,-4.533449649810791,-2.863443374633789,-9.853019714355469,5.617924690246582,2.0328915119171143,0.24944525957107544,-4.860426425933838,2.682600736618042,2.847762107849121,8.398953437805176,-0.00010912562720477581,-0.00042711012065410614,-15.494511604309082,-15.525803565979004,0.9958833456039429,1.96023428440094,-0.03357651084661484,-1.701836347579956,-1.0883508920669556,-1.3402470350265503,0.44530749320983887,-0.5521365404129028,0.5908987522125244,3.868309259414673,-5.617278575897217,-2.8051440715789795
83,3.0122013092041016,4.635214805603027,0.5539799332618713,-7.760135650634766,-3.0103118419647217,-6.363572120666504,0.9230703711509705,-0.1751214563846588,-5.112697601318359,8.508551597595215,-4.40939474105835,-8.858567237854004,-9.992562294006348,2.8478264808654785,0.25707530975341797,-4.069124221801758,-2.276320695877075,0.009239882230758667,2.566584825515747,7.792740821838379,-13.157658576965332,-0.0002354674506932497,-15.648168563842773,0.02349967695772648,0.41471874713897705,1.251552700996399,0.1541593074798584,-1.6979570388793945,-0.6576318740844727,-1.541364073753357,0.15811939537525177,0.0421801395714283,-3.717686176300049,2.901507616043091,-5.616439342498779,-1.6727765798568726
84,7.2880940437316895,3.1900317668914795,1.793412446975708,-6.507377624511719,2.374107837677002,-4.116833209991455,0.6273916363716125,0.9902591109275818,-1.921349287033081,7.644890785217285,-4.362189769744873,6.661123752593994,-8.200675010681152,3.021458387374878,0.783274233341217,-6.691580295562744,-1.3371633291244507,-1.7760229110717773,2.3404057025909424,8.54629898071289,-15.673391342163086,-3.0478695407509804e-06,-15.67131233215332,9.259272575378418,1.5158599615097046,0.6647506952285767,0.4134588837623596,-1.6617116928100586,0.7021751999855042,-0.8331996202468872,0.12414856255054474,0.3279867470264435,-7.002910614013672,2.0982139110565186,-5.613306045532227,2.3645071983337402
85,5.521751403808594,4.1280436515808105,1.7398329973220825,-2.6442837715148926,-1.4577875137329102,-0.16443242132663727,3.418036937713623,1.932125449180603,-1.9871858358383179,-4.911038875579834,-4.247371196746826,3.7193219661712646,-6.0510640144348145,3.871185064315796,1.6499526500701904,-6.013503551483154,-2.5293753147125244,2.199408531188965,3.486750364303589,8.241815567016602,-15.698410987854004,-14.001092910766602,-15.642716407775879,15.699159622192383,0.9189413785934448,1.0778042078018188,0.36321696639060974,-0.498837411403656,-0.4644577205181122,0.1217031180858612,0.881054162979126,0.603951632976532,-7.529237270355225,-3.1789770126342773,-5.253017902374268,5.200104236602783
86,5.055464267730713,2.459564447402954,2.7481331825256348,-1.6996209621429443,0.9676554203033447,1.6852593421936035,0.4032125473022461,1.4032682180404663,-1.994759440422058,-1.8955988883972168,-3.9174931049346924,4.142146110534668,-3.5591771602630615,5.1952900886535645,3.45207142829895,-4.627325534820557,-3.3589365482330322,2.927173614501953,3.1358211040496826,6.488090515136719,-15.697195053100586,-15.681620597839355,-15.615470886230469,15.70065689086914,0.9439272880554199,0.5281959772109985,0.6500018835067749,-0.3643559217453003,0.2705000936985016,0.45804834365844727,-0.03499184548854828,0.3389703333377838,-7.420023441314697,-7.662196159362793,-4.480397701263428,5.515238285064697
87,4.956400394439697,1.013498306274414,2.758516788482666,-1.7187851667404175,2.622985363006592,0.3971947133541107,-0.5609526634216309,0.5992234349250793,-1.9958019256591797,-1.983436107635498,-3.3643908500671387,4.1869378089904785,-1.0594648122787476,5.721709728240967,5.136726379394531,-3.5033464431762695,-3.537383794784546,2.628504514694214,1.8513846397399902,4.364157199859619,-15.697783470153809,-15.68580436706543,-15.610687255859375,15.699321746826172,1.0239171981811523,0.18539024889469147,0.6561770439147949,-0.39493459463119507,0.5412392020225525,0.03361782431602478,-0.14052776992321014,0.10313104093074799,-7.224125385284424,-7.4711737632751465,-3.4385392665863037,5.435970783233643
88,4.856671333312988,-0.9436269402503967,2.4800636768341064,-1.9320188760757446,3.072930097579956,0.6483423709869385,-0.6290908455848694,-0.8438637852668762,-1.9958022832870483,-1.997817873954773,-2.6620848178863525,4.125658988952637,1.267077088356018,5.194555759429932,6.28447961807251,-2.9475064277648926,-3.4823100566864014,2.130432605743408,0.42730793356895447,1.7958709001541138,-15.698213577270508,-15.692258834838867,-15.60781478881836,15.698705673217773,1.1016877889633179,-0.23841147124767303,0.6110016703605652,-0.44002991914749146,0.5844797492027283,0.15132468938827515,-0.12467579543590546,-0.21028558909893036,-7.154478073120117,-7.28645133972168,-2.480700731277466,5.213125705718994
89,4.849750995635986,-3.1818368434906006,2.2815756797790527,-2.0045156478881836,3.2007744312286377,1.3256672620773315,1.045777440071106,-2.029458522796631,-2.0286571979522705,-1.995891809463501,-8.0651273727417,4.067678451538086,3.3982701301574707,4.262500762939453,6.1221208572387695,-2.722111701965332,-3.4142203330993652,1.809369444847107,0.9056566953659058,-0.891426682472229,-15.697183609008789,-15.687164306640625,-0.005981699097901583,15.695358276367188,1.2194105386734009,-0.6515251398086548,0.5541911721229553,-0.4452800154685974,0.5970892310142517,0.3135656714439392,0.27641788125038147,-0.4500071108341217,-7.013533115386963,-7.138818264007568,-1.515260934829712,5.055438995361328
90,5.030175685882568,-7.257254123687744,2.257380485534668,-1.1200556755065918,3.114504098892212,2.695114850997925,4.210901737213135,-0.1881425976753235,-1.9953829050064087,-1.998589038848877,3.646590232849121,4.227966785430908,4.955659866333008,1.6330054998397827,6.270842552185059,-2.9233899116516113,-3.106724262237549,1.9744404554367065,4.678684711456299,-2.032078266143799,-15.697553634643555,-15.696754455566406,3.785370349884033,15.686492919921875,1.4193333387374878,-2.006491184234619,0.575994074344635,-0.21026499569416046,0.5784248113632202,0.6562824249267578,1.0747413635253906,0.02920098975300789,-6.66553258895874,-6.434974193572998,1.2091004848480225,5.613572597503662
91,5.35872745513916,-7.711374282836914,-0.891424298286438,-1.1634613275527954,0.040250569581985474,0.761658251285553,3.9228005409240723,-3.6678366661071777,-2.0063095092773438,-2.0041520595550537,4.399282932281494,4.304662704467773,7.3631911277771,-0.7657211422920227,4.140129089355469,-3.089663505554199,-4.475925922393799,1.2362146377563477,7.543684005737305,-4.424670219421387,-15.685114860534668,-15.623390197753906,15.696615219116211,15.548995971679688,1.8055670261383057,-2.310033082962036,-0.2902871370315552,-0.2602415680885315,-0.09860888868570328,0.0827471911907196,1.0439348220825195,-0.9834677577018738,-6.228775978088379,-6.7719831466674805,5.732192516326904,5.4637451171875
92,5.108755588531494,-7.977646350860596,-4.428536415100098,1.3851587772369385,-1.9994595050811768,1.024742603302002,3.315594434738159,-3.8551137447357178,-1.995469570159912,-2.062570810317993,4.107949733734131,4.547562599182129,9.716775894165039,-4.877184867858887,0.3548392057418823,-3.055988311767578,-7.2784833908081055,0.26066160202026367,7.777091026306152,-6.787600517272949,-15.68522834777832,-15.592535972595215,15.70693302154541,15.647685050964355,1.9667307138442993,-3.813002109527588,-0.9598128199577332,0.34957319498062134,-0.6129606366157532,0.22067072987556458,0.8823152780532837,-0.9875075221061707,-5.777858257293701,-6.2749176025390625,5.269772529602051,6.189047336578369
93,5.75256872177124,-7.034508228302002,-6.054541110992432,1.1844831705093384,-2.6263747215270996,0.2942555248737335,1.9610514640808105,-4.329076766967773,-2.0644032955169678,-1.9919230937957764,4.311683177947998,4.943641662597656,8.36815357208252,-8.919864654541016,-5.592817783355713,-4.701352119445801,-6.713203430175781,-0.6004594564437866,8.10513973236084,-7.446227073669434,-8.34769058227539,-15.7113676071167,15.692809104919434,15.549687385559082,2.351854085922241,-4.323146820068359,-1.464200735092163,0.20047365128993988,-0.8109836578369141,0.030380457639694214,0.4888574481010437,-1.151645541191101,-5.344091892242432,-6.136074066162109,5.414979934692383,6.523932933807373
94,5.395697116851807,-5.744572162628174,-6.174183368682861,0.4423469007015228,-3.92231822013855,-1.6643396615982056,0.6422368288040161,-5.829767227172852,-3.530733823776245,-2.003620147705078,4.1217360496521,4.556799411773682,11.730910301208496,-12.32052993774414,-9.358219146728516,-4.8780670166015625,-10.487337112426758,-2.673069953918457,5.930391311645508,-9.685709953308105,-14.185952186584473,-15.700020790100098,15.595839500427246,15.44931411743164,2.799408435821533,-3.9735870361328125,-1.789185643196106,0.051265254616737366,-1.361106514930725,-0.43928876519203186,0.09357656538486481,-1.8279415369033813,-3.73648738861084,-6.079472541809082,5.351036071777344,6.2567620277404785
95,4.760140895843506,-4.853949546813965,-4.3702569007873535,-0.30251389741897583,-2.5213773250579834,-2.132463216781616,-1.1494920253753662,-5.126072883605957,-2.592444658279419,-1.9896074533462524,4.180906772613525,4.552478790283203,12.75145435333252,-16.27035140991211,-4.267151355743408,-6.346094131469727,-13.220312118530273,-4.9017815589904785,3.6735332012176514,-11.867518424987793,-0.001617431640625,-15.51743221282959,14.429837226867676,14.910712242126465,2.6980605125427246,-4.133151054382324,-1.3571404218673706,-0.10172644257545471,-0.8426727652549744,-0.5296463966369629,-0.2700129747390747,-1.6504822969436646,-4.0476250648498535,-5.4130167961120605,5.283841609954834,6.060033321380615
96,4.691391944885254,-3.858503580093384,-8.679885864257812,2.1322546005249023,1.4809767007827759,-2.6266348361968994,-3.088886022567749,-5.483354568481445,4.163546085357666,-1.97953462600708,4.538521766662598,4.383569240570068,14.838847160339355,-17.80495834350586,-5.680378437042236,-6.927398204803467,-11.345118522644043,-6.898595333099365,0.40320485830307007,-9.386205673217773,7.755382061004639,-15.583113670349121,15.420378684997559,-0.08168032765388489,3.4166526794433594,-3.983574390411377,-2.3860554695129395,0.43377888202667236,0.41321852803230286,-0.7225255966186523,-0.6553548574447632,-2.130037546157837,1.9769649505615234,-3.664525032043457,5.680960655212402,5.061033725738525
97,4.4241943359375,-3.3689873218536377,-5.4660468101501465,0.319795161485672,7.292508602142334,-2.2472469806671143,-3.7066431045532227,-5.578127861022949,2.860300064086914,-3.0352492332458496,4.517703533172607,14.30025863647461,14.689494132995605,-19.233049392700195,-6.126070976257324,-7.642840385437012,-3.404794216156006,-8.17087459564209,-2.3939127922058105,-11.689042091369629,15.597811698913574,0.0005005047423765063,15.335466384887695,-0.05604097619652748,3.4947140216827393,-3.665842056274414,-1.2628120183944702,-0.005766481161117554,1.7391809225082397,-0.6158846616744995,-0.8131046295166016,-1.7686278820037842,5.526045322418213,-1.9059078693389893,5.3242292404174805,3.0808188915252686
98,4.286413192749023,-2.8511054515838623,-1.9018338918685913,2.014993906021118,7.820065975189209,1.2681900262832642,-4.812865257263184,-0.5565223693847656,1.9722607135772705,5.34528112411499,4.435105800628662,13.763495445251465,13.595044136047363,-20.470643997192383,-5.4618988037109375,-7.558104038238525,3.620509624481201,-6.729763031005859,-5.000852108001709,-12.044293403625488,15.646288871765137,7.988348007202148,15.404545783996582,0.007471444085240364,2.3859925270080566,-3.029566526412964,-0.3036113381385803,0.3731187582015991,2.794487714767456,0.3584507405757904,-1.1874806880950928,0.10839672386646271,7.337840557098389,3.2459089756011963,5.069394588470459,3.1273162364959717
99,2.0280377864837646,-2.277402639389038,-0.7601262927055359,5.28850793838501,6.269571781158447,4.6974663734436035,-1.6968687772750854,-0.5841935873031616,1.996268630027771,3.1059603691101074,4.1866278648376465,12.008050918579102,11.566365242004395,-19.937204360961914,-3.8817851543426514,-5.65462064743042,8.263113021850586,-1.8004258871078491,-6.071201324462891,-11.955385208129883,15.691380500793457,15.671233177185059,15.59341812133789,0.009664437733590603,0.5404335856437683,-1.716238021850586,-0.1245194599032402,0.9806077480316162,2.3903603553771973,1.0414373874664307,-0.28848254680633545,-0.1963225156068802,6.7848896980285645,5.831271171569824,4.9921793937683105,2.56398344039917
100,-2.4766812324523926,-0.7233899831771851,-1.180586814880371,5.907366752624512,5.114364147186279,3.250948429107666,0.9670512676239014,-0.06027771905064583,2.048914670944214,1.9854481220245361,4.18467903137207,8.846868515014648,6.492182731628418,-18.767324447631836,-2.91104793548584,-3.0904383659362793,11.548894882202148,1.0730676651000977,-5.893524169921875,-11.548428535461426,15.627873420715332,15.676444053649902,15.637636184692383,0.016665657982230186,-0.6028875112533569,-0.21384786069393158,-0.2810989320278168,1.082407832145691,2.1932897567749023,0.637333869934082,0.2714076042175293,0.013447094708681107,6.914117813110352,5.4319329261779785,5.243540287017822,1.721549391746521
101,-6.4793620109558105,9.082915306091309,-1.7949002981185913,3.3724708557128906,3.9742608070373535,-0.745198667049408,0.3860131502151489,5.972131252288818,1.9962574243545532,1.995224952697754,4.083925724029541,-3.4269587993621826,-0.2647319734096527,-11.79851245880127,-1.4454705715179443,-0.500950276851654,13.767552375793457,1.8352646827697754,-5.339293003082275,-4.207396984100342,15.699414253234863,15.675155639648438,15.690923690795898,-15.700653076171875,-1.7016969919204712,2.1012051105499268,-0.4117606282234192,0.5598127841949463,1.770245909690857,-0.29384082555770874,0.04684723913669586,1.232157588005066,7.2200703620910645,5.730829238891602,5.020936012268066,-6.246683597564697
102,-6.714512825012207,9.75941276550293,-1.3340123891830444,4.675510883331299,3.170542001724243,-1.0772886276245117,-2.2982006072998047,5.187761306762695,1.9961044788360596,2.0027987957000732,3.8190112113952637,-4.246272087097168,-4.148667812347412,-3.198801040649414,0.9279149770736694,4.139235496520996,13.93848705291748,1.9086934328079224,-3.617243766784668,-1.763498306274414,15.700017929077148,15.699850082397461,8.234014511108398,-15.705074310302734,-2.185959815979004,2.6283867359161377,-0.24849843978881836,1.0780967473983765,1.3533629179000854,-0.21479392051696777,-0.6865295171737671,0.9465125203132629,7.304076671600342,6.0030388832092285,4.403674125671387,-6.083180904388428
103,-7.2286601066589355,7.580211639404297,-0.7815853953361511,2.770970582962036,2.2433760166168213,-0.8199700117111206,-4.546727180480957,6.467451095581055,2.003925085067749,2.0064051151275635,14.204865455627441,-4.391314506530762,-3.46195912361145,6.750097751617432,3.884263277053833,10.214875221252441,12.441226959228516,0.9995452761650085,-2.8624472618103027,0.3159945607185364,15.646143913269043,15.629905700683594,-3.453642420936376e-06,-15.619924545288086,-2.444507122039795,3.2374210357666016,-0.11581724137067795,0.710894763469696,0.7456874847412109,-0.15078002214431763,-1.0777361392974854,1.3299498558044434,7.1578545570373535,6.1240949630737305,3.099991798400879,-5.655850887298584
104,-7.005593776702881,6.0288848876953125,-2.21999192237854,0.43867552280426025,1.206730604171753,-0.051124028861522675,-3.4217112064361572,6.408345699310303,2.0007131099700928,2.0087387561798096,10.076752662658691,-4.300942897796631,-6.165072441101074,10.677339553833008,3.4109818935394287,11.536988258361816,10.724226951599121,1.1048163175582886,-4.114751815795898,3.3940587043762207,15.626659393310547,15.552092552185059,-6.34975585853681e-05,-15.643518447875977,-2.804011106491089,3.427739381790161,-0.442740261554718,0.02489490807056427,0.321453720331192,0.01846396178007126,-0.7422823309898376,1.4308228492736816,7.254765510559082,6.0725884437561035,1.965111255645752,-5.539211750030518
105,-6.244007110595703,5.109215259552002,-1.8381876945495605,0.007392816711217165,-2.7938711643218994,-0.146611750125885,-3.4571621417999268,5.0210161209106445,2.0042850971221924,2.05436110496521,7.858450412750244,-4.225919246673584,-7.605734348297119,13.522704124450684,2.7307560443878174,12.164592742919922,7.658454418182373,0.9198310375213623,-5.483327865600586,5.987582683563232,15.651809692382812,15.56747817993164,-4.0601709770271555e-05,-15.6823148727417,-2.5120534896850586,3.233842372894287,-0.32220280170440674,-0.023950666189193726,-0.6042829155921936,-0.03187747299671173,-0.8402243256568909,1.182080626487732,6.8080668449401855,6.248687267303467,1.540027141571045,-5.434031963348389
106,-5.411793231964111,4.448092460632324,-1.8234260082244873,-1.3811641931533813,-4.003880977630615,0.32165470719337463,-1.9842491149902344,3.76314640045166,2.0108978748321533,2.0390119552612305,3.426549196243286,-4.1978020668029785,-8.94234848022461,15.090252876281738,1.6991046667099,11.12588119506836,4.406880855560303,0.8617790937423706,-6.4896440505981445,7.891571044921875,15.671303749084473,15.6076078414917,-1.4583330994355492e-05,-15.700281143188477,-2.026589870452881,2.981890916824341,-0.34149327874183655,-0.2373710721731186,-0.7538556456565857,0.08433841168880463,-0.43496447801589966,0.9531279802322388,6.544785022735596,6.237094402313232,0.5185694098472595,-5.403493881225586
107,-3.7289626598358154,4.18657112121582,-2.446385622024536,-1.7255994081497192,-5.186915874481201,0.7332276701927185,1.8932816982269287,1.7680436372756958,2.0130841732025146,2.005807399749756,-3.346336603164673,-4.139472961425781,-10.169050216674805,15.580223083496094,0.180197075009346,8.958937644958496,1.2411051988601685,1.0207717418670654,-1.7729991674423218,8.69084644317627,15.660378456115723,15.63698959350586,-15.63497543334961,-15.700007438659668,-1.1862609386444092,2.6740336418151855,-0.5054157376289368,-0.2735944986343384,-1.1297324895858765,0.1677338182926178,0.522156298160553,0.3958064019680023,6.132826328277588,6.395773410797119,-5.198814392089844,-5.25952672958374
108,-2.190058946609497,3.78975510597229,-2.0920398235321045,-3.1336116790771484,-6.678325176239014,1.5568310022354126,3.290027618408203,1.085640549659729,2.0183098316192627,2.0065460205078125,-4.142716884613037,-4.1495585441589355,-9.943435668945312,17.057510375976562,-1.6771466732025146,6.57138204574585,2.9312164783477783,1.4783120155334473,-1.0367058515548706,8.89596939086914,-0.00021696090698242188,15.586602210998535,-15.727970123291016,-15.400602340698242,-0.5968948006629944,2.563333511352539,-0.4159867763519287,-0.5436294078826904,-1.9090393781661987,0.3628999888896942,0.6810107231140137,0.27303066849708557,5.90219783782959,6.615856647491455,-5.675151824951172,-5.315371990203857
109,-1.0546305179595947,3.3294827938079834,-2.605968475341797,-2.1216912269592285,-7.351596832275391,0.22486749291419983,3.1851470470428467,0.3971270024776459,8.518362998962402,2.0933966636657715,-4.5485358238220215,-4.129396438598633,-11.361316680908203,16.276365280151367,-2.586458206176758,4.011885643005371,0.3597096800804138,1.924782633781433,-0.49080055952072144,9.126805305480957,-0.00026650604559108615,15.571887969970703,-15.484026908874512,-15.662097930908203,-0.2713596224784851,1.9183756113052368,-0.5821435451507568,-0.3401340842247009,-1.8428186178207397,-0.0048205554485321045,0.6220837235450745,0.07753314077854156,2.864637851715088,6.407254219055176,-5.5532307624816895,-5.093531131744385
110,-0.09996478259563446,3.0954999923706055,-1.1196765899658203,-1.5224095582962036,-5.933675289154053,-1.7220183610916138,2.188122034072876,0.775868833065033,8.626016616821289,2.0436158180236816,-4.565771102905273,-3.8008663654327393,-11.57354736328125,15.6422119140625,-2.387449026107788,3.3225834369659424,-1.786989450454712,6.287574291229248,-0.30742350220680237,9.546175956726074,-0.0002439565141685307,9.965896606445312e-05,-15.427066802978516,-15.798083305358887,0.024704787880182266,1.6416984796524048,-0.18642258644104004,-0.255736768245697,-1.4095005989074707,-0.4027509391307831,0.3967941403388977,0.2449435144662857,3.2308194637298584,5.838024139404297,-5.414793968200684,-4.3617119789123535
111,2.4532344341278076,4.266796588897705,0.15965405106544495,-4.62041711807251,-5.104838848114014,-6.544997692108154,2.170459508895874,0.11108317971229553,6.574141502380371,8.3792085647583,-3.994931697845459,-3.052931308746338,-9.827508926391602,5.131466865539551,1.183990478515625,2.848182439804077,-3.253070592880249,2.4675798416137695,0.274582177400589,9.826776504516602,-0.00021145195933058858,7.835110591258854e-05,-15.647533416748047,-15.455670356750488,0.4415733516216278,1.173225998878479,0.08498676866292953,-0.9481312036514282,-1.2629988193511963,-1.6373004913330078,0.43471717834472656,-0.003106694668531418,1.5010281801223755,2.6787374019622803,-5.512967109680176,-2.821234941482544
112,3.186372756958008,5.050258159637451,1.5094325542449951,-8.390641212463379,-3.930420160293579,-6.051947593688965,1.8756815195083618,-3.247163772583008,-3.4974567890167236,8.253491401672363,-4.312576770782471,-2.4476490020751953,-8.002065658569336,5.405522346496582,2.362753391265869,-1.0683562755584717,-3.341615676879883,0.05964690074324608,0.6049423813819885,6.995095252990723,-4.175690174102783,-0.00018121593166142702,-15.656538963317871,-15.641600608825684,0.529715895652771,1.50484037399292,0.3771340250968933,-1.875130295753479,-0.9374057054519653,-1.3762447834014893,0.3723592162132263,-0.6096256971359253,-1.244417667388916,2.6735925674438477,-5.698026657104492,-2.2858946323394775
113,4.341106414794922,3.696653127670288,-0.24517901241779327,-6.649653434753418,-2.9580769538879395,-4.660505294799805,2.8332252502441406,0.2846311330795288,-2.8058228492736816,8.082133293151855,-4.337098121643066,-8.993267059326172,-5.970084190368652,5.726752281188965,3.278679847717285,-3.2782864570617676,-1.196858525276184,-1.8918365240097046,1.3849488496780396,6.923374652862549,-15.67345905303955,-0.00012572144623845816,-15.707175254821777,0.0450015589594841,0.7966196537017822,0.9237119555473328,-0.11519642919301987,-1.4117341041564941,-0.5795121192932129,-1.0206395387649536,0.6290158629417419,0.18371792137622833,-6.017930030822754,2.503910541534424,-5.7289838790893555,-1.7996000051498413
114,5.376247406005859,0.8214621543884277,0.6844205260276794,-4.482435703277588,1.463999629020691,-2.3516643047332764,0.04502430185675621,1.1728243827819824,-1.9637072086334229,4.150674343109131,-4.306905746459961,8.916650772094727,-6.639500141143799,3.2202439308166504,0.9437865614891052,-5.505379676818848,-1.7756333351135254,-3.157513380050659,0.4920019209384918,7.635357856750488,-15.671086311340332,-4.140158125665039e-06,-15.686744689941406,15.524115562438965,0.9747447967529297,0.043835949152708054,0.17516759037971497,-1.0385918617248535,0.45413145422935486,-0.43964728713035583,-0.10072581470012665,0.35197487473487854,-7.255568504333496,0.7144121527671814,-5.305293083190918,5.275086879730225
115,4.6981682777404785,3.295483350753784,1.9459888935089111,-1.5922423601150513,0.3910864591598511,3.6347522735595703,4.142610549926758,2.0904972553253174,-1.9913477897644043,-3.6556813716888428,-4.186847686767578,3.8148975372314453,-4.93821907043457,4.123737812042236,1.7601125240325928,-4.711553573608398,-2.408010244369507,2.7044880390167236,1.9161113500595093,6.910508632659912,-15.697216033935547,-15.67566204071045,-15.630577087402344,15.70122241973877,0.8221490979194641,0.9217994213104248,0.4577765166759491,-0.25414639711380005,0.03478985279798508,1.0794520378112793,1.0338467359542847,0.6003547310829163,-7.45969820022583,-6.20748233795166,-5.244657039642334,4.793893337249756
116,4.249782085418701,1.3583533763885498,3.1486926078796387,-1.070879578590393,0.38803866505622864,0.6144699454307556,1.0510808229446411,1.1645103693008423,-1.996536135673523,-1.9310014247894287,-3.8470427989959717,4.146007061004639,-2.8518898487091064,4.878466606140137,3.41426944732666,-3.3596246242523193,-3.3894636631011963,2.648785352706909,1.9019560813903809,5.272491931915283,-15.69749927520752,-15.6829252243042,-15.625490188598633,15.699812889099121,0.7910197973251343,0.24082942306995392,0.7476505041122437,-0.22107841074466705,0.07041820138692856,0.0216788649559021,0.105565145611763,0.24345530569553375,-7.3772969245910645,-7.4705328941345215,-4.3288679122924805,5.475225925445557
117,4.6923651695251465,-0.07606732100248337,2.606311559677124,-1.222922444343567,2.793883800506592,0.9803820252418518,-0.43665021657943726,0.06274069100618362,-1.9968277215957642,-1.990969181060791,-3.340358257293701,4.132388591766357,-0.5912901163101196,4.809317111968994,4.800258159637451,-2.352975606918335,-3.5565264225006104,2.3595705032348633,0.6863149404525757,3.1131856441497803,-15.697725296020508,-15.687651634216309,-15.612221717834473,15.698749542236328,1.0022181272506714,-0.07662137597799301,0.59177565574646,-0.27447909116744995,0.6023526191711426,0.23007944226264954,-0.1424221247434616,-0.03834788128733635,-7.152374744415283,-7.24898624420166,-3.418945074081421,5.254909992218018
118,4.401824951171875,-1.9780278205871582,2.4533019065856934,-1.2097071409225464,2.658891439437866,0.9502671957015991,-0.15051209926605225,-0.9972683191299438,-1.9966964721679688,-1.9969736337661743,-2.5964694023132324,4.076079845428467,1.4535245895385742,3.876814365386963,5.713142395019531,-1.8068994283676147,-3.626986265182495,1.8868212699890137,-0.41015058755874634,0.7712127566337585,-15.697954177856445,-15.696372032165527,-15.618295669555664,15.696789741516113,0.9780451655387878,-0.41598474979400635,0.5965331196784973,-0.2580115795135498,0.48113876581192017,0.2036043405532837,-0.019811376929283142,-0.22629152238368988,-7.106677532196045,-7.098395824432373,-2.398516893386841,5.086734294891357
119,4.590678691864014,-3.75050950050354,2.225140333175659,-1.3580867052078247,2.9315972328186035,1.992353081703186,1.5449271202087402,-1.881042718887329,-2.019587755203247,-2.0212717056274414,-7.60004997253418,4.031797409057617,3.430011749267578,2.9364142417907715,5.52748966217041,-1.498045563697815,-3.63856840133667,1.7975759506225586,0.54780113697052,-1.533948302268982,-15.696859359741211,-15.632002830505371,-0.006036579608917236,15.69507122039795,1.1496226787567139,-0.7800455689430237,0.5266211032867432,-0.29245519638061523,0.5459164381027222,0.47581207752227783,0.3728799819946289,-0.4202854335308075,-6.904417037963867,-7.015071868896484,-1.4055075645446777,4.974320888519287
120,4.736205101013184,-7.202816486358643,2.0568840503692627,-0.5506339073181152,2.504615306854248,3.1451711654663086,4.560582637786865,-0.18101570010185242,-1.9953718185424805,-2.0115909576416016,5.709499359130859,4.2114577293396,5.048821926116943,0.188715398311615,5.2566118240356445,-1.6316919326782227,-3.5787651538848877,2.1100568771362305,4.673397064208984,-2.590090274810791,-15.70001220703125,-15.642476081848145,8.148645401000977,15.689314842224121,1.301345705986023,-2.103248119354248,0.499238520860672,-0.08366985619068146,0.44137683510780334,0.7607511281967163,1.145256757736206,0.026388633996248245,-6.549797534942627,-6.443492412567139,1.9375715255737305,5.573810577392578
121,5.082113742828369,-7.283356189727783,-1.5396817922592163,-0.5690658688545227,-0.48967501521110535,0.5933930277824402,4.028709411621094,-3.4452311992645264,-2.0031559467315674,-2.031158685684204,3.6820645332336426,4.340111255645752,7.3488287925720215,-2.489757537841797,2.930877447128296,-1.8776413202285767,-5.2605695724487305,1.3103549480438232,7.301244258880615,-4.731743335723877,-15.67413330078125,-15.543252944946289,15.673813819885254,15.543049812316895,1.6551185846328735,-2.2411561012268066,-0.4192262887954712,-0.12145556509494781,-0.22245022654533386,0.02226439118385315,1.0557752847671509,-0.937009334564209,-6.05161714553833,-6.668056011199951,5.204416275024414,5.565858840942383
122,4.9543046951293945,-7.312699317932129,-4.5648088455200195,1.441249966621399,-2.504209041595459,0.8515813946723938,3.4857840538024902,-3.650129556655884,-1.990480899810791,-2.0658035278320312,4.088482856750488,4.45997953414917,7.78635311126709,-5.163949966430664,-0.08039641380310059,-2.0277609825134277,-7.766024589538574,0.8505501747131348,8.912537574768066,-5.368385314941406,-15.393847465515137,-15.700044631958008,15.9150972366333,14.827685356140137,1.8641717433929443,-3.708651304244995,-1.0117368698120117,0.3457939624786377,-0.7941453456878662,0.18458184599876404,0.924956738948822,-0.9432811141014099,-5.56006383895874,-6.1263628005981445,5.354736328125,6.133267879486084
123,5.911087512969971,-6.248079776763916,-5.388253688812256,-0.3696276545524597,-3.601834297180176,-0.813664436340332,2.81530499458313,-4.773125648498535,-2.001652240753174,-1.998680830001831,4.208878040313721,4.436099529266357,8.631551742553711,-10.589221954345703,-6.256147861480713,-3.9778800010681152,-11.71812629699707,-1.1701513528823853,8.332828521728516,-7.671394348144531,-15.38404655456543,-15.7000150680542,15.63890266418457,15.427931785583496,2.4591763019561768,-3.789468288421631,-1.3696483373641968,-0.15171097218990326,-1.338847279548645,-0.23011133074760437,0.7678388357162476,-1.3282817602157593,-4.892856597900391,-6.042049407958984,5.401219844818115,6.0860137939453125
124,5.484879493713379,-5.249000072479248,-4.739428997039795,-0.06101938709616661,-2.8239691257476807,-1.2869585752487183,1.3999254703521729,-4.773326396942139,-2.476344347000122,-1.9986567497253418,4.155032634735107,4.559548854827881,11.143905639648438,-13.690885543823242,-9.522366523742676,-4.651047706604004,-14.75316333770752,-3.091151237487793,6.7256388664245605,-9.606858253479004,-13.760856628417969,-15.700014114379883,15.656150817871094,15.523626327514648,2.67091703414917,-3.761380195617676,-1.3353526592254639,-0.0009618550539016724,-1.1393933296203613,-0.3022768795490265,0.29457318782806396,-1.408129096031189,-4.275684833526611,-5.98572301864624,5.301639556884766,6.232776165008545
125,5.0316243171691895,-4.35006046295166,-4.801275253295898,-0.4819178581237793,-1.8086588382720947,-2.188072443008423,0.03377023711800575,-4.754441738128662,-8.746973037719727,-1.9857558012008667,8.888128280639648,5.19244909286499,13.297808647155762,-16.7258358001709,-3.3711748123168945,-5.279277324676514,-15.236665725708008,-4.721708297729492,5.181595325469971,-11.630200386047363,0.00012362501001916826,-15.686656951904297,15.256742477416992,15.5176362991333,2.77547025680542,-3.8394548892974854,-1.0281747579574585,-0.13366712629795074,-0.7087829113006592,-0.5549488067626953,-0.06088145077228546,-1.5339502096176147,-3.3195533752441406,-5.27864933013916,5.293477535247803,5.976160049438477
126,4.640103340148926,-3.5944840908050537,-7.236895561218262,2.206608772277832,3.5489661693573,-2.241438627243042,-0.19811446964740753,-4.915685653686523,1.320083737373352,-1.907531499862671,4.341183662414551,18.925148010253906,14.002421379089355,-18.459280014038086,-4.670198917388916,-6.315624237060547,-10.159111976623535,-6.406277179718018,3.368227958679199,-8.644421577453613,3.0812597274780273,-15.685347557067871,15.658577919006348,0.036177001893520355,3.093410015106201,-3.1093482971191406,-1.8846193552017212,0.46013909578323364,0.7715016007423401,-0.579492449760437,-0.043013229966163635,-1.3291468620300293,0.680242657661438,-3.3131158351898193,5.653069496154785,5.09250545501709
127,4.32731819152832,-3.2773213386535645,-5.622570037841797,2.12571120262146,8.20457935333252,-2.833434820175171,-4.287481307983398,-3.154529333114624,4.206825256347656,-7.5870442390441895,4.303879737854004,14.237276077270508,14.709994316101074,-20.060379028320312,-4.977585315704346,-6.093233585357666,-1.6765223741531372,-8.503846168518066,0.2420273721218109,-9.965428352355957,14.175573348999023,0.0001944475807249546,15.501688003540039,-0.07739381492137909,3.0971341133117676,-3.2791287899017334,-1.2887682914733887,0.3511929512023926,2.221497058868408,-0.8345515727996826,-0.9714265465736389,-0.8497862219810486,5.523674011230469,-2.0281758308410645,5.098053932189941,2.9961013793945312
128,4.166585922241211,-2.609456777572632,-0.2959776222705841,1.5430281162261963,7.751660346984863,-0.25966525077819824,-3.6974947452545166,0.8275514245033264,1.9571599960327148,4.069667816162109,4.18794059753418,15.009111404418945,13.617899894714355,-20.46248435974121,-3.9215710163116455,-5.595326900482178,5.553504467010498,-7.571872711181641,-1.9997671842575073,-9.767792701721191,15.659045219421387,5.642696857452393,15.588088035583496,-0.008678507059812546,2.2462422847747803,-2.4597644805908203,0.1690363883972168,0.2399250715970993,3.3572163581848145,0.056610435247421265,-0.762482225894928,0.32311320304870605,7.387644290924072,1.6685242652893066,5.067468166351318,3.6033546924591064
129,0.8743612170219421,-1.9453189373016357,-0.6682543754577637,5.298178195953369,6.000561237335205,4.570553779602051,-1.998924970626831,-0.7620295286178589,1.9905848503112793,3.7782442569732666,4.050378799438477,12.192185401916504,10.247239112854004,-19.86895751953125,-2.6696181297302246,-3.571409225463867,10.21164321899414,-2.462813138961792,-3.253417730331421,-9.66915225982666,15.585295677185059,14.687033653259277,15.642313003540039,0.005884299986064434,0.04839460924267769,-1.2650305032730103,-0.16512274742126465,1.0593781471252441,2.6709747314453125,1.0443439483642578,-0.378104031085968,-0.29194146394729614,6.640881061553955,5.613448143005371,4.844810485839844,2.562727451324463
130,-3.257514476776123,0.6734194159507751,-1.1872442960739136,4.755752086639404,4.8544111251831055,3.4058406352996826,-0.2661663889884949,-0.19424095749855042,2.134643077850342,1.9783740043640137,4.1671247482299805,8.628103256225586,7.734439373016357,-14.485566139221191,-0.34248727560043335,-0.10084593296051025,12.667841911315918,-0.22880950570106506,-3.825622081756592,-10.067000389099121,15.425045013427734,15.700111389160156,15.720708847045898,-0.019368991255760193,-0.716041624546051,0.3258575201034546,-0.2790992259979248,0.8792521953582764,2.4934699535369873,0.6760605573654175,0.011965081095695496,-0.024847175925970078,6.863911151885986,5.263609409332275,5.255364894866943,1.654323697090149
131,-7.658108234405518,7.679519176483154,-2.9639878273010254,3.497403383255005,3.8184001445770264,0.9869786500930786,-2.065882682800293,7.099907875061035,2.0483510494232178,2.0528218746185303,3.8638410568237305,-3.4690895080566406,0.01304231584072113,-8.198692321777344,0.14806121587753296,1.782994270324707,14.420745849609375,1.8762151002883911,-4.416519641876221,-2.663973093032837,15.639796257019043,15.55949592590332,15.655637741088867,-15.647661209106445,-2.2074081897735596,1.6331181526184082,-0.6616458296775818,0.6889564990997314,1.7974876165390015,0.11644306778907776,-0.5591946244239807,1.5577176809310913,7.3270745277404785,5.560345649719238,4.368057727813721,-6.32373571395874
132,-6.742102146148682,8.734040260314941,-2.7122440338134766,3.3437819480895996,3.5632195472717285,0.3280063271522522,-4.087684154510498,4.533777236938477,2.021493434906006,2.0682504177093506,3.6076364517211914,-4.301570892333984,-4.806485652923584,-1.0999772548675537,0.8100712299346924,4.568593978881836,14.422222137451172,3.0834898948669434,-0.9956986308097839,-0.635440468788147,15.559974670410156,15.433716773986816,-0.0015369548927992582,-15.730867385864258,-2.1516551971435547,2.4047155380249023,-0.5288295745849609,0.7517780065536499,1.7664332389831543,0.04634508490562439,-1.098351240158081,0.7935113906860352,7.231618404388428,5.9120659828186035,3.98930025100708,-6.300309181213379
133,-6.512747764587402,7.776418209075928,-0.8646875023841858,1.8531951904296875,2.693187713623047,-0.19134202599525452,-6.6294379234313965,5.64194917678833,2.059715747833252,2.0187482833862305,11.240769386291504,-4.390628337860107,-7.119742393493652,5.412925720214844,1.724153995513916,7.364939212799072,13.189691543579102,3.18754243850708,-3.289782762527466,1.5654770135879517,15.62995719909668,15.473780632019043,-9.51625916059129e-05,-15.685303688049316,-2.6535706520080566,3.2930078506469727,-0.09442295879125595,0.4145182967185974,1.0085160732269287,-0.05499023199081421,-1.5716115236282349,1.2162200212478638,7.072817802429199,6.301121711730957,2.1983258724212646,-5.79034948348999
134,-6.121277332305908,6.39305305480957,-1.7310527563095093,0.8540748953819275,1.3246710300445557,-0.2974424958229065,-4.330387115478516,5.699745178222656,1.996229887008667,2.0402939319610596,9.450149536132812,-4.242881774902344,-8.518148422241211,10.012722969055176,1.9215929508209229,9.290617942810059,11.190879821777344,2.68947434425354,-5.072634696960449,3.970489025115967,15.661100387573242,15.584992408752441,-7.585551065858454e-05,-15.67917251586914,-2.7000293731689453,3.515599012374878,-0.3556284010410309,0.1960609406232834,0.34361037611961365,-0.05801248550415039,-0.9432509541511536,1.3032548427581787,7.146006107330322,6.189387321472168,1.9222595691680908,-5.493062496185303
135,-5.62212610244751,5.346059322357178,-1.6716021299362183,0.01118877250701189,-2.5085675716400146,-0.23649238049983978,-3.8071751594543457,4.645350456237793,1.9955741167068481,2.0344977378845215,8.113618850708008,-4.197956562042236,-9.414183616638184,12.91852855682373,1.4981669187545776,10.000078201293945,8.029861450195312,2.0996062755584717,-6.615664005279541,6.189845085144043,15.7000150680542,15.617691993713379,-7.667743193451315e-05,-15.686970710754395,-2.434488534927368,3.3678722381591797,-0.31460899114608765,-0.04160358011722565,-0.5524075031280518,-0.041837796568870544,-0.9456622004508972,1.1136530637741089,6.768667221069336,6.312865257263184,1.634678602218628,-5.400500774383545
136,-4.924168586730957,4.635039806365967,-1.7023134231567383,-1.213659405708313,-4.258147716522217,0.11221392452716827,-2.5001375675201416,3.454878807067871,2.0027143955230713,2.0082526206970215,4.824824333190918,-4.228635311126709,-10.462871551513672,14.875238418579102,0.28784024715423584,9.146749496459961,4.63120698928833,1.744641900062561,-7.602653980255127,8.00905990600586,15.608899116516113,15.624284744262695,-0.0007780957967042923,-15.672643661499023,-1.9326987266540527,3.0990889072418213,-0.3314289152622223,-0.21920831501483917,-0.8177812099456787,0.03684288263320923,-0.6062620282173157,0.8715574145317078,6.529163360595703,6.349803447723389,0.8491718173027039,-5.344631195068359
137,-3.5874667167663574,4.083822250366211,-1.8260622024536133,-1.1489077806472778,-4.64939546585083,0.3994637429714203,0.6365795731544495,1.3813127279281616,2.0453972816467285,2.030383586883545,-3.238825559616089,-4.136915683746338,-11.087793350219727,16.00101089477539,-0.3101154565811157,7.951998710632324,1.7587586641311646,1.6955124139785767,-3.0725088119506836,8.84735107421875,15.590170860290527,15.633757591247559,-15.639999389648438,-15.69542121887207,-1.2155169248580933,2.7165169715881348,-0.37119346857070923,-0.17918647825717926,-0.9435564279556274,0.09639492630958557,0.2638086676597595,0.28714999556541443,6.21856164932251,6.449450492858887,-4.941858291625977,-5.206661224365234
138,-1.844915509223938,3.701937675476074,-2.125136137008667,-3.0532171726226807,-6.630249977111816,1.0549777746200562,2.574296236038208,0.6027450561523438,2.0478932857513428,2.0272374153137207,-4.172210216522217,-4.170385360717773,-11.418635368347168,16.440446853637695,-1.9666825532913208,5.680071830749512,-1.2922446727752686,1.962622046470642,-2.8299851417541504,8.858248710632324,15.54288101196289,15.61386775970459,-15.645528793334961,-15.668583869934082,-0.49631690979003906,2.514622211456299,-0.45608264207839966,-0.5586104393005371,-1.8638097047805786,0.25247398018836975,0.5369035601615906,0.13019289076328278,6.066466808319092,6.665067672729492,-5.683135032653809,-5.316918849945068
139,-1.4279210567474365,3.4884138107299805,-1.5834777355194092,-1.9178816080093384,-6.140539646148682,-0.41753560304641724,2.390772581100464,0.30827796459198,9.148058891296387,2.0658862590789795,-4.459474086761475,-4.093029975891113,-11.384366035461426,16.24584197998047,-2.2732646465301514,3.97922682762146,1.2040886878967285,1.969623327255249,-2.64565372467041,8.887277603149414,-0.00029320106841623783,15.561141967773438,-15.312463760375977,-15.652172088623047,-0.4287102222442627,2.138974666595459,-0.3203633427619934,-0.2994198203086853,-1.2881630659103394,-0.1362275779247284,0.43302345275878906,0.07132484018802643,5.888331413269043,6.639632701873779,-5.6357951164245605,-5.2674760818481445
140,0.4986455738544464,3.12186336517334,-1.3538380861282349,-1.51708984375,-6.319705963134766,-2.4639458656311035,2.6002440452575684,0.18873821198940277,8.713927268981934,2.0537643432617188,-4.507611274719238,-3.8682103157043457,-11.508661270141602,16.04308319091797,-2.4081223011016846,3.190563440322876,-0.9740229249000549,1.2478663921356201,-2.3542113304138184,8.807391166687012,-0.00024591718101873994,15.579293251037598,-15.442164421081543,-15.676313400268555,0.171767920255661,1.6551051139831543,-0.2840428948402405,-0.26005154848098755,-1.5864309072494507,-0.5583267211914062,0.48951542377471924,0.0469757504761219,3.1988918781280518,5.823051452636719,-5.399565696716309,-4.515697002410889
141,1.5245699882507324,2.724632501602173,-0.4137120544910431,-1.9760663509368896,-5.351607322692871,-3.7813119888305664,2.809580087661743,0.3597092032432556,8.283888816833496,9.129576683044434,-4.419057846069336,-3.52770733833313,-10.411343574523926,4.474520683288574,1.133610725402832,4.262505531311035,-2.289123773574829,3.7938356399536133,-1.6308788061141968,10.286423683166504,-0.00023512524785473943,-0.00022869848180562258,-14.903579711914062,-15.559003829956055,0.25231003761291504,1.2549816370010376,-0.049584634602069855,-0.37621212005615234,-1.3016382455825806,-0.7022746801376343,0.5349549055099487,0.11193923652172089,2.643547534942627,5.406866073608398,-5.374761581420898,-3.8288753032684326
142,5.5574541091918945,5.134942531585693,2.4155311584472656,-10.520735740661621,-3.914353132247925,-7.452780723571777,2.429020404815674,-7.468230247497559,1.5926671028137207,8.049428939819336,-4.481973648071289,-2.724808692932129,-7.5220627784729,5.651887893676758,3.0622262954711914,0.12394648790359497,-3.891911745071411,0.9279090166091919,-1.2903586626052856,3.797551393508911,-7.000393816269934e-05,-0.0005312848370522261,-15.583121299743652,-15.639540672302246,1.0872111320495605,1.553374171257019,0.6367732882499695,-2.4486019611358643,-0.8860262632369995,-2.1704208850860596,0.4542866349220276,-1.4902536869049072,0.06365248560905457,2.337022066116333,-5.763988971710205,-2.525216817855835
143,2.6822164058685303,3.8451061248779297,0.6070685982704163,-6.668838977813721,-4.212357997894287,-5.704898357391357,2.9607415199279785,0.09425783157348633,-4.683847427368164,8.27094554901123,-4.375472545623779,-9.222494125366211,-5.699190616607666,5.875723361968994,3.954526901245117,-1.9822211265563965,-1.176119327545166,-1.4424265623092651,-0.6025177836418152,3.000775098800659,-13.953131675720215,-0.00019630457973107696,-15.55335521697998,0.030136622488498688,0.36787521839141846,0.9775474071502686,0.06547671556472778,-1.2753572463989258,-1.0126856565475464,-1.2907228469848633,0.5973740816116333,0.25275030732154846,-5.274220943450928,2.760370969772339,-5.569241523742676,-1.8093303442001343
144,5.524417877197266,0.8074572086334229,0.5798782110214233,-5.838569164276123,1.386282205581665,-3.5423741340637207,1.1894453763961792,0.9261999130249023,-1.9475053548812866,6.277442932128906,-4.320372581481934,7.681947708129883,-6.53145694732666,2.9662230014801025,1.3736908435821533,-5.040943145751953,-1.500380516052246,-3.222304105758667,-1.3105478286743164,3.442262649536133,-15.700023651123047,0.00011782418005168438,-15.625322341918945,11.305057525634766,1.1965547800064087,0.05658332630991936,0.1358073651790619,-1.317366123199463,0.5061060786247253,-0.7292928695678711,0.16845454275608063,0.2443566769361496,-7.242128849029541,1.3998545408248901,-5.457571029663086,2.942582845687866
145,5.580578804016113,3.2110164165496826,1.71793532371521,-2.0750584602355957,0.10501459240913391,2.19560170173645,5.078317165374756,2.7253096103668213,-1.995748519897461,-4.454521179199219,-4.196882247924805,3.7158851623535156,-4.45673131942749,3.705183506011963,2.146855592727661,-4.40272855758667,-2.1554462909698486,2.071730852127075,0.773685097694397,4.710068702697754,-15.697776794433594,-15.684211730957031,-15.64654541015625,15.700244903564453,1.0382771492004395,0.8804269433021545,0.40924057364463806,-0.34333986043930054,-0.0275004580616951,0.680296778678894,1.1706135272979736,0.7227802872657776,-7.610882759094238,-5.59239387512207,-5.246018409729004,4.982850074768066
146,4.234740734100342,0.7745368480682373,3.1818108558654785,-1.426270842552185,0.0008383814711123705,0.3840264678001404,1.8395920991897583,1.5755739212036133,-1.9970715045928955,-1.9195904731750488,-3.9385130405426025,4.115680694580078,-2.599116802215576,3.993596315383911,3.534842014312744,-3.5098607540130615,-3.2226107120513916,1.7934901714324951,1.307503342628479,4.046894550323486,-15.696771621704102,-15.681329727172852,-15.636348724365234,15.699766159057617,0.7648745775222778,0.07515064626932144,0.772792398929596,-0.29703062772750854,-0.003599919378757477,0.017208337783813477,0.2656441330909729,0.32005399465560913,-7.498466968536377,-7.2849555015563965,-4.562469005584717,5.430949687957764
147,4.8328704833984375,-0.8853666186332703,2.5328783988952637,-1.0346513986587524,2.496220350265503,1.135141134262085,0.17529524862766266,0.6485821604728699,-1.9982147216796875,-1.9893865585327148,-3.431535243988037,4.115016937255859,-0.4621741771697998,3.600270986557007,4.720096588134766,-2.590120792388916,-3.503467321395874,1.450150728225708,0.56561678647995,2.5969600677490234,-15.696349143981934,-15.692983627319336,-15.632073402404785,15.697041511535645,1.0512150526046753,-0.2220003455877304,0.5689173936843872,-0.2116403728723526,0.5492823123931885,0.27192676067352295,-0.029761716723442078,0.10321958363056183,-7.257122993469238,-7.050178050994873,-3.5729334354400635,5.213868618011475
148,4.621687412261963,-2.550130605697632,2.314757823944092,-0.774560272693634,2.423366069793701,1.3744860887527466,0.40175914764404297,-0.2038978487253189,-1.9985382556915283,-1.9950851202011108,-2.64693284034729,4.070520401000977,1.6476393938064575,2.5900769233703613,5.497953414916992,-1.874089241027832,-3.7081143856048584,1.076066017150879,-0.045640986412763596,0.8748049139976501,-15.69620132446289,-15.700006484985352,-15.649496078491211,15.693483352661133,1.048380970954895,-0.535149335861206,0.5550317168235779,-0.15532244741916656,0.43814149498939514,0.2984964847564697,0.0894646942615509,-0.07371862232685089,-7.201371669769287,-6.900187015533447,-2.468451499938965,5.070654392242432
149,4.739062309265137,-4.092233180999756,2.074052572250366,-0.9241436719894409,2.7942395210266113,2.5404586791992188,2.0248584747314453,-1.157020926475525,-2.0221171379089355,-2.036263942718506,-7.8777971267700195,4.041823863983154,3.7482666969299316,1.3060877323150635,5.27205753326416,-1.4363174438476562,-3.8494012355804443,1.1183875799179077,1.3649420738220215,-1.0417267084121704,-15.697554588317871,-15.611169815063477,-0.005088271573185921,15.6937837600708,1.2098159790039062,-0.8884411454200745,0.4863132834434509,-0.20047517120838165,0.5202280282974243,0.5915077924728394,0.4764156937599182,-0.26978692412376404,-7.006956577301025,-6.8426127433776855,-1.4653844833374023,5.004507541656494
150,4.710976600646973,-6.791022777557373,1.9216859340667725,-0.6158519387245178,2.737412691116333,3.5816292762756348,4.5982465744018555,0.10684739053249359,-1.9979149103164673,-2.0420093536376953,5.388262748718262,4.22409725189209,5.405646800994873,-1.8670048713684082,4.771712779998779,-1.8000670671463013,-3.699397563934326,1.4866892099380493,5.49617338180542,-2.0478858947753906,-15.691885948181152,-15.547910690307617,7.4149675369262695,15.677908897399902,1.3068058490753174,-2.053983211517334,0.4587404131889343,-0.11773796379566193,0.4963923394680023,0.845610499382019,1.175005316734314,0.06845380365848541,-6.715231418609619,-6.434390068054199,1.8078179359436035,5.609139442443848
151,5.218445301055908,-6.1330695152282715,-1.788017749786377,-0.6577801704406738,0.07088051736354828,0.6901800036430359,3.8513712882995605,-3.0153746604919434,-1.9942870140075684,-2.0835177898406982,3.7441294193267822,4.075418949127197,4.2619171142578125,-5.624697685241699,1.162566900253296,-3.8197076320648193,-4.184778213500977,1.1209028959274292,9.243776321411133,-2.734544277191162,-15.49504566192627,-15.687715530395508,15.40659236907959,15.337224960327148,1.6480023860931396,-2.006349563598633,-0.48023557662963867,-0.14833508431911469,-0.0778583511710167,0.027761787176132202,1.0389490127563477,-0.8101775646209717,-6.24955940246582,-6.676801681518555,5.316071510314941,5.50896692276001
152,6.1351399421691895,-6.016992568969727,-3.8962512016296387,0.6539626121520996,-2.460815668106079,0.18141984939575195,3.321157693862915,-4.376479148864746,-2.016615390777588,-2.013214588165283,4.088463306427002,4.318811893463135,6.556005477905273,-9.449437141418457,-2.8668363094329834,-4.331007957458496,-7.517493724822998,-0.30074867606163025,9.247846603393555,-5.232457637786865,-15.664619445800781,-15.691448211669922,15.689885139465332,15.589984893798828,2.14931321144104,-2.7306642532348633,-0.9164897799491882,0.16378013789653778,-0.7677001357078552,0.016469746828079224,0.9660850167274475,-1.0959430932998657,-5.549389839172363,-6.264092445373535,5.29511833190918,5.4919257164001465
153,5.803715705871582,-5.290391445159912,-4.5697784423828125,0.23749703168869019,-2.8755154609680176,-0.34024012088775635,2.939957857131958,-4.236083507537842,-2.002006769180298,-2.0228614807128906,4.148898124694824,4.379124164581299,9.069024085998535,-12.597065925598145,-6.30996561050415,-4.6775665283203125,-11.053516387939453,-1.6041516065597534,8.659698486328125,-7.18693733215332,-15.372491836547852,-15.69633960723877,15.67645263671875,15.550626754760742,2.422652244567871,-2.8652050495147705,-1.152209997177124,0.027461156249046326,-0.954876184463501,-0.09088638424873352,0.8238093256950378,-1.1006157398223877,-5.064436912536621,-6.048681259155273,5.403829574584961,5.807257175445557
154,5.321850299835205,-4.5064191818237305,-4.180152416229248,0.020670179277658463,-2.791491985321045,-2.102292537689209,2.56398344039917,-4.367871284484863,-2.411729335784912,-2.000568151473999,4.194533348083496,4.52421236038208,11.446128845214844,-15.18014144897461,-9.137102127075195,-5.161104679107666,-13.957452774047852,-3.7275397777557373,7.708569049835205,-8.967591285705566,-13.986093521118164,-15.665332794189453,15.672165870666504,15.590060234069824,2.566995143890381,-2.8545773029327393,-1.1607780456542969,-0.0036410540342330933,-1.1030986309051514,-0.5509926080703735,0.6833019852638245,-1.2486532926559448,-4.3599324226379395,-5.842089653015137,5.455752849578857,6.109008312225342
155,5.039168834686279,-3.809573173522949,-3.5399463176727295,0.17410971224308014,-1.6717840433120728,-2.783907651901245,1.3088029623031616,-4.0764031410217285,-3.118347644805908,-1.9863417148590088,7.98949670791626,5.01238489151001,13.096090316772461,-17.479248046875,-3.46280837059021,-5.29407262802124,-13.931866645812988,-5.781342029571533,6.675487995147705,-10.712929725646973,0.0002797443885356188,-15.675426483154297,15.080485343933105,15.447638511657715,2.669419050216675,-2.910825729370117,-0.7586295008659363,0.0347159206867218,-0.5970834493637085,-0.7323830127716064,0.28140711784362793,-1.2385598421096802,-3.3727569580078125,-5.242800712585449,5.435293197631836,5.941434383392334
156,4.584201812744141,-3.101182699203491,-6.260776042938232,2.9419803619384766,4.938543319702148,-2.8773937225341797,1.2614997625350952,-3.7521939277648926,4.333461284637451,-1.9469733238220215,4.474782943725586,4.155978202819824,14.750123023986816,-18.689056396484375,-3.985178232192993,-5.543940544128418,-8.427234649658203,-7.806516647338867,5.368896007537842,-7.370037078857422,8.050559997558594,-15.69894027709961,15.60733699798584,-0.029353883117437363,3.185059070587158,-2.2642860412597656,-1.5983171463012695,0.595082700252533,1.080567479133606,-0.8130525350570679,0.30878907442092896,-1.2399609088897705,2.1598587036132812,-3.703437089920044,5.662858486175537,4.918428421020508
157,4.249417304992676,-2.966060161590576,-4.548437595367432,1.5129934549331665,8.27197551727295,-2.445288896560669,-2.332625150680542,-4.308355808258057,2.8464837074279785,-7.506631851196289,4.184017658233643,13.712574005126953,14.529348373413086,-19.816871643066406,-4.146075248718262,-5.552090167999268,0.038560569286346436,-9.214518547058105,2.959569215774536,-9.010940551757812,15.650642395019531,0.0003169932751916349,15.622455596923828,0.04937407746911049,3.187638759613037,-2.3505120277404785,-0.9844838976860046,0.2096472829580307,2.4482223987579346,-0.6955462694168091,-0.5509454011917114,-1.2127130031585693,6.049150466918945,-1.961777687072754,5.393514156341553,2.883033514022827
158,3.9337029457092285,-2.4052157402038574,0.23218511044979095,1.72553551197052,7.414837837219238,0.5966139435768127,-4.4544901847839355,0.254268079996109,1.9832212924957275,3.7019598484039307,4.096356391906738,14.444819450378418,13.61085033416748,-19.830400466918945,-2.8594532012939453,-4.860891342163086,6.329109191894531,-7.447385311126709,0.28100794553756714,-8.974020957946777,15.677179336547852,5.136943340301514,15.656158447265625,-0.02073739469051361,1.9057711362838745,-1.8087085485458374,0.24822074174880981,0.3013942837715149,3.2008044719696045,0.2409742772579193,-0.9425775408744812,0.27351492643356323,7.4369587898254395,1.4631561040878296,4.948710918426514,3.4111664295196533
159,0.0755782201886177,-1.3477262258529663,-0.37307366728782654,5.187091827392578,5.679880619049072,5.09316873550415,-2.7230098247528076,-1.2289576530456543,2.0111305713653564,3.913841962814331,3.9979300498962402,11.640151977539062,12.766173362731934,-16.234804153442383,-0.5172133445739746,-1.8015077114105225,9.877432823181152,-2.696955680847168,-1.5287246704101562,-9.581148147583008,15.496674537658691,15.095973014831543,15.548927307128906,0.016688184812664986,-0.2524661421775818,-0.6657930016517639,-0.10393970459699631,1.0498483180999756,2.359058141708374,1.1687586307525635,-0.502871036529541,-0.42536255717277527,6.581832408905029,5.42838716506958,4.875349998474121,2.4133877754211426
160,-6.461875915527344,1.6999850273132324,-1.96475088596344,5.321305751800537,4.596035003662109,4.14129638671875,-2.1520888805389404,1.8641325235366821,2.1069436073303223,1.9695463180541992,4.20422887802124,7.850954532623291,4.871474266052246,-13.816303253173828,-0.44925153255462646,0.3343660235404968,12.90215015411377,1.4368633031845093,-2.7713732719421387,-8.884462356567383,15.70000171661377,15.665796279907227,15.430320739746094,-0.00983249582350254,-1.4247071743011475,0.42017000913619995,-0.46195298433303833,1.077237606048584,2.0578253269195557,0.8600306510925293,-0.44830459356307983,0.4062251150608063,7.022429466247559,5.084705352783203,5.017168998718262,1.4717801809310913
161,-7.134006977081299,8.723775863647461,-3.3600761890411377,2.702241897583008,3.637432098388672,0.8833338022232056,-3.97009015083313,6.093504905700684,2.0111215114593506,2.0425286293029785,3.9023890495300293,-3.557640790939331,-1.6769930124282837,-6.606745719909668,-0.09821254014968872,1.8664231300354004,13.79276180267334,3.5155372619628906,-4.18393611907959,-1.9268213510513306,15.58232307434082,15.631784439086914,15.286627769470215,-15.585777282714844,-1.945125937461853,2.1178088188171387,-0.7370980978012085,0.4691166877746582,1.6170707941055298,0.07628308236598969,-0.9943181872367859,1.2990316152572632,7.231311321258545,5.533726692199707,4.207486152648926,-6.489212989807129
162,-6.4996724128723145,8.68635368347168,-2.842597484588623,2.973820924758911,3.458508014678955,0.29054537415504456,-5.4956793785095215,4.351619720458984,2.0307960510253906,2.0010080337524414,3.830639600753784,-4.408119201660156,-5.571991443634033,0.6153519749641418,0.6213337779045105,4.434042930603027,13.464899063110352,4.339007377624512,-1.485938310623169,-0.14828747510910034,15.582027435302734,15.538651466369629,-0.0012843608856201172,-15.737788200378418,-2.152615785598755,2.655102252960205,-0.546286404132843,0.6854950785636902,1.531375765800476,0.04269537329673767,-1.4535104036331177,0.7959516644477844,7.137527942657471,6.003550052642822,3.815382242202759,-6.289906978607178
163,-6.362932205200195,7.379855632781982,-1.3127659559249878,1.5510574579238892,2.3533756732940674,0.03971279039978981,-7.508089542388916,5.438203811645508,2.0132596492767334,1.994317650794983,10.715913772583008,-4.430566310882568,-7.427338123321533,6.667344570159912,1.120910406112671,6.828413486480713,12.016438484191895,4.111319065093994,-4.210018634796143,1.7852166891098022,15.618490219116211,15.591039657592773,-0.0002631014212965965,-15.668484687805176,-2.543302059173584,3.4066457748413086,-0.19410142302513123,0.33819955587387085,0.7685192823410034,-0.0017868280410766602,-1.814424991607666,1.1842643022537231,7.012500286102295,6.3697190284729,2.066802978515625,-5.761623382568359
164,-5.888573169708252,6.173130989074707,-2.1622915267944336,0.694425106048584,0.4696212708950043,-0.25227558612823486,-4.906402111053467,5.627419948577881,2.0064005851745605,1.9944684505462646,8.936084747314453,-4.351396083831787,-8.902811050415039,10.763453483581543,0.6863566040992737,8.130549430847168,9.814630508422852,3.379763603210449,-6.082075119018555,4.174419403076172,15.658491134643555,15.653697967529297,0.015197877772152424,-15.654438972473145,-2.576083183288574,3.580658435821533,-0.4518904685974121,0.14634458720684052,0.020586274564266205,-0.055161237716674805,-1.1157146692276,1.3060747385025024,7.0586161613464355,6.280358791351318,1.805511474609375,-5.409111022949219
165,-5.384116172790527,5.191544532775879,-1.9504666328430176,0.14195603132247925,-3.5512778759002686,-0.04929189756512642,-4.685515880584717,4.501689910888672,2.035364866256714,2.0069310665130615,7.439614772796631,-4.235459327697754,-9.852723121643066,13.40019702911377,0.047242671251297,8.711100578308105,6.469271183013916,2.70350980758667,-7.826002597808838,6.326531887054443,15.620261192321777,15.676823616027832,0.010826032608747482,-15.652263641357422,-2.292056083679199,3.3478052616119385,-0.3802662491798401,0.01166747510433197,-0.7291194200515747,-0.0021222829818725586,-1.2537493705749512,1.0798670053482056,6.718670845031738,6.454346656799316,1.4788053035736084,-5.373002529144287
166,-4.6336283683776855,4.486052989959717,-1.7041043043136597,-0.6094472408294678,-4.126258373260498,0.3557703495025635,-3.3723766803741455,3.227983236312866,2.0449092388153076,2.0117316246032715,3.218212127685547,-4.176509857177734,-10.683172225952148,15.108030319213867,-0.6359201073646545,8.460127830505371,3.501072645187378,2.4027955532073975,-9.123422622680664,8.081920623779297,15.507015228271484,15.586352348327637,0.014056820422410965,-15.692388534545898,-1.7847336530685425,3.0436408519744873,-0.33662426471710205,-0.12014852464199066,-0.7834286689758301,0.09419424831867218,-0.8994424939155579,0.8116174340248108,6.51912260055542,6.484264373779297,0.48456329107284546,-5.316107749938965
167,-3.08695125579834,4.034069061279297,-2.035158395767212,-0.9726601839065552,-5.125773906707764,0.4457300901412964,0.04945634678006172,1.144556999206543,2.046464204788208,2.0551493167877197,-3.4624693393707275,-4.1554741859436035,-11.1664457321167,16.074600219726562,-1.1253772974014282,7.518877029418945,0.6981730461120605,2.2352113723754883,-4.742865085601807,8.774782180786133,15.633641242980957,15.615653991699219,-15.625128746032715,-15.6705904006958,-0.9838375449180603,2.6773078441619873,-0.4324114918708801,-0.16591684520244598,-1.1313551664352417,0.10039845108985901,0.18966276943683624,0.2187599092721939,6.088690757751465,6.5000200271606445,-5.2261152267456055,-5.177979946136475
168,-1.5843837261199951,3.6697428226470947,-1.9358701705932617,-2.681440830230713,-6.318511486053467,0.6929447054862976,1.9985653162002563,0.5369493961334229,2.031874895095825,2.0343713760375977,-4.195040225982666,-4.174713134765625,-10.507255554199219,16.655065536499023,-2.334887981414795,5.946366310119629,2.652616500854492,2.2284371852874756,-4.6458024978637695,8.781075477600098,-0.00046443939208984375,15.677809715270996,-15.66441535949707,-15.692009925842285,-0.42275118827819824,2.436793804168701,-0.41128766536712646,-0.4944944977760315,-1.7449029684066772,0.16010567545890808,0.41034024953842163,0.11993516981601715,6.045291423797607,6.7170915603637695,-5.740541934967041,-5.357703685760498
169,-0.37181997299194336,3.2922935485839844,-2.3055107593536377,-1.8877246379852295,-7.155777454376221,-1.531399130821228,3.432845115661621,-0.7001971006393433,8.514880180358887,2.020695924758911,-4.501224517822266,-4.208888053894043,-11.000144004821777,16.352577209472656,-2.1921322345733643,4.677239418029785,0.20329003036022186,1.7653485536575317,-4.082526206970215,8.312427520751953,-0.0002584609901532531,15.636099815368652,-15.52864933013916,-15.603914260864258,-0.04222516342997551,1.892199993133545,-0.5063707828521729,-0.2989623546600342,-1.8019773960113525,-0.37490570545196533,0.6479038000106812,-0.15858589112758636,2.8506100177764893,6.387376308441162,-5.5461201667785645,-5.30286169052124
170,1.2622700929641724,3.049661636352539,-1.1392346620559692,-2.2120752334594727,-5.8979644775390625,-2.481635808944702,2.735940456390381,-0.2472018301486969,8.636255264282227,2.0421247482299805,-4.511574745178223,-4.032871246337891,-10.85262680053711,16.257116317749023,-1.8756083250045776,3.783764362335205,-1.828067660331726,1.1081637144088745,-3.667656660079956,7.934300899505615,-0.00024017319083213806,15.601516723632812,-15.42798900604248,-15.6240873336792,0.2436700314283371,1.6256228685379028,-0.19804471731185913,-0.40205609798431396,-1.4087501764297485,-0.5231478214263916,0.46465009450912476,-0.025649171322584152,3.2434749603271484,5.902958869934082,-5.412513732910156,-4.778611183166504
171,2.2946128845214844,2.757850170135498,-0.4541735053062439,-2.468262195587158,-4.726126194000244,-4.307361125946045,3.4966442584991455,0.07589340955018997,8.24135971069336,9.133413314819336,-4.388205051422119,-3.6191391944885254,-9.08879566192627,4.197444915771484,1.9443745613098145,5.55650520324707,-3.2143352031707764,3.5143702030181885,-2.8239457607269287,9.070707321166992,-0.00012319779489189386,-0.0009073078399524093,-15.255864143371582,-16.244556427001953,0.3755098581314087,1.3192203044891357,-0.06704821437597275,-0.4527888894081116,-1.125978946685791,-0.8313688039779663,0.661729097366333,0.0319889672100544,2.606295347213745,5.401613235473633,-5.3880414962768555,-3.9592175483703613
172,6.318792343139648,5.210690498352051,2.50506329536438,-11.607770919799805,-2.761319875717163,-7.692826747894287,3.070777177810669,-7.794989585876465,0.29785358905792236,8.136480331420898,-4.472586631774902,-2.863150119781494,-6.015480041503906,6.009690761566162,3.497110605239868,-0.16553278267383575,-4.210970401763916,0.6009791493415833,-1.8094455003738403,1.808495044708252,-3.100089816143736e-05,-0.00042461336124688387,-15.56684684753418,-15.684752464294434,1.3301900625228882,1.559775471687317,0.6775361895561218,-2.732189416885376,-0.566790759563446,-2.351470947265625,0.5673978924751282,-1.6182752847671509,-0.2444743812084198,2.4145572185516357,-5.808741092681885,-2.77406907081604
173,2.8739261627197266,3.7379465103149414,0.5045555830001831,-6.395260810852051,-4.044023036956787,-5.650599479675293,3.4805636405944824,0.5670527219772339,-4.185622692108154,8.300459861755371,-4.330713272094727,-9.42178726196289,-4.031889915466309,5.53994607925415,4.4101457595825195,-2.059441328048706,-1.252274990081787,-1.901416540145874,-0.8767403364181519,1.2495203018188477,-14.772842407226562,-0.00017806142568588257,-15.560336112976074,0.010616425424814224,0.4038096070289612,0.9184358716011047,0.03409373015165329,-1.1755319833755493,-1.0056298971176147,-1.2834596633911133,0.6883371472358704,0.389236718416214,-5.575554370880127,2.7784388065338135,-5.553712844848633,-1.8271534442901611
174,5.221043109893799,0.9646579027175903,0.44181764125823975,-5.76080322265625,1.9114576578140259,-3.5867841243743896,1.5442173480987549,1.3141974210739136,-1.9635378122329712,6.116596221923828,-4.301189422607422,7.3614935874938965,-2.1047427654266357,5.1919355392456055,5.504359722137451,-3.6534600257873535,-1.218937873840332,-3.603818416595459,-0.7758178114891052,2.365746259689331,-15.69324016571045,-6.317401130218059e-06,-15.632547378540039,10.4816312789917,1.166373610496521,0.10579126328229904,0.10332310944795609,-1.3105496168136597,0.6251673698425293,-0.7611147165298462,0.2316487580537796,0.3101021647453308,-7.262319087982178,1.3339881896972656,-5.434709548950195,2.727365255355835
175,3.2848236560821533,1.775627613067627,0.37678980827331543,-1.3507276773452759,-1.8475368022918701,2.772145986557007,4.346123695373535,3.3012237548828125,-1.9926079511642456,-4.3009419441223145,-4.225820541381836,3.7877752780914307,-3.7955832481384277,2.7488813400268555,1.903309941291809,-4.466451644897461,-3.051887273788452,1.5939364433288574,0.3322817385196686,3.9384818077087402,-15.695408821105957,-15.693364143371582,-15.65089225769043,15.695570945739746,0.5205838680267334,0.4273631274700165,0.0764421597123146,-0.13591034710407257,-0.5632484555244446,0.8323856592178345,0.9649868607521057,0.8302047848701477,-7.7064127922058105,-5.901132583618164,-5.233215808868408,5.248191833496094
176,4.8852691650390625,0.7605326175689697,2.9025468826293945,-1.3439648151397705,2.241687536239624,0.5752405524253845,1.9540528059005737,1.7625902891159058,-1.9983481168746948,-1.9158049821853638,-3.929698944091797,4.0976881980896,-1.9449703693389893,3.0323963165283203,2.9741768836975098,-3.5332536697387695,-3.427798271179199,1.3463969230651855,0.9121288657188416,3.6701018810272217,-15.69653606414795,-15.687907218933105,-15.652138710021973,15.697935104370117,1.0493048429489136,0.12625928223133087,0.7389989495277405,-0.3093022108078003,0.574624240398407,0.04374605417251587,0.3160485625267029,0.34360167384147644,-7.267907619476318,-7.088028430938721,-4.563837051391602,5.32747220993042
177,4.081213474273682,-0.9926727414131165,2.8404765129089355,-0.8217121362686157,2.5529844760894775,1.009914517402649,0.5442288517951965,1.2497761249542236,-1.9990383386611938,-1.9864256381988525,-3.441523790359497,4.11061429977417,-0.17542818188667297,2.5980825424194336,4.134772777557373,-2.6362171173095703,-3.5007174015045166,0.938605785369873,0.4262934625148773,2.7380969524383545,-15.69593620300293,-15.696290969848633,-15.663283348083496,15.693872451782227,0.8205451965332031,-0.2493906468153,0.6518762707710266,-0.15876509249210358,0.47870004177093506,0.22805792093276978,0.05648438632488251,0.25618427991867065,-7.227944850921631,-6.961224555969238,-3.6286799907684326,5.203643321990967
178,4.419426441192627,-2.5460121631622314,2.3756906986236572,-0.578072726726532,2.9523332118988037,1.6978763341903687,0.5523414611816406,0.32232993841171265,-1.9995027780532837,-1.9946413040161133,-2.642436981201172,4.07207727432251,1.73636794090271,1.522956132888794,4.868086338043213,-1.9056425094604492,-3.450718402862549,0.6338157653808594,-0.03922617435455322,1.3489042520523071,-15.696874618530273,-15.700000762939453,-15.67782974243164,15.691666603088379,1.0235013961791992,-0.5479856729507446,0.5454455018043518,-0.1139766126871109,0.5594878196716309,0.38026610016822815,0.11102133989334106,0.029034394770860672,-7.116413593292236,-6.816011905670166,-2.481079339981079,5.069728851318359
179,4.503981590270996,-3.81681752204895,2.122683525085449,-0.6425964832305908,2.859769105911255,2.8318660259246826,2.23809814453125,-0.6751819252967834,-2.002694606781006,-2.0303261280059814,-7.863329887390137,4.034326076507568,3.8037900924682617,0.017728328704833984,4.668625831604004,-1.4214531183242798,-3.5148355960845947,0.728054940700531,1.5306971073150635,-0.3693913519382477,-15.697502136230469,-15.60863971710205,-0.0026434287428855896,15.695491790771484,1.1342406272888184,-0.8489818572998047,0.48649364709854126,-0.1377214938402176,0.5215950012207031,0.6478416919708252,0.5246252417564392,-0.17173631489276886,-6.956562042236328,-6.7834930419921875,-1.4589900970458984,4.984593868255615
180,5.303812503814697,-5.981792449951172,1.9914166927337646,-0.642881453037262,2.741240978240967,3.879366636276245,4.3452839851379395,0.1751486361026764,-1.996598482131958,-2.13051176071167,5.9224395751953125,4.314905643463135,2.0728609561920166,-3.89861798286438,2.4762744903564453,-3.9890213012695312,-2.561934471130371,1.4379616975784302,6.958024501800537,-0.1784360259771347,-15.670685768127441,-15.644272804260254,7.94142484664917,15.579632759094238,1.2894287109375,-1.9248820543289185,0.4221339225769043,-0.15140749514102936,0.5144341588020325,0.9137961864471436,1.1624681949615479,0.0671456903219223,-6.696495532989502,-6.45034646987915,1.9715309143066406,5.586843967437744
181,6.039762020111084,-5.274350166320801,-1.907625436782837,0.5196950435638428,-0.3117833137512207,0.8977701663970947,3.586684465408325,-4.057272911071777,-2.0045721530914307,-2.012878656387329,3.690096378326416,4.1357622146606445,4.617462158203125,-6.581634521484375,0.06369417905807495,-3.7851526737213135,-4.4125237464904785,0.9199570417404175,8.914237976074219,-2.657228946685791,-15.639250755310059,-15.645605087280273,15.695085525512695,15.666412353515625,1.8612544536590576,-1.558205008506775,-0.5196689963340759,0.13795693218708038,-0.17981839179992676,0.07069674134254456,1.0204641819000244,-1.0324482917785645,-6.159150123596191,-6.7409348487854,5.213471412658691,5.126676082611084
182,5.987340450286865,-5.448790073394775,-3.7614338397979736,0.387847900390625,-1.8887526988983154,0.31580838561058044,3.5419600009918213,-3.944002628326416,-2.004589557647705,-2.011448383331299,4.12057638168335,4.323225021362305,7.235566139221191,-9.685154914855957,-3.1971347332000732,-3.898574113845825,-7.38578462600708,-0.1256510317325592,9.104897499084473,-4.902198791503906,-15.61102294921875,-15.68175983428955,15.694091796875,15.600768089294434,2.163731336593628,-2.2157540321350098,-0.8845505118370056,0.06444035470485687,-0.5616822242736816,0.04058966040611267,1.0329234600067139,-0.9249630570411682,-5.530685901641846,-6.291014671325684,5.391833305358887,5.485787391662598
183,5.660083770751953,-4.825711250305176,-4.0483222007751465,-0.16633401811122894,-2.8242223262786865,-1.4182305335998535,3.3434510231018066,-4.0516252517700195,-1.9817345142364502,-1.9981086254119873,4.216210842132568,4.40788459777832,9.626254081726074,-12.689531326293945,-6.359644412994385,-4.397158145904541,-10.722186088562012,-2.0140881538391113,8.856846809387207,-6.800796031951904,-15.42072868347168,-15.699999809265137,15.685029029846191,15.604089736938477,2.412456512451172,-2.288520097732544,-1.0163450241088867,-0.05908589065074921,-0.9511487483978271,-0.3667356073856354,0.9562283158302307,-1.0445826053619385,-4.89619779586792,-6.070814609527588,5.437944412231445,5.738763809204102
184,5.11513614654541,-4.200323104858398,-3.262892723083496,0.3399278521537781,-2.686631441116333,-2.5759317874908447,3.0543551445007324,-3.892782688140869,-2.368032693862915,-1.9949396848678589,4.194060325622559,4.510975360870361,11.95418930053711,-15.019665718078613,-8.581633567810059,-4.65525484085083,-13.412034034729004,-4.5322041511535645,8.179189682006836,-8.437938690185547,-14.110572814941406,-15.700014114379883,15.692774772644043,15.596570014953613,2.472548484802246,-2.310351848602295,-0.8606142997741699,0.07778112590312958,-1.0128586292266846,-0.658527135848999,0.8419522643089294,-1.068379521369934,-4.206208229064941,-5.853947639465332,5.446700096130371,6.085299968719482
185,4.687767028808594,-3.6680691242218018,-2.4101765155792236,0.7814608216285706,-1.4585130214691162,-2.893566846847534,1.9396016597747803,-3.713906764984131,-7.448912143707275,-1.999588131904602,4.608147144317627,4.819425106048584,14.28006362915039,-16.85852813720703,-2.436324119567871,-4.438109397888184,-13.512611389160156,-6.842675685882568,7.1209397315979,-10.002008438110352,0.0002168056380469352,-15.700043678283691,15.31237506866455,15.627664566040039,2.5545835494995117,-2.4434423446655273,-0.46165353059768677,0.1503128856420517,-0.476225882768631,-0.783370852470398,0.45720165967941284,-1.0973645448684692,-3.218125343322754,-5.180140495300293,5.442925930023193,5.968259334564209
186,4.346938133239746,-3.1102752685546875,-6.746041297912598,2.5431385040283203,4.736027240753174,-2.4984617233276367,0.8362389802932739,-3.3287134170532227,3.1755878925323486,-1.943212866783142,4.542089939117432,4.238764762878418,14.859216690063477,-18.312450408935547,-3.3918046951293945,-5.0387091636657715,-7.789368629455566,-8.476872444152832,5.668600559234619,-6.455090045928955,5.597789287567139,-15.542888641357422,15.463746070861816,-0.03602039813995361,2.9303946495056152,-2.107534408569336,-1.747043251991272,0.5028451681137085,1.026126742362976,-0.6995952129364014,0.15396574139595032,-1.0359187126159668,1.3359087705612183,-3.4910805225372314,5.803399562835693,5.1467180252075195
187,4.070505619049072,-2.9498519897460938,-3.9368510246276855,1.8688732385635376,8.152047157287598,-2.1722748279571533,-2.6677086353302,-4.607670783996582,3.559924364089966,-7.591775894165039,4.175961017608643,12.986026763916016,15.171391487121582,-19.34803009033203,-3.2560784816741943,-4.658924579620361,0.5130115151405334,-9.471598625183105,2.9989566802978516,-8.16915225982666,15.060123443603516,0.00020119373220950365,15.617067337036133,0.03911210969090462,2.9344117641448975,-2.1368813514709473,-0.7688176035881042,0.30040442943573,2.4505820274353027,-0.6252379417419434,-0.5999448299407959,-1.2910796403884888,5.852267265319824,-2.022637128829956,5.173403739929199,2.6197938919067383
188,3.078791618347168,-2.7265639305114746,0.9301376938819885,1.593515396118164,7.326346397399902,1.477589726448059,-3.890874147415161,-0.11942120641469955,2.058382034301758,3.587963342666626,4.069842338562012,14.35787296295166,15.816380500793457,-17.249309539794922,-0.8541654944419861,-2.8442187309265137,6.713079452514648,-7.949281692504883,0.547038733959198,-8.639615058898926,15.601265907287598,5.56112003326416,15.32278823852539,-0.0026889191940426826,1.6275616884231567,-1.4717656373977661,0.37720823287963867,0.2800886631011963,3.194002389907837,0.3915877044200897,-0.7965205311775208,0.1930234432220459,7.394449710845947,1.4570560455322266,4.913763999938965,3.4059481620788574
189,-3.1872856616973877,-1.728165864944458,-1.447790265083313,5.771082401275635,5.4473347663879395,5.573874473571777,-3.4914004802703857,-0.8259689807891846,2.0353333950042725,3.765453815460205,4.137776851654053,11.571208953857422,10.695097923278809,-16.78137969970703,-0.2615275979042053,-0.7363932132720947,10.892263412475586,-2.1352908611297607,-1.5958930253982544,-8.756570816040039,15.467260360717773,14.776779174804688,15.476827621459961,-0.0007893852889537811,-0.8298676609992981,-0.733000636100769,-0.38228219747543335,1.2737360000610352,2.184887170791626,1.260389804840088,-0.7127383351325989,-0.2703426778316498,6.539765357971191,5.379561424255371,4.762324333190918,2.3984920978546143
190,-5.71858024597168,4.295605659484863,-2.4775898456573486,3.3531384468078613,4.429930686950684,3.818887233734131,-2.7486913204193115,1.334871768951416,2.0615508556365967,1.9570684432983398,4.314356327056885,5.799947738647461,3.6527390480041504,-12.576139450073242,-0.168788880109787,0.838955819606781,13.247030258178711,2.336097478866577,-3.085991144180298,-8.29483413696289,15.7000150680542,15.68365478515625,15.485700607299805,0.01389671117067337,-1.1599583625793457,0.8908743858337402,-0.5441932082176208,0.5931405425071716,2.0958099365234375,0.7784876823425293,-0.5779470801353455,0.29184335470199585,7.0159173011779785,4.974616527557373,5.070151329040527,0.9529731869697571
191,-7.03577995300293,8.842209815979004,-3.4484283924102783,2.6854965686798096,3.5608513355255127,1.4314533472061157,-4.173483848571777,5.4717912673950195,2.02128005027771,2.0291237831115723,3.846224069595337,-3.60780668258667,-2.3438899517059326,-4.851385116577148,0.11440843343734741,2.092597246170044,13.762252807617188,4.798789978027344,-4.597136497497559,-1.6638753414154053,15.6043119430542,15.661371231079102,15.28445053100586,-15.597604751586914,-2.0479016304016113,2.180068016052246,-0.7327027916908264,0.5412518382072449,1.5713375806808472,0.2458902895450592,-1.0415894985198975,1.1875306367874146,7.100951671600342,5.576910495758057,4.145542621612549,-6.4985880851745605
192,-6.2907867431640625,8.334467887878418,-3.203035831451416,2.2462401390075684,3.428199052810669,0.5311809778213501,-5.49238920211792,4.322853088378906,2.0126161575317383,1.9967443943023682,3.87190318107605,-4.417795658111572,-5.947157859802246,2.0676138401031494,0.5245712995529175,4.10166597366333,13.174670219421387,5.429990768432617,-1.9638218879699707,-0.16576820611953735,15.622600555419922,15.593832015991211,-0.0014974076766520739,-15.69912338256836,-2.0637881755828857,2.6871557235717773,-0.6281823515892029,0.490383505821228,1.4866981506347656,0.09052249789237976,-1.471675992012024,0.8131851553916931,7.037144660949707,5.941035747528076,3.8661468029022217,-6.313478946685791
193,-6.132623195648193,7.047187805175781,-1.560304045677185,1.0959540605545044,2.0639219284057617,0.3265928030014038,-7.6033034324646,5.2661566734313965,1.997485876083374,1.995399832725525,10.483125686645508,-4.393121242523193,-7.94258451461792,7.677443504333496,0.49407094717025757,5.712645530700684,11.496892929077148,5.030598163604736,-4.649489402770996,1.5937985181808472,15.68055248260498,15.700017929077148,0.02242254838347435,-15.579326629638672,-2.4379184246063232,3.4017465114593506,-0.243424654006958,0.22270183265209198,0.620340883731842,0.06977106630802155,-1.8733551502227783,1.1430633068084717,6.920712947845459,6.383216857910156,1.996516227722168,-5.761754989624023
194,-5.68248987197876,5.948967933654785,-2.2969934940338135,0.5588800311088562,0.12060777842998505,0.07584941387176514,-5.225850582122803,5.512306213378906,2.0116446018218994,1.995496392250061,8.584760665893555,-4.245525360107422,-9.387479782104492,11.310836791992188,0.13583789765834808,6.898834228515625,9.236567497253418,4.274654388427734,-6.648558616638184,3.859125852584839,15.634200096130371,15.700000762939453,0.02370697446167469,-15.671093940734863,-2.477323532104492,3.5230729579925537,-0.48496681451797485,0.11764492094516754,-0.08977241069078445,0.006306223571300507,-1.2373499870300293,1.2669974565505981,7.018815994262695,6.328449249267578,1.719416618347168,-5.421048164367676
195,-5.150211334228516,5.038125991821289,-2.102527618408203,0.07698454707860947,-3.933586359024048,0.07957253605127335,-4.605495929718018,4.490716934204102,2.0047571659088135,1.996119737625122,7.188458442687988,-4.199349880218506,-10.1719970703125,13.784908294677734,-0.35948795080184937,7.591882705688477,5.750348091125488,3.4564194679260254,-8.38560676574707,5.8927812576293945,15.603154182434082,15.700005531311035,0.01658957451581955,-15.678376197814941,-2.1390490531921387,3.314714193344116,-0.41620004177093506,-0.002693668007850647,-0.8051038384437561,0.018295079469680786,-1.2468879222869873,1.062498688697815,6.703291416168213,6.488288879394531,1.427417516708374,-5.336676120758057
196,-4.316589832305908,4.3916730880737305,-1.8015551567077637,-0.6364240050315857,-4.051887035369873,0.28656843304634094,-3.1075479984283447,3.1995489597320557,2.0626533031463623,2.0270755290985107,2.252164125442505,-4.159031391143799,-10.916751861572266,15.272008895874023,-0.8636084794998169,7.406519412994385,2.8512966632843018,2.968723773956299,-9.56099796295166,7.542243003845215,15.61296558380127,15.623640060424805,0.011534644290804863,-15.696452140808105,-1.6078521013259888,2.9770989418029785,-0.35836338996887207,-0.1251436024904251,-0.7678220868110657,0.07289458811283112,-0.8296452164649963,0.7854408621788025,6.544410228729248,6.504626750946045,0.26287680864334106,-5.290310382843018
197,-2.7445011138916016,3.965153694152832,-2.17726469039917,-0.9326187968254089,-5.063803672790527,0.27920544147491455,0.3942239582538605,1.1507076025009155,2.0205564498901367,2.0345985889434814,-3.4449167251586914,-4.163889408111572,-11.217266082763672,16.1274356842041,-1.2237412929534912,6.784946441650391,0.14976169168949127,2.5862886905670166,-5.092737674713135,8.154542922973633,15.642857551574707,15.700013160705566,-15.64260196685791,-15.652826309204102,-0.8446183204650879,2.6064653396606445,-0.46483689546585083,-0.16097040474414825,-1.1424416303634644,0.06108415126800537,0.24979259073734283,0.21515609323978424,6.16457986831665,6.541196346282959,-5.3186798095703125,-5.2008562088012695
198,-1.3210811614990234,3.599707841873169,-2.0205698013305664,-2.6451961994171143,-6.0205607414245605,0.06640058010816574,2.386679172515869,0.5009575486183167,2.0118467807769775,1.999466061592102,-4.250863552093506,-4.247092247009277,-11.197653770446777,16.345687866210938,-1.704595685005188,5.348088264465332,-1.5858824253082275,2.452322244644165,-4.862408638000488,8.303523063659668,13.101656913757324,15.672989845275879,-15.536458015441895,-15.588409423828125,-0.3368142247200012,2.3384084701538086,-0.4254273772239685,-0.49504101276397705,-1.6346288919448853,0.005498379468917847,0.4758796691894531,0.10464812815189362,6.203214168548584,6.767776966094971,-5.745685577392578,-5.420866012573242
199,-0.2958638072013855,3.3793392181396484,-1.990135908126831,-2.004810094833374,-6.03726053237915,-2.2587294578552246,3.165154218673706,-0.33597543835639954,9.142324447631836,2.02382493019104,-4.676577568054199,-4.24370002746582,-10.516645431518555,16.510766983032227,-1.366807222366333,4.54869270324707,0.2863836884498596,1.5552279949188232,-4.434189319610596,7.855551719665527,-0.00023638148559257388,15.645851135253906,-15.379796028137207,-15.604527473449707,-0.028667788952589035,1.9893213510513306,-0.42182809114456177,-0.32915133237838745,-1.3278288841247559,-0.5192193984985352,0.5776159167289734,-0.08914105594158173,5.498754024505615,6.597318172454834,-5.6812744140625,-5.428981304168701
200,1.534430742263794,2.9494481086730957,-1.6096163988113403,-2.221501588821411,-5.9335551261901855,-2.9395530223846436,3.292065382003784,-0.6078140139579773,8.719486236572266,2.0322020053863525,-4.530178546905518,-4.10297966003418,-10.29894733428955,16.39055061340332,-1.3847094774246216,3.649991989135742,-1.6814461946487427,0.8313205242156982,-3.7358481884002686,7.227909564971924,-0.00023728725500404835,15.148049354553223,-15.408795356750488,-15.629378318786621,0.29122209548950195,1.5631704330444336,-0.3210952877998352,-0.4001385569572449,-1.4816102981567383,-0.6159753799438477,0.5885251760482788,-0.10553942620754242,3.2020604610443115,5.834836483001709,-5.43126106262207,-4.836328983306885
201,2.631850481033325,2.5911083221435547,-0.877621591091156,-2.652970790863037,-4.698131561279297,-4.642545223236084,3.7322568893432617,-0.24337422847747803,8.182079315185547,9.131918907165527,-4.470697402954102,-3.725633382797241,-9.5276460647583,11.725790023803711,-0.28352344036102295,3.289926528930664,-3.0995843410491943,3.9833362102508545,-2.6499805450439453,7.245206832885742,-0.00022487947717308998,-0.0010373764671385288,-15.155823707580566,-15.65670108795166,0.43540307879447937,1.2002465724945068,-0.15172791481018066,-0.4967705011367798,-1.106938362121582,-0.9078329801559448,0.6940796971321106,-0.028422605246305466,2.5246880054473877,5.299698829650879,-5.428850173950195,-4.053994178771973
202,3.7092089653015137,3.0644443035125732,1.9194802045822144,-6.50773811340332,-3.4266562461853027,-7.345036029815674,3.153186798095703,-3.1754140853881836,3.3333256244659424,8.564169883728027,-4.510016441345215,-2.7160580158233643,-7.186773300170898,6.422786235809326,3.1631102561950684,2.0664331912994385,-4.21221923828125,0.792632520198822,-1.7827725410461426,4.916693210601807,-0.00011127206380479038,-0.0009802894201129675,-15.63447380065918,-15.61055850982666,0.6403816938400269,0.7623859643936157,0.5309625267982483,-1.3508857488632202,-0.772688627243042,-2.0323500633239746,0.5765154957771301,-0.6160538196563721,0.4934830367565155,2.926457643508911,-5.547480583190918,-2.515392303466797
203,4.60188102722168,2.640294313430786,0.6832235455513,-7.663193702697754,-2.6369574069976807,-6.49784517288208,3.478548049926758,-1.4203375577926636,-4.735684394836426,8.306568145751953,-4.279780864715576,-10.03443431854248,-4.955445766448975,5.859928131103516,3.77718448638916,-0.3740118741989136,-0.8645899295806885,-1.9791895151138306,-0.8908905982971191,3.270338296890259,-14.645252227783203,-0.00019061629427596927,-15.542125701904297,0.031288761645555496,0.8596057891845703,0.6679470539093018,0.10485393553972244,-1.5710450410842896,-0.5586544275283813,-1.6687865257263184,0.6848036050796509,-0.19960172474384308,-4.693253517150879,2.6951138973236084,-5.615286827087402,-2.034248113632202
204,5.466800689697266,0.11390555649995804,1.1413105726242065,-6.223616600036621,1.132623314857483,-4.339704990386963,1.668174386024475,0.354687362909317,-1.935393214225769,5.877752780914307,-4.287500381469727,3.688032627105713,-2.853821277618408,5.11158561706543,4.678283214569092,-2.778494358062744,-1.0540857315063477,-3.9377455711364746,-0.9092813730239868,3.3308157920837402,-15.669267654418945,4.593408084474504e-05,-15.649896621704102,3.333688735961914,1.1289559602737427,-0.09304273873567581,0.2868759334087372,-1.3299169540405273,0.37760064005851746,-0.9768298864364624,0.2601475119590759,0.1422591656446457,-7.481262683868408,1.2436442375183105,-5.522672653198242,1.2924294471740723
205,4.708820819854736,0.30959194898605347,0.44042855501174927,-1.618461012840271,-2.4896469116210938,2.847294807434082,4.268240451812744,2.5019474029541016,-1.9874650239944458,-4.214980125427246,-4.259061336517334,4.546741962432861,-4.019576072692871,1.5321052074432373,1.232602596282959,-3.653254508972168,-3.2403905391693115,1.091275930404663,0.006941170431673527,4.550747394561768,-15.688897132873535,-15.69008731842041,-15.66260051727295,15.692992210388184,0.8213539123535156,0.07098069041967392,0.05663015693426132,-0.19345630705356598,-0.7232686281204224,0.8839584589004517,0.9247030019760132,0.6712439656257629,-7.898288249969482,-5.835229396820068,-5.160040378570557,6.299345970153809
206,5.7971696853637695,0.6803058385848999,3.2721266746520996,-2.2101895809173584,2.4780285358428955,0.6193874478340149,2.220767021179199,0.6841502785682678,-2.003220319747925,-1.9133553504943848,-3.986692190170288,4.013148307800293,-1.5405391454696655,2.084223985671997,2.5860354900360107,-2.987436294555664,-3.6108906269073486,0.7983338236808777,0.7056630253791809,3.467562675476074,-15.692777633666992,-15.693333625793457,-15.657601356506348,15.692498207092285,1.2810341119766235,0.16071443259716034,0.8187111020088196,-0.5227793455123901,0.6576905846595764,0.05062991380691528,0.381796658039093,0.07973210513591766,-7.371211051940918,-6.968051910400391,-4.75309944152832,4.9955925941467285
207,4.211947441101074,-1.2615407705307007,3.2650606632232666,-1.4608747959136963,2.0524446964263916,1.2617360353469849,0.5881537199020386,0.6526877284049988,-2.002173662185669,-1.9843354225158691,-3.4976110458374023,4.066339015960693,0.37568575143814087,1.7151767015457153,3.927694082260132,-2.4569175243377686,-3.896216869354248,0.4371774196624756,0.22282499074935913,2.235729217529297,-15.691121101379395,-15.7000093460083,-15.666872024536133,15.689780235290527,0.8374699354171753,-0.3126959800720215,0.7462752461433411,-0.2879146337509155,0.35463187098503113,0.2844674289226532,0.056672558188438416,0.14132241904735565,-7.392005443572998,-6.9200334548950195,-3.722175359725952,5.100046634674072
208,4.69748067855835,-2.850353479385376,2.6102349758148193,-1.071770191192627,3.1693480014801025,2.2074453830718994,0.48016953468322754,-0.2705654203891754,-2.0005407333374023,-1.9953571557998657,-2.651837110519409,4.040204048156738,2.393373727798462,0.781282365322113,4.799218654632568,-1.9554437398910522,-3.814821481704712,0.34345757961273193,-0.3218552768230438,0.6916111707687378,-15.699777603149414,-15.665125846862793,-15.657577514648438,15.692020416259766,1.1409908533096313,-0.6297959089279175,0.591300904750824,-0.21435566246509552,0.6213287115097046,0.49463093280792236,0.09126470983028412,-0.08887533843517303,-7.212127685546875,-6.752936363220215,-2.4860363006591797,4.997682094573975
209,4.656167507171631,-4.193276882171631,2.327786445617676,-1.0009948015213013,3.063591241836548,3.1872403621673584,2.2831993103027344,-1.2020279169082642,-1.998205304145813,-2.0720114707946777,-7.754144191741943,4.02720308303833,4.725822448730469,0.17418164014816284,4.9726243019104,-1.3494176864624023,-3.6919164657592773,0.6957928538322449,1.3737866878509521,-1.1619563102722168,-15.696172714233398,-15.509623527526855,-0.0022525060921907425,15.6517972946167,1.2221543788909912,-0.9531832337379456,0.5373556017875671,-0.2075953632593155,0.556171715259552,0.720504879951477,0.534071147441864,-0.2794262170791626,-7.032323837280273,-6.720883846282959,-1.4270343780517578,4.930007457733154
210,4.415655136108398,-6.694865703582764,2.026170015335083,-0.7910526990890503,3.0595383644104004,4.541861534118652,4.546136856079102,-0.26394736766815186,-1.9994254112243652,-2.024263620376587,5.247759819030762,4.23366641998291,3.388026237487793,-3.2828519344329834,3.3698580265045166,-3.164231538772583,-2.759551525115967,1.9188135862350464,6.488953590393066,-1.3084839582443237,-15.605051040649414,-15.700023651123047,6.892086029052734,15.624200820922852,1.2480276823043823,-2.2065346240997314,0.47019162774086,-0.1594245582818985,0.566007673740387,1.11824631690979,1.148375391960144,-0.020695488899946213,-6.707958221435547,-6.410367012023926,1.7510356903076172,5.6704936027526855
211,5.758956432342529,-5.8059844970703125,-1.1919589042663574,-0.7619353532791138,-0.248290553689003,0.7746398448944092,3.8473806381225586,-3.319190740585327,-2.00565767288208,-2.0252106189727783,3.7027814388275146,4.232549667358398,5.933481693267822,-6.21450662612915,1.3319311141967773,-3.497346878051758,-4.407312870025635,1.2656121253967285,8.830794334411621,-3.4474244117736816,-15.686542510986328,-15.66435718536377,15.691802978515625,15.59628963470459,1.8990296125411987,-1.7537659406661987,-0.3549872040748596,-0.1718646138906479,-0.1714930236339569,0.015459030866622925,1.0963435173034668,-0.8562700152397156,-6.136391639709473,-6.672036170959473,5.362270355224609,5.242332458496094
212,5.5495285987854,-5.648366451263428,-3.571035385131836,-0.12461566179990768,-2.1243631839752197,0.1264696568250656,3.8237433433532715,-3.3448197841644287,-2.039994478225708,-2.0029306411743164,4.1033830642700195,4.3715291023254395,8.22063159942627,-9.560380935668945,-1.9515234231948853,-3.9473042488098145,-7.4051361083984375,0.14518652856349945,9.361234664916992,-5.3487701416015625,-15.686039924621582,-15.691995620727539,15.696134567260742,15.544970512390137,2.0031211376190186,-2.3399252891540527,-0.8257681727409363,-0.0012909024953842163,-0.6441048383712769,-0.00029084086418151855,1.1235438585281372,-0.805502712726593,-5.571112632751465,-6.181399345397949,5.361629486083984,5.5813679695129395
213,5.330976486206055,-4.939983367919922,-3.9225001335144043,-0.6078648567199707,-2.956132650375366,-1.5638779401779175,3.681748867034912,-3.506603956222534,-1.9954345226287842,-1.994153380393982,4.19029426574707,4.45261287689209,10.33533763885498,-12.818622589111328,-5.24206018447876,-4.683932304382324,-10.839590072631836,-1.8660589456558228,9.29513168334961,-7.06553840637207,-15.312984466552734,-15.684932708740234,15.697366714477539,15.58855152130127,2.3185203075408936,-2.38200044631958,-0.9357472062110901,-0.16326917707920074,-0.9985717535018921,-0.3933795392513275,1.084436297416687,-0.9140720963478088,-4.964704513549805,-5.92704963684082,5.429409027099609,5.845249176025391
214,4.912168025970459,-4.185942649841309,-3.0088508129119873,0.0030096424743533134,-2.699582576751709,-2.7133841514587402,3.393627405166626,-3.461381196975708,-2.414294958114624,-1.998416543006897,4.1954474449157715,4.5325398445129395,12.50487232208252,-15.135619163513184,-7.36799430847168,-5.033775329589844,-13.408713340759277,-4.423743724822998,8.84634017944336,-8.479575157165527,-14.012397766113281,-15.69843864440918,15.706944465637207,15.56843376159668,2.4153330326080322,-2.3621482849121094,-0.7470874786376953,0.02759663760662079,-1.0166661739349365,-0.6908297538757324,0.9675908088684082,-0.957320511341095,-4.228531837463379,-5.6761369705200195,5.40558385848999,6.234170436859131
215,4.512881755828857,-3.745737075805664,-1.4970606565475464,0.8290627598762512,-1.3455829620361328,-2.8474209308624268,2.14843487739563,-3.2895774841308594,-2.912026882171631,-1.9846981763839722,4.174124717712402,4.491279602050781,14.26187515258789,-16.947345733642578,-3.9763636589050293,-4.807038307189941,-12.739752769470215,-6.671610355377197,7.9979071617126465,-9.752962112426758,0.0001745221670717001,-15.584338188171387,13.049419403076172,15.414023399353027,2.4344255924224854,-2.4929006099700928,-0.33969414234161377,0.1689322143793106,-0.3992205560207367,-0.7629759311676025,0.5214090347290039,-0.9611756801605225,-3.1817283630371094,-4.971576690673828,5.381646633148193,6.199945449829102
216,4.2219319343566895,-3.111809492111206,-4.894674301147461,2.4252164363861084,5.555698394775391,-2.4358468055725098,1.129672646522522,-3.202324151992798,4.771774768829346,-1.9213485717773438,4.290853023529053,4.366844654083252,15.51014518737793,-18.033004760742188,-2.5860064029693604,-4.659081935882568,-6.794045925140381,-8.221355438232422,6.434986591339111,-9.204751014709473,8.516483306884766,-15.541390419006348,15.501286506652832,9.770299911499023,2.745195150375366,-2.086941957473755,-1.2256993055343628,0.47357696294784546,1.2432066202163696,-0.6697845458984375,0.2403460144996643,-0.9980499148368835,2.678602695465088,-3.4325530529022217,5.761086463928223,5.162993431091309
217,3.8907055854797363,-3.0051844120025635,-4.515177249908447,2.3853139877319336,8.152763366699219,-1.7328529357910156,-0.7402780652046204,-3.3607568740844727,2.774505138397217,-6.94416618347168,4.26642370223999,15.63685417175293,15.107403755187988,-19.078128814697266,-2.5860331058502197,-4.5585713386535645,1.432080864906311,-8.869134902954102,4.494749546051025,-7.365228176116943,15.676838874816895,0.00025061139604076743,15.647696495056152,-0.009840145707130432,2.641388416290283,-2.0756382942199707,-0.9790257811546326,0.41201865673065186,2.5973353385925293,-0.45488807559013367,-0.20591787993907928,-0.8562998175621033,6.24213171005249,-1.6566660404205322,5.658092021942139,3.509929895401001
218,2.6235482692718506,-2.5683486461639404,0.4685544967651367,1.302945613861084,7.1518754959106445,1.7638568878173828,-4.601256370544434,-0.04849199205636978,2.0531506538391113,3.864016056060791,4.06256628036499,14.600329399108887,15.036951065063477,-17.292457580566406,-0.7467619776725769,-2.938603401184082,7.17829704284668,-7.132805824279785,1.4990352392196655,-7.84503173828125,15.622246742248535,6.155672550201416,15.410573959350586,0.014887113124132156,1.1605861186981201,-1.3018497228622437,0.2947438359260559,0.2012660950422287,3.1487133502960205,0.4258700907230377,-0.987080991268158,0.1497361958026886,7.281888008117676,1.5843945741653442,4.864371299743652,3.3277695178985596
219,-4.202320098876953,-1.361829400062561,-1.1450334787368774,5.152745246887207,5.374386310577393,5.416228771209717,-3.5619874000549316,-0.8006996512413025,2.0508615970611572,3.6115260124206543,4.187681198120117,11.574790954589844,9.171615600585938,-16.736398696899414,-0.3364107608795166,-1.137100338935852,11.247615814208984,-1.4993493556976318,-0.7910618185997009,-7.9846673011779785,15.507124900817871,14.965997695922852,15.448859214782715,0.003421518485993147,-1.0051690340042114,-0.5309731364250183,-0.2927856147289276,1.1259987354278564,2.2153031826019287,1.2324731349945068,-0.6856842637062073,-0.2562722861766815,6.486704349517822,5.426068305969238,4.853996753692627,2.3901326656341553
220,-5.608602523803711,5.444354057312012,-2.5354042053222656,2.464486598968506,4.388223171234131,3.4621129035949707,-3.0424420833587646,1.0662976503372192,2.020380973815918,1.964350700378418,4.382148265838623,4.215001106262207,2.6169593334198,-11.67725658416748,-0.045754462480545044,0.19771122932434082,13.26903247833252,2.730048179626465,-2.431845188140869,-7.650417804718018,15.700017929077148,15.684710502624512,15.452286720275879,0.013322697021067142,-1.142651915550232,1.1033531427383423,-0.5685427784919739,0.39445674419403076,2.0910608768463135,0.6974174976348877,-0.6360383033752441,0.24277666211128235,6.945006370544434,5.136017322540283,5.134640216827393,0.5647522211074829
221,-6.863383769989014,8.912790298461914,-3.6853463649749756,2.650245428085327,3.634305715560913,1.2347756624221802,-4.418226718902588,4.742888927459717,2.0119991302490234,2.030080795288086,3.863067865371704,-3.645601511001587,-3.0239317417144775,-4.211418151855469,0.11539635062217712,1.167026400566101,13.609020233154297,4.783904552459717,-4.15724515914917,-1.3817692995071411,15.64648151397705,15.662964820861816,15.316662788391113,-15.652498245239258,-2.0488128662109375,2.240771770477295,-0.7862011790275574,0.5506489276885986,1.6162147521972656,0.20507510006427765,-1.0773379802703857,1.0417351722717285,7.012108325958252,5.696395397186279,4.216678619384766,-6.454107761383057
222,-6.085744380950928,8.238643646240234,-3.6178643703460693,2.0504112243652344,3.3725838661193848,0.3537312150001526,-5.741722106933594,4.179810523986816,2.0053138732910156,1.9932804107666016,3.8742575645446777,-4.400657653808594,-6.384757995605469,2.4086430072784424,0.2867353558540344,2.768226146697998,12.867766380310059,5.109550952911377,-1.6150826215744019,-0.057282112538814545,15.653749465942383,15.634468078613281,-0.038996219635009766,-15.724264144897461,-2.007194995880127,2.6753735542297363,-0.7221697568893433,0.4206238389015198,1.404133915901184,0.04687812924385071,-1.5155848264694214,0.8092943429946899,7.018126010894775,5.9824538230896,3.8891732692718506,-6.327477931976318
223,-5.9820146560668945,6.9999284744262695,-2.1287107467651367,1.205287218093872,1.7984189987182617,0.3264734447002411,-8.159695625305176,4.996035575866699,1.9983086585998535,1.9965784549713135,10.119635581970215,-4.391430854797363,-8.274203300476074,7.660269737243652,0.11329342424869537,4.109246730804443,11.086875915527344,4.683159828186035,-4.50311279296875,1.5068012475967407,15.67430591583252,15.700016975402832,0.02677907422184944,-15.586338996887207,-2.3885765075683594,3.3259143829345703,-0.3655742108821869,0.2461884468793869,0.4937875270843506,0.07669864594936371,-2.0183494091033936,1.0784697532653809,6.9126458168029785,6.459216594696045,1.8915126323699951,-5.793461799621582
224,-5.595969200134277,5.9327616691589355,-2.740654468536377,0.7956610321998596,-0.5036192536354065,0.05536385625600815,-5.658830642700195,5.4631147384643555,2.012375593185425,1.997462272644043,8.24606990814209,-4.236486434936523,-9.446744918823242,11.320259094238281,-0.05275675654411316,5.519003868103027,8.693863868713379,3.919745922088623,-6.684267997741699,3.6435635089874268,15.660240173339844,15.700016021728516,0.02549559809267521,-15.68979549407959,-2.4320645332336426,3.45100736618042,-0.5736483931541443,0.173500195145607,-0.2049093246459961,0.0005429014563560486,-1.3490633964538574,1.2560800313949585,7.014871120452881,6.412566184997559,1.643824815750122,-5.40886926651001
225,-5.054081439971924,5.024287700653076,-2.6390271186828613,0.23521575331687927,-4.0501251220703125,0.08198913931846619,-4.780112266540527,4.454305648803711,2.0055201053619385,1.9971365928649902,6.8405842781066895,-4.203205108642578,-10.233214378356934,13.672109603881836,-0.6232386827468872,6.12665319442749,5.307239532470703,3.159942865371704,-8.446124076843262,5.615706443786621,15.598165512084961,15.700011253356934,0.020235097035765648,-15.689657211303711,-2.0530753135681152,3.2230477333068848,-0.532753050327301,0.033526286482810974,-0.818831741809845,0.019638389348983765,-1.2886964082717896,1.042335867881775,6.701125144958496,6.528761863708496,1.3515064716339111,-5.33962345123291
226,-4.193801403045654,4.389698028564453,-2.217808961868286,-0.06056399270892143,-4.154632568359375,0.17595429718494415,-3.225558042526245,3.180075168609619,2.0236427783966064,2.0122830867767334,1.064932942390442,-4.181739807128906,-10.970709800720215,15.051950454711914,-1.1034481525421143,6.222698211669922,2.496239423751831,2.665735960006714,-9.650494575500488,7.244500160217285,15.647256851196289,15.653409004211426,0.002340216189622879,-15.6054105758667,-1.5351508855819702,2.852743625640869,-0.4430144429206848,-0.023100659251213074,-0.7998872995376587,0.042814940214157104,-0.8662514090538025,0.7703006863594055,6.517200946807861,6.545260906219482,-0.007186233997344971,-5.288050651550293
227,-2.6504018306732178,3.9175405502319336,-2.497156858444214,-0.6250125169754028,-5.098897933959961,0.3385838270187378,-0.07000946998596191,1.1040743589401245,2.0081183910369873,2.0278127193450928,-3.5465030670166016,-4.167911529541016,-11.052347183227539,16.091859817504883,-1.2158058881759644,6.204714775085449,-0.08509615063667297,2.386068820953369,-5.326719760894775,7.882166385650635,15.637042999267578,15.668173789978027,-15.649292945861816,-15.666197776794434,-0.7987043261528015,2.5102086067199707,-0.5270237326622009,-0.12136955559253693,-1.1626205444335938,0.0806029736995697,0.15604056417942047,0.19828100502490997,6.142300128936768,6.615005970001221,-5.402740478515625,-5.230638027191162
228,-1.1061798334121704,3.5356101989746094,-2.3303775787353516,-2.526520013809204,-5.914462566375732,-0.5873762965202332,2.6190671920776367,0.3990904688835144,2.01904034614563,1.9980076551437378,-4.191672325134277,-4.250467777252197,-10.295084953308105,16.30451774597168,-1.4450361728668213,4.97657585144043,2.1346137523651123,1.9060591459274292,-5.121774673461914,7.796986103057861,-0.0016399896703660488,15.69894027709961,-15.500740051269531,-15.658370018005371,-0.25560277700424194,2.2197623252868652,-0.48435378074645996,-0.4875767230987549,-1.5948494672775269,-0.14490431547164917,0.5368881821632385,0.07245160639286041,6.237905979156494,6.781688690185547,-5.7381391525268555,-5.449697017669678
229,0.5029937028884888,3.044667959213257,-2.594921827316284,-1.602821946144104,-6.841948986053467,-2.793654680252075,3.950493812561035,-1.4210455417633057,8.372119903564453,2.0124828815460205,-4.5582404136657715,-4.2699294090271,-10.358317375183105,16.285066604614258,-1.3682671785354614,4.184554100036621,-0.17595183849334717,0.9727778434753418,-4.312736511230469,6.813889980316162,-0.00023624225286766887,15.609774589538574,-15.318110466003418,-15.601390838623047,0.15580390393733978,1.6168091297149658,-0.5533927083015442,-0.2502795457839966,-1.7086516618728638,-0.6381001472473145,0.7326659560203552,-0.2924383580684662,2.6552388668060303,6.355546951293945,-5.600503921508789,-5.400393962860107
230,1.7765344381332397,2.761032819747925,-1.5815337896347046,-2.194056987762451,-5.4367194175720215,-2.8927717208862305,3.3027124404907227,-0.8384682536125183,8.555217742919922,2.0463764667510986,-4.545073986053467,-4.102255344390869,-9.93722915649414,16.07207489013672,-1.0681320428848267,3.5464282035827637,-2.041698455810547,2.4575066566467285,-3.5617079734802246,5.848843574523926,-0.00022789568174630404,7.8393378257751465,-15.427145957946777,-15.695795059204102,0.3044329881668091,1.3918639421463013,-0.29096806049346924,-0.412020742893219,-1.259705662727356,-0.5956209897994995,0.5685526728630066,-0.12175063788890839,3.1162800788879395,5.858400344848633,-5.442412376403809,-4.923027515411377
231,3.060286045074463,2.14388370513916,-0.6838244199752808,-3.428926944732666,-4.387995719909668,-5.973121643066406,3.391840934753418,-0.6189102530479431,7.302093505859375,9.03847599029541,-4.449321269989014,-3.5909175872802734,-9.439620018005371,13.199462890625,-0.6513948440551758,2.2490715980529785,-3.446312665939331,3.379551410675049,-2.6863105297088623,5.136025428771973,-0.00023152612266130745,-0.0008676988072693348,-15.276857376098633,-15.562129974365234,0.514711856842041,0.9169875383377075,-0.10498187690973282,-0.6744788289070129,-1.03663170337677,-1.3244354724884033,0.6214914321899414,-0.09867487847805023,1.8692615032196045,4.278036594390869,-5.507083892822266,-3.764573097229004
232,3.473573684692383,1.9135406017303467,1.7296571731567383,-5.097334384918213,-3.0788683891296387,-6.867990970611572,3.1167550086975098,-1.4254438877105713,-0.03717711195349693,8.603877067565918,-4.333169460296631,-2.7256696224212646,-7.045591354370117,6.447915077209473,3.0216214656829834,2.0690600872039795,-4.414660453796387,0.14278976619243622,-1.815267562866211,4.052695274353027,-3.353845386300236e-05,-0.00040462950710207224,-15.637024879455566,-15.606910705566406,0.5812510251998901,0.4362180829048157,0.46763354539871216,-1.007135272026062,-0.6920996904373169,-1.7436232566833496,0.5745996832847595,-0.2735320031642914,-0.2893963158130646,3.012164831161499,-5.477107524871826,-2.5915048122406006
233,5.367509841918945,1.830273985862732,0.19994854927062988,-7.481738090515137,-1.587316870689392,-6.055083274841309,3.6656506061553955,-0.7766985297203064,-3.6974353790283203,8.177544593811035,-4.2685747146606445,-10.177321434020996,-4.694523334503174,5.658327579498291,3.4144325256347656,-0.35776999592781067,-0.46982479095458984,-2.4835634231567383,-0.7966734766960144,3.080759048461914,-15.689314842224121,-7.49670434743166e-05,-15.522950172424316,0.04065375402569771,1.0777047872543335,0.4583921730518341,-0.01704327017068863,-1.5767784118652344,-0.2659415304660797,-1.5356086492538452,0.7320126891136169,-0.11861728131771088,-5.256227970123291,2.5373640060424805,-5.691995620727539,-2.068537712097168
234,5.02311897277832,-0.8783584237098694,1.3684329986572266,-5.477451324462891,0.6379449963569641,-3.9347012042999268,1.4720696210861206,0.860602080821991,-1.9523707628250122,3.691889524459839,-4.243321418762207,4.372680187225342,-2.687718629837036,4.63839054107666,4.208385944366455,-2.318316698074341,-1.1276472806930542,-4.309416770935059,-0.9268390536308289,3.5584518909454346,-15.673357009887695,3.088692756136879e-05,-15.676528930664062,4.124358654022217,0.976019561290741,-0.2671271562576294,0.36546993255615234,-1.1236767768859863,0.2126680314540863,-0.8773729801177979,0.2082282453775406,0.25597643852233887,-7.656203746795654,0.5866422057151794,-5.420925140380859,1.4763492345809937
235,4.15929651260376,0.16181029379367828,0.656324565410614,-1.2794750928878784,-1.9648357629776,4.388858795166016,3.8735008239746094,2.5945446491241455,-1.9914958477020264,-3.491835594177246,-4.201297283172607,4.317506790161133,-3.64616060256958,1.6292541027069092,1.3035123348236084,-2.8349928855895996,-3.0724005699157715,1.258831262588501,-0.13547882437705994,4.902945518493652,-15.679746627807617,-15.6693696975708,-15.621612548828125,15.686416625976562,0.7333174347877502,0.0694119855761528,0.10381513088941574,-0.11908353865146637,-0.5452243685722351,1.396883487701416,0.84489506483078,0.6889939904212952,-7.781888008117676,-6.391222953796387,-5.3448004722595215,5.863901615142822
236,5.13679838180542,-0.2256833165884018,3.5907845497131348,-1.8019007444381714,1.6722935438156128,0.24073247611522675,2.0704922676086426,1.202069878578186,-2.0022850036621094,-1.930201768875122,-3.976832389831543,4.049252986907959,-1.5803409814834595,1.6013413667678833,2.5831592082977295,-2.2602996826171875,-3.7174265384674072,0.8723233342170715,0.3531007766723633,4.0807037353515625,-15.691237449645996,-15.694804191589355,-15.640058517456055,15.687955856323242,1.097409725189209,-0.05757998302578926,0.8935841917991638,-0.41592079401016235,0.44634732604026794,-0.10187968611717224,0.3543962240219116,0.22266845405101776,-7.368991374969482,-6.920723915100098,-4.640224456787109,5.14022970199585
237,4.239988803863525,-1.710184931755066,3.182955265045166,-1.2616428136825562,2.354874849319458,1.4672086238861084,0.37684664130210876,0.6905048489570618,-2.0093564987182617,-1.9870903491973877,-3.5009162425994873,4.074888229370117,0.2120419144630432,1.0984514951705933,3.80108642578125,-1.7521926164627075,-3.93522047996521,0.5277116894721985,-0.3215791583061218,2.7835018634796143,-15.676528930664062,-15.700016021728516,-15.654088020324707,15.685667991638184,0.8674164414405823,-0.38710811734199524,0.7081515192985535,-0.24701537191867828,0.4487074911594391,0.3520478308200836,0.010595008730888367,0.13151420652866364,-7.3061017990112305,-6.876185417175293,-3.7143537998199463,5.086673259735107
238,4.587553977966309,-3.043154239654541,2.6631033420562744,-0.9161498546600342,2.94242787361145,2.171769857406616,0.47925204038619995,-0.17519395053386688,-1.9992730617523193,-2.0095129013061523,-2.6337153911590576,4.037476539611816,2.2532646656036377,0.4266246557235718,4.730517864227295,-1.1760023832321167,-3.890190839767456,0.41534459590911865,-0.8982207775115967,1.203426718711853,-15.693988800048828,-15.58498764038086,-15.680168151855469,15.697239875793457,1.0922925472259521,-0.676112949848175,0.6072582602500916,-0.17814595997333527,0.5563602447509766,0.4784117341041565,0.09729845821857452,-0.06880806386470795,-7.190422534942627,-6.729506492614746,-2.469883441925049,4.993091106414795
239,4.5713958740234375,-4.4855570793151855,2.359611749649048,-0.9280732274055481,3.027256965637207,3.369377613067627,2.1829488277435303,-1.1467310190200806,-2.001892566680908,-2.0747861862182617,-7.68075704574585,4.023733615875244,4.505600452423096,-0.5989165306091309,4.851008892059326,-0.7558501958847046,-3.794435977935791,0.8392481803894043,0.6536301374435425,-0.676467776298523,-15.698356628417969,-15.525266647338867,0.0027518197894096375,15.668219566345215,1.1848493814468384,-1.0580357313156128,0.5422860383987427,-0.1910931020975113,0.5543134808540344,0.776957631111145,0.4985736608505249,-0.26518359780311584,-6.978763580322266,-6.724092483520508,-1.4103765487670898,4.978053569793701
240,4.524791240692139,-6.57106351852417,1.9215673208236694,-0.8934173583984375,2.878751754760742,4.495580673217773,4.645987510681152,-0.378831148147583,-1.9982742071151733,-2.0094332695007324,5.99685001373291,4.21483850479126,3.6946663856506348,-3.3268861770629883,3.5555367469787598,-2.198918342590332,-3.014145612716675,2.029022455215454,5.753242492675781,-0.950461745262146,-15.587118148803711,-15.636462211608887,8.64012622833252,15.558550834655762,1.279129147529602,-2.217677593231201,0.434754878282547,-0.18559499084949493,0.5234341025352478,1.101853847503662,1.1530405282974243,-0.05100001022219658,-6.680633068084717,-6.429158687591553,2.0700409412384033,5.65987491607666
241,5.7021918296813965,-5.67673921585083,-1.3413503170013428,-1.0940805673599243,-0.25168734788894653,0.608761727809906,3.978456497192383,-3.2637710571289062,-2.0199942588806152,-2.020005941390991,3.725038528442383,4.226744651794434,5.956085205078125,-6.503473281860352,1.2763936519622803,-2.8375680446624756,-4.7081193923950195,1.4679073095321655,8.210140228271484,-3.05043625831604,-15.657649993896484,-15.675212860107422,15.691560745239258,15.528599739074707,1.8487271070480347,-1.731728434562683,-0.3828120231628418,-0.24950169026851654,-0.16673222184181213,-0.02405145764350891,1.092736005783081,-0.8246374130249023,-6.070430278778076,-6.64932918548584,5.220760345458984,5.3148884773254395
242,5.581803798675537,-5.482119083404541,-3.4219329357147217,-0.6547094583511353,-2.231264352798462,-0.4360431730747223,4.042468547821045,-3.20141339302063,-2.021824598312378,-2.00886607170105,4.105099678039551,4.3948073387146,8.218289375305176,-9.916534423828125,-2.0290274620056152,-3.5804648399353027,-7.794760227203369,0.063233382999897,9.052874565124512,-4.939863204956055,-15.650733947753906,-15.684239387512207,15.694487571716309,15.54656982421875,2.0515213012695312,-2.2218470573425293,-0.7844482064247131,-0.12899209558963776,-0.6889028549194336,-0.1260022222995758,1.1758896112442017,-0.7538701891899109,-5.466214656829834,-6.153619289398193,5.376201629638672,5.591376304626465
243,5.380373477935791,-4.755184173583984,-3.55964994430542,-0.8598393201828003,-2.9682888984680176,-2.0431618690490723,4.013542652130127,-3.366175413131714,-1.999849557876587,-2.006702184677124,4.190859317779541,4.477744102478027,10.41494083404541,-13.012317657470703,-5.072772026062012,-4.397739887237549,-11.206379890441895,-2.2562615871429443,9.338733673095703,-6.5975494384765625,-15.192090034484863,-15.659541130065918,15.71213436126709,15.603217124938965,2.3788208961486816,-2.262166976928711,-0.840203583240509,-0.20811240375041962,-1.021500587463379,-0.4997929036617279,1.1886268854141235,-0.8609323501586914,-4.864079475402832,-5.879215717315674,5.431342124938965,5.916271209716797
244,4.888620376586914,-4.106399059295654,-2.4591779708862305,0.13233345746994019,-2.6593339443206787,-2.900057554244995,3.666020631790161,-3.395073890686035,-2.477750539779663,-1.9940506219863892,4.189249038696289,4.581989288330078,12.558891296386719,-15.299942970275879,-6.992546558380127,-4.696937561035156,-13.543925285339355,-4.979500770568848,9.04153060913086,-8.054097175598145,-13.857257843017578,-15.686786651611328,15.69913101196289,15.5985689163208,2.4291348457336426,-2.317936420440674,-0.5835861563682556,0.06510768830776215,-1.0169707536697388,-0.7415968179702759,1.0549439191818237,-0.9219368696212769,-4.128445625305176,-5.586554527282715,5.369549751281738,6.325634479522705
245,4.295590877532959,-3.6920711994171143,-0.9625142216682434,0.9404808282852173,-1.116738200187683,-2.861863136291504,2.35695219039917,-3.2185897827148438,-8.630075454711914,-1.994411587715149,4.124059677124023,4.487793445587158,15.064665794372559,-16.69272804260254,-7.489842414855957,-4.520425796508789,-12.805930137634277,-7.3591437339782715,7.95074462890625,-9.260099411010742,0.0001712978701107204,-15.692389488220215,15.633277893066406,15.622309684753418,2.4238765239715576,-2.450406074523926,-0.18591779470443726,0.19014202058315277,-0.3048883080482483,-0.7785177230834961,0.5788549780845642,-0.9227167367935181,-3.0671210289001465,-4.7990522384643555,5.364468097686768,6.254002094268799
246,3.889169692993164,-3.216521978378296,-2.9105169773101807,2.6366539001464844,5.941473007202148,-1.4687825441360474,0.7293907999992371,-2.0777785778045654,3.6093087196350098,-1.914514422416687,4.6959052085876465,4.622039318084717,15.72434139251709,-17.371994018554688,-1.8601516485214233,-3.9201483726501465,-6.103137969970703,-7.8816070556640625,6.410880088806152,-7.287431240081787,6.201319217681885,-15.530068397521973,15.623047828674316,6.48378849029541,2.2322521209716797,-2.0964441299438477,-0.7117030024528503,0.523705005645752,1.3468163013458252,-0.33649519085884094,0.10433787107467651,-0.5570940375328064,1.5571168661117554,-3.26973819732666,5.61582612991333,5.513587474822998
247,3.661797046661377,-2.9812309741973877,-5.0401716232299805,1.9814740419387817,7.954667568206787,-1.27505362033844,-0.2552919387817383,-4.020166397094727,3.442906141281128,-6.473776817321777,4.361988544464111,14.586650848388672,16.249422073364258,-17.823007583618164,-1.9474918842315674,-3.679288625717163,1.6878024339675903,-8.739368438720703,4.7198615074157715,-7.037230968475342,15.03828239440918,0.00022349765640683472,15.326789855957031,0.3274388015270233,2.2746939659118652,-1.9482272863388062,-1.1781935691833496,0.3273109197616577,2.475285530090332,-0.3376599848270416,-0.0879904180765152,-1.092883825302124,6.032034397125244,-1.4480433464050293,5.530379295349121,3.0629916191101074
248,2.2504961490631104,-2.650726556777954,-0.023074205964803696,1.302154302597046,6.960864067077637,2.38126540184021,-6.198593616485596,0.5939235687255859,2.039308547973633,4.1114277839660645,4.204704284667969,14.167108535766602,14.239677429199219,-17.846391677856445,-1.2219839096069336,-2.7809712886810303,7.58967399597168,-6.021036624908447,1.0337871313095093,-7.049299240112305,15.483732223510742,6.419203758239746,15.222711563110352,-0.019376195967197418,0.8604515194892883,-1.5315275192260742,0.19828540086746216,0.21477414667606354,3.011580467224121,0.5306820869445801,-1.3811967372894287,0.3048897683620453,7.315175533294678,1.6880881786346436,4.725310325622559,3.276782751083374
249,-4.856115341186523,-1.0325753688812256,-0.6678275465965271,4.667703151702881,5.313211917877197,5.2621378898620605,-3.449674129486084,-1.1008912324905396,2.0978801250457764,3.548572540283203,4.288974761962891,11.445127487182617,7.6672682762146,-17.021713256835938,-0.8428940773010254,-1.0970489978790283,11.837041854858398,-0.41372445225715637,-1.3075528144836426,-7.300136089324951,15.442299842834473,14.976116180419922,15.353001594543457,0.00942947156727314,-1.1376333236694336,-0.34503209590911865,-0.16279801726341248,1.0142685174942017,2.32956600189209,1.2109973430633545,-0.6162363290786743,-0.36259356141090393,6.497828006744385,5.412670612335205,4.883365154266357,2.366736650466919
250,-5.498427391052246,6.489944934844971,-2.3014748096466064,1.6759699583053589,4.3245649337768555,3.0408971309661865,-2.9665138721466064,0.6124861240386963,2.033723831176758,1.9822661876678467,4.494694709777832,1.6339287757873535,1.6589637994766235,-10.898965835571289,-0.08851411938667297,0.25983065366744995,13.664369583129883,3.5254039764404297,-2.868406057357788,-7.15307092666626,15.673584938049316,15.70001220703125,15.359955787658691,0.0013633407652378082,-1.1393476724624634,1.3273106813430786,-0.5351141095161438,0.2267523854970932,2.156888246536255,0.6090313196182251,-0.6310245394706726,0.1725190430879593,6.936582088470459,5.271347999572754,5.176108360290527,-0.04732972010970116
251,-6.643401622772217,9.003982543945312,-3.7367866039276123,2.5225026607513428,3.7630653381347656,0.9078612923622131,-3.9392220973968506,3.766176700592041,2.0131940841674805,2.0193023681640625,3.9555723667144775,-3.72920298576355,-3.656275510787964,-3.455807685852051,0.08536359667778015,0.9978172183036804,13.87597370147705,5.09859037399292,-4.448293685913086,-1.2812769412994385,15.68459415435791,15.67603588104248,15.363677024841309,-15.681190490722656,-2.0098726749420166,2.333108425140381,-0.807412326335907,0.5478464961051941,1.7957239151000977,0.13224609196186066,-0.9598614573478699,0.8370814919471741,6.983151912689209,5.727104663848877,4.3609619140625,-6.430853366851807
252,-5.93936824798584,8.10755443572998,-3.5748565196990967,1.6753857135772705,3.3478448390960693,0.27315226197242737,-5.69398307800293,4.0549468994140625,1.9993118047714233,1.9944576025009155,3.857311725616455,-4.381049633026123,-6.755119800567627,2.9953582286834717,0.2598153352737427,2.362426280975342,12.963712692260742,5.1366729736328125,-1.8599305152893066,-0.19973811507225037,15.694273948669434,15.684613227844238,-0.00820958986878395,-15.685912132263184,-1.9856748580932617,2.6909432411193848,-0.7102120518684387,0.32592952251434326,1.3891724348068237,0.037833839654922485,-1.540232539176941,0.8133971691131592,7.027214527130127,6.009931564331055,3.9159724712371826,-6.365936756134033
253,-5.819113254547119,6.88746452331543,-2.347243309020996,1.0280871391296387,1.6681104898452759,0.3243391215801239,-8.013747215270996,4.74923038482666,1.9991132020950317,1.9975605010986328,10.191704750061035,-4.384626388549805,-8.678240776062012,7.8937225341796875,-0.002769365906715393,3.375290870666504,11.09021282196045,4.6520185470581055,-4.685222625732422,1.207146167755127,15.65524673461914,15.700030326843262,0.03585878014564514,-15.62829303741455,-2.329169273376465,3.267688035964966,-0.4221987724304199,0.20703820884227753,0.44051721692085266,0.07972665131092072,-1.9906246662139893,1.012587547302246,6.892658233642578,6.461948871612549,1.906165361404419,-5.8326568603515625
254,-5.44952917098999,5.8604302406311035,-2.8937008380889893,0.8102573752403259,-0.8169018626213074,0.0384407639503479,-5.570251941680908,5.381385326385498,2.0019466876983643,1.9976544380187988,8.460870742797852,-4.291085243225098,-9.725790023803711,11.4527587890625,-0.14914961159229279,4.757020950317383,8.561586380004883,3.850369691848755,-6.842467784881592,3.21144962310791,15.656150817871094,15.695897102355957,0.027290822938084602,-15.66060733795166,-2.3597230911254883,3.3940277099609375,-0.6061214804649353,0.17981578409671783,-0.25409993529319763,-0.004094347357749939,-1.3378348350524902,1.2239702939987183,7.01505184173584,6.447142601013184,1.700652837753296,-5.419506549835205
255,-4.8967604637146,4.965728282928467,-2.7887606620788574,0.23325671255588531,-3.9776833057403564,0.0599416121840477,-4.575728893280029,4.4037604331970215,2.0155880451202393,1.9979976415634155,7.059072494506836,-4.204037189483643,-10.429818153381348,13.751823425292969,-0.5757277011871338,5.382646560668945,5.169575214385986,3.068725109100342,-8.51430606842041,5.065662860870361,15.650853157043457,15.7000093460083,0.015257016755640507,-15.617840766906738,-1.9585717916488647,3.1563329696655273,-0.5635533928871155,0.031231626868247986,-0.794805109500885,0.014393359422683716,-1.2290846109390259,1.009204387664795,6.728566646575928,6.5281219482421875,1.3991916179656982,-5.359049320220947
256,-4.007331371307373,4.324887752532959,-2.388253927230835,0.07774841040372849,-4.134441375732422,0.061330847442150116,-2.9674019813537598,3.1948256492614746,2.0076234340667725,2.018983840942383,1.3457202911376953,-4.221716403961182,-10.909421920776367,15.236814498901367,-0.703865110874176,5.982369899749756,2.379774570465088,2.525240659713745,-9.681081771850586,6.664144515991211,15.667156219482422,15.683124542236328,0.014020657166838646,-15.57412338256836,-1.4374158382415771,2.7473320960998535,-0.47509628534317017,0.012089654803276062,-0.8002253770828247,0.013524264097213745,-0.7867222428321838,0.7588484883308411,6.557480812072754,6.532242774963379,0.051360905170440674,-5.321451663970947
257,-2.404027223587036,3.8661041259765625,-2.5937423706054688,-0.8740920424461365,-5.028172016143799,0.06861065328121185,0.6973049640655518,1.1061859130859375,2.01977801322937,2.0170443058013916,-3.528176784515381,-4.205563545227051,-10.955962181091309,16.150550842285156,-0.9051369428634644,5.873723030090332,-0.19763341546058655,2.128801107406616,-5.173271179199219,7.2310380935668945,15.670206069946289,15.694498062133789,-15.55380630493164,-15.609264373779297,-0.6994511485099792,2.4466519355773926,-0.53861004114151,-0.17782177031040192,-1.1447288990020752,0.015125155448913574,0.30487459897994995,0.1925051063299179,6.255599498748779,6.606289863586426,-5.367079734802246,-5.263743877410889
258,-0.7844780087471008,3.473245143890381,-2.5033910274505615,-2.5731053352355957,-5.843649864196777,-0.9867755770683289,3.139641284942627,0.3174411952495575,2.0063767433166504,2.0004515647888184,-4.524233341217041,-4.340725421905518,-10.504478454589844,16.362276077270508,-1.0248057842254639,4.5393452644348145,0.11193394660949707,1.6192022562026978,-4.620450019836426,7.223357677459717,6.8028059005737305,15.65041732788086,-15.41832160949707,-15.634352684020996,-0.14855971932411194,2.083867311477661,-0.5124742984771729,-0.49416905641555786,-1.5755094289779663,-0.225248783826828,0.6204750537872314,0.04444899037480354,6.380307674407959,6.814669609069824,-5.769438743591309,-5.544036388397217
259,1.094260811805725,2.8892500400543213,-2.5636956691741943,-1.4203743934631348,-6.316566467285156,-2.9422781467437744,3.567673921585083,-1.2155064344406128,9.062726974487305,2.0131783485412598,-4.699938774108887,-4.353516578674316,-9.84974193572998,16.32504653930664,-0.8128541111946106,4.117727279663086,-0.05374723672866821,0.5368142127990723,-4.055449962615967,6.152740001678467,-0.00023866165429353714,15.589983940124512,-15.324443817138672,-15.603748321533203,0.24321354925632477,1.4324790239334106,-0.5377888083457947,-0.21454305946826935,-1.4665626287460327,-0.6686916351318359,0.6436309814453125,-0.25232240557670593,4.407980442047119,6.4743547439575195,-5.779393196105957,-5.572396755218506
260,1.6659815311431885,2.609951972961426,-1.8684965372085571,-2.2288758754730225,-5.518172264099121,-2.7049150466918945,3.5456252098083496,-0.9426476359367371,8.67629337310791,2.0482542514801025,-4.589958190917969,-4.134335994720459,-9.489823341369629,15.974377632141113,-0.6677514910697937,3.5052738189697266,-1.930574655532837,3.0809566974639893,-3.2624671459198,5.111989974975586,-0.00023889419389888644,4.5927581787109375,-15.384917259216309,-15.732309341430664,0.2709864675998688,1.2998071908950806,-0.35685867071151733,-0.4251495599746704,-1.3139697313308716,-0.5496077537536621,0.6375077366828918,-0.1516495794057846,3.1318652629852295,5.797604084014893,-5.454322814941406,-4.9670209884643555
261,3.6379024982452393,1.710756778717041,-0.666479766368866,-3.8547189235687256,-4.369502544403076,-6.516170978546143,3.333498001098633,-0.9067319631576538,6.851482391357422,8.921427726745605,-4.453042984008789,-3.517791509628296,-8.826367378234863,15.733792304992676,-0.930235743522644,1.8414112329483032,-3.5415172576904297,3.1201171875,-2.564239978790283,3.659097194671631,-0.00021641550119966269,-0.0007092065643519163,-15.568078994750977,-15.642425537109375,0.6410613059997559,0.6666561961174011,-0.08863145858049393,-0.7732151746749878,-1.0220656394958496,-1.5638914108276367,0.6061768531799316,-0.1580948680639267,1.6219130754470825,3.717149257659912,-5.557977199554443,-3.69575572013855
262,3.6070239543914795,-0.25151315331459045,1.8223203420639038,-4.163593769073486,-3.296722412109375,-6.5091986656188965,3.378215789794922,-0.28173622488975525,-1.790989875793457,8.59915542602539,-4.676817417144775,-2.854536771774292,-6.595370769500732,5.495477199554443,2.7116291522979736,1.969322681427002,-4.207392692565918,-0.228356271982193,-1.536575436592102,3.6377811431884766,-1.0667601823806763,-0.0002458958188071847,-15.687623977661133,-15.670125961303711,0.5998191833496094,-0.1881033331155777,0.49719858169555664,-0.7882189750671387,-0.7552564740180969,-1.5734188556671143,0.6461378931999207,-0.02871594950556755,-0.7224626541137695,3.0320422649383545,-5.467859745025635,-2.737821340560913
263,5.932981967926025,1.6663575172424316,0.07672132551670074,-7.709082126617432,-0.9029417037963867,-5.6476731300354,3.7873027324676514,-1.0459688901901245,-2.9518542289733887,7.981240749359131,-4.316289901733398,-10.739314079284668,-4.162094593048096,4.338291645050049,2.995539426803589,-0.5707730054855347,-0.5259100198745728,-2.79506778717041,-0.5256356596946716,2.4900460243225098,-15.675695419311523,6.112280243542045e-05,-15.520197868347168,0.031663037836551666,1.2593402862548828,0.4920371174812317,-0.055002279579639435,-1.6809031963348389,-0.07886198908090591,-1.4022389650344849,0.7570235729217529,-0.2162906974554062,-5.419407367706299,2.3459243774414062,-5.781373023986816,-2.2118914127349854
264,4.692389965057373,-0.2140468955039978,1.502718448638916,-5.426341533660889,0.46354562044143677,-4.012420654296875,1.6373013257980347,1.1325628757476807,-1.9636999368667603,1.9921642541885376,-4.237885475158691,3.090240955352783,-2.0421602725982666,3.5757339000701904,4.0732502937316895,-2.4971578121185303,-1.2095566987991333,-4.669057846069336,-0.48687922954559326,3.095008611679077,-15.672237396240234,-2.122682417393662e-05,-15.650519371032715,2.836141586303711,0.8821760416030884,-0.12077543884515762,0.4022292196750641,-1.1085678339004517,0.14308485388755798,-0.9378548860549927,0.24500282108783722,0.33200719952583313,-7.691089630126953,0.17076638340950012,-5.3967156410217285,1.1675218343734741
265,4.096160888671875,-0.22847792506217957,0.4597836434841156,-1.2104798555374146,-1.9336076974868774,4.714019298553467,3.396571397781372,2.7122108936309814,-2.020172119140625,-3.1012461185455322,-4.267027854919434,4.856687068939209,-2.949536085128784,1.1048455238342285,1.095044732093811,-2.8547770977020264,-3.1461451053619385,0.9841724634170532,0.16943688690662384,4.729345321655273,-15.678460121154785,-15.700006484985352,-15.657716751098633,15.677925109863281,0.7527310848236084,-0.04500042274594307,0.05011019855737686,-0.10085959732532501,-0.5299829244613647,1.5469862222671509,0.7377780675888062,0.7025910019874573,-7.767329692840576,-6.551072597503662,-5.342779159545898,6.2648024559021
266,4.5698466300964355,-0.49059394001960754,3.645258903503418,-1.5676895380020142,1.5377498865127563,0.4125606119632721,2.1220712661743164,1.544042706489563,-2.019379138946533,-1.9416563510894775,-3.9521567821502686,4.0692315101623535,-1.159654974937439,0.9932231903076172,2.2746422290802,-2.2942440509796143,-3.852489709854126,0.6856440901756287,0.6675706505775452,4.227338790893555,-15.66093635559082,-15.687302589416504,-15.652292251586914,15.658185958862305,0.9532103538513184,-0.10468008369207382,0.9070649743080139,-0.3580738306045532,0.4136108458042145,-0.07255467772483826,0.3873482942581177,0.31505706906318665,-7.307373523712158,-6.861035346984863,-4.624931335449219,5.094100475311279
267,3.9181509017944336,-1.8908897638320923,3.205808162689209,-1.0380781888961792,2.2733166217803955,1.7331342697143555,0.37240129709243774,0.9998866319656372,-2.041240692138672,-1.989396095275879,-3.47944712638855,4.117136001586914,0.42494937777519226,0.46709415316581726,3.4885568618774414,-1.7092798948287964,-4.076111316680908,0.41363605856895447,0.05031612887978554,3.1490159034729004,-15.671782493591309,-15.685090065002441,-15.65514850616455,15.685004234313965,0.8033662438392639,-0.43159282207489014,0.6966532468795776,-0.200363889336586,0.43260228633880615,0.41038694977760315,0.007609173655509949,0.20162902772426605,-7.242737293243408,-6.853192329406738,-3.682835340499878,5.100746154785156
268,4.286991596221924,-3.161817789077759,2.6353585720062256,-0.7851609587669373,2.8815791606903076,2.412984848022461,0.4672822058200836,0.09402193874120712,-2.0000040531158447,-2.0637054443359375,-2.60884428024292,4.0374627113342285,2.5185720920562744,0.23781709372997284,4.6397929191589355,-0.9425614476203918,-3.9701426029205322,0.47250255942344666,-0.4240511953830719,1.7252106666564941,-15.700008392333984,-15.58590030670166,-15.692100524902344,15.668354988098145,1.0183708667755127,-0.7062745094299316,0.5957778096199036,-0.15319128334522247,0.5439226031303406,0.5289932489395142,0.09612701833248138,-0.018987875431776047,-7.118444919586182,-6.740204811096191,-2.4426395893096924,5.018864154815674
269,4.200257301330566,-4.731970310211182,2.2988927364349365,-0.8161195516586304,2.947291851043701,3.573803424835205,2.075148820877075,-0.9967687129974365,-2.0059421062469482,-2.023406505584717,-7.659848690032959,4.077385902404785,2.3766212463378906,-1.4077777862548828,3.7369039058685303,-1.7622507810592651,-3.4236843585968018,1.126773476600647,1.841549277305603,0.5943101048469543,-15.618657112121582,-15.66039752960205,0.02827109768986702,15.707320213317871,1.0744084119796753,-1.1593983173370361,0.525265097618103,-0.16778059303760529,0.5373839735984802,0.8286837339401245,0.4804675579071045,-0.23584727942943573,-6.8738298416137695,-6.776789665222168,-1.4083311557769775,5.044342041015625
270,5.346240043640137,-6.424863338470459,1.9885832071304321,-0.8586258292198181,2.5188612937927246,4.276872158050537,4.360251426696777,-1.001025676727295,-2.023491859436035,-2.0293385982513428,6.513067722320557,4.175712585449219,4.139090061187744,-4.222745895385742,3.324192762374878,-2.1356823444366455,-3.4970130920410156,2.049915075302124,5.758906364440918,-0.7650576233863831,-15.633879661560059,-15.657386779785156,10.245546340942383,15.60905647277832,1.5177485942840576,-2.1056060791015625,0.43921583890914917,-0.18651382625102997,0.4474821984767914,1.0311710834503174,1.1246525049209595,-0.20223186910152435,-6.617318153381348,-6.439107894897461,2.362931489944458,5.447094917297363
271,5.686682224273682,-4.922348976135254,-1.6816164255142212,-1.329593539237976,0.20499853789806366,0.31730496883392334,4.074310779571533,-3.114175796508789,-2.0264523029327393,-2.0131168365478516,3.6817588806152344,4.204001426696777,6.241876602172852,-7.068603515625,0.8490025997161865,-2.912433624267578,-4.873995780944824,1.4134232997894287,8.207419395446777,-2.849365711212158,-15.669534683227539,-15.68057918548584,15.693063735961914,15.541977882385254,1.8420346975326538,-1.4019173383712769,-0.4622005224227905,-0.31131255626678467,-0.04315631836652756,-0.09132197499275208,1.1250532865524292,-0.7566905617713928,-5.989223957061768,-6.6029863357543945,5.0761260986328125,5.331137657165527
272,5.510946273803711,-5.033066749572754,-3.2609782218933105,-0.7562885880470276,-2.099843740463257,-0.9540452361106873,4.015283584594727,-3.0374505519866943,-2.011810302734375,-2.0099785327911377,4.0943403244018555,4.370091915130615,8.462593078613281,-10.2644681930542,-2.341264486312866,-3.6638312339782715,-7.786635875701904,-0.26804590225219727,9.009419441223145,-4.692530632019043,-15.65522575378418,-15.675074577331543,15.684853553771973,15.554122924804688,2.038980484008789,-1.9651345014572144,-0.7424378991127014,-0.1469496637582779,-0.6661009788513184,-0.23665672540664673,1.1604604721069336,-0.7076312899589539,-5.380630016326904,-6.156035423278809,5.346640586853027,5.545825481414795
273,5.313570499420166,-4.465921878814697,-3.1820974349975586,-0.603441059589386,-2.8591532707214355,-2.4266934394836426,4.11198616027832,-3.2175872325897217,-2.0044028759002686,-2.012587070465088,4.1685099601745605,4.436412811279297,10.667298316955566,-13.152469635009766,-5.138336181640625,-4.313525199890137,-11.046479225158691,-2.8334555625915527,9.334973335266113,-6.309065341949463,-15.248409271240234,-15.690601348876953,15.696013450622559,15.542659759521484,2.3704993724823,-2.0384521484375,-0.7456029653549194,-0.13334108889102936,-0.9748958349227905,-0.5928835868835449,1.2229259014129639,-0.8147806525230408,-4.780331611633301,-5.884032249450684,5.396561622619629,5.946122646331787
274,4.762486934661865,-3.9950687885284424,-1.8817691802978516,0.7298483848571777,-2.511963129043579,-2.9858012199401855,3.653033494949341,-3.2771451473236084,-2.458811044692993,-2.003485679626465,4.152111530303955,4.5389251708984375,12.857203483581543,-15.20394515991211,-6.586620807647705,-4.258913516998291,-13.176712989807129,-5.656771659851074,9.002193450927734,-7.7852983474731445,-13.907429695129395,-15.691729545593262,15.697503089904785,15.662882804870605,2.361100196838379,-2.169222354888916,-0.41962867975234985,0.17870740592479706,-0.9266034364700317,-0.7733467817306519,1.045080304145813,-0.879385769367218,-4.043381690979004,-5.568542957305908,5.3473310470581055,6.357492923736572
275,4.155898571014404,-3.6102709770202637,-0.6683560013771057,1.1352977752685547,-0.8967349529266357,-2.722839593887329,2.3711555004119873,-3.106456756591797,-8.570972442626953,-1.9800281524658203,4.260580062866211,4.591143608093262,15.171992301940918,-16.61765480041504,-4.124563217163086,-3.8001577854156494,-12.492486953735352,-7.881288051605225,8.12377643585205,-9.01436996459961,0.00015104500926099718,-15.7003812789917,13.843229293823242,15.359707832336426,2.3413100242614746,-2.310347557067871,-0.11809723824262619,0.21329490840435028,-0.20905470848083496,-0.7471338510513306,0.5865931510925293,-0.8753318190574646,-2.963498115539551,-4.677913188934326,5.344600677490234,6.266448020935059
276,3.8542139530181885,-3.0086240768432617,-3.5955307483673096,2.2072181701660156,5.986148357391357,-1.7230472564697266,1.2062633037567139,-2.2059805393218994,3.80098295211792,-1.9608572721481323,4.652916431427002,4.394216060638428,15.718974113464355,-17.389015197753906,-2.0226192474365234,-3.450504779815674,-5.617094039916992,-8.576062202453613,6.725765705108643,-8.923678398132324,6.424312591552734,-15.256916999816895,15.590529441833496,12.63569450378418,2.266148328781128,-1.779732584953308,-0.9033686518669128,0.43238508701324463,1.355204701423645,-0.4429720342159271,0.2560867965221405,-0.6049299836158752,1.6570088863372803,-3.0992789268493652,5.729948043823242,5.319947719573975
277,3.282240867614746,-3.21366024017334,-3.946453809738159,2.274935483932495,8.026931762695312,-1.0101299285888672,-0.20034176111221313,-3.342435359954834,3.4206783771514893,-6.335651397705078,4.24034309387207,16.074493408203125,16.384538650512695,-17.493574142456055,-1.9971239566802979,-2.9693868160247803,2.3711094856262207,-9.253328323364258,4.961249351501465,-6.500959396362305,15.008049011230469,0.00016558133938815445,15.521286964416504,0.15423886477947235,2.1690053939819336,-1.8365751504898071,-0.8401992321014404,0.42013049125671387,2.644268035888672,-0.24792984127998352,-0.10108508169651031,-0.8738424181938171,6.098717212677002,-1.3964970111846924,5.581178188323975,3.7025818824768066
278,1.5965384244918823,-2.5522549152374268,0.6029244661331177,1.3209848403930664,6.732919692993164,2.730746269226074,-6.184351444244385,0.6348246335983276,2.1053497791290283,4.004642009735107,4.270448207855225,14.374488830566406,13.811388969421387,-17.58102035522461,-0.9435019493103027,-1.939788818359375,8.182182312011719,-5.992861747741699,1.3087810277938843,-6.480785846710205,15.607552528381348,6.2058939933776855,15.358840942382812,0.004783600568771362,0.5022307634353638,-1.3424683809280396,0.295640230178833,0.2130667120218277,2.897110939025879,0.588310956954956,-1.3592621088027954,0.2820957601070404,7.1697916984558105,1.610706090927124,4.627935886383057,3.255098581314087
279,-5.6351470947265625,-0.6077091693878174,-0.49465587735176086,4.213858604431152,5.131856918334961,5.474949836730957,-3.466949701309204,-1.3563705682754517,2.121711015701294,3.606768846511841,4.257297039031982,11.384263038635254,6.4784111976623535,-16.608980178833008,-0.6931618452072144,-0.5401501059532166,12.347479820251465,-0.07309819757938385,-0.9933345317840576,-6.8135833740234375,15.444125175476074,14.893623352050781,15.39254379272461,0.014533109962940216,-1.2983604669570923,-0.1118389293551445,-0.142421156167984,0.9282007217407227,2.3096721172332764,1.2752141952514648,-0.6150065064430237,-0.43448835611343384,6.454833507537842,5.329853057861328,4.89804220199585,2.3377859592437744
280,-5.658529758453369,7.5036163330078125,-2.2120957374572754,0.8063339591026306,4.1786789894104,3.1766083240509033,-3.5206525325775146,0.5799725651741028,2.03371524810791,1.9829719066619873,4.456616401672363,-1.1736007928848267,0.6423172950744629,-9.423561096191406,-0.0013802051544189453,0.34375035762786865,13.845181465148926,4.3585734367370605,-2.7262473106384277,-5.8908281326293945,15.649303436279297,15.677000999450684,15.466056823730469,-2.7005362510681152,-1.2054533958435059,1.5983130931854248,-0.5160827040672302,0.03818047046661377,2.080796003341675,0.6586077213287354,-0.7689709067344666,0.17884334921836853,6.90081262588501,5.281702518463135,5.13040828704834,-0.7189297676086426
281,-6.444890975952148,8.823225975036621,-3.6460976600646973,2.4500036239624023,3.791792392730713,0.9953634142875671,-4.418960094451904,3.1103785037994385,2.018627166748047,2.013716459274292,3.9922540187835693,-3.827225685119629,-4.253688812255859,-1.9166415929794312,0.10355158150196075,1.003149151802063,13.824759483337402,5.8671159744262695,-4.497570514678955,-1.1654669046401978,15.7000093460083,15.690108299255371,15.336421966552734,-15.691788673400879,-1.9716185331344604,2.364945888519287,-0.7882270812988281,0.5631766319274902,1.8423529863357544,0.15796783566474915,-1.070819616317749,0.6924262046813965,6.918612003326416,5.73634147644043,4.415176868438721,-6.405892372131348
282,-5.831584930419922,7.744336128234863,-3.4518918991088867,1.4374629259109497,3.2192201614379883,0.5329576134681702,-5.952921390533447,4.04036808013916,2.0000686645507812,1.9953707456588745,3.9399633407592773,-4.400749683380127,-7.154307842254639,4.265510559082031,0.2260194569826126,2.1518447399139404,12.760127067565918,5.8530707359313965,-1.9979488849639893,-0.1806475818157196,15.699999809265137,15.699922561645508,-0.00132724829018116,-15.657587051391602,-1.9917705059051514,2.679415225982666,-0.6843178868293762,0.26721978187561035,1.2760697603225708,0.11201345920562744,-1.6072800159454346,0.8347601890563965,6.986908435821533,6.027434349060059,3.8664543628692627,-6.369530200958252
283,-5.7102742195129395,6.549685001373291,-2.3877527713775635,0.8844983577728271,1.2696232795715332,0.5839051604270935,-8.214653015136719,4.60648250579834,1.999800443649292,1.9983761310577393,10.076934814453125,-4.336493492126465,-8.864468574523926,8.928850173950195,-0.020540297031402588,3.1344361305236816,10.704214096069336,5.303317070007324,-4.91038179397583,1.129678726196289,15.651168823242188,15.70001220703125,0.03542909398674965,-15.65698528289795,-2.2888760566711426,3.2214434146881104,-0.43829983472824097,0.17652715742588043,0.27958983182907104,0.14595843851566315,-2.057358503341675,0.9781908988952637,6.821902751922607,6.490145206451416,1.8776605129241943,-5.824441432952881
284,-5.351065635681152,5.587602615356445,-2.987147569656372,0.5983783006668091,-1.4623165130615234,0.23171652853488922,-5.70105504989624,5.314475059509277,2.000067949295044,1.9986165761947632,8.472673416137695,-4.243203163146973,-9.920185089111328,12.142105102539062,-0.19171598553657532,4.2220234870910645,7.97683048248291,4.454432010650635,-7.08061408996582,3.067253828048706,15.652525901794434,15.687981605529785,0.03492575138807297,-15.682997703552246,-2.289865732192993,3.33170747756958,-0.6292778849601746,0.12541477382183075,-0.34893691539764404,0.03856227546930313,-1.3859126567840576,1.206437110900879,6.95766544342041,6.473496437072754,1.707789659500122,-5.414133548736572
285,-4.754647731781006,4.7437028884887695,-2.8862297534942627,0.1955207735300064,-3.9972174167633057,0.2367882877588272,-4.666123867034912,4.319095611572266,2.0012829303741455,1.9989367723464966,6.980364799499512,-4.281610488891602,-10.66700553894043,14.140942573547363,-0.5124132633209229,4.942775249481201,4.684215545654297,3.7074782848358154,-8.797279357910156,4.928600311279297,15.676807403564453,15.60873794555664,0.01129310205578804,-15.681158065795898,-1.854925274848938,3.057223320007324,-0.5842189192771912,0.028979405760765076,-0.7908707857131958,0.05448642373085022,-1.2678451538085938,0.9790743589401245,6.709707736968994,6.555235385894775,1.3770203590393066,-5.367788314819336
286,-3.6850345134735107,4.195793151855469,-2.3714864253997803,-0.14194276928901672,-4.112001419067383,-0.15896742045879364,-2.6553285121917725,3.0109100341796875,2.0152528285980225,2.009099006652832,0.48777472972869873,-4.250555992126465,-10.995226860046387,15.502262115478516,-0.6049198508262634,5.465240955352783,1.9647284746170044,2.945159912109375,-9.862332344055176,6.361888885498047,15.670358657836914,15.661195755004883,0.0013655622024089098,-15.61620807647705,-1.2641569375991821,2.7094664573669434,-0.4664264917373657,-0.03759355843067169,-0.806029736995697,-0.04453060030937195,-0.6809599995613098,0.6979344487190247,6.573945045471191,6.551321029663086,-0.14995628595352173,-5.299719333648682
287,-2.1280667781829834,3.749013662338257,-2.557250499725342,-1.0608406066894531,-5.01356840133667,-0.08199699968099594,0.7997972965240479,0.9904999136924744,2.023505449295044,2.020339012145996,-3.5697832107543945,-4.20682954788208,-10.934101104736328,16.30694007873535,-0.7643540501594543,5.301806926727295,-0.5666021108627319,2.3768484592437744,-5.314749240875244,6.760437488555908,15.674368858337402,15.693647384643555,-15.552489280700684,-15.60531234741211,-0.6015199422836304,2.350511074066162,-0.5273140668869019,-0.209906205534935,-1.1595486402511597,-0.012495994567871094,0.3096659183502197,0.161451056599617,6.31972599029541,6.676739692687988,-5.400300025939941,-5.300892353057861
288,-0.49807149171829224,3.3284666538238525,-2.4627349376678467,-2.3844645023345947,-5.6450300216674805,-1.5625807046890259,3.3323328495025635,0.20674528181552887,2.0048418045043945,2.01611065864563,-4.465211868286133,-4.365258693695068,-10.371495246887207,16.39031410217285,-0.8600865006446838,4.102497577667236,0.08024239540100098,1.5976516008377075,-4.686900615692139,6.659811019897461,6.046133995056152,15.663207054138184,-15.38142204284668,-15.635880470275879,-0.05777336284518242,1.9059034585952759,-0.5057806968688965,-0.4572063684463501,-1.5056806802749634,-0.35004791617393494,0.6563059687614441,0.01503409817814827,6.455247402191162,6.86194372177124,-5.7947468757629395,-5.594986915588379
289,1.673853874206543,2.5665390491485596,-2.454129457473755,-1.2406015396118164,-6.201496601104736,-3.3152685165405273,3.6841554641723633,-1.3992468118667603,9.036494255065918,2.0219602584838867,-4.612397193908691,-4.322122097015381,-9.483577728271484,16.315237045288086,-0.6167815327644348,3.895608901977539,-0.2749994099140167,0.3247641921043396,-4.050892353057861,5.407896041870117,-0.00024896307149901986,15.600384712219238,-15.24826717376709,-15.587865829467773,0.33383843302726746,1.1964499950408936,-0.504157543182373,-0.18292202055454254,-1.453187108039856,-0.7482749223709106,0.660621702671051,-0.28759780526161194,4.210745334625244,6.463644027709961,-5.803614139556885,-5.591622829437256
290,1.5242655277252197,2.3647515773773193,-1.8331719636917114,-2.1313841342926025,-5.291399955749512,-2.622964859008789,3.5371153354644775,-0.9441248178482056,8.65188980102539,2.025599479675293,-4.564802169799805,-4.118341445922852,-9.263113975524902,15.858786582946777,-0.4717792868614197,3.2584712505340576,-2.099694013595581,2.2552554607391357,-3.2590878009796143,4.25092887878418,-0.00024219328770413995,6.5879669189453125,-15.391443252563477,-15.696115493774414,0.23051033914089203,1.1437735557556152,-0.34940391778945923,-0.41192126274108887,-1.2436186075210571,-0.5188183784484863,0.6323947310447693,-0.14986161887645721,3.0895328521728516,5.809077739715576,-5.470251560211182,-4.946389675140381
291,3.860625743865967,1.4182980060577393,-0.8166895508766174,-3.4223077297210693,-4.103046894073486,-6.266632556915283,3.2973568439483643,-0.4782581031322479,6.87505578994751,9.003942489624023,-4.507081508636475,-3.5806527137756348,-8.113271713256836,12.03050422668457,0.4402387738227844,2.8167150020599365,-3.3863203525543213,2.549679756164551,-2.330124855041504,3.678936004638672,-0.0002078702673316002,-0.0013358899159356952,-15.247109413146973,-15.851151466369629,0.6975654363632202,0.5198296904563904,-0.12675654888153076,-0.6801050305366516,-0.9462311267852783,-1.4873591661453247,0.5984714031219482,-0.07055608928203583,1.6346466541290283,4.045541286468506,-5.585883617401123,-3.7411277294158936
292,3.6126086711883545,0.9489954113960266,1.4482288360595703,-5.600871562957764,-2.8235771656036377,-6.750049591064453,3.3123979568481445,-1.0392159223556519,-2.1482980251312256,8.579092979431152,-4.509385585784912,-2.8066565990448,-6.264337062835693,5.759357452392578,2.900628089904785,1.9333088397979736,-3.6270759105682373,-0.7025556564331055,-1.386962652206421,2.575939655303955,-2.2430524826049805,-0.00022109132260084152,-15.550423622131348,-4.904587745666504,0.6017516851425171,0.1735297590494156,0.41025739908218384,-1.138775110244751,-0.6162557005882263,-1.7305917739868164,0.6354716420173645,-0.20561693608760834,-0.8245364427566528,2.9724085330963135,-5.503727912902832,-2.6805059909820557
293,5.254896640777588,-0.133321613073349,0.7625225186347961,-6.078310966491699,-2.119419574737549,-5.503966808319092,3.1802308559417725,1.8963605165481567,-2.9270694255828857,7.4082207679748535,-4.2852702140808105,11.192395210266113,-3.9806301593780518,4.574039936065674,3.0726468563079834,0.24830645322799683,-0.7863629460334778,-3.187187671661377,-0.7739164233207703,3.8654189109802246,-15.692268371582031,-4.767990321852267e-05,-15.700675010681152,11.74997329711914,1.0696507692337036,-0.07275532931089401,0.14045363664627075,-1.2306485176086426,-0.40488049387931824,-1.351938009262085,0.6160139441490173,0.539326012134552,-6.107340335845947,1.9287928342819214,-5.573783874511719,3.965191602706909
294,4.9760661125183105,1.141615629196167,0.6373653411865234,-3.386183738708496,-0.07818422466516495,0.4673593044281006,4.70778226852417,4.083412170410156,-1.9649628400802612,-4.944206237792969,-4.390285968780518,3.843726873397827,-4.014398097991943,1.7976884841918945,1.4117944240570068,-1.3285359144210815,-2.0601959228515625,1.132912039756775,0.4571901559829712,6.015448570251465,-15.700007438659668,-15.592718124389648,-15.638392448425293,15.713004112243652,1.0021634101867676,0.3296523690223694,0.14324387907981873,-0.580120325088501,0.06402911990880966,0.33215978741645813,1.0201201438903809,1.1228351593017578,-7.3711371421813965,-4.483717441558838,-5.81484317779541,5.179992198944092
295,4.292341709136963,-0.5375416278839111,4.051955223083496,-2.4618284702301025,-0.12594236433506012,-0.8574528694152832,2.904884099960327,1.9110028743743896,-1.9960298538208008,-1.9062097072601318,-4.231416702270508,4.093754291534424,-2.690687894821167,1.2197048664093018,2.502466917037964,-1.8305470943450928,-3.054103374481201,0.21747545897960663,1.4368904829025269,5.560051441192627,-15.68187427520752,-15.662862777709961,-15.627243995666504,15.672403335571289,0.7898731231689453,-0.17397357523441315,1.0132166147232056,-0.493897020816803,-0.029631949961185455,-0.2168045938014984,0.5390626788139343,0.37885990738868713,-7.620421409606934,-7.1268486976623535,-5.275672435760498,5.2661566734313965
296,4.517867565155029,-1.994763731956482,3.182731866836548,-1.291835069656372,1.8026992082595825,1.6969784498214722,0.867254912853241,0.9311084151268005,-2.0368566513061523,-1.9852077960968018,-4.012119770050049,4.130929946899414,-1.3959901332855225,0.1833968162536621,3.2177584171295166,-1.734829068183899,-3.661994695663452,-0.14678102731704712,1.0293991565704346,4.071564197540283,-15.596059799194336,-15.700021743774414,-15.668268203735352,15.631654739379883,0.9317478537559509,-0.45353445410728455,0.6779010891914368,-0.22850467264652252,0.3968237340450287,0.4440324902534485,0.10134823620319366,0.1733572632074356,-7.435828685760498,-6.897312641143799,-4.735753536224365,5.1309356689453125
297,5.191844940185547,-2.7447314262390137,2.620659112930298,-0.8929233551025391,2.6870789527893066,2.3049187660217285,-0.03195131570100784,-0.1349891871213913,-2.0196990966796875,-2.0661215782165527,-3.2438042163848877,4.021164417266846,1.376366376876831,0.26835498213768005,4.887503147125244,-0.7418985366821289,-3.7198150157928467,-0.23496927320957184,0.19052283465862274,2.290011167526245,-15.691577911376953,-15.585256576538086,-15.678211212158203,15.70550537109375,1.2309297323226929,-0.5902232527732849,0.5949452519416809,-0.1688665896654129,0.522221565246582,0.49105802178382874,-0.041978225111961365,-0.07129000127315521,-7.342617511749268,-6.695592880249023,-3.2382800579071045,4.983178615570068
298,4.667330741882324,-4.233055591583252,2.0819289684295654,-1.0956425666809082,2.7569215297698975,3.6408724784851074,0.7103846669197083,-0.920667290687561,-2.000978708267212,-2.046466827392578,-2.336792469024658,4.091125011444092,3.6184275150299072,-0.633573591709137,5.423343181610107,-0.4608304798603058,-3.776487350463867,0.27528828382492065,-0.15429136157035828,0.4237421452999115,-15.700026512145996,-15.55113697052002,-15.691219329833984,15.65018081665039,1.14828360080719,-0.9886487722396851,0.48812419176101685,-0.22971363365650177,0.5052865743637085,0.8327521085739136,0.17039938271045685,-0.20514287054538727,-7.185380935668945,-6.733680725097656,-2.1283695697784424,5.044209003448486
299,4.681499004364014,-5.375298500061035,1.785185694694519,-1.3597439527511597,2.84946346282959,4.172961235046387,2.6203463077545166,-1.7874104976654053,-2.0207643508911133,-2.005281686782837,-5.869264602661133,4.11988639831543,3.7555320262908936,-2.2633168697357178,4.145158767700195,-1.3830749988555908,-3.3644495010375977,1.3270542621612549,2.6397464275360107,-0.7881903052330017,-15.700005531311035,-15.700057983398438,0.07611467689275742,15.376887321472168,1.3291946649551392,-1.4360750913619995,0.41124066710472107,-0.28739994764328003,0.5214694142341614,0.9532639980316162,0.6150872707366943,-0.4027181565761566,-6.834798336029053,-6.727114200592041,-1.0032882690429688,5.05368185043335
300,5.450259208679199,-6.625682353973389,1.1171174049377441,-1.533079743385315,1.001541256904602,3.6604981422424316,4.291286945343018,-1.4445180892944336,-2.0061771869659424,-2.015886068344116,8.020644187927246,4.191455841064453,5.81689977645874,-5.636014938354492,2.962735652923584,-2.3152129650115967,-4.232801914215088,2.1088948249816895,6.6362080574035645,-2.144868850708008,-15.674917221069336,-15.660530090332031,15.687074661254883,15.586009979248047,1.6933599710464478,-2.450068473815918,0.22285789251327515,-0.3368748426437378,0.1163266971707344,0.8112773895263672,1.136989712715149,-0.292850524187088,-6.638480186462402,-6.387533187866211,6.056994438171387,5.496261119842529
301,5.410665988922119,-4.892446041107178,-2.278757333755493,-1.465208649635315,-0.4035475254058838,-1.3883479833602905,4.279165744781494,-2.904738426208496,-2.0275559425354004,-2.012650489807129,3.9173903465270996,4.335056304931641,7.780608654022217,-8.782068252563477,0.27697089314460754,-3.267855644226074,-6.0029706954956055,0.5768000483512878,8.218043327331543,-3.82619047164917,-15.635765075683594,-15.665287971496582,15.690620422363281,15.544656753540039,1.881266474723816,-1.509369969367981,-0.5644858479499817,-0.3226891756057739,-0.15001344680786133,-0.4722512662410736,1.1886601448059082,-0.7153998017311096,-6.000294208526611,-6.270362377166748,4.915165901184082,5.508240222930908
302,5.22833251953125,-4.891152858734131,-3.350632667541504,-0.688984215259552,-2.7030797004699707,-1.9219434261322021,4.267392158508301,-3.2758638858795166,-2.016148567199707,-2.0109505653381348,4.173577308654785,4.452546119689941,9.867188453674316,-11.988433837890625,-2.8936853408813477,-4.022712230682373,-9.14988899230957,-1.8441836833953857,9.073359489440918,-5.478029251098633,-15.660430908203125,-15.6796293258667,15.698831558227539,15.565399169921875,2.0921387672424316,-2.219646453857422,-0.7592058181762695,-0.12528078258037567,-0.9064221382141113,-0.42458078265190125,1.2422683238983154,-0.8083207607269287,-5.447232246398926,-5.806218147277832,5.463530540466309,5.770044803619385
303,4.92999792098999,-4.290760040283203,-2.389009952545166,0.2982493042945862,-2.938344717025757,-3.207294464111328,4.274875164031982,-3.3902974128723145,-2.177408456802368,-2.0080060958862305,4.208305358886719,4.542821407318115,12.100859642028809,-14.444890022277832,-4.948447227478027,-4.189749717712402,-12.250874519348145,-4.89306640625,9.389646530151367,-6.962198734283447,-14.627028465270996,-15.671812057495117,15.708673477172852,15.614237785339355,2.318981647491455,-2.265456438064575,-0.5256834030151367,0.0922657698392868,-1.0552444458007812,-0.83809494972229,1.2736914157867432,-0.880934476852417,-4.853243350982666,-5.4091081619262695,5.417703628540039,6.292632579803467
304,4.42599630355835,-3.8378517627716064,-0.7876723408699036,1.2640560865402222,-1.741623044013977,-3.233366012573242,3.1401381492614746,-3.597635507583618,-2.7325737476348877,-1.9834716320037842,4.181192874908447,4.487840175628662,13.507411003112793,-16.128257751464844,-5.6678876876831055,-3.8943393230438232,-12.632512092590332,-7.753816604614258,8.738361358642578,-8.383193016052246,-13.489752769470215,-15.630080223083496,15.691115379333496,15.70124340057373,2.2591500282287598,-2.381516456604004,-0.12431495636701584,0.2551755905151367,-0.5667017698287964,-0.907535195350647,0.844082772731781,-1.0038002729415894,-3.838522434234619,-4.783102512359619,5.388926029205322,6.25710916519165
305,3.858957052230835,-3.416806221008301,-0.20995666086673737,1.5476945638656616,0.7239646315574646,-2.40069580078125,1.8181697130203247,-3.1626007556915283,-8.300265312194824,-1.9864823818206787,4.270144462585449,4.424249172210693,15.721820831298828,-16.799230575561523,-5.624674320220947,-4.015421390533447,-10.434158325195312,-9.289007186889648,7.4867095947265625,-4.7764153480529785,0.00013903237413614988,-15.168088912963867,15.703520774841309,0.02163270115852356,2.1036839485168457,-2.258354902267456,-0.025641851127147675,0.2857728600502014,0.24131739139556885,-0.6797243356704712,0.4199998378753662,-0.9035132527351379,-2.605405569076538,-3.216667890548706,5.3452653884887695,5.682486057281494
306,3.0815844535827637,-3.327077865600586,-2.387301445007324,1.9510546922683716,7.171273231506348,-0.6689543724060059,0.19970294833183289,-4.2735514640808105,5.053265571594238,-4.844842433929443,4.469186305999756,13.119014739990234,16.920934677124023,-16.573936462402344,-5.900791168212891,-2.7201786041259766,-2.890040874481201,-9.286332130432129,5.421013355255127,-6.714542865753174,8.69624137878418,0.0002125226892530918,15.639867782592773,0.0015745321288704872,1.6812622547149658,-1.8060349225997925,-0.6989412903785706,0.36960065364837646,1.7688112258911133,-0.10386338829994202,-0.034247711300849915,-1.12188720703125,3.2134172916412354,-2.102951765060425,5.357819080352783,2.623927116394043
307,2.4921231269836426,-3.1667187213897705,1.8468297719955444,-0.33569276332855225,7.681915760040283,4.366875648498535,-4.992184162139893,0.11181224882602692,2.9262237548828125,4.931362628936768,4.145122528076172,14.683110237121582,15.272846221923828,-17.669342041015625,-1.049078345298767,-2.393129587173462,5.046108722686768,-4.817006587982178,2.69122314453125,-6.8967485427856445,15.647814750671387,7.220010280609131,13.576887130737305,-0.07327011972665787,1.2100430727005005,-1.9529253244400024,0.4851638674736023,-0.15468162298202515,2.989521026611328,0.950177788734436,-1.0836809873580933,0.22559036314487457,7.0855278968811035,2.465949535369873,4.893895149230957,3.535276174545288
308,-1.9121187925338745,-1.2595627307891846,-0.7586730718612671,2.9901175498962402,6.046619415283203,5.933798313140869,-3.49566650390625,-1.7973320484161377,2.00728702545166,3.2512006759643555,4.197716236114502,12.208313941955566,10.532899856567383,-16.471101760864258,-0.7026564478874207,-1.5019166469573975,10.365761756896973,1.2041524648666382,-0.07720949500799179,-7.461409091949463,15.470545768737793,15.41566276550293,15.541523933410645,0.023125868290662766,-0.5405111312866211,-0.4286624789237976,-0.245154470205307,0.6892538070678711,2.700747489929199,1.4372421503067017,-0.6410661339759827,-0.5680258870124817,6.448828220367432,5.458779811859131,5.059207439422607,2.583716630935669
309,-5.83547830581665,4.7349748611450195,-1.445164680480957,1.8793748617172241,4.794735908508301,3.6660959720611572,-3.5459115505218506,-0.3911030888557434,2.160900592803955,1.9742803573608398,4.371167182922363,8.535274505615234,3.393420696258545,-11.460915565490723,-0.23879224061965942,-0.6247804164886475,13.570839881896973,4.949662208557129,-1.9996473789215088,-7.654421329498291,15.547761917114258,15.681337356567383,15.435386657714844,-0.02578342705965042,-1.242361068725586,0.9518166780471802,-0.32059919834136963,0.3256036639213562,2.535331964492798,0.8148702383041382,-0.7532936930656433,-0.03471497446298599,6.803339958190918,5.378504276275635,5.413225173950195,1.6276518106460571
310,-6.510138988494873,8.433456420898438,-3.1062374114990234,0.9345080852508545,3.882826566696167,0.994016170501709,-4.388604164123535,4.380234241485596,2.030181646347046,2.0201351642608643,4.1762919425964355,-3.448660135269165,-2.5774576663970947,-4.612858295440674,-0.12429757416248322,-0.5953607559204102,14.229047775268555,6.085209846496582,-3.9062256813049316,-1.7997928857803345,15.664892196655273,15.67428970336914,15.297778129577637,-15.688232421875,-1.7557075023651123,2.0022671222686768,-0.6936320662498474,0.1475476771593094,1.9335087537765503,0.13678118586540222,-1.0359102487564087,1.0038666725158691,6.900084018707275,5.876842498779297,4.746859550476074,-6.274708271026611
311,-5.918745517730713,8.143199920654297,-3.902423620223999,2.0231571197509766,3.5201234817504883,-0.367330402135849,-5.308130264282227,3.7108306884765625,2.00071382522583,1.9963018894195557,4.156855583190918,-4.3188700675964355,-6.216594219207764,1.523366928100586,-0.02222946286201477,0.5288788080215454,13.468039512634277,5.404965400695801,-5.940067768096924,-0.9437837600708008,15.70001220703125,15.69980525970459,15.04333782196045,-15.675366401672363,-1.8761872053146362,2.458357572555542,-0.8189894556999207,0.44737768173217773,1.5814951658248901,-0.12024679780006409,-1.364229440689087,0.6953133940696716,6.930963039398193,5.989406585693359,4.293856620788574,-6.355436325073242
312,-5.435091972351074,7.174114227294922,-3.32647442817688,1.209848403930664,2.6594302654266357,-0.07292141020298004,-6.973876953125,4.44856595993042,2.0172317028045654,2.027045488357544,15.553667068481445,-4.3662190437316895,-7.966472148895264,6.877542972564697,-0.14201036095619202,2.022829532623291,12.022398948669434,4.564656734466553,-3.7002346515655518,0.266999751329422,15.700019836425781,15.699390411376953,-0.010694950819015503,-15.604704856872559,-1.9925109148025513,2.8255789279937744,-0.646564781665802,0.22123394906520844,0.9235175251960754,-0.0031514763832092285,-1.6214206218719482,0.9257833361625671,7.071747303009033,6.217562675476074,3.6084444522857666,-6.091174602508545
313,-5.5090837478637695,6.322975158691406,-3.3362388610839844,0.26112326979637146,0.404926598072052,-0.9613545536994934,-5.612574577331543,6.242203235626221,2.0305588245391846,2.0110762119293213,11.069806098937988,-4.200740337371826,-9.691256523132324,10.207684516906738,-0.3167557716369629,2.719907522201538,9.717726707458496,3.276287794113159,-5.742308139801025,2.4272947311401367,15.663884162902832,15.69268798828125,0.04173482954502106,-15.64400577545166,-2.4965922832489014,3.675884246826172,-0.673802375793457,0.019276544451713562,-0.025352932512760162,-0.20066362619400024,-1.3314346075057983,1.4279553890228271,7.173200607299805,6.470200061798096,2.197949171066284,-5.389115333557129
314,-4.918895721435547,5.345638275146484,-3.096437454223633,0.24955129623413086,-3.3609390258789062,-0.17415669560432434,-5.101974964141846,4.571328639984131,2.009676694869995,1.999847412109375,8.797431945800781,-4.188666343688965,-10.434539794921875,12.804027557373047,-0.44257646799087524,3.4058830738067627,6.20997428894043,2.3959426879882812,-7.588678359985352,4.208749294281006,15.697001457214355,15.700003623962402,0.01701752468943596,-15.61764907836914,-2.0072338581085205,3.19783353805542,-0.621213972568512,0.055339083075523376,-0.686933159828186,-0.005578666925430298,-1.3427722454071045,0.9911709427833557,6.7891435623168945,6.594389915466309,1.7515888214111328,-5.342625141143799
315,-4.162554740905762,4.606810092926025,-2.8596434593200684,0.20228588581085205,-3.8842861652374268,-0.10105053335428238,-3.701498031616211,3.5308027267456055,2.008275270462036,2.0242037773132324,5.507452964782715,-4.1918559074401855,-11.087967872619629,14.4087553024292,-0.6126484870910645,4.040647983551025,3.196427345275879,1.892232894897461,-8.990777015686035,5.877012729644775,15.693675994873047,15.658782005310059,0.010944634675979614,-15.61087703704834,-1.5545868873596191,2.7932448387145996,-0.576587438583374,0.04431574046611786,-0.7376322150230408,-0.01638782024383545,-0.9823830723762512,0.8238813877105713,6.68756628036499,6.543898582458496,0.9908692240715027,-5.292356967926025
316,-2.7403995990753174,4.060999870300293,-2.556515693664551,-0.000520995061378926,-4.0949387550354,-0.5648266077041626,-0.20840781927108765,1.4434984922409058,2.0103163719177246,2.0235390663146973,-3.103936195373535,-4.1544318199157715,-11.189159393310547,15.487081527709961,-0.7662804126739502,4.429184913635254,0.7156223058700562,1.343384861946106,-4.705672740936279,6.645172595977783,15.652466773986816,15.672861099243164,-15.64132022857666,-15.649206161499023,-0.8532789945602417,2.4149692058563232,-0.5090495944023132,-0.008890166878700256,-0.8430531024932861,-0.12407758831977844,0.13676102459430695,0.2746102213859558,6.399977684020996,6.503742218017578,-4.585075378417969,-5.157821178436279
317,-0.9724441766738892,3.559643030166626,-2.52742862701416,-2.1426327228546143,-6.124524116516113,-0.5350255966186523,2.5488154888153076,0.2808138430118561,2.0314524173736572,2.0171010494232178,-4.3696393966674805,-4.208474159240723,-10.87677001953125,16.030588150024414,-0.6082009673118591,3.6754403114318848,-1.9998278617858887,0.9992609024047852,-4.528187274932861,6.531558513641357,15.656025886535645,15.669047355651855,-15.42311954498291,-15.653363227844238,-0.20002730190753937,2.02445387840271,-0.5164711475372314,-0.44977736473083496,-1.7115859985351562,-0.10237246751785278,0.5359971523284912,0.016075391322374344,6.41023588180542,6.784708023071289,-5.755373954772949,-5.44947624206543
318,0.07830455899238586,2.9760453701019287,-2.4784700870513916,-1.7364614009857178,-5.1685309410095215,-2.397507905960083,3.056914806365967,-0.46904289722442627,2.038144111633301,2.0015673637390137,-4.629334926605225,-4.28198766708374,-9.614660263061523,16.18324089050293,-0.6449328660964966,3.07822322845459,0.5527217388153076,0.11404349654912949,-4.060181140899658,5.791698932647705,-0.0016805613413453102,15.698775291442871,-15.380669593811035,-15.648357391357422,0.07244455814361572,1.5023598670959473,-0.5060903429985046,-0.3017609715461731,-1.3207486867904663,-0.5566307306289673,0.5558838844299316,-0.10624848306179047,6.268509864807129,6.658874034881592,-5.790899276733398,-5.484981060028076
319,3.3064095973968506,1.9227367639541626,-2.2654621601104736,-1.5478185415267944,-6.102391242980957,-4.082167148590088,4.053028583526611,-0.9509002566337585,4.7220001220703125,2.0375685691833496,-4.630392551422119,-4.009230613708496,-8.870964050292969,15.396785736083984,-0.30600035190582275,2.651797294616699,-1.4751077890396118,3.6878843307495117,-3.0424773693084717,4.908071994781494,-0.00014104036381468177,0.0010557174682617188,-15.402835845947266,-15.704411506652832,0.6215516924858093,0.7819675207138062,-0.453400194644928,-0.2780507802963257,-1.5339874029159546,-0.978327751159668,0.7670065760612488,-0.17737333476543427,0.8258805274963379,5.733490943908691,-5.62440299987793,-4.714752674102783
320,3.2252414226531982,0.17517873644828796,-0.20691342651844025,-3.5606884956359863,-5.001256465911865,-6.6685943603515625,2.7637510299682617,-0.492596298456192,-3.719468116760254,7.764771938323975,-4.381543159484863,-3.395242214202881,-7.6833672523498535,15.533259391784668,-0.44615161418914795,1.4811444282531738,-1.9305821657180786,2.0960030555725098,-2.543848752975464,3.771639823913574,-4.586182117462158,-0.0002568830386735499,-15.320558547973633,-15.591259956359863,0.519738495349884,-0.07093261927366257,0.03766883164644241,-0.7433649897575378,-1.2073054313659668,-1.6041078567504883,0.4674992561340332,-0.07206444442272186,-1.2163290977478027,2.100447654724121,-5.464629173278809,-3.4672152996063232
321,6.063352584838867,-5.985104084014893,1.495428204536438,-3.953120470046997,-4.156378746032715,-6.780301094055176,3.4170479774475098,0.3064315617084503,-2.787968397140503,7.9582343101501465,-5.272001266479492,-2.922740936279297,-5.638463973999023,4.6768574714660645,1.6354140043258667,0.5050567388534546,-0.19770121574401855,-1.5345964431762695,-1.571487307548523,3.9924533367156982,-15.681419372558594,-0.00016715849051252007,-15.325398445129395,-15.320971488952637,1.2518469095230103,-1.3079285621643066,0.3758851885795593,-0.7852951288223267,-0.8254205584526062,-1.7683781385421753,0.675247073173523,0.10131974518299103,-6.568966388702393,2.4451045989990234,-5.621147155761719,-2.766735076904297
322,4.787258148193359,1.5820198059082031,0.036788564175367355,-6.410030841827393,-0.8371070623397827,-2.7283215522766113,2.3854238986968994,-1.9684115648269653,-1.9699527025222778,4.0574259757995605,-4.367021083831787,-11.327576637268066,-3.7923097610473633,3.623701572418213,2.096508026123047,-1.222805380821228,-1.4537105560302734,-3.137270927429199,-1.327505350112915,2.203310251235962,-15.690191268920898,7.261079736053944e-05,-15.53693962097168,0.037006866186857224,0.8519151210784912,0.6366912126541138,-0.0494336262345314,-1.4148988723754883,-0.048640646040439606,-0.46202680468559265,0.42055362462997437,-0.43814659118652344,-6.670238018035889,0.6940367817878723,-5.663499355316162,-2.3862130641937256
323,3.8814141750335693,-0.7472589015960693,1.5679768323898315,-3.6041994094848633,0.4452793300151825,-1.5316689014434814,1.3472754955291748,1.9840434789657593,-1.9972411394119263,-4.4040679931640625,-4.113632678985596,1.7936111688613892,-1.6050366163253784,3.113743543624878,3.491488218307495,-1.9428181648254395,-2.200108289718628,0.8510178923606873,-1.6010013818740845,3.649531602859497,-15.700011253356934,-15.675333023071289,-15.673396110534668,1.5124462842941284,0.725618302822113,-0.2307361364364624,0.4110921323299408,-0.6722777485847473,0.13307717442512512,-0.268419474363327,0.21998684108257294,0.5896241068840027,-7.608603000640869,-5.37137508392334,-5.030811309814453,0.8673833608627319
324,2.483206272125244,-0.3188500702381134,1.2731083631515503,-0.9213613867759705,-0.8318734169006348,2.0817933082580566,2.22432279586792,1.4351271390914917,-2.001293659210205,-1.96876859664917,-4.103173732757568,5.350412845611572,-2.1866207122802734,1.3831979036331177,1.9729957580566406,-1.41950261592865,-3.8376991748809814,0.46743980050086975,-1.872531771659851,4.234090805053711,-15.675577163696289,-15.372875213623047,-15.509971618652344,15.770171165466309,0.4530072808265686,-0.04309229925274849,0.28953564167022705,-0.08071018755435944,-0.23530280590057373,0.5869704484939575,0.45588958263397217,0.3195219933986664,-7.440799713134766,-7.6797566413879395,-5.130155563354492,6.750584125518799
325,2.8420729637145996,-1.0542138814926147,3.078415632247925,-1.1603127717971802,0.7651290893554688,0.6616527438163757,1.975515365600586,1.5781404972076416,-2.0152931213378906,-1.9891135692596436,-3.944876194000244,4.058269023895264,-1.6688181161880493,0.2988520562648773,2.30735445022583,-1.2653995752334595,-4.675422191619873,0.18171702325344086,-1.6681299209594727,3.8617217540740967,-15.64372444152832,-15.700031280517578,-15.67474365234375,15.660285949707031,0.5607305765151978,-0.2337845116853714,0.7381570935249329,-0.2523741126060486,0.19517728686332703,0.07885903120040894,0.365028440952301,0.37111619114875793,-7.176957130432129,-6.823025703430176,-4.678770065307617,5.053109169006348
326,3.533921718597412,-2.0385706424713135,2.9773752689361572,-0.7962191700935364,1.847237229347229,1.6636383533477783,0.31115198135375977,0.7237623333930969,-2.004077672958374,-2.0727012157440186,-3.3692333698272705,4.035077095031738,-0.07787006348371506,0.18050876259803772,3.602299451828003,-0.5547810196876526,-4.972567081451416,-0.07759502530097961,-2.4066381454467773,2.815304756164551,-15.685824394226074,-15.700006484985352,-15.658860206604004,15.699813842773438,0.7569335699081421,-0.44626665115356445,0.6688862442970276,-0.14879728853702545,0.35815414786338806,0.37577158212661743,-0.001466110348701477,0.12483321130275726,-7.071624755859375,-6.773360252380371,-3.512695074081421,5.044113636016846
327,3.8526649475097656,-3.536334753036499,2.5288190841674805,-0.7304150462150574,2.601018190383911,2.706230878829956,0.6022430658340454,-0.21162644028663635,-2.001183032989502,-2.032601833343506,-2.5014193058013916,4.083460807800293,0.578726589679718,0.03392350673675537,4.388984680175781,-0.41734230518341064,-4.539313316345215,0.2677338123321533,-2.25930118560791,1.9769067764282227,-15.700051307678223,-15.700056076049805,-15.600103378295898,15.546113014221191,0.8715516924858093,-0.8163211941719055,0.5726466178894043,-0.14410682022571564,0.4818394184112549,0.600400447845459,0.12055350840091705,-0.07821719348430634,-6.864849090576172,-6.726355075836182,-2.316474199295044,5.022170066833496
328,5.102636337280273,-5.030672550201416,2.4638760089874268,-1.261743187904358,2.341017246246338,3.3295462131500244,2.544696569442749,-1.7246516942977905,-2.0084140300750732,-2.018508195877075,-7.00941801071167,4.051230430603027,1.8452436923980713,-2.500945806503296,3.564044713973999,-1.1590092182159424,-4.674221038818359,0.6274799108505249,-0.3160896301269531,-0.09117037057876587,-15.678751945495605,-15.665152549743652,-0.03533197566866875,15.664483070373535,1.2825969457626343,-1.3062034845352173,0.5525040626525879,-0.2818441390991211,0.4044014513492584,0.7378243207931519,0.5604403614997864,-0.3919404447078705,-6.451415538787842,-6.657184600830078,-1.2624990940093994,4.934067249298096
329,5.83824348449707,-5.961241722106934,1.6508551836013794,-1.5646295547485352,1.5995813608169556,3.916855812072754,5.327281951904297,-0.9239012002944946,-2.0155251026153564,-2.021505355834961,7.925240993499756,4.179813385009766,3.7394986152648926,-5.401270389556885,2.5764946937561035,-2.0354185104370117,-5.258221626281738,1.487645149230957,4.541929721832275,-1.4140113592147827,-15.647266387939453,-15.666821479797363,14.577621459960938,15.656038284301758,1.6851071119308472,-1.9069534540176392,0.33509641885757446,-0.3440605401992798,0.251515656709671,0.9022866487503052,1.3017122745513916,-0.1623000055551529,-6.133772850036621,-6.285507678985596,3.6414260864257812,5.372503757476807
330,6.1250457763671875,-4.102335453033447,-2.083073139190674,-1.4879038333892822,-0.48277464509010315,-0.9433059096336365,5.178563594818115,-2.3109540939331055,-2.0104222297668457,-2.009227991104126,3.7267794609069824,4.3160247802734375,6.266696453094482,-7.844577312469482,-0.04899276793003082,-2.8682148456573486,-7.146827220916748,0.14784668385982513,7.7707953453063965,-3.0959887504577637,-15.617820739746094,-15.676286697387695,15.681360244750977,15.605795860290527,2.12249755859375,-1.1065701246261597,-0.5468752980232239,-0.3230312764644623,-0.19750124216079712,-0.37674379348754883,1.3928247690200806,-0.5607169270515442,-5.280546188354492,-6.175640106201172,4.777715682983398,5.456702709197998
331,5.854130268096924,-4.800052642822266,-3.3452935218811035,-0.8869869709014893,-2.8119125366210938,-1.0853791236877441,4.96545934677124,-2.842125177383423,-1.99730384349823,-2.0098814964294434,4.111748218536377,4.444313049316406,8.817998886108398,-10.81364631652832,-3.3726727962493896,-3.6697723865509033,-10.571734428405762,-1.8386608362197876,9.456509590148926,-4.801084995269775,-15.510417938232422,-15.687291145324707,15.694945335388184,15.561397552490234,2.3795156478881836,-1.9802368879318237,-0.7761796116828918,-0.17544607818126678,-1.0155045986175537,-0.23246228694915771,1.463734745979309,-0.6889213919639587,-4.743828773498535,-5.816095352172852,5.328387260437012,5.790168285369873
332,5.370563507080078,-4.382061004638672,-2.4033284187316895,0.04281547665596008,-2.88515567779541,-2.78096866607666,4.925714492797852,-2.9212682247161865,-2.3129658699035645,-1.997320294380188,4.133303165435791,4.57136344909668,11.556113243103027,-13.273573875427246,-5.539559364318848,-3.8928589820861816,-13.578949928283691,-4.691865921020508,10.22115421295166,-6.306126594543457,-14.152396202087402,-15.681941986083984,15.698758125305176,15.591983795166016,2.5896120071411133,-2.055927276611328,-0.5420098900794983,0.04696735739707947,-1.1251534223556519,-0.7356934547424316,1.537597417831421,-0.7348622679710388,-4.167788505554199,-5.515413284301758,5.261756420135498,6.404050350189209
333,4.486994743347168,-4.071983814239502,-0.8228257298469543,1.2865500450134277,-1.8516654968261719,-2.9946625232696533,3.7988226413726807,-3.1450767517089844,-8.737031936645508,-2.0005757808685303,4.158695220947266,4.508092880249023,14.90421199798584,-15.094721794128418,-6.303430080413818,-3.5370397567749023,-13.983400344848633,-7.5271759033203125,9.766536712646484,-7.724355220794678,0.00010990761802531779,-15.70001220703125,15.701946258544922,15.62765884399414,2.4996914863586426,-2.307441234588623,-0.13648909330368042,0.27115219831466675,-0.6556693911552429,-0.8282356262207031,1.1016196012496948,-0.8484886288642883,-3.2571067810058594,-4.968719959259033,5.270615577697754,6.6436333656311035
334,3.8978195190429688,-3.5575740337371826,-1.9362742900848389,2.405411958694458,4.768171310424805,-1.3618911504745483,2.446904420852661,-2.0509567260742188,2.481163501739502,-1.9436458349227905,4.20314359664917,4.4747114181518555,16.1787166595459,-15.343029022216797,-0.9231619834899902,-2.0813827514648438,-8.246912956237793,-8.52177619934082,8.846997261047363,-8.634032249450684,4.534457683563232,-15.48083782196045,12.56180477142334,15.235776901245117,2.3146767616271973,-2.029055595397949,-0.5566162467002869,0.4749060273170471,1.0603392124176025,-0.30497777462005615,0.6241158843040466,-0.5172195434570312,1.0488505363464355,-3.3233542442321777,5.538064002990723,6.2280144691467285
335,3.262179136276245,-3.6329731941223145,-4.195792198181152,1.832087516784668,7.817344665527344,-0.5335926413536072,1.6834630966186523,-2.816298484802246,3.961432456970215,-6.982161521911621,4.503026485443115,4.1576313972473145,16.661340713500977,-16.84043312072754,-1.6202958822250366,-1.5234713554382324,-0.1685609221458435,-9.008672714233398,7.364386558532715,-9.873023986816406,14.481216430664062,0.00016359586152248085,15.478266716003418,15.693880081176758,2.1115541458129883,-2.08687424659729,-0.9690033793449402,0.3316625952720642,2.104363203048706,-0.10696247220039368,0.4118746519088745,-0.8785574436187744,5.355541706085205,-1.676188588142395,5.515224456787109,5.025079250335693
336,3.1153218746185303,-2.9023964405059814,-0.4664041996002197,0.9195221662521362,7.437895774841309,3.3826305866241455,-3.347334623336792,-0.9877853989601135,2.013047218322754,4.256559371948242,4.313256740570068,18.04880714416504,15.198196411132812,-17.253768920898438,-0.42234691977500916,-1.4724490642547607,6.389533996582031,-5.50360107421875,4.414841651916504,-5.52404260635376,15.493846893310547,6.491945266723633,15.433343887329102,-0.0033761123195290565,1.580973744392395,-1.6573960781097412,0.052606530487537384,0.14048656821250916,3.365722417831421,0.7077200412750244,-0.7590614557266235,-0.1296526938676834,7.04630708694458,1.779172420501709,5.44954252243042,4.7229437828063965
337,-3.730572462081909,-1.6222809553146362,-0.3638799488544464,3.693779230117798,5.764678955078125,6.00766134262085,-4.137984752655029,-1.2755125761032104,2.0396018028259277,3.5331523418426514,4.198653697967529,12.714202880859375,9.202537536621094,-16.7023983001709,-0.32875773310661316,-0.23028649389743805,11.086063385009766,0.73096764087677,1.393333077430725,-5.913264274597168,15.371552467346191,15.013320922851562,15.520882606506348,0.010585404932498932,-0.9482060074806213,-0.6684667468070984,-0.06927456706762314,0.83123379945755,2.544693946838379,1.4781317710876465,-0.8028367161750793,-0.32967546582221985,6.388057708740234,5.5964555740356445,4.976535320281982,2.5681045055389404
338,-5.036234378814697,4.731998920440674,-1.8592596054077148,1.0534405708312988,4.678201675415039,3.80000376701355,-3.1042368412017822,-1.4071505069732666,2.1018576622009277,1.9855928421020508,4.398716926574707,9.120058059692383,2.6449837684631348,-11.767367362976074,-0.1001645177602768,0.46265721321105957,13.481636047363281,4.776646614074707,-0.6050513386726379,-6.442221641540527,15.624723434448242,15.688308715820312,15.489293098449707,-0.003705566516146064,-1.001051664352417,0.9823450446128845,-0.4354551434516907,0.11478869616985321,2.4741594791412354,0.8449127674102783,-0.5904079079627991,-0.3624257445335388,6.697320461273193,5.325097560882568,5.394240379333496,1.766929030418396
339,-6.461369037628174,8.70353889465332,-2.6788649559020996,0.30821073055267334,3.848543405532837,1.2637518644332886,-4.7156147956848145,3.332540273666382,2.0263848304748535,2.0057365894317627,4.160575866699219,-3.416858196258545,-2.860239028930664,-4.275364875793457,0.2067907303571701,0.469081312417984,13.992490768432617,6.312954902648926,-2.761690139770508,-1.028465986251831,15.700008392333984,15.699336051940918,15.433599472045898,-15.711149215698242,-1.8303000926971436,2.1526870727539062,-0.5683101415634155,0.03361918777227402,1.8444923162460327,0.2139449566602707,-1.0901167392730713,0.8360477089881897,6.828108787536621,5.9488935470581055,4.730769157409668,-6.270934581756592
340,-5.770601749420166,8.106538772583008,-3.9945590496063232,1.4262728691101074,3.5182931423187256,-0.06372640281915665,-5.654501438140869,3.052130699157715,2.001542806625366,1.9973437786102295,4.0613112449646,-4.331617832183838,-6.455575466156006,1.86934494972229,0.05859389156103134,1.1457600593566895,13.19958209991455,5.833259105682373,-5.002392292022705,-0.44708454608917236,15.700007438659668,15.699840545654297,15.10886001586914,-15.68295955657959,-1.8148759603500366,2.470604658126831,-0.8528119921684265,0.33714956045150757,1.5419598817825317,-0.07236704230308533,-1.396877646446228,0.5906649231910706,6.924903869628906,6.034032344818115,4.217134475708008,-6.421071529388428
341,-5.340075969696045,7.068663597106934,-3.4051430225372314,0.8395176529884338,2.5458016395568848,0.027643349021673203,-6.942675590515137,3.8067986965179443,2.001828908920288,1.9992119073867798,10.220739364624023,-4.379611968994141,-8.418099403381348,6.796650409698486,0.048713430762290955,1.9266642332077026,11.71658992767334,5.0096435546875,-2.796633005142212,0.465823233127594,15.700018882751465,15.699613571166992,0.010421954095363617,-15.619036674499512,-1.9471415281295776,2.801003932952881,-0.6551995277404785,0.1544671207666397,0.8417849540710449,0.010038964450359344,-1.702656626701355,0.7989553809165955,7.030086994171143,6.286155700683594,3.5529470443725586,-6.160269737243652
342,-5.397315502166748,6.139589786529541,-3.14019513130188,0.4253466725349426,0.13637316226959229,-0.41998735070228577,-6.744321346282959,4.930910110473633,2.001732587814331,2.0115063190460205,9.96606731414795,-4.276197910308838,-9.56966495513916,10.435916900634766,-0.15703263878822327,2.7842907905578613,9.441709518432617,3.8812451362609863,-5.257434368133545,2.0371429920196533,15.651463508605957,15.700006484985352,0.015910759568214417,-15.73044490814209,-2.303142547607422,3.3794984817504883,-0.6344603300094604,0.07657192647457123,-0.11524058133363724,-0.08837166428565979,-1.6188759803771973,1.0999339818954468,6.942176818847656,6.555238246917725,1.883875846862793,-5.5573811531066895
343,-4.969632148742676,5.220198154449463,-3.300673484802246,0.2366511970758438,-3.5094823837280273,-0.17922988533973694,-5.369739532470703,4.448163032531738,2.0061588287353516,2.000732183456421,8.18275260925293,-4.262983322143555,-10.402639389038086,12.72206974029541,-0.4952242076396942,3.351576328277588,6.145152568817139,3.0040576457977295,-7.222413063049316,3.7546582221984863,15.626179695129395,15.672222137451172,-0.0007114037871360779,-15.585783958435059,-1.9924343824386597,3.1289687156677246,-0.6766079664230347,0.04538522660732269,-0.705024003982544,-0.024462103843688965,-1.355000615119934,0.9871687889099121,6.746459007263184,6.601539611816406,1.6330552101135254,-5.380069732666016
344,-3.9879090785980225,4.542505741119385,-2.8385045528411865,0.060212429612874985,-4.086307048797607,-0.2657432556152344,-3.724095106124878,3.22739839553833,2.0260345935821533,2.0237534046173096,4.7536139488220215,-4.225325107574463,-10.675400733947754,14.471623420715332,-0.5744714140892029,4.099887371063232,3.199523687362671,2.2719616889953613,-8.675244331359863,5.169641494750977,15.674174308776855,15.673797607421875,0.014653349295258522,-15.637247085571289,-1.394649863243103,2.7237977981567383,-0.5629527568817139,0.006315752863883972,-0.7817389965057373,-0.05209001898765564,-0.9617531895637512,0.7212072014808655,6.593881130218506,6.599013328552246,0.8284285664558411,-5.32606840133667
345,-2.516270637512207,3.9859046936035156,-2.672105550765991,-0.3354392945766449,-4.350075721740723,-0.6225923299789429,0.025481978431344032,1.2937806844711304,2.0309360027313232,2.028628349304199,-3.275144577026367,-4.213164329528809,-10.658585548400879,15.491507530212402,-0.7760180830955505,4.345523834228516,0.7270609736442566,1.584717869758606,-4.337441444396973,5.700991153717041,15.685510635375977,15.693774223327637,-15.612967491149902,-15.611061096191406,-0.7396248579025269,2.2829394340515137,-0.5391194224357605,-0.07290615141391754,-0.9054628610610962,-0.13016748428344727,0.19859673082828522,0.23290006816387177,6.311659336090088,6.575281620025635,-4.991285800933838,-5.2237324714660645
346,-0.6855217218399048,3.3369359970092773,-2.481727123260498,-2.0319883823394775,-6.126350402832031,-0.8587862849235535,2.361257791519165,0.2924189865589142,1.9998741149902344,2.0015273094177246,-4.495227336883545,-4.314176082611084,-10.261408805847168,15.922500610351562,-0.557548999786377,3.6855242252349854,-1.8564391136169434,1.0426713228225708,-4.229855537414551,5.511672019958496,15.6128568649292,15.690814971923828,-15.316439628601074,-15.626443862915039,-0.10072167217731476,1.7596182823181152,-0.5006079077720642,-0.41549152135849,-1.6867871284484863,-0.17426025867462158,0.49159854650497437,0.025415915995836258,6.338222026824951,6.870663166046143,-5.819540977478027,-5.548599720001221
347,0.411586195230484,2.734726905822754,-2.3911354541778564,-1.6427961587905884,-6.095113277435303,-2.3877782821655273,2.7725906372070312,-0.42140763998031616,9.177888870239258,2.018843412399292,-4.63581657409668,-4.311478137969971,-9.352611541748047,15.904457092285156,-0.5983061790466309,3.1227517127990723,0.7242147326469421,0.19515883922576904,-3.8625667095184326,4.816046714782715,-0.00024794292403385043,15.612408638000488,-15.211953163146973,-15.590332984924316,0.1147475391626358,1.2687792778015137,-0.4889923930168152,-0.2854718565940857,-1.3207606077194214,-0.5406975746154785,0.5057769417762756,-0.09928660094738007,5.9902472496032715,6.688565254211426,-5.845290660858154,-5.534402370452881
348,1.6460024118423462,2.3612921237945557,-2.059666395187378,-1.4497188329696655,-5.6856770515441895,-2.8996455669403076,2.9357173442840576,-0.8556817173957825,8.691777229309082,2.0285866260528564,-4.6162309646606445,-4.111804008483887,-8.931293487548828,15.57590389251709,-0.36109206080436707,2.962872266769409,-1.21169114112854,2.7475638389587402,-3.317915439605713,3.8187925815582275,-0.00023771857377141714,4.340001106262207,-15.336749076843262,-15.720222473144531,0.2909271717071533,1.0851995944976807,-0.4070255756378174,-0.2579488158226013,-1.3434553146362305,-0.6313215494155884,0.5335683226585388,-0.16472379863262177,3.113063097000122,5.80212926864624,-5.521213531494141,-4.908360958099365
349,3.401637554168701,0.8494114875793457,-0.4447549879550934,-3.3782355785369873,-4.8320488929748535,-6.481469631195068,2.7177059650421143,-0.594783365726471,6.806299209594727,8.900453567504883,-4.53995418548584,-3.538569211959839,-8.126222610473633,15.461655616760254,-0.49160560965538025,1.780292272567749,-2.9629056453704834,2.6414246559143066,-2.8724653720855713,2.550650119781494,-0.00020955671789124608,-0.0002939084661193192,-15.41630744934082,-15.621286392211914,0.6023117303848267,0.22136257588863373,-0.02773004025220871,-0.70200115442276,-1.1481398344039917,-1.5699224472045898,0.48854535818099976,-0.09969453513622284,1.5982093811035156,3.614823341369629,-5.560537338256836,-3.6601450443267822
350,3.1669342517852783,-2.652782917022705,2.044602870941162,-3.7193517684936523,-3.794835090637207,-6.319591522216797,2.9987235069274902,0.05050616338849068,-1.2447654008865356,8.523757934570312,-4.618646621704102,-2.75303316116333,-6.521217346191406,4.2342376708984375,2.0211308002471924,1.6583008766174316,-4.292998313903809,-0.7913933396339417,-2.190601110458374,2.4567534923553467,-6.097282494010869e-06,-0.000250787939876318,-15.670005798339844,-15.551851272583008,0.5265741348266602,-0.6246467232704163,0.538257896900177,-0.6888740062713623,-0.8973982930183411,-1.5387582778930664,0.5640732645988464,0.03375698998570442,-0.5735245943069458,2.9047274589538574,-5.478737831115723,-2.8009426593780518
351,5.580418586730957,2.150270700454712,0.15024805068969727,-7.119198322296143,-1.6532063484191895,-4.836691856384277,3.4135894775390625,-0.222679004073143,-3.3444442749023438,7.726387023925781,-4.4625244140625,-10.532942771911621,-4.014899253845215,3.3502395153045654,2.6445400714874268,-0.5635309815406799,-0.4532932639122009,-3.0583832263946533,-1.3218203783035278,2.0462591648101807,-15.663515090942383,-2.9640417778864503e-05,-15.514812469482422,0.013406787067651749,1.170009970664978,0.697298526763916,-0.04429430514574051,-1.5669902563095093,-0.2459236979484558,-1.1183815002441406,0.6681090593338013,-0.05131242796778679,-5.279052734375,2.1461093425750732,-5.7300004959106445,-2.1388742923736572
352,4.278359413146973,-0.7948498129844666,1.7394126653671265,-4.966865062713623,0.5231836438179016,-3.933565855026245,1.5347572565078735,1.747065782546997,-1.9683531522750854,0.4571911692619324,-4.2241997718811035,5.4142656326293945,-1.9535220861434937,3.1325278282165527,4.0096540451049805,-1.9454588890075684,-1.0296447277069092,-4.831686973571777,-1.2970151901245117,3.318657875061035,-15.699999809265137,-6.134796421974897e-06,-15.708499908447266,6.003407001495361,0.791130781173706,-0.2661402225494385,0.45896291732788086,-0.9953265190124512,0.1873616874217987,-0.9608602523803711,0.22768916189670563,0.4624190628528595,-7.746455669403076,-0.18611690402030945,-5.343691825866699,1.82461416721344
353,2.9130702018737793,0.4321533143520355,0.33746886253356934,-0.8544684052467346,-1.1757172346115112,4.626190185546875,3.6476008892059326,2.78305721282959,-2.026268720626831,-2.7172162532806396,-4.350743293762207,3.763078212738037,-3.529859781265259,0.6266406774520874,0.7720940709114075,-2.4930050373077393,-2.632906436920166,0.797330915927887,-0.5520480275154114,4.735532760620117,-15.655152320861816,-15.700004577636719,-15.67661190032959,15.655374526977539,0.4829530119895935,0.13359671831130981,0.0100102499127388,-0.02322341501712799,-0.3222106695175171,1.5199716091156006,0.7825306057929993,0.7030123472213745,-7.533147811889648,-6.496370792388916,-5.579131126403809,5.514533519744873
354,4.341283321380615,-1.6315648555755615,3.894623041152954,-1.0772337913513184,0.26039740443229675,0.5713526010513306,1.741207242012024,1.884254813194275,-2.031040906906128,-1.9479111433029175,-3.9660637378692627,4.151330947875977,-1.8093762397766113,0.6200851798057556,2.2293739318847656,-1.6133348941802979,-3.6180694103240967,0.43193718791007996,-0.2341800332069397,4.4923858642578125,-15.7000150680542,-15.547402381896973,-15.676746368408203,15.698108673095703,0.9056446552276611,-0.4102516174316406,0.9575234055519104,-0.24221767485141754,0.10402669757604599,-0.03262016177177429,0.27630889415740967,0.40848681330680847,-7.424137592315674,-6.8646697998046875,-4.648616313934326,5.2935099601745605
355,3.7929553985595703,-2.2308032512664795,2.795029878616333,-0.5762092471122742,2.26657772064209,2.557516574859619,0.054465219378471375,0.914081335067749,-2.0024163722991943,-1.9932239055633545,-3.4305813312530518,4.078637599945068,-0.16534417867660522,0.42358964681625366,3.361424207687378,-0.7664734721183777,-3.8663108348846436,0.4978277385234833,-1.1376502513885498,3.3388876914978027,-15.700027465820312,-15.573214530944824,-15.689318656921387,15.662078857421875,0.7675937414169312,-0.4731631278991699,0.5852017402648926,-0.0986708551645279,0.4807662069797516,0.61788010597229,-0.05273602902889252,0.1656017154455185,-7.161014080047607,-6.850911617279053,-3.650834560394287,5.0897908210754395
356,4.061912536621094,-3.287353038787842,2.5875802040100098,-0.40216168761253357,2.281775951385498,2.6263701915740967,0.3840178847312927,0.21013875305652618,-2.0024611949920654,-2.0258405208587646,-2.5434517860412598,4.031331539154053,0.09512756764888763,-0.6783609986305237,3.4443187713623047,-1.095792293548584,-3.7475318908691406,0.806267261505127,-1.3742583990097046,2.410339832305908,-15.583930015563965,-15.608573913574219,-15.564894676208496,15.625250816345215,0.8825826048851013,-0.7590406537055969,0.5714645385742188,-0.07708872854709625,0.4118475615978241,0.5559796094894409,0.08541598916053772,0.01500745490193367,-7.126043796539307,-6.766988754272461,-2.430647134780884,5.066102027893066
357,5.1197190284729,-4.119224548339844,2.4393022060394287,-0.33284252882003784,2.8266191482543945,3.1563773155212402,1.8949217796325684,-1.4629508256912231,-2.0390589237213135,-2.019321918487549,-7.40722131729126,3.9964330196380615,1.8817923069000244,-2.07893967628479,3.3675355911254883,-0.9116719961166382,-3.675121307373047,1.2992238998413086,0.12627871334552765,0.5986136794090271,-15.700003623962402,-15.700005531311035,-0.017327193170785904,15.680155754089355,1.275249719619751,-0.982219398021698,0.5386227369308472,-0.0659877210855484,0.5362228751182556,0.7095984220504761,0.42831891775131226,-0.3408965766429901,-6.964230537414551,-6.721482753753662,-1.3428449630737305,4.938724994659424
358,5.4759840965271,-5.763252258300781,1.8918991088867188,-0.8581291437149048,2.6171345710754395,3.932459592819214,4.640232563018799,-0.853485107421875,-2.037990093231201,-2.000922679901123,7.394705772399902,4.214939117431641,3.6898322105407715,-4.601574897766113,2.8148937225341797,-1.3159031867980957,-3.7424728870391846,2.129659414291382,4.310378551483154,-0.7094365954399109,-15.640909194946289,-15.653600692749023,12.553911209106445,15.68864917755127,1.507875919342041,-1.7666295766830444,0.40235498547554016,-0.19804193079471588,0.46831104159355164,0.9410274028778076,1.1371891498565674,-0.15109719336032867,-6.682528972625732,-6.492618083953857,2.9675185680389404,5.364206790924072
359,5.89394998550415,-3.6781060695648193,-1.3828904628753662,-1.5685888528823853,1.2461425065994263,-0.3421112895011902,4.4836931228637695,-2.5712168216705322,-2.0003349781036377,-2.0162105560302734,3.7355899810791016,4.244235992431641,5.8463544845581055,-6.789659023284912,0.48440706729888916,-2.1633846759796143,-4.526704788208008,1.1921002864837646,7.148481845855713,-2.605536460876465,-15.61396312713623,-15.655624389648438,15.68699836730957,15.628918647766113,1.9238765239715576,-0.9026765823364258,-0.39361029863357544,-0.3633353114128113,0.17319390177726746,-0.23674678802490234,1.1769227981567383,-0.6182679533958435,-5.983409881591797,-6.563934326171875,4.964984893798828,5.333694934844971
360,5.527360439300537,-4.597894191741943,-2.617316961288452,-0.6893249750137329,-1.941266655921936,-1.1339653730392456,4.251942157745361,-2.50665020942688,-2.0010862350463867,-2.014634609222412,4.132259845733643,4.316866397857666,8.162284851074219,-9.592131614685059,-2.35335373878479,-2.846312999725342,-7.27329683303833,-0.6503620743751526,8.400972366333008,-4.198517322540283,-15.636510848999023,-15.679961204528809,15.675501823425293,15.572239875793457,1.963681697845459,-1.6774452924728394,-0.5958892703056335,-0.11578185856342316,-0.6380409598350525,-0.2561942934989929,1.184781789779663,-0.5723645687103271,-5.45419979095459,-6.173742771148682,5.409628391265869,5.5245585441589355
361,5.331976413726807,-4.413426876068115,-2.2472617626190186,-0.20672272145748138,-2.851576089859009,-2.5578324794769287,4.616832256317139,-2.7310118675231934,-2.0002803802490234,-2.01383900642395,4.17333459854126,4.455428600311279,10.565742492675781,-12.294868469238281,-4.538403034210205,-3.22890305519104,-10.549300193786621,-3.394597291946411,9.19894790649414,-5.635432720184326,-15.395400047302246,-15.675483703613281,15.70089054107666,15.630341529846191,2.3479809761047363,-1.8623182773590088,-0.504002571105957,-0.026068970561027527,-0.951075553894043,-0.6334823369979858,1.3774452209472656,-0.6746612787246704,-4.862429618835449,-5.867683410644531,5.399466037750244,6.036803722381592
362,4.768703937530518,-4.101040840148926,-0.9567367434501648,1.2522531747817993,-2.5361149311065674,-3.049321174621582,4.059260368347168,-3.088764190673828,-2.3776979446411133,-2.000680685043335,4.186980724334717,4.5375800132751465,12.933968544006348,-14.353402137756348,-5.516732215881348,-2.922497272491455,-12.989994049072266,-6.4294586181640625,9.126404762268066,-7.084258556365967,-14.122892379760742,-15.661243438720703,15.71086311340332,15.702629089355469,2.2836978435516357,-2.1132397651672363,-0.17926397919654846,0.27876871824264526,-0.9145386219024658,-0.8139439821243286,1.1654775142669678,-0.8173525929450989,-4.167612552642822,-5.481400966644287,5.3690080642700195,6.439473628997803
363,4.09561014175415,-3.78936767578125,0.1678462028503418,1.3557490110397339,-0.9819754362106323,-2.684816360473633,2.891918897628784,-3.1361119747161865,-8.659112930297852,-1.9826358556747437,4.233209609985352,4.579648017883301,15.408636093139648,-15.783880233764648,-5.5511393547058105,-2.5235249996185303,-12.36540699005127,-8.80717658996582,8.312837600708008,-8.336626052856445,0.00014424489927478135,-15.563251495361328,15.69041633605957,15.637327194213867,2.2281479835510254,-2.2628531455993652,0.07768029719591141,0.25253450870513916,-0.24503299593925476,-0.7619813680648804,0.7515177726745605,-0.8664965629577637,-3.094494104385376,-4.546626567840576,5.35067081451416,6.279104709625244
364,3.3957862854003906,-3.4812653064727783,-1.9153753519058228,2.108027219772339,5.903563499450684,-1.1373614072799683,1.3793444633483887,-2.1206161975860596,3.927525043487549,-2.10845947265625,6.6105146408081055,4.496497631072998,17.22489356994629,-15.100117683410645,-0.7310717105865479,-1.4050893783569336,-5.7492499351501465,-9.584210395812988,7.11875581741333,-4.695165634155273,6.5209479331970215,-14.903494834899902,15.364758491516113,-0.13888216018676758,2.0162973403930664,-1.8152185678482056,-0.47830718755722046,0.4331672191619873,1.3303040266036987,-0.25807204842567444,0.29166582226753235,-0.5603100657463074,1.74772047996521,-3.0344045162200928,5.640481948852539,5.336668491363525
365,3.0107195377349854,-3.4821479320526123,-3.894089460372925,0.3263013958930969,7.482251167297363,0.9960845708847046,-0.7123079895973206,-4.187678813934326,3.39699125289917,-6.914926528930664,4.362208366394043,12.815835952758789,16.315509796142578,-17.131616592407227,-1.2349883317947388,-1.7816367149353027,1.9377127885818481,-8.2240571975708,5.196524143218994,-6.202841758728027,15.215850830078125,0.0001392129488522187,15.414474487304688,0.07206716388463974,1.75237238407135,-2.0957791805267334,-0.8871205449104309,-0.0028657540678977966,2.147442579269409,0.24838337302207947,-0.21224237978458405,-1.1188418865203857,6.127925395965576,-1.6539866924285889,5.327939510345459,2.516857862472534
366,1.7472119331359863,-2.274651288986206,0.8444043397903442,0.2488747239112854,6.837917327880859,3.416672706604004,-5.838627338409424,-0.3537468910217285,2.0821139812469482,4.2396321296691895,4.158048629760742,13.758198738098145,13.645699501037598,-17.36150550842285,-0.6841275095939636,-1.4569571018218994,7.73633337020874,-4.289370059967041,1.5927928686141968,-6.540855407714844,15.548995971679688,6.400959014892578,15.563176155090332,0.020510360598564148,0.5906199216842651,-1.0818594694137573,0.34809309244155884,0.044377461075782776,2.9555623531341553,0.6698724031448364,-1.254855990409851,0.08667252957820892,7.2616353034973145,1.7828186750411987,4.834062099456787,3.2109341621398926
367,-5.410822868347168,-0.5369319319725037,-0.2273019701242447,3.5143039226531982,5.238417148590088,5.732909202575684,-3.361002206802368,-1.540697455406189,2.079380750656128,3.5453732013702393,4.209878921508789,11.242937088012695,6.728816986083984,-16.074298858642578,-0.3774240016937256,-0.29692164063453674,11.887746810913086,1.7832976579666138,-0.6686449646949768,-7.037838459014893,15.541919708251953,14.863896369934082,15.499957084655762,0.027105707675218582,-1.2449690103530884,-0.09083472937345505,-0.08591323345899582,0.8120286464691162,2.285717248916626,1.4404089450836182,-0.5944408178329468,-0.4575974941253662,6.492477893829346,5.335061073303223,4.992280006408691,2.3264400959014893
368,-5.697917461395264,7.6193928718566895,-2.3103654384613037,-0.1607091724872589,4.265353202819824,2.948549270629883,-3.7302167415618896,1.1513776779174805,2.036055088043213,1.9849237203598022,4.3238701820373535,-3.911733388900757,0.5713818073272705,-8.951141357421875,-0.011704683303833008,-0.16815118491649628,13.512835502624512,5.79121732711792,-2.4709208011627197,-4.104360580444336,15.622681617736816,15.666264533996582,15.409515380859375,-9.080629348754883,-1.2194770574569702,1.6566940546035767,-0.5477458834648132,-0.16834141314029694,2.060887575149536,0.6249841451644897,-0.820677638053894,0.2984274625778198,6.892991065979004,5.368515968322754,5.188815116882324,-1.4006733894348145
369,-6.173059940338135,8.732681274414062,-3.7253448963165283,1.7624843120574951,3.9025771617889404,0.4173464775085449,-4.895233154296875,2.948185443878174,2.0292510986328125,1.9987998008728027,4.117985248565674,-3.9298079013824463,-4.135147571563721,-1.6613982915878296,-0.012665703892707825,0.3349790573120117,13.522781372070312,6.420742988586426,-4.496272087097168,-1.573562502861023,15.700014114379883,15.699886322021484,15.408114433288574,-15.678001403808594,-1.795527458190918,2.3378665447235107,-0.8086854815483093,0.42463254928588867,1.8746777772903442,-0.0037400200963020325,-1.1918247938156128,0.6301762461662292,6.829680442810059,5.823727607727051,4.538496971130371,-6.427216053009033
370,-5.767879486083984,7.646134853363037,-3.3677382469177246,1.0498714447021484,3.1530232429504395,0.46015608310699463,-5.913591384887695,4.166537761688232,2.002439498901367,1.9982374906539917,3.974043130874634,-4.407075881958008,-6.936285018920898,4.370181083679199,0.20960110425949097,1.329338788986206,12.470775604248047,6.073801517486572,-1.9896098375320435,-0.6726362109184265,15.700007438659668,15.699896812438965,0.0005816556513309479,-15.648496627807617,-1.944960117340088,2.5941007137298584,-0.6622018218040466,0.19041810929775238,1.196136713027954,0.11855468153953552,-1.5726772546768188,0.8584689497947693,6.939119815826416,6.070327281951904,3.9275856018066406,-6.351751804351807
371,-5.6141228675842285,6.556605815887451,-2.5929973125457764,0.44879013299942017,0.9845889210700989,0.5651665329933167,-8.12593936920166,4.6566338539123535,2.0020978450775146,2.003425121307373,10.327545166015625,-4.340699195861816,-8.63662052154541,8.925259590148926,0.1241651177406311,2.167074203491211,10.364349365234375,5.4297285079956055,-4.865686893463135,0.6152105331420898,15.680795669555664,15.7000093460083,0.02171749621629715,-15.69491195678711,-2.1854069232940674,3.150970935821533,-0.4935702085494995,0.07314334809780121,0.16796907782554626,0.14486511051654816,-2.0261552333831787,0.9697061777114868,6.745392322540283,6.503623008728027,1.9400365352630615,-5.815616130828857
372,-5.2820820808410645,5.586634635925293,-3.291449785232544,0.2932632565498352,-1.895821452140808,0.1698915809392929,-5.552600383758545,5.493986129760742,2.0024709701538086,2.0012505054473877,8.898338317871094,-4.265993118286133,-9.784732818603516,11.972155570983887,-0.21735870838165283,2.936875343322754,7.523294925689697,4.53108024597168,-6.93340539932251,2.5783135890960693,15.644006729125977,15.69749641418457,-0.0024551525712013245,-15.644113540649414,-2.1597414016723633,3.264726161956787,-0.6956631541252136,0.058137401938438416,-0.4152107536792755,0.021815001964569092,-1.335281252861023,1.228288173675537,6.928396701812744,6.519193172454834,1.8114774227142334,-5.362301349639893
373,-4.549571514129639,4.8503522872924805,-3.0999860763549805,0.10396820306777954,-3.8967552185058594,0.04456840828061104,-4.502826690673828,4.496138572692871,2.0530552864074707,2.035303831100464,7.339315414428711,-4.208125114440918,-10.478787422180176,13.982075691223145,-0.47350361943244934,3.7957446575164795,4.332959175109863,3.6195878982543945,-8.625816345214844,4.43289852142334,15.636765480041504,15.696379661560059,-0.015504706650972366,-15.568849563598633,-1.7331316471099854,2.944864273071289,-0.6231945157051086,0.015599295496940613,-0.7606872916221619,0.004523336887359619,-1.2088208198547363,1.0081627368927002,6.7398457527160645,6.611970901489258,1.4498183727264404,-5.322628498077393
374,-3.485274076461792,4.189172744750977,-2.4654831886291504,-0.2933715581893921,-4.025770664215088,-0.5800209045410156,-2.3847928047180176,3.1603527069091797,2.009969472885132,2.0086920261383057,0.838950514793396,-4.206793785095215,-10.759037971496582,15.279603004455566,-0.4032154083251953,4.327191352844238,1.6942389011383057,2.6556808948516846,-9.630331039428711,5.915518760681152,15.675590515136719,15.652923583984375,0.011518793180584908,-15.634007453918457,-1.1481879949569702,2.560373067855835,-0.4777923822402954,-0.06591083109378815,-0.7955012321472168,-0.12728676199913025,-0.5887272357940674,0.7215325236320496,6.601118564605713,6.595452785491943,-0.0792880654335022,-5.288503646850586
375,-1.8771945238113403,3.681408643722534,-2.5695858001708984,-1.0118408203125,-4.830449104309082,-0.5863749384880066,1.1685916185379028,0.9965639710426331,2.0151009559631348,2.0020501613616943,-3.560610055923462,-4.209609031677246,-10.587382316589355,16.097270965576172,-0.5251237154006958,4.2545318603515625,-0.7125281095504761,1.8866013288497925,-4.965042591094971,6.27837610244751,15.647512435913086,15.679369926452637,-15.551009178161621,-15.637743949890137,-0.5030593872070312,2.1454522609710693,-0.5223565697669983,-0.20119406282901764,-1.1115878820419312,-0.11003607511520386,0.3705965280532837,0.15322045981884003,6.344783782958984,6.738320350646973,-5.405549049377441,-5.322481632232666
376,-0.22037427127361298,3.0575876235961914,-2.5017476081848145,-2.0297482013702393,-5.55314302444458,-1.9382367134094238,3.5461182594299316,0.16174329817295074,2.0288829803466797,2.0143115520477295,-4.499755859375,-4.3274078369140625,-9.91654109954834,16.08614158630371,-0.597713828086853,3.172316312789917,0.7620315551757812,1.0283684730529785,-4.249208450317383,6.15170431137085,3.5162878036499023,15.617152214050293,-15.29714584350586,-15.549622535705566,0.030985970050096512,1.5685992240905762,-0.5069078803062439,-0.3959174156188965,-1.48412024974823,-0.42759379744529724,0.6957823038101196,0.0006753988564014435,6.451194763183594,6.912326812744141,-5.847860336303711,-5.626801013946533
377,2.3933768272399902,1.971543788909912,-2.3858401775360107,-0.84099942445755,-6.340472221374512,-3.588850259780884,3.9427549839019775,-1.4546198844909668,8.87990951538086,2.02199125289917,-4.713740825653076,-4.325944423675537,-8.682687759399414,16.10453224182129,-0.2858940660953522,3.3140554428100586,-0.4212478697299957,-0.41675764322280884,-3.470381736755371,4.760705471038818,-0.0002603109460324049,15.616264343261719,-15.191590309143066,-15.574958801269531,0.4580393433570862,0.8036665916442871,-0.4787730574607849,-0.11219356954097748,-1.5267294645309448,-0.8273537158966064,0.7187762260437012,-0.3008137047290802,3.536792516708374,6.377009391784668,-5.820186138153076,-5.505716800689697
378,1.011298656463623,1.8465029001235962,-1.9096460342407227,-1.7471575736999512,-5.109453201293945,-2.0965399742126465,3.3670504093170166,-0.6761124730110168,8.578178405761719,2.0002055168151855,-4.5962018966674805,-4.1308674812316895,-8.442087173461914,15.699567794799805,-0.10815112292766571,3.0672245025634766,-2.2154438495635986,2.068164348602295,-2.742866039276123,3.6741416454315186,-0.00024075357941910625,5.147104263305664,-15.37495231628418,-15.686792373657227,0.11825433373451233,0.8371319770812988,-0.36693501472473145,-0.348177969455719,-1.1740074157714844,-0.3841190040111542,0.5982142686843872,-0.09474276006221771,2.9928460121154785,5.825709819793701,-5.521069526672363,-4.862753391265869
379,3.9848780632019043,0.32574519515037537,-0.7623183131217957,-3.216919183731079,-4.0379157066345215,-6.269385814666748,2.995903253555298,0.16380248963832855,6.198762893676758,8.922025680541992,-4.534092903137207,-3.4631781578063965,-7.643747329711914,15.365113258361816,-0.3226335048675537,1.8363367319107056,-3.67555570602417,2.23241925239563,-2.1783275604248047,2.976760149002075,-0.00025079157785512507,-0.0005418224027380347,-15.352407455444336,-15.510902404785156,0.7578079700469971,0.007594327442348003,-0.10896915942430496,-0.6511638164520264,-0.9377204179763794,-1.5687979459762573,0.5447463393211365,0.06637109816074371,1.3470840454101562,3.6739044189453125,-5.646951675415039,-3.550814151763916
380,3.3253142833709717,-4.276487350463867,2.007687568664551,-3.537294864654541,-3.4178409576416016,-6.168665885925293,3.1178736686706543,0.6425287127494812,-4.168509483337402,8.440589904785156,-4.514036178588867,-2.828070640563965,-6.349237442016602,4.260735034942627,2.238480567932129,2.0549087524414062,-3.0023086071014404,-1.356368064880371,-1.6473824977874756,3.4356534481048584,-6.343896389007568,-3.6247074604034424e-05,-15.670876502990723,0.09632700681686401,0.5383899211883545,-0.9273155927658081,0.548958957195282,-0.680841326713562,-0.8257220983505249,-1.507526159286499,0.597125232219696,0.16529764235019684,-1.4836183786392212,2.7784907817840576,-5.497025489807129,-2.593535900115967
381,5.952295303344727,-1.095396637916565,0.17470170557498932,-4.619552135467529,0.1513708531856537,-2.757730484008789,2.550219774246216,2.714205265045166,-1.826130747795105,3.7549140453338623,-4.299779415130615,9.668363571166992,-3.9286980628967285,2.6369400024414062,2.346473217010498,1.3833059072494507,-0.8089566826820374,-2.9226014614105225,-1.2150079011917114,5.575775146484375,-15.70000171661377,2.9094073397573084e-05,-15.680774688720703,15.586292266845703,1.2817126512527466,-0.103190116584301,-0.037862204015254974,-0.9307848215103149,0.1873963177204132,-0.4877294600009918,0.47012782096862793,0.7391300797462463,-6.391376972198486,0.592056393623352,-5.656132698059082,10.024359703063965
382,3.0228989124298096,1.801561951637268,1.4543557167053223,-2.8341870307922363,-0.40211060643196106,1.4471585750579834,4.917093753814697,3.1021318435668945,-1.9753271341323853,-3.887389898300171,-4.294295310974121,3.972019672393799,-4.1112823486328125,0.8780267238616943,1.0415493249893188,0.4993760585784912,-1.9903273582458496,1.9589511156082153,0.16636313498020172,6.280895233154297,-15.700019836425781,-15.63469123840332,-15.656244277954102,15.689757347106934,0.4774702191352844,0.5285084247589111,0.38076239824295044,-0.47328221797943115,-0.105460025370121,0.4675244092941284,1.0804448127746582,0.8156518340110779,-7.436678409576416,-6.295536994934082,-5.672058582305908,4.971625804901123
383,3.7259960174560547,-1.0227452516555786,4.396824359893799,-2.6703999042510986,-0.4012296497821808,-1.9575923681259155,2.28808331489563,1.743229627609253,-2.0294301509857178,-1.9307161569595337,-4.188431739807129,4.187694072723389,-3.2774245738983154,0.3516113758087158,2.286337375640869,-0.25173959136009216,-3.0486884117126465,0.6855666637420654,0.7865160703659058,5.458535671234131,-15.621098518371582,-15.613329887390137,-15.599355697631836,15.772418975830078,0.7145671248435974,-0.31961607933044434,1.0511937141418457,-0.5359426736831665,-0.08850432187318802,-0.511588454246521,0.3703310489654541,0.36953452229499817,-7.625943183898926,-7.1371870040893555,-5.233436107635498,5.3857951164245605
384,4.1739068031311035,-1.7032599449157715,3.0391736030578613,-1.7071936130523682,1.8385401964187622,1.3979308605194092,0.302104651927948,0.5844928026199341,-2.003016233444214,-2.021606683731079,-3.918231725692749,4.08901834487915,-1.582539439201355,0.3160323202610016,3.7204253673553467,-0.08544064313173294,-3.3666951656341553,0.3693925142288208,0.14639589190483093,3.9205703735351562,-15.683943748474121,-15.7000093460083,-15.66456413269043,15.691750526428223,0.8505088090896606,-0.36687207221984863,0.6335699558258057,-0.30803412199020386,0.41905486583709717,0.4158354699611664,-0.015404567122459412,0.08198504149913788,-7.3698930740356445,-6.984243869781494,-4.642451286315918,5.113979816436768
385,4.395854473114014,-3.161632776260376,2.5586962699890137,-1.281623125076294,1.8223316669464111,1.825421929359436,-0.43426525592803955,-0.3018152415752411,-2.0035767555236816,-2.037355661392212,-3.1408259868621826,4.10380220413208,0.4875609874725342,-0.23536652326583862,4.752635955810547,0.25476527214050293,-3.822650194168091,0.12064218521118164,-1.3179017305374146,2.0190353393554688,-15.700002670288086,-15.682127952575684,-15.69837760925293,15.667616844177246,0.9569291472434998,-0.7175542116165161,0.5846373438835144,-0.23881913721561432,0.32835590839385986,0.3897600769996643,-0.11685551702976227,-0.09174512326717377,-7.336620330810547,-6.8616108894348145,-3.1353750228881836,5.099860668182373
386,5.05940580368042,-4.47939920425415,1.9504859447479248,-1.4870593547821045,2.8939292430877686,3.213698148727417,0.68511563539505,-1.4884198904037476,-2.012094736099243,-2.002424716949463,-2.3162331581115723,4.274363994598389,1.1905230283737183,-1.477277398109436,4.649902820587158,-0.4809079170227051,-3.6213133335113525,0.6896007061004639,-1.3313161134719849,0.628508448600769,-15.648966789245605,-15.646406173706055,-15.601593971252441,15.716462135314941,1.2020095586776733,-1.0675203800201416,0.4344703257083893,-0.30618345737457275,0.568805456161499,0.7445206642150879,0.17317675054073334,-0.3274879455566406,-7.138709545135498,-6.836895942687988,-2.041874885559082,5.062562465667725
387,6.0064616203308105,-4.944005966186523,2.057100772857666,-2.228614091873169,2.8018958568573,2.6637673377990723,2.976517915725708,-2.6810061931610107,-2.0068440437316895,-2.011272430419922,-5.487567901611328,4.056450843811035,3.3312413692474365,-3.6285250186920166,3.99575138092041,-1.3884038925170898,-3.6730971336364746,0.9578418731689453,1.1351850032806396,-1.4906476736068726,-15.658915519714355,-15.683561325073242,-0.007529322057962418,15.615964889526367,1.7119554281234741,-1.2888134717941284,0.47651880979537964,-0.49364662170410156,0.5101541876792908,0.5430552959442139,0.684550940990448,-0.5967445969581604,-6.822056293487549,-6.642889976501465,-0.9216467142105103,4.866977214813232
388,5.917914390563965,-5.8919453620910645,0.9935041069984436,-2.2477059364318848,1.0251268148422241,2.977949857711792,4.84698486328125,-1.4425522089004517,-2.023576259613037,-2.020601749420166,7.874007225036621,4.170929908752441,5.48112678527832,-6.632292747497559,2.550124168395996,-2.6360065937042236,-4.618776798248291,1.37004554271698,5.6654863357543945,-2.764427900314331,-15.686300277709961,-15.669411659240723,15.681417465209961,15.604012489318848,1.8318276405334473,-2.07405161857605,0.17508739233016968,-0.48860836029052734,0.11944281309843063,0.6594679355621338,1.2197182178497314,-0.2676328420639038,-6.62937068939209,-6.390052795410156,6.671279430389404,5.4206461906433105
389,5.859833240509033,-3.8312766551971436,-1.8337692022323608,-1.945692539215088,0.12413164973258972,-2.059570789337158,4.922741889953613,-2.2339766025543213,-2.051191568374634,-2.0268959999084473,3.980034589767456,4.288306713104248,7.765731334686279,-9.21438217163086,0.06867554783821106,-3.6436305046081543,-6.095572471618652,-0.5731792449951172,8.070883750915527,-4.114552974700928,-15.679059982299805,-15.669252395629883,15.684776306152344,15.642376899719238,2.1788525581359863,-1.0790066719055176,-0.4620296359062195,-0.42670249938964844,-0.009280994534492493,-0.6211898326873779,1.351262092590332,-0.544771134853363,-5.84572696685791,-6.208502769470215,5.0073089599609375,5.528357028961182
390,5.442758083343506,-4.497464179992676,-2.7925946712493896,-0.45748355984687805,-2.7517733573913574,-2.426379919052124,4.937874794006348,-2.9079251289367676,-2.01935076713562,-2.0103869438171387,4.1917901039123535,4.417356014251709,10.137898445129395,-12.047333717346191,-2.8208749294281006,-4.18370246887207,-9.29228687286377,-3.3156001567840576,9.487844467163086,-5.5367207527160645,-15.691445350646973,-15.691484451293945,15.692541122436523,15.596199989318848,2.2906973361968994,-1.9871373176574707,-0.6352167725563049,-0.04255680739879608,-0.9609664678573608,-0.5574682950973511,1.4691622257232666,-0.7351658940315247,-5.345312595367432,-5.721237659454346,5.509840488433838,5.92030668258667
391,4.958219528198242,-4.170043468475342,-1.5091233253479004,0.9988459944725037,-2.8161423206329346,-3.391094923019409,4.874859809875488,-3.0503087043762207,-2.204667568206787,-2.0061323642730713,4.2208099365234375,4.536004543304443,12.544342041015625,-14.303206443786621,-4.411323547363281,-3.969691038131714,-12.295482635498047,-6.547736644744873,10.071237564086914,-6.9082865715026855,-14.555291175842285,-15.671736717224121,15.716824531555176,15.714298248291016,2.4449830055236816,-2.1227030754089355,-0.2990519404411316,0.22940360009670258,-0.9983054399490356,-0.9415785074234009,1.508968472480774,-0.791715145111084,-4.783649921417236,-5.241412162780762,5.508843421936035,6.490873336791992
392,4.3823323249816895,-3.816215753555298,-0.07626812905073166,1.5668643712997437,-1.5408231019973755,-3.2695837020874023,3.7564406394958496,-3.44630765914917,-2.7485532760620117,-1.9781166315078735,4.228662014007568,4.5231781005859375,14.041251182556152,-15.778176307678223,-4.682108402252197,-3.404529094696045,-12.24996566772461,-9.445899963378906,9.58918285369873,-8.251559257507324,-12.17378044128418,-15.459883689880371,15.72360897064209,15.714834213256836,2.327590227127075,-2.2333853244781494,0.044164784252643585,0.29899102449417114,-0.47201910614967346,-0.9963341951370239,1.0742406845092773,-0.96258944272995,-3.716888427734375,-4.502071380615234,5.480854511260986,6.276256084442139
393,3.4984130859375,-3.6876063346862793,0.21470391750335693,1.7686190605163574,1.1350181102752686,-2.2636091709136963,2.5286121368408203,-3.818228006362915,-7.69910192489624,-2.1961562633514404,4.201133728027344,19.882863998413086,16.657142639160156,-15.733905792236328,-4.136074542999268,-2.813682794570923,-9.808740615844727,-11.027950286865234,8.367938041687012,-5.069790363311768,0.00012531116954050958,-14.391362190246582,15.521139144897461,0.04909348487854004,2.1118345260620117,-2.060575008392334,0.048340924084186554,0.3311406970024109,0.2998572289943695,-0.6929831504821777,0.6427585482597351,-0.8953974843025208,-2.07907772064209,-2.853959798812866,5.44775390625,5.508068561553955
394,2.627286195755005,-3.6943345069885254,-2.9970133304595947,2.1428756713867188,7.127475738525391,0.6958046555519104,-2.0928051471710205,-1.331451416015625,5.003372669219971,-7.303686618804932,4.07348108291626,14.41775131225586,16.711605072021484,-16.62273597717285,-4.716317176818848,-1.862349271774292,-1.8224396705627441,-9.487455368041992,5.605561256408691,-5.584619998931885,8.336884498596191,0.00014769489644095302,15.464946746826172,0.03963445872068405,1.3117562532424927,-2.2026031017303467,-0.8409135937690735,0.41604650020599365,1.8213527202606201,0.2587161064147949,-0.5422928929328918,-0.2177153080701828,2.860710620880127,-1.8699861764907837,5.126423358917236,3.0798447132110596
395,2.1914680004119873,-2.985785484313965,2.1300876140594482,-1.0649064779281616,7.459953784942627,3.6627087593078613,-4.343881130218506,-0.7661755084991455,2.9713897705078125,4.1920695304870605,4.043861389160156,14.934178352355957,15.479681015014648,-17.170928955078125,-3.7313344478607178,-1.6855602264404297,5.917228698730469,-5.374362945556641,2.2262461185455322,-5.9494476318359375,15.226832389831543,6.426648139953613,15.501317024230957,0.032012924551963806,1.0332087278366089,-1.6276215314865112,0.579889714717865,-0.3442307710647583,2.97172474861145,0.7111610174179077,-0.8646595478057861,-0.16392956674098969,6.930539131164551,1.782275915145874,4.881743431091309,3.548351526260376
396,-3.469958782196045,-1.5683115720748901,0.8120017647743225,2.8290858268737793,5.7610182762146,6.538727760314941,-2.8900227546691895,-1.7242716550827026,2.054335117340088,3.5177736282348633,4.142727851867676,12.452932357788086,8.929281234741211,-16.853933334350586,-0.9271506667137146,-1.1610597372055054,11.112326622009277,1.4390928745269775,0.379023939371109,-6.4947028160095215,15.341209411621094,14.830276489257812,15.147188186645508,0.0035896971821784973,-0.8072099685668945,-0.6064654588699341,0.10378874093294144,0.6973580121994019,2.5745530128479004,1.723260760307312,-0.520562469959259,-0.4829607307910919,6.52334451675415,5.315980434417725,5.017485618591309,2.652224063873291
397,-5.237569808959961,5.715265274047852,-1.5989381074905396,0.39968740940093994,4.617990970611572,4.143192768096924,-3.503753662109375,-0.9237062931060791,2.129652500152588,2.0031960010528564,4.375152587890625,7.516448020935059,2.543469190597534,-10.785883903503418,-0.38911837339401245,-0.6863120794296265,13.644259452819824,6.014403343200684,-1.6577948331832886,-6.985201835632324,15.59228801727295,15.662786483764648,15.41474723815918,-0.010090185329318047,-1.0680015087127686,1.202206015586853,-0.4182509183883667,-0.011392727494239807,2.419721841812134,0.9845141172409058,-0.7554234862327576,-0.20138254761695862,6.78731107711792,5.265750885009766,5.398982048034668,1.3474690914154053
398,-6.2381367683410645,8.21174430847168,-2.6946661472320557,0.6767327189445496,3.8266983032226562,1.85505211353302,-4.735843658447266,3.6239707469940186,2.032733201980591,2.0270488262176514,4.112357139587402,-3.4900102615356445,-2.8355751037597656,-3.4086596965789795,-0.15958814322948456,-0.7456273436546326,14.048903465270996,7.736894130706787,-3.7918930053710938,-1.4815558195114136,15.680802345275879,15.681563377380371,15.431405067443848,-15.679107666015625,-1.6920149326324463,1.9392014741897583,-0.5878197550773621,0.1415989100933075,1.8563586473464966,0.40576568245887756,-1.1243261098861694,0.8692763447761536,6.786223888397217,5.803025245666504,4.678554534912109,-6.318676471710205
399,-5.803469181060791,7.826903343200684,-3.7804250717163086,1.4203410148620605,3.4894211292266846,0.1404230296611786,-5.2035231590271,3.6948001384735107,2.0060243606567383,1.9982950687408447,4.106760501861572,-4.324897766113281,-6.30607271194458,2.6498990058898926,-0.030033156275749207,0.09571994096040726,13.240478515625,7.055324554443359,-5.812922954559326,-0.7175242900848389,15.7000093460083,15.699734687805176,15.129478454589844,-15.689055442810059,-1.8428869247436523,2.4321722984313965,-0.8065453171730042,0.30913108587265015,1.5257349014282227,-0.048302799463272095,-1.310238003730774,0.724040687084198,6.8761210441589355,5.959427356719971,4.3663787841796875,-6.376547336578369
400,-5.337662220001221,6.860426902770996,-3.3906922340393066,0.7148000597953796,2.466801404953003,0.14274737238883972,-6.988585472106934,4.295499324798584,2.0098350048065186,2.0004923343658447,15.743995666503906,-4.416850566864014,-8.1489896774292,7.5706682205200195,-0.22212544083595276,1.120326042175293,11.72376537322998,5.982888221740723,-3.5379538536071777,0.3661629557609558,15.70002555847168,15.699507713317871,0.002797279506921768,-15.621347427368164,-1.9170116186141968,2.7800915241241455,-0.6673054099082947,0.11915741860866547,0.808643102645874,0.03632041811943054,-1.622949242591858,0.891205906867981,6.995788097381592,6.236912727355957,3.6912405490875244,-6.104346752166748
401,-5.417477130889893,6.117276191711426,-3.3704612255096436,-0.028901662677526474,0.12009990960359573,-0.8334174156188965,-5.438133716583252,6.087185382843018,2.034154176712036,2.0248963832855225,11.496886253356934,-4.169334888458252,-9.714398384094238,10.740213394165039,-0.19118110835552216,1.6247614622116089,9.323455810546875,4.43166971206665,-5.5061492919921875,2.3612656593322754,15.655900001525879,15.693842887878418,0.03850018233060837,-15.624014854431152,-2.3942813873291016,3.6414690017700195,-0.6787108182907104,-0.03421802818775177,-0.1168377473950386,-0.17640358209609985,-1.2670907974243164,1.3931610584259033,7.08159875869751,6.520045757293701,2.31396484375,-5.349127292633057
402,-4.726707935333252,5.244403839111328,-3.415908098220825,0.1414722055196762,-3.4838650226593018,-0.21678924560546875,-5.031618595123291,4.384984016418457,2.045315980911255,2.0172085762023926,9.273011207580566,-4.235974311828613,-10.550088882446289,12.9918794631958,-0.20050030946731567,2.3136775493621826,5.873649597167969,3.3703763484954834,-7.330644607543945,4.098419666290283,15.629898071289062,15.628341674804688,-0.0037976279854774475,-15.674373626708984,-1.8749643564224243,3.105374336242676,-0.6975968480110168,0.036852046847343445,-0.7009639143943787,-0.018694818019866943,-1.3100042343139648,0.9421338438987732,6.7945556640625,6.644001483917236,1.8586153984069824,-5.350220203399658
403,-3.8089916706085205,4.556098937988281,-3.005697727203369,-0.0144345136359334,-3.7961859703063965,-0.5845552682876587,-3.3544845581054688,3.328439712524414,2.0225820541381836,2.017850160598755,6.021548271179199,-4.265463352203369,-11.051600456237793,14.445581436157227,-0.4326193034648895,2.846780776977539,2.9106574058532715,2.434033155441284,-8.648747444152832,5.569556713104248,15.677862167358398,15.669346809387207,0.006250505335628986,-15.646870613098145,-1.3451217412948608,2.740196704864502,-0.597775399684906,-0.00889904797077179,-0.7189902067184448,-0.11976978182792664,-0.8544681668281555,0.7643950581550598,6.738271236419678,6.584024429321289,1.1005961894989014,-5.290506362915039
404,-2.291513442993164,4.002227306365967,-2.529329538345337,-0.07424815744161606,-4.023779392242432,-1.3158622980117798,-0.061043139547109604,1.3650286197662354,2.0359137058258057,2.0287375450134277,-2.9582746028900146,-4.202551364898682,-10.978893280029297,15.408963203430176,-0.3784768879413605,3.257369041442871,0.45622503757476807,1.4211769104003906,-4.317245006561279,6.176095962524414,15.689688682556152,15.683319091796875,-15.696619987487793,-15.618987083435059,-0.6691612601280212,2.2748892307281494,-0.494548499584198,-0.01562739908695221,-0.8346430063247681,-0.2759838402271271,0.1574169546365738,0.2543764114379883,6.478991985321045,6.541131019592285,-4.207215309143066,-5.2107625007629395
405,-0.4649348855018616,3.3616042137145996,-2.689770460128784,-1.8384038209915161,-6.086544513702393,-1.1933660507202148,2.99422550201416,0.10450022667646408,2.0300118923187256,2.0030741691589355,-4.359940052032471,-4.352220058441162,-10.494837760925293,15.84878921508789,-0.341897189617157,2.6275017261505127,-2.1681978702545166,0.7619021534919739,-3.9554264545440674,5.992302417755127,15.663886070251465,15.698600769042969,-15.377019882202148,-15.608663558959961,-0.03430303558707237,1.7331260442733765,-0.5516650080680847,-0.39758384227752686,-1.715314269065857,-0.22846746444702148,0.6310723423957825,-0.033578019589185715,6.508301258087158,6.824628829956055,-5.812195777893066,-5.566924571990967
406,0.8850330114364624,2.534976005554199,-2.5929558277130127,-1.4194574356079102,-5.2098493576049805,-2.653639078140259,3.178743600845337,-0.8004958033561707,2.0099456310272217,2.016798973083496,-4.682066917419434,-4.32188606262207,-8.802360534667969,16.127992630004883,-0.062486086040735245,2.4344489574432373,0.381420373916626,-0.24102230370044708,-3.4074935913085938,5.040847301483154,-0.0006041526794433594,15.626270294189453,-15.296452522277832,-15.641080856323242,0.18646684288978577,1.1537307500839233,-0.5191647410392761,-0.24853761494159698,-1.3570266962051392,-0.6036337614059448,0.576673150062561,-0.1660085767507553,6.311827659606934,6.686256408691406,-5.845779895782471,-5.595390796661377
407,3.4068257808685303,1.299710750579834,-2.5241007804870605,-1.3599536418914795,-6.118344783782959,-3.9654831886291504,3.9950742721557617,-1.2160290479660034,4.380363464355469,2.0140116214752197,-4.62615966796875,-4.103529930114746,-7.9757819175720215,15.390739440917969,0.26268598437309265,2.1431972980499268,-1.7215733528137207,1.7589308023452759,-2.398406982421875,3.806973934173584,-0.00016073862207122147,4.918656349182129,-15.55431079864502,-15.685467720031738,0.6315475106239319,0.4588029980659485,-0.5044276118278503,-0.25277048349380493,-1.5530050992965698,-0.9481813907623291,0.7660439610481262,-0.22696880996227264,0.7284671068191528,5.738004684448242,-5.679915904998779,-4.8236284255981445
408,3.6136810779571533,-0.9218870997428894,-0.9691725969314575,-2.9727282524108887,-4.85850191116333,-5.932768821716309,2.7263216972351074,-0.3091288208961487,-2.8704400062561035,8.892539978027344,-4.565436363220215,-3.6348764896392822,-7.023197650909424,14.815619468688965,0.012095900252461433,1.1107394695281982,-2.722196102142334,1.7889090776443481,-2.0058298110961914,2.7061126232147217,-2.8957014083862305,-0.0002588704228401184,-15.501222610473633,-15.651565551757812,0.6103963851928711,-0.25265175104141235,-0.13495182991027832,-0.6254233717918396,-1.1659330129623413,-1.3505375385284424,0.4685085415840149,-0.026365797966718674,-0.9198155403137207,3.5715973377227783,-5.608684539794922,-3.7658073902130127
409,5.855147361755371,-7.822196006774902,1.8103913068771362,-3.785411834716797,-3.790417194366455,-6.713990688323975,3.1067581176757812,0.48684415221214294,-3.0247106552124023,8.130167007446289,-4.265148162841797,-2.8606321811676025,-5.052495002746582,5.834319114685059,1.5176831483840942,0.22491225600242615,-0.2606140673160553,-1.2745726108551025,-1.005624532699585,3.18257474899292,-15.551355361938477,-0.0008166068000718951,-14.798107147216797,-15.604825019836426,1.1966944932937622,-1.532723307609558,0.46835991740226746,-0.788707971572876,-0.7569286227226257,-1.7200169563293457,0.606157124042511,0.13705851137638092,-6.3224616050720215,2.43204665184021,-5.584469795227051,-2.7683143615722656
410,4.920790672302246,0.3663744628429413,0.2140585482120514,-5.9702630043029785,0.17335514724254608,-2.888803005218506,2.3032336235046387,-1.9881395101547241,-1.9721697568893433,3.274712085723877,-4.450003623962402,-11.795063018798828,-3.3163018226623535,4.150768756866455,2.0539751052856445,-1.4051227569580078,-1.2676410675048828,-3.0146164894104004,-0.8923036456108093,1.1818021535873413,-15.691276550292969,-1.144828274846077e-05,-15.53713321685791,0.012068592011928558,0.9075323343276978,0.3129609525203705,-0.014708198606967926,-1.3191548585891724,0.18793949484825134,-0.507598876953125,0.41980957984924316,-0.4624697268009186,-6.6492791175842285,0.4805833399295807,-5.602500915527344,-2.5292575359344482
411,3.8206918239593506,-2.660278558731079,2.164996385574341,-2.999544382095337,0.7027758955955505,-0.9858306646347046,1.2147032022476196,2.2298362255096436,-1.9991772174835205,-4.156831741333008,-4.083731174468994,-0.5794318318367004,-1.2210813760757446,2.9192726612091064,3.33735728263855,-2.0198962688446045,-1.9545868635177612,1.0660945177078247,-1.3223507404327393,2.6944966316223145,-15.699524879455566,-15.65402889251709,-15.651195526123047,0.001661157002672553,0.7156863808631897,-0.6032331585884094,0.5583766102790833,-0.5339549779891968,0.15279945731163025,-0.12186697125434875,0.1947626918554306,0.6365256905555725,-7.71115255355835,-5.965694904327393,-4.941694736480713,0.31147098541259766
412,3.0061745643615723,-3.0036869049072266,1.5340791940689087,-0.29183393716812134,-0.0330948680639267,1.9227927923202515,1.055788278579712,1.9786111116409302,-2.0035133361816406,-2.0040175914764404,-4.119620323181152,6.1666646003723145,-2.023268222808838,0.8150678873062134,1.485023021697998,-1.6549434661865234,-3.1398041248321533,0.7828423380851746,-2.035335063934326,4.175800800323486,-15.700020790100098,-15.501200675964355,-15.69562816619873,15.699089050292969,0.5429878830909729,-0.6275734305381775,0.2932867109775543,0.046925053000450134,-0.03407614678144455,0.5207849740982056,0.1916809231042862,0.4457192122936249,-7.300753116607666,-7.650867462158203,-5.090909004211426,8.213589668273926
413,2.797821521759033,-1.9240748882293701,3.254136800765991,-0.3973994553089142,0.8582497239112854,0.15195417404174805,2.2893314361572266,1.5861096382141113,-2.003970146179199,-1.9922360181808472,-3.8922061920166016,4.0405168533325195,-1.0423115491867065,0.07112289220094681,2.253174304962158,-0.9014323949813843,-3.8807218074798584,0.09973295778036118,-1.7203212976455688,3.875582456588745,-15.700014114379883,-15.561094284057617,-15.697286605834961,15.656036376953125,0.5431264638900757,-0.34917497634887695,0.7688418030738831,-0.08705897629261017,0.18501144647598267,-0.03820103406906128,0.47584837675094604,0.35208413004875183,-7.09414529800415,-6.755873680114746,-4.5699567794799805,4.975546360015869
414,2.864290714263916,-2.8299448490142822,2.923314332962036,-0.04715203493833542,0.9803375601768494,2.146646022796631,0.16066882014274597,1.0082627534866333,-2.0062646865844727,-2.0159947872161865,-3.3102338314056396,4.0729498863220215,0.39593222737312317,-0.5931355953216553,3.36065411567688,0.13803209364414215,-4.660723686218262,-0.07101047039031982,-2.6738479137420654,2.982816696166992,-15.70002269744873,-15.604564666748047,-15.696273803710938,15.643561363220215,0.5917794704437256,-0.6342527866363525,0.6394774317741394,0.0044392794370651245,0.1757875382900238,0.5182272791862488,-0.04613505303859711,0.2016555219888687,-7.066843509674072,-6.8074822425842285,-3.4264228343963623,5.121281623840332
415,3.6620376110076904,-3.545158863067627,2.4761528968811035,-0.3058098256587982,2.472130060195923,2.6863315105438232,0.737415075302124,0.02816801145672798,-2.0053458213806152,-2.0409975051879883,-2.468924045562744,4.078403949737549,0.8582773804664612,-0.985438346862793,3.742626428604126,0.6393910050392151,-4.627209186553955,0.305584192276001,-2.7638914585113525,2.1416525840759277,-15.67526912689209,-15.700011253356934,-15.636919021606445,15.38677978515625,0.8579775094985962,-0.8225864171981812,0.5508918762207031,-0.06996174156665802,0.48521536588668823,0.5739519596099854,0.15370510518550873,-0.0361928753554821,-6.853418827056885,-6.699311256408691,-2.2633883953094482,5.044144153594971
416,5.061020374298096,-4.5168375968933105,2.7102620601654053,-1.6011353731155396,2.516545057296753,2.3765439987182617,2.5018298625946045,-1.425371527671814,-2.020094633102417,-2.0210697650909424,-7.137907028198242,3.9771928787231445,2.429226875305176,-3.0380685329437256,3.6601603031158447,-0.1279541403055191,-4.553312301635742,0.3671182692050934,-0.6134536266326904,0.3565574586391449,-15.677667617797852,-15.675070762634277,-0.019263772293925285,15.64259147644043,1.3139889240264893,-1.136353850364685,0.6251459717750549,-0.36715370416641235,0.4476735591888428,0.48101165890693665,0.5412370562553406,-0.3271203637123108,-6.508669376373291,-6.548501014709473,-1.3009943962097168,4.8998870849609375
417,5.4632368087768555,-5.644808769226074,1.9382193088531494,-1.875196933746338,1.6566296815872192,3.702617645263672,5.1375203132629395,-0.6072396039962769,-2.023604154586792,-2.02992582321167,7.798992156982422,4.17159366607666,4.290391445159912,-5.622241973876953,3.067142963409424,-1.1348425149917603,-4.968214511871338,1.0640559196472168,4.134884357452393,-0.8053852915763855,-15.677051544189453,-15.646127700805664,14.002753257751465,15.6407470703125,1.5391241312026978,-1.8009997606277466,0.40588831901550293,-0.39655327796936035,0.2590334117412567,0.8679403066635132,1.2320728302001953,-0.09397248923778534,-6.166327476501465,-6.266430854797363,3.445009469985962,5.378811359405518
418,5.8881988525390625,-3.5553977489471436,-1.7837470769882202,-1.7872570753097534,-0.4418359398841858,-1.1545177698135376,5.191833972930908,-1.7783606052398682,-2.0399248600006104,-2.0077195167541504,3.6905152797698975,4.240056991577148,6.456442832946777,-8.002817153930664,0.4055829644203186,-2.266857624053955,-6.803056240081787,-0.37601736187934875,7.496015548706055,-2.3175675868988037,-15.698809623718262,-15.68359088897705,15.683305740356445,15.59422779083252,1.9975992441177368,-0.920704185962677,-0.4868137836456299,-0.37969207763671875,-0.186039000749588,-0.42114874720573425,1.379065990447998,-0.4250730574131012,-5.360015392303467,-6.161656856536865,4.8022613525390625,5.474236965179443
419,5.681692600250244,-4.530746936798096,-2.9261443614959717,-0.6741759777069092,-2.7602386474609375,-1.349185824394226,5.045560836791992,-2.3960049152374268,-2.0215814113616943,-2.011049747467041,4.098153114318848,4.428995609283447,8.9371919631958,-10.752973556518555,-2.6909279823303223,-2.96962308883667,-10.166208267211914,-2.521570920944214,9.30449390411377,-3.9012951850891113,-15.602912902832031,-15.663321495056152,15.691450119018555,15.582666397094727,2.2501354217529297,-1.8140442371368408,-0.6657385230064392,-0.10363166034221649,-0.9758700132369995,-0.2971844971179962,1.474446177482605,-0.5683584213256836,-4.832438945770264,-5.781294822692871,5.283245086669922,5.801287651062012
420,5.256383895874023,-4.281847953796387,-1.969124674797058,0.5546516180038452,-2.844964027404785,-2.89280104637146,5.047694206237793,-2.6686131954193115,-2.26106858253479,-1.9969213008880615,4.11205530166626,4.5783185958862305,11.556510925292969,-13.151421546936035,-4.7317657470703125,-2.983445644378662,-13.176403999328613,-5.488786697387695,10.143871307373047,-5.414483547210693,-14.303345680236816,-15.670736312866211,15.723068237304688,15.64848518371582,2.471498489379883,-1.9472787380218506,-0.4218657612800598,0.14820994436740875,-1.0737013816833496,-0.7833621501922607,1.5737659931182861,-0.6542218327522278,-4.266481399536133,-5.417685508728027,5.227889060974121,6.461424350738525
421,4.399411678314209,-4.034965991973877,-0.25930142402648926,1.450587272644043,-1.686874270439148,-3.0543622970581055,3.820498466491699,-3.0672943592071533,-8.771493911743164,-1.9869242906570435,4.183387756347656,4.569965362548828,15.75709342956543,-13.84192943572998,-4.7891011238098145,-1.5572749376296997,-13.950404167175293,-8.685712814331055,9.481358528137207,-7.069643020629883,0.00013073539594188333,-15.527875900268555,15.603045463562012,15.202906608581543,2.396543264389038,-2.2033631801605225,0.011917956173419952,0.2977710962295532,-0.5662708282470703,-0.8785032033920288,1.100343942642212,-0.8031683564186096,-3.3070549964904785,-4.8411030769348145,5.230076789855957,6.671403408050537
422,3.5343406200408936,-3.9615132808685303,-2.4745967388153076,1.0238639116287231,4.94370698928833,-0.3320595622062683,2.15061092376709,-2.004141330718994,3.2391157150268555,-2.047400951385498,4.242292881011963,4.461064338684082,16.592620849609375,-14.785506248474121,-5.48904275894165,-1.0794833898544312,-7.680185794830322,-8.85748291015625,8.281566619873047,-8.032289505004883,5.560583114624023,-15.184066772460938,15.67359733581543,15.65747356414795,2.1186137199401855,-2.176331043243408,-0.7016721367835999,0.18285547196865082,1.0913976430892944,0.038256436586380005,0.5116225481033325,-0.49486657977104187,1.365630865097046,-3.2098629474639893,5.602694034576416,6.132753849029541
423,3.0407397747039795,-3.766390323638916,-0.9151806831359863,0.47990983724594116,7.748152256011963,1.3856110572814941,0.8657036423683167,-2.527974843978882,3.657029867172241,-7.447070121765137,4.198732852935791,4.244141578674316,16.32326889038086,-16.554157257080078,-2.378718614578247,-0.8213022947311401,0.32164692878723145,-7.150872230529785,7.016836643218994,-8.86726188659668,15.083535194396973,0.00019445236830506474,13.673887252807617,15.618289947509766,1.8167312145233154,-2.145514726638794,-0.15338385105133057,0.07355996966362,2.1223652362823486,0.28073954582214355,0.15691818296909332,-0.7452004551887512,5.59593391418457,-1.9337389469146729,5.374804496765137,5.316055774688721
424,2.653791904449463,-2.416638135910034,0.5617870092391968,0.0406341552734375,7.350381851196289,3.6839921474456787,-2.348686456680298,-1.5991634130477905,2.0020203590393066,4.471148490905762,4.371578693389893,18.4471378326416,14.502166748046875,-17.024024963378906,-0.3187177777290344,-1.131861686706543,6.6839752197265625,-3.72892165184021,4.23345422744751,-4.901323318481445,15.60287094116211,6.619136810302734,15.617228507995605,0.0420614629983902,1.1144495010375977,-1.1937131881713867,0.1718396544456482,-0.008532226085662842,3.3418502807617188,0.7339349985122681,-0.5176903605461121,-0.31426647305488586,6.882920265197754,1.9442718029022217,5.471410274505615,4.897378444671631
425,-4.518035411834717,-1.2140204906463623,-0.0009364227880723774,3.200474977493286,5.667025566101074,5.856606483459473,-3.6181962490081787,-1.6450563669204712,2.0724587440490723,3.4804165363311768,4.257571697235107,12.712041854858398,8.01739501953125,-16.06682014465332,-0.10198281705379486,-0.12772537767887115,11.37047004699707,2.269110679626465,1.536584496498108,-5.463551998138428,15.434913635253906,14.952475547790527,15.590655326843262,0.026850540190935135,-1.0817641019821167,-0.4430379867553711,-0.020878218114376068,0.7508170008659363,2.5414516925811768,1.5154657363891602,-0.7162125706672668,-0.40205541253089905,6.359655857086182,5.600071907043457,5.111974716186523,2.54915714263916
426,-4.996840476989746,6.0782318115234375,-1.749818205833435,-0.2375403195619583,4.592634677886963,3.3146347999572754,-3.1646549701690674,-1.6406725645065308,2.0427722930908203,1.987844467163086,4.406238079071045,8.34598159790039,1.7339873313903809,-10.293401718139648,0.07663903385400772,0.08152255415916443,13.416181564331055,5.908820629119873,-0.4686044156551361,-6.105829238891602,15.660040855407715,15.676506042480469,15.56700611114502,0.007841475307941437,-0.9995498657226562,1.267439365386963,-0.41817593574523926,-0.17596594989299774,2.3787641525268555,0.7417900562286377,-0.6190623641014099,-0.408471018075943,6.673905849456787,5.413559436798096,5.517928600311279,1.5575684309005737
427,-6.227745056152344,8.457707405090332,-2.493906259536743,0.17884480953216553,3.806835889816284,1.3279919624328613,-4.9530744552612305,2.751262903213501,2.0095481872558594,2.009612560272217,4.078658580780029,-3.461606979370117,-3.3928394317626953,-3.1392598152160645,0.21057480573654175,-0.25463631749153137,13.667698860168457,7.022008895874023,-2.707469940185547,-0.951545774936676,15.70001220703125,15.699882507324219,15.430004119873047,-15.695571899414062,-1.766552448272705,2.08247447013855,-0.5261715650558472,0.05117373168468475,1.7544277906417847,0.261520117521286,-1.1482141017913818,0.7141333222389221,6.72594690322876,6.041733264923096,4.743929862976074,-6.283920764923096
428,-5.707942962646484,7.836063861846924,-3.828589916229248,1.2424180507659912,3.371565580368042,-0.22138066589832306,-5.703660488128662,3.1182925701141357,2.0040042400360107,2.0002527236938477,4.033120632171631,-4.333832740783691,-6.708532810211182,2.615800380706787,0.06253281235694885,0.31769442558288574,12.789885520935059,6.131535530090332,-5.0296759605407715,-0.42258164286613464,15.7000093460083,15.699743270874023,15.222819328308105,-15.694621086120605,-1.8363145589828491,2.4293036460876465,-0.8213359713554382,0.2893834114074707,1.3817639350891113,-0.10840678215026855,-1.4019502401351929,0.6280628442764282,6.9262166023254395,6.096447467803955,4.26918888092041,-6.4197468757629395
429,-5.270293235778809,6.8620829582214355,-3.4418370723724365,0.7014808058738708,2.1575803756713867,-0.1266920119524002,-6.964034557342529,3.7677979469299316,2.004304885864258,2.001925468444824,11.534201622009277,-4.355068683624268,-8.549186706542969,7.140397071838379,0.03169862926006317,0.9100638031959534,11.161325454711914,5.006583213806152,-2.7896194458007812,0.4502832293510437,15.700017929077148,15.699642181396484,0.016744963824748993,-15.656858444213867,-1.9211012125015259,2.706183910369873,-0.6683074235916138,0.12288309633731842,0.6479904651641846,-0.01857641339302063,-1.6699426174163818,0.786781907081604,7.01747465133667,6.3420491218566895,3.6449835300445557,-6.1654953956604
430,-5.341463088989258,6.075484275817871,-3.2768242359161377,0.29590022563934326,-0.800032377243042,-0.6558322310447693,-6.481258869171143,5.110766887664795,2.0042059421539307,2.012702226638794,10.404616355895996,-4.269277095794678,-9.629178047180176,10.549467086791992,-0.15104633569717407,1.7000080347061157,8.66100025177002,3.6842098236083984,-5.185842037200928,2.025676727294922,15.691356658935547,15.656672477722168,0.043669480830430984,-15.687566757202148,-2.281644105911255,3.3366012573242188,-0.6699803471565247,0.04628477990627289,-0.2815074026584625,-0.13246062397956848,-1.537022352218628,1.1478081941604614,6.9300971031188965,6.620443344116211,1.9964654445648193,-5.512070178985596
431,-4.7596940994262695,5.192703723907471,-3.388493061065674,0.17887258529663086,-3.642449378967285,-0.3153296411037445,-5.154549598693848,4.282710552215576,2.0227293968200684,2.025219440460205,8.555055618286133,-4.2882399559021,-10.419927597045898,12.736241340637207,-0.47597452998161316,2.2649431228637695,5.451972484588623,2.740658760070801,-7.087377071380615,3.6625401973724365,15.646323204040527,15.670806884765625,0.01574917882680893,-15.591083526611328,-1.849217414855957,2.9666218757629395,-0.6921218037605286,0.0338769406080246,-0.7136640548706055,-0.046102166175842285,-1.2902626991271973,0.9351481795310974,6.753462314605713,6.661789417266846,1.7172751426696777,-5.392384052276611
432,-3.701315402984619,4.469291687011719,-2.702406167984009,0.029144857078790665,-4.109221935272217,-0.6939511299133301,-3.3073015213012695,3.152334690093994,2.013576030731201,2.0146427154541016,4.840585231781006,-4.198334217071533,-10.603967666625977,14.390634536743164,-0.4668284058570862,2.932554006576538,2.5961344242095947,1.8040659427642822,-8.405932426452637,4.962434768676758,15.686278343200684,15.66907787322998,0.009172768332064152,-15.636849403381348,-1.2408663034439087,2.5449678897857666,-0.5250566601753235,0.00030259788036346436,-0.7991973161697388,-0.1431369185447693,-0.8237537741661072,0.7021830677986145,6.615972518920898,6.65226411819458,0.8353435397148132,-5.333947658538818
433,-2.190016508102417,3.809026002883911,-2.545666217803955,-0.11130725592374802,-4.284677982330322,-1.0209808349609375,0.4684513807296753,1.1669654846191406,2.0178849697113037,2.022960901260376,-3.3008384704589844,-4.272393226623535,-10.594449043273926,15.253215789794922,-0.5283277630805969,3.192213535308838,0.2940691411495209,1.0055655241012573,-3.8789069652557373,5.44647216796875,15.588321685791016,15.690117835998535,-15.735190391540527,-15.654086112976074,-0.6152280569076538,2.016035556793213,-0.510077714920044,-0.025316551327705383,-0.9022015333175659,-0.20837971568107605,0.26947611570358276,0.19712482392787933,6.305130958557129,6.634032726287842,-5.03834342956543,-5.283712863922119
434,-0.33300864696502686,3.0001649856567383,-2.3880701065063477,-1.4489589929580688,-6.045729637145996,-1.2436491250991821,2.6046481132507324,0.061304979026317596,2.0173494815826416,2.0041582584381104,-4.509173393249512,-4.3464813232421875,-9.87264347076416,15.715943336486816,-0.2965952754020691,2.8851444721221924,-1.3259645700454712,0.3657902181148529,-3.6350717544555664,5.178536891937256,12.763498306274414,15.677289962768555,-15.32007122039795,-15.592818260192871,0.009034144692122936,1.4091970920562744,-0.4781618118286133,-0.30941760540008545,-1.6849397420883179,-0.2542720139026642,0.5358209013938904,-0.03621850535273552,6.3467793464660645,6.924924850463867,-5.859376430511475,-5.6412177085876465
435,0.9965434074401855,2.1166439056396484,-2.4659759998321533,-1.00942862033844,-6.181346416473389,-2.559953212738037,2.8646576404571533,-0.9156254529953003,9.170515060424805,2.0035250186920166,-4.7754926681518555,-4.349085807800293,-8.71887493133545,15.779894828796387,-0.19607636332511902,2.8023664951324463,0.3909072279930115,-0.6203241944313049,-3.2250473499298096,4.101082801818848,-0.00025541946524754167,15.648360252380371,-15.196958541870117,-15.563389778137207,0.20259754359722137,0.8763330578804016,-0.5018647313117981,-0.17025040090084076,-1.3735698461532593,-0.5837070941925049,0.5263328552246094,-0.19125621020793915,5.447178363800049,6.623394012451172,-5.872544288635254,-5.594517230987549
436,1.2918164730072021,1.7954570055007935,-2.1400554180145264,-1.1531823873519897,-5.573840141296387,-2.379894495010376,2.6626856327056885,-0.9967073202133179,8.682754516601562,2.00588321685791,-4.711429595947266,-4.174067974090576,-8.405020713806152,15.358497619628906,-0.09201588481664658,2.8334219455718994,-1.5148531198501587,2.3107080459594727,-2.7847983837127686,2.899362087249756,-0.0002469829050824046,3.6083507537841797,-15.331062316894531,-15.689239501953125,0.21140287816524506,0.7731972932815552,-0.4200292229652405,-0.21650950610637665,-1.3136333227157593,-0.5011227130889893,0.48043346405029297,-0.18281446397304535,3.0857176780700684,5.825645923614502,-5.566013336181641,-4.995297908782959
437,3.555490732192993,-0.17544257640838623,-0.3715910017490387,-3.0976815223693848,-4.633824348449707,-6.3126091957092285,2.3286380767822266,-0.35204818844795227,6.385181903839111,8.808755874633789,-4.552472114562988,-3.5427112579345703,-7.664646148681641,14.978687286376953,-0.2979726195335388,1.6983201503753662,-3.2049472332000732,1.9178985357284546,-2.550722122192383,1.6938199996948242,-0.00023562886053696275,-0.00021067267516627908,-15.306921005249023,-15.50364875793457,0.6532657146453857,-0.17224223911762238,-0.006945572793483734,-0.6505450010299683,-1.0972621440887451,-1.5854800939559937,0.4175070524215698,-0.04398820921778679,1.4142732620239258,3.340430974960327,-5.5977349281311035,-3.664346694946289
438,2.970794677734375,-4.122496604919434,2.075408697128296,-3.2895078659057617,-3.810274839401245,-5.829761028289795,2.6902387142181396,0.3537566363811493,-2.9822440147399902,8.435773849487305,-5.041212558746338,-2.87835955619812,-6.471533298492432,2.4469001293182373,1.9944325685501099,1.420698642730713,-3.4830422401428223,-1.7031105756759644,-2.116318464279175,1.745726227760315,-3.529484510421753,-0.00022749591153115034,-15.457576751708984,-15.691000938415527,0.48214632272720337,-0.9384747743606567,0.5451115965843201,-0.6130675673484802,-0.9176459312438965,-1.4122450351715088,0.5137341618537903,0.10271055996417999,-1.0552582740783691,2.790339469909668,-5.495414733886719,-2.826524496078491
439,5.840740203857422,1.9694455862045288,-0.3938906192779541,-6.9787373542785645,-0.5918999314308167,-3.5656135082244873,2.592911720275879,-0.4716690480709076,-2.376715898513794,6.837446212768555,-4.459910869598389,-11.05928897857666,-4.211034297943115,2.544304132461548,2.003450393676758,-0.8502346277236938,-0.6519545316696167,-3.4264423847198486,-1.8337428569793701,0.9131693840026855,-15.688419342041016,-1.8835708033293486e-06,-15.520962715148926,0.01085389032959938,1.2538362741470337,0.6740745306015015,-0.1730203628540039,-1.558801293373108,0.022461198270320892,-0.7463316917419434,0.48650455474853516,-0.12180919945240021,-5.6005635261535645,1.6310906410217285,-5.818108081817627,-2.297630786895752
440,3.665015697479248,-1.121876835823059,2.0620741844177246,-4.191987991333008,0.21225082874298096,-3.2027149200439453,1.5844498872756958,2.423135757446289,-1.9699774980545044,-4.9009881019592285,-4.160633087158203,3.59169340133667,-3.8276519775390625,0.824158787727356,1.2191612720489502,-3.2159125804901123,-1.6678112745285034,-1.5520333051681519,-2.4218599796295166,2.4610207080841064,-15.700016021728516,-10.480100631713867,-15.699483871459961,3.3932251930236816,0.6207627058029175,-0.33017197251319885,0.5501004457473755,-0.8048779964447021,0.07191797345876694,-0.7512719631195068,0.2621957063674927,0.6285991668701172,-7.828001022338867,-2.277327299118042,-5.190341472625732,1.309097170829773
441,3.9189956188201904,0.23163312673568726,2.024366855621338,-0.8584384322166443,0.6040557622909546,3.271361827850342,3.6909213066101074,2.352377414703369,-1.9997175931930542,-1.8868954181671143,-4.221593379974365,4.732736587524414,-2.8202247619628906,0.8552992343902588,1.907583475112915,-1.5940799713134766,-2.149705648422241,0.28436651825904846,-0.9634655714035034,4.513525485992432,-15.690616607666016,-15.663582801818848,-15.661044120788574,15.68940544128418,0.7486287355422974,0.09628914296627045,0.42476585507392883,-0.04981912672519684,0.12800484895706177,1.004600167274475,0.783044159412384,0.5507674217224121,-7.408725261688232,-7.130931377410889,-5.386955738067627,5.772502899169922
442,2.7798306941986084,-2.4406135082244873,3.361560821533203,-0.6645358800888062,-0.9416730403900146,1.4427211284637451,1.7463374137878418,2.247784376144409,-2.0283825397491455,-1.9835113286972046,-4.031822204589844,4.094661712646484,-2.1110167503356934,-0.12037575989961624,2.477511405944824,-1.1702485084533691,-3.5551223754882812,0.013800133019685745,-0.8193157315254211,4.475130081176758,-15.700019836425781,-15.54744815826416,-15.697959899902344,15.679661750793457,0.4864822030067444,-0.610314667224884,0.7827445864677429,-0.13159187138080597,-0.27114221453666687,0.22313478589057922,0.2714753746986389,0.5297295451164246,-7.440497875213623,-6.8892927169799805,-4.766174793243408,5.255964756011963
443,4.300929069519043,-2.480105400085449,2.502258777618408,-0.28622543811798096,1.947806477546692,3.3976967334747314,0.0018319172086194158,1.153712272644043,-2.0049386024475098,-2.0007967948913574,-3.405930757522583,4.180925369262695,-1.5275644063949585,-0.6169512867927551,2.903130292892456,-0.9797579050064087,-3.9000043869018555,0.6083822250366211,-1.465354561805725,4.015758514404297,-15.592916488647461,-15.565643310546875,-15.58165168762207,15.744988441467285,0.9348763227462769,-0.5134011507034302,0.5224449038505554,-0.04413290321826935,0.4623376429080963,0.8114511966705322,-0.0642828494310379,0.22216232120990753,-7.146438121795654,-6.753824710845947,-3.516122817993164,5.098963737487793
444,5.042547702789307,-3.0615298748016357,2.634268045425415,-0.25985825061798096,2.424476146697998,2.313213348388672,0.8220930695533752,-0.14335855841636658,-2.0433027744293213,-2.042797327041626,-2.5988903045654297,3.990720510482788,0.41034865379333496,-1.2654887437820435,3.6403489112854004,-0.4290967583656311,-4.007368087768555,0.839151918888092,-1.7459330558776855,2.547139883041382,-15.645079612731934,-15.629810333251953,-15.607147216796875,15.712495803833008,1.1579043865203857,-0.6851937770843506,0.6034766435623169,-0.05192019045352936,0.4533228576183319,0.44241780042648315,0.18553172051906586,-0.08243034780025482,-7.131668567657471,-6.585812091827393,-2.3525140285491943,4.930656909942627
445,5.416522979736328,-3.7566797733306885,2.4586849212646484,-0.8511055707931519,3.0138237476348877,2.9892380237579346,2.2478127479553223,-1.4325370788574219,-2.043966293334961,-2.0109028816223145,-7.458608627319336,3.958505153656006,2.256427049636841,-2.639251470565796,3.3734424114227295,-0.5749335885047913,-3.932800769805908,1.273093581199646,0.038403768092393875,0.6399351358413696,-15.697315216064453,-15.696374893188477,-0.011364290490746498,15.648146629333496,1.3564190864562988,-0.9057856202125549,0.5402177572250366,-0.19608213007450104,0.5675880908966064,0.6753671169281006,0.49019819498062134,-0.3200800120830536,-6.895054340362549,-6.5796918869018555,-1.3677051067352295,4.837998867034912
446,5.574089050292969,-5.390385150909424,2.029127836227417,-1.4820606708526611,2.569897174835205,3.480851411819458,4.838136196136475,-0.6070897579193115,-2.0181238651275635,-2.0340354442596436,7.625158309936523,4.141168117523193,4.17237663269043,-5.019158840179443,2.823333740234375,-1.3195420503616333,-3.973667860031128,1.919687271118164,4.453647136688232,-0.59507155418396,-15.63058090209961,-15.650062561035156,13.206276893615723,15.69072151184082,1.5767868757247925,-1.6319859027862549,0.4409719705581665,-0.3304835557937622,0.44880297780036926,0.8035451173782349,1.1840168237686157,-0.09271283447742462,-6.604219913482666,-6.309593200683594,3.18603253364563,5.3155317306518555
447,5.819084644317627,-3.0124876499176025,-1.1058404445648193,-1.5228928327560425,1.094428539276123,-0.9635955095291138,4.841183662414551,-1.7865984439849854,-2.0047836303710938,-2.017819881439209,3.6885151863098145,4.181089878082275,6.456846714019775,-6.804642677307129,0.8186627626419067,-2.071204900741577,-4.760950565338135,0.7191290855407715,7.519723892211914,-2.116668224334717,-15.689412117004395,-15.675431251525879,15.711875915527344,15.67465591430664,1.9540809392929077,-0.6896203756332397,-0.3346586227416992,-0.32631707191467285,0.14163577556610107,-0.36285296082496643,1.2982909679412842,-0.4230087697505951,-5.881718158721924,-6.345340251922607,4.861213207244873,5.376039505004883
448,5.413747787475586,-4.532132625579834,-2.4468705654144287,-0.4258718192577362,-2.247514247894287,-1.3825385570526123,4.629991054534912,-2.115934133529663,-2.0154013633728027,-2.0282938480377197,4.10280704498291,4.278041362762451,8.7810640335083,-9.503562927246094,-1.915156364440918,-2.6306567192077637,-7.669550895690918,-1.4243205785751343,8.961429595947266,-3.5560989379882812,-15.697283744812012,-15.693048477172852,15.696102142333984,15.571167945861816,1.9805980920791626,-1.6930259466171265,-0.5570988655090332,-0.04871179163455963,-0.747140645980835,-0.3006191551685333,1.3240212202072144,-0.488130122423172,-5.399444103240967,-5.909060478210449,5.370997905731201,5.586626052856445
449,5.193218231201172,-4.42818021774292,-1.913864016532898,0.5996547937393188,-2.9257431030273438,-2.927828073501587,4.960438251495361,-2.4594149589538574,-2.0119917392730713,-2.0244808197021484,4.133797645568848,4.470419406890869,11.1266450881958,-12.151556968688965,-3.969050168991089,-2.6684954166412354,-10.974821090698242,-4.54145622253418,9.78597640991211,-4.981241226196289,-15.200406074523926,-15.661876678466797,15.717544555664062,15.650793075561523,2.3381001949310303,-1.87051522731781,-0.41318464279174805,0.14871670305728912,-0.9904406070709229,-0.7604957818984985,1.529128074645996,-0.5972458124160767,-4.852441310882568,-5.533015251159668,5.324019432067871,6.221752643585205
450,4.608492374420166,-4.1776909828186035,-0.3703191578388214,1.7267159223556519,-2.267174243927002,-3.274310827255249,4.084883213043213,-3.0155029296875,-2.481158971786499,-2.0003626346588135,4.167048931121826,4.595404624938965,13.8538818359375,-13.338753700256348,-4.3892669677734375,-1.3797324895858765,-12.957768440246582,-8.045269012451172,9.39784049987793,-6.71587610244751,-13.9229097366333,-15.69127082824707,15.683649063110352,15.720925331115723,2.284221649169922,-2.113615036010742,-0.022299103438854218,0.3606259822845459,-0.7899806499481201,-0.9320840835571289,1.185509443283081,-0.7851371169090271,-4.087902069091797,-5.094359874725342,5.332149028778076,6.586528778076172
451,3.721250295639038,-4.266200065612793,-0.15991468727588654,0.7139919996261597,-0.6467504501342773,-1.8390296697616577,2.5926737785339355,-2.847048044204712,-8.55715274810791,-1.987329125404358,4.201597213745117,4.585492134094238,16.530481338500977,-14.512131690979004,-4.026213645935059,-0.8191285729408264,-11.716629981994629,-9.744292259216309,8.404763221740723,-7.89431095123291,0.00010926401591859758,-15.294177055358887,15.656794548034668,15.693166732788086,2.168649673461914,-2.441720485687256,-0.02761702984571457,0.10367286205291748,-0.11401451379060745,-0.4791671931743622,0.652327835559845,-0.7591766119003296,-2.9143784046173096,-3.964024305343628,5.2986674308776855,6.3121819496154785
452,3.1337332725524902,-3.802732467651367,-2.5920522212982178,1.2775565385818481,5.867722988128662,-0.2961297035217285,0.6583794355392456,-2.10121750831604,4.36989688873291,-2.1307811737060547,4.24307107925415,4.19497537612915,17.318220138549805,-15.344630241394043,-4.432021141052246,-0.5806092619895935,-4.9284491539001465,-9.224491119384766,6.640707969665527,-5.968899726867676,7.211645603179932,0.0012786737643182278,15.63940715789795,6.459851264953613,1.8040657043457031,-2.0346827507019043,-0.7149630784988403,0.2733451724052429,1.3252918720245361,-0.004021346569061279,0.06859509646892548,-0.5514971017837524,2.0684478282928467,-2.4685709476470947,5.602808475494385,5.251699447631836
453,2.788461446762085,-3.480102062225342,1.9008656740188599,-1.7492984533309937,7.764349937438965,6.069921016693115,-3.613600730895996,-4.512458801269531,3.2492105960845947,5.45365047454834,4.2788872718811035,14.454132080078125,16.478172302246094,-16.842153549194336,-1.0925718545913696,-1.1128973960876465,3.0046050548553467,-3.8072829246520996,3.9305825233459473,-5.5265302658081055,15.467733383178711,8.412271499633789,13.895249366760254,-0.08939841389656067,1.5778549909591675,-2.096863269805908,0.5123339295387268,-0.4809398055076599,2.5626158714294434,1.4152097702026367,-0.775386393070221,-1.1870365142822266,6.3560943603515625,4.27598237991333,5.254703044891357,3.0887820720672607
454,0.3110613226890564,-1.8624615669250488,-0.06448999047279358,1.8021310567855835,6.483753204345703,6.619555950164795,-3.395444393157959,-2.7075979709625244,1.9989103078842163,2.9437015056610107,4.29203987121582,12.758390426635742,12.723296165466309,-15.647380828857422,0.13876250386238098,-0.6845697164535522,8.71192455291748,2.7735397815704346,1.2448316812515259,-6.6350417137146,15.609840393066406,15.700006484985352,15.598004341125488,0.005055217072367668,-0.105983667075634,-0.7597823143005371,-0.07876085489988327,0.48348528146743774,2.730738639831543,1.7767561674118042,-0.6346248388290405,-0.6090646982192993,6.572246551513672,5.664633274078369,5.158476829528809,2.7586183547973633
455,-5.556161403656006,2.1285531520843506,-0.8838265538215637,1.8404490947723389,5.209369659423828,4.252175331115723,-3.358198881149292,-1.2479517459869385,2.098607301712036,1.9975640773773193,4.403372287750244,10.864463806152344,5.080816268920898,-12.443938255310059,0.04588522017002106,-0.12127470225095749,12.674918174743652,6.16212797164917,-0.8403627276420593,-7.192705154418945,15.553858757019043,15.684781074523926,15.487104415893555,0.0012071216478943825,-1.1880874633789062,0.5159157514572144,-0.20830267667770386,0.3656509518623352,2.648488998413086,1.050750494003296,-0.6799702048301697,-0.2569568455219269,6.70934534072876,5.479028224945068,5.332828521728516,2.2629659175872803
456,-5.909080505371094,8.306318283081055,-2.7466788291931152,-1.1077892780303955,4.227090358734131,0.8338780403137207,-4.2628703117370605,3.2081656455993652,2.0400049686431885,2.0100395679473877,4.319789886474609,-3.0121943950653076,-0.9649807810783386,-5.733770370483398,0.09383036941289902,-0.7623418569564819,13.894472122192383,6.875584125518799,-2.880038022994995,-1.9013997316360474,15.680556297302246,15.695037841796875,15.501742362976074,-15.706611633300781,-1.381531000137329,1.9843404293060303,-0.6237568855285645,-0.33940988779067993,2.1670329570770264,0.0645766630768776,-0.9672080874443054,0.7825215458869934,6.8463616371154785,6.026391983032227,5.160637855529785,-5.001074314117432
457,-5.9213337898254395,8.235686302185059,-4.035170078277588,1.4722548723220825,3.6592295169830322,-0.8045206665992737,-5.298788547515869,3.258168935775757,2.0103185176849365,2.0009689331054688,4.1617841720581055,-4.248860836029053,-5.214024066925049,0.1784500926733017,0.0048424601554870605,-0.2821139693260193,13.45226764678955,5.748280048370361,-4.972684383392334,-1.3391211032867432,15.700000762939453,15.699943542480469,15.180303573608398,-15.691180229187012,-1.7691251039505005,2.2957987785339355,-0.8635660409927368,0.3874703049659729,1.6439040899276733,-0.19958481192588806,-1.3118908405303955,0.625335156917572,6.865477085113525,6.058427810668945,4.464824676513672,-6.3828582763671875
458,-5.480335235595703,7.365599632263184,-3.495537281036377,0.8855830430984497,2.8613579273223877,-0.5537686944007874,-6.217592239379883,4.055308818817139,2.0051043033599854,2.0023670196533203,8.26927375793457,-4.385069370269775,-7.690151691436768,5.182553291320801,0.09481193870306015,0.5248508453369141,12.16161823272705,4.546187877655029,-2.5496373176574707,-0.4253012537956238,15.700013160705566,15.699786186218262,0.017888840287923813,-15.640046119689941,-1.8859785795211792,2.6382336616516113,-0.6774244904518127,0.1565980762243271,1.0217350721359253,-0.08754396438598633,-1.56027352809906,0.826850950717926,7.01928186416626,6.2482218742370605,3.871385097503662,-6.176713466644287
459,-5.388759136199951,6.520693302154541,-3.1942946910858154,0.3256729543209076,0.5812515616416931,-0.5646220445632935,-6.971646308898926,4.7485151290893555,2.004955768585205,2.0104827880859375,10.691959381103516,-4.291070938110352,-9.141554832458496,9.08158016204834,-0.04047048091888428,1.3147408962249756,9.926689147949219,3.418703556060791,-5.048198223114014,0.9682120084762573,15.671451568603516,15.700006484985352,0.012655593454837799,-15.715627670288086,-2.1526365280151367,3.263225793838501,-0.6419896483421326,0.046302661299705505,0.029680125415325165,-0.10068444907665253,-1.6939082145690918,1.0074830055236816,6.895076274871826,6.572535037994385,2.049954891204834,-5.614619731903076
460,-4.985750198364258,5.606029510498047,-3.5964317321777344,0.26096630096435547,-2.6791579723358154,-0.5104932188987732,-5.2765793800354,4.927453517913818,2.018601894378662,2.0040791034698486,9.084193229675293,-4.251461029052734,-10.07394790649414,11.720155715942383,-0.1633349061012268,2.1239981651306152,6.74265718460083,2.4618568420410156,-7.0284318923950195,2.743603229522705,15.681795120239258,15.649443626403809,0.03511974215507507,-15.61398983001709,-1.9790136814117432,3.149855136871338,-0.7419113516807556,0.053016409277915955,-0.5503689646720886,-0.09196427464485168,-1.3018171787261963,1.0834598541259766,6.8725266456604,6.610726356506348,1.8459265232086182,-5.294382572174072
461,-4.096704006195068,4.892945289611816,-3.2610926628112793,0.02259449101984501,-3.720796823501587,-0.604121744632721,-3.885467767715454,3.767578601837158,2.037693500518799,2.0262391567230225,6.744848251342773,-4.217352867126465,-10.63086223602295,13.472307205200195,-0.3970135450363159,2.78847074508667,3.6989223957061768,1.6605846881866455,-8.51374626159668,4.335964202880859,15.697412490844727,15.652000427246094,0.021446119993925095,-15.612051010131836,-1.4616897106170654,2.7830328941345215,-0.6526829600334167,-0.004697814583778381,-0.7090190649032593,-0.11701920628547668,-1.010932207107544,0.8273029327392578,6.736510753631592,6.604351043701172,1.2914035320281982,-5.249801158905029
462,-2.7882843017578125,4.248358726501465,-2.498600721359253,-0.1808701455593109,-4.069639682769775,-1.2091262340545654,-1.549255132675171,2.1754398345947266,2.0199472904205322,2.010378360748291,-5.437297821044922,-4.154991149902344,-10.81199836730957,14.527460098266602,-0.45093148946762085,3.0847549438476562,1.16257905960083,0.8389240503311157,-4.5438408851623535,5.339107990264893,15.666781425476074,15.699244499206543,-15.542936325073242,-15.626975059509277,-0.8485560417175293,2.345534324645996,-0.4792545437812805,-0.04016478359699249,-0.8291515111923218,-0.2565939426422119,-0.2820054888725281,0.4570041000843048,6.529425144195557,6.521539211273193,-2.276597738265991,-5.171514511108398
463,-0.6917969584465027,3.5352110862731934,-2.6301803588867188,-1.7169175148010254,-6.288196563720703,-0.5394517779350281,2.4523448944091797,0.5587913393974304,2.0159943103790283,2.0045053958892822,-4.152730464935303,-4.2851362228393555,-10.275049209594727,15.268937110900879,-0.3103048503398895,2.716689109802246,-1.6767276525497437,0.47276896238327026,-4.470286846160889,5.346988201141357,15.666470527648926,15.684966087341309,-15.349747657775879,-15.632613182067871,-0.08870933949947357,1.7583494186401367,-0.5392404198646545,-0.3666226863861084,-1.759763479232788,-0.0816865861415863,0.5859724879264832,0.06333030760288239,6.4954633712768555,6.734256267547607,-5.816537380218506,-5.525887966156006
464,0.3407391905784607,2.7365851402282715,-2.7231273651123047,-1.5452755689620972,-5.128219127655029,-2.499067783355713,3.3792779445648193,-0.3510570228099823,2.016857147216797,2.0224828720092773,-4.629728317260742,-4.289248466491699,-9.014336585998535,15.487457275390625,-0.33433908224105835,2.091926336288452,0.9465935230255127,-0.3628244400024414,-3.704169750213623,4.745465278625488,0.001674652099609375,15.641037940979004,-15.317482948303223,-15.604944229125977,0.10178662836551666,1.2240887880325317,-0.5537366271018982,-0.28011906147003174,-1.2785011529922485,-0.5939244031906128,0.6286370754241943,-0.09759692847728729,6.372197151184082,6.660219669342041,-5.832510948181152,-5.515437602996826
465,3.1087167263031006,1.2177008390426636,-2.3477725982666016,-0.9166249632835388,-6.200128555297852,-4.053748607635498,3.9040567874908447,-0.759823203086853,5.968049049377441,2.00032377243042,-4.633606910705566,-4.111515998840332,-7.956035137176514,14.64284610748291,-0.06580457091331482,2.2274861335754395,-1.3187897205352783,2.9622321128845215,-2.944441795349121,3.5995614528656006,-0.00017057859804481268,-0.0017384919337928295,-15.332719802856445,-15.54361343383789,0.5876825451850891,0.3859308958053589,-0.4587656855583191,-0.14917825162410736,-1.5604602098464966,-0.9914580583572388,0.7289854288101196,-0.14757291972637177,1.2229773998260498,5.762188911437988,-5.724040508270264,-4.834738254547119
466,2.5197646617889404,-0.9668009281158447,-0.24877570569515228,-3.084801197052002,-5.148135185241699,-6.020866394042969,2.5959455966949463,0.03988882899284363,0.6318000555038452,7.696279525756836,-4.620510578155518,-3.515626907348633,-7.396380424499512,14.432690620422363,-0.27745428681373596,1.2619374990463257,-3.226443290710449,1.4917954206466675,-2.5582058429718018,2.8517324924468994,-6.331368058454245e-05,6.74513285048306e-05,-15.341995239257812,-15.568158149719238,0.3917170464992523,-0.2516951858997345,0.02996882051229477,-0.6654658317565918,-1.2505379915237427,-1.3884351253509521,0.4351077675819397,0.0360504575073719,-0.07697191834449768,2.0464842319488525,-5.518200874328613,-3.568392515182495
467,4.370506286621094,-6.241111755371094,1.5230903625488281,-3.169900417327881,-4.3580322265625,-6.116832733154297,3.063244581222534,1.1594024896621704,-4.399947643280029,8.021759033203125,-4.392327785491943,-2.835678815841675,-5.97210168838501,12.477680206298828,-0.43301713466644287,0.12635618448257446,-0.6328864097595215,-0.33670955896377563,-2.066934585571289,3.145336389541626,-14.572010040283203,-0.00025056081358343363,-15.555957794189453,-15.466405868530273,0.8270308971405029,-1.1199148893356323,0.3680536150932312,-0.6308276653289795,-0.961331844329834,-1.4588894844055176,0.589724063873291,0.3038773238658905,-4.109976291656494,2.510894298553467,-5.57274866104126,-2.703754186630249
468,5.388095378875732,-5.474723815917969,2.123760461807251,-3.920262336730957,-0.19531381130218506,-4.504109859466553,3.763570547103882,0.9403517842292786,-2.132385492324829,5.276299953460693,-4.534984111785889,-11.154828071594238,-4.231942653656006,2.542956829071045,1.5745207071304321,-0.2079044133424759,-1.1614017486572266,-3.3596649169921875,-1.0919426679611206,4.341745376586914,-15.694509506225586,0.00016001408221200109,-15.649262428283691,0.08077944815158844,1.0632551908493042,-1.0642613172531128,0.471182644367218,-0.8029329776763916,0.1274528205394745,-1.0235202312469482,0.7476213574409485,0.20898552238941193,-7.163301944732666,1.0516291856765747,-5.6785078048706055,-2.358175277709961
469,4.267888069152832,-0.3393764793872833,1.7114266157150269,-4.374979496002197,1.655757188796997,-1.3017569780349731,2.4175193309783936,1.2402074337005615,-1.9994473457336426,-4.649060249328613,-4.160560131072998,1.4822274446487427,-1.8492062091827393,1.933727741241455,3.036033868789673,-1.1125221252441406,-1.434196949005127,0.48631489276885986,-0.6530822515487671,5.453916072845459,-15.69356632232666,-15.415006637573242,-15.664024353027344,1.195730447769165,0.7919925451278687,0.10380124300718307,0.35651925206184387,-0.932666540145874,0.3906743824481964,-0.1457749307155609,0.42468905448913574,0.3113061189651489,-7.057462215423584,-5.067415237426758,-5.185988426208496,0.7864723205566406
470,2.2048749923706055,-0.6227810382843018,1.5374351739883423,-1.0443918704986572,-0.80864018201828,1.4462114572525024,2.1728715896606445,1.6471569538116455,-2.0153870582580566,-1.9382487535476685,-4.141749858856201,5.4972004890441895,-2.1312568187713623,0.724452018737793,1.8647959232330322,-0.5835185050964355,-2.8807129859924316,-0.01864255964756012,-0.6317972540855408,5.947099208831787,-15.687421798706055,-15.498579025268555,-15.587306022644043,15.787881851196289,0.3692644238471985,-0.12584681808948517,0.3498222827911377,-0.07912154495716095,-0.267889142036438,0.4076853394508362,0.42111802101135254,0.4408051073551178,-7.451066017150879,-7.678704738616943,-5.178207874298096,6.805486679077148
471,2.4202992916107178,-1.645789384841919,3.0163397789001465,-1.105122447013855,0.5315958261489868,1.24888277053833,1.7055656909942627,1.6958057880401611,-2.0056817531585693,-2.0792922973632812,-4.040104389190674,4.0188775062561035,-1.566175103187561,0.12377417087554932,2.4790403842926025,-0.44181206822395325,-3.6324706077575684,-0.17530566453933716,-0.3787026107311249,5.299613952636719,-15.693950653076172,-15.70001220703125,-15.658066749572754,15.67831802368164,0.46973544359207153,-0.36371463537216187,0.7110442519187927,-0.22741253674030304,0.14738315343856812,0.24254891276359558,0.3190433382987976,0.4182923436164856,-7.18778657913208,-6.85626220703125,-4.950005531311035,5.089948654174805
472,2.9911863803863525,-2.60418963432312,2.7825891971588135,-0.5831887722015381,1.0796470642089844,2.456851005554199,-0.19605720043182373,0.6902068853378296,-2.0057356357574463,-2.0071980953216553,-3.4948952198028564,4.170914649963379,-1.5875849723815918,-0.5470148324966431,2.8690035343170166,-0.6195681095123291,-4.123584270477295,-0.016886811703443527,-1.1634316444396973,4.2948689460754395,-15.660548210144043,-15.680295944213867,-15.625089645385742,15.704374313354492,0.6032795906066895,-0.5810837745666504,0.6013736724853516,-0.09939612448215485,0.21075353026390076,0.5511377453804016,-0.11159978806972504,0.11703477799892426,-7.094545841217041,-6.868274688720703,-3.6828505992889404,5.116696834564209
473,4.758006572723389,-3.179469347000122,2.5765843391418457,-0.6343563795089722,2.764270305633545,2.571281671524048,0.26796481013298035,-0.9916503429412842,-2.0497982501983643,-2.0128326416015625,-2.7448463439941406,3.9953246116638184,-0.06676137447357178,-1.3725887537002563,3.551553726196289,-0.41550612449645996,-4.109686851501465,0.15416981279850006,-1.9637118577957153,2.264251708984375,-15.625523567199707,-15.59932804107666,-15.56810474395752,15.698344230651855,1.1082096099853516,-0.7162594795227051,0.5733075141906738,-0.1309516578912735,0.5572429895401001,0.5348121523857117,0.06809784471988678,-0.2445804625749588,-6.974489688873291,-6.637617111206055,-2.5370256900787354,4.913938999176025
474,5.346879005432129,-3.6362059116363525,2.48504638671875,-1.2604321241378784,2.8872814178466797,3.083752393722534,1.919339895248413,-2.0624284744262695,-2.099504232406616,-2.030317783355713,-7.451086044311523,3.873978853225708,1.8153817653656006,-2.608846664428711,3.397205352783203,-0.6714892387390137,-3.9859907627105713,0.6529661417007446,-0.6860367655754089,0.018724236637353897,-15.567770004272461,-15.640487670898438,0.040196243673563004,15.645378112792969,1.3130494356155396,-0.8671825528144836,0.5478776097297668,-0.2817365527153015,0.5243588089942932,0.672932505607605,0.42415815591812134,-0.44245246052742004,-6.697885990142822,-6.5756516456604,-1.4974544048309326,4.725352764129639
475,5.645925045013428,-5.322615623474121,2.137904644012451,-1.713592529296875,2.1529948711395264,3.8371083736419678,4.977287769317627,-1.0579886436462402,-2.0328872203826904,-2.012805700302124,7.756612777709961,4.154812335968018,3.5341720581054688,-5.09160041809082,2.5974462032318115,-1.657547950744629,-4.204023838043213,1.4412875175476074,3.777174234390259,-1.448179006576538,-15.622137069702148,-15.661613464355469,13.26266098022461,15.676138877868652,1.5455933809280396,-1.6262526512145996,0.4617868661880493,-0.3765610456466675,0.35928240418434143,0.8889397382736206,1.1987953186035156,-0.182892307639122,-6.34232759475708,-6.203688144683838,3.2735073566436768,5.251825332641602
476,5.973576545715332,-2.9065756797790527,-1.0715079307556152,-1.479332447052002,0.25961872935295105,-0.8266621828079224,5.2184062004089355,-1.7144396305084229,-2.0047011375427246,-2.023826837539673,3.6828932762145996,4.170040130615234,6.049225330352783,-6.730672359466553,0.6825414896011353,-2.316462516784668,-5.527172088623047,0.2815687656402588,7.32177734375,-2.8707199096679688,-15.69130802154541,-15.671990394592285,15.702640533447266,15.666129112243652,1.9826432466506958,-0.655663251876831,-0.33179929852485657,-0.30951303243637085,-0.018859557807445526,-0.34520962834358215,1.3907517194747925,-0.39918097853660583,-5.590974807739258,-6.21171760559082,4.799831867218018,5.355499744415283
477,5.606719970703125,-4.6540398597717285,-2.5033810138702393,-0.12923429906368256,-2.748249053955078,-1.3094006776809692,4.989612102508545,-2.4137303829193115,-2.011561632156372,-2.025625228881836,4.073277950286865,4.315705299377441,8.558648109436035,-9.422211647033691,-2.0695343017578125,-2.705911874771118,-8.89952564239502,-1.8925548791885376,9.097243309020996,-4.390363693237305,-15.681883811950684,-15.669727325439453,15.704655647277832,15.61617660522461,2.073812484741211,-1.774316430091858,-0.5752905607223511,0.026702672243118286,-0.940384030342102,-0.2921244502067566,1.4397764205932617,-0.5869290232658386,-5.056597709655762,-5.79317569732666,5.311001300811768,5.6822190284729
478,5.2773847579956055,-4.537127494812012,-1.6438297033309937,1.1145298480987549,-2.9767346382141113,-2.9196863174438477,5.1192193031311035,-2.5972867012023926,-2.0980982780456543,-2.007906436920166,4.1286115646362305,4.517104148864746,11.633232116699219,-11.29758071899414,-3.7124059200286865,-1.7933121919631958,-12.399686813354492,-5.31606388092041,9.769762992858887,-6.007791519165039,-14.758566856384277,-15.529193878173828,15.666146278381348,15.318482398986816,2.37343430519104,-1.932611107826233,-0.33985546231269836,0.2496144324541092,-1.0643430948257446,-0.7773696184158325,1.5870945453643799,-0.6453723311424255,-4.511723518371582,-5.391880989074707,5.261621475219727,6.39385461807251
479,4.271570205688477,-4.669427394866943,-0.44734469056129456,0.7448736429214478,-2.017191171646118,-2.442183017730713,3.8515007495880127,-3.0647003650665283,-8.90411376953125,-2.0152082443237305,4.019332408905029,4.469060897827148,15.407747268676758,-12.81143569946289,-3.733316421508789,-1.0541510581970215,-13.774273872375488,-7.920495510101318,9.521169662475586,-7.391566753387451,0.0001736037665978074,-15.700037956237793,15.596667289733887,15.609681129455566,2.3335888385772705,-2.4169113636016846,-0.05165671557188034,0.13108213245868683,-0.7326514720916748,-0.6502667665481567,1.0765992403030396,-0.8350467085838318,-3.6335980892181396,-4.979844570159912,5.298358917236328,6.66912317276001
480,3.580024242401123,-4.297611236572266,-2.954253673553467,1.0838277339935303,3.5475149154663086,-0.34618788957595825,2.2545433044433594,-2.37902569770813,2.427306652069092,-1.9586641788482666,4.229005336761475,4.456379413604736,16.487363815307617,-14.12487506866455,-4.939909934997559,-0.7217051982879639,-9.104804992675781,-8.342201232910156,8.273885726928711,-8.456525802612305,4.06670618057251,-15.48668384552002,15.683274269104004,15.696399688720703,2.157327175140381,-2.295267105102539,-0.8085879683494568,0.22379706799983978,0.7905831933021545,0.005821138620376587,0.5493015646934509,-0.623695969581604,1.0289808511734009,-3.387840986251831,5.603250026702881,6.131424427032471
481,3.052283763885498,-4.042130947113037,-0.655682384967804,0.5205941200256348,7.563457012176514,0.896185040473938,0.594664990901947,-2.8535940647125244,4.062373638153076,-7.633612632751465,4.102416515350342,4.033554553985596,17.03289031982422,-15.39736270904541,-4.732593059539795,-0.2939906120300293,-1.196116328239441,-7.34381628036499,6.438517093658447,-9.405710220336914,14.280105590820312,0.00014921525144018233,15.674301147460938,15.61191463470459,1.8390508890151978,-2.234325408935547,-0.05508338660001755,0.08198224008083344,1.929953694343567,0.1883334517478943,0.06521318852901459,-0.859336793422699,5.410695552825928,-2.0431571006774902,5.3509368896484375,5.21645975112915
482,2.835379123687744,-3.1182992458343506,1.8298946619033813,-0.44253256916999817,7.550540447235107,4.199124813079834,-2.620910167694092,-1.2120591402053833,1.9670294523239136,4.216599464416504,7.361946105957031,19.016645431518555,15.38966178894043,-16.354812622070312,0.4358987808227539,-0.497252881526947,5.589972496032715,-3.4937491416931152,4.084168910980225,-5.241608619689941,15.673830032348633,5.8257341384887695,15.601357460021973,0.03620176762342453,1.3318346738815308,-1.6949721574783325,0.46301233768463135,-0.12831971049308777,3.041102409362793,0.87599778175354,-0.5547385811805725,-0.18950508534908295,6.94240665435791,1.7344286441802979,5.4781293869018555,5.090527057647705
483,-3.349987506866455,-1.5580536127090454,-1.3738949298858643,2.845959186553955,5.845014572143555,5.644124507904053,-3.101717233657837,-1.8193209171295166,2.0064444541931152,3.682969808578491,4.316066265106201,12.503005981445312,9.49912166595459,-16.094680786132812,0.029555559158325195,-0.17201270163059235,10.270624160766602,2.2560226917266846,1.6450408697128296,-5.855703830718994,15.543191909790039,14.77899169921875,15.67479419708252,0.040138594806194305,-0.831207275390625,-0.561968207359314,-0.39195510745048523,0.6951534748077393,2.407874345779419,1.407284140586853,-0.5942353010177612,-0.47696641087532043,6.342859268188477,5.669273376464844,5.056769371032715,2.4721035957336426
484,-4.892930030822754,3.830291748046875,-1.527735948562622,0.18457750976085663,4.8197197914123535,3.7134082317352295,-3.7900021076202393,-1.5930026769638062,2.057849645614624,1.9709149599075317,4.403465270996094,8.985050201416016,2.889920949935913,-12.02779769897461,-0.11515985429286957,-0.06643922626972198,12.736464500427246,5.7015228271484375,-0.5607786774635315,-6.521225929260254,15.678696632385254,15.639992713928223,15.403989791870117,0.0010281223803758621,-0.9629202485084534,0.7901903390884399,-0.31336474418640137,-0.06382408738136292,2.376479148864746,0.8753422498703003,-0.7865058183670044,-0.3936874568462372,6.688850402832031,5.4243903160095215,5.486232757568359,1.738778829574585
485,-6.229730606079102,8.461288452148438,-2.408389091491699,-0.6590332984924316,3.9502830505371094,0.9000290632247925,-5.149421691894531,3.1714179515838623,2.0243542194366455,2.00472354888916,4.169964790344238,-3.4282732009887695,-2.5278162956237793,-5.073192596435547,0.05441056191921234,-0.5970896482467651,13.35584831237793,6.566858291625977,-2.9546732902526855,-1.2552342414855957,15.679437637329102,15.679880142211914,15.435725212097168,-15.703856468200684,-1.6776634454727173,2.0186591148376465,-0.5181872248649597,-0.16682617366313934,1.7864141464233398,0.108094222843647,-1.1856762170791626,0.8035505414009094,6.734723091125488,6.110869407653809,4.840145587921143,-6.2336015701293945
486,-5.731874942779541,8.057351112365723,-4.0946173667907715,1.1763010025024414,3.4476358890533447,-0.4366506338119507,-5.682373523712158,2.807410478591919,2.005500078201294,2.0017712116241455,4.039165019989014,-4.354722499847412,-6.012291431427002,0.9383053779602051,0.04378338158130646,-0.05526834726333618,12.658394813537598,5.674700736999512,-5.268466472625732,-0.8487009406089783,15.700004577636719,15.699936866760254,15.219425201416016,-15.706854820251465,-1.7601338624954224,2.26237154006958,-0.89299076795578,0.3022451400756836,1.401429533958435,-0.12985582649707794,-1.402286410331726,0.5328679084777832,6.854090690612793,6.081703186035156,4.360028266906738,-6.469849109649658
487,-5.393090724945068,7.137044906616211,-3.5912392139434814,0.6694786548614502,2.3357748985290527,-0.23101487755775452,-6.577439308166504,3.680238962173462,2.0058906078338623,2.0034542083740234,8.421159744262695,-4.377887725830078,-8.03038501739502,5.826262474060059,0.11173941195011139,0.5467522144317627,11.186677932739258,4.648326396942139,-2.92938494682312,-0.0599360466003418,15.700011253356934,15.699894905090332,0.03944297879934311,-15.669422149658203,-1.9152625799179077,2.5774877071380615,-0.6963269710540771,0.11632533371448517,0.7241814732551575,-0.03319663554430008,-1.6678686141967773,0.7652421593666077,6.997822284698486,6.320991516113281,3.744739055633545,-6.236003398895264
488,-5.378428936004639,6.331937789916992,-3.4280612468719482,0.3396243751049042,-0.5044675469398499,-0.45845329761505127,-6.990929126739502,4.651841163635254,2.0056979656219482,2.012331008911133,10.25958251953125,-4.327445983886719,-9.604249954223633,9.20016098022461,-0.32014045119285583,1.0866477489471436,8.852143287658691,3.6241769790649414,-5.448922157287598,1.380484700202942,15.585619926452637,15.631385803222656,0.03452659398317337,-15.7232027053833,-2.2129628658294678,3.127017021179199,-0.7009945511817932,0.05753098428249359,-0.23873817920684814,-0.08851984143257141,-1.7113723754882812,1.0080279111862183,6.854799270629883,6.601963043212891,1.943422555923462,-5.650790691375732
489,-4.81574821472168,5.531601905822754,-3.311079502105713,0.10704540461301804,-3.6094777584075928,-0.4320554733276367,-5.098280906677246,4.510168075561523,2.0449838638305664,2.0050876140594482,8.767237663269043,-4.304677486419678,-10.297028541564941,11.798371315002441,-0.4645291566848755,1.6952022314071655,5.570949077606201,2.619135618209839,-7.353408336639404,2.9428608417510986,15.555669784545898,15.665018081665039,-0.018027648329734802,-15.60354232788086,-1.8855187892913818,3.040794849395752,-0.6706336140632629,0.013426646590232849,-0.7131759524345398,-0.07800552248954773,-1.2650976181030273,0.9883446097373962,6.770977973937988,6.672878742218018,1.77846360206604,-5.339237689971924
490,-3.837303400039673,4.688247203826904,-2.8639862537384033,0.029313936829566956,-4.017996788024902,-0.620875358581543,-3.406708240509033,3.421647071838379,2.033175468444824,2.018944501876831,5.462882041931152,-4.200474739074707,-10.44491195678711,13.76600456237793,-0.3567037880420685,2.529398202896118,2.6898157596588135,1.7065314054489136,-8.728961944580078,4.292531490325928,15.685040473937988,15.653218269348145,0.016240613535046577,-15.64004135131836,-1.298182487487793,2.5555360317230225,-0.5646967887878418,0.003241822123527527,-0.7748799324035645,-0.12327077984809875,-0.8721075654029846,0.7482594847679138,6.636882305145264,6.668395519256592,0.9813129305839539,-5.316854000091553
491,-2.4082231521606445,3.9590675830841064,-2.6624207496643066,-0.13498467206954956,-4.12479829788208,-1.0393187999725342,0.1742064207792282,1.508368968963623,2.0041491985321045,2.0051445960998535,-3.184143304824829,-4.232015132904053,-10.470246315002441,14.816970825195312,-0.49517324566841125,2.9050071239471436,0.4081571102142334,0.8926462531089783,-4.291491508483887,4.899716377258301,15.592915534973145,15.668002128601074,-15.713481903076172,-15.69374942779541,-0.6889873743057251,2.0506551265716553,-0.5292859077453613,-0.03070296347141266,-0.8586701154708862,-0.21631133556365967,0.2141425758600235,0.27679508924484253,6.339232444763184,6.61365270614624,-4.793058395385742,-5.248140811920166
492,-0.5810450315475464,3.127837896347046,-2.482820987701416,-1.489400863647461,-6.009006023406982,-1.152685284614563,2.741875410079956,0.287243515253067,2.014301061630249,2.0205211639404297,-4.43366003036499,-4.26986026763916,-9.935112953186035,15.391324996948242,-0.17973029613494873,2.6241447925567627,-2.110595941543579,0.23756398260593414,-4.065133094787598,4.667899131774902,15.63979721069336,15.687923431396484,-15.301008224487305,-15.608850479125977,-0.06803290545940399,1.4565374851226807,-0.49411970376968384,-0.3191821575164795,-1.6680797338485718,-0.23280730843544006,0.5681152939796448,0.013551313430070877,6.4050374031066895,6.9191508293151855,-5.8394975662231445,-5.608143329620361
493,0.356050580739975,2.288820505142212,-2.46628737449646,-1.2684738636016846,-6.073724269866943,-2.253070831298828,2.961702585220337,-0.46292150020599365,9.198204040527344,2.0251405239105225,-4.721228122711182,-4.317148208618164,-8.946125030517578,15.442909240722656,-0.1827067881822586,2.3029625415802,0.5076127648353577,-0.6126730442047119,-3.5722999572753906,3.8617703914642334,-0.00024971424136310816,15.648092269897461,-15.245955467224121,-15.58044147491455,0.09867165982723236,0.9447347521781921,-0.4994656443595886,-0.22843892872333527,-1.3309987783432007,-0.5086767673492432,0.5368421077728271,-0.10938720405101776,6.042023181915283,6.725815773010254,-5.868403434753418,-5.571249961853027
494,1.584458589553833,1.8998708724975586,-2.2898831367492676,-1.0333776473999023,-5.526704788208008,-2.580476760864258,2.829230546951294,-0.8209133148193359,8.716104507446289,2.013639211654663,-4.689533710479736,-4.154882431030273,-8.505661964416504,15.375114440917969,-0.1625988632440567,2.2916531562805176,-1.3560936450958252,-0.17346429824829102,-3.0331966876983643,2.7285640239715576,-0.00024773995392024517,11.548067092895508,-15.321701049804688,-15.612736701965332,0.2842089533805847,0.8007426261901855,-0.4559136629104614,-0.1842198222875595,-1.2920571565628052,-0.5674440860748291,0.5090045928955078,-0.16075466573238373,3.130852222442627,5.868810653686523,-5.599817276000977,-4.953670501708984
495,2.7862350940704346,0.5622997879981995,-1.2947885990142822,-1.916125774383545,-4.692671775817871,-4.677524089813232,2.905860185623169,0.16699673235416412,7.661418437957764,9.127535820007324,-4.428886890411377,-3.7311160564422607,-7.9161224365234375,14.921547889709473,-0.05883851647377014,1.9851770401000977,-3.0929079055786133,2.3624489307403564,-2.597461223602295,2.0502357482910156,-0.00021557940635830164,2.9228394851088524e-06,-15.516812324523926,-15.578505516052246,0.4857342839241028,0.11562516540288925,-0.21814584732055664,-0.38923293352127075,-1.1115437746047974,-1.0028635263442993,0.5374689698219299,0.07134141027927399,2.0729541778564453,4.733044147491455,-5.596271514892578,-3.984182596206665
496,3.2443270683288574,-5.132158279418945,2.117138385772705,-3.398037910461426,-3.562195062637329,-6.550183296203613,2.8198013305664062,0.11175747215747833,1.065956473350525,8.522089004516602,-4.304760932922363,-2.9402153491973877,-6.593635559082031,6.3734564781188965,1.5549187660217285,2.4006659984588623,-4.541661262512207,-0.5481038093566895,-2.341395616531372,1.6418741941452026,8.814226021058857e-06,0.0004211890045553446,-15.564413070678711,-15.359480857849121,0.5495584011077881,-0.9430195093154907,0.5546338558197021,-0.7064528465270996,-0.8282047510147095,-1.6587624549865723,0.5239576101303101,0.02137281373143196,-0.038071900606155396,2.8334264755249023,-5.507809638977051,-2.8240582942962646
497,4.708395481109619,1.1211528778076172,0.4402366876602173,-6.472775459289551,-1.5108888149261475,-4.610119342803955,2.816145896911621,1.1856056451797485,-3.9114413261413574,7.682877063751221,-4.257435321807861,-10.317239761352539,-4.899657726287842,3.8468360900878906,2.5103163719177246,-0.5396959781646729,-0.1706385314464569,-2.6715197563171387,-1.2124686241149902,2.9326326847076416,-15.65192699432373,-0.00010345623013563454,-15.497859001159668,0.03724510222673416,0.909697949886322,0.45385411381721497,0.031921401619911194,-1.3926223516464233,-0.22716301679611206,-1.0214983224868774,0.5390297770500183,0.3023085296154022,-4.991850852966309,2.1096692085266113,-5.62583589553833,-2.066253900527954
498,4.078836917877197,-3.391792058944702,2.5107104778289795,-4.024956703186035,0.25315743684768677,-4.100589752197266,1.6331708431243896,1.7049529552459717,-1.9478559494018555,-1.8463718891143799,-4.163039207458496,5.570883274078369,-5.25799036026001,0.42578476667404175,1.201174259185791,-2.829113483428955,-1.2435014247894287,-4.185522556304932,-1.8487060070037842,4.0238261222839355,-15.7000150680542,-1.5657991170883179,-15.66681957244873,6.562204360961914,0.7439608573913574,-0.8327275514602661,0.6466718316078186,-0.7665658593177795,0.12013509124517441,-1.015601634979248,0.2701127529144287,0.40990331768989563,-7.818271160125732,-0.7748653292655945,-5.270631790161133,1.884954571723938
499,4.867714881896973,1.0988203287124634,1.7508713006973267,-1.0047645568847656,1.7137302160263062,4.088863372802734,4.271833419799805,2.0056097507476807,-1.9975194931030273,-2.035782814025879,-4.241420745849609,3.6672563552856445,-3.770045280456543,0.41744714975357056,1.706134557723999,-1.8674170970916748,-1.4930322170257568,0.8439133763313293,-0.29937469959259033,4.989356517791748,-15.67605209350586,-15.625861167907715,-15.647307395935059,15.64717960357666,0.9435138702392578,0.3869948983192444,0.3339811861515045,-0.09972973167896271,0.3865053951740265,1.3593930006027222,0.9304564595222473,0.5006937980651855,-7.272483825683594,-6.513155937194824,-5.542236804962158,5.163390636444092
500,3.2915384769439697,-2.8905444145202637,3.8790342807769775,-0.5109453797340393,-1.5921820402145386,0.33088231086730957,1.7410109043121338,2.005795478820801,-2.0056893825531006,-1.964865803718567,-3.9359891414642334,4.124955654144287,-2.363489866256714,-0.3135748505592346,2.9241483211517334,-1.0847351551055908,-3.1022775173187256,0.2776826024055481,-0.11345735192298889,4.557072639465332,-15.699045181274414,-15.56769847869873,-15.682286262512207,15.69282341003418,0.5657632350921631,-0.7715883255004883,0.9355730414390564,-0.08664698898792267,-0.4813871681690216,-0.0760364830493927,0.2576069235801697,0.4789641797542572,-7.568318843841553,-6.916359901428223,-4.649653434753418,5.337805271148682
501,4.706097602844238,-2.459641456604004,2.217094898223877,-0.14144356548786163,2.444567918777466,3.218691349029541,-0.03566121682524681,0.7542553544044495,-2.010261297225952,-2.0128517150878906,-3.393953800201416,4.095738410949707,-0.24364806711673737,-0.4771427512168884,3.9505672454833984,0.12416637688875198,-3.5188190937042236,0.5464534759521484,-1.0799659490585327,3.310920476913452,-15.70002269744873,-15.57263469696045,-15.69693374633789,15.662784576416016,1.0633424520492554,-0.4958599805831909,0.4410289525985718,-0.013720527291297913,0.6090774536132812,0.8119343519210815,-0.07484652101993561,0.11629252135753632,-7.138147354125977,-6.7720842361450195,-3.54888653755188,5.046487331390381
502,4.19937801361084,-3.335087537765503,2.2645301818847656,-0.2992561161518097,1.8298556804656982,2.6070683002471924,0.63869708776474,0.1480623483657837,-2.0507144927978516,-2.0069315433502197,-2.5778160095214844,4.01318883895874,0.4193135201931,-1.0816688537597656,4.143490314483643,0.3063194155693054,-3.8123619556427,1.0235878229141235,-1.240495204925537,2.4079272747039795,-15.502814292907715,-15.562159538269043,-15.450674057006836,15.680115699768066,0.9082850217819214,-0.7656059265136719,0.5343126058578491,-0.06516601145267487,0.3069029450416565,0.527376651763916,0.1469307690858841,0.005602378398180008,-7.166486740112305,-6.731800556182861,-2.3303449153900146,5.027520179748535
503,5.494916915893555,-4.1953816413879395,2.275974750518799,-1.1117651462554932,2.9616734981536865,2.4695069789886475,1.9876015186309814,-1.5484951734542847,-2.0100300312042236,-2.017746925354004,-7.441006183624268,4.05023717880249,2.285428285598755,-2.7125437259674072,3.8014659881591797,-0.0738440603017807,-3.741405725479126,1.2129560708999634,0.4363672733306885,0.5340427756309509,-15.609490394592285,-15.651220321655273,-0.010099980980157852,15.695040702819824,1.4453762769699097,-1.0252416133880615,0.5179753303527832,-0.2526787519454956,0.5848439335823059,0.5222907066345215,0.4462812542915344,-0.3576483428478241,-6.94521427154541,-6.601408958435059,-1.3669049739837646,4.924849987030029
504,5.460216999053955,-5.630245208740234,1.9684484004974365,-1.3945446014404297,2.414562940597534,3.5459768772125244,4.554401874542236,-0.6885982155799866,-2.062910556793213,-2.0314152240753174,7.543673515319824,4.156142234802246,4.310604572296143,-5.1084465980529785,3.402914047241211,-0.7673662304878235,-3.8168997764587402,1.855299472808838,4.6597981452941895,-0.64158034324646,-15.667409896850586,-15.661526679992676,12.961318969726562,15.616569519042969,1.5021449327468872,-1.7681227922439575,0.436255544424057,-0.2948058247566223,0.4163118004798889,0.8444344997406006,1.1237274408340454,-0.10871897637844086,-6.657857894897461,-6.403170108795166,3.1203486919403076,5.378657817840576
505,5.765341281890869,-3.2988181114196777,-1.2806720733642578,-1.8572927713394165,1.2202147245407104,-0.9568877816200256,4.524467468261719,-2.0285098552703857,-2.0228962898254395,-2.022249698638916,3.706932544708252,4.201858043670654,6.305272579193115,-7.3211236000061035,1.0993224382400513,-1.8473612070083618,-4.615597724914551,0.6439480185508728,7.362122058868408,-2.3022842407226562,-15.678305625915527,-15.654402732849121,15.705439567565918,15.66717529296875,1.9036179780960083,-0.792685329914093,-0.36980658769607544,-0.40993690490722656,0.17378537356853485,-0.3642999529838562,1.2036926746368408,-0.4834952652454376,-5.9942307472229,-6.481988906860352,4.918125629425049,5.354084014892578
506,5.408164978027344,-4.380162715911865,-2.3854317665100098,-0.6921576857566833,-1.993452787399292,-1.5694658756256104,4.422325611114502,-2.073749303817749,-2.0087294578552246,-2.0129904747009277,4.125899791717529,4.331882953643799,8.588857650756836,-9.986345291137695,-1.582369327545166,-2.5459020137786865,-7.318549633026123,-1.5103408098220825,8.684823036193848,-3.702880859375,-15.669607162475586,-15.644265174865723,15.694058418273926,15.614053726196289,1.9463833570480347,-1.6233283281326294,-0.5298301577568054,-0.1039193719625473,-0.6568869352340698,-0.3476499617099762,1.2532484531402588,-0.4691210687160492,-5.515517234802246,-6.05465841293335,5.378412246704102,5.547147274017334
507,5.205250263214111,-4.311075210571289,-1.9783732891082764,0.4322403371334076,-2.855348825454712,-2.8798420429229736,4.763341426849365,-2.4731433391571045,-2.0041451454162598,-2.01719331741333,4.148012638092041,4.446691513061523,10.865041732788086,-12.65079402923584,-3.7288737297058105,-2.70536470413208,-10.611995697021484,-4.4780497550964355,9.431352615356445,-5.100212574005127,-15.333476066589355,-15.67784595489502,15.684526443481445,15.634806632995605,2.300743579864502,-1.8675464391708374,-0.4264734983444214,0.12313443422317505,-0.9522778987884521,-0.7361966371536255,1.4407439231872559,-0.6053407788276672,-4.94887113571167,-5.67629337310791,5.345963954925537,6.144693374633789
508,4.633524417877197,-4.037613391876221,-0.36755186319351196,1.6851894855499268,-2.2913663387298584,-3.2282509803771973,3.995633125305176,-2.9632842540740967,-2.4023377895355225,-2.0124261379241943,4.156522750854492,4.495713710784912,13.138266563415527,-14.52287483215332,-4.308108329772949,-2.1219232082366943,-12.670736312866211,-7.572551727294922,9.301810264587402,-6.481511116027832,-14.117942810058594,-15.698156356811523,15.687657356262207,15.648301124572754,2.2658324241638184,-2.0774574279785156,-0.01844220608472824,0.35699766874313354,-0.7890927195549011,-0.9079681634902954,1.147464632987976,-0.7709773778915405,-4.198390960693359,-5.258430004119873,5.369296550750732,6.545750141143799
509,3.8178539276123047,-3.909604549407959,0.4651458263397217,1.5892668962478638,-0.6447490453720093,-2.6143360137939453,2.9130897521972656,-2.949018955230713,-8.642285346984863,-2.0867228507995605,4.210333347320557,4.611720085144043,16.350317001342773,-14.886561393737793,-3.555253028869629,-0.6742118000984192,-11.901747703552246,-10.105328559875488,8.35870361328125,-7.928378582000732,0.00016866999794729054,-15.237761497497559,15.626664161682129,15.620601654052734,2.1520447731018066,-2.1145782470703125,0.11387313157320023,0.306765615940094,-0.11993221193552017,-0.7845456600189209,0.754604160785675,-0.8012377619743347,-3.039644241333008,-4.2131452560424805,5.338339328765869,6.2658257484436035
510,3.172703981399536,-3.601644277572632,-2.8572258949279785,1.0518840551376343,5.713752269744873,-0.3916829824447632,1.0604052543640137,-2.065791130065918,4.381986618041992,-2.239628553390503,4.277894020080566,4.173398494720459,17.21500015258789,-15.117547988891602,-4.124589920043945,-0.7385329604148865,-5.305247783660889,-9.733572959899902,6.769081115722656,-4.038822174072266,7.2198967933654785,-14.501738548278809,15.724056243896484,-0.16618633270263672,1.8018450736999512,-1.9279946088790894,-0.8020754456520081,0.18900887668132782,1.268152117729187,0.0021484792232513428,0.1824328899383545,-0.5353478789329529,2.083348035812378,-2.7879319190979004,5.7323222160339355,5.197813510894775
511,2.7963716983795166,-3.534067153930664,-0.21107815206050873,-1.4383141994476318,7.254883289337158,2.37386417388916,-2.3877010345458984,-5.016053199768066,3.22698712348938,-6.759354591369629,4.201026916503906,12.960664749145508,16.641616821289062,-16.57807731628418,-4.219305038452148,-1.109866738319397,2.1190874576568604,-7.006404399871826,4.159989356994629,-5.8429718017578125,15.426054000854492,7.580303645227104e-05,15.496601104736328,-0.03155820071697235,1.545122504234314,-2.0697433948516846,0.06597346812486649,-0.39567744731903076,2.0504159927368164,0.47871798276901245,-0.5362986326217651,-1.3496544361114502,6.258861541748047,-1.5900530815124512,5.206343173980713,2.59903621673584
512,0.7899220585823059,-2.012509822845459,3.4332680702209473,-0.08101554214954376,6.711524486541748,4.607379913330078,-3.824803590774536,-0.12182909995317459,1.989587426185608,4.6228203773498535,4.100571155548096,14.611040115356445,13.74235725402832,-16.2980899810791,-2.3019349575042725,-0.554749608039856,8.068751335144043,-2.0110435485839844,1.4805494546890259,-6.119903087615967,15.639261245727539,7.072231292724609,15.604857444763184,0.00670865923166275,0.13310660421848297,-0.839452862739563,0.7489901781082153,0.0368666797876358,2.8798413276672363,0.9584566354751587,-0.7644443511962891,0.19139976799488068,7.235960960388184,2.0686123371124268,4.948025226593018,3.5260608196258545
513,-6.388946056365967,-0.1772436797618866,-0.007818502373993397,2.7452783584594727,5.171974182128906,5.433398246765137,-2.6540884971618652,-1.625678300857544,2.110379457473755,3.43730092048645,5.5792059898376465,11.751431465148926,4.994996547698975,-15.330755233764648,-0.4365818500518799,-0.3380950093269348,12.280375480651855,3.82858943939209,-0.1543700397014618,-6.71165657043457,15.563996315002441,14.959970474243164,15.61712646484375,0.022837433964014053,-1.48233163356781,0.07759881764650345,-0.11924707144498825,0.6446906924247742,2.353877544403076,1.420947551727295,-0.47773265838623047,-0.4864862859249115,6.497941493988037,5.185080051422119,5.081858158111572,2.4359819889068604
514,-5.3584113121032715,8.373429298400879,-2.591233730316162,-1.5140632390975952,4.305270671844482,2.3783836364746094,-4.475957870483398,1.4382988214492798,2.0499062538146973,1.99771249294281,4.341082572937012,-5.527642250061035,-0.6658182144165039,-7.73293924331665,-0.09078209847211838,-0.9837708473205566,13.573180198669434,7.002943515777588,-2.1911909580230713,-1.945438265800476,15.62152099609375,15.687742233276367,15.43192195892334,-15.329878807067871,-1.1393353939056396,1.9608477354049683,-0.6229893565177917,-0.4677252173423767,2.172654867172241,0.4959605038166046,-1.0264016389846802,0.3655501902103424,6.895273685455322,5.626356601715088,5.232443809509277,-2.0855469703674316
515,-5.927928924560547,8.523626327514648,-3.4476511478424072,1.3922544717788696,3.8185484409332275,0.1376097947359085,-5.819643497467041,2.8963327407836914,2.021981954574585,1.9985219240188599,4.275393962860107,-4.02854585647583,-4.867611408233643,-0.814382791519165,0.05960027873516083,-0.5291752219200134,13.320173263549805,6.899629592895508,-4.538880348205566,-1.5250244140625,15.700006484985352,15.699867248535156,15.194511413574219,-15.683340072631836,-1.7805553674697876,2.2696216106414795,-0.7277121543884277,0.3805955648422241,1.7436243295669556,-0.06896236538887024,-1.4243258237838745,0.6095086932182312,6.724604606628418,5.9818220138549805,4.553062915802002,-6.45446252822876
516,-5.588254928588867,7.449533939361572,-3.558380126953125,0.8611910939216614,3.031693458557129,0.3172944486141205,-6.216002464294434,4.047998428344727,2.0065557956695557,2.002793550491333,7.237929821014404,-4.386640548706055,-7.4331746101379395,4.82041072845459,0.1339952051639557,0.19805020093917847,12.17689323425293,6.196472644805908,-2.1610004901885986,-0.6984773874282837,15.694475173950195,15.700019836425781,0.024271585047245026,-15.646780014038086,-1.922472596168518,2.5365028381347656,-0.7160418033599854,0.15221960842609406,1.1034889221191406,0.08979301154613495,-1.5429433584213257,0.8320466876029968,6.939660549163818,6.113104343414307,3.967862606048584,-6.325758457183838
517,-5.464761734008789,6.518889904022217,-3.099315881729126,0.2930692434310913,0.7320556044578552,0.2435476928949356,-7.775320529937744,4.7000274658203125,2.009998321533203,2.016880512237549,10.88875961303711,-4.3447418212890625,-9.060462951660156,9.041850090026855,0.06366807222366333,0.9306768774986267,10.048920631408691,5.304550647735596,-4.910379409790039,0.6275495290756226,15.660680770874023,15.640462875366211,0.04797513782978058,-15.696657180786133,-2.1778323650360107,3.1567583084106445,-0.6172456741333008,0.03856514394283295,0.07673081010580063,0.0563688799738884,-1.921201229095459,0.983880341053009,6.837035655975342,6.567444801330566,2.0968172550201416,-5.753847599029541
518,-5.0692219734191895,5.563366889953613,-3.5559744834899902,0.12810537219047546,-2.408222198486328,0.06148438900709152,-5.575129508972168,5.199493408203125,2.006598949432373,2.0161468982696533,9.468274116516113,-4.276048183441162,-10.142066955566406,11.855705261230469,-0.2336852252483368,1.5465461015701294,7.045372009277344,4.325511455535889,-6.963593482971191,2.446357488632202,15.616782188415527,15.674753189086914,0.00807763822376728,-15.586291313171387,-2.0301513671875,3.177231550216675,-0.7304413318634033,0.020599886775016785,-0.5029892921447754,0.005912289023399353,-1.3612549304962158,1.143678069114685,6.90137243270874,6.626779079437256,1.95097017288208,-5.343212127685547
519,-4.229690074920654,4.819201946258545,-3.189610481262207,0.016627702862024307,-3.881455183029175,-0.29130449891090393,-4.226451396942139,4.19905948638916,2.055910587310791,2.0317630767822266,7.723207473754883,-4.205325603485107,-10.546727180480957,13.92273998260498,-0.24769708514213562,2.388361930847168,3.8870689868927,3.2226133346557617,-8.587882995605469,4.1080803871154785,15.652365684509277,15.686882019042969,9.300559759140015e-05,-15.65929889678955,-1.5370270013809204,2.8244283199310303,-0.6333518028259277,-0.0008884817361831665,-0.7507436275482178,-0.06443777680397034,-1.1127952337265015,0.9264768958091736,6.772116661071777,6.693184852600098,1.5271637439727783,-5.280795574188232
520,-3.0542447566986084,4.098596096038818,-2.615683078765869,-0.16544440388679504,-4.079428195953369,-1.0895835161209106,-2.165297746658325,2.9495697021484375,2.020092725753784,2.0113515853881836,1.020498514175415,-4.207605361938477,-10.732870101928711,15.08971881866455,-0.30628570914268494,2.85097074508667,1.3219995498657227,2.059161424636841,-9.466863632202148,5.434884071350098,15.637442588806152,15.696806907653809,-0.022007828578352928,-15.62796401977539,-0.9569957852363586,2.3158578872680664,-0.5087436437606812,-0.03691990673542023,-0.8211334347724915,-0.22991406917572021,-0.5231464505195618,0.660154402256012,6.607150077819824,6.651504039764404,-0.05092352628707886,-5.290113925933838
521,-1.4805095195770264,3.4802744388580322,-2.5694687366485596,-0.6610522866249084,-4.798022270202637,-1.0238922834396362,1.3812577724456787,0.761620044708252,2.021040439605713,2.0216197967529297,-3.5544655323028564,-4.202156066894531,-10.435962677001953,15.832165718078613,-0.39391380548477173,2.965958595275879,-1.0341225862503052,1.1684707403182983,-4.717574119567871,5.653059959411621,15.668618202209473,15.674338340759277,-15.633837699890137,-15.613778114318848,-0.3725181818008423,1.8184150457382202,-0.514995276927948,-0.13794584572315216,-1.112054467201233,-0.19383835792541504,0.40342170000076294,0.08995358645915985,6.32359504699707,6.777483940124512,-5.442176818847656,-5.361714839935303
522,0.23344303667545319,2.6331570148468018,-2.527163028717041,-1.5489330291748047,-5.5729193687438965,-2.118509292602539,3.7429583072662354,-0.1541692316532135,2.0069081783294678,2.0067615509033203,-4.636142730712891,-4.423242092132568,-9.221057891845703,16.02854347229004,-0.2296246439218521,2.3982183933258057,1.534651756286621,0.2589360475540161,-3.9468870162963867,5.316362380981445,0.0016050338745117188,15.596628189086914,-15.245138168334961,-15.621156692504883,0.12933042645454407,1.1978100538253784,-0.5085198879241943,-0.3157503008842468,-1.5183123350143433,-0.46600058674812317,0.7350391745567322,-0.06683073937892914,6.448592185974121,6.944797515869141,-5.877139091491699,-5.651453495025635
523,2.8899753093719482,1.1796141862869263,-2.50224232673645,-0.6324014663696289,-6.600972652435303,-3.5129430294036865,4.176111698150635,-1.4763718843460083,7.84330940246582,2.0121188163757324,-4.587744235992432,-4.275687217712402,-8.266167640686035,15.677935600280762,0.12142501771450043,2.5245168209075928,-0.8835412859916687,-1.1836636066436768,-3.061033010482788,3.7553799152374268,-0.00024172686971724033,15.691781044006348,-15.428936004638672,-15.56200122833252,0.5404729247093201,0.38356006145477295,-0.5000466704368591,-0.08534757792949677,-1.6746306419372559,-0.8215298652648926,0.7718932032585144,-0.30052992701530457,2.1451354026794434,6.247481822967529,-5.796540260314941,-5.304047107696533
524,1.7242889404296875,1.0666440725326538,-1.9080294370651245,-1.4051551818847656,-4.826565742492676,-2.0457441806793213,3.364973783493042,-0.40896105766296387,8.275141716003418,2.0088729858398438,-4.604555606842041,-4.057656288146973,-7.892146110534668,14.894956588745117,0.3916849195957184,2.5024678707122803,-2.6358532905578613,2.957167625427246,-2.3530235290527344,2.8849401473999023,-0.00021817744709551334,0.0023145675659179688,-15.506367683410645,-15.729355812072754,0.23998771607875824,0.4364358186721802,-0.3576018810272217,-0.2877752184867859,-1.0833319425582886,-0.3833030164241791,0.5957837700843811,-0.039233069866895676,2.7741963863372803,5.841031074523926,-5.632038116455078,-4.6995015144348145
525,4.765398025512695,-3.3157010078430176,-0.03789034113287926,-3.2576756477355957,-3.8468968868255615,-6.498915195465088,2.9400596618652344,0.5567508339881897,1.989537239074707,6.356227397918701,-4.3193278312683105,-3.165236234664917,-6.846367359161377,13.800146102905273,-0.08676284551620483,1.3297597169876099,-4.134936809539795,1.208045482635498,-1.837337613105774,2.4083480834960938,-9.169353870674968e-05,-0.0002522528520785272,-15.550444602966309,-15.635376930236816,0.9281386137008667,-0.6425904035568237,0.06331828981637955,-0.6844845414161682,-0.9047584533691406,-1.7451863288879395,0.5391243100166321,0.15871043503284454,0.1588434875011444,1.3689372539520264,-5.572429656982422,-3.1180741786956787
526,4.607212066650391,-6.656482219696045,1.7634966373443604,-3.497948169708252,-3.637235164642334,-5.5318474769592285,3.1693408489227295,1.7860053777694702,-4.489756107330322,7.307836532592773,-4.31305456161499,-7.47892427444458,-5.129209041595459,4.201550006866455,1.1515382528305054,1.2940003871917725,-1.2559694051742554,-1.690416693687439,-1.2304707765579224,4.078012943267822,-14.48685073852539,7.307576015591621e-05,-15.557923316955566,-0.04505620896816254,0.8184005618095398,-1.1677089929580688,0.4207831919193268,-0.6902308464050293,-0.8308650255203247,-1.230467438697815,0.6158191561698914,0.4472790062427521,-4.584721565246582,2.0885889530181885,-5.572469711303711,-2.425900936126709
527,5.63911247253418,-2.05075740814209,1.4399324655532837,-5.212189197540283,2.775907516479492,-3.4261746406555176,2.4648287296295166,1.6071974039077759,-1.944449782371521,-3.7199769020080566,-4.244503021240234,9.422258377075195,-3.032472610473633,1.7960686683654785,1.7968162298202515,0.2003086805343628,-0.9115108251571655,-1.673905849456787,-0.8306677341461182,5.5435333251953125,-15.700005531311035,-6.04439115524292,-15.663963317871094,15.681624412536621,1.1683335304260254,-0.2720966637134552,0.2945314943790436,-1.109867811203003,0.8451104164123535,-0.7212148904800415,0.45609086751937866,0.38390034437179565,-6.857438087463379,-1.370678424835205,-5.51949405670166,5.1077046394348145
528,1.9262105226516724,1.4190272092819214,2.2398884296417236,-2.565340995788574,0.7740678191184998,-0.5496989488601685,4.712662220001221,2.2785775661468506,-1.9970752000808716,-1.8358601331710815,-4.268125057220459,3.705845832824707,-3.4192278385162354,0.6535936594009399,1.1451209783554077,-0.835793673992157,-1.3687344789505005,0.4228982627391815,0.6926937103271484,5.4336700439453125,-15.70001220703125,-15.70005989074707,-15.654443740844727,15.702054977416992,0.23597775399684906,0.43589094281196594,0.5202654004096985,-0.4164273142814636,0.07581671327352524,0.016352295875549316,1.041776418685913,0.5968891382217407,-7.346733093261719,-6.926029682159424,-5.556336879730225,4.618527889251709
529,3.141724109649658,-2.871410608291626,3.878303289413452,-0.9658933877944946,-1.1342856884002686,0.9739008545875549,1.5477887392044067,2.2179949283599854,-2.0134379863739014,-2.006403684616089,-4.213170528411865,4.140622138977051,-2.618985414505005,-0.14339914917945862,2.2612829208374023,-0.7499348521232605,-2.712848663330078,-0.06961196660995483,0.9153621196746826,5.137213230133057,-15.67735767364502,-15.70001220703125,-15.636415481567383,15.6865234375,0.6321285367012024,-0.7725025415420532,0.8932508826255798,-0.13901539146900177,-0.3204926550388336,0.2551199793815613,0.2022341638803482,0.5376212000846863,-7.628145694732666,-7.047941207885742,-5.258053779602051,5.4218668937683105
530,4.181275844573975,-2.6299612522125244,2.5452029705047607,-0.4345879852771759,1.618639588356018,3.0364818572998047,0.07546380907297134,0.5964453816413879,-2.00740122795105,-2.0265016555786133,-3.7543447017669678,4.145688056945801,-0.8243128061294556,-0.5774474143981934,3.285992383956909,0.09409648180007935,-3.41007661819458,0.04857476055622101,-0.05507633090019226,3.5962586402893066,-15.700024604797363,-15.620707511901855,-15.697047233581543,15.671194076538086,0.8965113162994385,-0.5391113758087158,0.5141593813896179,-0.06662072241306305,0.40142542123794556,0.7179063558578491,-0.04263682663440704,0.06366969645023346,-7.203182697296143,-6.871731758117676,-4.252567291259766,5.132394790649414
531,4.306598663330078,-3.045974016189575,2.2459332942962646,-0.711311936378479,2.0445094108581543,2.914095640182495,-0.33791255950927734,-0.24753183126449585,-2.024210214614868,-2.006010055541992,-3.026397705078125,4.174167633056641,-0.19620728492736816,-1.18490731716156,3.5881168842315674,-0.05874115228652954,-3.606837749481201,0.5714126229286194,-0.9823424220085144,2.3917324542999268,-15.595649719238281,-15.554298400878906,-15.557190895080566,15.75413990020752,0.9137219190597534,-0.6672013998031616,0.49576833844184875,-0.15271390974521637,0.38670578598976135,0.608649492263794,-0.08434076607227325,-0.07996563613414764,-7.1612629890441895,-6.810855865478516,-2.9057557582855225,5.047368049621582
532,5.307866096496582,-3.6865739822387695,2.2293272018432617,-1.1021528244018555,2.961693286895752,2.4430737495422363,0.8208886981010437,-1.760273814201355,-2.0417699813842773,-2.045449733734131,-2.2296464443206787,3.9954121112823486,1.7677232027053833,-2.3324477672576904,4.003162384033203,-0.22452664375305176,-3.4977259635925293,0.8099305033683777,-1.1963967084884644,0.42297154664993286,-15.662943840026855,-15.640336036682129,-15.605915069580078,15.710929870605469,1.3311573266983032,-0.869594156742096,0.5146969556808472,-0.236174538731575,0.5790069699287415,0.49471333622932434,0.20128946006298065,-0.39286696910858154,-7.009919166564941,-6.6374335289001465,-1.9554722309112549,4.905964374542236
533,5.557850360870361,-4.091869831085205,2.155639886856079,-1.7786118984222412,2.6376123428344727,2.802755832672119,2.794436454772949,-2.3269753456115723,-2.0569827556610107,-2.029486656188965,-5.031381130218506,3.9433062076568604,3.6970362663269043,-4.06203556060791,3.39591383934021,-0.9864150881767273,-3.527590751647949,1.1962841749191284,1.1549861431121826,-1.5554640293121338,-15.70000171661377,-15.699441909790039,-0.023064423352479935,15.655048370361328,1.5067819356918335,-1.042943000793457,0.4787706434726715,-0.39125752449035645,0.4704137146472931,0.6166712045669556,0.6356746554374695,-0.5033655166625977,-6.628846645355225,-6.601315021514893,-0.8266914486885071,4.785990238189697
534,5.5693769454956055,-5.6072096824646,1.0793436765670776,-1.795140266418457,0.13460542261600494,2.579695463180542,4.580844879150391,-1.2048686742782593,-2.013892412185669,-2.0266239643096924,7.6274333000183105,4.157169342041016,5.876356601715088,-6.776484489440918,2.0927438735961914,-1.967536449432373,-4.908574104309082,1.464799404144287,5.383118152618408,-2.7480907440185547,-15.69096851348877,-15.666810989379883,15.693944931030273,15.666966438293457,1.7157644033432007,-1.9490861892700195,0.19140511751174927,-0.38063275814056396,-0.061642907559871674,0.547814667224884,1.1496729850769043,-0.21921584010124207,-6.397806167602539,-6.2927656173706055,8.217472076416016,5.367058753967285
535,5.605633735656738,-3.2085108757019043,-1.5643110275268555,-1.1982731819152832,-0.6740118861198425,-2.6320061683654785,5.1911444664001465,-1.3364479541778564,-2.0071067810058594,-2.0174925327301025,3.978534460067749,4.264692783355713,8.072785377502441,-9.010790824890137,-0.20733949542045593,-2.689758539199829,-6.880695343017578,-0.8881610631942749,7.958203315734863,-3.7831034660339355,-15.654397010803223,-15.6572904586792,15.701513290405273,15.670385360717773,2.054215669631958,-0.8308607339859009,-0.40668147802352905,-0.23790451884269714,-0.20497876405715942,-0.758186936378479,1.444161057472229,-0.30805715918540955,-5.547987937927246,-6.038171768188477,4.9413743019104,5.589410781860352
536,5.249105930328369,-4.502751350402832,-2.1744863986968994,0.5981491804122925,-3.0037643909454346,-2.744744062423706,5.0659499168396,-2.7686750888824463,-2.0071940422058105,-2.0186057090759277,4.1483025550842285,4.411182880401611,10.402535438537598,-11.665474891662598,-2.6195123195648193,-2.81182599067688,-10.21170711517334,-4.0081963539123535,9.436473846435547,-5.163349151611328,-15.495709419250488,-15.667033195495605,15.682245254516602,15.630663871765137,2.1956796646118164,-1.9933900833129883,-0.4864283800125122,0.18006722629070282,-1.069944143295288,-0.637035608291626,1.5026971101760864,-0.7218666672706604,-5.136072158813477,-5.59360408782959,5.406315803527832,6.1031646728515625
537,4.639502048492432,-4.451137542724609,-0.3265100121498108,1.8477116823196411,-2.539848804473877,-3.399057626724243,4.568241596221924,-3.0334553718566895,-2.3583996295928955,-2.0674641132354736,4.204893112182617,4.793060779571533,13.69842529296875,-12.809045791625977,-2.8258156776428223,-1.2366074323654175,-12.911810874938965,-7.631363868713379,9.651590347290039,-6.776947975158691,-14.289569854736328,-15.683858871459961,15.706210136413574,15.697274208068848,2.2782998085021973,-2.1553738117218018,0.0007319524884223938,0.3933599591255188,-0.902742862701416,-0.9759471416473389,1.3514258861541748,-0.7866933345794678,-4.437620162963867,-5.063020706176758,5.4104228019714355,6.597189426422119
538,3.8788821697235107,-4.44370174407959,-0.8010422587394714,0.4218960106372833,-1.495837688446045,-1.9007223844528198,3.26911997795105,-3.2512660026550293,-5.895761966705322,-1.9801175594329834,4.153615474700928,4.4495062828063965,16.040620803833008,-14.227745056152344,-3.1179747581481934,-0.8802568316459656,-12.438545227050781,-9.47781753540039,9.07624626159668,-7.988931655883789,0.00018421589629724622,-15.468548774719238,15.654690742492676,15.606579780578613,2.1303515434265137,-2.5912346839904785,-0.19729650020599365,0.03140217065811157,-0.4695027768611908,-0.4872903525829315,0.884050190448761,-0.8946437239646912,-3.3074984550476074,-4.179681301116943,5.385809898376465,6.242437839508057
539,3.2815041542053223,-3.9685821533203125,-2.5839929580688477,1.1549474000930786,4.991716384887695,-0.2809178829193115,1.1024335622787476,-3.4987881183624268,4.769951343536377,-2.1047818660736084,4.332621097564697,18.73288345336914,17.231292724609375,-15.23501968383789,-4.071836471557617,-1.248596429824829,-6.8823018074035645,-9.367910385131836,7.278429985046387,-4.671055316925049,8.236851692199707,-1.1899890899658203,15.664898872375488,0.18649616837501526,1.9373477697372437,-2.202195167541504,-0.6674206852912903,0.24772249162197113,1.1120597124099731,0.004185110330581665,0.18147358298301697,-0.7981889247894287,2.585049867630005,-2.790234327316284,5.621506214141846,4.928083896636963
540,2.631190061569214,-3.6872682571411133,-0.05065895989537239,-0.20772917568683624,8.036910057067871,4.855937957763672,-4.785057067871094,-1.5500823259353638,2.959766387939453,5.643896102905273,4.19669246673584,14.878414154052734,16.29973793029785,-16.908103942871094,-4.020772457122803,-1.0254524946212769,1.4966446161270142,-4.881446361541748,3.386258363723755,-5.194650173187256,15.633955955505371,7.1347761154174805,15.519659042358398,0.007016777992248535,1.3814518451690674,-2.399684190750122,0.09756291657686234,-0.09335470199584961,2.5407772064208984,1.0406385660171509,-1.0397058725357056,-0.2889402210712433,6.58908224105835,3.3205034732818604,4.923124313354492,3.274495840072632
541,0.6816025972366333,-2.5144765377044678,1.287460207939148,0.8396190404891968,6.760035037994385,6.938642501831055,-2.8019144535064697,-2.295954465866089,1.9856878519058228,3.2606232166290283,4.137389659881592,12.552326202392578,13.137489318847656,-16.096817016601562,-3.063807487487793,-0.3457179069519043,7.55410623550415,1.9646140336990356,0.8923572897911072,-6.004144668579102,15.64442253112793,15.467626571655273,15.565291404724121,0.02583375945687294,0.08700023591518402,-1.1961147785186768,0.2767687737941742,0.20370008051395416,2.6303791999816895,1.9131925106048584,-0.4738619923591614,-0.6037225127220154,6.684355735778809,5.566464900970459,5.116419792175293,2.6814873218536377
542,-5.700273036956787,0.31065797805786133,0.7860764861106873,0.8746263384819031,5.422567367553711,4.675533294677734,-2.4034955501556396,-1.7929611206054688,2.0836591720581055,2.0043320655822754,4.384373188018799,11.413281440734863,4.35938835144043,-14.645700454711914,-1.0721476078033447,-0.8870732188224792,11.857207298278809,5.726903915405273,-0.6995772123336792,-6.753749847412109,15.572835922241211,15.679523468017578,15.49321460723877,0.03024042770266533,-1.241742491722107,0.2680739164352417,0.1276484727859497,0.17601250112056732,2.580594062805176,1.1746371984481812,-0.4732204079627991,-0.43562352657318115,6.721701145172119,5.459527969360352,5.306366920471191,2.440096139907837
543,-4.883437633514404,8.539501190185547,-1.788096308708191,-2.507718086242676,4.488793849945068,1.0061477422714233,-3.755204677581787,2.133375883102417,2.036414623260498,2.019160032272339,4.421141624450684,-5.559805393218994,-0.47229859232902527,-7.097014904022217,-0.2065093219280243,-1.5950558185577393,13.272332191467285,6.7070722579956055,-2.571976900100708,-1.8665204048156738,15.634778022766113,15.700011253356934,15.436495780944824,-15.615118980407715,-1.023972511291504,2.0630593299865723,-0.46062707901000977,-0.6540740132331848,2.2698683738708496,0.09825929999351501,-0.863973081111908,0.5360449552536011,6.707736015319824,6.113784313201904,5.495987892150879,-3.1640286445617676
544,-5.826571464538574,8.343158721923828,-3.5879080295562744,1.6231666803359985,3.8491709232330322,-0.9838998913764954,-4.907841205596924,2.7526628971099854,2.0224602222442627,2.0066781044006348,4.293506145477295,-4.14912223815918,-4.661083698272705,-0.924852728843689,0.08291483670473099,-1.0831855535507202,13.15203857421875,5.553768157958984,-4.7029571533203125,-1.5509538650512695,15.700008392333984,15.69989013671875,15.185035705566406,-15.686202049255371,-1.7226711511611938,2.1610870361328125,-0.7931451797485352,0.46870410442352295,1.714304804801941,-0.24385926127433777,-1.2049791812896729,0.5506320595741272,6.839646339416504,6.088512420654297,4.746341228485107,-6.393436431884766
545,-5.528102874755859,7.456557750701904,-3.5842857360839844,0.8423596024513245,3.0588107109069824,-0.5386223793029785,-5.187658309936523,3.874372720718384,2.007634162902832,2.0046870708465576,4.155698299407959,-4.397402286529541,-7.335153579711914,4.23301887512207,0.08855998516082764,-0.4167498052120209,12.100848197937012,4.422501087188721,-6.723802089691162,-0.7603827118873596,15.700006484985352,15.699774742126465,15.122982025146484,-15.709063529968262,-1.8588274717330933,2.462301731109619,-0.7200574278831482,0.1366705745458603,1.1114349365234375,-0.07913656532764435,-1.3494561910629272,0.7955287098884583,7.05553674697876,6.19355583190918,4.192152500152588,-6.277612209320068
546,-5.047152042388916,6.5226216316223145,-3.844402551651001,0.6917346119880676,1.1957190036773682,-0.12681493163108826,-6.826109409332275,4.066800117492676,2.0147225856781006,2.005760669708252,15.131383895874023,-4.376118183135986,-8.577430725097656,8.449920654296875,-0.2870981693267822,0.3623313307762146,10.194684982299805,3.573880910873413,-4.319316864013672,0.2915405333042145,15.700010299682617,15.699976921081543,-0.016815759241580963,-15.620491981506348,-1.8207124471664429,2.696406364440918,-0.7857260704040527,0.13224200904369354,0.2529490888118744,-0.009033486247062683,-1.63064444065094,0.8275689482688904,7.044821262359619,6.448735237121582,3.469514846801758,-5.931054592132568
547,-5.291790008544922,5.881275653839111,-3.605811357498169,0.09165812283754349,-2.4672117233276367,-0.8902435302734375,-5.207427024841309,6.041117191314697,2.0667920112609863,2.0311734676361084,10.794946670532227,-4.198195934295654,-9.771434783935547,11.113484382629395,0.040955930948257446,1.1841486692428589,7.215280055999756,2.4894216060638428,-6.302329063415527,2.4304418563842773,15.65868854522705,15.612543106079102,0.026712566614151,-15.689478874206543,-2.312940835952759,3.3804733753204346,-0.72254478931427,-0.003922119736671448,-0.5418797731399536,-0.18869146704673767,-1.244192123413086,1.3892817497253418,6.980905532836914,6.6574811935424805,2.130380868911743,-5.200308799743652
548,-4.233092784881592,5.0315752029418945,-3.6357343196868896,0.06361940503120422,-3.781970977783203,-0.566922664642334,-4.094166278839111,3.7276463508605957,2.01880145072937,2.0353481769561768,8.100752830505371,-4.222031116485596,-10.47592830657959,12.901104927062988,-0.31211915612220764,1.6895867586135864,4.092489719390869,1.6509325504302979,-7.861136436462402,3.966503858566284,15.652952194213867,15.656547546386719,0.006154136266559362,-15.636533737182617,-1.479256510734558,2.768822431564331,-0.736530065536499,0.012351080775260925,-0.721906840801239,-0.0958070456981659,-1.0529557466506958,0.7598079442977905,6.722499847412109,6.675180435180664,1.5747900009155273,-5.275564670562744
549,-2.903688907623291,4.3173747062683105,-2.7632200717926025,0.0538422092795372,-4.316848278045654,-1.5231231451034546,-2.044782876968384,2.657038688659668,2.010565996170044,2.0166521072387695,1.224403977394104,-4.169160842895508,-10.540664672851562,14.154531478881836,-0.3235059976577759,2.264113426208496,1.4167438745498657,0.6843660473823547,-8.733399391174316,5.142689228057861,15.658159255981445,15.657689094543457,0.010627374053001404,-15.638214111328125,-0.8812390565872192,2.262291193008423,-0.5281001329421997,0.01118539273738861,-0.8845149874687195,-0.33252760767936707,-0.47130823135375977,0.5900688767433167,6.518012523651123,6.572334289550781,-0.017039358615875244,-5.217651844024658
550,-1.290932059288025,3.633892297744751,-2.785837411880493,-0.6449193954467773,-5.025702476501465,-1.1507123708724976,1.7332854270935059,0.4049965739250183,2.03627347946167,2.0286457538604736,-3.539076805114746,-4.201826095581055,-10.146353721618652,15.005712509155273,-0.09956441074609756,2.3906235694885254,-1.0130122900009155,0.03290335461497307,-3.9086155891418457,5.133505821228027,15.641798973083496,15.68239688873291,-15.495744705200195,-15.611416816711426,-0.3039558529853821,1.7635383605957031,-0.5641499161720276,-0.14514018595218658,-1.1752649545669556,-0.21596351265907288,0.4747900366783142,-0.0024953000247478485,6.209069728851318,6.586641311645508,-5.4280805587768555,-5.294150352478027
551,0.6864182353019714,2.620847225189209,-2.9332568645477295,-1.5598653554916382,-5.815855503082275,-2.1311450004577637,3.9547207355499268,-0.6228049993515015,2.016145944595337,2.0177338123321533,-4.622262954711914,-4.3145928382873535,-8.60803508758545,15.377238273620605,-0.12559279799461365,2.0361921787261963,1.3635836839675903,-0.7535046935081482,-3.1297788619995117,4.285782814025879,-0.0009596347808837891,15.688213348388672,-15.284807205200195,-15.643223762512207,0.19938312470912933,1.1043834686279297,-0.5984900593757629,-0.32421815395355225,-1.620723843574524,-0.48010382056236267,0.7902673482894897,-0.14653663337230682,6.359750747680664,6.72684383392334,-5.867288589477539,-5.601998329162598
552,2.8745274543762207,1.195420503616333,-2.852274179458618,-0.9780327677726746,-6.604832172393799,-3.2327492237091064,4.176840305328369,-1.152981162071228,7.4312663078308105,2.0286383628845215,-4.623939514160156,-4.217723846435547,-7.882190227508545,14.563331604003906,0.3372769057750702,1.9871593713760376,-0.9569918513298035,3.024001121520996,-2.128145933151245,3.08186936378479,-0.00021975534036755562,0.002315521240234375,-15.453007698059082,-15.715892791748047,0.5300439596176147,0.37587642669677734,-0.5680058598518372,-0.16435609757900238,-1.6666204929351807,-0.7603546380996704,0.7862914800643921,-0.22449181973934174,1.8760402202606201,5.988056182861328,-5.803072929382324,-5.15812873840332
553,3.232149124145508,-0.9544587135314941,-0.7133253216743469,-3.120694875717163,-5.406981468200684,-5.753010272979736,2.6117136478424072,-0.6286678314208984,6.134169578552246,8.325729370117188,-4.444448947906494,-3.700094699859619,-7.161029815673828,14.068676948547363,-0.22017520666122437,0.6113554835319519,-2.9954333305358887,1.505911946296692,-1.7164156436920166,1.5577938556671143,-0.00023322179913520813,0.0005714016733691096,-15.40977668762207,-15.509613037109375,0.5472697019577026,-0.24648715555667877,-0.06061001867055893,-0.6777120232582092,-1.3192038536071777,-1.3404929637908936,0.43949663639068604,-0.10032854974269867,1.3927240371704102,2.5713179111480713,-5.6462178230285645,-3.9748034477233887
554,2.7027981281280518,-4.635140419006348,1.3440349102020264,-2.456437110900879,-4.296799659729004,-4.9813008308410645,2.778001070022583,0.5525694489479065,0.25846371054649353,8.407541275024414,-4.45637845993042,-3.1353282928466797,-6.571165561676025,12.820436477661133,-0.28006577491760254,0.01880304329097271,-4.689932823181152,0.07318834215402603,-1.377856731414795,1.1652060747146606,-4.9835685786092654e-05,-0.00018828315660357475,-15.534249305725098,-15.618596076965332,0.4334253668785095,-0.7804048657417297,0.3444266617298126,-0.46630609035491943,-1.0565963983535767,-1.0531824827194214,0.5370264053344727,0.15961863100528717,-0.1726469099521637,2.8472158908843994,-5.658783912658691,-3.1497416496276855
555,5.240575313568115,-6.977245330810547,1.9419363737106323,-3.288433313369751,-2.776226043701172,-4.493369102478027,3.306191921234131,2.4725732803344727,-3.9520254135131836,7.6324920654296875,-4.326495170593262,-10.842910766601562,-4.427350997924805,3.6666722297668457,0.8744516372680664,0.7301264405250549,-1.4113826751708984,-2.286700487136841,-0.7491412162780762,3.5591771602630615,-15.448601722717285,-0.00013889523688703775,-15.455610275268555,0.11341530084609985,1.0735102891921997,-1.223805546760559,0.41023698449134827,-0.6842964291572571,-0.5445005893707275,-0.9932570457458496,0.6645949482917786,0.614039421081543,-5.269651889801025,2.0851383209228516,-5.640075206756592,-2.181239604949951
556,5.140790939331055,-0.6021409630775452,2.2721028327941895,-5.82220983505249,3.775986671447754,-3.7794501781463623,2.707789659500122,1.3060375452041626,-1.9791603088378906,-3.735595464706421,-4.295306205749512,0.6813604235649109,-2.2522857189178467,2.4855246543884277,2.426358699798584,-1.592114806175232,-0.8912890553474426,-2.270592451095581,0.009224139153957367,4.813629627227783,-15.693872451782227,-5.692864418029785,-15.661636352539062,0.35941439867019653,1.0209059715270996,0.058928441256284714,0.5000618100166321,-1.3283796310424805,1.0900113582611084,-0.8972333669662476,0.5201913118362427,0.26227667927742004,-6.804384231567383,-1.3973958492279053,-5.452466011047363,0.5776939392089844
557,2.9305667877197266,-1.8462857007980347,1.3612406253814697,-0.5040575861930847,0.21862609684467316,2.668776512145996,3.0180861949920654,2.844597339630127,-1.9998459815979004,-1.8620964288711548,-4.228363990783691,5.885614395141602,-3.0088887214660645,0.04340475797653198,0.630513608455658,-1.782790184020996,-1.647717833518982,0.5764992237091064,0.6720613241195679,6.557365417480469,-15.643431663513184,-15.700039863586426,-15.57888412475586,15.657526969909668,0.471962034702301,-0.41537338495254517,0.24701496958732605,0.09846000373363495,-0.08837974816560745,0.8683068752288818,0.6228610873222351,0.7955144047737122,-7.447517395019531,-7.184080123901367,-5.323369979858398,7.157512187957764
558,2.959311008453369,-2.189688205718994,3.712904930114746,-0.5115774273872375,0.7430019974708557,0.40657728910446167,2.419647455215454,1.934970498085022,-2.0181477069854736,-1.977241039276123,-4.1377854347229,4.0629072189331055,-1.8455015420913696,-1.0128860473632812,1.5864582061767578,-1.3804066181182861,-2.4452290534973145,-0.024344541132450104,1.1203246116638184,5.812135696411133,-15.692041397094727,-15.662182807922363,-15.682795524597168,15.700010299682617,0.5673852562904358,-0.47000524401664734,0.8728761672973633,-0.10798759758472443,0.15829405188560486,-0.005623668432235718,0.4817001223564148,0.449369341135025,-7.181756496429443,-6.888521194458008,-5.159875869750977,5.117105484008789
559,3.0258421897888184,-1.5919370651245117,2.6947309970855713,0.07961905747652054,1.7271174192428589,2.5234405994415283,0.4434160590171814,0.8570916056632996,-2.0079610347747803,-2.0028069019317627,-3.71390700340271,4.075116157531738,-1.600408673286438,-0.9572588205337524,2.360424518585205,-0.8511377573013306,-2.602980852127075,0.22865499556064606,1.0475616455078125,4.873211860656738,-15.640605926513672,-15.602527618408203,-15.554295539855957,15.667804718017578,0.5856766104698181,-0.31712237000465393,0.5306162238121033,0.03857128322124481,0.3575747311115265,0.6060235500335693,0.014948979020118713,0.15524502098560333,-7.06552267074585,-6.892259120941162,-4.290731906890869,5.027673721313477
560,4.131644248962402,-2.3975205421447754,2.4904162883758545,0.11281304806470871,2.132087230682373,2.179596424102783,-0.16283684968948364,-0.39323505759239197,-2.0219218730926514,-2.026944160461426,-3.1064937114715576,4.018301010131836,-0.3849976360797882,-1.478391408920288,2.953326463699341,-0.2585964798927307,-2.891517162322998,0.3438454568386078,0.08522722125053406,3.0293514728546143,-15.673316955566406,-15.656890869140625,-15.628170013427734,15.691265106201172,0.9097481369972229,-0.5463964939117432,0.5442564487457275,0.0234939306974411,0.4109879434108734,0.4360180199146271,-0.05566050112247467,-0.12253515422344208,-7.084691524505615,-6.744284152984619,-3.0444819927215576,4.93582010269165
561,4.904819011688232,-2.585552215576172,2.1526646614074707,-0.26959696412086487,3.013047933578491,2.6041059494018555,0.584900975227356,-1.6468558311462402,-2.021028757095337,-2.0246171951293945,-2.2723379135131836,3.947279214859009,1.376391887664795,-2.052476644515991,3.380000114440918,0.07153044641017914,-2.816603183746338,0.6210088729858398,-0.2656187117099762,0.8766729235649109,-15.67188549041748,-15.663636207580566,-15.636368751525879,15.688511848449707,1.169439673423767,-0.5765933990478516,0.4710901975631714,-0.06854130327701569,0.6004497408866882,0.5626147985458374,0.14465834200382233,-0.3560037314891815,-6.972465515136719,-6.678709983825684,-2.0307469367980957,4.760226726531982
562,5.096911907196045,-3.1984097957611084,2.2130396366119385,-0.8799037337303162,2.525073766708374,2.7410647869110107,2.164215087890625,-2.1018645763397217,-2.0319130420684814,-2.0215401649475098,-5.39414119720459,3.899998664855957,3.2284350395202637,-3.0711019039154053,2.9546570777893066,-0.15326762199401855,-2.882483959197998,1.012021780014038,1.5572762489318848,-1.1700295209884644,-15.658490180969238,-15.631694793701172,-0.016594354063272476,15.687443733215332,1.3063545227050781,-0.7671295404434204,0.4898632764816284,-0.19927142560482025,0.4539248049259186,0.5895752906799316,0.506190299987793,-0.4452228844165802,-6.649381160736084,-6.614301681518555,-0.9033001661300659,4.655994892120361
563,5.186192989349365,-5.3548383712768555,1.5258827209472656,-0.9791538715362549,0.3190229833126068,3.021620750427246,4.074268341064453,-0.9043301939964294,-2.019192934036255,-2.0347182750701904,7.808649063110352,4.091119289398193,5.145624160766602,-5.492967128753662,1.8353883028030396,-0.8103756904602051,-4.182046890258789,1.4778895378112793,5.19936990737915,-2.3589212894439697,-15.645228385925293,-15.638641357421875,15.69836711883545,15.66202163696289,1.4769235849380493,-1.7141331434249878,0.3027319610118866,-0.20339322090148926,-0.01973116397857666,0.6710449457168579,1.032834768295288,-0.14867796003818512,-6.352589130401611,-6.284161567687988,7.688525199890137,5.233241558074951
564,5.316671848297119,-2.7567946910858154,-1.1226149797439575,-0.7861368060112,-0.5478525161743164,-2.2277920246124268,4.965456008911133,-1.062940239906311,-2.00161075592041,-2.0440993309020996,3.962714195251465,4.253419876098633,8.388916969299316,-6.222509860992432,1.0022410154342651,-0.20767509937286377,-6.088120460510254,-0.6350879073143005,7.574351787567139,-3.437347173690796,-15.683809280395508,-15.681781768798828,15.704950332641602,15.712865829467773,1.8564308881759644,-0.5963011980056763,-0.31861287355422974,-0.15174219012260437,-0.16904675960540771,-0.6674387454986572,1.3641505241394043,-0.24447552859783173,-5.582104206085205,-6.096889495849609,4.822278022766113,5.526730537414551
565,4.754386901855469,-5.445345401763916,-3.296140193939209,0.022893767803907394,-3.3694961071014404,-0.8601796627044678,4.215918064117432,-3.403580904006958,-2.00287127494812,-2.0132968425750732,4.148255825042725,4.353946208953857,10.692026138305664,-8.88465404510498,-1.6609816551208496,-0.30736884474754333,-9.694838523864746,-2.8598833084106445,8.528714179992676,-5.2181549072265625,-15.674199104309082,-15.65214729309082,15.681071281433105,15.691510200500488,1.8232778310775757,-2.4277150630950928,-0.7588081955909729,0.0357341468334198,-1.205331563949585,-0.1350427269935608,1.160752773284912,-0.9111764430999756,-5.144359111785889,-5.833446502685547,5.389682769775391,5.896965503692627
566,4.427215099334717,-5.356874942779541,-1.1574904918670654,0.1589820384979248,-3.2413909435272217,-2.0682408809661865,3.9154903888702393,-3.1666016578674316,-2.1990315914154053,-2.0110437870025635,4.137394905090332,4.508505344390869,13.132091522216797,-11.286480903625488,-2.777195453643799,-0.10803525149822235,-12.86302661895752,-5.49566125869751,8.68305778503418,-6.76932430267334,-14.528850555419922,-15.6829195022583,15.675348281860352,15.657525062561035,2.0386526584625244,-2.6248085498809814,-0.17196887731552124,0.03674471378326416,-1.220572590827942,-0.5528991222381592,1.1093266010284424,-0.7992451190948486,-4.379692077636719,-5.377095699310303,5.24598503112793,6.5024285316467285
567,3.8240394592285156,-4.9164958000183105,-0.8389817476272583,0.026569826528429985,-1.92843759059906,-1.2653427124023438,2.672196626663208,-3.4161760807037354,-8.731149673461914,-2.0080621242523193,4.134063243865967,4.540032863616943,15.746674537658691,-13.288798332214355,-3.5071823596954346,-0.2025812417268753,-13.607897758483887,-7.112875461578369,7.904964447021484,-8.19901180267334,0.00015317180077545345,-15.700064659118652,15.629942893981934,15.626086235046387,2.0005905628204346,-2.880826950073242,-0.17689168453216553,0.0002643316984176636,-0.6516192555427551,-0.295291006565094,0.6720994710922241,-0.9481175541877747,-3.1827714443206787,-4.525249004364014,5.21756649017334,6.327864170074463
568,3.309475898742676,-4.3315043449401855,-2.269869327545166,0.6442089676856995,4.790527820587158,0.43138015270233154,0.6278544068336487,-2.3724663257598877,3.7724807262420654,-1.8793504238128662,4.2339935302734375,4.317473411560059,16.76762580871582,-14.351152420043945,-4.439316272735596,-0.06842689216136932,-8.043549537658691,-6.598877906799316,6.0902018547058105,-9.279192924499512,6.468520164489746,-0.0018968582153320312,15.716946601867676,15.75039005279541,1.8807660341262817,-2.4207749366760254,-0.5890743136405945,0.15175428986549377,1.0715357065200806,0.1449149250984192,0.05483914911746979,-0.6256895065307617,1.6483633518218994,-2.941594123840332,5.523573398590088,5.481944561004639
569,2.927830696105957,-3.9687538146972656,2.3359482288360596,-1.1526899337768555,8.154592514038086,5.430060863494873,-3.0890183448791504,-3.1882777214050293,3.4532814025878906,5.573785305023193,4.26045560836792,18.1593074798584,16.27092742919922,-16.132915496826172,-3.7788143157958984,-1.1971678733825684,0.30709296464920044,-1.7196372747421265,3.1545238494873047,-5.513245582580566,15.411032676696777,8.020195007324219,15.348546028137207,0.02877725660800934,1.6320680379867554,-2.4607293605804443,0.5922377109527588,-0.3072417080402374,2.420931339263916,1.2892017364501953,-0.6724457144737244,-0.7858958840370178,6.257072925567627,4.3553690910339355,5.2455315589904785,4.717645168304443
570,1.063406229019165,-2.7830376625061035,1.1673998832702637,0.9599697589874268,7.057583332061768,6.107464790344238,-2.8636577129364014,-1.3981291055679321,1.978928565979004,3.1577374935150146,6.6095356941223145,14.526617050170898,13.052947998046875,-15.564369201660156,-0.10418200492858887,-0.5436006188392639,6.722373962402344,3.966348648071289,0.9727573394775391,-6.238447189331055,15.65568733215332,15.434077262878418,15.261955261230469,0.022807057946920395,0.22870220243930817,-1.3576933145523071,0.19309347867965698,0.2662370800971985,2.6511974334716797,1.712719202041626,-0.531127393245697,-0.26919278502464294,6.694825649261475,6.040344715118408,5.144076347351074,3.0972888469696045
571,-3.882213830947876,-0.4214557409286499,-0.5667157769203186,1.1695080995559692,5.726939678192139,3.4051358699798584,-2.6462531089782715,-1.2473019361495972,2.0611934661865234,1.9873579740524292,4.291066646575928,11.875260353088379,6.482229232788086,-14.09050178527832,-0.14296171069145203,-0.510260283946991,11.167274475097656,5.863457679748535,-0.8915774822235107,-6.6703033447265625,15.635957717895508,15.692593574523926,15.525369644165039,0.005592323839664459,-0.8212942481040955,0.03627527877688408,-0.17866992950439453,0.2387463003396988,2.7176830768585205,0.7782505750656128,-0.5320724248886108,-0.3122398853302002,6.646130561828613,5.909271717071533,5.335029602050781,2.4941396713256836
572,-4.903896331787109,7.190440654754639,-1.4647833108901978,-1.8098745346069336,4.676058769226074,0.22613875567913055,-3.3071703910827637,1.292889952659607,2.014770269393921,2.007016897201538,4.426734447479248,0.1736743301153183,0.9623255133628845,-8.600152969360352,0.14251597225666046,-0.6900345087051392,13.002379417419434,5.523324012756348,-2.7103240489959717,-6.465664386749268,15.690682411193848,15.683998107910156,15.451769828796387,-0.4134206771850586,-1.0291413068771362,1.5576355457305908,-0.327473521232605,-0.4831457734107971,2.333761215209961,-0.09009119868278503,-0.7447448372840881,0.3126427233219147,6.7162580490112305,6.105626106262207,5.7090535163879395,-0.4123877286911011
573,-5.976653099060059,8.46359920501709,-3.6504175662994385,1.1098923683166504,4.002965927124023,-1.4088667631149292,-3.963833808898926,3.2371482849121094,2.008007287979126,2.0115699768066406,4.167452812194824,-3.722224473953247,-3.997955083847046,-2.9980804920196533,0.0163315087556839,-0.991191565990448,13.25450611114502,4.068438529968262,-4.464811325073242,-1.08665931224823,15.700008392333984,15.699896812438965,15.36055850982666,-15.677781105041504,-1.7075217962265015,2.0817556381225586,-0.820881724357605,0.32488054037094116,1.8491932153701782,-0.30174487829208374,-0.9508764147758484,0.7025110125541687,6.913750648498535,6.181575775146484,4.912328243255615,-6.153655052185059
574,-5.61634635925293,7.764217853546143,-3.7117390632629395,0.7417106628417969,3.181410312652588,-1.3994373083114624,-5.1675639152526855,3.9879961013793945,2.00848388671875,2.005681276321411,4.137218952178955,-4.38252067565918,-6.914565563201904,2.103924512863159,0.0741007924079895,-0.3443681597709656,12.31101131439209,2.6109375953674316,-6.449747562408447,-0.2619497776031494,15.700003623962402,15.699749946594238,15.148560523986816,-15.70431900024414,-1.8419800996780396,2.2750165462493896,-0.7503329515457153,0.13199226558208466,1.1873760223388672,-0.25574687123298645,-1.370244026184082,0.817570149898529,7.057224750518799,6.198831558227539,4.327935218811035,-6.3535475730896
575,-5.142280578613281,6.93949031829834,-3.9375874996185303,0.6399086117744446,1.5372285842895508,-0.8136080503463745,-6.659323215484619,4.21371603012085,2.011863946914673,2.0065197944641113,15.537919998168945,-4.387814044952393,-8.290443420410156,6.52109956741333,-0.30395910143852234,0.4433715343475342,10.511781692504883,1.6658339500427246,-4.034542083740234,0.8002087473869324,15.700020790100098,15.699585914611816,-0.008303157985210419,-15.615164756774902,-1.838121771812439,2.5435783863067627,-0.8046228289604187,0.12384505569934845,0.38447776436805725,-0.1330452859401703,-1.563814640045166,0.8744530081748962,7.090282440185547,6.423736572265625,3.600449562072754,-6.0232110023498535
576,-5.4187140464782715,6.340570449829102,-3.7182583808898926,0.07887311279773712,-2.108424186706543,-1.1353205442428589,-5.11979866027832,6.220654010772705,2.0257527828216553,2.022791862487793,10.949685096740723,-4.234667778015137,-9.672806739807129,9.451245307922363,-0.00900501012802124,1.0929148197174072,7.658915042877197,0.7953484654426575,-5.953024864196777,2.934612989425659,15.635344505310059,15.630104064941406,0.030347369611263275,-15.629471778869629,-2.3878049850463867,3.305962562561035,-0.7431720495223999,-0.00502564013004303,-0.4903402030467987,-0.23188668489456177,-1.2098939418792725,1.4585546255111694,6.997937202453613,6.641372203826904,2.160893678665161,-5.291956424713135
577,-4.404680252075195,5.390806198120117,-3.877426862716675,0.22193188965320587,-3.8532450199127197,-0.5412869453430176,-4.372730255126953,3.9405012130737305,2.046724796295166,2.031088352203369,8.589822769165039,-4.251978397369385,-10.402257919311523,11.589113235473633,-0.35097721219062805,1.6489460468292236,4.459943771362305,0.23957763612270355,-7.578317165374756,4.547708988189697,15.58462142944336,15.650604248046875,-0.0050463005900382996,-15.631743431091309,-1.5748779773712158,2.677845001220703,-0.793605387210846,0.0522833913564682,-0.7407442927360535,-0.08535358309745789,-1.130724549293518,0.8296875357627869,6.718922138214111,6.66871452331543,1.6981022357940674,-5.345636367797852
578,-3.330350399017334,4.59323787689209,-2.9595487117767334,0.13517706096172333,-4.332171440124512,-1.1817809343338013,-2.45611834526062,3.0790255069732666,2.0143704414367676,2.0149338245391846,3.6541388034820557,-4.17940616607666,-10.510239601135254,13.236473083496094,-0.3791406750679016,2.3402462005615234,1.6779634952545166,-0.4291995167732239,-8.62398910522461,5.8744683265686035,15.66756820678711,15.680073738098145,0.030617406591773033,-15.62539291381836,-1.0658849477767944,2.2683393955230713,-0.5668973922729492,0.025698766112327576,-0.8766520619392395,-0.26383256912231445,-0.590257465839386,0.7208842635154724,6.531994342803955,6.580790042877197,0.5456438660621643,-5.259279727935791
579,-1.7955738306045532,3.8605523109436035,-2.8466498851776123,-0.2729272246360779,-4.6059746742248535,-1.0654610395431519,1.5097942352294922,0.80978924036026,2.0274975299835205,2.0239155292510986,-3.3937160968780518,-4.1933488845825195,-10.282047271728516,14.318504333496094,-0.08777397871017456,2.580808162689209,-0.6294862627983093,-0.8940004110336304,-3.934326410293579,6.199887275695801,15.616894721984863,15.699596405029297,-15.341464042663574,-15.60246753692627,-0.4729941487312317,1.807820200920105,-0.5726622939109802,-0.06574161350727081,-1.0223023891448975,-0.21512937545776367,0.4484928846359253,0.10044942796230316,6.214189052581787,6.540146827697754,-5.263657093048096,-5.2824859619140625
580,-0.08316532522439957,2.774691343307495,-2.960219383239746,-1.3816736936569214,-6.020029067993164,-1.4798113107681274,3.6321001052856445,-0.507934033870697,2.020501136779785,2.021132230758667,-4.587264060974121,-4.339602470397949,-9.297051429748535,14.769118309020996,-0.3466222584247589,1.9515937566757202,0.859295129776001,-1.2581027746200562,-3.068359136581421,5.771471977233887,3.009876251220703,15.643098831176758,-15.32034683227539,-15.603959083557129,0.07553879916667938,1.1390271186828613,-0.6015267968177795,-0.29511845111846924,-1.7268863916397095,-0.32751065492630005,0.7264910340309143,-0.1395265907049179,6.342416286468506,6.705746650695801,-5.866621971130371,-5.661741733551025
581,2.24993896484375,1.2314759492874146,-2.771029233932495,-0.55754154920578,-6.653781414031982,-3.1168277263641357,3.744051456451416,-1.9225245714187622,8.828211784362793,2.0415420532226562,-4.671779155731201,-4.311434745788574,-8.41180419921875,14.006422996520996,-0.09349769353866577,2.077908754348755,-0.6537376642227173,2.489356517791748,-2.4492383003234863,4.086558818817139,-0.00024338881485164165,-0.00015020370483398438,-15.25015926361084,-15.594233512878418,0.4292834401130676,0.38019582629203796,-0.5453415513038635,-0.07478825747966766,-1.6481115818023682,-0.7718056440353394,0.6950319409370422,-0.37838709354400635,3.346134901046753,6.033846855163574,-5.867522716522217,-5.570879936218262
582,2.1429035663604736,0.27561888098716736,-0.519483745098114,-3.0249552726745605,-5.680368900299072,-5.088137626647949,2.3855156898498535,-1.9511140584945679,7.930899143218994,8.353906631469727,-4.6075921058654785,-4.009801387786865,-7.94777774810791,14.103080749511719,-0.29513630270957947,0.8904936909675598,-2.72220778465271,1.2941170930862427,-2.1487441062927246,1.7919056415557861,-0.0002787482226267457,0.0008744652150198817,-15.334322929382324,-15.456092834472656,0.34015092253685,0.0313752107322216,-0.019380010664463043,-0.6664669513702393,-1.4064444303512573,-1.1401857137680054,0.3992040753364563,-0.36115309596061707,2.25730037689209,2.5996859073638916,-5.57108211517334,-4.581503391265869
583,2.2327284812927246,-3.773453950881958,1.4126639366149902,-2.3662374019622803,-4.174428939819336,-4.793773174285889,2.7175710201263428,-0.6373433470726013,5.6190266609191895,8.53337574005127,-4.474370956420898,-3.5217902660369873,-7.471424579620361,13.262097358703613,-0.2656664252281189,0.2857845425605774,-4.321404933929443,0.015148354694247246,-1.8579574823379517,0.2847346365451813,-0.00018646105309017003,0.00013066099199932069,-15.51280403137207,-15.558709144592285,0.36412936449050903,-0.6625494956970215,0.35371801257133484,-0.4441819190979004,-0.9814190864562988,-1.0296428203582764,0.523988664150238,-0.07936601340770721,1.1708906888961792,3.03283953666687,-5.641904830932617,-3.64225435256958
584,4.307037830352783,-5.392098426818848,1.8108805418014526,-2.8071634769439697,-2.6061036586761475,-4.045787334442139,3.161236047744751,1.4129430055618286,-4.555899620056152,8.172972679138184,-4.230269908905029,-2.870382070541382,-6.050754547119141,11.662198066711426,0.033206015825271606,-0.2376704216003418,-2.325793981552124,-1.1953850984573364,-1.2660582065582275,0.5790049433708191,-10.299171447753906,-0.00022216502111405134,-15.692974090576172,-13.892322540283203,0.8142414093017578,-0.865639865398407,0.3759169578552246,-0.5823937058448792,-0.5571255087852478,-0.8602993488311768,0.6210570931434631,0.3635440766811371,-1.938807487487793,2.5212042331695557,-5.624459266662598,-2.836456537246704
585,5.723049163818359,-6.831716537475586,2.5334739685058594,-3.215009927749634,0.999792218208313,-3.402658462524414,3.8538501262664795,2.145193576812744,-1.939858078956604,2.746436357498169,-4.582705020904541,-9.414833068847656,-4.033822059631348,1.6807715892791748,1.4291722774505615,-0.12756578624248505,-1.1028106212615967,-3.729111433029175,-0.15912629663944244,2.8542978763580322,-15.700006484985352,0.0014964565634727478,-15.655108451843262,-0.0027495436370372772,1.1698659658432007,-1.6612468957901,0.5629041790962219,-0.6504209041595459,0.350864440202713,-0.7805167436599731,0.7923583984375,0.4962981641292572,-6.875431537628174,0.34657183289527893,-5.807768821716309,-1.8283581733703613
586,4.703647136688232,-1.6373580694198608,1.3901666402816772,-3.5535144805908203,2.4436464309692383,2.817089557647705,2.2169926166534424,2.250361204147339,-1.9861677885055542,-3.484504461288452,-4.16916036605835,7.0858025550842285,-3.2509472370147705,0.4140041172504425,0.7943137288093567,-1.1180697679519653,-1.193909764289856,1.261383056640625,0.2290307879447937,4.827268600463867,-15.700016975402832,-15.669256210327148,-15.67418098449707,10.305420875549316,0.9025903344154358,-0.1407550424337387,0.25473710894584656,-0.7381540536880493,0.5378608107566833,0.8611698150634766,0.38610827922821045,0.5303353667259216,-7.028936862945557,-6.204174041748047,-5.237034320831299,2.5912363529205322
587,2.4357306957244873,-0.8650282621383667,3.663515567779541,-1.5389354228973389,0.39719218015670776,-1.6200066804885864,3.044149160385132,2.259793996810913,-2.0056312084198,-1.9417836666107178,-4.1350483894348145,3.720367431640625,-2.589723587036133,-0.0012036263942718506,1.6627215147018433,-1.0774948596954346,-1.82667076587677,0.12104108929634094,1.1101359128952026,5.494256496429443,-15.677106857299805,-15.574487686157227,-15.677294731140137,15.648896217346191,0.3678515553474426,-0.14654645323753357,0.8541356921195984,-0.24628497660160065,0.0006697699427604675,-0.49296829104423523,0.6599435210227966,0.5625401139259338,-7.268049716949463,-7.048981189727783,-5.17656135559082,5.0779547691345215
588,2.725433111190796,-2.8447680473327637,3.0589394569396973,-0.18862557411193848,0.6013697981834412,2.8490095138549805,0.37243887782096863,2.016148805618286,-2.0087530612945557,-1.9980018138885498,-3.9325876235961914,4.162768363952637,-1.9658887386322021,-0.3694040775299072,2.73398494720459,-0.2728213965892792,-2.5946340560913086,0.19166743755340576,0.673681378364563,5.260926246643066,-15.7000150680542,-15.700056076049805,-15.651660919189453,15.590791702270508,0.5379032492637634,-0.6781437397003174,0.6493610739707947,0.01551102101802826,0.11898932605981827,0.7831889390945435,-0.02684132754802704,0.4799748361110687,-7.255130290985107,-6.943391799926758,-4.71695613861084,5.329614162445068
589,4.252374649047852,-3.236053705215454,2.7190945148468018,-0.3848952651023865,1.946958303451538,2.476290225982666,-0.1805494874715805,0.6894566416740417,-2.063192367553711,-2.0628180503845215,-3.2789905071258545,4.061363697052002,-0.7893869876861572,-1.4054964780807495,3.5471792221069336,-0.011269235983490944,-3.003143072128296,0.4135488271713257,-0.31997376680374146,4.124077320098877,-15.597346305847168,-15.67474365234375,-15.573562622070312,15.717633247375488,0.9429516792297363,-0.7198326587677002,0.6012110114097595,-0.08486463129520416,0.40906617045402527,0.4986811578273773,-0.057310447096824646,0.10174138844013214,-7.087684631347656,-6.685290336608887,-3.214392900466919,5.11710262298584
590,5.001078128814697,-3.0189783573150635,2.323514461517334,-0.7475919127464294,2.7782557010650635,2.6207504272460938,0.6570515632629395,-0.8367928266525269,-2.040766954421997,-2.047269821166992,-2.456587791442871,3.98246431350708,0.9114968776702881,-2.365083694458008,3.961336612701416,0.004345381632447243,-3.060727596282959,0.6766515970230103,-0.6555805802345276,2.2250473499298096,-15.622703552246094,-15.665797233581543,-15.604416847229004,15.734277725219727,1.1774309873580933,-0.6657361388206482,0.5207858681678772,-0.16304261982440948,0.5489259362220764,0.5559313297271729,0.1606328934431076,-0.21138228476047516,-7.011270046234131,-6.611179828643799,-2.2092297077178955,4.863302707672119
591,5.325202465057373,-3.3883042335510254,2.292123317718506,-1.3195116519927979,2.7669003009796143,2.808535575866699,2.129910707473755,-1.783493995666504,-2.031208038330078,-2.0237460136413574,-6.5853047370910645,3.927645206451416,2.813145399093628,-3.585815906524658,3.558729648590088,-0.4256831109523773,-3.0809507369995117,1.0979816913604736,1.1015691757202148,0.18378381431102753,-15.670536994934082,-15.696979522705078,-0.02801397442817688,15.618146896362305,1.365110993385315,-0.823245644569397,0.5154246687889099,-0.28818488121032715,0.5145862102508545,0.6081478595733643,0.48742491006851196,-0.38063475489616394,-6.7605156898498535,-6.555514335632324,-1.1730151176452637,4.716397762298584
592,5.300043106079102,-5.195010662078857,1.9751152992248535,-1.5587807893753052,1.598056674003601,3.307457447052002,4.388372898101807,-0.7553394436836243,-2.0439412593841553,-2.0476977825164795,8.277642250061035,4.115817070007324,4.779905796051025,-5.850175857543945,2.884690999984741,-1.2441986799240112,-3.5938868522644043,1.7252020835876465,5.156379699707031,-1.0327261686325073,-15.695944786071777,-15.653815269470215,15.706465721130371,15.670190811157227,1.4757134914398193,-1.6635499000549316,0.4290134608745575,-0.3321685194969177,0.24826589226722717,0.7526345252990723,1.1039018630981445,-0.11779256165027618,-6.448628902435303,-6.225846290588379,5.033510208129883,5.287935733795166
593,5.523294448852539,-2.404085159301758,-1.3705891370773315,-1.1998720169067383,-0.08177897334098816,-2.1113874912261963,4.881975173950195,-1.354727864265442,-2.010780096054077,-2.020109176635742,3.7630040645599365,4.183940887451172,6.970810890197754,-7.495493412017822,0.8203681111335754,-1.8757990598678589,-5.199874401092529,-0.12894557416439056,7.509660720825195,-2.3469505310058594,-15.659619331359863,-15.671791076660156,15.71467113494873,15.688958168029785,1.839849829673767,-0.516066312789917,-0.39137008786201477,-0.2405344694852829,-0.07759616523981094,-0.6421560049057007,1.327440857887268,-0.3130525052547455,-5.773415565490723,-6.165003776550293,4.681214809417725,5.425492763519287
594,5.200869083404541,-4.541174411773682,-2.296018362045288,0.39711618423461914,-2.80698561668396,-1.9290015697479248,4.677896976470947,-2.4644718170166016,-2.0117011070251465,-2.0299742221832275,4.088727951049805,4.30874490737915,9.313072204589844,-10.075678825378418,-1.6498931646347046,-2.058757781982422,-8.481459617614746,-2.76719331741333,8.880865097045898,-3.8425230979919434,-15.690231323242188,-15.676591873168945,15.69006061553955,15.616662979125977,1.9358952045440674,-1.8393789529800415,-0.5064448118209839,0.1369825154542923,-0.9293278455734253,-0.41178345680236816,1.3388781547546387,-0.6025741100311279,-5.317015171051025,-5.790195941925049,5.328372478485107,5.754521369934082
595,4.802064895629883,-4.648873329162598,-1.0544393062591553,1.5990900993347168,-2.820038318634033,-3.15132474899292,4.703248023986816,-2.69618821144104,-2.0706608295440674,-2.0328972339630127,4.2584757804870605,4.944095611572266,12.496459007263184,-11.577139854431152,-2.4081480503082275,-0.6396702527999878,-11.70688247680664,-6.319639205932617,9.344171524047852,-5.52017879486084,-14.941508293151855,-15.68094253540039,15.682964324951172,15.677189826965332,2.219973087310791,-1.9879345893859863,-0.18258056044578552,0.35398828983306885,-0.9656217098236084,-0.8704503774642944,1.3901809453964233,-0.6632069945335388,-4.685629367828369,-5.288627624511719,5.30893611907959,6.459560871124268
596,4.097732067108154,-4.678596496582031,-1.0810859203338623,0.5184439420700073,-2.0905115604400635,-2.018824338912964,3.363896131515503,-3.244483232498169,-2.57635760307312,-1.9900963306427002,4.157150745391846,4.5128021240234375,15.15211296081543,-13.46336841583252,-3.1335909366607666,-0.32712140679359436,-12.763165473937988,-8.672828674316406,8.855847358703613,-7.045155048370361,0.0017011212185025215,-15.62805461883545,15.600737571716309,15.685982704162598,2.117640972137451,-2.5334484577178955,-0.23882421851158142,0.06341761350631714,-0.7295147180557251,-0.5131230354309082,0.9077755808830261,-0.8625558018684387,-3.757728338241577,-4.77532958984375,5.278968334197998,6.470530033111572
597,3.5028483867645264,-4.22151517868042,-2.5235278606414795,1.1022367477416992,4.716778755187988,-0.3769863545894623,1.1540066003799438,-3.120220899581909,4.971743583679199,-2.02347993850708,4.271692752838135,4.321920394897461,16.794551849365234,-14.452230453491211,-3.917266368865967,0.15195232629776,-7.859618186950684,-8.79841136932373,7.2138671875,-8.26832389831543,8.529204368591309,-15.237455368041992,15.709675788879395,15.717724800109863,2.0811572074890137,-2.3075618743896484,-0.6360106468200684,0.2429344207048416,1.0691733360290527,-0.02459535002708435,0.19138804078102112,-0.8485024571418762,3.0116689205169678,-3.370598077774048,5.60148286819458,5.446917533874512
598,2.9705710411071777,-3.9226412773132324,-1.0007903575897217,-0.3552923798561096,7.575571060180664,1.8660672903060913,0.2873026430606842,-2.8391902446746826,2.8110973834991455,-7.212584018707275,4.231193542480469,4.225759506225586,16.603477478027344,-15.909102439880371,-4.1961989402771,-0.5176757574081421,-0.15709152817726135,-6.818308353424072,5.507307052612305,-4.522916793823242,15.662246704101562,0.00020786820095963776,15.604235649108887,-0.09716679155826569,1.7740131616592407,-2.1767992973327637,-0.16482585668563843,-0.12533819675445557,1.9953910112380981,0.37987303733825684,0.026175007224082947,-0.8033683896064758,5.854103088378906,-1.7867108583450317,5.621461391448975,4.972947597503662
599,1.5808215141296387,-2.4734134674072266,2.624675750732422,-1.6110695600509644,7.178134918212891,4.539018154144287,-3.931549072265625,-2.998786449432373,1.989626169204712,4.484267234802246,4.216372489929199,12.692448616027832,14.068230628967285,-16.456802368164062,-2.8824715614318848,-0.6397936344146729,6.154181003570557,-2.315579891204834,2.4603826999664307,-5.71661901473999,15.70000171661377,6.643404960632324,15.575057029724121,0.033695995807647705,0.5288593173027039,-1.0873404741287231,0.6070967316627502,-0.37665653228759766,2.7407264709472656,0.9494770765304565,-0.8505704998970032,-0.715167224407196,7.32429838180542,1.9673731327056885,5.26690149307251,2.521549940109253
600,-4.685886859893799,-1.1273053884506226,0.9230308532714844,2.115541696548462,5.620805263519287,6.024011135101318,-2.0519938468933105,-2.587462902069092,2.011209011077881,3.4862284660339355,4.237979888916016,11.557304382324219,7.697192192077637,-15.161408424377441,-2.4547736644744873,-0.0403701514005661,10.6270170211792,3.849238395690918,0.6084913611412048,-6.72714376449585,15.646141052246094,14.854838371276855,15.608128547668457,0.02559433877468109,-1.0304721593856812,-0.374566912651062,0.11327505856752396,0.5628477931022644,2.31585693359375,1.6781566143035889,-0.3347756862640381,-0.6435852646827698,6.6197028160095215,5.436545372009277,5.2005085945129395,2.4823453426361084
601,-5.1061482429504395,6.1362080574035645,-0.672398030757904,-1.8766553401947021,4.568356513977051,2.904632091522217,-3.6392576694488525,-0.7122294902801514,2.0156819820404053,2.0549087524414062,6.525331497192383,5.969758033752441,1.402060866355896,-9.737194061279297,-0.10364789515733719,-0.6874856948852539,12.464300155639648,6.780717849731445,-1.10337495803833,-7.2770185470581055,15.669485092163086,15.685708999633789,15.4933443069458,-0.0014211395755410194,-1.0408166646957397,1.2853809595108032,-0.19434112310409546,-0.5341516137123108,2.0609309673309326,0.6376065015792847,-0.787386953830719,-0.09658820927143097,6.779177188873291,5.419649124145508,5.554602146148682,0.9838065505027771
602,-5.936975002288818,8.191417694091797,-3.0862550735473633,0.3248886168003082,3.8068552017211914,1.3736190795898438,-5.290734767913818,3.3012287616729736,2.033144474029541,2.0303966999053955,3.9822185039520264,-3.5334532260894775,-3.555182695388794,-3.183596611022949,-0.09846881777048111,-1.2709866762161255,12.688977241516113,7.518664836883545,-3.482311248779297,-1.9054436683654785,15.699152946472168,15.663586616516113,15.472354888916016,-15.692728042602539,-1.6278859376907349,1.9512823820114136,-0.7162607908248901,0.1466466337442398,1.5938975811004639,0.30018237233161926,-1.2559032440185547,0.77590411901474,6.765158176422119,6.097747325897217,4.536834716796875,-6.234132289886475
603,-5.648736000061035,7.687983989715576,-3.7225446701049805,1.0082181692123413,3.1746573448181152,-0.32511600852012634,-5.827549457550049,3.5821337699890137,2.0089666843414307,2.0055181980133057,4.074244976043701,-4.363287448883057,-6.5794806480407715,2.3883633613586426,0.05686843395233154,-0.7263436317443848,11.840498924255371,6.329446792602539,-5.754701137542725,-1.2832852602005005,15.698275566101074,15.7000093460083,15.116520881652832,-15.708313941955566,-1.8228081464767456,2.26804780960083,-0.7773536443710327,0.2199888676404953,1.1565614938735962,-0.13233941793441772,-1.471322774887085,0.6966977119445801,6.898118019104004,6.16450309753418,4.356246471405029,-6.418422698974609
604,-5.211572170257568,6.855403423309326,-3.66650390625,0.5871256589889526,1.6708475351333618,-0.24944840371608734,-7.219207286834717,4.216096878051758,2.0362982749938965,2.022094488143921,15.842877388000488,-4.417445182800293,-8.107112884521484,6.985152244567871,-0.21165522933006287,0.005466565489768982,10.234109878540039,5.020887851715088,-3.5760228633880615,-0.3222388029098511,15.700016975402832,15.699719429016113,-0.01381608098745346,-15.569249153137207,-1.8614978790283203,2.551762580871582,-0.7383896708488464,0.09967629611492157,0.4336039125919342,-0.03984673321247101,-1.6567858457565308,0.8594314455986023,7.045365333557129,6.4093017578125,3.6995975971221924,-6.125412464141846
605,-5.459594249725342,6.231760025024414,-3.501636028289795,0.08685561269521713,-1.658552885055542,-0.9624758362770081,-5.620847702026367,6.526620388031006,2.046678066253662,2.0416042804718018,11.263520240783691,-4.173576831817627,-9.450823783874512,10.094101905822754,0.08219778537750244,0.7788611650466919,7.648039817810059,3.529582977294922,-5.677073001861572,1.8247807025909424,15.700014114379883,15.628268241882324,0.07699562609195709,-15.607549667358398,-2.409925699234009,3.3711204528808594,-0.6988880038261414,-0.0010830312967300415,-0.4108019769191742,-0.19303786754608154,-1.3180253505706787,1.4842642545700073,7.000758171081543,6.657881736755371,2.2436840534210205,-5.307836532592773
606,-4.5338921546936035,5.273588180541992,-3.661052703857422,0.06404058635234833,-3.7160024642944336,-0.5185155272483826,-4.766478538513184,4.394227027893066,2.0263671875,2.025519609451294,9.023526191711426,-4.241275310516357,-10.302003860473633,12.182766914367676,-0.2639010548591614,1.188852071762085,4.592716693878174,2.4576148986816406,-7.375372409820557,3.5744943618774414,15.599803924560547,15.653081893920898,-0.0074907466769218445,-15.631436347961426,-1.6408993005752563,2.7692861557006836,-0.7483383417129517,0.012406215071678162,-0.7223344445228577,-0.08043301105499268,-1.2229743003845215,0.9075543284416199,6.759812831878662,6.732974052429199,1.803481101989746,-5.36162805557251
607,-3.4046545028686523,4.468420028686523,-2.846616744995117,0.17835776507854462,-4.205305576324463,-1.3594565391540527,-3.040734052658081,3.5177078247070312,2.025129556655884,2.016136407852173,4.976755619049072,-4.229620456695557,-10.429243087768555,13.79171371459961,-0.2770751714706421,1.9838494062423706,1.8846759796142578,1.243261456489563,-8.596878051757812,5.066826343536377,15.6852445602417,15.682581901550293,0.017078500241041183,-15.65442943572998,-1.0897094011306763,2.2860634326934814,-0.5469518303871155,0.0423266738653183,-0.842311680316925,-0.2894982397556305,-0.7620718479156494,0.80096036195755,6.616493225097656,6.711259841918945,0.8501072525978088,-5.292531490325928
608,-1.910467267036438,3.7066240310668945,-2.67221736907959,-0.07596590369939804,-4.185268402099609,-1.4110699892044067,0.7372831106185913,1.2756123542785645,2.026797294616699,2.016834259033203,-3.3127760887145996,-4.22717809677124,-10.190861701965332,14.827743530273438,-0.09556585550308228,2.4104557037353516,-0.2827296853065491,0.2510663866996765,-3.990978956222534,5.579524993896484,15.678694725036621,15.700010299682617,-15.704859733581543,-15.598464012145996,-0.5093349814414978,1.7794939279556274,-0.5303897261619568,-0.02405644953250885,-0.8907808065414429,-0.28153255581855774,0.313743531703949,0.213786318898201,6.265224933624268,6.680427074432373,-5.101845741271973,-5.305581092834473
609,-0.28405332565307617,2.690584182739258,-2.699930191040039,-1.1607354879379272,-6.012948513031006,-1.441802978515625,2.9440479278564453,0.12528862059116364,2.012650966644287,2.009230136871338,-4.581483364105225,-4.393647193908691,-8.940729141235352,15.218005180358887,-0.21543747186660767,2.204963445663452,2.0334396362304688,-0.5110247731208801,-3.6851248741149902,5.295473098754883,-0.001531827962026,15.698939323425293,-15.230663299560547,-15.627087593078613,0.009975808672606945,1.1323870420455933,-0.5465888977050781,-0.2543582320213318,-1.7169173955917358,-0.2945738136768341,0.5984721779823303,-0.022641759365797043,6.355473041534424,6.954380989074707,-5.894714832305908,-5.688735485076904
610,1.8785884380340576,1.4134676456451416,-2.755028486251831,-0.5512450933456421,-6.936975955963135,-2.986212730407715,3.607656955718994,-1.5875176191329956,8.244135856628418,2.0305168628692627,-4.6766886711120605,-4.314631938934326,-8.498271942138672,15.02246379852295,0.01471535861492157,2.139772891998291,-0.37641867995262146,-1.5654164552688599,-2.9519717693328857,3.945648193359375,-0.0002336504403501749,15.698954582214355,-15.234916687011719,-15.572885513305664,0.36668241024017334,0.48006507754325867,-0.5553990006446838,-0.08169718086719513,-1.7545804977416992,-0.7134047746658325,0.6792286038398743,-0.3327926695346832,2.480437755584717,6.284996509552002,-5.7890496253967285,-5.472075939178467
611,1.6337647438049316,1.2320131063461304,-2.0908713340759277,-1.1535377502441406,-5.123499393463135,-1.9611457586288452,2.7276883125305176,-1.076297402381897,8.518206596374512,2.025418996810913,-4.5404181480407715,-4.194849014282227,-8.095905303955078,14.58177661895752,0.34702983498573303,2.2040679454803467,-2.216289520263672,1.5627994537353516,-2.4462435245513916,2.596019744873047,-0.0002276556915603578,3.431086540222168,-15.483953475952148,-15.70600700378418,0.25073301792144775,0.4836767017841339,-0.39191490411758423,-0.23776070773601532,-1.1485073566436768,-0.3862832486629486,0.47436589002609253,-0.1794150322675705,3.032869577407837,5.914612770080566,-5.632627487182617,-5.094433307647705
612,4.086196422576904,-2.075787305831909,-0.6001456379890442,-2.757230520248413,-4.2948760986328125,-5.946174144744873,2.341973066329956,0.012536470778286457,5.430633544921875,8.748682975769043,-4.336729526519775,-3.5601744651794434,-7.210263729095459,13.818755149841309,-0.0964781790971756,1.240005373954773,-3.8140475749969482,1.0799663066864014,-2.200181484222412,1.6106469631195068,-0.00018368536257185042,6.651558942394331e-05,-15.440260887145996,-15.582369804382324,0.7615053653717041,-0.4389730393886566,-0.06398286670446396,-0.5876979827880859,-1.0292173624038696,-1.5244370698928833,0.4233705997467041,0.04024084284901619,1.0754687786102295,3.171945571899414,-5.652591228485107,-3.640439033508301
613,3.4762468338012695,-6.257918357849121,2.1391685009002686,-3.095517635345459,-3.4838926792144775,-5.4627485275268555,2.702937602996826,0.8646795153617859,-4.636012077331543,8.310187339782715,-4.315802097320557,-2.9177708625793457,-6.231973648071289,11.7319917678833,0.035764262080192566,0.18651911616325378,-2.3805806636810303,-0.6350346803665161,-1.9131555557250977,1.5729562044143677,-9.509204864501953,-0.00023869768483564258,-15.67440414428711,-15.638116836547852,0.5688749551773071,-1.1034139394760132,0.5327816009521484,-0.621983528137207,-0.8237148523330688,-1.2325148582458496,0.5209635496139526,0.2162376195192337,-1.9083309173583984,2.6312499046325684,-5.532027244567871,-2.8527138233184814
614,6.302518844604492,-6.692857265472412,2.1562795639038086,-3.63236665725708,0.20353281497955322,-4.2873101234436035,3.360596179962158,1.5161302089691162,-1.9713292121887207,5.000649452209473,-4.764825344085693,-10.95423412322998,-4.079418182373047,1.2177618741989136,1.2791874408721924,0.0070539056323468685,-1.178292989730835,-3.700737953186035,-1.0847210884094238,3.129544734954834,-15.697068214416504,1.2295786291360855e-05,-15.642054557800293,0.006438187323510647,1.3841373920440674,-1.603500247001648,0.45494839549064636,-0.7346680164337158,0.20083746314048767,-0.9993550777435303,0.6730307936668396,0.3628610372543335,-6.800377368927002,0.9496790766716003,-5.791583061218262,-2.2696633338928223
615,4.508583068847656,-1.1991671323776245,1.84489107131958,-4.334263324737549,2.347407579421997,-0.33910468220710754,2.039292335510254,1.5963548421859741,-1.9869779348373413,-4.5276360511779785,-4.155662536621094,2.4008374214172363,-2.780426025390625,-0.5159599781036377,1.2067010402679443,-1.8795186281204224,-1.4089237451553345,0.43729153275489807,-1.140677571296692,4.312150955200195,-15.699626922607422,-15.7000150680542,-15.628070831298828,2.2079524993896484,0.8236474990844727,-0.045472223311662674,0.38245177268981934,-0.9284607172012329,0.5434461832046509,0.09274923801422119,0.3480978012084961,0.37158024311065674,-7.106468677520752,-5.500058650970459,-5.158597946166992,1.0046250820159912
616,3.2145423889160156,-0.56855309009552,2.653874635696411,-1.0832476615905762,0.0196099691092968,0.9742666482925415,2.302006721496582,1.9878244400024414,-2.0223748683929443,-1.9479355812072754,-4.138124942779541,5.069568157196045,-2.5976641178131104,-0.33004850149154663,1.3714110851287842,-1.369882583618164,-2.052957057952881,0.044218938797712326,-0.43865635991096497,5.698278903961182,-15.653216361999512,-15.641636848449707,-15.620652198791504,15.670660018920898,0.5531379580497742,-0.09428327530622482,0.5783499479293823,-0.10634495317935944,-0.08135775476694107,0.2484472095966339,0.4611991047859192,0.5097414255142212,-7.431361675262451,-7.481045722961426,-5.1443071365356445,6.207716464996338
617,2.912137269973755,-2.392988681793213,3.302797317504883,-0.435718834400177,0.19059744477272034,1.7366162538528442,1.183972954750061,1.7499470710754395,-2.0422451496124268,-2.0145318508148193,-4.0384674072265625,4.033624172210693,-1.9664028882980347,-0.8686977028846741,2.264641523361206,-1.0071051120758057,-3.012021064758301,-0.0571221262216568,-0.5374085307121277,5.318515777587891,-15.634405136108398,-15.649378776550293,-15.605609893798828,15.692461013793945,0.5494956970214844,-0.5755664706230164,0.7388655543327332,-0.06405051052570343,0.041160546243190765,0.38138967752456665,0.19231374561786652,0.4193379282951355,-7.272589206695557,-6.808964729309082,-4.780486106872559,5.0824666023254395
618,4.45686674118042,-2.5010645389556885,2.7700109481811523,-0.1958252489566803,1.9820396900177002,2.4789435863494873,-0.0043290965259075165,0.4377259612083435,-2.0343079566955566,-2.0378715991973877,-3.4004716873168945,4.010900497436523,-0.6658133864402771,-1.5076900720596313,2.975253105163574,-0.5092008709907532,-3.4517059326171875,0.06902627646923065,-1.4693858623504639,3.9526209831237793,-15.654319763183594,-15.633455276489258,-15.620361328125,15.704410552978516,0.9971364736557007,-0.5430695414543152,0.5910764932632446,-0.030594781041145325,0.4262115955352783,0.5383526086807251,-0.045512109994888306,0.0416611023247242,-7.131995677947998,-6.646202564239502,-3.4696600437164307,4.964756488800049
619,5.038174152374268,-2.6276469230651855,2.555070638656616,-0.368008553981781,2.785038948059082,2.5102508068084717,0.6338628530502319,-0.8120440244674683,-2.0270450115203857,-2.034729480743408,-2.5625698566436768,3.940661907196045,1.1767165660858154,-2.1223361492156982,3.5530893802642822,-0.11462466418743134,-3.5099377632141113,0.2865280210971832,-1.9090031385421753,2.0525269508361816,-15.677032470703125,-15.6577730178833,-15.630699157714844,15.695024490356445,1.18685781955719,-0.5851538181304932,0.5702155828475952,-0.0808187872171402,0.5406785607337952,0.5200342535972595,0.14275901019573212,-0.19566555321216583,-7.084279537200928,-6.533830642700195,-2.3481757640838623,4.775828838348389
620,5.268031120300293,-3.1539306640625,2.502983808517456,-0.8976780772209167,2.9028069972991943,2.879476547241211,2.026045560836792,-1.6538689136505127,-2.038050889968872,-2.0352845191955566,-7.139243125915527,3.8885440826416016,3.127817392349243,-3.085014820098877,3.402219295501709,-0.23375385999679565,-3.4324288368225098,0.6775307655334473,-0.2407558262348175,0.060682401061058044,-15.649580955505371,-15.6263427734375,-0.012412061914801598,15.691326141357422,1.3583101034164429,-0.7537076473236084,0.5565579533576965,-0.2006954699754715,0.5393912196159363,0.6227806806564331,0.4440668225288391,-0.3529786765575409,-6.8504462242126465,-6.481072425842285,-1.2914927005767822,4.658309459686279
621,5.133432865142822,-5.028440952301025,2.235582113265991,-1.3102549314498901,1.9688796997070312,3.727285623550415,4.561405181884766,-0.6451599597930908,-2.0281074047088623,-2.0270144939422607,8.190528869628906,4.086555480957031,5.4065752029418945,-4.686753749847412,3.327150344848633,-0.3322775661945343,-3.724167823791504,1.4346145391464233,3.897815465927124,-1.2042770385742188,-15.672287940979004,-15.625581741333008,15.428568840026855,15.722233772277832,1.4402161836624146,-1.5079996585845947,0.49579229950904846,-0.2813895642757416,0.32315170764923096,0.8657674789428711,1.0988062620162964,-0.09602297842502594,-6.478293418884277,-6.173921585083008,4.10032320022583,5.212828636169434
622,5.206740379333496,-2.811023473739624,-1.2786195278167725,-1.433921456336975,-0.13972075283527374,-1.1749038696289062,4.980961322784424,-1.2241218090057373,-2.025742769241333,-2.0283925533294678,3.736895799636841,4.181662082672119,7.761180400848389,-6.045190811157227,1.6305763721466064,-0.7038003206253052,-5.222019195556641,0.0480232909321785,6.763707160949707,-2.4765303134918213,-15.675124168395996,-15.670385360717773,15.693485260009766,15.706550598144531,1.7395943403244019,-0.6185276508331299,-0.3771006464958191,-0.2972568869590759,-0.10614772886037827,-0.42552128434181213,1.2976784706115723,-0.28593000769615173,-5.818451404571533,-6.201489448547363,4.753695487976074,5.471250057220459
623,4.82492733001709,-5.1169633865356445,-2.7383882999420166,-0.35593441128730774,-2.996351718902588,-0.8290804028511047,4.648394584655762,-2.380668878555298,-2.0099358558654785,-2.023768424987793,4.113580703735352,4.271489143371582,10.325261116027832,-8.366815567016602,-0.7417737245559692,-0.6779342889785767,-8.605794906616211,-2.02835750579834,8.320823669433594,-4.076860427856445,-15.674947738647461,-15.648887634277344,15.688905715942383,15.70378303527832,1.8144757747650146,-1.9943643808364868,-0.6001942753791809,-0.031158819794654846,-1.0053842067718506,-0.16109079122543335,1.2861952781677246,-0.5893023014068604,-5.315284252166748,-5.865988254547119,5.360149383544922,5.755365371704102
624,4.586738109588623,-5.217957019805908,-2.07804799079895,-0.1869194507598877,-3.3643879890441895,-1.9588844776153564,4.6693434715271,-2.6439335346221924,-2.0901851654052734,-2.0225744247436523,4.136262893676758,4.4609761238098145,12.735867500305176,-10.88231372833252,-2.5019962787628174,-0.6098220348358154,-12.076001167297363,-4.657584190368652,9.086562156677246,-5.584433555603027,-14.883349418640137,-15.664579391479492,15.69646167755127,15.702164649963379,2.1182682514190674,-2.3374972343444824,-0.4229615330696106,-0.03160451352596283,-1.2343367338180542,-0.5039901733398438,1.369612216949463,-0.652974545955658,-4.681131362915039,-5.501774787902832,5.276702404022217,6.435064792633057
625,4.025020599365234,-4.937972068786621,-0.8697670698165894,0.1799960732460022,-2.335524797439575,-1.7276196479797363,3.3641433715820312,-3.230520486831665,-2.626460552215576,-2.0034141540527344,4.105886936187744,4.515405178070068,14.956284523010254,-13.264549255371094,-3.5799551010131836,-0.6881706714630127,-13.304021835327148,-6.846034049987793,8.608335494995117,-7.157190799713135,0.001188516616821289,-15.685070991516113,15.560766220092773,15.624829292297363,2.0681731700897217,-2.6809799671173096,-0.1452728509902954,0.04942843317985535,-0.8436155319213867,-0.43359658122062683,0.8990702629089355,-0.8643161654472351,-3.6202101707458496,-4.9704508781433105,5.171688556671143,6.542304992675781
626,3.544654607772827,-4.349786758422852,-2.282858371734619,0.7928435206413269,4.491970539093018,-0.24128858745098114,1.5932615995407104,-2.968475818634033,4.896305561065674,-1.9669970273971558,4.22627067565918,4.359560489654541,16.79863739013672,-14.131327629089355,-4.136372089385986,-0.2316821664571762,-8.54749584197998,-7.05772590637207,7.279275894165039,-8.326285362243652,8.507973670959473,-15.687238693237305,15.682791709899902,15.62878131866455,2.1346964836120605,-2.3749608993530273,-0.5866052508354187,0.17961432039737701,1.0259596109390259,0.00632205605506897,0.334396630525589,-0.8040700554847717,2.8716509342193604,-3.54416561126709,5.589901447296143,5.710057735443115
627,3.0250980854034424,-4.0668816566467285,-1.0443508625030518,-0.38454940915107727,7.576997756958008,1.8356599807739258,0.752484917640686,-2.794613838195801,2.7772982120513916,-7.602822780609131,4.295109272003174,4.191774845123291,16.651729583740234,-15.577494621276855,-4.511782646179199,-0.4988166093826294,-0.9087575674057007,-5.235367298126221,5.733364105224609,-8.216601371765137,15.630173683166504,0.0002676279400475323,15.609066009521484,11.547208786010742,1.7628148794174194,-2.3027257919311523,-0.19089657068252563,-0.12191762030124664,1.9294434785842896,0.38145190477371216,0.14529551565647125,-0.8012942671775818,5.8225579261779785,-2.01013445854187,5.641603469848633,5.249379634857178
628,2.179708957672119,-2.645246982574463,2.6106209754943848,-0.9188728928565979,7.528448581695557,3.605436325073242,-3.1484782695770264,-1.7706822156906128,1.9898141622543335,4.518741607666016,4.401900768280029,17.210050582885742,14.000813484191895,-16.690143585205078,-3.6423985958099365,-1.3205585479736328,5.591397285461426,-1.6475378274917603,3.013521194458008,-5.448084354400635,15.601869583129883,6.356287956237793,15.307626724243164,-0.0740119218826294,0.8284981846809387,-1.2539937496185303,0.5921882390975952,-0.21465544402599335,3.063659429550171,0.7460002899169922,-0.6959583163261414,-0.35691389441490173,7.235274791717529,1.983302116394043,5.534486770629883,4.248456954956055
629,-3.91288423538208,-1.4958198070526123,1.341679334640503,1.83072829246521,5.79936408996582,5.446971416473389,-2.447744131088257,-1.340227723121643,2.005566120147705,3.6422324180603027,6.410439491271973,13.081245422363281,7.963293075561523,-16.008819580078125,-0.17339807748794556,-0.7132894396781921,10.169050216674805,3.822641134262085,1.1461505889892578,-5.994711399078369,15.633637428283691,14.688186645507812,15.311097145080566,0.016649363562464714,-0.9134410619735718,-0.6014406681060791,0.2282920777797699,0.45898425579071045,2.320265293121338,1.4870166778564453,-0.43468910455703735,-0.3130039572715759,6.50711727142334,5.537626266479492,5.093964576721191,2.6980555057525635
630,-4.892333984375,6.341866970062256,-1.649501085281372,-1.0944809913635254,4.836881160736084,2.489511251449585,-2.9040935039520264,-1.0561355352401733,2.0492026805877686,1.9875483512878418,4.430314064025879,8.190665245056152,1.9386043548583984,-10.656420707702637,0.0026089996099472046,-1.017438530921936,12.419230461120605,6.170840263366699,-0.6651830077171326,-6.5207295417785645,15.651324272155762,15.682506561279297,15.525991439819336,-0.0001365896314382553,-0.981795072555542,1.3709172010421753,-0.4452531933784485,-0.3359487056732178,2.322361946105957,0.5132265090942383,-0.6037403345108032,-0.2546713650226593,6.671000957489014,5.8254289627075195,5.61328649520874,1.5041941404342651
631,-5.936352252960205,8.340107917785645,-2.5017457008361816,-0.3242047131061554,3.9372689723968506,0.8020788431167603,-5.269964694976807,3.1295690536499023,2.024456739425659,2.0158228874206543,4.134520053863525,-3.445796489715576,-3.0024123191833496,-4.078817844390869,0.16982100903987885,-1.5509042739868164,12.850780487060547,6.449711799621582,-3.0163872241973877,-1.2593528032302856,15.70001220703125,15.68082332611084,15.385917663574219,-15.699158668518066,-1.59503972530365,1.9134427309036255,-0.5339062809944153,-0.03849627077579498,1.6876617670059204,0.1293092668056488,-1.2550122737884521,0.7680937051773071,6.702932834625244,6.242505073547363,4.84112548828125,-6.199217319488525
632,-5.69716215133667,7.946252822875977,-4.059650421142578,1.1361738443374634,3.3145792484283447,-0.9118245244026184,-5.476168632507324,3.38653564453125,2.00981068611145,2.0084707736968994,4.065519332885742,-4.334208965301514,-6.2841267585754395,1.4324780702590942,0.059585705399513245,-1.1398340463638306,12.104031562805176,5.060969829559326,-5.245254039764404,-0.6661669611930847,15.700004577636719,15.699865341186523,15.195943832397461,-15.702322959899902,-1.7981553077697754,2.2953786849975586,-0.8799262046813965,0.27157747745513916,1.2539170980453491,-0.2217274010181427,-1.336713433265686,0.6716828942298889,6.924283504486084,6.188128471374512,4.390585899353027,-6.373438358306885
633,-5.313491344451904,7.046907901763916,-3.712064504623413,0.7741711139678955,1.8757325410842896,-0.569459855556488,-7.044878959655762,4.006556034088135,2.0150818824768066,2.0080697536468506,16.019569396972656,-4.355908393859863,-7.90610408782959,6.1642680168151855,-0.14817702770233154,-0.43058913946151733,10.543550491333008,3.797091007232666,-2.9822635650634766,0.29445645213127136,15.700011253356934,15.699728965759277,-0.0004987940192222595,-15.638141632080078,-1.8809329271316528,2.5314977169036865,-0.7281376123428345,0.13750027120113373,0.5129594802856445,-0.08926120400428772,-1.5949283838272095,0.8308351635932922,7.0578131675720215,6.424251079559326,3.79626727104187,-6.142599582672119
634,-5.617114543914795,6.375877380371094,-3.59834623336792,0.3963424861431122,-1.5358620882034302,-0.9989026188850403,-5.525180816650391,6.234597682952881,2.03188157081604,2.0276482105255127,11.454103469848633,-4.177053451538086,-9.215119361877441,9.57304573059082,0.07795542478561401,0.5323516130447388,7.955010414123535,2.486502170562744,-5.09862756729126,2.306985855102539,15.700026512145996,15.630023002624512,0.08644052594900131,-15.652002334594727,-2.476713180541992,3.379972457885742,-0.721443235874176,0.0656530112028122,-0.39985963702201843,-0.19734320044517517,-1.2670786380767822,1.437284231185913,7.0109381675720215,6.713714599609375,2.2875728607177734,-5.320350170135498
635,-4.675665378570557,5.4309282302856445,-3.75126051902771,0.22463877499103546,-3.7293121814727783,-0.4888661205768585,-4.862282752990723,4.138768672943115,2.0316174030303955,2.0401158332824707,9.222874641418457,-4.250943660736084,-10.271594047546387,11.69252872467041,-0.477110356092453,0.7558584213256836,4.878896713256836,1.656089186668396,-6.802176475524902,4.004466533660889,15.58803653717041,15.656310081481934,0.0007333233952522278,-15.58777141571045,-1.7216945886611938,2.7867047786712646,-0.7707552313804626,0.039486393332481384,-0.722568154335022,-0.07452452182769775,-1.226805567741394,0.8658035397529602,6.747235298156738,6.781553745269775,1.855628490447998,-5.363234043121338
636,-3.5944316387176514,4.562008857727051,-2.7743029594421387,0.4473607838153839,-4.360934257507324,-1.2477998733520508,-3.1336510181427,3.3012800216674805,2.012138843536377,2.0236923694610596,5.459078311920166,-4.209118843078613,-10.347283363342285,13.551759719848633,-0.3203161954879761,1.6908766031265259,2.070136547088623,0.6111827492713928,-8.063434600830078,5.412392616271973,15.6726655960083,15.679715156555176,0.00873020850121975,-15.656805038452148,-1.1670986413955688,2.302515983581543,-0.5261163115501404,0.1025986522436142,-0.8768383860588074,-0.2710646986961365,-0.7694006562232971,0.760994017124176,6.567453384399414,6.762739658355713,0.9618799090385437,-5.264585018157959
637,-2.0954017639160156,3.7427539825439453,-2.6175715923309326,0.17962592840194702,-4.284121513366699,-1.2178595066070557,0.5944696664810181,1.1412529945373535,2.0220208168029785,2.026610851287842,-3.2476284503936768,-4.235235691070557,-10.140457153320312,14.724015235900879,-0.10368242859840393,2.2079193592071533,-0.1510738581418991,-0.19619378447532654,-3.509352922439575,5.910914421081543,15.679903030395508,15.700005531311035,-15.689120292663574,-15.596670150756836,-0.5710635185241699,1.7641047239303589,-0.521170973777771,0.02778296172618866,-0.9075710773468018,-0.2436157464981079,0.2864980697631836,0.187033012509346,6.206132411956787,6.680240631103516,-4.956689834594727,-5.283609867095947
638,-0.4573911726474762,2.6941637992858887,-2.6911306381225586,-0.9165864586830139,-6.116323947906494,-1.1172477006912231,2.858963966369629,-0.16402307152748108,2.0124917030334473,2.0100598335266113,-4.549955368041992,-4.387951374053955,-8.91966724395752,15.219807624816895,-0.16247522830963135,2.122499942779541,2.1057217121124268,-0.7715082168579102,-3.2580854892730713,5.523376941680908,-0.0015577496960759163,15.698734283447266,-15.267402648925781,-15.630890846252441,-0.040869634598493576,1.1301432847976685,-0.5461364388465881,-0.21115852892398834,-1.7545044422149658,-0.22523483633995056,0.5931307673454285,-0.08646027743816376,6.328460693359375,6.954530715942383,-5.859108924865723,-5.673685073852539
639,1.6032624244689941,1.470700740814209,-2.8348519802093506,-0.40262630581855774,-6.973065376281738,-2.7710020542144775,3.6382265090942383,-1.9425379037857056,8.293671607971191,2.026165723800659,-4.721240043640137,-4.31585168838501,-8.589310646057129,15.051375389099121,-0.04014340043067932,2.047985076904297,-0.30528944730758667,-1.694262981414795,-2.5396580696105957,3.9721832275390625,-0.00022915605222806334,15.699869155883789,-15.186517715454102,-15.567875862121582,0.3242867588996887,0.5117568969726562,-0.5760430693626404,-0.057284578680992126,-1.75698721408844,-0.6715363264083862,0.697403609752655,-0.3935956656932831,2.528519630432129,6.3125386238098145,-5.765076637268066,-5.469362258911133
640,1.5604896545410156,1.2325069904327393,-2.066883087158203,-0.9388318657875061,-5.084818363189697,-1.9081652164459229,2.636260986328125,-1.3583719730377197,8.543903350830078,2.026606321334839,-4.559226036071777,-4.207834243774414,-8.180922508239746,14.781238555908203,0.34321534633636475,2.199328660964966,-2.1415038108825684,0.2831287384033203,-2.0783653259277344,2.381208658218384,-0.00022738019470125437,7.3721208572387695,-15.491659164428711,-15.67325496673584,0.244521364569664,0.4818940758705139,-0.3831470012664795,-0.1952504962682724,-1.1282998323440552,-0.3821207582950592,0.4588800072669983,-0.229384645819664,3.0596954822540283,5.95165491104126,-5.61546516418457,-5.1183762550354
641,3.661308765411377,-1.0856647491455078,-1.0760184526443481,-2.1994166374206543,-4.326743125915527,-5.1810479164123535,2.3926069736480713,-0.11626938730478287,6.630707740783691,9.056048393249512,-4.387441158294678,-3.6180858612060547,-7.524562358856201,13.994155883789062,-0.15601572394371033,1.3568217754364014,-3.7146100997924805,1.300905466079712,-1.8131780624389648,1.3322947025299072,-0.00023595683160237968,0.0003039556904695928,-15.400279998779297,-15.528353691101074,0.6713310480117798,-0.27098777890205383,-0.1771952509880066,-0.462249219417572,-1.0391160249710083,-1.2362257242202759,0.442435085773468,0.020686227828264236,1.525683879852295,4.0988311767578125,-5.677995204925537,-3.793555974960327
642,3.2286903858184814,-6.489983558654785,2.3499269485473633,-2.8866777420043945,-3.3906517028808594,-5.6033501625061035,2.438749074935913,0.4765177071094513,-3.027956962585449,8.42536735534668,-4.264904499053955,-2.944267988204956,-6.685346603393555,12.163029670715332,0.1229170560836792,0.6727997660636902,-3.855433702468872,-0.3800804913043976,-1.6269176006317139,0.9820410013198853,-4.110545635223389,-0.0002506531891413033,-15.69016170501709,-15.645075798034668,0.5248867273330688,-1.182900309562683,0.6024503111839294,-0.5853971838951111,-0.8132469654083252,-1.3089940547943115,0.46518415212631226,0.12195892632007599,-1.0823323726654053,2.7075822353363037,-5.507969856262207,-2.8593544960021973
643,6.0901007652282715,-7.138411998748779,2.182129144668579,-3.65088152885437,-0.7036998271942139,-4.398899078369141,3.0632200241088867,1.9727952480316162,-2.3622639179229736,6.239338397979736,-4.61486291885376,-10.753423690795898,-4.463181495666504,2.06614089012146,1.3194223642349243,0.5063737034797668,-1.1123381853103638,-3.3664562702178955,-0.8697464466094971,2.913740873336792,-15.635385513305664,3.810867201536894e-05,-15.669742584228516,0.038126684725284576,1.317099928855896,-1.5573805570602417,0.44449371099472046,-0.7254796028137207,-0.02322254329919815,-1.0108957290649414,0.6095497012138367,0.4816104471683502,-6.269851207733154,1.3706235885620117,-5.744086265563965,-2.201746940612793
644,4.485652923583984,-1.718053936958313,1.9126149415969849,-4.521040916442871,2.70473313331604,-1.5864421129226685,2.06562876701355,1.469582438468933,-1.9755992889404297,-4.917706489562988,-4.181285858154297,3.2255523204803467,-3.829559087753296,0.0585767924785614,0.9548145532608032,-1.6537494659423828,-1.143941044807434,-0.020808372646570206,-0.7467988729476929,4.180507183074951,-15.700024604797363,-14.506902694702148,-15.686796188354492,3.0826785564422607,0.8091806173324585,-0.16249077022075653,0.4000583291053772,-0.9648486375808716,0.6763396263122559,-0.2295922040939331,0.36902594566345215,0.31751176714897156,-7.040582180023193,-4.802011489868164,-5.188739776611328,1.2033123970031738
645,3.3172125816345215,-1.2942688465118408,2.706651449203491,-1.0137923955917358,0.05564422532916069,1.3721431493759155,1.8846668004989624,1.9912956953048706,-2.02546763420105,-1.9301085472106934,-4.170701503753662,4.751545429229736,-2.70353627204895,0.03492617607116699,1.6487433910369873,-0.6588413715362549,-1.9490675926208496,-0.09067092835903168,-0.6898130774497986,5.20457124710083,-15.672487258911133,-15.487129211425781,-15.670614242553711,15.672266960144043,0.5753164887428284,-0.2484523057937622,0.5967348217964172,-0.0776418000459671,-0.08657888323068619,0.3988206684589386,0.3624035120010376,0.5090187788009644,-7.438742160797119,-7.48667573928833,-5.202223300933838,5.94988489151001
646,2.8300254344940186,-2.760735273361206,3.1582930088043213,-0.5012738108634949,0.394291490316391,2.3384251594543457,0.8274850249290466,1.9307494163513184,-2.01411771774292,-2.0517427921295166,-3.9933958053588867,4.071892738342285,-1.9698989391326904,-0.21522043645381927,2.790203094482422,-0.004781782627105713,-2.8149311542510986,0.08160113543272018,-1.086440086364746,5.072010040283203,-15.675832748413086,-15.70001220703125,-15.632986068725586,15.600223541259766,0.5301799774169922,-0.6333075761795044,0.7114055752754211,-0.0799904614686966,0.0850006565451622,0.5163606405258179,0.12129195034503937,0.46319815516471863,-7.2656474113464355,-6.82734489440918,-4.774458408355713,5.179297924041748
647,4.2242512702941895,-3.3002126216888428,2.8211891651153564,-0.5759806632995605,1.8461943864822388,2.5704147815704346,-0.2804138660430908,0.6780799627304077,-2.0397181510925293,-2.04728102684021,-3.402867555618286,4.0565972328186035,-0.9258681535720825,-1.2546234130859375,3.4176011085510254,0.14257238805294037,-3.20084285736084,0.2644224762916565,-2.2190792560577393,4.005799293518066,-15.663870811462402,-15.676461219787598,-15.611391067504883,15.69145679473877,0.9254494905471802,-0.7379269599914551,0.6199267506599426,-0.11785705387592316,0.39149370789527893,0.5408735275268555,-0.10101950168609619,0.10218735039234161,-7.150659084320068,-6.672353744506836,-3.453801155090332,5.099168300628662
648,5.0039448738098145,-3.135249376296997,2.5181901454925537,-0.7222583889961243,2.723097801208496,2.6579136848449707,0.5344489216804504,-0.7720087170600891,-2.0407297611236572,-2.0477821826934814,-2.609971284866333,3.978376626968384,0.7726954221725464,-2.232267141342163,3.9143729209899902,0.1945524662733078,-3.304259777069092,0.5012462735176086,-2.6731598377227783,2.1570167541503906,-15.628673553466797,-15.668197631835938,-15.61153507232666,15.72801685333252,1.1737278699874878,-0.6917644739151001,0.5696527361869812,-0.14884187281131744,0.5358247756958008,0.5583841800689697,0.12878082692623138,-0.19716890156269073,-7.11055326461792,-6.547817230224609,-2.380906343460083,4.845014572143555
649,5.351969242095947,-3.468599319458008,2.4487416744232178,-1.2098941802978516,2.902120351791382,2.9118101596832275,2.0619635581970215,-1.7778313159942627,-2.0749197006225586,-2.0278751850128174,-7.331303119659424,3.944554090499878,2.677581787109375,-3.4876019954681396,3.622720718383789,-0.19471269845962524,-3.263075828552246,0.9088637232780457,-0.92596036195755,0.08993801474571228,-15.653815269470215,-15.661874771118164,0.0035818638280034065,15.681633949279785,1.369404911994934,-0.8378497958183289,0.5512406229972839,-0.260381281375885,0.543800950050354,0.6311508417129517,0.44533616304397583,-0.3822769522666931,-6.921104907989502,-6.4863810539245605,-1.3347933292388916,4.705794334411621
650,5.272146701812744,-5.114799976348877,2.170628547668457,-1.5503895282745361,2.2456703186035156,3.7447445392608643,4.71080207824707,-0.7940157651901245,-2.018874168395996,-2.0218474864959717,8.005695343017578,4.127521991729736,4.483072280883789,-5.716503143310547,3.04348087310791,-0.9969633221626282,-3.4754762649536133,1.7387008666992188,3.351517915725708,-1.1950148344039917,-15.64274787902832,-15.677531242370605,14.520491600036621,15.651609420776367,1.4587291479110718,-1.581303358078003,0.48343467712402344,-0.3300155997276306,0.3875700533390045,0.8789619207382202,1.1141561269760132,-0.12749244272708893,-6.5853962898254395,-6.192954063415527,3.6790077686309814,5.264659404754639
651,5.612879753112793,-2.1010830402374268,-0.792317807674408,-1.507813572883606,0.8209353685379028,-1.5129281282424927,5.2110276222229,-1.038380742073059,-2.027665615081787,-2.017693519592285,3.71256160736084,4.216277599334717,6.729309558868408,-7.007260799407959,1.2964454889297485,-1.6835778951644897,-4.4354248046875,0.31651443243026733,6.734769821166992,-2.340991258621216,-15.657357215881348,-15.68150520324707,15.688862800598145,15.638980865478516,1.8627612590789795,-0.41504305601119995,-0.26969072222709656,-0.31636670231819153,0.09597405791282654,-0.5072318315505981,1.356114387512207,-0.23227117955684662,-5.916689395904541,-6.229278564453125,4.743680477142334,5.409480094909668
652,5.1212239265441895,-4.41949462890625,-1.967633605003357,0.23693335056304932,-2.5818557739257812,-1.663946509361267,4.888740062713623,-1.9115879535675049,-2.010481119155884,-2.0146396160125732,4.097336769104004,4.309911251068115,9.08347225189209,-9.432962417602539,-1.163861870765686,-1.8025870323181152,-7.618549346923828,-2.1803877353668213,8.436012268066406,-3.738942861557007,-15.660710334777832,-15.625603675842285,15.677770614624023,15.543669700622559,1.812978982925415,-1.7073365449905396,-0.44011175632476807,0.1133267730474472,-0.8460445404052734,-0.3569141626358032,1.367342233657837,-0.46508172154426575,-5.508199214935303,-5.808586597442627,5.324678421020508,5.647825717926025
653,4.861181735992432,-4.610604763031006,-1.2704691886901855,1.2396140098571777,-2.8864169120788574,-2.946382999420166,5.116851806640625,-2.214811086654663,-2.0006282329559326,-2.013805866241455,4.145562648773193,4.432267189025879,12.233768463134766,-11.025909423828125,-2.065502882003784,-0.5764626264572144,-10.891315460205078,-5.5379228591918945,9.398994445800781,-5.198430061340332,-15.272502899169922,-15.648859977722168,15.706130981445312,15.717447280883789,2.20367431640625,-1.8893007040023804,-0.24652451276779175,0.2769041657447815,-0.9546253681182861,-0.7840389013290405,1.5331087112426758,-0.5434560775756836,-4.900402069091797,-5.337429046630859,5.332944869995117,6.399082183837891
654,4.1446146965026855,-4.754213809967041,-1.0785934925079346,0.5964540243148804,-2.490363836288452,-2.2061026096343994,3.830897569656372,-3.1214189529418945,-2.439602851867676,-1.9948711395263672,4.155074119567871,4.562523365020752,14.513108253479004,-12.688933372497559,-2.518500804901123,0.05956567823886871,-12.661831855773926,-8.075604438781738,9.193517684936523,-6.6376447677612305,-14.053157806396484,-15.673405647277832,15.687830924987793,15.636926651000977,2.08147931098938,-2.47428822517395,-0.22737979888916016,0.09526059031486511,-0.8929789066314697,-0.5696532726287842,1.0658674240112305,-0.8334856629371643,-4.0615386962890625,-4.939932823181152,5.29102897644043,6.596370220184326
655,3.531824827194214,-4.425336837768555,-0.5841121673583984,0.3434605300426483,-1.0144909620285034,-1.063072681427002,2.1867246627807617,-3.1521451473236084,-8.413174629211426,-1.9707692861557007,4.183109283447266,4.449747562408447,16.769384384155273,-14.214324951171875,-2.817556381225586,0.1417694389820099,-11.827818870544434,-9.013935089111328,8.05211067199707,-7.960633277893066,0.00011785395327024162,-15.373406410217285,15.670317649841309,15.66659164428711,1.9437825679779053,-2.637573719024658,-0.10934393852949142,0.058914914727211,-0.24641385674476624,-0.24811473488807678,0.52149498462677,-0.8521161675453186,-2.694411516189575,-3.5254361629486084,5.2015228271484375,6.089599132537842
656,2.7974135875701904,-3.767868757247925,-2.4175641536712646,1.2827296257019043,5.746221542358398,0.2986830472946167,0.5897096395492554,-2.006572961807251,4.632645130157471,-5.6498637199401855,4.192246437072754,4.0145111083984375,17.191736221313477,-15.564370155334473,-3.4731528759002686,0.3167359232902527,-5.2772626876831055,-8.445590019226074,6.278085708618164,-6.406887531280518,7.716378211975098,0.00015239010099321604,15.472155570983887,7.689083099365234,1.4804245233535767,-1.9410456418991089,-0.6234704852104187,0.295207142829895,1.3109341859817505,0.11209714412689209,0.06717938184738159,-0.5093709230422974,2.3465652465820312,-2.0773613452911377,5.582993030548096,5.086524963378906
657,2.4821484088897705,-3.174393892288208,2.282609224319458,-2.3951218128204346,7.933488845825195,4.921521186828613,-3.7755212783813477,-4.288354873657227,3.0939133167266846,5.09126615524292,4.277749538421631,14.972001075744629,16.381925582885742,-16.668716430664062,-2.4951236248016357,-0.3862432837486267,2.8798372745513916,-3.780722141265869,3.1917459964752197,-5.465737342834473,15.551935195922852,7.83728551864624,15.458327293395996,-0.05791570246219635,1.2780643701553345,-1.8054497241973877,0.5958427786827087,-0.6316879987716675,2.685206174850464,1.0593299865722656,-0.813502848148346,-1.1232978105545044,6.5577497482299805,2.782796621322632,5.428165912628174,3.3162829875946045
658,-1.5191363096237183,-1.8649283647537231,0.7448326349258423,1.6550694704055786,6.481237411499023,6.756887435913086,-2.680328845977783,-2.4819555282592773,1.9905694723129272,3.1137630939483643,4.2365498542785645,12.856548309326172,11.669596672058105,-15.567403793334961,-1.8717379570007324,0.1734573245048523,8.98820686340332,2.9889214038848877,0.9904675483703613,-6.4553961753845215,15.626941680908203,15.451326370239258,15.618358612060547,0.01638183183968067,-0.47051307559013367,-0.7505595684051514,0.08739203959703445,0.4852021336555481,2.6945438385009766,1.9347872734069824,-0.47606605291366577,-0.5472514033317566,6.613837242126465,5.598405838012695,5.235533714294434,2.7773468494415283
659,-6.242497444152832,3.6996467113494873,-0.2658579647541046,-0.08141177147626877,5.126306533813477,4.0659894943237305,-3.200141191482544,-1.261750340461731,2.062868118286133,1.9826428890228271,4.478322982788086,10.764147758483887,2.9587574005126953,-12.066178321838379,-2.880829334259033,-0.42630162835121155,12.79025650024414,6.493387222290039,-1.012028455734253,-7.181768894195557,15.583620071411133,15.659467697143555,15.469681739807129,0.012128513306379318,-1.3829565048217773,0.7960432767868042,-0.09610145539045334,-0.08220399916172028,2.574998378753662,0.9852834939956665,-0.6714286208152771,-0.2720429003238678,6.807624340057373,5.394646167755127,5.398134708404541,2.2345950603485107
660,-5.673926830291748,7.947271823883057,-1.0363836288452148,-2.153167724609375,4.139756202697754,0.8932470679283142,-4.81583833694458,3.1000709533691406,2.0319979190826416,2.046971082687378,4.087367057800293,-3.261000871658325,-2.363494396209717,-5.201127529144287,-0.30638206005096436,-1.0110241174697876,13.762398719787598,7.167816162109375,-2.5622503757476807,-1.9396240711212158,15.617094039916992,15.383986473083496,13.466885566711426,-15.85435962677002,-1.350947380065918,1.7909489870071411,-0.2607531249523163,-0.527340292930603,2.0493414402008057,0.0935690775513649,-1.135743498802185,0.7579619884490967,6.758913516998291,6.154976844787598,5.100191593170166,-5.719008445739746
661,-5.550363540649414,8.19653034210205,-3.694992780685425,0.414765864610672,3.6582751274108887,-0.7052459716796875,-5.5752272605896,3.359166383743286,2.0103328227996826,2.0071609020233154,4.078237533569336,-4.30542516708374,-6.330325126647949,0.5136924982070923,-0.36362746357917786,-1.3716750144958496,13.059253692626953,5.975234031677246,-5.323616027832031,-1.444154143333435,15.670108795166016,15.700007438659668,15.273211479187012,-15.686464309692383,-1.7255158424377441,2.3337883949279785,-0.8603177666664124,0.17860211431980133,1.581969141960144,-0.18254956603050232,-1.3843985795974731,0.6508895754814148,6.803091526031494,6.1319379806518555,4.278830528259277,-6.341007709503174
662,-5.198421478271484,7.215152263641357,-3.4068715572357178,0.7308080792427063,2.6616578102111816,-0.27083301544189453,-6.717482566833496,4.146690368652344,2.0133957862854004,2.010056734085083,14.952770233154297,-4.3206963539123535,-8.490842819213867,5.434780120849609,-0.04258790612220764,-0.7496683597564697,11.717459678649902,4.896912097930908,-2.915756940841675,-0.4250841736793518,15.699999809265137,15.699929237365723,0.01777391880750656,-15.648101806640625,-1.8542226552963257,2.5114667415618896,-0.6627441048622131,0.15276624262332916,0.8873021006584167,-0.032732024788856506,-1.5345556735992432,0.8423593640327454,7.00028657913208,6.311848163604736,3.9238951206207275,-6.142599582672119
663,-5.345966339111328,6.497584342956543,-3.4430747032165527,0.12951752543449402,0.30197837948799133,-0.6586173176765442,-5.611088275909424,5.903304100036621,2.011078357696533,2.0099363327026367,11.850289344787598,-4.219115257263184,-9.824274063110352,9.234918594360352,0.038811057806015015,0.03845788910984993,9.446035385131836,3.6602396965026855,-5.023745059967041,1.382119059562683,15.660277366638184,15.634340286254883,0.05637688934803009,-15.691189765930176,-2.2747578620910645,3.4638290405273438,-0.709017276763916,0.003711685538291931,-0.061079807579517365,-0.12871277332305908,-1.2971608638763428,1.3063380718231201,7.057924747467041,6.623709678649902,2.3895227909088135,-5.372618198394775
664,-4.663575649261475,5.521490573883057,-3.7036337852478027,0.05522306263446808,-3.0581133365631104,-0.31590110063552856,-4.9482221603393555,4.524380207061768,2.032759666442871,2.0271270275115967,9.751216888427734,-4.205958366394043,-10.59746265411377,11.789673805236816,-0.17593052983283997,0.6497677564620972,6.204844951629639,2.757432460784912,-6.81541633605957,3.075827121734619,15.669405937194824,15.630805015563965,0.02772008627653122,-15.600722312927246,-1.7954436540603638,3.000192642211914,-0.7550731301307678,0.008429393172264099,-0.6176581382751465,-0.04612851142883301,-1.249464511871338,0.9472307562828064,6.843529224395752,6.729020118713379,1.9865427017211914,-5.290669918060303
665,-3.700434446334839,4.742225170135498,-3.159924268722534,0.04974532127380371,-3.6969692707061768,-0.9218003749847412,-3.366724729537964,3.6190297603607178,2.010498523712158,2.0432236194610596,6.912377834320068,-4.1729583740234375,-10.90731143951416,13.510017395019531,-0.24582403898239136,1.2710506916046143,3.230998992919922,1.7376999855041504,-8.130443572998047,4.554275989532471,15.68293571472168,15.679943084716797,0.018826674669981003,-15.653759002685547,-1.2652828693389893,2.5814852714538574,-0.6177965402603149,0.010134980082511902,-0.7030670046806335,-0.19425925612449646,-0.843325674533844,0.8073903918266296,6.764894962310791,6.691752910614014,1.3074209690093994,-5.210139274597168
666,-2.2568883895874023,4.004930019378662,-2.4802792072296143,0.07424836605787277,-4.031430721282959,-1.6352373361587524,-1.04906165599823,1.8775111436843872,2.0310401916503906,2.013878345489502,-5.327442646026611,-4.1768059730529785,-10.719832420349121,14.609818458557129,-0.12729373574256897,1.7743885517120361,0.8151391744613647,0.6951897740364075,-3.9942171573638916,5.40300989151001,15.639301300048828,15.685067176818848,-15.52176284790039,-15.635961532592773,-0.6480739116668701,2.01867938041687,-0.47509878873825073,0.01662258803844452,-0.831052303314209,-0.34567829966545105,-0.1402156800031662,0.3797978162765503,6.507045745849609,6.592119216918945,-2.6242101192474365,-5.2121148109436035
667,-0.5159573554992676,3.070988893508911,-2.73811674118042,-1.1583150625228882,-6.191562652587891,-0.8819443583488464,2.907820224761963,0.2271120697259903,2.025960683822632,2.013279914855957,-4.205816745758057,-4.317878246307373,-10.129240036010742,15.147110939025879,-0.0014843791723251343,1.6159757375717163,-1.9472367763519287,0.14173460006713867,-3.7609100341796875,5.2401347160339355,15.67046070098877,15.680103302001953,-15.3270263671875,-15.613238334655762,-0.053610604256391525,1.3622832298278809,-0.5607671737670898,-0.26410531997680664,-1.7384886741638184,-0.14785009622573853,0.6653719544410706,-0.019965868443250656,6.585859775543213,6.809586524963379,-5.826675891876221,-5.636915683746338
668,0.9333098530769348,2.0732386112213135,-2.758073568344116,-1.1429681777954102,-5.147355079650879,-2.6794652938842773,3.4853272438049316,-0.7582793235778809,2.0206003189086914,2.0179154872894287,-4.6700286865234375,-4.3599772453308105,-8.580145835876465,15.240898132324219,0.18348439037799835,1.4247550964355469,0.6058549880981445,-0.8393782377243042,-3.043637275695801,4.2999138832092285,-2.4318695068359375e-05,15.635902404785156,-15.410816192626953,-15.638226509094238,0.1988484114408493,0.811553955078125,-0.553416907787323,-0.21810860931873322,-1.3049272298812866,-0.636115312576294,0.6512258648872375,-0.16622380912303925,6.3773956298828125,6.695919513702393,-5.852611064910889,-5.592208385467529
669,3.2512192726135254,0.4895194172859192,-2.3872013092041016,-0.830247163772583,-6.0558648109436035,-3.9117074012756348,3.966109275817871,-1.0347689390182495,5.496546745300293,2.038005828857422,-4.521691799163818,-4.116373062133789,-8.11026668548584,13.681649208068848,-0.24543264508247375,0.9075173735618591,-1.5457324981689453,2.516450881958008,-2.1335184574127197,3.000335454940796,-0.00018448886112309992,0.00022029876708984375,-15.432097434997559,-15.57132339477539,0.6006712913513184,0.07106149941682816,-0.46250206232070923,-0.14831502735614777,-1.5149784088134766,-0.9534429311752319,0.7557759284973145,-0.1950157731771469,1.059683084487915,5.78569221496582,-5.743680953979492,-4.878908634185791
670,3.536870002746582,-4.135915279388428,0.22127622365951538,-2.4353175163269043,-5.022147178649902,-5.913690090179443,2.3167593479156494,0.0666021779179573,-1.5262888669967651,6.980860233306885,-4.51058292388916,-3.4729113578796387,-7.0639119148254395,12.623538970947266,-0.3526000380516052,0.43800464272499084,-3.505523920059204,0.7725276350975037,-1.9430747032165527,2.158085346221924,-7.876114977989346e-06,-0.00016970932483673096,-15.33340072631836,-15.564388275146484,0.597888708114624,-0.7582070231437683,0.1427488625049591,-0.5348841547966003,-1.226751685142517,-1.391010046005249,0.3788520097732544,0.05245073512196541,-0.5922468900680542,1.6368277072906494,-5.522744655609131,-3.6147730350494385
671,4.974229335784912,-6.765324592590332,1.5945806503295898,-3.328587532043457,-4.1223225593566895,-5.165210723876953,2.8668618202209473,1.3107789754867554,-3.740657329559326,7.442826271057129,-4.4494218826293945,-2.885226249694824,-5.266404628753662,10.46463394165039,-0.3220926523208618,-0.5824544429779053,-0.5855361819267273,-0.9805804491043091,-1.5298999547958374,2.553783655166626,-15.68889045715332,-0.00022057333262637258,-15.621402740478516,-15.041844367980957,0.9534695744514465,-1.1988657712936401,0.36733105778694153,-0.7095205187797546,-0.8685539364814758,-1.1478372812271118,0.5649443864822388,0.3351426422595978,-5.424487590789795,2.1083498001098633,-5.624292850494385,-2.7559964656829834
672,4.250962257385254,-6.1333818435668945,2.2322518825531006,-3.211500883102417,0.7065335512161255,-3.4596879482269287,3.511204242706299,1.0120376348495483,-1.976462483406067,0.6636796593666077,-4.373711585998535,-10.634552001953125,-4.211729049682617,8.693316459655762,0.201863631606102,-0.9762029647827148,-1.2161400318145752,-2.271489381790161,-0.6230266690254211,3.7069525718688965,-15.699999809265137,0.00013389450032263994,-15.609538078308105,-0.004163350909948349,0.7573269009590149,-1.011763095855713,0.4730738401412964,-0.6501733660697937,0.32930007576942444,-0.7057117223739624,0.7085636854171753,0.21673382818698883,-7.094091415405273,-0.12571153044700623,-5.689558982849121,-2.17353892326355
673,4.554605484008789,-6.184663772583008,3.6621038913726807,-1.5134352445602417,1.176020860671997,0.7030045390129089,2.717081308364868,2.8156819343566895,-2.0834803581237793,-2.2349207401275635,-4.473724842071533,-0.5426914095878601,-1.6747206449508667,1.7374497652053833,3.227949380874634,-0.16452786326408386,-1.6246495246887207,1.403667688369751,0.024975519627332687,6.465485095977783,-15.7000093460083,-15.674808502197266,-15.670868873596191,1.5168450772762299e-05,0.910256028175354,-1.3985344171524048,0.8622241616249084,-0.2442644089460373,0.2438100278377533,0.3166455328464508,0.5183071494102478,0.7782834768295288,-7.2711262702941895,-6.598081111907959,-5.1741623878479,0.27479875087738037
674,3.106196880340576,-3.0175366401672363,1.819331407546997,-0.7696237564086914,0.8716002702713013,1.2657232284545898,1.0868598222732544,1.1935148239135742,-2.010211229324341,-2.014374256134033,-4.114990711212158,5.986867427825928,-2.3653128147125244,-0.6921244263648987,1.5726181268692017,-0.426962286233902,-2.335426092147827,0.8189786672592163,-0.25270435214042664,6.866593360900879,-15.700023651123047,-15.700091361999512,-15.713958740234375,15.547804832458496,0.5471700429916382,-0.5272752046585083,0.3102366328239441,-0.1278126984834671,0.15086087584495544,0.28553372621536255,0.15221191942691803,0.23967958986759186,-6.983875751495361,-7.558408737182617,-5.21065616607666,8.419120788574219
675,2.76438570022583,-1.5030126571655273,3.152374267578125,-0.6233268976211548,1.183846354484558,-0.23294220864772797,1.6829041242599487,1.0360966920852661,-2.0349700450897217,-2.0288472175598145,-4.015172958374023,4.004734039306641,-1.4606572389602661,-0.8921090960502625,2.6525349617004395,0.17347313463687897,-2.884793519973755,0.04136743023991585,-0.15841805934906006,5.586730003356934,-15.667972564697266,-15.655162811279297,-15.638317108154297,15.698702812194824,0.5275435447692871,-0.250165194272995,0.7468252182006836,-0.11819113790988922,0.22969406843185425,-0.10451376438140869,0.35753023624420166,0.25199273228645325,-7.042827129364014,-6.796757698059082,-4.752239227294922,4.892093658447266
676,3.169665575027466,-2.5031380653381348,2.731275796890259,-0.48609766364097595,1.5626729726791382,1.666178584098816,-0.3212052583694458,0.09966535866260529,-2.0238051414489746,-2.031254529953003,-3.482351541519165,4.026086807250977,-0.7092701196670532,-1.590863585472107,3.4026174545288086,0.3863246440887451,-3.325606107711792,-0.21834063529968262,-1.2058988809585571,3.936941623687744,-15.664851188659668,-15.652750968933105,-15.636713027954102,15.687472343444824,0.6540013551712036,-0.5811066627502441,0.5961639881134033,-0.0909772664308548,0.2982516586780548,0.41022080183029175,-0.1416332870721817,-0.021555762737989426,-7.046520709991455,-6.788669586181641,-3.6646831035614014,4.999988079071045
677,4.6613969802856445,-2.6809394359588623,2.4017446041107178,-0.8057418465614319,2.722533941268921,1.9833307266235352,0.21278110146522522,-1.4323885440826416,-2.032268762588501,-2.035137414932251,-2.707167387008667,3.9560940265655518,0.7266810536384583,-2.4410200119018555,3.8389501571655273,0.3796458840370178,-3.3749172687530518,-0.31063148379325867,-2.0370092391967773,1.647979974746704,-15.665703773498535,-15.641497611999512,-15.607721328735352,15.699071884155273,1.108662486076355,-0.604663610458374,0.5381426811218262,-0.17093278467655182,0.543862521648407,0.411517471075058,0.060466960072517395,-0.3171079456806183,-6.957055568695068,-6.575756549835205,-2.5204899311065674,4.783480167388916
678,5.170828819274902,-3.0032358169555664,2.3690266609191895,-1.3474335670471191,2.7164533138275146,2.71142315864563,1.708290934562683,-2.10176157951355,-2.0310375690460205,-2.0392088890075684,-7.909028053283691,3.844470500946045,2.521993637084961,-3.4509356021881104,3.499213218688965,-0.054776012897491455,-3.325960636138916,-0.04066363722085953,-0.805198609828949,-0.5659528970718384,-15.59134292602539,-15.61421012878418,0.0023983896244317293,15.691418647766113,1.3085978031158447,-0.7153595685958862,0.5311069488525391,-0.28855836391448975,0.500518262386322,0.5847710371017456,0.38010430335998535,-0.44335997104644775,-6.703567028045654,-6.489677429199219,-1.461230754852295,4.596893787384033
679,5.190121173858643,-5.0540618896484375,2.3715269565582275,-1.6362817287445068,1.7263070344924927,3.8716306686401367,4.5864481925964355,-1.0353238582611084,-2.011708974838257,-2.029717206954956,7.985474586486816,4.088467121124268,4.964890003204346,-4.900652885437012,3.6794872283935547,-0.14875531196594238,-3.764960765838623,0.7356066703796387,3.2911903858184814,-2.013465642929077,-15.6676025390625,-15.645586967468262,13.975615501403809,15.714911460876465,1.4378457069396973,-1.549495816230774,0.5448236465454102,-0.33999335765838623,0.27683624625205994,0.8920454978942871,1.0916017293930054,-0.1795307844877243,-6.274772644042969,-6.040335655212402,3.540543556213379,5.223268032073975
680,5.304296016693115,-2.917941093444824,-1.5925698280334473,-1.661085844039917,-0.842182457447052,-1.0675804615020752,5.134140968322754,-1.2727123498916626,-2.0117526054382324,-2.021510124206543,3.7100696563720703,4.179716110229492,7.415722846984863,-6.347165584564209,1.7452646493911743,-0.6711550951004028,-5.812405586242676,-0.6940736174583435,6.666916847229004,-3.2670509815216064,-15.676971435546875,-15.665338516235352,15.692459106445312,15.705857276916504,1.7470782995224,-0.6603759527206421,-0.4508567452430725,-0.33930444717407227,-0.29910632967948914,-0.4075363278388977,1.3366345167160034,-0.29137352108955383,-5.561875820159912,-6.130934715270996,4.809476375579834,5.458639621734619
681,4.97183895111084,-5.120204925537109,-2.9348573684692383,-0.3412456810474396,-3.3228843212127686,-0.6577617526054382,4.87528657913208,-2.330658435821533,-2.007784128189087,-2.0239980220794678,4.090977668762207,4.307301998138428,10.098605155944824,-8.635163307189941,-0.7627156376838684,-0.6555862426757812,-9.540567398071289,-2.6629645824432373,8.472224235534668,-4.779784679412842,-15.677437782287598,-15.654748916625977,15.694486618041992,15.704068183898926,1.8781297206878662,-2.0357954502105713,-0.6353299617767334,-0.018896684050559998,-1.1503971815109253,-0.1258661150932312,1.3620400428771973,-0.5903332829475403,-5.022412300109863,-5.785802841186523,5.311838150024414,5.885541915893555
682,4.684573650360107,-5.191377639770508,-1.9984129667282104,-0.13900868594646454,-3.3265817165374756,-1.8546688556671143,4.708320617675781,-2.6359503269195557,-2.17409348487854,-2.0210187435150146,4.116440296173096,4.4928083419799805,12.658855438232422,-11.038200378417969,-2.4572536945343018,-0.5452994108200073,-12.905692100524902,-5.154828071594238,9.274395942687988,-6.22755765914917,-14.596695899963379,-15.669882774353027,15.694952964782715,15.702836990356445,2.1685147285461426,-2.3569674491882324,-0.3954927325248718,-0.020479276776313782,-1.2707542181015015,-0.4920888841152191,1.3854527473449707,-0.6708384156227112,-4.375641345977783,-5.399980545043945,5.230040073394775,6.568489074707031
683,4.007858753204346,-4.788183212280273,-0.896727979183197,0.2508710026741028,-2.1190028190612793,-1.4779952764511108,3.3381757736206055,-3.0442798137664795,-8.761214256286621,-2.003540515899658,4.264827728271484,4.600092887878418,15.73281192779541,-12.980934143066406,-3.2025747299194336,-0.4157773554325104,-14.02595329284668,-7.034696102142334,8.794919967651367,-7.64953088760376,0.00013375471462495625,-15.594376564025879,15.692761421203613,15.683581352233887,2.0921308994293213,-2.678720712661743,-0.15956032276153564,0.06368345022201538,-0.7575557827949524,-0.36777791380882263,0.891879141330719,-0.8311089277267456,-3.2191638946533203,-4.766739845275879,5.142747402191162,6.634493350982666
684,3.311089277267456,-4.300095558166504,-2.684886932373047,1.023715853691101,4.263761043548584,0.5172881484031677,1.7788259983062744,-1.9478355646133423,3.375854969024658,-1.882206916809082,4.221210479736328,4.477964401245117,16.629152297973633,-14.033849716186523,-4.282168388366699,-0.08751034736633301,-8.708366394042969,-6.594793796539307,7.495157241821289,-8.464906692504883,5.776182174682617,-15.700003623962402,15.640077590942383,15.604022979736328,1.8550448417663574,-2.2603988647460938,-0.6954877972602844,0.2324841469526291,0.9557746052742004,0.1713365614414215,0.40064698457717896,-0.48452696204185486,1.427846908569336,-2.957329034805298,5.5234832763671875,6.0304999351501465
685,2.8951380252838135,-3.9016497135162354,-0.6538285613059998,-0.13507391512393951,7.67444372177124,1.7772890329360962,0.5696932077407837,-2.71950626373291,3.6093974113464355,-7.132551670074463,4.2568206787109375,4.087902069091797,16.600568771362305,-15.51235294342041,-4.548862934112549,-0.1847168505191803,-0.8908926248550415,-4.512795448303223,5.780923843383789,-9.463966369628906,15.196566581726074,0.00010918910265900195,15.69251537322998,15.689697265625,1.552986741065979,-2.1792550086975098,-0.06745808571577072,-0.07119272649288177,1.9911679029464722,0.348093181848526,0.08146853744983673,-0.8287245631217957,5.699183940887451,-1.7601231336593628,5.449243068695068,5.218875408172607
686,2.117227077484131,-2.734090805053711,2.5205023288726807,-0.5152357816696167,7.552237033843994,3.658099412918091,-2.935882329940796,-1.1077327728271484,1.9797075986862183,4.729825496673584,4.274680137634277,18.70856285095215,13.647327423095703,-16.73710823059082,-3.889214277267456,-1.2258201837539673,5.849727630615234,-0.9260139465332031,3.0916364192962646,-5.2925496101379395,15.60715103149414,6.937802791595459,15.354948997497559,-0.011048931628465652,0.8389997482299805,-1.2683669328689575,0.5604939460754395,-0.12112344801425934,3.1934123039245605,0.7801029682159424,-0.641918420791626,-0.1691962033510208,7.091079235076904,2.148960590362549,5.547878265380859,5.034095764160156
687,-4.52870512008667,-1.3548001050949097,1.8110374212265015,1.9215755462646484,5.790521144866943,5.324641227722168,-2.8982737064361572,-1.1170240640640259,2.020606517791748,3.4231672286987305,4.272057056427002,13.354643821716309,7.184683322906494,-15.691377639770508,-2.9889872074127197,-0.4823353588581085,10.774771690368652,4.328912734985352,0.8112016916275024,-5.70874547958374,15.531319618225098,14.834821701049805,15.53198528289795,0.021581076085567474,-1.0615198612213135,-0.5042448043823242,0.30289414525032043,0.4648972153663635,2.454368829727173,1.4743961095809937,-0.5551329255104065,-0.27523186802864075,6.439669132232666,5.548801422119141,5.098894119262695,2.7528984546661377
688,-4.994804382324219,6.086002826690674,0.3745162785053253,-2.0924131870269775,4.6930341720581055,2.077144145965576,-3.101202964782715,-1.14534592628479,2.1331827640533447,2.0055689811706543,4.834905624389648,9.277429580688477,0.9875275492668152,-10.578441619873047,-0.20687614381313324,-0.9425853490829468,12.948591232299805,6.170166015625,-0.9005497097969055,-6.302721977233887,15.645922660827637,15.696954727172852,15.553224563598633,-0.007648511789739132,-1.0420838594436646,1.2741568088531494,0.024704523384571075,-0.5876336097717285,2.3220810890197754,0.39665886759757996,-0.6351296305656433,-0.288065105676651,6.624100685119629,5.722431182861328,5.691912651062012,1.7817845344543457
689,-5.802937030792236,8.438555717468262,-2.415820360183716,-0.4988168776035309,3.9209444522857666,0.7430458664894104,-4.983316421508789,2.924668073654175,2.030768632888794,2.0237374305725098,4.108824729919434,-3.392561197280884,-3.727311849594116,-3.956040620803833,0.07484638690948486,-1.5479735136032104,13.255281448364258,6.349563121795654,-3.1650495529174805,-1.1169652938842773,15.700007438659668,15.686646461486816,15.458494186401367,-15.692614555358887,-1.5863186120986938,1.9966002702713013,-0.5914821028709412,-0.04254858195781708,1.7704070806503296,0.12824159860610962,-1.1783167123794556,0.7280934453010559,6.667820453643799,6.337978363037109,4.810705661773682,-6.134202003479004
690,-5.591434478759766,7.96450138092041,-3.9087510108947754,1.1319730281829834,3.4164161682128906,-1.0538438558578491,-5.418574810028076,3.4290056228637695,2.0114691257476807,2.00838041305542,4.041528224945068,-4.3189311027526855,-6.893305778503418,1.5235060453414917,0.09027859568595886,-1.1042141914367676,12.437827110290527,4.856982707977295,-5.303599834442139,-0.5496413707733154,15.700016021728516,15.699755668640137,14.997061729431152,-15.702871322631836,-1.8254973888397217,2.3143362998962402,-0.8462441563606262,0.27761518955230713,1.3571478128433228,-0.24830034375190735,-1.3380972146987915,0.6922760605812073,6.935150146484375,6.187332630157471,4.421761512756348,-6.366880893707275
691,-5.186996936798096,7.043752670288086,-3.688267946243286,0.6776660680770874,2.074523687362671,-0.6171700954437256,-6.7973127365112305,3.9769158363342285,2.014408588409424,2.013894557952881,13.808170318603516,-4.331802845001221,-8.66927433013916,6.014553546905518,0.1094975471496582,-0.5569139719009399,10.891815185546875,3.6428403854370117,-3.007556438446045,0.4657149612903595,15.7000093460083,15.699834823608398,0.018972698599100113,-15.640120506286621,-1.8831819295883179,2.542224884033203,-0.7195828557014465,0.11558462679386139,0.5978777408599854,-0.09537726640701294,-1.5945934057235718,0.8245301246643066,7.0659708976745605,6.4153361320495605,3.807382822036743,-6.1496901512146
692,-5.36786413192749,6.3661956787109375,-3.5444579124450684,0.40025588870048523,-1.3432332277297974,-0.9114171266555786,-5.766788005828857,5.559190273284912,2.0118229389190674,2.028424024581909,11.253596305847168,-4.230715751647949,-9.946659088134766,9.323495864868164,-0.22350411117076874,0.12349575757980347,8.349935531616211,2.4699594974517822,-5.15062952041626,2.3004167079925537,15.526898384094238,15.612045288085938,0.057663459330797195,-15.75085735321045,-2.328150510787964,3.3186988830566406,-0.7246591448783875,0.06980578601360321,-0.3758198618888855,-0.17700007557868958,-1.3430508375167847,1.2625309228897095,6.994171142578125,6.731070041656494,2.2233057022094727,-5.3922858238220215
693,-4.578251838684082,5.442269802093506,-3.4545226097106934,0.28465718030929565,-3.7990331649780273,-0.6132350564002991,-4.768220901489258,4.210503578186035,2.0113465785980225,2.02078914642334,9.251778602600098,-4.371123313903809,-10.475420951843262,11.802858352661133,-0.3927704095840454,0.7794314622879028,5.010067462921143,1.476893424987793,-6.925731658935547,3.8456084728240967,15.60435676574707,15.676316261291504,0.006772242486476898,-15.640302658081055,-1.7151597738265991,2.8253273963928223,-0.6959758400917053,0.05398426949977875,-0.7407437562942505,-0.10587656497955322,-1.1944279670715332,0.9041069149971008,6.765040397644043,6.783092021942139,1.8721561431884766,-5.323909282684326
694,-3.50302791595459,4.57820463180542,-2.7489535808563232,0.2654511332511902,-4.1698689460754395,-1.0961705446243286,-3.055403709411621,3.272002935409546,2.0449140071868896,2.032883882522583,5.624990463256836,-4.18981409072876,-10.58141803741455,13.601274490356445,-0.3011692762374878,1.5819628238677979,2.2283148765563965,0.5518049597740173,-8.132433891296387,5.229725360870361,15.673249244689941,15.684554100036621,0.001355073880404234,-15.610913276672363,-1.151381492614746,2.3071646690368652,-0.5321057438850403,0.05464957654476166,-0.8189363479614258,-0.23168915510177612,-0.7498611807823181,0.7461394667625427,6.608481407165527,6.742311000823975,1.0003418922424316,-5.276167392730713
695,-2.013943910598755,3.7146644592285156,-2.5696609020233154,0.16430920362472534,-4.247231960296631,-1.3245817422866821,0.6520437598228455,1.162900447845459,2.009591817855835,2.0238192081451416,-3.227898120880127,-4.207775592803955,-10.265960693359375,14.807342529296875,-0.06812179088592529,2.152524709701538,-0.013020873069763184,-0.2646704316139221,-3.582629919052124,5.736083030700684,15.636066436767578,15.678680419921875,-15.621367454528809,-15.62036418914795,-0.5465104579925537,1.7601275444030762,-0.5081994533538818,0.03116200864315033,-0.9007645845413208,-0.2756112515926361,0.2949618101119995,0.19291739165782928,6.254953861236572,6.666274547576904,-4.886976718902588,-5.27356481552124
696,-0.3849373161792755,2.6777091026306152,-2.6596839427948,-1.0217738151550293,-6.107049465179443,-1.18311607837677,3.0310347080230713,-0.1829126924276352,2.0285327434539795,2.0229973793029785,-4.4967265129089355,-4.335295677185059,-9.701655387878418,15.114306449890137,-0.1331881284713745,1.7909815311431885,-0.808821439743042,-0.7509975433349609,-3.176980972290039,5.444477558135986,10.20375919342041,15.661266326904297,-15.269055366516113,-15.62009334564209,-0.02022535726428032,1.1167221069335938,-0.5388271808624268,-0.2348698228597641,-1.7413557767868042,-0.23787075281143188,0.6278729438781738,-0.09102825820446014,6.394589424133301,6.940540313720703,-5.855547904968262,-5.677122592926025
697,1.6058948040008545,1.3064476251602173,-2.4411392211914062,-0.39481499791145325,-6.377426624298096,-2.7089931964874268,3.101120710372925,-1.3136518001556396,9.175887107849121,2.049138307571411,-4.690859317779541,-4.345729351043701,-8.549190521240234,15.050809860229492,0.11627372354269028,2.0045673847198486,0.01782660186290741,-1.7346556186676025,-2.6949069499969482,4.135394096374512,-0.0002520037814974785,15.643095016479492,-15.31435775756836,-15.575634002685547,0.32055121660232544,0.4281280040740967,-0.479470431804657,-0.051970794796943665,-1.4673892259597778,-0.6522719860076904,0.5712135434150696,-0.2638573944568634,4.97849178314209,6.550350666046143,-5.885397911071777,-5.615350246429443
698,1.54982328414917,1.3197661638259888,-2.0903775691986084,-0.9844845533370972,-5.3420209884643555,-1.9252045154571533,2.8891119956970215,-1.4897961616516113,8.710644721984863,2.029294013977051,-4.545942306518555,-4.220112323760986,-8.2062406539917,14.485713005065918,0.2817857563495636,2.0469167232513428,-1.8687288761138916,1.9650766849517822,-2.1819097995758057,2.5452704429626465,-0.00025118241319432855,1.560689926147461,-15.538193702697754,-15.718962669372559,0.24290655553340912,0.5391806960105896,-0.4029276669025421,-0.2062745839357376,-1.2356113195419312,-0.39031633734703064,0.5310871601104736,-0.27676549553871155,3.097136974334717,5.892319679260254,-5.600218772888184,-5.097597599029541
699,4.122547626495361,-2.815039873123169,-0.15713034570217133,-2.7479007244110107,-4.529470920562744,-5.981873035430908,2.317214250564575,-0.4058380126953125,5.539731502532959,8.28903865814209,-4.318470001220703,-3.4951834678649902,-7.382386207580566,13.49586296081543,-0.2374424934387207,1.0154037475585938,-3.591759204864502,0.8934303522109985,-1.9656637907028198,1.2171204090118408,-0.00019407770014367998,0.00019752373918890953,-15.563319206237793,-15.594291687011719,0.7731704711914062,-0.575312077999115,0.04178919643163681,-0.591519296169281,-1.0877968072891235,-1.551558494567871,0.4154205322265625,-0.04012475535273552,1.1010169982910156,2.5202741622924805,-5.603085517883301,-3.6268675327301025
700,3.4876344203948975,-5.987592697143555,2.249507427215576,-2.9937620162963867,-3.678276538848877,-5.055308818817139,2.764728307723999,0.7017806172370911,-4.4880805015563965,8.222784042358398,-4.299229145050049,-2.9481186866760254,-6.220128059387207,11.765266418457031,0.0911606103181839,0.16258123517036438,-2.5182673931121826,-0.7054746150970459,-1.6218969821929932,1.0185291767120361,-8.391823768615723,-0.0002361650695092976,-15.692198753356934,-15.406630516052246,0.5691165924072266,-1.0204546451568604,0.5419895648956299,-0.601620614528656,-0.8779348134994507,-1.0975309610366821,0.5410023331642151,0.1877252608537674,-1.7221957445144653,2.6089820861816406,-5.542999744415283,-2.9202210903167725
701,6.017216205596924,-7.447454452514648,2.170485019683838,-3.4303009510040283,-0.025964386761188507,-4.102982997894287,3.297529697418213,1.454200029373169,-1.9180630445480347,4.982722282409668,-5.073922634124756,-10.899996757507324,-3.9967894554138184,3.58066725730896,1.829372525215149,0.4811612367630005,-0.8865306973457336,-3.295400381088257,-0.5700510740280151,2.7964799404144287,-15.692370414733887,-4.756480120704509e-05,-15.623503684997559,-0.014483608305454254,1.2919961214065552,-1.6620410680770874,0.46326306462287903,-0.6862220764160156,0.15530478954315186,-0.9324767589569092,0.6678435802459717,0.3489622473716736,-6.676850318908691,0.9482231736183167,-5.8077497482299805,-2.2149698734283447
702,4.377516746520996,-2.908825159072876,2.036436080932617,-4.021106243133545,2.1883723735809326,-0.6448266506195068,2.068956136703491,1.4578181505203247,-1.9873887300491333,-4.526072025299072,-4.148462295532227,1.3935755491256714,-3.695370674133301,0.23583558201789856,0.8458521366119385,-2.0016634464263916,-1.189557433128357,0.5286017656326294,-0.5792940258979797,3.7981135845184326,-15.700005531311035,-15.700023651123047,-15.67559814453125,1.262070894241333,0.7956392765045166,-0.4083825349807739,0.4360681176185608,-0.8454627990722656,0.5175244212150574,0.006263077259063721,0.3631524443626404,0.3310326039791107,-7.103627681732178,-5.481070518493652,-5.123224258422852,0.7502360343933105
703,4.099857807159424,-2.98626971244812,3.228168487548828,-0.5889529585838318,-0.03924006223678589,1.3965795040130615,1.768111228942871,2.134342670440674,-2.008833885192871,-1.9455606937408447,-4.091197967529297,5.491058826446533,-2.199650287628174,-0.5427073836326599,1.8168636560440063,-0.888326108455658,-2.0915567874908447,0.04392901062965393,-0.542300820350647,5.143575668334961,-15.641728401184082,-15.654833793640137,-15.638984680175781,15.68694019317627,0.7778306603431702,-0.6382557153701782,0.7223746180534363,0.006864294409751892,-0.09045998007059097,0.36553439497947693,0.3369549512863159,0.5447894334793091,-7.43350076675415,-7.5284600257873535,-5.139127731323242,6.730340003967285
704,2.7898387908935547,-2.545914888381958,2.988335609436035,-0.2499084621667862,0.6993390321731567,2.2240450382232666,1.1309807300567627,1.6136258840560913,-2.011873722076416,-2.013733386993408,-3.9084365367889404,4.052630424499512,-0.8858410120010376,-1.1499857902526855,2.869765043258667,0.09717144072055817,-2.9809813499450684,-0.02613837644457817,-0.9347476959228516,4.548365592956543,-15.700003623962402,-15.64792251586914,-15.68921947479248,15.694560050964355,0.502353847026825,-0.5214136838912964,0.647038996219635,-0.036702707409858704,0.1553947925567627,0.4865320026874542,0.196761354804039,0.3621584475040436,-7.135667324066162,-6.775904655456543,-4.646347522735596,5.007788181304932
705,3.495274066925049,-2.8927299976348877,2.625460386276245,-0.3237536549568176,1.4272994995117188,2.8317770957946777,-0.19721437990665436,0.8419401049613953,-2.013751983642578,-2.026519536972046,-3.3217477798461914,4.150303363800049,-0.46127593517303467,-1.5263557434082031,3.5090999603271484,0.4202148914337158,-3.4533538818359375,0.4002564549446106,-1.7823795080184937,3.896223306655884,-15.60058879852295,-15.653935432434082,-15.625611305236816,15.705554962158203,0.7429593801498413,-0.6394212245941162,0.5782293677330017,-0.06676580011844635,0.2853025794029236,0.6166555881500244,-0.09091179072856903,0.1616281419992447,-7.104520797729492,-6.707878112792969,-3.36979079246521,5.05917501449585
706,4.808679103851318,-3.178893804550171,2.542923927307129,-0.757314145565033,2.7478129863739014,2.1958248615264893,0.5043486952781677,-0.6591357588768005,-2.057602882385254,-2.0110435485839844,-2.5735316276550293,3.989549398422241,1.1299071311950684,-2.5555853843688965,4.0328898429870605,0.4429900646209717,-3.486063003540039,0.5143725275993347,-2.250213623046875,2.1947696208953857,-15.682477951049805,-15.674779891967773,-15.624801635742188,15.706487655639648,1.1602318286895752,-0.7316572666168213,0.5848971009254456,-0.16506554186344147,0.5522032380104065,0.4306011497974396,0.12002338469028473,-0.1800280064344406,-7.033370494842529,-6.509292125701904,-2.3596065044403076,4.868621349334717
707,5.130581378936768,-3.3636698722839355,2.453158140182495,-1.257577657699585,2.797863245010376,2.7391462326049805,2.027355670928955,-1.6559228897094727,-2.048741579055786,-2.017592191696167,-7.334261417388916,3.9219462871551514,2.8718056678771973,-3.819920063018799,3.700112819671631,0.00841936469078064,-3.4788448810577393,0.8133559823036194,-0.5954110622406006,0.17199784517288208,-15.6703519821167,-15.687244415283203,-0.006322089117020369,15.651139259338379,1.3038877248764038,-0.8149157166481018,0.5522288084030151,-0.2688814401626587,0.5162886381149292,0.602013349533081,0.4442445635795593,-0.3571850657463074,-6.816978454589844,-6.485769271850586,-1.340149164199829,4.690160751342773
708,5.2129106521606445,-5.005647659301758,2.2893548011779785,-1.6772185564041138,2.0944087505340576,3.5698399543762207,4.622142314910889,-0.7528083324432373,-2.0561373233795166,-2.053304672241211,8.0563325881958,4.085117340087891,4.664486408233643,-6.010496139526367,3.254234552383423,-0.8865344524383545,-3.6621925830841064,1.5785057544708252,3.6718456745147705,-1.049780011177063,-15.700007438659668,-15.687353134155273,14.73139476776123,15.626078605651855,1.4356300830841064,-1.5812660455703735,0.5128180980682373,-0.3593060374259949,0.35390689969062805,0.826478123664856,1.1010679006576538,-0.12190328538417816,-6.464056491851807,-6.148240089416504,3.8057339191436768,5.275944232940674
709,5.500927925109863,-1.9321719408035278,-0.9433201551437378,-1.2904959917068481,0.29426464438438416,-1.849395513534546,5.2146501541137695,-0.8215786814689636,-2.0172717571258545,-2.0210940837860107,3.69429612159729,4.207406044006348,6.847651958465576,-7.329228401184082,1.3958485126495361,-1.5151851177215576,-4.960958003997803,-0.07057744264602661,6.876799583435059,-2.170515775680542,-15.673556327819824,-15.668664932250977,15.697016716003418,15.700736045837402,1.8050566911697388,-0.37089765071868896,-0.3073788583278656,-0.2557922601699829,-0.009881183505058289,-0.5863867998123169,1.370513916015625,-0.17790131270885468,-5.818219184875488,-6.177057266235352,4.678667068481445,5.43366813659668
710,4.969943523406982,-4.485758304595947,-1.9938799142837524,0.42780861258506775,-2.633233070373535,-1.7699366807937622,4.962242126464844,-1.8746281862258911,-2.012958288192749,-2.030254602432251,4.102517127990723,4.526817798614502,9.958701133728027,-8.850813865661621,-0.3195297122001648,-0.6403061151504517,-8.221451759338379,-2.7524256706237793,8.543755531311035,-3.668752431869507,-15.694780349731445,-15.673857688903809,15.710587501525879,15.720413208007812,1.8383616209030151,-1.6956204175949097,-0.432902991771698,0.15051957964897156,-0.8722295761108398,-0.38022181391716003,1.3870165348052979,-0.4633956849575043,-5.385806560516357,-5.768857955932617,5.281837463378906,5.720363616943359
711,4.668336391448975,-4.988155364990234,-2.2241909503936768,0.0651397779583931,-3.282390594482422,-1.99196457862854,4.7647576332092285,-2.6591105461120605,-2.0424909591674805,-2.018115997314453,4.120300769805908,4.430309295654297,12.506911277770996,-11.072698593139648,-2.002452850341797,-0.3620243966579437,-11.62154483795166,-5.392209053039551,9.341487884521484,-5.179793357849121,-15.036046028137207,-15.681997299194336,15.733030319213867,15.729835510253906,2.1285786628723145,-2.23433780670166,-0.4784199595451355,-0.0005945712327957153,-1.1793566942214966,-0.48929062485694885,1.4076690673828125,-0.6676341891288757,-4.803915500640869,-5.4353532791137695,5.314385890960693,6.4283671379089355
712,4.056132793426514,-4.829035758972168,-0.8161425590515137,0.518655002117157,-2.329768419265747,-1.9280421733856201,3.408278703689575,-3.1691362857818604,-2.558197259902954,-2.0086333751678467,4.075954914093018,4.490327835083008,15.074956893920898,-13.064414024353027,-2.7259628772735596,-0.08075278997421265,-13.113053321838379,-7.69237756729126,8.771818161010742,-6.789073944091797,-0.0004429817199707031,-15.59121322631836,15.675793647766113,15.75766658782959,2.056387424468994,-2.5412957668304443,-0.12253689020872116,0.12050147354602814,-0.8229835629463196,-0.5123684406280518,0.9190379977226257,-0.8303584456443787,-3.6679186820983887,-4.913825035095215,5.163946151733398,6.551732540130615
713,3.4967262744903564,-4.3122406005859375,-2.763669490814209,0.90206378698349,4.132739067077637,-0.2067258208990097,1.9169578552246094,-2.9278976917266846,4.949098587036133,-1.939320683479309,4.26426887512207,4.48475980758667,16.779014587402344,-14.115808486938477,-3.760690689086914,0.2572164237499237,-8.697627067565918,-7.795514106750488,7.5784993171691895,-7.918788909912109,8.415929794311523,-15.574522018432617,15.678787231445312,15.612093925476074,2.0710906982421875,-2.2703380584716797,-0.7051412463188171,0.19630353152751923,0.9413385391235352,0.02732744812965393,0.4432317614555359,-0.7763810753822327,2.8783273696899414,-3.4276630878448486,5.616616249084473,5.725707530975342
714,2.9499621391296387,-3.980757713317871,-0.9810140132904053,-0.38024193048477173,7.533177375793457,1.8932522535324097,0.7091072201728821,-2.903888463973999,2.8212435245513916,-7.467678070068359,4.240784168243408,4.123233795166016,16.75016975402832,-15.490283966064453,-3.981949806213379,0.2741662859916687,-1.037689447402954,-5.896141529083252,5.972620487213135,-9.035866737365723,15.698620796203613,0.00025845575146377087,15.634018898010254,15.583650588989258,1.712930679321289,-2.1662065982818604,-0.15083026885986328,-0.1240088939666748,1.9109396934509277,0.3841803967952728,0.11677129566669464,-0.828159749507904,5.7522687911987305,-1.9266998767852783,5.650406837463379,5.148130416870117
715,2.0830376148223877,-2.6371679306030273,1.9274311065673828,-0.6495498418807983,7.517870903015137,3.7839736938476562,-3.0795016288757324,-1.501926064491272,2.0068235397338867,4.525326251983643,4.287936210632324,18.30154800415039,13.866837501525879,-16.85047149658203,-3.6592469215393066,-0.9752834439277649,5.46033239364624,-2.187323808670044,3.255969762802124,-5.018784046173096,15.700005531311035,6.576913833618164,15.320819854736328,0.09891510009765625,0.832028865814209,-1.1616708040237427,0.45755016803741455,-0.14170503616333008,3.060727596282959,0.7771472930908203,-0.6740602850914001,-0.2669597864151001,7.009051322937012,1.9635833501815796,5.570804119110107,4.843081474304199
716,-4.773819923400879,-1.3751888275146484,1.787365198135376,1.8858885765075684,5.778465270996094,5.888556003570557,-3.1576547622680664,-1.3486137390136719,2.0505425930023193,3.575563669204712,4.623719692230225,13.060096740722656,7.34404182434082,-15.850685119628906,-2.82108736038208,-0.1548508256673813,10.299092292785645,3.7940940856933594,0.8262481093406677,-5.482978343963623,15.652204513549805,14.776599884033203,15.565743446350098,0.02624523639678955,-1.1175857782363892,-0.5332512855529785,0.3186746835708618,0.46644771099090576,2.307499885559082,1.6576550006866455,-0.6054127812385559,-0.32181432843208313,6.445096015930176,5.558940887451172,5.124561309814453,2.670525312423706
717,-4.9129767417907715,6.171721458435059,0.08328267186880112,-2.547497034072876,4.6993279457092285,2.8066980838775635,-2.946394681930542,-1.6787869930267334,2.0241897106170654,2.009622573852539,4.341947555541992,8.841371536254883,1.6847792863845825,-10.022320747375488,-2.4772701263427734,-0.4090535342693329,12.449261665344238,6.5896525382995605,-1.0144057273864746,-6.214615821838379,15.686243057250977,15.6008882522583,15.607269287109375,0.028205104172229767,-0.9759953618049622,1.318992257118225,-0.04328098148107529,-0.6859965324401855,2.167724370956421,0.6047993898391724,-0.596013069152832,-0.43492642045021057,6.6021952629089355,5.628894805908203,5.672689437866211,1.6769312620162964
718,-5.908385753631592,8.076242446899414,-1.050338625907898,-1.3757598400115967,3.7272050380706787,1.0368143320083618,-5.092200756072998,2.805243968963623,2.1162922382354736,2.1545820236206055,5.313704490661621,-3.402109146118164,-3.4887375831604004,-3.826280117034912,-0.13848112523555756,-1.6673123836517334,12.676233291625977,7.025086402893066,-3.0571799278259277,-1.1899374723434448,15.647017478942871,15.676298141479492,15.3532075881958,-15.649775505065918,-1.6030187606811523,1.848014235496521,-0.2581677734851837,-0.24226009845733643,1.5356608629226685,0.19387447834014893,-1.1930080652236938,0.7277200818061829,6.592569351196289,6.227639198303223,4.84514045715332,-6.152582168579102
719,-5.544417381286621,7.906492233276367,-3.8718008995056152,1.0096114873886108,3.2467410564422607,-0.48061901330947876,-5.16676139831543,3.177677631378174,2.012282133102417,2.0090651512145996,3.976290702819824,-4.322031021118164,-6.506656646728516,1.859201431274414,-0.011725440621376038,-1.3068690299987793,11.89668083190918,5.8373332023620605,-5.240558624267578,-0.6760026812553406,15.700007438659668,15.699951171875,15.359079360961914,-15.704391479492188,-1.7443687915802002,2.349181890487671,-0.8979009985923767,0.282664954662323,1.2073625326156616,-0.14609679579734802,-1.254945993423462,0.6340265870094299,6.940360069274902,6.197902679443359,4.341769695281982,-6.33089542388916
720,-5.260358810424805,6.95449686050415,-3.4515631198883057,0.500474750995636,1.7541515827178955,-0.41142258048057556,-7.075497627258301,3.8292062282562256,2.0190157890319824,2.012590169906616,16.041250228881836,-4.315185070037842,-8.302626609802246,6.3136210441589355,0.09528723359107971,-0.900733232498169,10.284259796142578,4.542672157287598,-2.8978183269500732,0.2141539305448532,15.700014114379883,15.69983196258545,0.021130196750164032,-15.66541862487793,-1.8913625478744507,2.5260090827941895,-0.6618056893348694,0.07818721234798431,0.46035611629486084,-0.06866887211799622,-1.616209626197815,0.7921651005744934,7.022053241729736,6.44038200378418,3.841108798980713,-6.170491695404053
721,-5.48989200592041,6.318408489227295,-3.3599021434783936,0.4123570919036865,-1.7468235492706299,-0.9151697754859924,-5.402287483215332,5.967057704925537,2.0125949382781982,2.0242927074432373,11.615824699401855,-4.2240095138549805,-9.5371675491333,9.669037818908691,-0.0845242515206337,-0.10455477237701416,7.7110371589660645,3.1796302795410156,-4.947210311889648,2.157900094985962,15.545793533325195,15.588884353637695,0.07965420186519623,-15.802624702453613,-2.393576145172119,3.3627004623413086,-0.6899347901344299,0.07799802720546722,-0.4328383505344391,-0.18031439185142517,-1.2228755950927734,1.36737859249115,6.969185829162598,6.740462303161621,2.3270938396453857,-5.299322128295898
722,-4.55946683883667,5.348053932189941,-3.3824093341827393,0.2037220001220703,-3.6599440574645996,-0.6011154651641846,-4.795814514160156,4.003388404846191,2.012068748474121,2.0191681385040283,9.282402038574219,-4.361386299133301,-10.219202041625977,11.928564071655273,-0.3389717936515808,0.35083290934562683,4.542665481567383,2.048060894012451,-6.668763637542725,3.624696969985962,15.628607749938965,15.682721138000488,0.013787984848022461,-15.622261047363281,-1.6457575559616089,2.732154369354248,-0.6847876906394958,0.033435627818107605,-0.7076135277748108,-0.10113951563835144,-1.205547571182251,0.8269360065460205,6.725225448608398,6.800027847290039,1.8690736293792725,-5.36569356918335
723,-3.486353635787964,4.485142230987549,-2.664104461669922,0.3553192913532257,-4.163228511810303,-1.347188949584961,-3.057746648788452,3.2287166118621826,2.0210347175598145,2.0257480144500732,5.512845039367676,-4.191493988037109,-10.357792854309082,13.621258735656738,-0.22470176219940186,1.1528300046920776,1.882477879524231,0.9088879227638245,-7.8758134841918945,4.967092990875244,15.683284759521484,15.683162689208984,0.009468808770179749,-15.649258613586426,-1.1222914457321167,2.23207950592041,-0.5123702883720398,0.07902751863002777,-0.8337738513946533,-0.28704649209976196,-0.7411414980888367,0.7338953018188477,6.580716133117676,6.770276069641113,0.971679151058197,-5.288109302520752
724,-1.9531537294387817,3.624863624572754,-2.5487465858459473,0.2296939194202423,-4.165688991546631,-1.4582583904266357,0.6757994890213013,1.0753200054168701,2.0210623741149902,2.0189309120178223,-3.2494797706604004,-4.240231513977051,-10.084360122680664,14.732768058776855,-7.165223360061646e-05,1.7381752729415894,-0.2609763443470001,-0.0551384836435318,-3.2899580001831055,5.3839521408081055,15.675661087036133,15.700005531311035,-15.701610565185547,-15.608427047729492,-0.5178452730178833,1.676339030265808,-0.5057691931724548,0.04345525801181793,-0.8866401314735413,-0.2963819205760956,0.29967284202575684,0.16648252308368683,6.219499588012695,6.695277214050293,-4.9651408195495605,-5.3022942543029785
725,-0.33884936571121216,2.5264949798583984,-2.618346691131592,-0.8372275233268738,-6.019043922424316,-1.3397270441055298,2.889831066131592,-0.22835804522037506,2.021364212036133,2.0125935077667236,-4.446651458740234,-4.364218235015869,-8.959318161010742,14.9466552734375,-0.04090886190533638,1.6576875448226929,1.976044774055481,-0.7656782269477844,-3.093026638031006,4.876039028167725,-0.0016339472495019436,15.668145179748535,-15.317398071289062,-15.624199867248535,-0.007577192969620228,1.0141968727111816,-0.5291732549667358,-0.1984483152627945,-1.7200196981430054,-0.27044782042503357,0.6011626720428467,-0.0958779901266098,6.375127792358398,6.972931861877441,-5.868383407592773,-5.706005573272705
726,2.0979464054107666,1.291191577911377,-2.6559031009674072,-0.4306042790412903,-6.842531204223633,-2.946444034576416,3.65385365486145,-1.9130141735076904,8.259958267211914,2.0309295654296875,-4.638248920440674,-4.302180767059326,-8.485589981079102,14.769450187683105,0.014323458075523376,1.548406958580017,-0.3430787920951843,-1.7745492458343506,-2.2705206871032715,3.3328464031219482,-0.0002316492609679699,15.694267272949219,-15.29123592376709,-15.592576026916504,0.41262030601501465,0.4269481897354126,-0.5362694263458252,-0.06721515953540802,-1.7037971019744873,-0.712594747543335,0.7053924202919006,-0.3925248086452484,2.486659288406372,6.320621490478516,-5.783498287200928,-5.477839469909668
727,1.5941849946975708,1.0147582292556763,-1.83013117313385,-0.8380147218704224,-4.919791221618652,-1.8878949880599976,2.5590388774871826,-1.3608378171920776,8.540722846984863,2.0152835845947266,-4.603616714477539,-4.229701042175293,-8.112165451049805,14.329329490661621,0.18680626153945923,1.6812756061553955,-2.133253812789917,0.2916896343231201,-1.8564132452011108,1.6749082803726196,-0.00023877853527665138,6.948661804199219,-15.497319221496582,-15.681004524230957,0.23745353519916534,0.3798845410346985,-0.3339249789714813,-0.1739770919084549,-1.0791043043136597,-0.3718172609806061,0.44353848695755005,-0.2361803501844406,3.051675319671631,5.9734063148498535,-5.623753070831299,-5.154298305511475
728,3.936955213546753,-1.9094688892364502,-0.7697709798812866,-2.1148712635040283,-4.259522438049316,-5.177579879760742,2.178506851196289,-0.037265948951244354,6.387335300445557,9.047840118408203,-4.376657485961914,-3.6018245220184326,-7.286279678344727,13.430842399597168,-0.1819758415222168,1.0336861610412598,-3.7039153575897217,1.1279698610305786,-1.672871708869934,0.6414624452590942,-0.00022583635291084647,0.00032744137570261955,-15.45741081237793,-15.548169136047363,0.736587643623352,-0.39244335889816284,-0.11274609714746475,-0.44973570108413696,-1.024352788925171,-1.2447457313537598,0.39855992794036865,0.03938140347599983,1.4218204021453857,4.007940292358398,-5.681206703186035,-3.7856404781341553
729,3.3904809951782227,-6.492691993713379,2.494354486465454,-2.964200019836426,-3.2830677032470703,-5.390249729156494,2.369847536087036,0.6188483834266663,-3.4730663299560547,8.417917251586914,-4.203553199768066,-2.915630340576172,-6.223179817199707,11.622320175170898,0.27539902925491333,0.41553494334220886,-3.4699461460113525,-0.5656554698944092,-1.4948687553405762,0.35769227147102356,-5.2071003913879395,-0.00024276645854115486,-15.694866180419922,-15.10086441040039,0.5558993816375732,-1.1711753606796265,0.6263132095336914,-0.6107091903686523,-0.78031325340271,-1.242720603942871,0.4585047960281372,0.15071327984333038,-1.2212446928024292,2.6927807331085205,-5.509222984313965,-2.8882246017456055
730,5.835787296295166,-7.445489883422852,2.151472330093384,-3.416518449783325,-0.39405059814453125,-4.212632179260254,2.913789749145508,2.0289294719696045,-2.0358543395996094,5.756450176239014,-4.962851047515869,-10.57396125793457,-4.13774299621582,3.034285068511963,1.7244768142700195,0.5354001522064209,-1.0126680135726929,-3.2124359607696533,-0.7889352440834045,2.49139142036438,-15.655468940734863,-2.3234792024595663e-05,-15.551497459411621,0.006571166217327118,1.2305322885513306,-1.5994352102279663,0.4438345730304718,-0.6888443827629089,0.05119117349386215,-0.9423243999481201,0.5899133682250977,0.49118947982788086,-6.359855651855469,1.190901756286621,-5.776332378387451,-2.116826057434082
731,4.548501491546631,-2.6510121822357178,2.025754928588867,-4.204025745391846,2.867811679840088,-1.64541757106781,1.9932477474212646,1.668058156967163,-1.9805214405059814,-4.827860355377197,-4.1614813804626465,3.27770733833313,-3.708634376525879,0.10732555389404297,0.9923925399780273,-1.8351446390151978,-1.0087591409683228,0.05917159840464592,-0.7236712574958801,3.8074822425842285,-15.700006484985352,-14.859326362609863,-15.65188217163086,3.2243356704711914,0.8447164297103882,-0.36135751008987427,0.433971107006073,-0.8898564577102661,0.7071431875228882,-0.25006434321403503,0.3564508557319641,0.3627599775791168,-7.016994476318359,-5.034639358520508,-5.136818885803223,1.2053399085998535
732,3.6223225593566895,-2.141829490661621,3.0142176151275635,-0.8276037573814392,0.3375781774520874,1.0043785572052002,1.9010735750198364,2.247528553009033,-2.0083916187286377,-1.9279255867004395,-4.116951942443848,4.700317859649658,-2.3019731044769287,-0.4019036293029785,1.9008907079696655,-0.7919730544090271,-1.7401732206344604,-0.2924402952194214,-0.691455602645874,5.023372650146484,-15.694031715393066,-15.70001220703125,-15.691746711730957,15.668474197387695,0.6538203358650208,-0.42668455839157104,0.6749935150146484,-0.044707849621772766,-0.0283513143658638,0.30892306566238403,0.36913925409317017,0.5686885714530945,-7.394586086273193,-7.415383338928223,-5.200474739074707,5.9442362785339355
733,2.7628238201141357,-3.019481658935547,3.048524856567383,-0.19634206593036652,0.47354230284690857,2.5693178176879883,0.6283692717552185,2.047478199005127,-2.0141210556030273,-2.0133473873138428,-3.9547464847564697,4.06441593170166,-1.7517101764678955,-1.0239267349243164,2.903628349304199,-0.2873151898384094,-2.513000011444092,-0.17970037460327148,-1.090512752532959,5.115439414978027,-15.700026512145996,-15.651930809020996,-15.627683639526367,15.714094161987305,0.511186957359314,-0.6831022500991821,0.6759223341941833,-0.014288678765296936,0.09279986470937729,0.5858784914016724,0.07412268221378326,0.4833008050918579,-7.211195468902588,-6.808343410491943,-4.724784851074219,5.167544841766357
734,4.174753189086914,-3.2387337684631348,2.6486947536468506,-0.153670996427536,1.6291230916976929,2.795616626739502,-0.2638166546821594,0.7570452094078064,-2.05216121673584,-2.0581119060516357,-3.394760847091675,4.045226573944092,-0.5060880184173584,-1.912571907043457,3.529348373413086,0.3073149025440216,-3.0830538272857666,0.11760534346103668,-2.304375171661377,4.071253776550293,-15.657217025756836,-15.679370880126953,-15.661596298217773,15.659882545471191,0.9297438263893127,-0.7254239320755005,0.5835984349250793,-0.028897181153297424,0.3414956331253052,0.5863838195800781,-0.08969937264919281,0.11973215639591217,-7.129108428955078,-6.65036678314209,-3.394702196121216,5.05845308303833
735,4.962988376617432,-2.9784750938415527,2.3999180793762207,-0.5518446564674377,2.760554313659668,2.7265825271606445,0.5494067668914795,-0.5780704617500305,-2.023960828781128,-2.0206830501556396,-2.5591440200805664,3.9826228618621826,1.2758986949920654,-2.795660972595215,4.00078821182251,0.48563405871391296,-3.1730892658233643,0.39409351348876953,-2.6827642917633057,2.3398871421813965,-15.664874076843262,-15.660959243774414,-15.622918128967285,15.69446849822998,1.1814311742782593,-0.6672372817993164,0.5438976287841797,-0.12374646961688995,0.5543479323387146,0.5653879642486572,0.13119955360889435,-0.1584099382162094,-7.076217174530029,-6.5159406661987305,-2.3594915866851807,4.834343433380127
736,5.1283183097839355,-3.235595464706421,2.393542528152466,-1.0835990905761719,2.7619683742523193,2.943706750869751,2.0163462162017822,-1.5077404975891113,-2.0435893535614014,-2.026043653488159,-7.22401237487793,3.9042856693267822,3.0495879650115967,-3.9958152770996094,3.5962719917297363,0.12574584782123566,-3.224186897277832,0.8214685916900635,-1.0029634237289429,0.37264493107795715,-15.658073425292969,-15.657093048095703,-0.013549399562180042,15.67269229888916,1.3044711351394653,-0.7888050079345703,0.5396677255630493,-0.23461420834064484,0.512220561504364,0.6343386173248291,0.43489474058151245,-0.32400938868522644,-6.884708881378174,-6.477819442749023,-1.3116419315338135,4.690830230712891
737,5.133659362792969,-4.865979194641113,2.2288479804992676,-1.5800824165344238,2.0579066276550293,3.665193796157837,4.582921981811523,-0.6548869013786316,-2.0508971214294434,-2.037489891052246,8.188251495361328,4.101170063018799,4.786816120147705,-6.1140923500061035,3.013349771499634,-0.7368982434272766,-3.49145770072937,1.6198478937149048,3.192777395248413,-0.8548940420150757,-15.628007888793945,-15.636019706726074,15.341109275817871,15.679850578308105,1.4244153499603271,-1.5176016092300415,0.49798956513404846,-0.3392248749732971,0.3497692346572876,0.8486435413360596,1.0758785009384155,-0.10258360207080841,-6.535081386566162,-6.175239562988281,4.058982849121094,5.256864070892334
738,5.418431758880615,-1.6581580638885498,-0.7708536982536316,-1.1962066888809204,0.560462474822998,-1.880092740058899,5.270241737365723,-0.5626301169395447,-2.039243221282959,-2.025585412979126,3.7071619033813477,4.202960014343262,7.580083847045898,-6.558143615722656,1.804888129234314,-0.5742171406745911,-4.668215751647949,-0.07968862354755402,6.394580364227295,-1.9446651935577393,-15.7000150680542,-15.61288070678711,15.647439002990723,15.590709686279297,1.779136061668396,-0.28940337896347046,-0.2667578160762787,-0.23431625962257385,0.047227807343006134,-0.5973594188690186,1.3617717027664185,-0.11522051692008972,-5.883737087249756,-6.196235656738281,4.65270471572876,5.464977264404297
739,4.682821750640869,-4.892402172088623,-2.583432674407959,-0.16881047189235687,-2.850548028945923,-0.7504467368125916,4.632089614868164,-2.4260501861572266,-2.0101044178009033,-2.042271137237549,4.088813304901123,4.267578601837158,10.174028396606445,-8.619891166687012,-0.3119042217731476,-0.41880398988723755,-7.861910820007324,-2.0516421794891357,8.117079734802246,-3.5174145698547363,-15.693418502807617,-15.676628112792969,15.685914993286133,15.660272598266602,1.6834794282913208,-1.9966648817062378,-0.5740439295768738,0.006299898028373718,-0.9459234476089478,-0.11657804250717163,1.2543128728866577,-0.6160660982131958,-5.535238742828369,-5.879359245300293,5.358359336853027,5.734393119812012
740,4.550390243530273,-5.051199436187744,-2.0459351539611816,-0.06725037842988968,-3.365013360977173,-2.2049784660339355,4.732326507568359,-2.5177435874938965,-2.010967254638672,-2.0253143310546875,4.14544677734375,4.466041088104248,12.58004093170166,-11.058695793151855,-2.0528740882873535,-0.2906304597854614,-11.383549690246582,-4.809187412261963,8.982515335083008,-5.02836275100708,-15.14617919921875,-15.672835350036621,15.685574531555176,15.689146041870117,2.061021566390991,-2.2196829319000244,-0.4137631058692932,-0.00966256856918335,-1.185250163078308,-0.5807149410247803,1.3835551738739014,-0.6013492345809937,-4.793795108795166,-5.472869396209717,5.278182029724121,6.420169353485107
741,4.004603385925293,-4.836117267608643,-0.8780714273452759,0.4037187993526459,-2.3951339721679688,-1.8989076614379883,3.469557762145996,-3.192880868911743,-2.5099246501922607,-2.008694887161255,4.112126350402832,4.51823091506958,14.630220413208008,-12.922775268554688,-2.6185615062713623,0.07215413451194763,-12.92093276977539,-7.078307628631592,8.629502296447754,-6.550136089324951,-11.295981407165527,-15.664292335510254,15.715468406677246,15.674671173095703,2.0123989582061768,-2.57230544090271,-0.1461142599582672,0.09834876656532288,-0.8423802852630615,-0.4813790023326874,0.9314196705818176,-0.8385981917381287,-3.7368078231811523,-4.961508750915527,5.175986289978027,6.518637180328369
742,3.4659171104431152,-4.43401575088501,-1.1623883247375488,0.13135108351707458,-0.3748679757118225,-0.5453800559043884,2.0258660316467285,-3.128864288330078,-7.06544828414917,-1.9306678771972656,4.168330669403076,4.441427707672119,16.713834762573242,-14.283479690551758,-3.1857476234436035,0.09110826253890991,-11.560654640197754,-7.600224018096924,7.5059404373168945,-7.881861209869385,9.314225462730974e-05,-15.62139892578125,15.665813446044922,15.682417869567871,1.9486021995544434,-2.5730292797088623,-0.2710101008415222,0.015981420874595642,0.007188580930233002,-0.08227750658988953,0.47520798444747925,-0.8370053172111511,-1.696151614189148,-3.4221136569976807,5.25412654876709,5.948593616485596
743,2.588392734527588,-3.7075729370117188,-1.7924230098724365,1.1742013692855835,6.3377203941345215,0.5413181185722351,0.3046448230743408,-2.1179866790771484,5.02564001083374,-7.668410778045654,4.160128593444824,3.9570930004119873,16.622106552124023,-15.978144645690918,-3.961683988571167,-0.11707255244255066,-4.494539737701416,-6.878662109375,5.6929168701171875,-6.133026599884033,8.957235336303711,0.00017699040472507477,15.493181228637695,6.965396881103516,1.290718674659729,-1.8591196537017822,-0.43479597568511963,0.27655601501464844,1.456263780593872,0.13174991309642792,-0.012929722666740417,-0.5478665232658386,2.962588310241699,-2.054434061050415,5.51799201965332,4.963491916656494
744,2.1733529567718506,-2.7983298301696777,3.4723331928253174,-2.5831494331359863,7.977804183959961,3.8320553302764893,-3.379716634750366,-3.993227481842041,2.7533748149871826,4.763104438781738,4.4779839515686035,15.316697120666504,15.147911071777344,-17.24197769165039,-2.809087038040161,-1.1028006076812744,3.6022732257843018,-3.2562241554260254,2.8838462829589844,-5.416173458099365,15.624935150146484,6.991636753082275,15.354493141174316,0.006247811019420624,0.9861627221107483,-1.480283260345459,0.8247165679931641,-0.6791318655014038,2.8645882606506348,0.803717851638794,-0.726004421710968,-1.0294240713119507,6.834336280822754,2.2355175018310547,5.564751148223877,3.4250705242156982
745,-3.0896878242492676,-1.34819495677948,0.9292559027671814,2.137974262237549,6.335745811462402,6.379140377044678,-2.1047306060791016,-2.441506862640381,2.01324200630188,3.364434242248535,4.467118740081787,12.930459976196289,9.155168533325195,-16.35457420349121,-2.4870972633361816,-0.7143564820289612,9.6091947555542,3.1653316020965576,0.9345054030418396,-6.417344093322754,15.608492851257324,15.038662910461426,15.521818161010742,0.04178367555141449,-0.7357878684997559,-0.5228231549263,0.08452702313661575,0.5940131545066833,2.6389756202697754,1.8174203634262085,-0.36076825857162476,-0.5491847395896912,6.53706693649292,5.639057636260986,5.259449481964111,2.786862373352051
746,-5.558422565460205,5.347917079925537,-0.050587642937898636,-0.9765443205833435,5.02294921875,3.4387402534484863,-3.2211556434631348,-1.3584187030792236,2.0676262378692627,2.0127596855163574,4.366129398345947,10.033190727233887,2.3631324768066406,-10.846090316772461,-2.187490224838257,-0.48740988969802856,13.015992164611816,6.489169597625732,-1.0060598850250244,-7.073767185211182,15.690863609313965,15.613165855407715,15.58254337310791,0.01658473163843155,-1.1689809560775757,1.1038297414779663,-0.0454975888133049,-0.31548720598220825,2.622633457183838,0.7859829664230347,-0.6979520916938782,-0.30145901441574097,6.813739776611328,5.593507766723633,5.591845512390137,2.0114786624908447
747,-5.677418231964111,8.125499725341797,-1.5347718000411987,-1.6188491582870483,4.118868350982666,0.9131757616996765,-4.551235198974609,3.0905230045318604,2.0199549198150635,2.0330116748809814,4.105489730834961,-3.335137128829956,-3.001004934310913,-4.377528667449951,-2.730070114135742,-1.6444531679153442,13.654934883117676,6.957701206207275,-3.1588151454925537,-1.959208607673645,15.642719268798828,15.564902305603027,15.47984790802002,-15.713543891906738,-1.4390407800674438,1.8396190404891968,-0.3993697166442871,-0.3668726086616516,2.0082778930664062,0.12543144822120667,-1.0608186721801758,0.7607517838478088,6.755717754364014,6.182860851287842,5.058746337890625,-6.019700527191162
748,-5.54403018951416,7.991369247436523,-2.479337453842163,0.7430329918861389,3.533503293991089,-0.787826657295227,-5.19854736328125,3.8454604148864746,2.0963191986083984,2.0419135093688965,4.155300617218018,-4.389895439147949,-6.941769599914551,0.8805010318756104,-0.634602427482605,-1.6330240964889526,12.997300148010254,5.677545070648193,-5.181479454040527,-1.276843786239624,15.700005531311035,15.699922561645508,15.451409339904785,-15.679975509643555,-1.8246184587478638,2.203939437866211,-0.5504347681999207,0.23082269728183746,1.4807868003845215,-0.20047801733016968,-1.2786999940872192,0.7638575434684753,6.872842311859131,6.1806111335754395,4.520275115966797,-6.295582294464111
749,-5.0617170333862305,7.1703643798828125,-3.317122220993042,0.6940855979919434,2.546980857849121,-0.4341956079006195,-6.597989082336426,4.204743385314941,2.0440969467163086,2.025360107421875,16.441560745239258,-4.355690002441406,-8.43330192565918,6.068726539611816,-0.34345874190330505,-0.6079986095428467,11.615228652954102,4.454702854156494,-2.6965572834014893,-0.2363375574350357,15.700019836425781,15.699541091918945,0.0006280392408370972,-15.659193992614746,-1.802146315574646,2.576988697052002,-0.7041109204292297,0.13159297406673431,0.8404444456100464,-0.0637018084526062,-1.4670430421829224,0.8478891253471375,7.066331386566162,6.345183372497559,3.9317169189453125,-6.092324733734131
750,-5.292696952819824,6.5150346755981445,-3.383685350418091,-0.028703885152935982,0.018908420577645302,-0.9203386902809143,-5.263440132141113,6.333415985107422,2.0284767150878906,2.0209543704986572,12.082588195800781,-4.206380844116211,-9.993417739868164,9.450043678283691,-0.11878660321235657,-0.1634601652622223,9.252057075500488,3.144554615020752,-4.635887622833252,1.771214246749878,15.700021743774414,15.656240463256836,0.0660989060997963,-15.562739372253418,-2.357056140899658,3.503170967102051,-0.684094250202179,-0.03228051960468292,-0.15820983052253723,-0.18098920583724976,-1.1888351440429688,1.4295347929000854,7.0684661865234375,6.6259589195251465,2.4650514125823975,-5.30117130279541
751,-4.5417256355285645,5.499617576599121,-3.6028876304626465,0.20036634802818298,-3.4355108737945557,-0.43146586418151855,-4.901273250579834,4.369580268859863,2.0500080585479736,2.033270835876465,9.91617488861084,-4.1814775466918945,-10.657062530517578,11.956499099731445,-0.15585115551948547,0.4514184594154358,5.869745254516602,2.2162160873413086,-6.3811469078063965,3.472823143005371,15.626811981201172,15.626799583435059,0.0033142343163490295,-15.639896392822266,-1.7362842559814453,2.945838451385498,-0.736709475517273,0.04889802634716034,-0.6845443248748779,-0.06332632899284363,-1.2266523838043213,0.9059363603591919,6.825545787811279,6.773929119110107,2.0178961753845215,-5.282230854034424
752,-3.55273699760437,4.666969299316406,-3.047807455062866,0.2325301468372345,-3.8254072666168213,-1.0365002155303955,-3.3871796131134033,3.5879757404327393,2.0274085998535156,2.02603816986084,6.906404972076416,-4.217492580413818,-10.915557861328125,13.646098136901855,-0.1780344843864441,1.1997898817062378,2.896249532699585,1.2102926969528198,-7.717144966125488,4.975988388061523,15.694293022155762,15.6696138381958,0.0013187834993004799,-15.634886741638184,-1.202330231666565,2.4697365760803223,-0.5960292816162109,0.04920022189617157,-0.7277379035949707,-0.2194330096244812,-0.8347005248069763,0.8195366263389587,6.749246120452881,6.711251735687256,1.2980058193206787,-5.216885566711426
753,-2.0715889930725098,3.8744659423828125,-2.4145355224609375,0.17134582996368408,-4.081090450286865,-1.6764260530471802,-0.9532370567321777,1.718084692955017,2.021883964538574,2.025113582611084,-5.239444255828857,-4.160473823547363,-10.712108612060547,14.69471549987793,-0.038432568311691284,1.6850311756134033,0.512239396572113,0.20691615343093872,-3.582641124725342,5.795173168182373,15.65081787109375,15.680338859558105,-15.511136054992676,-15.613924980163574,-0.5760905742645264,1.9272481203079224,-0.4613726735115051,0.03379933536052704,-0.8488940000534058,-0.35712459683418274,-0.10627327859401703,0.34116706252098083,6.47269868850708,6.618771076202393,-2.8007571697235107,-5.221892833709717
754,-0.3132299482822418,2.9096851348876953,-2.678422212600708,-1.0427768230438232,-6.189338684082031,-0.9822592735290527,2.8977437019348145,0.07202271372079849,2.027880907058716,2.022256851196289,-4.233860492706299,-4.3314995765686035,-10.115921020507812,15.182506561279297,-0.0024436339735984802,1.5219321250915527,-2.194026231765747,-0.33077767491340637,-3.3496651649475098,5.590229511260986,15.671666145324707,15.677329063415527,-15.306273460388184,-15.626686096191406,0.00905673485249281,1.262823224067688,-0.5481460690498352,-0.2424912303686142,-1.7590640783309937,-0.17279618978500366,0.6651188135147095,-0.0587225966155529,6.5677571296691895,6.838801383972168,-5.833646774291992,-5.6564459800720215
755,1.2827578783035278,1.8353558778762817,-2.548581838607788,-1.0021123886108398,-5.15343713760376,-2.6374669075012207,3.3635342121124268,-0.9373886585235596,2.0258677005767822,2.0228536128997803,-4.662860870361328,-4.333592891693115,-8.496662139892578,15.149820327758789,0.0901089757680893,1.3422952890396118,0.33935654163360596,-1.3029699325561523,-2.7549686431884766,4.521563529968262,-0.0012746253050863743,15.69542407989502,-15.337800025939941,-15.631957054138184,0.2508396804332733,0.6918326020240784,-0.5060704350471497,-0.19060321152210236,-1.3229988813400269,-0.630534291267395,0.6325212717056274,-0.1941118687391281,6.321058750152588,6.720828533172607,-5.8563432693481445,-5.6131181716918945
756,3.3972480297088623,0.32535549998283386,-2.092815399169922,-0.760543942451477,-5.968316078186035,-3.7013540267944336,3.9399912357330322,-1.188191533088684,5.0115647315979,2.030161142349243,-4.487190246582031,-4.106628894805908,-7.638416767120361,14.15381145477295,0.3178234100341797,1.391800880432129,-1.7377517223358154,2.2078170776367188,-1.766696810722351,3.285797357559204,-0.00017134923837147653,0.1727161407470703,-15.5471773147583,-15.722776412963867,0.6220146417617798,0.012164602987468243,-0.4001338481903076,-0.1376219242811203,-1.4906936883926392,-0.9026507139205933,0.762725830078125,-0.2203758805990219,0.9076046943664551,5.8162522315979,-5.725419998168945,-4.874553203582764
757,3.978471517562866,-4.790921211242676,0.13968491554260254,-2.725221633911133,-4.765473365783691,-5.873925685882568,2.5161244869232178,-0.27262651920318604,-2.9943056106567383,7.078374862670898,-4.440812587738037,-3.525317668914795,-6.686485767364502,12.36959171295166,-0.38575440645217896,0.24157951772212982,-2.647146701812744,0.434631884098053,-1.4734430313110352,2.0950608253479004,-3.3376173973083496,-0.0002180245064664632,-15.399194717407227,-15.582184791564941,0.6936080455780029,-0.8747119903564453,0.11237915605306625,-0.6060209274291992,-1.1427141427993774,-1.4115214347839355,0.43030881881713867,-0.0197819285094738,-0.9880567789077759,1.6820242404937744,-5.535793781280518,-3.636078357696533
758,5.2980875968933105,-7.243791580200195,1.7946585416793823,-3.3045108318328857,-3.3599026203155518,-5.072817802429199,2.8311314582824707,0.8693633079528809,-2.8610999584198,7.080045700073242,-4.404470920562744,-2.9817278385162354,-4.893294334411621,10.100526809692383,-0.2679271101951599,-0.8087233304977417,-0.6271718144416809,-1.3640211820602417,-1.017339825630188,2.08760929107666,-15.668482780456543,-0.0002162740274798125,-15.685358047485352,-15.303018569946289,1.0348267555236816,-1.3122532367706299,0.41757673025131226,-0.6989399194717407,-0.6371661424636841,-1.136753797531128,0.5587796568870544,0.23136664927005768,-6.1328816413879395,1.8656895160675049,-5.6830363273620605,-2.9059863090515137
759,4.032312870025635,-6.179290771484375,2.276775360107422,-2.7941200733184814,0.49974220991134644,-2.6534368991851807,3.403977870941162,1.0472385883331299,-1.9908865690231323,-2.8688788414001465,-4.31587553024292,-10.715104103088379,-3.7942111492156982,8.211766242980957,0.32534071803092957,-0.8814332485198975,-1.3195298910140991,-1.1391006708145142,-0.1317247748374939,3.193267345428467,-15.679695129394531,-4.36369514465332,-15.660110473632812,-0.006302372552454472,0.701546847820282,-1.0170234441757202,0.4769350290298462,-0.5492417216300964,0.2465401291847229,-0.489855021238327,0.6960853338241577,0.23919151723384857,-7.103143215179443,-1.0534058809280396,-5.619331359863281,-2.1825482845306396
760,4.7130961418151855,-5.964005470275879,3.6414616107940674,-1.801864743232727,1.3546539545059204,1.4092535972595215,1.8796334266662598,2.6877381801605225,-2.2297282218933105,-1.7915393114089966,-4.388010501861572,-2.3562185764312744,-1.0888049602508545,1.1176875829696655,3.4462225437164307,-0.15055963397026062,-1.7349871397018433,1.3762812614440918,0.08357000350952148,5.858020782470703,-15.653019905090332,-15.700006484985352,-15.699992179870605,-0.00010508298873901367,0.9941726922988892,-1.3406167030334473,0.8592174649238586,-0.3195744752883911,0.2889765799045563,0.4701597988605499,0.3195146918296814,0.7149046063423157,-7.032814979553223,-7.104847431182861,-5.150262832641602,-0.16105139255523682
761,3.1381757259368896,-3.035038709640503,1.493019938468933,-0.6748373508453369,1.7055761814117432,1.2707322835922241,0.1699633002281189,1.1676543951034546,-2.0126793384552,-2.0583062171936035,-4.0635247230529785,6.494974613189697,-1.289162278175354,-0.8779374361038208,2.3985350131988525,0.05897726118564606,-2.136389970779419,0.7942332029342651,-0.6988534331321716,6.397730827331543,-15.497847557067871,-15.700007438659668,-15.601456642150879,15.692205429077148,0.561492919921875,-0.5335896611213684,0.24029457569122314,-0.09334231913089752,0.3361043334007263,0.2591135799884796,-0.03126691281795502,0.2370106428861618,-6.8927998542785645,-7.547553539276123,-5.127697467803955,9.30728530883789
762,2.067822217941284,-1.16813325881958,2.513646125793457,-0.6688520908355713,0.8087975978851318,-0.48578113317489624,1.3160163164138794,0.873306155204773,-2.029629707336426,-2.026400566101074,-3.972018003463745,3.9720027446746826,-1.4214653968811035,-1.7295842170715332,2.244717597961426,-0.10067032277584076,-2.732473373413086,-0.07769980281591415,-0.934794545173645,5.113065242767334,-15.656033515930176,-15.699911117553711,-15.681391716003418,15.629859924316406,0.3589485287666321,-0.17705275118350983,0.5814312100410461,-0.13448943197727203,0.11753847450017929,-0.16486620903015137,0.2982044219970703,0.19956602156162262,-6.9918532371521,-6.829193592071533,-4.647210597991943,4.8341240882873535
763,3.339616537094116,-2.033022165298462,2.624596357345581,-0.4128871560096741,1.5670421123504639,1.5551294088363647,-0.28132668137550354,-0.10154560208320618,-2.0249760150909424,-2.0223894119262695,-3.445704936981201,4.027125835418701,-0.5596200823783875,-2.2325665950775146,2.948126792907715,0.18116629123687744,-3.1923158168792725,-0.40097108483314514,-2.018759250640869,3.458430528640747,-15.666593551635742,-15.646452903747559,-15.62900447845459,15.676620483398438,0.7293935418128967,-0.4816736578941345,0.5850093960762024,-0.07258422672748566,0.3141164183616638,0.3907791078090668,-0.11887620389461517,-0.06221066042780876,-7.050265312194824,-6.732795238494873,-3.641345262527466,4.918439865112305
764,4.455608367919922,-2.205566644668579,2.358768939971924,-0.6755505800247192,2.5008063316345215,1.9617444276809692,0.2685093283653259,-1.4297996759414673,-2.0482237339019775,-2.051969528198242,-2.665072441101074,3.9019057750701904,0.9481666684150696,-2.7629921436309814,3.4278507232666016,0.3919447064399719,-3.3276805877685547,-0.4715384244918823,-2.7427585124969482,1.2517099380493164,-15.678285598754883,-15.677160263061523,-15.685312271118164,15.677725791931152,1.0363132953643799,-0.5028602480888367,0.5206339955329895,-0.14400239288806915,0.4932715892791748,0.407625287771225,0.07030577957630157,-0.313104510307312,-6.9303059577941895,-6.574884414672852,-2.473102331161499,4.707638740539551
765,4.8555989265441895,-2.732663154602051,2.3346900939941406,-1.2697017192840576,2.4427618980407715,2.699263095855713,1.7041014432907104,-1.9458684921264648,-2.0130608081817627,-2.0205602645874023,-7.7357177734375,3.884328842163086,2.7565736770629883,-3.492799997329712,3.1322035789489746,0.17861014604568481,-3.4156649112701416,-0.22910885512828827,-1.4790343046188354,-0.8918651938438416,-15.606359481811523,-15.616425514221191,0.003680363530293107,15.687174797058105,1.2211503982543945,-0.6528623104095459,0.5187651515007019,-0.2720903158187866,0.44611552357673645,0.5789186954498291,0.370022714138031,-0.41120627522468567,-6.641356945037842,-6.497018814086914,-1.4181349277496338,4.5741143226623535
766,5.023468494415283,-4.974706172943115,2.3586277961730957,-1.682210922241211,1.293198823928833,3.9102280139923096,4.517062664031982,-0.9441407322883606,-2.032583713531494,-2.0279018878936768,8.14215087890625,4.103783130645752,4.867745399475098,-5.134711265563965,3.0385560989379883,-0.23426026105880737,-4.054465293884277,0.5953630208969116,2.5836024284362793,-2.235618829727173,-15.685362815856934,-15.620089530944824,14.718881607055664,15.723478317260742,1.3709896802902222,-1.555100440979004,0.5288035869598389,-0.3552866578102112,0.19101087749004364,0.8984212875366211,1.0477880239486694,-0.16395334899425507,-6.160287857055664,-6.050185680389404,3.835646629333496,5.260621547698975
767,5.258758068084717,-2.4565680027008057,-1.5737112760543823,-1.3252428770065308,-0.9999317526817322,-1.4463809728622437,5.378134250640869,-0.7382447719573975,-2.0141637325286865,-2.0258359909057617,3.7201802730560303,4.212427139282227,7.345841884613037,-6.306593894958496,1.2120481729507446,-0.5860021114349365,-6.193747520446777,-1.0118080377578735,6.23331356048584,-3.2094638347625732,-15.67949390411377,-15.676271438598633,15.696066856384277,15.694124221801758,1.7332981824874878,-0.5126205682754517,-0.44894784688949585,-0.2551819682121277,-0.333449125289917,-0.5057101249694824,1.3792420625686646,-0.15543709695339203,-5.41953706741333,-6.0699076652526855,4.776280879974365,5.537549018859863
768,4.978978157043457,-5.099030494689941,-2.721714735031128,-0.12960338592529297,-3.3770389556884766,-0.6098950505256653,4.978479385375977,-2.3059241771698,-2.0050716400146484,-2.024075746536255,4.093593597412109,4.340432167053223,10.032684326171875,-8.507516860961914,-1.1770071983337402,-0.47862663865089417,-9.946911811828613,-2.9897284507751465,8.242668151855469,-4.6823954582214355,-15.672518730163574,-15.66664981842041,15.692339897155762,15.707383155822754,1.8688231706619263,-2.0606205463409424,-0.5952848792076111,0.019647642970085144,-1.1925196647644043,-0.10087430477142334,1.368241548538208,-0.6035873293876648,-4.964687824249268,-5.790297508239746,5.308771133422852,5.959252834320068
769,4.678433895111084,-5.220998287200928,-1.4927287101745605,0.1620275378227234,-3.239888906478882,-1.8721710443496704,4.737544536590576,-2.544145107269287,-2.2111504077911377,-2.016479730606079,4.114055633544922,4.508937835693359,12.522212028503418,-10.968694686889648,-2.6957356929779053,-0.33575958013534546,-13.167983055114746,-5.509757995605469,9.094618797302246,-6.107717990875244,-14.482882499694824,-15.682218551635742,15.694456100463867,15.699676513671875,2.1419458389282227,-2.3533382415771484,-0.27731630206108093,0.04313068091869354,-1.2449071407318115,-0.5060975551605225,1.3788163661956787,-0.6415963768959045,-4.244020938873291,-5.351637840270996,5.201656341552734,6.635411739349365
770,3.925241231918335,-4.94542121887207,-0.47087782621383667,0.4880518317222595,-1.9359939098358154,-1.4500617980957031,3.3928937911987305,-2.8953871726989746,-8.67588996887207,-1.9914991855621338,4.121474742889404,4.584759712219238,15.498805046081543,-12.985159873962402,-3.3084678649902344,-0.21590618789196014,-13.942586898803711,-7.343141555786133,8.702117919921875,-7.450046539306641,0.00010788301005959511,-15.645567893981934,15.642070770263672,15.648003578186035,2.067300319671631,-2.610103130340576,-0.0630803033709526,0.10965844988822937,-0.66209876537323,-0.3622601330280304,0.9093303084373474,-0.7779651284217834,-3.049985408782959,-4.616637229919434,5.133468151092529,6.652977466583252
771,3.228100299835205,-4.178425312042236,-2.142794132232666,1.24541437625885,4.487158298492432,0.5071812272071838,1.965181827545166,-1.7056747674942017,3.628988027572632,-1.8696051836013794,4.205620765686035,4.4267377853393555,16.612979888916016,-14.010310173034668,-4.147888660430908,0.1494404673576355,-8.573653221130371,-6.899742126464844,7.452548503875732,-8.367709159851074,6.292471885681152,-1.032012939453125,15.709254264831543,15.804242134094238,1.7313008308410645,-2.083765745162964,-0.5634323954582214,0.27867913246154785,0.9908060431480408,0.16804499924182892,0.4566199779510498,-0.40993618965148926,1.563560962677002,-2.7996249198913574,5.504792213439941,5.990100383758545
772,2.838195323944092,-3.890831708908081,1.6761659383773804,-0.4854239225387573,8.185831069946289,5.437160015106201,-1.830846905708313,-2.639089822769165,3.4955952167510986,5.815000534057617,4.338940143585205,4.289114475250244,16.261898040771484,-15.585000038146973,-3.503556489944458,0.1028938814997673,-0.21058829128742218,-2.0179834365844727,4.781763553619385,-9.231412887573242,15.393901824951172,7.309226036071777,15.683808326721191,15.692062377929688,1.4682934284210205,-2.2615060806274414,0.44619107246398926,-0.1627482771873474,2.3611831665039062,1.2716859579086304,-0.464969277381897,-0.8021044731140137,5.9019670486450195,3.8508031368255615,5.233480453491211,5.1439995765686035
773,1.8545860052108765,-3.1402854919433594,1.0439116954803467,1.1704216003417969,7.278387069702148,6.723031997680664,-0.48076021671295166,-3.382444143295288,1.9843356609344482,3.2589504718780518,4.217945098876953,17.62978744506836,13.1738920211792,-15.641302108764648,-3.2023136615753174,-0.46858757734298706,6.258098602294922,4.241690635681152,3.1438679695129395,-5.655009746551514,15.695887565612793,15.37531566619873,15.360403060913086,-0.021853799000382423,0.6571589708328247,-1.5684839487075806,0.1680580973625183,0.2928352952003479,2.842477798461914,2.084188938140869,-0.04374779760837555,-0.8328254818916321,6.74876070022583,5.859499454498291,5.356301784515381,4.455893039703369
774,-4.189879894256592,-1.04668128490448,3.1013994216918945,0.3849449157714844,5.819182395935059,4.118668556213379,-3.472635269165039,-1.2062760591506958,2.0156424045562744,1.992618203163147,4.4140238761901855,13.444931983947754,6.723606586456299,-14.064053535461426,-0.4303207993507385,-0.19011527299880981,10.907642364501953,6.660229206085205,1.1952619552612305,-6.264267921447754,15.599021911621094,15.64836597442627,14.179718017578125,-0.059132643043994904,-0.9632238149642944,-0.2472713440656662,0.6422706246376038,0.04626961052417755,2.6236801147460938,1.0425305366516113,-0.7658047080039978,-0.20462198555469513,6.662295818328857,5.947535514831543,5.337173938751221,2.8403756618499756
775,-5.028097629547119,7.109388828277588,-0.47519800066947937,-2.499802350997925,4.750080108642578,0.6732009053230286,-3.30534291267395,-0.04707830771803856,2.018282890319824,2.008451461791992,4.5829176902771,7.292748928070068,1.039401888847351,-8.494620323181152,0.25307348370552063,-0.6067101359367371,13.03004264831543,6.585207939147949,-1.0690901279449463,-6.539775371551514,15.67961311340332,15.66862964630127,15.476851463317871,0.009149550460278988,-1.044321894645691,1.6242743730545044,-0.22056111693382263,-0.6184189319610596,2.417113780975342,0.012624174356460571,-0.6698132157325745,0.0431930311024189,6.519702911376953,6.225605487823486,5.686999797821045,1.2484885454177856
776,-5.895084381103516,8.104862213134766,-2.8653624057769775,-0.04609024152159691,3.9028892517089844,-0.6388028860092163,-5.007531642913818,3.7697815895080566,2.041006088256836,2.0412192344665527,4.2663421630859375,-3.470555305480957,-3.9378933906555176,-2.957292079925537,0.034735701978206635,-1.3290228843688965,13.23192024230957,5.386205196380615,-3.2701494693756104,-1.031088948249817,15.630871772766113,15.698610305786133,15.123894691467285,-15.629018783569336,-1.6439663171768188,1.9046577215194702,-0.6657634377479553,0.08463141322135925,1.7414826154708862,-0.15987528860569,-1.1830060482025146,0.8714114427566528,6.776876926422119,6.400254726409912,4.831731796264648,-6.063609600067139
777,-5.576781272888184,7.659284591674805,-3.821092128753662,0.9229297637939453,3.2513628005981445,-1.7329570055007935,-5.472655773162842,3.8120827674865723,2.040687322616577,2.0115485191345215,4.358392715454102,-4.353498935699463,-6.90024995803833,2.002945899963379,0.11069968342781067,-0.7532553672790527,12.378381729125977,3.510737895965576,-5.462494850158691,-0.20725709199905396,15.665000915527344,15.699995994567871,14.937520027160645,-15.636866569519043,-1.8066917657852173,2.224693536758423,-0.8068014979362488,0.2142937034368515,1.2445660829544067,-0.34298548102378845,-1.3571572303771973,0.7582582831382751,6.9989237785339355,6.22499418258667,4.399136066436768,-6.3100152015686035
778,-5.163557052612305,6.933809757232666,-3.8311994075775146,0.5261125564575195,1.7573444843292236,-1.100111484527588,-6.680015563964844,4.2074713706970215,2.0298244953155518,2.031379461288452,14.360458374023438,-4.357259750366211,-8.650564193725586,6.018125057220459,0.21521006524562836,-0.14568713307380676,10.717409133911133,2.250922918319702,-3.183948040008545,0.9248406887054443,15.700017929077148,15.672059059143066,0.04110958054661751,-15.62055492401123,-1.8554843664169312,2.5003488063812256,-0.7533228397369385,0.0892297774553299,0.4707763195037842,-0.18289121985435486,-1.5505871772766113,0.8788190484046936,7.105720043182373,6.4569597244262695,3.748361349105835,-6.04409646987915
779,-5.3476243019104,6.410334587097168,-3.619946002960205,0.19094839692115784,-1.9947710037231445,-1.300883412361145,-5.4090094566345215,5.652230262756348,2.01428484916687,2.034641981124878,11.145970344543457,-4.204129695892334,-9.855856895446777,9.025822639465332,-0.17563731968402863,0.5069438815116882,7.922748565673828,1.1466504335403442,-5.213770389556885,2.8202409744262695,15.504873275756836,15.568146705627441,0.06420163810253143,-15.781366348266602,-2.3009543418884277,3.274801731109619,-0.7373722195625305,0.026106342673301697,-0.48072853684425354,-0.25674474239349365,-1.2498805522918701,1.3019546270370483,6.96746826171875,6.727982997894287,2.197702169418335,-5.307972431182861
780,-4.431862831115723,5.524707317352295,-3.524160146713257,0.09211622178554535,-3.8691227436065674,-0.9479678273200989,-4.594789505004883,4.073582649230957,2.0137572288513184,2.035630464553833,8.982660293579102,-4.3298444747924805,-10.413745880126953,11.204380989074707,-0.39355793595314026,1.0433415174484253,4.572718143463135,0.2568296194076538,-6.923658847808838,4.335540771484375,15.60336971282959,15.663402557373047,0.006061077117919922,-15.630325317382812,-1.602911114692688,2.704315185546875,-0.7101554274559021,0.015269741415977478,-0.7453327178955078,-0.17453435063362122,-1.1557015180587769,0.8809588551521301,6.734843730926514,6.727914333343506,1.801934003829956,-5.293590545654297
781,-3.3503942489624023,4.698737621307373,-2.8260698318481445,0.07284604012966156,-4.312597751617432,-1.407441258430481,-2.798875093460083,3.1065855026245117,2.029914617538452,2.037076950073242,4.88632345199585,-4.163815975189209,-10.533891677856445,12.846436500549316,-0.34065982699394226,1.7016459703445435,1.8119679689407349,-0.5296077132225037,-8.048323631286621,5.670283317565918,15.654801368713379,15.685104370117188,0.0011876109056174755,-15.611762046813965,-1.0767408609390259,2.246260404586792,-0.5476146340370178,0.01457260549068451,-0.8663410544395447,-0.3040222227573395,-0.6737574934959412,0.7173550724983215,6.540277481079102,6.6555914878845215,0.8293609023094177,-5.224586009979248
782,-1.7757734060287476,3.8463797569274902,-2.769609212875366,-0.09876708686351776,-4.455379486083984,-1.457463026046753,1.0804508924484253,0.8790740370750427,2.0256712436676025,2.025705099105835,-3.3362138271331787,-4.182597637176514,-10.293868064880371,13.89281940460205,-0.049937501549720764,2.0609822273254395,-0.49474239349365234,-1.1513651609420776,-3.4764320850372314,6.035341739654541,15.700003623962402,15.671874046325684,-15.447014808654785,-15.597447395324707,-0.4603639841079712,1.725014567375183,-0.5550704598426819,-0.0250253826379776,-0.9709258079528809,-0.3060798645019531,0.3745042681694031,0.11882485449314117,6.191748142242432,6.544062614440918,-5.134143829345703,-5.237155437469482
783,0.013482649810612202,2.6919829845428467,-2.8018312454223633,-1.3246015310287476,-6.097218036651611,-1.6798018217086792,3.298651933670044,-0.5236679911613464,2.0265724658966064,2.017991304397583,-4.547539234161377,-4.339735984802246,-9.350744247436523,14.302824974060059,-0.23255246877670288,1.4710896015167236,0.4375481605529785,-1.6185883283615112,-2.816957712173462,5.593594074249268,4.7463178634643555,15.646431922912598,-15.288756370544434,-15.61228084564209,0.10604141652584076,1.045480489730835,-0.5659744739532471,-0.2933928966522217,-1.7632977962493896,-0.3674238920211792,0.6762228608131409,-0.14609728753566742,6.3533196449279785,6.7307634353637695,-5.865453243255615,-5.646589756011963
784,2.138140916824341,1.058466911315918,-2.521411180496216,-0.47344323992729187,-6.654160499572754,-3.132061004638672,3.4115898609161377,-1.79682195186615,9.017698287963867,2.015822172164917,-4.6258320808410645,-4.37415885925293,-8.256924629211426,13.722883224487305,0.2083970457315445,1.807755470275879,-0.5027906894683838,2.113661766052246,-2.2570950984954834,4.0392165184021,-0.0002548010088503361,0.0023632049560546875,-15.284292221069336,-15.666520118713379,0.40107470750808716,0.2878766655921936,-0.4938012361526489,-0.059645310044288635,-1.627435326576233,-0.779239296913147,0.6377748250961304,-0.35341140627861023,3.8464932441711426,6.112569808959961,-5.874754428863525,-5.569485187530518
785,2.4051220417022705,0.05614763870835304,-0.43974989652633667,-3.025928020477295,-5.759017467498779,-4.969204425811768,2.2408945560455322,-2.243833303451538,8.15303897857666,8.444061279296875,-4.519016265869141,-4.0087480545043945,-7.6240153312683105,13.789910316467285,0.09234998375177383,0.6132912635803223,-2.6437339782714844,0.8455855250358582,-2.0323245525360107,1.4794870615005493,-0.0002524918527342379,0.0006838666740804911,-15.46328067779541,-15.502812385559082,0.3955644369125366,-0.05219398811459541,-0.008848346769809723,-0.679115355014801,-1.4332507848739624,-1.1180016994476318,0.3793964982032776,-0.4314636290073395,2.4137070178985596,2.682865858078003,-5.582545280456543,-4.632681369781494
786,1.9345020055770874,-4.1513991355896,1.5122191905975342,-2.260053873062134,-4.355518817901611,-4.315709114074707,2.655791759490967,-0.7992392778396606,6.207376956939697,8.57424259185791,-4.280684947967529,-3.564572811126709,-7.472359657287598,12.576471328735352,-0.037354305386543274,-0.2013026773929596,-4.332038879394531,-0.3259611129760742,-1.7827341556549072,-0.1892888844013214,-0.00019411032553762197,7.557496428489685e-05,-15.707003593444824,-15.613164901733398,0.2972947955131531,-0.7272425889968872,0.3759881854057312,-0.4273306727409363,-1.0408905744552612,-0.9029934406280518,0.516742467880249,-0.10845290124416351,1.3739559650421143,3.051257371902466,-5.6503071784973145,-3.7092339992523193
787,4.623058795928955,-5.242169380187988,1.7536557912826538,-2.631728410720825,-2.549484968185425,-3.678614377975464,2.9461660385131836,1.3201583623886108,-3.9577436447143555,8.221014976501465,-4.257492542266846,-2.9041662216186523,-5.9341349601745605,11.344500541687012,0.43446236848831177,-0.640762209892273,-3.302624225616455,-1.4373548030853271,-1.2856853008270264,-0.03285473957657814,-6.984139442443848,-0.00022221863036975265,-15.697481155395508,-15.664999961853027,0.900600016117096,-0.8356607556343079,0.362191379070282,-0.5525723695755005,-0.5502395629882812,-0.7834614515304565,0.574985146522522,0.34190186858177185,-1.4121880531311035,2.5512092113494873,-5.673532485961914,-2.887256383895874
788,5.49819803237915,-8.472249031066895,2.2268686294555664,-2.892564535140991,0.953295886516571,-3.254232883453369,3.519415855407715,2.0109338760375977,-1.8413463830947876,4.07706356048584,-4.431941509246826,-10.35473346710205,-3.903392791748047,4.40705680847168,2.1281161308288574,0.09392955899238586,-0.8447354435920715,-3.303783416748047,-0.0354231595993042,2.4465298652648926,-15.637271881103516,-0.000512738071847707,-15.320486068725586,-0.25239628553390503,1.0980706214904785,-1.7348028421401978,0.4797002971172333,-0.5918468832969666,0.3399346172809601,-0.7193602323532104,0.7134484648704529,0.44635331630706787,-6.487243175506592,0.6874551177024841,-5.848538398742676,-2.0782246589660645
789,4.6843156814575195,-3.5181562900543213,2.0631103515625,-3.5321710109710693,2.773757219314575,0.948094367980957,2.3153748512268066,2.054511547088623,-1.9908804893493652,-4.078552722930908,-4.121298313140869,0.3674464821815491,-3.520411252975464,0.7223318815231323,1.1121426820755005,-2.377739429473877,-0.9779577255249023,0.8777061104774475,0.10405582189559937,3.814924955368042,-15.662749290466309,-15.700016021728516,-15.606218338012695,0.39326074719429016,0.8833562731742859,-0.5385401248931885,0.4411225914955139,-0.759789228439331,0.628623366355896,0.35629263520240784,0.42457979917526245,0.47099483013153076,-6.969454288482666,-5.8657941818237305,-5.136477470397949,0.4829155206680298
790,4.342128753662109,-4.12255334854126,3.404013156890869,-0.1710081696510315,0.6679427623748779,0.873258113861084,1.5692144632339478,2.7861225605010986,-2.010401964187622,-1.9540936946868896,-4.096078395843506,5.882468223571777,-1.9301066398620605,-0.7771498560905457,1.9617160558700562,-1.1533124446868896,-1.663450837135315,0.22277489304542542,-0.0030368492007255554,5.729765892028809,-15.700020790100098,-15.67541790008545,-15.696905136108398,15.659640312194824,0.8413438200950623,-0.9299768209457397,0.7761934995651245,0.09512011706829071,0.050290726125240326,0.1771717667579651,0.28652316331863403,0.71737140417099,-7.30421781539917,-7.428874969482422,-5.084129333496094,7.392842769622803
791,2.838866710662842,-2.633236885070801,2.9543161392211914,0.02673644945025444,1.693830966949463,1.8360545635223389,1.2871588468551636,1.8188672065734863,-2.013960361480713,-2.0426864624023438,-3.890101671218872,4.032771110534668,-1.564265489578247,-1.4702575206756592,2.6168441772460938,-0.5092268586158752,-1.9987177848815918,0.12916357815265656,0.052372291684150696,5.58799934387207,-15.696234703063965,-15.66567611694336,-15.615104675292969,15.582307815551758,0.5085734724998474,-0.5102128982543945,0.6333404779434204,0.013117596507072449,0.35861605405807495,0.4102609157562256,0.24522779881954193,0.4031197428703308,-6.988152980804443,-6.683836460113525,-4.609707355499268,4.978891849517822
792,3.963787794113159,-3.1953585147857666,2.9348227977752686,0.07639018446207047,1.6126998662948608,2.08095645904541,0.14001472294330597,0.831249475479126,-2.031892776489258,-2.0425496101379395,-3.3515052795410156,4.038798809051514,-0.18074819445610046,-2.342341899871826,3.7100558280944824,0.1689302772283554,-2.482145309448242,0.07006056606769562,-0.641244113445282,4.46987771987915,-15.662473678588867,-15.644891738891602,-15.596875190734863,15.716843605041504,0.8757656812667847,-0.7412444353103638,0.6672439575195312,0.017146393656730652,0.2996641993522644,0.4348088204860687,-0.015708714723587036,0.15326614677906036,-7.095701694488525,-6.595733642578125,-3.38690447807312,5.020039081573486
793,4.751459121704102,-2.740222692489624,2.2425591945648193,-0.25291237235069275,2.765066146850586,2.7539608478546143,0.6848860383033752,-0.5226265788078308,-2.032770872116089,-2.0417940616607666,-2.5499863624572754,3.943903923034668,1.4878296852111816,-3.16961669921875,4.120221138000488,0.4963413178920746,-2.6000752449035645,0.34259268641471863,-0.948204755783081,2.6553139686584473,-15.6688871383667,-15.6445951461792,-15.586649894714355,15.718183517456055,1.1310635805130005,-0.6101223826408386,0.49113330245018005,-0.062393441796302795,0.5661017894744873,0.6001365184783936,0.1533256322145462,-0.1493145078420639,-6.986176013946533,-6.529998779296875,-2.312351942062378,4.801411151885986
794,4.971037864685059,-3.0145299434661865,2.2353005409240723,-0.8503776788711548,2.651310920715332,2.8656013011932373,1.9694581031799316,-1.4496361017227173,-2.0193874835968018,-2.020153760910034,-6.959144592285156,3.9130024909973145,3.505453109741211,-3.9461417198181152,3.9341061115264893,0.5545293092727661,-2.689690589904785,0.7592325210571289,0.676477313041687,0.6496691703796387,-15.633749961853027,-15.627494812011719,0.02897733449935913,15.714803695678711,1.279549479484558,-0.731743574142456,0.5098201036453247,-0.18907715380191803,0.4955357611179352,0.6111485958099365,0.44305920600891113,-0.30971625447273254,-6.816282272338867,-6.472029685974121,-1.2497670650482178,4.663194179534912
795,4.743236064910889,-5.009858131408691,2.052375316619873,-1.3817042112350464,1.5110259056091309,3.6951353549957275,4.159149169921875,-0.568701982498169,-2.0260226726531982,-2.0406832695007324,8.305646896362305,4.0523552894592285,5.566687107086182,-5.621528625488281,3.6160366535186768,0.29440388083457947,-3.2266650199890137,1.5436781644821167,4.4567036628723145,-0.6301047205924988,-15.677400588989258,-15.621609687805176,15.727167129516602,15.739516258239746,1.2997688055038452,-1.5885728597640991,0.46424350142478943,-0.29333817958831787,0.23614385724067688,0.8591517210006714,1.0243080854415894,-0.08326347172260284,-6.4645795822143555,-6.163966178894043,4.659101486206055,5.2848405838012695
796,4.907553672790527,-2.228407382965088,-1.4661717414855957,-1.4476056098937988,-0.4381978511810303,-2.0113492012023926,4.718059062957764,-0.9571810364723206,-2.0148537158966064,-2.0340240001678467,3.702866554260254,4.150893688201904,7.767918109893799,-6.812865257263184,1.867997407913208,-0.15333598852157593,-4.9559173583984375,-0.20741602778434753,6.836270332336426,-1.85187828540802,-15.67202091217041,-15.653550148010254,15.70440673828125,15.734135627746582,1.5914981365203857,-0.4526757001876831,-0.4093010425567627,-0.2923429608345032,-0.17347395420074463,-0.6344467401504517,1.2441681623458862,-0.21634593605995178,-5.881495952606201,-6.201854228973389,4.640849590301514,5.488354206085205
797,4.577860355377197,-4.913628578186035,-2.6907033920288086,-0.0690029039978981,-2.993713855743408,-1.1192291975021362,4.366395473480225,-2.480801820755005,-2.0114645957946777,-2.0273075103759766,4.099145412445068,4.304042339324951,10.24134349822998,-8.936532020568848,-0.36922380328178406,-0.029681233689188957,-8.312800407409668,-2.4746994972229004,8.137737274169922,-3.5148801803588867,-15.679986000061035,-15.644705772399902,15.685139656066895,15.696379661560059,1.6525110006332397,-2.000248432159424,-0.5762864947319031,0.03854919970035553,-0.9725127220153809,-0.2057373821735382,1.1948193311691284,-0.613386332988739,-5.4369611740112305,-5.88508939743042,5.302112579345703,5.762878894805908
798,4.436431407928467,-5.059978485107422,-1.9990195035934448,0.02253083698451519,-3.2812530994415283,-2.0485851764678955,4.277670860290527,-2.6962902545928955,-2.058990955352783,-2.019134044647217,4.120667934417725,4.4860663414001465,12.545737266540527,-11.353150367736816,-2.035677433013916,0.0963316261768341,-11.735872268676758,-5.098846435546875,8.65856647491455,-5.091068744659424,-15.00522232055664,-15.674872398376465,15.677173614501953,15.66344928741455,1.9546598196029663,-2.3083786964416504,-0.39815258979797363,0.00800718367099762,-1.1628400087356567,-0.5269707441329956,1.2213575839996338,-0.6501831412315369,-4.70611047744751,-5.47000789642334,5.220623970031738,6.428937911987305
799,3.968945264816284,-4.76372766494751,-0.8447777628898621,0.3615398108959198,-2.076906442642212,-1.6547985076904297,2.996312141418457,-3.172147750854492,-2.560192823410034,-2.0036492347717285,4.114596843719482,4.557079315185547,14.661624908447266,-13.302544593811035,-2.7551000118255615,0.3182505667209625,-13.087090492248535,-7.083166122436523,7.9936203956604,-6.636348724365234,-3.0545167922973633,-15.670263290405273,15.72598648071289,15.607213973999023,1.9437099695205688,-2.577843427658081,-0.13967448472976685,0.08574384450912476,-0.7012099027633667,-0.41351625323295593,0.7712158560752869,-0.8267706632614136,-3.5433363914489746,-4.8677778244018555,5.140270709991455,6.477883815765381
800,3.480252981185913,-4.120412826538086,-1.6380653381347656,0.756145179271698,3.782114028930664,-0.2476424276828766,1.4783605337142944,-2.9258220195770264,4.56530237197876,-1.9441832304000854,4.243215084075928,4.4192705154418945,16.395421981811523,-14.411359786987305,-3.5195460319519043,0.43843984603881836,-8.945575714111328,-7.22122859954834,6.770777225494385,-7.891435623168945,5.582825183868408,-15.671337127685547,15.641631126403809,15.694164276123047,1.9200512170791626,-2.1379387378692627,-0.4016115069389343,0.16831813752651215,0.8436774015426636,0.001374855637550354,0.30909299850463867,-0.7755722403526306,1.890363335609436,-3.3460357189178467,5.447576522827148,5.622686862945557
801,2.782500982284546,-3.832667827606201,-0.9651252627372742,-0.1405402272939682,7.587437629699707,1.4927854537963867,0.5475206971168518,-2.886647939682007,3.5832033157348633,-7.448041915893555,4.290285110473633,4.2276082038879395,16.458131790161133,-16.019775390625,-4.024410247802734,0.2833676338195801,-1.2900340557098389,-5.634624004364014,5.19597864151001,-9.028122901916504,15.413698196411133,0.00012473348760977387,15.621646881103516,15.588313102722168,1.5252164602279663,-2.0373549461364746,-0.19039076566696167,-0.06182895600795746,1.923608422279358,0.3093019127845764,0.08731751143932343,-0.8196831941604614,5.685843467712402,-1.9145851135253906,5.64766788482666,5.0703301429748535
802,1.8909229040145874,-2.2687535285949707,2.557603120803833,-0.7913544178009033,7.5779266357421875,3.3959567546844482,-3.3859639167785645,-1.6135197877883911,1.9968622922897339,4.53618860244751,4.337879657745361,18.169673919677734,13.57480525970459,-17.061016082763672,-3.3592584133148193,-0.8083174228668213,5.60210657119751,-2.192462682723999,2.4977645874023438,-5.011852741241455,15.612935066223145,6.49200963973999,15.379634857177734,0.050356559455394745,0.7004928588867188,-0.9926096796989441,0.5896651744842529,-0.18607471883296967,3.113062620162964,0.6972097158432007,-0.7463064789772034,-0.30067357420921326,7.051762104034424,1.9735267162322998,5.671464920043945,4.778680801391602
803,-5.295280933380127,-0.9690109491348267,1.7706302404403687,1.8664568662643433,5.7508769035339355,5.753881931304932,-2.917330026626587,-1.7340935468673706,2.043170928955078,3.5694057941436768,4.3488640785217285,12.955339431762695,6.710917949676514,-15.760157585144043,-2.508991003036499,-0.020597808063030243,10.737936019897461,3.698524236679077,0.3308710753917694,-5.603902339935303,15.566695213317871,14.74811840057373,15.550803184509277,0.03993421047925949,-1.2321903705596924,-0.3270300030708313,0.29895538091659546,0.4703945517539978,2.3769731521606445,1.607420802116394,-0.5530852675437927,-0.4295969307422638,6.40090274810791,5.561441898345947,5.207930564880371,2.6463634967803955
804,-5.112916469573975,7.146439552307129,-0.10640048235654831,-2.961327314376831,4.648582935333252,2.590113639831543,-3.203798294067383,-1.507571816444397,2.0133144855499268,2.0107598304748535,4.369847774505615,8.265459060668945,1.038480281829834,-9.318171501159668,-2.2413170337677,-0.3798031508922577,12.81103515625,6.46835994720459,-1.5652852058410645,-6.333127021789551,15.688249588012695,15.65766429901123,15.598679542541504,0.02424713596701622,-1.0329657793045044,1.5630425214767456,-0.0891219899058342,-0.7820008397102356,2.2285823822021484,0.5390619039535522,-0.6791064143180847,-0.36827415227890015,6.662923336029053,5.650745868682861,5.745947360992432,1.5247840881347656
805,-5.798228740692139,7.998128890991211,-1.1765327453613281,-1.1118597984313965,3.7428338527679443,1.3111672401428223,-4.931558132171631,2.7449615001678467,2.025463342666626,2.043433427810669,4.065024375915527,-3.4357903003692627,-3.650294303894043,-2.913168430328369,-2.9153997898101807,-1.4606181383132935,12.881285667419434,7.0285868644714355,-3.873788356781006,-1.320947289466858,15.668883323669434,15.599520683288574,15.698822021484375,-15.693000793457031,-1.5869760513305664,1.8114711046218872,-0.30335909128189087,-0.16413240134716034,1.55990731716156,0.2879839539527893,-1.1902635097503662,0.7005487084388733,6.621013641357422,6.200862407684326,4.8739705085754395,-6.155590534210205
806,-5.643982887268066,7.653124809265137,-2.2855405807495117,0.4450521171092987,3.0722179412841797,-0.6002181768417358,-5.300721168518066,3.6966805458068848,2.0651979446411133,2.148225784301758,5.58663272857666,-4.285557746887207,-7.171014308929443,2.038067102432251,-0.594208300113678,-1.4531041383743286,11.940717697143555,5.758079528808594,-5.819983959197998,-0.7044833898544312,15.69999885559082,15.700005531311035,15.508896827697754,-15.649970054626465,-1.888580083847046,2.2166428565979004,-0.5153805613517761,0.1453888863325119,1.126124382019043,-0.18254253268241882,-1.294719934463501,0.7603161931037903,6.8902506828308105,6.228730201721191,4.453807830810547,-6.314798831939697
807,-5.070836067199707,6.955371856689453,-3.3540573120117188,0.5155153274536133,1.686282753944397,-0.3566056489944458,-6.288538455963135,4.064462661743164,2.067049503326416,2.0295112133026123,16.254674911499023,-4.3535051345825195,-8.421880722045898,6.854719638824463,-0.3454359769821167,-0.6125673055648804,10.313619613647461,4.458473205566406,-3.2196643352508545,0.2908287048339844,15.700010299682617,15.699530601501465,0.005561545491218567,-15.670802116394043,-1.8228389024734497,2.5923166275024414,-0.7258128523826599,0.10125820338726044,0.4475897550582886,-0.0537184476852417,-1.4094963073730469,0.8357061743736267,7.1105875968933105,6.450141906738281,3.8553926944732666,-6.040555477142334
808,-5.370817184448242,6.287599086761475,-3.0697381496429443,-0.07853737473487854,-1.9856321811676025,-1.0421490669250488,-5.113510608673096,6.133965969085693,2.029956817626953,2.026951551437378,11.75340461730957,-4.248882293701172,-9.73371410369873,9.992897033691406,-0.07635635137557983,-0.20484581589698792,7.535314559936523,3.0121397972106934,-5.097402572631836,2.251925468444824,15.700016975402832,15.673789978027344,0.06938132643699646,-15.565640449523926,-2.4014742374420166,3.3457534313201904,-0.6057509779930115,-0.03788580000400543,-0.4762762486934662,-0.20988556742668152,-1.1817973852157593,1.4084595441818237,6.937894344329834,6.703421115875244,2.379826784133911,-5.299777507781982
809,-4.414846897125244,5.251486778259277,-3.3173770904541016,0.19653531908988953,-3.7208504676818848,-0.5933938026428223,-4.531869888305664,3.9678502082824707,2.0374345779418945,2.0416340827941895,9.463486671447754,-4.233820915222168,-10.443275451660156,12.206409454345703,-0.140327587723732,0.2686462104320526,4.407768249511719,1.97638738155365,-6.718188285827637,3.8194446563720703,15.633513450622559,15.647356986999512,-0.0045151486992836,-15.647092819213867,-1.5944353342056274,2.6582834720611572,-0.6809089183807373,0.04974530637264252,-0.7154725193977356,-0.09534361958503723,-1.1370457410812378,0.8181931376457214,6.749370574951172,6.798909664154053,1.9018194675445557,-5.355340003967285
810,-3.343644618988037,4.389969825744629,-2.6629374027252197,0.3286415636539459,-4.222129821777344,-1.456854224205017,-2.8423779010772705,3.218946695327759,2.0296497344970703,2.0270938873291016,5.606046199798584,-4.171830654144287,-10.536827087402344,13.825565338134766,-0.0932094007730484,0.9939730167388916,1.6895486116409302,0.7796151041984558,-7.842801094055176,5.151758670806885,15.676156997680664,15.674254417419434,0.0037621096707880497,-15.655401229858398,-1.0730565786361694,2.1881704330444336,-0.5113047957420349,0.07251350581645966,-0.8521860837936401,-0.313982218503952,-0.6847614645957947,0.7379253506660461,6.618449687957764,6.769079208374023,0.9884843230247498,-5.284482479095459
811,-1.836763620376587,3.5247528553009033,-2.5232176780700684,0.24852782487869263,-4.148820400238037,-1.5305663347244263,0.8463621735572815,1.0440607070922852,2.031153678894043,2.032036304473877,-3.2184255123138428,-4.194295406341553,-10.248394012451172,14.852355003356934,0.06983352452516556,1.6269505023956299,-0.4894154667854309,-0.20604664087295532,-3.239000082015991,5.556239128112793,15.665283203125,15.6679048538208,-15.70224380493164,-15.621854782104492,-0.48867881298065186,1.610543131828308,-0.4986226558685303,0.04884825646877289,-0.884722888469696,-0.31062984466552734,0.32622188329696655,0.1599387675523758,6.271073818206787,6.701545715332031,-4.962368011474609,-5.317045211791992
812,-0.22018566727638245,2.438683032989502,-2.5611159801483154,-0.8664363026618958,-5.940995216369629,-1.4803099632263184,3.1096560955047607,-0.36561349034309387,2.0201191902160645,2.0191750526428223,-4.431210041046143,-4.4021477699279785,-9.8455171585083,14.999652862548828,-0.09780596196651459,1.3217185735702515,-2.4288125038146973,-0.873453676700592,-2.849475622177124,5.1398234367370605,14.336260795593262,15.659371376037598,-15.2626371383667,-15.625323295593262,0.02816789224743843,0.9628397822380066,-0.5174868702888489,-0.20736096799373627,-1.7007976770401,-0.30407631397247314,0.6453211903572083,-0.12238363921642303,6.464199542999268,6.990658760070801,-5.867800712585449,-5.724136829376221
813,1.4495428800582886,1.1603726148605347,-2.0753607749938965,-0.619864821434021,-6.063429832458496,-2.6236891746520996,3.0331835746765137,-1.147688865661621,9.231476783752441,2.0656583309173584,-4.699965953826904,-4.337224006652832,-8.707293510437012,14.694934844970703,-0.02714279294013977,1.197777509689331,-0.20697079598903656,-1.88987398147583,-2.2970237731933594,3.8838040828704834,-0.00028196541825309396,15.700509071350098,-15.486143112182617,-15.567066192626953,0.2814897894859314,0.37010300159454346,-0.3947503864765167,-0.10972897708415985,-1.3699477910995483,-0.617810845375061,0.5596980452537537,-0.2254326194524765,5.757116317749023,6.694286823272705,-5.875466346740723,-5.64159631729126
814,1.8421000242233276,1.0436327457427979,-1.8475465774536133,-0.5685483813285828,-5.160514831542969,-2.061459541320801,2.706223487854004,-1.561488389968872,8.716095924377441,2.0254342555999756,-4.5740966796875,-4.229781150817871,-8.235766410827637,14.334802627563477,0.21589593589305878,1.499726414680481,-2.031832218170166,0.14488792419433594,-1.9326963424682617,2.2737741470336914,-0.00023908569710329175,7.0503740310668945,-15.490137100219727,-15.67141056060791,0.3032270669937134,0.40660858154296875,-0.3594629168510437,-0.10672919452190399,-1.1950231790542603,-0.4328983724117279,0.4971911907196045,-0.29966822266578674,3.074528455734253,5.931159496307373,-5.648532390594482,-5.128167152404785
815,4.010567665100098,-2.487283706665039,-0.4809780716896057,-2.1023998260498047,-4.340854644775391,-5.281251430511475,2.3966636657714844,-0.46664145588874817,6.610841274261475,9.062613487243652,-4.4584245681762695,-3.658950090408325,-7.363210201263428,13.284585952758789,0.040556132793426514,0.9296281337738037,-3.6791563034057617,0.9693196415901184,-1.7063512802124023,0.9720170497894287,-0.00020313917775638402,5.58242027182132e-05,-15.543953895568848,-15.573101997375488,0.7382858395576477,-0.49705466628074646,-0.04487254470586777,-0.46381646394729614,-1.0322638750076294,-1.2778043746948242,0.4439179301261902,-0.05184469744563103,1.503054141998291,4.031416893005371,-5.663527488708496,-3.822791814804077
816,3.667921304702759,-6.455070495605469,2.553178548812866,-3.0242700576782227,-3.2937142848968506,-5.354365348815918,2.6003990173339844,0.29094621539115906,-3.0700714588165283,8.440217971801758,-4.266029357910156,-2.9719443321228027,-6.277580738067627,11.4568510055542,0.46183979511260986,0.1715562641620636,-3.7129721641540527,-0.7851327657699585,-1.4249485731124878,0.3851640522480011,-4.333118438720703,-0.0002501526614651084,-15.70067024230957,-15.399466514587402,0.6110973358154297,-1.1477808952331543,0.6338803172111511,-0.6319079995155334,-0.7773497700691223,-1.2337243556976318,0.5044477581977844,0.08768899738788605,-1.0945219993591309,2.709784507751465,-5.522421836853027,-2.9390389919281006
817,5.803936004638672,-8.342262268066406,2.2138779163360596,-3.276435136795044,-0.6243301033973694,-4.078063488006592,2.9962639808654785,1.847017765045166,-2.190722942352295,5.7678728103637695,-4.450689315795898,-10.630168914794922,-4.205959320068359,2.3271284103393555,1.8354613780975342,0.375747412443161,-1.1414774656295776,-3.191349506378174,-0.754879355430603,2.409493923187256,-15.476214408874512,-8.992603397928178e-05,-15.48819351196289,-2.785027027130127e-05,1.213323950767517,-1.6386876106262207,0.4454614520072937,-0.6580291986465454,-0.006595529615879059,-0.8811910152435303,0.596253514289856,0.44835570454597473,-6.263733386993408,1.193246841430664,-5.783902645111084,-2.1468183994293213
818,5.302236080169678,-2.004877805709839,1.9221175909042358,-4.589458465576172,3.5079524517059326,-1.6552104949951172,2.223937749862671,1.1836533546447754,-1.9804191589355469,-4.866894721984863,-4.155355930328369,3.0423359870910645,-3.2876670360565186,0.2305644154548645,1.2874929904937744,-1.9551905393600464,-0.9022996425628662,0.017301689833402634,-0.4944194257259369,3.2531909942626953,-15.700019836425781,-14.643689155578613,-15.676513671875,2.951598882675171,1.062278151512146,-0.2159648984670639,0.4113442897796631,-0.9971808791160583,0.8948439359664917,-0.26070618629455566,0.4106122851371765,0.23881299793720245,-6.9025092124938965,-4.974438667297363,-5.165447235107422,1.1510573625564575
819,3.4808804988861084,-2.7116568088531494,3.1338956356048584,-0.747870147228241,0.21595154702663422,0.5083903074264526,2.1047592163085938,2.2225308418273926,-2.010544538497925,-1.9300974607467651,-4.117005825042725,4.77425479888916,-2.157360792160034,-0.7775353789329529,2.041524887084961,-1.3170500993728638,-1.5701830387115479,-0.4849685728549957,-0.20155802369117737,4.533683776855469,-15.674018859863281,-15.683454513549805,-15.664721488952637,15.6981840133667,0.5941923260688782,-0.6001276969909668,0.7127215266227722,-0.01170821487903595,-0.07949040085077286,0.18888479471206665,0.41416478157043457,0.5683764815330505,-7.450222492218018,-7.397121429443359,-5.188840866088867,5.952722072601318
820,3.0690903663635254,-3.1295294761657715,2.87357234954834,0.08954726159572601,0.7728679180145264,2.9651196002960205,0.5390080213546753,1.804314374923706,-2.0159387588500977,-2.0013644695281982,-3.984642267227173,4.142626762390137,-1.5785658359527588,-1.4498244524002075,2.875174045562744,-0.676115870475769,-2.2513763904571533,-0.24718588590621948,-0.5716928839683533,4.651784420013428,-15.641029357910156,-15.606760025024414,-15.572254180908203,15.700119972229004,0.5816825032234192,-0.6976056694984436,0.6192875504493713,0.05082009732723236,0.16547375917434692,0.7104076147079468,0.04759238660335541,0.411329060792923,-7.166556358337402,-6.782694339752197,-4.701197624206543,5.098773956298828
821,4.574296951293945,-3.1137807369232178,2.5695652961730957,0.050479739904403687,1.8336620330810547,2.6166207790374756,-0.01130707748234272,0.533512532711029,-2.0413260459899902,-2.0456249713897705,-3.363286256790161,3.994513750076294,-0.04081175476312637,-2.314640998840332,3.630436658859253,0.04195372760295868,-2.7382519245147705,-0.04543166607618332,-1.5055533647537231,3.534524917602539,-15.641764640808105,-15.630681991577148,-15.599653244018555,15.715429306030273,1.0454952716827393,-0.7003825306892395,0.569003701210022,0.00858066976070404,0.3803843855857849,0.5220188498497009,-0.02310498058795929,0.06585158407688141,-7.12917423248291,-6.570996284484863,-3.3765475749969482,4.962734699249268
822,4.866672039031982,-2.7762691974639893,2.1805896759033203,-0.24626755714416504,2.6194074153900146,3.084765672683716,0.5863928198814392,-0.62840735912323,-2.0414347648620605,-2.039741039276123,-2.527045726776123,3.938606023788452,1.710375189781189,-3.1215124130249023,3.9278147220611572,0.38507574796676636,-2.9208412170410156,0.37992575764656067,-1.9423623085021973,1.8391549587249756,-15.647003173828125,-15.645127296447754,-15.606072425842285,15.713127136230469,1.1500582695007324,-0.6225231885910034,0.4863196015357971,-0.06006069481372833,0.5182034969329834,0.6659159660339355,0.1321953386068344,-0.16096685826778412,-7.070511817932129,-6.5419182777404785,-2.30378794670105,4.7888264656066895
823,5.023882865905762,-3.0699329376220703,2.227409839630127,-0.7742437124252319,2.7037875652313232,2.9861302375793457,1.9645837545394897,-1.4360147714614868,-2.021179676055908,-2.0278217792510986,-6.889676094055176,3.9004786014556885,3.6555027961730957,-4.023066520690918,3.606034278869629,0.38626816868782043,-2.9940831661224365,0.8687028884887695,-0.3241400718688965,-0.018988966941833496,-15.6222505569458,-15.627817153930664,0.027271319180727005,15.715093612670898,1.307740569114685,-0.747383177280426,0.5051794052124023,-0.17230971157550812,0.5082714557647705,0.6317402124404907,0.43150216341018677,-0.3098964989185333,-6.871179103851318,-6.465381622314453,-1.2336513996124268,4.6807427406311035
824,4.79420804977417,-4.930730819702148,2.116595983505249,-1.335496425628662,1.627180814743042,3.727881669998169,4.279848098754883,-0.5324814915657043,-2.0252726078033447,-2.0422825813293457,8.299182891845703,4.05185079574585,5.756184101104736,-5.639522552490234,3.3559069633483887,0.18079409003257751,-3.445378303527832,1.6754395961761475,3.568434715270996,-1.212287187576294,-15.675557136535645,-15.622328758239746,15.72575855255127,15.742555618286133,1.3323010206222534,-1.5449422597885132,0.4768820106983185,-0.28642600774765015,0.25796857476234436,0.8678336143493652,1.0205495357513428,-0.07662425935268402,-6.509815216064453,-6.200131893157959,4.679277420043945,5.277968406677246
825,4.892480850219727,-2.090956926345825,-1.2418526411056519,-1.3994611501693726,-0.19178326427936554,-1.882910966873169,4.895418643951416,-0.6675148606300354,-2.0178415775299072,-2.0308706760406494,3.7449512481689453,4.191649436950684,7.967902183532715,-6.684086322784424,1.7688636779785156,-0.1992863267660141,-4.947831153869629,0.04459155350923538,6.363565444946289,-2.2218122482299805,-15.699602127075195,-15.674373626708984,15.724621772766113,15.720465660095215,1.5984525680541992,-0.4108865559101105,-0.36347663402557373,-0.2833250164985657,-0.1090979054570198,-0.6004307270050049,1.2608301639556885,-0.14792664349079132,-5.9228973388671875,-6.242302894592285,4.686826705932617,5.523769855499268
826,4.534241199493408,-4.877599239349365,-2.506938934326172,-0.10319504886865616,-2.8813364505767822,-1.0873533487319946,4.488073825836182,-2.2692084312438965,-2.022118091583252,-2.032287836074829,4.094862937927246,4.256359100341797,10.336311340332031,-8.837520599365234,-0.4460524916648865,-0.10999057441949844,-8.162842750549316,-2.1763858795166016,7.86739444732666,-3.7461228370666504,-15.6983642578125,-15.667441368103027,15.689629554748535,15.689043998718262,1.6367393732070923,-1.9783357381820679,-0.5431382656097412,0.028623059391975403,-0.9391502141952515,-0.20020857453346252,1.2090394496917725,-0.5754720568656921,-5.509998798370361,-5.934566020965576,5.3386921882629395,5.774397850036621
827,4.418880939483643,-5.044674396514893,-1.7715613842010498,0.03878794610500336,-3.2429776191711426,-2.1435325145721436,4.476165294647217,-2.4296977519989014,-2.0428521633148193,-2.0216312408447266,4.145611763000488,4.491710186004639,12.603714942932129,-11.270977973937988,-2.036647081375122,0.01770061068236828,-11.53280258178711,-4.881777286529541,8.603096008300781,-5.170632362365723,-15.07133674621582,-15.688363075256348,15.677115440368652,15.644279479980469,1.9646106958389282,-2.26224946975708,-0.3479388356208801,0.013181909918785095,-1.1362000703811646,-0.5507336854934692,1.2776727676391602,-0.5869738459587097,-4.769769668579102,-5.509881973266602,5.258091926574707,6.452298641204834
828,3.973184585571289,-4.74732780456543,-0.7156465649604797,0.4479140043258667,-2.1556196212768555,-1.717599868774414,3.281299352645874,-2.993267297744751,-2.540398359298706,-2.0056893825531006,4.128901958465576,4.561038970947266,14.251936912536621,-13.2559814453125,-2.753324508666992,0.19044902920722961,-12.848007202148438,-6.962738037109375,8.22648811340332,-6.596575736999512,-13.818225860595703,-15.700004577636719,15.6516752243042,15.592866897583008,1.946939468383789,-2.5517845153808594,-0.11530017107725143,0.10545673966407776,-0.7350367307662964,-0.4263407289981842,0.8604466319084167,-0.7855238914489746,-3.6271491050720215,-4.95180606842041,5.1726765632629395,6.507480144500732
829,3.4332120418548584,-4.314752578735352,-0.20295991003513336,0.2690317630767822,-0.3631982207298279,-0.7058435678482056,1.8831874132156372,-2.792124032974243,-8.015978813171387,-1.9332925081253052,4.168307304382324,4.408488750457764,16.455223083496094,-14.626058578491211,-2.937504291534424,0.2487381398677826,-11.627384185791016,-7.582894802093506,7.0464253425598145,-7.879488945007324,0.00011808934505097568,-15.639643669128418,15.692547798156738,15.734800338745117,1.8262077569961548,-2.492495059967041,-0.023774974048137665,0.047359317541122437,-0.0030792132019996643,-0.14143770933151245,0.4291977286338806,-0.7401848435401917,-2.3005971908569336,-3.3955237865448,5.1832146644592285,5.99292516708374
830,2.432931900024414,-3.3349645137786865,-1.6062325239181519,1.3660582304000854,6.4677958488464355,0.42299237847328186,0.6387565732002258,-1.5608642101287842,4.962957859039307,-7.555971622467041,4.235298156738281,3.9462943077087402,16.40839958190918,-15.892633438110352,-3.4449105262756348,0.24587464332580566,-4.471818447113037,-6.907290458679199,5.514420986175537,-6.076910018920898,8.391209602355957,0.00019292431534267962,15.35367202758789,7.547259330749512,1.1170542240142822,-1.563275694847107,-0.4215516448020935,0.3185710310935974,1.4955559968948364,0.1169726699590683,0.09542083740234375,-0.3757643699645996,2.822997808456421,-2.0432984828948975,5.578639507293701,4.990427494049072
831,1.956546664237976,-2.548884391784668,3.2061092853546143,-2.5021886825561523,8.009210586547852,3.716212034225464,-3.5782580375671387,-3.99762225151062,2.9213931560516357,4.738555908203125,4.462584495544434,15.117563247680664,14.770045280456543,-17.117897033691406,-2.4613399505615234,-0.7730928659439087,3.7767577171325684,-3.364614248275757,2.703233242034912,-5.15196418762207,15.640592575073242,6.9376420974731445,15.319281578063965,0.02618338167667389,0.8284873962402344,-1.2951406240463257,0.7636530995368958,-0.6626818180084229,2.9159817695617676,0.7786471843719482,-0.7882466912269592,-1.0504738092422485,6.829605579376221,2.2075002193450928,5.590394020080566,3.368253469467163
832,-3.676651954650879,-1.1037348508834839,0.9451829791069031,1.9661664962768555,6.259465217590332,6.3839592933654785,-2.377873659133911,-2.5454776287078857,2.0207438468933105,3.395879030227661,4.490935325622559,12.760494232177734,8.245513916015625,-16.134347915649414,-2.2134718894958496,-0.40650710463523865,9.911669731140137,3.079084873199463,0.6785547733306885,-6.198437213897705,15.580727577209473,15.071505546569824,15.472769737243652,0.050240516662597656,-0.8349361419677734,-0.3844161629676819,0.09933514147996902,0.5578362941741943,2.6370139122009277,1.816394329071045,-0.41897767782211304,-0.5733906626701355,6.538012504577637,5.639173984527588,5.323690891265869,2.7334158420562744
833,-5.307839870452881,6.2118306159973145,-0.30836451053619385,-1.5791070461273193,4.973787784576416,3.392644166946411,-3.476903200149536,-1.324891209602356,2.0632665157318115,2.014343023300171,4.381831645965576,9.470999717712402,1.7851016521453857,-9.988752365112305,-2.0155367851257324,-0.3459784984588623,13.101031303405762,6.598934650421143,-1.3429709672927856,-6.856725692749023,15.681708335876465,15.637009620666504,15.592145919799805,0.024710938334465027,-1.1060302257537842,1.294753074645996,-0.11240439862012863,-0.45389604568481445,2.622222900390625,0.7723262310028076,-0.7588057518005371,-0.2837618887424469,6.8300299644470215,5.6082305908203125,5.647205352783203,1.8614120483398438
834,-5.529363632202148,7.861204147338867,-1.5910203456878662,-1.4440511465072632,4.093140602111816,1.297346830368042,-4.674224376678467,2.9076600074768066,2.0228168964385986,2.041456937789917,4.107118606567383,-3.3665874004364014,-3.3061935901641846,-3.5590033531188965,-2.857745409011841,-1.479844331741333,13.624295234680176,7.287497043609619,-3.5658957958221436,-1.8033528327941895,15.63473129272461,15.581037521362305,15.629690170288086,-15.670378684997559,-1.4135104417800903,1.753146767616272,-0.40054571628570557,-0.2978362441062927,1.978817343711853,0.251412570476532,-1.0981671810150146,0.7207282185554504,6.749238014221191,6.155348300933838,5.033962249755859,-6.059568881988525
835,-5.632331371307373,7.580880641937256,-2.213322639465332,0.5859584212303162,3.481066942214966,-0.537243664264679,-5.053748607635498,3.9854941368103027,2.0290615558624268,2.0385193824768066,3.9065210819244385,-4.286226272583008,-7.095966339111328,1.5661027431488037,-1.033579707145691,-1.1688791513442993,13.026392936706543,6.169778347015381,-4.91124963760376,-0.9749188423156738,15.58570384979248,15.43404769897461,13.453737258911133,-15.6508150100708,-1.8202818632125854,2.161651134490967,-0.525314211845398,0.19072876870632172,1.4414055347442627,-0.16960620880126953,-1.2591694593429565,0.808851420879364,6.876526832580566,6.185523509979248,4.554233074188232,-6.275964260101318
836,-4.918277740478516,7.162451267242432,-2.9226152896881104,-0.08306268602609634,2.312268018722534,-0.6139023303985596,-6.900320053100586,4.128445625305176,2.033053398132324,2.0352323055267334,15.985076904296875,-4.323448181152344,-8.839560508728027,6.264875888824463,-0.6895902752876282,-0.7960019707679749,11.409723281860352,4.682130813598633,-3.129101514816284,-0.06092599406838417,15.700007438659668,15.699973106384277,0.07814665138721466,-15.651800155639648,-1.7852307558059692,2.641205072402954,-0.6192126274108887,-0.04203207790851593,0.7234710454940796,-0.10722421109676361,-1.5807371139526367,0.8306382298469543,6.983874797821045,6.437881946563721,3.754154682159424,-6.052903652191162
837,-5.094935894012451,6.459770202636719,-3.0464365482330322,-0.0711553692817688,-0.3307063579559326,-0.8503767251968384,-4.837316513061523,6.149818420410156,2.0331802368164062,2.0265893936157227,12.058902740478516,-4.199899673461914,-10.253164291381836,9.589614868164062,-0.2624558210372925,-0.35337555408477783,8.889366149902344,3.2727842330932617,-4.979602813720703,1.8204628229141235,15.70001220703125,15.658777236938477,0.07847408950328827,-15.604186058044434,-2.2234768867492676,3.3991899490356445,-0.6273719668388367,-0.014129355549812317,-0.20812812447547913,-0.1595434844493866,-1.071631669998169,1.388446569442749,7.034206867218018,6.660318374633789,2.477184534072876,-5.255586624145508
838,-4.306153297424316,5.426432132720947,-3.2026023864746094,-0.03903311491012573,-3.3303568363189697,-0.49754598736763,-4.524454116821289,4.390735626220703,2.059225559234619,2.0153746604919434,9.879392623901367,-4.206571578979492,-10.692791938781738,12.173357009887695,-0.1473563015460968,0.2794520854949951,5.564635276794434,2.269594430923462,-6.600937843322754,3.4909467697143555,15.684678077697754,15.61085033416748,0.04926601052284241,-15.639626502990723,-1.601212501525879,2.868288278579712,-0.6559924483299255,-0.0065723806619644165,-0.6562923789024353,-0.08001708984375,-1.1409287452697754,0.9190056920051575,6.8321709632873535,6.784808158874512,2.010812759399414,-5.2619709968566895
839,-3.3101706504821777,4.551168441772461,-2.7974681854248047,0.09753932803869247,-3.7760348320007324,-1.2321255207061768,-2.976073980331421,3.5613653659820557,2.028979539871216,2.0298237800598145,6.618703842163086,-4.199193954467773,-10.877466201782227,13.774426460266113,-0.1635109931230545,0.8451035618782043,2.6793737411499023,1.169505000114441,-7.734498500823975,4.996211051940918,15.692760467529297,15.687702178955078,0.008067356422543526,-15.642716407775879,-1.0881186723709106,2.3584651947021484,-0.5503275394439697,0.025112196803092957,-0.7251978516578674,-0.26191166043281555,-0.7233067750930786,0.8114302754402161,6.749818325042725,6.724510192871094,1.2259190082550049,-5.216047286987305
840,-1.8356012105941772,3.724421501159668,-2.340320110321045,0.2091396152973175,-3.9654338359832764,-1.7896575927734375,-0.3022662401199341,1.5660380125045776,2.0349745750427246,2.0213963985443115,-4.093979835510254,-4.198411464691162,-10.627338409423828,14.735777854919434,-0.01196984201669693,1.3823041915893555,0.3418547213077545,0.11031150817871094,-3.4857845306396484,5.730679988861084,15.663509368896484,15.668596267700195,-15.491926193237305,-15.621420860290527,-0.4968976080417633,1.7768174409866333,-0.45207875967025757,0.04785643517971039,-0.8243916034698486,-0.3782288730144501,0.06617982685565948,0.2974100708961487,6.445540428161621,6.642305374145508,-3.6265342235565186,-5.243793964385986
841,-0.19520330429077148,2.71213436126709,-2.5256359577178955,-0.9959401488304138,-6.0272064208984375,-1.3705897331237793,3.1468377113342285,-0.03529946878552437,2.0324649810791016,2.0178415775299072,-4.296578407287598,-4.343144416809082,-9.964926719665527,15.147525787353516,0.10556835681200027,1.2402338981628418,-2.3295369148254395,-0.6162720322608948,-3.1722936630249023,5.39152193069458,15.70001220703125,15.66777515411377,-15.243484497070312,-15.572224617004395,0.038361866027116776,1.1353094577789307,-0.5134206414222717,-0.23571787774562836,-1.6956125497817993,-0.26469120383262634,0.6913349032402039,-0.07987998425960541,6.571053504943848,6.88742208480835,-5.831065654754639,-5.661947727203369
842,1.3014731407165527,1.5362366437911987,-2.328071117401123,-0.9352504014968872,-5.1274333000183105,-2.5489275455474854,3.298607110977173,-0.8932794332504272,2.0139496326446533,2.0371248722076416,-4.675230979919434,-4.370362758636475,-8.213671684265137,15.180614471435547,0.3909055292606354,1.3076112270355225,0.17553050816059113,-1.5869274139404297,-2.5744388103485107,4.291662216186523,-0.001615807879716158,15.694012641906738,-15.539440155029297,-15.613068580627441,0.2483145147562027,0.5479278564453125,-0.4557890295982361,-0.17813335359096527,-1.3288902044296265,-0.595672607421875,0.61366206407547,-0.18149946630001068,6.286246299743652,6.730580806732178,-5.860029220581055,-5.612143039703369
843,3.489081859588623,0.09271286427974701,-2.0466036796569824,-0.8451523780822754,-5.806241035461426,-3.5455758571624756,3.953186273574829,-1.1396948099136353,4.680574417114258,2.023496389389038,-4.408555507659912,-4.082376003265381,-7.543454647064209,13.962874412536621,0.2814140319824219,1.0491974353790283,-1.8069151639938354,1.7972123622894287,-1.5594630241394043,3.1472132205963135,-0.00015847585746087134,0.9613447189331055,-15.54593563079834,-15.720621109008789,0.6416422724723816,-0.0749010369181633,-0.3991873264312744,-0.16115428507328033,-1.428350806236267,-0.8646981716156006,0.7737007737159729,-0.2124219387769699,0.8099439144134521,5.810643196105957,-5.7388997077941895,-4.8473687171936035
844,4.1760759353637695,-5.372944355010986,0.3492853045463562,-2.6138789653778076,-4.610122203826904,-5.84403657913208,2.5071816444396973,-0.18229416012763977,-3.9047763347625732,7.5045342445373535,-4.366873264312744,-3.521209716796875,-6.446840286254883,11.947063446044922,-0.41374266147613525,-0.011953432112932205,-2.0580639839172363,0.2348671853542328,-1.255722165107727,2.020437717437744,-5.441767692565918,-0.0002326933026779443,-15.446081161499023,-15.613110542297363,0.73658287525177,-0.983127236366272,0.1602560579776764,-0.5825957655906677,-1.096138596534729,-1.420715093612671,0.43088555335998535,-0.0015402249991893768,-1.2782893180847168,1.9097951650619507,-5.531101226806641,-3.6426820755004883
845,5.400046348571777,-7.474444389343262,2.117222785949707,-3.384977340698242,-2.5053622722625732,-5.087479114532471,2.86151123046875,0.583825945854187,-2.303743839263916,6.966196060180664,-4.399633407592773,-3.0174829959869385,-4.638151168823242,9.64499568939209,-0.09955455362796783,-1.061993956565857,-0.462290495634079,-1.6378264427185059,-0.7581878900527954,1.7823779582977295,-15.667816162109375,-0.00021905419998802245,-15.685482025146484,-15.3522367477417,1.0638965368270874,-1.373496413230896,0.48741939663887024,-0.7292914390563965,-0.40945276618003845,-1.1541720628738403,0.570559024810791,0.15455271303653717,-6.356054782867432,1.7639102935791016,-5.729184150695801,-2.9852988719940186
846,3.7283847332000732,-6.343153953552246,2.377549409866333,-2.422665596008301,0.12594658136367798,-2.259293794631958,3.375680685043335,1.2111274003982544,-1.9992128610610962,-4.32852029800415,-4.2990031242370605,-10.574800491333008,-3.559596061706543,7.5973639488220215,0.5984601378440857,-0.9277161955833435,-1.242428183555603,-0.1552053838968277,0.14151418209075928,2.9601855278015137,-15.682920455932617,-8.3731107711792,-15.683555603027344,-0.023903124034404755,0.630234956741333,-1.0667511224746704,0.49252867698669434,-0.4585173726081848,0.12479733675718307,-0.38339853286743164,0.694563090801239,0.2907426059246063,-7.157470226287842,-1.6625330448150635,-5.565759658813477,-2.131934881210327
847,4.8192877769470215,-6.8762898445129395,3.8274710178375244,-1.9165043830871582,1.314660668373108,1.3704378604888916,1.1636208295822144,2.7049763202667236,-2.0144612789154053,-1.8758134841918945,-4.111169815063477,-2.8817877769470215,-1.5180187225341797,1.9330213069915771,3.0202126502990723,-0.8966703414916992,-1.6656495332717896,1.2797387838363647,0.0782235786318779,5.5416579246521,-15.600519180297852,-15.684141159057617,-15.499558448791504,0.0045383707620203495,1.0143314599990845,-1.362453818321228,0.8706740736961365,-0.3810269832611084,0.29628700017929077,0.4487142860889435,0.15170489251613617,0.6987625956535339,-6.902257442474365,-7.363840103149414,-5.123901844024658,-0.28411054611206055
848,2.8826143741607666,-4.971278667449951,1.8449867963790894,0.6297758221626282,1.2788106203079224,1.9564990997314453,-0.6370328664779663,1.846410870552063,-2.02168345451355,-1.9903523921966553,-4.088049411773682,6.671011447906494,-0.8156068325042725,-0.0916978120803833,3.1548404693603516,0.7149121165275574,-2.1731696128845215,0.853610634803772,-1.1941373348236084,6.797344207763672,-15.531121253967285,-15.51001262664795,-15.66369342803955,15.702788352966309,0.5226064920425415,-1.0232511758804321,0.350148469209671,0.22790615260601044,0.23914670944213867,0.43592774868011475,-0.1996816247701645,0.4442676603794098,-6.902902126312256,-7.519929885864258,-5.024392127990723,9.545320510864258
849,1.6033926010131836,-2.868964195251465,2.2456367015838623,-0.01407576259225607,0.31149613857269287,0.4184022843837738,0.7318516373634338,1.1672285795211792,-2.0159475803375244,-2.031235694885254,-3.8715908527374268,4.114708423614502,-0.9530421495437622,-1.4263054132461548,3.0663633346557617,1.186659812927246,-3.120791435241699,0.29643765091896057,-2.129851818084717,5.653596878051758,-15.637375831604004,-15.640523910522461,-15.591187477111816,15.694341659545898,0.2629840075969696,-0.5363421440124512,0.5107329487800598,-0.027540042996406555,0.02243732661008835,0.024313360452651978,0.1890268176794052,0.259843647480011,-6.890545845031738,-6.813392639160156,-4.4375762939453125,5.0318756103515625
850,3.5081021785736084,-2.9646859169006348,2.570446014404297,-0.6777089834213257,1.9316474199295044,1.421147108078003,-0.2594465911388397,-0.012815426103770733,-2.0534448623657227,-2.0473861694335938,-3.396317720413208,4.032601356506348,-0.2664845883846283,-2.6037025451660156,3.501922607421875,1.1876368522644043,-3.490234613418579,-0.03250248730182648,-3.257439374923706,3.9381625652313232,-15.639829635620117,-15.671940803527832,-15.634647369384766,15.638975143432617,0.8059720993041992,-0.6712247729301453,0.5973065495491028,-0.15455032885074615,0.4094359874725342,0.32662665843963623,-0.09405308961868286,-0.05855260416865349,-6.9740190505981445,-6.650376319885254,-3.463606595993042,5.009417533874512
851,4.491832733154297,-2.7115185260772705,2.5288968086242676,-1.310933232307434,2.455029249191284,1.5542857646942139,0.5275283455848694,-1.5817192792892456,-2.0282204151153564,-2.036350965499878,-2.6014444828033447,3.932821273803711,1.1698862314224243,-3.6046764850616455,3.9010825157165527,0.8612237572669983,-3.572547435760498,-0.3107384145259857,-3.5762927532196045,1.5684118270874023,-15.668718338012695,-15.657602310180664,-15.63454532623291,15.699638366699219,1.056102991104126,-0.6206316947937012,0.580938458442688,-0.2770225405693054,0.46662598848342896,0.316593736410141,0.12343902885913849,-0.3452700078487396,-6.889895439147949,-6.526158332824707,-2.403388738632202,4.734152317047119
852,5.026501655578613,-2.950591564178467,2.477511405944824,-1.8852430582046509,2.5057265758514404,2.4225363731384277,2.1632702350616455,-2.0980067253112793,-2.039727210998535,-2.023350715637207,-7.424245834350586,3.866010904312134,2.7775394916534424,-4.840362071990967,3.437039375305176,0.008682411164045334,-3.6382219791412354,-0.22874152660369873,-1.7890948057174683,-0.7078325748443604,-15.656399726867676,-15.644762992858887,0.003046678379178047,15.658159255981445,1.2767045497894287,-0.7375897169113159,0.5546320080757141,-0.3945862650871277,0.458183616399765,0.5264207124710083,0.45663899183273315,-0.4384470283985138,-6.559680461883545,-6.425162315368652,-1.3561768531799316,4.579949855804443
853,5.232758045196533,-4.722869873046875,2.3977694511413574,-2.0397026538848877,1.4576170444488525,3.5666046142578125,4.917670726776123,-0.9576037526130676,-2.048436164855957,-2.0418455600738525,8.233824729919434,4.0974555015563965,4.540210247039795,-6.910801887512207,2.981133460998535,-1.0747368335723877,-4.164461612701416,0.5256294012069702,2.6980538368225098,-2.0205676555633545,-15.633658409118652,-15.635404586791992,15.45449447631836,15.727069854736328,1.4559801816940308,-1.5399049520492554,0.5387723445892334,-0.4242593050003052,0.22328153252601624,0.8080614805221558,1.131914734840393,-0.1606418341398239,-6.097472190856934,-5.957942485809326,4.136842250823975,5.289944648742676
854,5.420133113861084,-1.5615146160125732,-1.3936069011688232,-0.7789095044136047,-0.6225321292877197,-2.3867859840393066,5.924668788909912,-0.14176753163337708,-2.006422281265259,-2.0118536949157715,3.7205965518951416,4.430715084075928,8.047123908996582,-6.768861293792725,2.021182060241699,-0.2392231822013855,-6.076315402984619,-1.654988169670105,6.665801048278809,-2.821650743484497,-15.632184028625488,-15.633431434631348,15.649443626403809,15.713476181030273,1.8832781314849854,-0.2566923499107361,-0.40734052658081055,-0.10886497795581818,-0.22894778847694397,-0.7472590208053589,1.542054295539856,0.0015483982861042023,-5.281932353973389,-5.906137466430664,4.60831880569458,5.545758247375488
855,4.870802402496338,-5.0977559089660645,-3.344421148300171,-0.32424500584602356,-3.531041383743286,-0.25717511773109436,4.9765801429748535,-2.8455615043640137,-2.0129239559173584,-2.0185463428497314,4.079034328460693,4.409323692321777,10.393593788146973,-9.1515474319458,-0.9755260348320007,-0.43994495272636414,-9.876875877380371,-3.3606655597686768,8.635213851928711,-4.490179538726807,-15.673308372497559,-15.652410507202148,15.673352241516113,15.691673278808594,1.8377152681350708,-2.319366931915283,-0.7412317395210266,-0.04816712439060211,-1.2847086191177368,0.024686813354492188,1.372321367263794,-0.769827663898468,-5.005085468292236,-5.689450263977051,5.297179698944092,6.042744159698486
856,4.596482276916504,-5.06759786605835,-1.3664149045944214,0.3090376853942871,-3.192103624343872,-2.229546308517456,4.741501808166504,-2.4666497707366943,-2.2029459476470947,-2.016033411026001,4.097925186157227,4.546847820281982,13.18907356262207,-11.39403247833252,-2.3233718872070312,-0.09851454198360443,-13.109512329101562,-6.004481792449951,9.319180488586426,-5.951876163482666,-6.969909191131592,-15.665262222290039,15.76212215423584,15.678265571594238,2.1641552448272705,-2.2878427505493164,-0.2201884388923645,0.08549147844314575,-1.1954010725021362,-0.6411247253417969,1.4045261144638062,-0.5913576483726501,-4.072502613067627,-5.173118591308594,5.142818450927734,6.701189041137695
857,3.9417898654937744,-4.625130653381348,-1.9284610748291016,0.5640688538551331,-0.5245110392570496,-0.9880467653274536,3.355588912963867,-2.923957586288452,-3.6060476303100586,-2.010385036468506,4.094641208648682,4.470137119293213,15.866626739501953,-13.07550048828125,-3.538311719894409,0.05894464626908302,-12.72386360168457,-7.313736438751221,8.870232582092285,-7.299003601074219,4.044695378979668e-05,-15.692707061767578,15.691908836364746,15.699139595031738,2.2431650161743164,-2.294477701187134,-0.45436936616897583,0.12244106829166412,-0.02403245121240616,-0.20429471135139465,0.9031187891960144,-0.7853532433509827,-0.5268534421920776,-4.382595062255859,5.2731146812438965,6.452905178070068
858,3.106675624847412,-4.159693241119385,-1.1315723657608032,1.3806850910186768,5.608926296234131,0.5365571975708008,1.6942373514175415,-2.404728889465332,5.0240864753723145,-1.8403557538986206,4.206423282623291,4.357464790344238,17.282224655151367,-13.927827835083008,-3.7268922328948975,0.7969027161598206,-6.430426120758057,-6.539562225341797,7.3901472091674805,-8.33930492401123,10.708885192871094,0.0024978253059089184,15.72043514251709,15.497058868408203,1.6454341411590576,-2.124300479888916,-0.22797638177871704,0.3104214668273926,1.1882256269454956,0.1520462930202484,0.37081217765808105,-0.6357126235961914,3.0708365440368652,-2.6037237644195557,5.407360553741455,5.738952159881592
859,2.7560722827911377,-3.74306058883667,1.3584564924240112,-0.8454062938690186,7.988876819610596,6.019000053405762,-0.5460019111633301,-2.6488802433013916,2.284409761428833,5.540550231933594,4.295373439788818,4.279375076293945,15.754293441772461,-15.6273832321167,-3.508713960647583,0.1730748564004898,1.555082082748413,-1.209677815437317,5.3686418533325195,-9.343246459960938,15.650691032409668,8.285582542419434,15.694437026977539,15.763755798339844,1.4048339128494263,-2.1379480361938477,0.3346855640411377,-0.2529069185256958,2.4428367614746094,1.495099425315857,-0.19606061279773712,-0.7768569588661194,6.189987659454346,4.337700843811035,5.434021949768066,5.2094035148620605
860,0.8191529512405396,-2.671283721923828,1.4754713773727417,1.558040976524353,6.914438247680664,6.575101375579834,-0.5567525029182434,-4.005717754364014,2.0187137126922607,3.0357306003570557,4.246644973754883,17.289894104003906,12.157647132873535,-15.190587043762207,-2.9812374114990234,-0.20801274478435516,7.302300930023193,4.882099628448486,3.6133174896240234,-5.9299445152282715,15.700005531311035,15.50632095336914,15.351428985595703,-0.04969453811645508,0.13587097823619843,-1.151002287864685,0.27290773391723633,0.3997623920440674,2.7875618934631348,2.0493245124816895,-0.09850955009460449,-1.0234113931655884,6.743264198303223,5.770031929016113,5.364349365234375,4.266467094421387
861,-5.319032669067383,-0.2857283353805542,3.0909929275512695,-0.09929036349058151,5.449617862701416,3.729909658432007,-3.332487106323242,-1.2149556875228882,2.0158092975616455,1.9957202672958374,4.417755603790283,13.021437644958496,4.960506916046143,-13.3554105758667,-2.0430667400360107,-0.14144696295261383,11.50333023071289,6.9379448890686035,1.2564393281936646,-6.562371253967285,15.578475952148438,15.641867637634277,15.521689414978027,0.033168725669384,-1.1826218366622925,0.07927603274583817,0.6299547553062439,-0.08255551755428314,2.419570207595825,0.9175295829772949,-0.721312403678894,-0.18206049501895905,6.624056816101074,5.958683013916016,5.4493231773376465,2.7189369201660156
862,-4.864430904388428,7.715411186218262,0.24668718874454498,-3.6140031814575195,4.4900431632995605,0.2732716500759125,-3.3405134677886963,0.1913200318813324,2.036414861679077,2.04341721534729,4.342217445373535,3.6843178272247314,-0.1252356469631195,-7.441667079925537,-1.7807984352111816,-0.935157299041748,12.888008117675781,6.5570478439331055,-0.765606164932251,-6.8373284339904785,15.670493125915527,15.627017974853516,15.539952278137207,0.026087716221809387,-1.0075141191482544,1.7918461561203003,-0.05260109156370163,-0.8736621737480164,2.1541380882263184,-0.09466102719306946,-0.677949845790863,0.09585796296596527,6.463174819946289,6.240218639373779,5.779815673828125,0.38093534111976624
863,-5.930553436279297,8.080193519592285,-1.6967443227767944,0.18309617042541504,3.6310956478118896,-0.7844304442405701,-5.102522373199463,3.8640499114990234,2.028308153152466,2.0599489212036133,3.996325731277466,-3.568488836288452,-4.401546001434326,-1.817103385925293,-2.252833127975464,-1.4420181512832642,12.728232383728027,5.166492938995361,-3.191760540008545,-1.2936009168624878,15.695034980773926,15.610770225524902,15.551810264587402,-15.712695121765137,-1.7488174438476562,1.960921287536621,-0.4438028931617737,0.18039070069789886,1.4745001792907715,-0.16991418600082397,-1.2005056142807007,0.877225935459137,6.779195785522461,6.363872528076172,4.788284778594971,-6.065337657928467
864,-5.4724578857421875,7.5960845947265625,-2.567411422729492,0.2880593240261078,2.7680907249450684,-1.6260238885879517,-5.547019004821777,4.201619625091553,2.079982280731201,2.014090061187744,4.230656147003174,-4.401932239532471,-7.415613651275635,2.6272547245025635,-0.3629845082759857,-1.3064844608306885,11.588506698608398,3.3301239013671875,-5.301741123199463,-0.4304264187812805,15.677691459655762,15.700002670288086,15.257882118225098,-15.703936576843262,-1.873043179512024,2.2143962383270264,-0.5654200911521912,0.058138832449913025,0.9358459115028381,-0.317287802696228,-1.3631726503372192,0.8404728174209595,7.029296875,6.243372917175293,4.3547892570495605,-6.27637243270874
865,-5.025543689727783,6.849881172180176,-3.347686290740967,0.5356166362762451,0.9959717988967896,-1.0182267427444458,-6.971542835235596,4.336856365203857,2.0469565391540527,2.018763542175293,15.766883850097656,-4.347857475280762,-8.482353210449219,6.8889594078063965,-0.31520965695381165,-0.5104953646659851,9.738435745239258,2.1053853034973145,-2.9715499877929688,0.73247891664505,15.69999885559082,15.699970245361328,-0.030271440744400024,-15.628778457641602,-1.8123337030410767,2.5362799167633057,-0.7088122963905334,0.1121513694524765,0.19182536005973816,-0.16843608021736145,-1.5683863162994385,0.8948416113853455,7.0980377197265625,6.53478479385376,3.6612308025360107,-5.961057186126709
866,-5.3967061042785645,6.258481025695801,-3.2504818439483643,0.15072327852249146,-3.120028018951416,-1.304609775543213,-5.209688663482666,6.329855918884277,2.040353536605835,2.0330748558044434,11.190083503723145,-4.208016395568848,-9.61677360534668,9.727400779724121,0.03763124346733093,0.18720462918281555,6.565742015838623,0.9643381834030151,-4.965778350830078,2.848552703857422,15.699408531188965,15.667085647583008,0.06594447791576385,-15.59747314453125,-2.374544620513916,3.2485971450805664,-0.6482640504837036,0.015947863459587097,-0.6699768304824829,-0.2615984380245209,-1.1733522415161133,1.480560541152954,6.916764736175537,6.726778030395508,2.226240396499634,-5.201096534729004
867,-4.223975658416748,5.301537036895752,-3.4466426372528076,0.2135625183582306,-3.8801028728485107,-0.8441164493560791,-4.625951290130615,3.9910852909088135,2.0612235069274902,2.0532474517822266,8.749125480651855,-4.242774963378906,-10.304167747497559,11.68936538696289,-0.1264757663011551,0.73917555809021,3.5860440731048584,0.23050521314144135,-6.6412200927734375,4.509863376617432,15.623848915100098,15.651979446411133,0.0007933042943477631,-15.64205265045166,-1.4586901664733887,2.5308499336242676,-0.7071926593780518,0.04570339620113373,-0.7341365218162537,-0.15003961324691772,-1.156541109085083,0.8394216895103455,6.68487024307251,6.729553699493408,1.7302825450897217,-5.310502529144287
868,-3.1487791538238525,4.4957685470581055,-2.767686367034912,0.2660701274871826,-4.4471821784973145,-1.6692060232162476,-2.7130284309387207,3.0765929222106934,2.0287587642669678,2.023282289505005,4.016671657562256,-4.186861515045166,-10.463495254516602,13.112979888916016,-0.189809650182724,1.4056066274642944,0.9867157340049744,-0.6409677267074585,-7.748249530792236,5.871224880218506,15.686248779296875,15.67507266998291,0.020731810480356216,-15.652666091918945,-0.9857137203216553,2.127908945083618,-0.5337733626365662,0.05748622119426727,-0.9308500289916992,-0.37389039993286133,-0.6363551020622253,0.7165480256080627,6.473130226135254,6.662789344787598,0.6267585158348083,-5.216643333435059
869,-1.4321280717849731,3.6477444171905518,-2.7306244373321533,-0.09299542754888535,-4.4827494621276855,-1.5458626747131348,1.1807185411453247,0.6875107884407043,2.0352256298065186,2.0220940113067627,-3.3988707065582275,-4.224974632263184,-10.026396751403809,14.19897747039795,0.07080666720867157,1.814191460609436,-1.1502017974853516,-1.3253298997879028,-3.054784059524536,6.108377456665039,15.682798385620117,15.681045532226562,-15.597153663635254,-15.591094017028809,-0.3397769331932068,1.597856044769287,-0.5463368892669678,-0.03157640993595123,-1.0019344091415405,-0.3201323449611664,0.39249271154403687,0.06336952745914459,6.120177745819092,6.56715202331543,-5.276533126831055,-5.281318187713623
870,0.10459678620100021,2.3674938678741455,-2.8069076538085938,-1.088989496231079,-5.912445068359375,-1.7825618982315063,3.0901005268096924,-0.5529486536979675,2.0293169021606445,2.017503023147583,-4.538257122039795,-4.373439788818359,-9.027352333068848,14.253905296325684,-0.19189858436584473,1.2646459341049194,1.3166453838348389,-1.885111689567566,-2.6723740100860596,5.537323474884033,-0.00043793494114652276,15.700377464294434,-15.200953483581543,-15.551913261413574,0.101893350481987,0.8735671639442444,-0.5681001543998718,-0.24352122843265533,-1.7173041105270386,-0.39309975504875183,0.6333050727844238,-0.1428212970495224,6.276162624359131,6.74687385559082,-5.895339012145996,-5.678107261657715
871,2.784700632095337,0.9344412088394165,-2.4113149642944336,-0.6785287261009216,-6.6881794929504395,-3.292543888092041,3.678696632385254,-2.1373937129974365,7.781649112701416,2.038010358810425,-4.716154098510742,-4.374270915985107,-8.259089469909668,13.490452766418457,-0.04191172122955322,1.1618298292160034,-1.055828332901001,1.8034887313842773,-1.8832801580429077,3.7413790225982666,-0.00022241013357415795,-0.0007615089416503906,-15.385608673095703,-15.498998641967773,0.5271196961402893,0.25528037548065186,-0.46524500846862793,-0.11517579853534698,-1.6997278928756714,-0.8299458026885986,0.7110298275947571,-0.4233972728252411,2.0846450328826904,5.95345401763916,-5.807456016540527,-5.44957971572876
872,2.240851640701294,-1.5947370529174805,-0.1412704437971115,-2.3518662452697754,-5.629858493804932,-4.900750637054443,1.786180019378662,-1.7033699750900269,7.201923847198486,8.186906814575195,-4.666141986846924,-4.128917694091797,-7.795258522033691,13.119880676269531,-0.32847726345062256,0.33191150426864624,-3.137314796447754,0.5956496000289917,-1.8574656248092651,1.689244031906128,-0.00024841129197739065,0.0008038587402552366,-15.273955345153809,-15.52492904663086,0.3442823588848114,-0.33343586325645447,0.057467468082904816,-0.522092342376709,-1.4070786237716675,-1.0995841026306152,0.2716914415359497,-0.3023722469806671,1.8685178756713867,2.407109022140503,-5.562384128570557,-4.62736177444458
873,2.8719887733459473,-4.322305202484131,1.8015110492706299,-2.353236675262451,-3.9052093029022217,-4.176985740661621,2.3877511024475098,-0.6639575362205505,4.343436241149902,8.496784210205078,-4.424582004547119,-3.5728368759155273,-7.199355125427246,12.001677513122559,-0.10758829116821289,-0.31724420189857483,-4.664438724517822,-0.6005634069442749,-1.6444158554077148,0.2245258241891861,-0.00015483543393202126,0.00024926464539021254,-15.625313758850098,-15.548978805541992,0.4919186532497406,-0.7149999141693115,0.4332720935344696,-0.4729563593864441,-0.9067283868789673,-0.8755841255187988,0.474079966545105,-0.09408842027187347,0.8071571588516235,2.979279041290283,-5.6304850578308105,-3.7210638523101807
874,4.452667236328125,-5.840556621551514,1.9622217416763306,-2.625863790512085,-2.4712884426116943,-3.6498377323150635,2.7689454555511475,1.4888577461242676,-4.721529006958008,7.9577107429504395,-4.276695251464844,-2.8601608276367188,-5.335506439208984,10.728841781616211,0.5731365084648132,-0.617946445941925,-1.7565313577651978,-1.7985093593597412,-1.2705315351486206,0.5384926795959473,-13.44660472869873,-0.0002158528077416122,-15.69250202178955,-15.656535148620605,0.8422375917434692,-0.9714113473892212,0.4037153124809265,-0.5464276075363159,-0.5116123557090759,-0.7914921045303345,0.5446247458457947,0.3819868862628937,-2.7725675106048584,2.3100976943969727,-5.6409592628479,-2.7367141246795654
875,5.245575904846191,-8.332094192504883,2.3607325553894043,-2.7940685749053955,2.1701643466949463,-2.4349355697631836,3.417201519012451,1.4113686084747314,-1.9329564571380615,-0.42220166325569153,-4.4471235275268555,-10.592643737792969,-3.9218201637268066,4.821530342102051,1.9576151371002197,-0.32472938299179077,-1.0491728782653809,-2.889364719390869,-0.15853434801101685,2.3896706104278564,-15.524186134338379,-1.525323748588562,-15.258785247802734,-0.06779689341783524,1.037466287612915,-1.6985834836959839,0.5069239139556885,-0.5706035494804382,0.6268277168273926,-0.4927861988544464,0.6958929896354675,0.29601266980171204,-6.952481746673584,-0.4102374017238617,-5.83967399597168,-2.159147024154663
876,4.604162693023682,-4.168745517730713,2.285740852355957,-2.6946239471435547,2.2891857624053955,2.5899314880371094,1.7241692543029785,2.2699084281921387,-2.002748966217041,-2.131885051727295,-4.22702693939209,-1.6967155933380127,-3.075232744216919,0.6015355587005615,1.7263028621673584,-1.7753695249557495,-1.1686854362487793,1.214147925376892,-0.19216790795326233,4.1050848960876465,-15.689525604248047,-15.572641372680664,-15.611573219299316,0.042588964104652405,0.8942111730575562,-0.6903948783874512,0.5070657134056091,-0.5436979532241821,0.45583924651145935,0.7837059497833252,0.2830277681350708,0.553748607635498,-6.886063098907471,-6.6197943687438965,-5.180460453033447,-0.0022473298013210297
877,3.9850082397460938,-4.970450401306152,3.1059539318084717,0.2721286118030548,1.1416144371032715,1.3564293384552002,0.20603232085704803,2.7368898391723633,-2.018474817276001,-1.9683458805084229,-4.106528282165527,6.315643787384033,-2.2191717624664307,-1.8936251401901245,2.0139288902282715,-0.9691405296325684,-1.76506507396698,0.7666122913360596,-1.2088291645050049,6.042729377746582,-15.700023651123047,-15.647346496582031,-15.682348251342773,15.711169242858887,0.7530359029769897,-1.2222696542739868,0.692767322063446,0.16599510610103607,0.17508944869041443,0.23281320929527283,-0.017662152647972107,0.6977719664573669,-7.15354585647583,-7.4067277908325195,-5.08272647857666,8.8797025680542
878,3.307180166244507,-1.8708010911941528,2.7595202922821045,-0.021398359909653664,2.157912254333496,0.6099446415901184,1.5029983520507812,1.2310229539871216,-2.0451653003692627,-2.04518723487854,-3.9297635555267334,3.981879234313965,-1.0650904178619385,-1.9012128114700317,3.098177909851074,0.3442666530609131,-1.9725888967514038,0.3370000123977661,-1.3167616128921509,5.358364105224609,-15.67058277130127,-15.659092903137207,-15.63088321685791,15.699597358703613,0.6349186897277832,-0.2784528434276581,0.6031712889671326,-0.015044644474983215,0.451060026884079,0.0948118269443512,0.3361109495162964,0.23802287876605988,-6.885204315185547,-6.609532356262207,-4.498565673828125,4.8013916015625
879,3.423340320587158,-2.825734853744507,2.8280887603759766,-0.32511818408966064,1.4461383819580078,1.6046968698501587,0.13006840646266937,0.5163284540176392,-2.0328168869018555,-2.0335280895233154,-3.3685407638549805,4.012088298797607,-0.06429782509803772,-2.7873013019561768,3.8572022914886475,0.6945562958717346,-2.4784419536590576,0.09305734932422638,-2.110030174255371,4.044408798217773,-15.658129692077637,-15.654875755310059,-15.617013931274414,15.691296577453613,0.71282559633255,-0.6824265122413635,0.6498708724975586,-0.07519300282001495,0.24498823285102844,0.36554959416389465,-0.02554507553577423,0.0874907523393631,-7.076746940612793,-6.6264495849609375,-3.4696333408355713,4.986320972442627
880,4.7001752853393555,-2.5402939319610596,2.300607442855835,-0.725689709186554,2.66142201423645,2.0468244552612305,0.7318087220191956,-0.9090865254402161,-2.0354855060577393,-2.0413975715637207,-2.594254493713379,3.941242218017578,1.4517264366149902,-3.7101635932922363,4.12982702255249,0.6720898151397705,-2.6521501541137695,0.052067000418901443,-2.3607144355773926,2.0627636909484863,-15.663023948669434,-15.644649505615234,-15.587786674499512,15.710311889648438,1.1415005922317505,-0.5794737339019775,0.5129488110542297,-0.15665771067142487,0.5471897125244141,0.4344307482242584,0.1571778804063797,-0.21990720927715302,-6.962615966796875,-6.496232509613037,-2.3723013401031494,4.765538692474365
881,5.052184581756592,-2.768324851989746,2.3012890815734863,-1.3240324258804321,2.474917411804199,2.5118355751037598,2.1652188301086426,-1.6350798606872559,-2.0438671112060547,-2.037937879562378,-7.1188788414001465,3.928901195526123,3.494316577911377,-4.438486099243164,3.9758617877960205,0.4769223928451538,-2.809576988220215,0.2795022130012512,-0.5183069109916687,0.03401537239551544,-15.682076454162598,-15.648554801940918,-0.005873626098036766,15.691808700561523,1.3072704076766968,-0.6830873489379883,0.5245394110679626,-0.28278249502182007,0.456415593624115,0.5380738973617554,0.46824920177459717,-0.3449687659740448,-6.7479729652404785,-6.431299209594727,-1.2825000286102295,4.6076836585998535
882,4.827415943145752,-4.873039245605469,2.1200873851776123,-1.7762408256530762,1.4478648900985718,3.6251165866851807,4.5161333084106445,-0.6247211694717407,-2.0347118377685547,-2.0496675968170166,8.294745445251465,4.1102294921875,5.724752426147461,-5.9382734298706055,3.906055212020874,0.14580124616622925,-3.3785104751586914,1.0264308452606201,3.641787052154541,-1.1851168870925903,-15.661914825439453,-15.676745414733887,15.663585662841797,15.684611320495605,1.3410718441009521,-1.5690253973007202,0.48383522033691406,-0.36986368894577026,0.22725701332092285,0.8362586498260498,1.071988821029663,-0.0919443815946579,-6.3344950675964355,-6.0775065422058105,4.426381587982178,5.3153977394104
883,4.986282825469971,-2.1045079231262207,-1.751257061958313,-1.4831576347351074,-0.9384062886238098,-2.207440137863159,5.145451545715332,-0.6364414095878601,-2.016962766647339,-2.023890256881714,3.730544328689575,4.218653678894043,7.99692964553833,-7.125521183013916,1.9144569635391235,-0.34119242429733276,-5.465461254119873,-0.9544740319252014,6.659168720245361,-2.2220218181610107,-15.66317367553711,-15.667882919311523,15.683337211608887,15.689289093017578,1.6489170789718628,-0.4263608455657959,-0.473782479763031,-0.28828638792037964,-0.3142091929912567,-0.6915998458862305,1.3399147987365723,-0.1365443766117096,-5.662798881530762,-6.0988874435424805,4.655525207519531,5.5355119705200195
884,4.698724746704102,-4.850836277008057,-2.822518825531006,-0.12252219021320343,-3.296640396118164,-0.9903608560562134,4.792770862579346,-2.2186787128448486,-2.010610580444336,-2.020979166030884,4.101310729980469,4.356317520141602,10.528286933898926,-9.257597923278809,-0.5233074426651001,-0.2551773488521576,-9.113251686096191,-3.1249516010284424,8.38385009765625,-3.7315666675567627,-15.669869422912598,-15.669449806213379,15.67679500579834,15.669124603271484,1.767115831375122,-2.0206127166748047,-0.5991531610488892,0.027309074997901917,-1.1064814329147339,-0.17062050104141235,1.3297040462493896,-0.5624821186065674,-5.205173015594482,-5.78925895690918,5.287020683288574,5.926402568817139
885,4.488275527954102,-4.9545183181762695,-1.7466188669204712,0.14152498543262482,-3.2134504318237305,-2.1410059928894043,4.58199405670166,-2.4384307861328125,-2.140317916870117,-2.02004075050354,4.121971607208252,4.525056838989258,12.86278247833252,-11.569015502929688,-2.142634391784668,-0.09402237087488174,-12.376774787902832,-5.752897262573242,9.095584869384766,-5.175872325897217,-14.740569114685059,-15.691102981567383,15.675957679748535,15.63891887664795,2.066380500793457,-2.241666078567505,-0.3315218687057495,0.03824600577354431,-1.1639034748077393,-0.5751293897628784,1.3339372873306274,-0.5916162729263306,-4.424849987030029,-5.332000255584717,5.199521064758301,6.594114303588867
886,3.98555326461792,-4.6535444259643555,-0.7228243350982666,0.5564565062522888,-1.8912328481674194,-1.6238412857055664,3.3097004890441895,-2.875264883041382,-2.6503005027770996,-1.9949901103973389,4.107057571411133,4.610149383544922,15.176223754882812,-13.432086944580078,-2.8361029624938965,0.11158434301614761,-12.87040901184082,-7.622192859649658,8.6362886428833,-6.582640171051025,0.000270059157628566,-15.700090408325195,15.637277603149414,15.672676086425781,1.9993387460708618,-2.4694693088531494,-0.11840008944272995,0.12722615897655487,-0.6254615783691406,-0.41041579842567444,0.8829450011253357,-0.7482816576957703,-3.1957712173461914,-4.641208648681641,5.1335530281066895,6.563756465911865
887,3.275791883468628,-3.9762516021728516,-2.0642189979553223,1.3172261714935303,4.873960018157959,0.011357280425727367,1.9588630199432373,-2.4716861248016357,5.064056873321533,-1.9233198165893555,4.2490644454956055,4.333242416381836,16.674564361572266,-14.425078392028809,-3.6887428760528564,0.5133639574050903,-7.898003578186035,-7.420352935791016,7.419407367706299,-7.709822654724121,8.746816635131836,-15.508111000061035,15.644977569580078,15.692814826965332,1.7720516920089722,-1.9931427240371704,-0.5233553647994995,0.29600661993026733,1.090531826019287,0.08212867379188538,0.4579457640647888,-0.6412976384162903,3.207082986831665,-3.0266950130462646,5.567412376403809,5.628129482269287
888,2.7354471683502197,-3.605276346206665,-0.7487475872039795,-0.15799546241760254,7.68166971206665,2.39029860496521,1.1074570417404175,-2.6474862098693848,2.769418239593506,-6.86095666885376,4.336503982543945,4.208969593048096,16.178010940551758,-15.791023254394531,-3.994744300842285,0.46385297179222107,-0.1799497902393341,-4.816900253295898,5.992164134979248,-8.772582054138184,15.700007438659668,0.00016127200797200203,15.63620662689209,15.626173973083496,1.4121462106704712,-1.8857635259628296,-0.11682306975126266,-0.08776330947875977,2.039743661880493,0.4870466887950897,0.23816506564617157,-0.748496949672699,5.873073101043701,-1.6171555519104004,5.682837963104248,5.152206897735596
889,1.2996455430984497,-1.8442585468292236,2.1600990295410156,-0.3369560241699219,7.380656719207764,3.6791510581970215,-2.9678616523742676,-1.9668023586273193,2.0173258781433105,4.842116355895996,4.367995262145996,18.047086715698242,12.765061378479004,-16.481800079345703,-3.414400339126587,-0.5196645855903625,6.327303409576416,-0.8831506371498108,3.3568336963653564,-4.827844619750977,15.649209022521973,7.247897148132324,15.384416580200195,0.0358361080288887,0.36740586161613464,-0.7157906293869019,0.49248433113098145,-0.07540033757686615,3.1320228576660156,0.764094352722168,-0.6686736941337585,-0.4096684753894806,7.011346817016602,2.2298896312713623,5.608500003814697,4.707841873168945
890,-5.703120708465576,-0.718095064163208,2.051340103149414,1.5947375297546387,5.567544937133789,5.6147685050964355,-2.908658981323242,-2.0002522468566895,2.0466556549072266,3.371751546859741,4.3737359046936035,12.707030296325684,5.4274444580078125,-15.01077938079834,-2.5934650897979736,0.10958421230316162,11.123268127441406,4.7891435623168945,1.0948032140731812,-5.526230812072754,15.574392318725586,14.939436912536621,15.524003982543945,0.036444954574108124,-1.3121289014816284,-0.2115849107503891,0.37303152680397034,0.3908802270889282,2.3319578170776367,1.6371997594833374,-0.5511108040809631,-0.4888698160648346,6.4265828132629395,5.542948246002197,5.29665470123291,2.570573091506958
891,-4.908618927001953,7.795845031738281,0.05734133720397949,-3.7209339141845703,4.586353778839111,2.2319650650024414,-3.4990649223327637,-1.322799563407898,2.0195934772491455,2.0190415382385254,4.380133152008057,6.595789909362793,0.28455501794815063,-8.03604793548584,-2.15846586227417,-0.3966889977455139,12.833322525024414,7.0891852378845215,-0.9565808176994324,-6.253669738769531,15.687170028686523,15.64539623260498,15.593469619750977,0.029540829360485077,-0.9963816404342651,1.8072229623794556,-0.05857681483030319,-0.9564954042434692,2.2102670669555664,0.44796228408813477,-0.7356590628623962,-0.2999933063983917,6.643879413604736,5.7762370109558105,5.806962013244629,1.1059695482254028
892,-5.752283573150635,7.883141994476318,-1.1758277416229248,-0.7224571108818054,3.6811087131500244,1.3160974979400635,-5.310285568237305,2.9091451168060303,2.026057720184326,2.046363115310669,4.024423122406006,-3.501525640487671,-4.172613620758057,-1.818681240081787,-2.857220411300659,-1.413827896118164,12.732843399047852,7.3827972412109375,-3.467020273208618,-1.1714221239089966,15.70000171661377,15.638340950012207,15.696188926696777,-15.701683044433594,-1.632943034172058,1.826884388923645,-0.309147447347641,-0.03882424533367157,1.4998377561569214,0.3114280700683594,-1.2602781057357788,0.7319961786270142,6.657311916351318,6.210023880004883,4.785552978515625,-6.156953811645508
893,-5.525514602661133,7.4428181648254395,-2.2346551418304443,0.30904078483581543,2.9902353286743164,-0.6345147490501404,-5.5520172119140625,3.7823867797851562,2.017256736755371,2.0727806091308594,6.018681526184082,-4.09589958190918,-7.843631744384766,2.4743683338165283,-1.1896175146102905,-1.5951805114746094,11.588288307189941,5.889886379241943,-5.429294109344482,-0.4112025499343872,15.669096946716309,15.700010299682617,15.037104606628418,-15.61783504486084,-1.8851546049118042,2.2034544944763184,-0.5049007534980774,0.09927545487880707,1.0495671033859253,-0.19071045517921448,-1.3337788581848145,0.7753339409828186,6.921989440917969,6.2644853591918945,4.423981666564941,-6.312242031097412
894,-4.865290641784668,6.930129051208496,-2.779460906982422,0.24529214203357697,1.3462066650390625,-0.5965174436569214,-6.532794952392578,4.060560703277588,2.0364649295806885,2.0513744354248047,15.98302173614502,-4.3688483238220215,-8.732450485229492,7.277234077453613,-0.8236082196235657,-0.7151346206665039,9.929441452026367,4.4070048332214355,-3.058544874191284,0.617063045501709,15.687955856323242,15.700007438659668,0.08289196342229843,-15.645075798034668,-1.7698062658309937,2.6676220893859863,-0.5957114696502686,0.044415220618247986,0.31268540024757385,-0.1013229489326477,-1.4569841623306274,0.8429574370384216,7.0837225914001465,6.577557563781738,3.7598459720611572,-5.956789493560791
895,-5.212035179138184,6.21195650100708,-2.6217901706695557,-0.10193796455860138,-2.3488929271698,-1.190856695175171,-4.998297214508057,5.958376884460449,2.020660161972046,2.01684308052063,11.61658000946045,-4.182335376739502,-9.969243049621582,10.169743537902832,-0.37747299671173096,-0.35677194595336914,7.022301197052002,2.801693916320801,-4.928752422332764,2.4694430828094482,15.700018882751465,15.670008659362793,0.08369540423154831,-15.556387901306152,-2.312530994415283,3.2675938606262207,-0.5279978513717651,-0.033865585923194885,-0.5302249193191528,-0.23542460799217224,-1.1310338973999023,1.3722833395004272,6.878116130828857,6.745077133178711,2.3484621047973633,-5.267434597015381
896,-4.183155536651611,5.147850513458252,-2.683138608932495,0.06478620320558548,-3.664384603500366,-0.8170105218887329,-4.42408561706543,3.905719518661499,2.044186592102051,2.0248589515686035,9.144405364990234,-4.19512939453125,-10.462656021118164,12.376080513000488,-0.33819106221199036,0.02349938452243805,4.064126968383789,1.675551414489746,-6.468649387359619,4.003861427307129,15.622159004211426,15.661559104919434,0.000826958566904068,-15.59920597076416,-1.4538257122039795,2.5959677696228027,-0.5450491309165955,0.01932726800441742,-0.7001833319664001,-0.14116105437278748,-1.0998369455337524,0.8128239512443542,6.698161602020264,6.820229530334473,1.8232688903808594,-5.332061290740967
897,-3.171268939971924,4.248617172241211,-2.2554256916046143,0.4190997779369354,-4.346123695373535,-1.637631893157959,-2.736257791519165,3.0898687839508057,2.029613971710205,2.029794216156006,4.917473793029785,-4.205873012542725,-10.429483413696289,13.96735954284668,-0.08208057284355164,0.8609482645988464,1.4159220457077026,0.4473741352558136,-7.55136251449585,5.3123016357421875,15.676865577697754,15.681066513061523,0.0014369599521160126,-15.64813232421875,-0.9990819692611694,2.0730342864990234,-0.43802088499069214,0.09900800883769989,-0.8964651823043823,-0.35212427377700806,-0.6470077037811279,0.7083492875099182,6.523758411407471,6.780726909637451,0.8300027251243591,-5.29663610458374
898,-1.5957096815109253,3.337549924850464,-2.306682825088501,0.19083531200885773,-4.23327112197876,-1.5090417861938477,0.9996233582496643,0.822114884853363,2.027803897857666,2.017059326171875,-3.3212904930114746,-4.248582363128662,-9.996525764465332,15.015998840332031,0.0031131766736507416,1.4970117807388306,-0.7116750478744507,-0.4981828033924103,-2.918457269668579,5.601103782653809,15.67992115020752,15.699784278869629,-15.563776016235352,-15.60279369354248,-0.39797860383987427,1.5030423402786255,-0.45975226163864136,0.031006112694740295,-0.9137765169143677,-0.30254000425338745,0.3543092608451843,0.1005711704492569,6.195861339569092,6.733726501464844,-5.153071403503418,-5.349823951721191
899,-0.09371312707662582,2.1604673862457275,-2.3266983032226562,-0.7824955582618713,-5.851540565490723,-1.5746217966079712,2.91481876373291,-0.4628579616546631,2.030701160430908,2.017667293548584,-4.463254451751709,-4.427718639373779,-9.049951553344727,14.875219345092773,-0.07618256658315659,1.1699079275131226,1.6349165439605713,-1.2336758375167847,-2.6522531509399414,5.014097213745117,-0.0013737073168158531,15.699180603027344,-15.304325103759766,-15.604230880737305,0.05881621316075325,0.8189624547958374,-0.4698665142059326,-0.18673594295978546,-1.6650265455245972,-0.3320242762565613,0.602708637714386,-0.13181070983409882,6.375375747680664,7.000823020935059,-5.884702682495117,-5.733809947967529
900,2.7312798500061035,0.8199527263641357,-2.0450587272644043,-0.3348444998264313,-6.657000541687012,-3.08803653717041,3.6812620162963867,-2.1077499389648438,8.092719078063965,2.0397067070007324,-4.556085586547852,-4.3256516456604,-8.287025451660156,14.663492202758789,0.08756725490093231,1.2289034128189087,-0.6700856685638428,-2.2916512489318848,-1.820504069328308,3.298692464828491,-0.00022709270706400275,15.68230152130127,-15.437851905822754,-15.580589294433594,0.5240616798400879,0.22557081282138824,-0.3986741304397583,-0.047925129532814026,-1.6530414819717407,-0.757487416267395,0.7210741639137268,-0.4253257215023041,2.3201732635498047,6.296406269073486,-5.79148006439209,-5.488584995269775
901,1.736228108406067,0.5944991707801819,-1.2733407020568848,-0.7700871229171753,-4.648898124694824,-1.7068437337875366,2.626225709915161,-1.640984058380127,8.479377746582031,2.019575595855713,-4.426207542419434,-4.243304252624512,-7.8691606521606445,13.909810066223145,0.23971018195152283,1.4467651844024658,-2.379262924194336,1.9536867141723633,-1.3638404607772827,1.4818857908248901,-0.00023137993412092328,0.0022077560424804688,-15.605818748474121,-15.715961456298828,0.246824249625206,0.21255822479724884,-0.2245163917541504,-0.1637217253446579,-1.0089012384414673,-0.32354938983917236,0.46477335691452026,-0.2929786145687103,2.9720335006713867,5.981632232666016,-5.624129772186279,-5.202194690704346
902,4.7125139236450195,-4.729678630828857,0.5489316582679749,-2.541008949279785,-3.9911651611328125,-5.821063041687012,1.9901776313781738,-0.1566816121339798,3.1971089839935303,5.759685039520264,-4.332515716552734,-3.4411838054656982,-6.708688259124756,12.542964935302734,-0.021143868565559387,0.7383303046226501,-3.927684783935547,0.30077478289604187,-1.2644389867782593,0.2576903700828552,-0.00011079631804022938,6.256718188524246e-05,-15.526337623596191,-15.606389999389648,0.9154030084609985,-0.8881315588951111,0.1786210536956787,-0.55887770652771,-0.9527157545089722,-1.5377223491668701,0.35929179191589355,0.021612245589494705,0.44661661982536316,1.1452245712280273,-5.529691696166992,-3.527604818344116
903,4.277745723724365,-6.4491682052612305,2.0304911136627197,-3.082200050354004,-3.438063859939575,-4.1729888916015625,2.284442901611328,1.436193585395813,-4.71083927154541,6.738234996795654,-4.24505090713501,-2.9178831577301025,-5.09018611907959,10.559700012207031,0.2607700526714325,-0.12380331754684448,-1.159839391708374,-1.1564769744873047,-1.1030644178390503,0.5758167505264282,-14.190953254699707,-0.0001886556565295905,-15.687444686889648,-15.64351749420166,0.7440414428710938,-1.0974994897842407,0.4641994833946228,-0.6365034580230713,-0.7702592015266418,-0.8511596918106079,0.45170682668685913,0.35123875737190247,-3.641798734664917,1.7900795936584473,-5.551922798156738,-2.8358211517333984
904,5.394294738769531,-8.178841590881348,2.5159451961517334,-3.073364734649658,1.5415679216384888,-3.0929343700408936,3.149477243423462,1.2041511535644531,-1.9608792066574097,-3.7240657806396484,-4.450921535491943,-11.013490676879883,-3.6112027168273926,2.46490216255188,1.8063502311706543,-0.3846406936645508,-0.8898839354515076,-0.4939776062965393,-0.08992147445678711,2.2862398624420166,-15.46338176727295,-9.00115966796875,-15.09223461151123,-0.007453568279743195,1.0997215509414673,-1.6196978092193604,0.5378017425537109,-0.6116163730621338,0.5117190480232239,-0.646432638168335,0.651360809803009,0.24472124874591827,-7.058903694152832,-1.3337656259536743,-5.741019248962402,-2.273045063018799
905,4.4353814125061035,-2.124079942703247,2.3269944190979004,-3.4183642864227295,2.1913933753967285,1.2839430570602417,0.17632955312728882,1.2420161962509155,-2.0048015117645264,-1.8368785381317139,-4.1803460121154785,-3.617323875427246,-2.136563301086426,0.7210071682929993,2.204700231552124,-1.2824125289916992,-1.2803630828857422,1.1011931896209717,-1.2146954536437988,2.941009283065796,-15.700031280517578,-15.564268112182617,-15.645646095275879,0.04452138394117355,0.8621158599853516,-0.23959921300411224,0.5097333192825317,-0.7072113752365112,0.4554552137851715,0.4533137381076813,-0.07571765780448914,0.27578943967819214,-6.809381008148193,-7.287934303283691,-5.104162216186523,-0.4447411298751831
906,3.492098569869995,-5.320258617401123,2.807020664215088,0.3114967942237854,2.0907156467437744,0.5512049794197083,-0.7460166811943054,2.7083027362823486,-2.0161798000335693,-1.9972134828567505,-4.112032890319824,6.876623630523682,-2.0626931190490723,-1.5803481340408325,1.9922598600387573,-0.5442969799041748,-1.3165799379348755,0.30330297350883484,-2.746044635772705,5.119767189025879,-15.70001220703125,-15.672914505004883,-15.636996269226074,15.58650016784668,0.65008944272995,-1.4450448751449585,0.6226239800453186,0.20330871641635895,0.40204524993896484,0.08306008577346802,-0.1970878690481186,0.6977513432502747,-7.1752495765686035,-7.417032718658447,-5.143833637237549,10.007712364196777
907,3.0741610527038574,-2.323697328567505,2.9993274211883545,-0.2825637459754944,0.9762348532676697,0.13302147388458252,1.896647334098816,1.311476469039917,-2.0471229553222656,-2.0349059104919434,-3.9505786895751953,3.9763383865356445,-1.1799689531326294,-2.489448070526123,2.9249305725097656,0.028687939047813416,-1.878921389579773,-0.47822827100753784,-2.6702558994293213,4.7194600105285645,-15.654762268066406,-15.643692016601562,-15.584868431091309,15.707571029663086,0.5872589945793152,-0.3959214687347412,0.6675788760185242,-0.07945175468921661,0.1448792815208435,0.010118812322616577,0.4434196949005127,0.2554979622364044,-7.025636196136475,-6.5735979080200195,-4.661811828613281,4.790375232696533
908,3.668846368789673,-2.574444055557251,2.774681806564331,-0.30927443504333496,0.6843001246452332,2.173349380493164,0.31785985827445984,0.40396106243133545,-2.0354092121124268,-2.0375959873199463,-3.44895601272583,3.9606893062591553,0.20007476210594177,-3.113187789916992,3.7846148014068604,0.6769792437553406,-2.8236348628997803,-0.5997433662414551,-3.2041077613830566,3.448103666305542,-15.669638633728027,-15.649152755737305,-15.627105712890625,15.724930763244629,0.7872726917266846,-0.6046514511108398,0.6181861162185669,-0.06224198639392853,0.11599757522344589,0.5150333642959595,0.003176376223564148,0.051450032740831375,-7.155802249908447,-6.572698593139648,-3.5437848567962646,4.901446342468262
909,4.564944267272949,-2.574437141418457,2.3048176765441895,-0.825950026512146,2.0141103267669678,2.568206548690796,0.7393547296524048,-0.675441324710846,-2.0405092239379883,-2.033932685852051,-2.5850815773010254,3.934886932373047,1.8217451572418213,-3.8984427452087402,4.056112289428711,0.7014600038528442,-3.310049057006836,-0.42484062910079956,-3.286874771118164,1.719335913658142,-15.646742820739746,-15.655000686645508,-15.62024211883545,15.710233688354492,1.1020374298095703,-0.6046112775802612,0.51643306016922,-0.18022866547107697,0.4173966646194458,0.5340204238891602,0.1476372331380844,-0.16597972810268402,-7.014448642730713,-6.456861972808838,-2.37460994720459,4.781910419464111
910,4.90786600112915,-2.863558769226074,2.347430944442749,-1.4876682758331299,2.149526596069336,2.8390374183654785,2.214704990386963,-1.3084722757339478,-2.028329849243164,-2.022355556488037,-7.134322643280029,3.9046387672424316,3.790614128112793,-4.719045639038086,3.842899799346924,0.4140748679637909,-3.644592523574829,-0.05261974409222603,-1.3763772249221802,-0.09912800788879395,-15.646141052246094,-15.647298812866211,0.028409535065293312,15.707744598388672,1.2841933965682983,-0.7145620584487915,0.5368260145187378,-0.3164523243904114,0.3955840468406677,0.594488263130188,0.46690070629119873,-0.279493123292923,-6.739949703216553,-6.367083549499512,-1.2825329303741455,4.653504371643066
911,4.821124076843262,-4.848344802856445,2.216231346130371,-2.088599681854248,1.3283222913742065,3.7742936611175537,4.705612659454346,-0.4717768728733063,-2.024942636489868,-2.0477631092071533,8.289153099060059,4.080750942230225,5.910437107086182,-6.251900672912598,3.7371153831481934,-0.09861520677804947,-4.223362445831299,0.8083889484405518,2.9334471225738525,-1.240846037864685,-15.665881156921387,-15.646078109741211,15.710142135620117,15.716883659362793,1.3622044324874878,-1.5812627077102661,0.504248321056366,-0.44081801176071167,0.20705963671207428,0.8566052913665771,1.088725209236145,-0.06671865284442902,-6.292138576507568,-5.994654178619385,4.460524559020996,5.361932277679443
912,4.9479522705078125,-2.0609538555145264,-1.6338499784469604,-1.413195252418518,-1.0022618770599365,-2.3187644481658936,5.453672409057617,-0.1414632946252823,-2.0165610313415527,-2.025733470916748,3.7168679237365723,4.2253522872924805,8.178186416625977,-7.35543155670166,1.8102668523788452,-0.5106523036956787,-6.26661491394043,-1.2620364427566528,6.401863098144531,-2.041236400604248,-15.698334693908691,-15.675562858581543,15.725401878356934,15.716469764709473,1.6546107530593872,-0.4160888195037842,-0.4523194432258606,-0.2610020041465759,-0.33662065863609314,-0.7320164442062378,1.4032227993011475,-0.01724354550242424,-5.59352970123291,-5.984713077545166,4.655974864959717,5.62907075881958
913,4.703445911407471,-4.841082572937012,-2.672189235687256,-0.15813568234443665,-3.278266668319702,-0.9616725444793701,5.060646057128906,-2.0517187118530273,-2.0208418369293213,-2.0281131267547607,4.067101001739502,4.324464321136475,10.66678524017334,-9.372176170349121,-0.6008774042129517,-0.3869985044002533,-9.804283142089844,-3.422408103942871,8.402836799621582,-3.47383713722229,-15.678324699401855,-15.66844367980957,15.682208061218262,15.682967185974121,1.792362093925476,-2.063483715057373,-0.5702943205833435,0.016128361225128174,-1.1433342695236206,-0.16117271780967712,1.402491807937622,-0.533959686756134,-5.202373027801514,-5.668217658996582,5.2693071365356445,6.038425445556641
914,4.46017599105835,-4.947929859161377,-1.6044286489486694,0.21416863799095154,-3.0972306728363037,-2.1308753490448,4.736214637756348,-2.326603651046753,-2.224703073501587,-2.017381191253662,4.112765312194824,4.552695274353027,12.970909118652344,-11.669072151184082,-2.190002679824829,-0.19873425364494324,-12.908732414245605,-6.016933441162109,9.223706245422363,-4.88267183303833,-14.501160621643066,-15.695268630981445,15.6751708984375,15.629045486450195,2.058270215988159,-2.2606399059295654,-0.3019654154777527,0.056662723422050476,-1.1495753526687622,-0.5800018310546875,1.3839898109436035,-0.5605165958404541,-4.381222724914551,-5.185328483581543,5.175045490264893,6.672953128814697
915,3.9484708309173584,-4.62273645401001,-0.52112877368927,0.536863386631012,-1.6873496770858765,-1.6293070316314697,3.395379066467285,-2.746227741241455,-4.192721366882324,-1.991365671157837,4.071671962738037,4.612954616546631,15.475533485412598,-13.254451751708984,-2.5516927242279053,0.17012588679790497,-13.067681312561035,-7.814786911010742,8.77851390838623,-6.246566295623779,0.00021841813577339053,-15.643304824829102,15.744915962219238,15.690810203552246,1.9901937246322632,-2.437119960784912,-0.07132145017385483,0.11956131458282471,-0.5435943603515625,-0.4169705808162689,0.9093068242073059,-0.7054701447486877,-3.080146551132202,-4.343392372131348,5.114252090454102,6.568634510040283
916,3.2167205810546875,-3.914914608001709,-2.266604423522949,1.2560396194458008,4.743651390075684,0.3123496472835541,2.176346778869629,-2.252730131149292,4.9334611892700195,-1.9073691368103027,4.298196792602539,4.390025615692139,16.988632202148438,-14.340972900390625,-3.510357618331909,0.6693282127380371,-8.053910255432129,-7.213845252990723,7.551283836364746,-7.374663352966309,8.539641380310059,0.0019704103469848633,15.696226119995117,15.597384452819824,1.677503228187561,-1.9452366828918457,-0.588161289691925,0.2802164554595947,1.0424715280532837,0.14039993286132812,0.5298375487327576,-0.5675597190856934,2.851811408996582,-2.6414530277252197,5.550755023956299,5.670670986175537
917,2.7513439655303955,-3.5829875469207764,1.6349252462387085,-1.1741483211517334,8.144803047180176,5.8432793617248535,-1.5316241979599,-3.3841845989227295,2.8376529216766357,5.545794486999512,4.384899139404297,4.209011077880859,16.006484985351562,-15.987237930297852,-3.1296496391296387,0.09505662322044373,0.28145742416381836,-2.016871452331543,5.15933084487915,-8.629919052124023,15.665628433227539,8.29558277130127,15.702752113342285,15.75352954864502,1.4152263402938843,-2.0167746543884277,0.4456397294998169,-0.32562685012817383,2.3859219551086426,1.400087594985962,-0.4149521589279175,-0.9978980422019958,5.954220294952393,4.306425094604492,5.416043281555176,4.8781657218933105
918,1.0895262956619263,-2.5942492485046387,1.1230086088180542,1.2917063236236572,7.201391696929932,6.800262451171875,-0.6187523007392883,-4.465543270111084,2.0129852294921875,3.023284673690796,4.2689738273620605,17.05002212524414,12.575764656066895,-15.419408798217773,-2.6432738304138184,-0.26434770226478577,6.636611461639404,4.385004043579102,3.366699695587158,-5.409243583679199,15.699996948242188,15.549650192260742,15.34492015838623,-0.0731167271733284,0.2654244601726532,-1.1596828699111938,0.18879210948944092,0.34763002395629883,2.8611249923706055,2.120407819747925,-0.08153706789016724,-1.0973533391952515,6.704713821411133,5.780029296875,5.422114849090576,4.192722797393799
919,-5.669917583465576,0.40944868326187134,2.5961244106292725,0.056364767253398895,5.65907621383667,4.192429065704346,-3.23260498046875,-1.5998706817626953,2.0168097019195557,1.9972505569458008,4.434544086456299,12.937956809997559,4.856836318969727,-13.182307243347168,-1.950679063796997,-0.2288745939731598,11.429672241210938,7.074978351593018,1.0684044361114502,-6.188294887542725,15.612606048583984,15.645723342895508,15.527923583984375,0.02616502344608307,-1.3032633066177368,0.27744030952453613,0.534988522529602,-0.035171911120414734,2.5721466541290283,1.0830570459365845,-0.7014421820640564,-0.27349853515625,6.6337738037109375,5.950076580047607,5.4798736572265625,2.7014248371124268
920,-4.605627059936523,7.982992172241211,-0.2313053011894226,-3.7349679470062256,4.6266069412231445,0.7689604163169861,-3.3723251819610596,-0.13895148038864136,2.034313678741455,2.0453128814697266,4.343664646148682,3.0933094024658203,-0.18132124841213226,-6.738943099975586,-1.8572112321853638,-1.0598773956298828,12.996021270751953,7.2100090980529785,-0.9156198501586914,-6.576805591583252,15.646299362182617,15.636222839355469,15.538097381591797,0.03539305180311203,-0.9241262674331665,1.8713679313659668,-0.14963242411613464,-0.9119347929954529,2.334056854248047,0.04273352026939392,-0.6931325197219849,0.03383289650082588,6.515084266662598,6.231560230255127,5.813967227935791,0.2430434226989746
921,-5.828776836395264,7.892805576324463,-1.645246982574463,0.3078559935092926,3.774507999420166,-0.26466697454452515,-4.973728656768799,3.50406813621521,2.0283634662628174,2.0607473850250244,4.019408226013184,-3.588618040084839,-4.526307582855225,-1.1158660650253296,-2.5263864994049072,-1.590264081954956,12.958197593688965,6.091257095336914,-3.329012393951416,-1.1424446105957031,15.685773849487305,15.622254371643066,15.699816703796387,-15.698439598083496,-1.7209569215774536,1.9219201803207397,-0.41368556022644043,0.2133641093969345,1.5961791276931763,-0.09028826653957367,-1.169547438621521,0.8113358616828918,6.80773401260376,6.341368198394775,4.8456878662109375,-6.04956579208374
922,-5.5423126220703125,7.241639137268066,-2.3827579021453857,0.2769258916378021,2.9348766803741455,-1.5989291667938232,-5.323832988739014,4.105836391448975,2.0359976291656494,2.042022466659546,3.848747491836548,-4.349678039550781,-7.766397476196289,3.034547805786133,-0.7362635135650635,-1.1341774463653564,11.777202606201172,4.008427619934082,-4.7511820793151855,-0.33872607350349426,15.700048446655273,15.539498329162598,12.787689208984375,-15.973896026611328,-1.8500829935073853,2.1908788681030273,-0.5645145177841187,0.051707372069358826,1.0353645086288452,-0.3200036585330963,-1.3168004751205444,0.8355271220207214,7.048105716705322,6.260775089263916,4.416734218597412,-6.270002365112305
923,-4.8501973152160645,6.897031307220459,-2.5908780097961426,-0.4633883833885193,1.1597024202346802,-1.342385172843933,-7.225490093231201,4.203786373138428,2.0271682739257812,2.0429420471191406,15.075063705444336,-4.332359313964844,-9.017667770385742,6.896892547607422,-0.91055828332901,-0.9084625244140625,9.873931884765625,2.5132269859313965,-3.2173104286193848,0.8160858750343323,15.700013160705566,15.691295623779297,0.05194295197725296,-15.515034675598145,-1.7466906309127808,2.6716012954711914,-0.5346744656562805,-0.12528176605701447,0.23997849225997925,-0.23792681097984314,-1.668716549873352,0.8680478930473328,7.047280788421631,6.664755821228027,3.4363491535186768,-5.915164470672607
924,-4.9708170890808105,6.351423263549805,-2.7797224521636963,0.03271326795220375,-2.5802345275878906,-1.4898601770401,-4.444465160369873,5.707271099090576,2.0606143474578857,2.0206241607666016,11.223731994628906,-4.1622443199157715,-10.218428611755371,9.540555000305176,-0.766797661781311,-0.7706748247146606,6.833028316497803,1.1821508407592773,-4.929019927978516,2.6253502368927,15.700013160705566,15.641685485839844,0.08328711986541748,-15.614041328430176,-2.1116042137145996,3.236797571182251,-0.5850595831871033,0.025913402438163757,-0.5661128759384155,-0.2908979654312134,-0.9451412558555603,1.3081613779067993,6.9028544425964355,6.777997016906738,2.268296718597412,-5.139245986938477
925,-3.878859043121338,5.3050618171691895,-2.48268461227417,0.13147979974746704,-3.7856884002685547,-1.1188066005706787,-4.277199745178223,4.0168890953063965,2.039107084274292,2.036989688873291,8.750288009643555,-4.182589530944824,-10.448238372802734,11.776619911193848,-0.5357335209846497,-0.1835213154554367,3.8050551414489746,0.2546895146369934,-6.439937114715576,4.193477153778076,15.641462326049805,15.69139289855957,0.029575109481811523,-15.639538764953613,-1.3072174787521362,2.548265218734741,-0.4968058466911316,0.029586240649223328,-0.7252615094184875,-0.20770129561424255,-1.077197551727295,0.8599732518196106,6.689765453338623,6.7739577293396,1.7324650287628174,-5.254439830780029
926,-2.916966199874878,4.401899814605713,-2.3039207458496094,0.4509536027908325,-4.398707866668701,-1.7313604354858398,-2.3954970836639404,3.0416324138641357,2.0229079723358154,2.029923439025879,3.7898712158203125,-4.154491424560547,-10.342785835266113,13.31868839263916,-0.2607552409172058,0.6395742297172546,1.1772730350494385,-0.639228880405426,-7.382281303405762,5.529491901397705,15.683968544006348,15.680231094360352,0.021222926676273346,-15.643743515014648,-0.8983850479125977,2.059556245803833,-0.45942336320877075,0.10337977111339569,-0.9143600463867188,-0.37866485118865967,-0.5434917211532593,0.6958602070808411,6.4644775390625,6.676632404327393,0.5716797709465027,-5.214575290679932
927,-1.291786551475525,3.4637045860290527,-2.5237903594970703,0.1121763065457344,-4.514732360839844,-1.5501435995101929,1.3271015882492065,0.6562353372573853,2.0286319255828857,2.0179977416992188,-3.413231372833252,-4.220823764801025,-9.808213233947754,14.375935554504395,0.10118840634822845,1.1935169696807861,-1.0098463296890259,-1.3001844882965088,-2.6626439094543457,5.76120662689209,15.661821365356445,15.665555953979492,-15.472914695739746,-15.60523509979248,-0.29495275020599365,1.505673885345459,-0.5126791000366211,0.010243162512779236,-1.0086342096328735,-0.31905362010002136,0.41034412384033203,0.054457057267427444,6.133370876312256,6.582222938537598,-5.292488098144531,-5.299065113067627
928,0.3110122084617615,2.1969900131225586,-2.683027505874634,-0.8697032928466797,-5.869664192199707,-1.84699285030365,3.087064027786255,-0.5562849044799805,2.037994623184204,2.024397373199463,-4.492053031921387,-4.371950626373291,-8.598588943481445,14.450691223144531,0.07023632526397705,0.9988318681716919,1.282856822013855,-1.9492058753967285,-2.326677083969116,5.051821708679199,-0.0015054959803819656,15.6807861328125,-15.341598510742188,-15.609347343444824,0.1301710158586502,0.8003502488136292,-0.5444909930229187,-0.20508058369159698,-1.6822248697280884,-0.4101722538471222,0.6356252431869507,-0.14278797805309296,6.31808614730835,6.753660202026367,-5.87514066696167,-5.6887946128845215
929,2.8280136585235596,0.8229466676712036,-2.411114454269409,-0.5849692821502686,-6.4587483406066895,-3.1451528072357178,3.6827478408813477,-1.9932992458343506,7.854028701782227,2.036172866821289,-4.581216335296631,-4.307831287384033,-8.240951538085938,13.243717193603516,-0.5046225786209106,0.3582316040992737,-0.9413806796073914,1.8380768299102783,-1.4502270221710205,3.410853385925293,-0.0002294842852279544,-0.0006732940673828125,-15.291219711303711,-15.51121997833252,0.5331001877784729,0.21611197292804718,-0.47362250089645386,-0.10340170562267303,-1.5864678621292114,-0.7802752256393433,0.7230027318000793,-0.39742234349250793,2.132615566253662,6.004826068878174,-5.81013822555542,-5.445993423461914
930,2.391484022140503,-2.2399096488952637,0.3201598525047302,-1.8624531030654907,-5.536766529083252,-5.003353595733643,1.6255828142166138,-1.5556650161743164,7.10512113571167,8.08265495300293,-4.694228649139404,-4.099959850311279,-7.504129886627197,12.876274108886719,-0.35543692111968994,0.026121973991394043,-3.020850896835327,0.5592275261878967,-1.4326802492141724,1.4426931142807007,-0.00025436372379772365,0.0010530740255489945,-15.369771957397461,-15.46097469329834,0.3756065368652344,-0.4367147386074066,0.16742974519729614,-0.41568559408187866,-1.3751939535140991,-1.1403992176055908,0.23767612874507904,-0.2772139608860016,1.8067489862442017,2.3109042644500732,-5.505336284637451,-4.644294261932373
931,2.806631088256836,-4.32133150100708,2.0109622478485107,-2.1919455528259277,-3.8604819774627686,-3.89247465133667,2.282226324081421,-0.6232469081878662,4.271270275115967,8.47632884979248,-4.227741241455078,-3.541027307510376,-6.707255840301514,11.892484664916992,0.15851153433322906,-0.28246617317199707,-4.571723937988281,-0.5666640400886536,-1.2802739143371582,0.008544735610485077,-0.00015022497973404825,8.76343110576272e-05,-15.731006622314453,-15.633298873901367,0.47902077436447144,-0.6992545127868652,0.4671281576156616,-0.4535312056541443,-0.8913490772247314,-0.7881482839584351,0.4620421528816223,-0.09025107324123383,0.79091477394104,2.9662816524505615,-5.606766700744629,-3.7449471950531006
932,4.306350231170654,-5.718508243560791,1.9188786745071411,-2.563567876815796,-2.223283052444458,-3.6463522911071777,2.6349480152130127,1.4940983057022095,-4.669666290283203,7.946547031402588,-4.316721439361572,-2.868633508682251,-4.904301643371582,10.535348892211914,0.7865439057350159,-0.6632612943649292,-1.479504108428955,-1.774336338043213,-0.9249405860900879,0.31673699617385864,-13.79069709777832,-0.00021904896129854023,-15.669239044189453,-15.633316040039062,0.8206871151924133,-0.9500173926353455,0.38933685421943665,-0.5392646789550781,-0.4376603662967682,-0.8012697696685791,0.5234742760658264,0.3795698583126068,-2.777616500854492,2.3008017539978027,-5.637101650238037,-2.731191635131836
933,4.890960216522217,-8.259424209594727,2.3932182788848877,-2.5741236209869385,2.1194941997528076,-2.4771575927734375,3.159165143966675,1.4617866277694702,-1.936781406402588,-0.6879975199699402,-4.467820167541504,-10.571646690368652,-3.6400418281555176,7.941633701324463,1.4999666213989258,-0.5807007551193237,-1.000380277633667,-2.8492727279663086,-0.10619083046913147,1.8322196006774902,-15.693075180053711,-0.03616843745112419,-15.604147911071777,-0.020003139972686768,0.9596116542816162,-1.6925301551818848,0.5208054184913635,-0.5203410387039185,0.6041620969772339,-0.5044622421264648,0.6462217569351196,0.3063226640224457,-6.990880489349365,-0.47674909234046936,-5.808237552642822,-2.1558303833007812
934,4.198685169219971,-6.416233062744141,3.114410161972046,-1.3124759197235107,2.0476739406585693,2.2850759029388428,2.135956287384033,3.2942588329315186,-2.0025620460510254,-1.8311975002288818,-4.271525859832764,-1.898603916168213,-1.4272444248199463,1.952268123626709,3.9286906719207764,0.13512256741523743,-1.0343281030654907,1.4243872165679932,0.29982832074165344,4.93678617477417,-15.70001220703125,-15.63029670715332,-15.662816047668457,0.0040026078931987286,0.8050205111503601,-1.3329780101776123,0.7315937876701355,-0.21417547762393951,0.4001087248325348,0.7038253545761108,0.39392024278640747,0.8362491726875305,-6.98275899887085,-6.635149002075195,-5.206498146057129,-0.051271434873342514
935,3.1247975826263428,-5.0163984298706055,1.8737660646438599,0.12727931141853333,1.359786033630371,1.74263334274292,-0.5765026211738586,2.710679769515991,-2.0160512924194336,-1.9821900129318237,-4.116657257080078,6.209133625030518,-2.2000157833099365,-1.239547848701477,2.2913811206817627,0.29260653257369995,-1.581555724143982,0.8587122559547424,-1.0957731008529663,6.7453389167785645,-15.700019836425781,-15.668478012084961,-15.657519340515137,15.568036079406738,0.5621981620788574,-1.108258843421936,0.35280120372772217,0.08029292523860931,0.2352500557899475,0.3414417803287506,-0.22107304632663727,0.671275794506073,-6.923272609710693,-7.479102611541748,-5.154057025909424,9.427111625671387
936,3.330021619796753,-2.381743907928467,2.944746971130371,-0.47482579946517944,2.061624526977539,0.037686511874198914,0.9695191979408264,1.5227127075195312,-2.0623927116394043,-2.0357072353363037,-3.9038546085357666,4.00229549407959,-1.4035394191741943,-2.238311290740967,3.192314863204956,0.6082887053489685,-1.7620117664337158,0.23636271059513092,-1.5762507915496826,6.1270952224731445,-15.642463684082031,-15.636981010437012,-15.602910995483398,15.695592880249023,0.6633893251419067,-0.4164998233318329,0.6994274258613586,-0.11624188721179962,0.42223531007766724,-0.05947685241699219,0.24292735755443573,0.33453577756881714,-6.913824558258057,-6.6131463050842285,-4.483666896820068,4.917934894561768
937,3.5660054683685303,-2.5422801971435547,2.693697690963745,-0.39114320278167725,1.628355622291565,1.542920708656311,-0.04760812222957611,0.32018089294433594,-2.040411949157715,-2.047656774520874,-3.4293346405029297,3.9930315017700195,-0.2537824809551239,-2.9754478931427,3.9853878021240234,1.03090238571167,-2.235293388366699,-0.08339432626962662,-2.5503828525543213,4.484339714050293,-15.659096717834473,-15.643174171447754,-15.622774124145508,15.703095436096191,0.7415751218795776,-0.586175799369812,0.6072625517845154,-0.07307066023349762,0.2920039892196655,0.37127262353897095,-0.04742589592933655,0.01856585219502449,-7.053801536560059,-6.626201629638672,-3.5223076343536377,4.905701160430908
938,4.664235591888428,-2.518502712249756,2.2243432998657227,-0.8870362639427185,2.559131622314453,2.1727678775787354,0.4807628095149994,-1.148669958114624,-2.047295093536377,-2.0428998470306396,-2.6036839485168457,3.9286906719207764,1.4216365814208984,-3.6947762966156006,4.359304428100586,1.062049150466919,-2.4360203742980957,-0.08435805141925812,-2.9135143756866455,2.239125967025757,-15.645503044128418,-15.654119491577148,-15.63943099975586,15.695751190185547,1.121140718460083,-0.5853063464164734,0.5032052397727966,-0.18906833231449127,0.5199107527732849,0.4661349356174469,0.10669676959514618,-0.2611393332481384,-6.9802141189575195,-6.50213623046875,-2.404200315475464,4.737308502197266
939,4.956026554107666,-2.830733299255371,2.1911377906799316,-1.5066477060317993,2.3716585636138916,2.731405735015869,1.9884270429611206,-1.8103597164154053,-2.0518698692321777,-2.0443496704101562,-7.23185396194458,3.8810038566589355,3.3448846340179443,-4.545100688934326,4.041228771209717,0.6868821382522583,-2.6851892471313477,0.2455664873123169,-1.2243943214416504,0.0614396296441555,-15.640654563903809,-15.656692504882812,0.0020181136205792427,15.68622875213623,1.2709842920303345,-0.7019786834716797,0.5016471147537231,-0.31568843126296997,0.4386492073535919,0.5882494449615479,0.4283604025840759,-0.37647709250450134,-6.749156475067139,-6.444202899932861,-1.304521083831787,4.603548526763916
940,4.879795551300049,-4.86683988571167,2.1347625255584717,-1.9269615411758423,1.3748242855072021,3.714430570602417,4.538206100463867,-0.7919827103614807,-2.028864860534668,-2.051290512084961,8.3057222366333,4.091643333435059,5.6032586097717285,-6.0410237312316895,3.95000958442688,0.2730591595172882,-3.312843084335327,1.045116662979126,2.944200277328491,-1.2613396644592285,-15.660335540771484,-15.663963317871094,15.680578231811523,15.697050094604492,1.3569518327713013,-1.5741311311721802,0.49225783348083496,-0.39726799726486206,0.21536019444465637,0.8524618148803711,1.0563629865646362,-0.12660525739192963,-6.326035976409912,-6.055572509765625,4.38374137878418,5.319311618804932
941,4.993100166320801,-2.0371813774108887,-1.7820719480514526,-1.5288946628570557,-1.0160362720489502,-2.2633166313171387,5.255048751831055,-0.658046305179596,-2.0182406902313232,-2.02463698387146,3.7160375118255615,4.209752082824707,7.907682418823242,-7.19827127456665,1.9655653238296509,-0.24294637143611908,-5.467438220977783,-0.9506180882453918,6.224060535430908,-2.307548761367798,-15.680212020874023,-15.66802978515625,15.693617820739746,15.70257568359375,1.6372381448745728,-0.4058285355567932,-0.48042064905166626,-0.2924787402153015,-0.3336174786090851,-0.7101308107376099,1.3423781394958496,-0.13592316210269928,-5.653317451477051,-6.0994110107421875,4.644574165344238,5.531894207000732
942,4.7156758308410645,-4.820789813995361,-2.748014450073242,-0.15633490681648254,-3.3181896209716797,-0.9742834568023682,4.90285587310791,-2.2276992797851562,-2.012610673904419,-2.029458999633789,4.084475040435791,4.326427459716797,10.448861122131348,-9.290511131286621,-0.45203185081481934,-0.1610662341117859,-9.141570091247559,-3.115488052368164,8.140678405761719,-3.819404125213623,-15.674345970153809,-15.662543296813965,15.691967010498047,15.712199211120605,1.7664768695831299,-2.0144524574279785,-0.5795527100563049,0.020804956555366516,-1.1126289367675781,-0.16444936394691467,1.3431060314178467,-0.5660338997840881,-5.204596042633057,-5.787951946258545,5.286700248718262,5.948526382446289
943,4.508981704711914,-4.919567108154297,-1.6727075576782227,0.1795557737350464,-3.1833598613739014,-2.133058786392212,4.646068572998047,-2.4170634746551514,-2.1467151641845703,-2.022122383117676,4.11061429977417,4.503958702087402,12.773438453674316,-11.599722862243652,-2.053283452987671,0.005388188641518354,-12.390022277832031,-5.7335710525512695,8.942116737365723,-5.256261825561523,-14.73286247253418,-15.678866386413574,15.694657325744629,15.697066307067871,2.060096263885498,-2.2145488262176514,-0.31491562724113464,0.048666030168533325,-1.1479803323745728,-0.5728316307067871,1.3395893573760986,-0.5869418382644653,-4.389691352844238,-5.310488224029541,5.192164421081543,6.616041660308838
944,3.997934341430664,-4.608451843261719,-0.6739609241485596,0.5982767343521118,-1.8530298471450806,-1.6437530517578125,3.4043095111846924,-2.7953174114227295,-2.7858543395996094,-2.0023443698883057,4.083269119262695,4.549315452575684,15.154071807861328,-13.451656341552734,-2.708324432373047,0.21524594724178314,-12.853826522827148,-7.5824761390686035,8.61379337310791,-6.586069583892822,0.00018196197925135493,-15.69994831085205,15.583514213562012,15.671855926513672,1.993909239768982,-2.4102349281311035,-0.10822456330060959,0.13620170950889587,-0.6104357838630676,-0.41706880927085876,0.9085995554924011,-0.7270604968070984,-3.145113706588745,-4.59622859954834,5.131350040435791,6.579280853271484
945,3.232642650604248,-3.945307970046997,-2.020831823348999,1.380897045135498,4.794763565063477,0.05569218471646309,2.1234071254730225,-2.4200892448425293,5.066140651702881,-1.9239805936813354,4.250185012817383,4.355071067810059,16.596969604492188,-14.422417640686035,-3.5917327404022217,0.6159423589706421,-7.9698028564453125,-7.366774082183838,7.478710651397705,-7.684192180633545,8.780014038085938,-15.501446723937988,15.613024711608887,15.635519027709961,1.7226265668869019,-1.9390932321548462,-0.510671079158783,0.31155645847320557,1.0671355724334717,0.09149852395057678,0.5078915953636169,-0.628284215927124,3.2193334102630615,-2.9596450328826904,5.570952892303467,5.614488124847412
946,2.651604413986206,-3.5990495681762695,-0.6638384461402893,-0.035201020538806915,7.657756805419922,2.500746488571167,1.3151919841766357,-2.6751465797424316,2.756643533706665,-6.7261128425598145,4.360039710998535,4.3013997077941895,16.104772567749023,-15.713799476623535,-3.8160271644592285,0.6515098810195923,-0.24003782868385315,-4.604824542999268,6.175686359405518,-8.721331596374512,15.700010299682617,0.00026596401585265994,15.65670394897461,15.61806869506836,1.3587017059326172,-1.8282140493392944,-0.09381895512342453,-0.06159883737564087,2.017604351043701,0.5112184286117554,0.2949962019920349,-0.7586960196495056,5.873002052307129,-1.557212471961975,5.694948673248291,5.110250949859619
947,1.1705999374389648,-1.7851402759552002,1.9921566247940063,-0.27528485655784607,7.385902404785156,3.8084988594055176,-2.76153564453125,-2.1513710021972656,2.025555372238159,4.922492980957031,4.331768035888672,17.949642181396484,12.509713172912598,-16.457569122314453,-3.444000244140625,-0.4565500319004059,6.258018493652344,-0.5924269556999207,3.5762603282928467,-4.889118194580078,15.665573120117188,7.544573783874512,15.377756118774414,0.0758221372961998,0.31199365854263306,-0.6697932481765747,0.4549875259399414,-0.06452716886997223,3.100501537322998,0.7995775938034058,-0.6330872178077698,-0.4606480002403259,6.970961570739746,2.32989764213562,5.62692403793335,4.649999141693115
948,-5.747598648071289,-0.6622490882873535,2.2481937408447266,1.52582848072052,5.572649955749512,5.684504985809326,-2.9882771968841553,-2.1310982704162598,2.058947801589966,3.30159068107605,4.459097862243652,12.60700511932373,5.225065231323242,-14.79638957977295,-2.455106496810913,0.2374749332666397,11.076143264770508,5.0844879150390625,1.2229673862457275,-5.6334757804870605,15.680177688598633,15.06049919128418,15.602218627929688,0.012001559138298035,-1.322658896446228,-0.1880032867193222,0.42089617252349854,0.37252509593963623,2.3251311779022217,1.6983168125152588,-0.5715466141700745,-0.5205498337745667,6.430600643157959,5.597034931182861,5.357667446136475,2.549104928970337
949,-4.861317157745361,7.855547904968262,-0.01013850700110197,-3.8722991943359375,4.61473274230957,2.2569081783294678,-3.543412208557129,-1.2663445472717285,2.022653102874756,2.020538806915283,4.335247993469238,5.956140518188477,0.1836290806531906,-7.704402446746826,-1.993220329284668,-0.2419532984495163,12.808022499084473,7.3434929847717285,-0.8326410055160522,-6.343006134033203,15.67465591430664,15.661998748779297,15.646049499511719,0.018084630370140076,-0.9911713004112244,1.8325425386428833,-0.08064984530210495,-0.9903318881988525,2.2348389625549316,0.45899876952171326,-0.740166187286377,-0.2781423330307007,6.657606601715088,5.830929279327393,5.830077171325684,0.9490654468536377
950,-5.675370216369629,7.759396076202393,-1.2776137590408325,-0.8046146631240845,3.7139148712158203,1.3268793821334839,-5.408740520477295,2.8705549240112305,2.0182712078094482,2.0190372467041016,4.051223278045654,-3.5738770961761475,-4.2904767990112305,-1.664339303970337,-2.8123838901519775,-1.3729732036590576,12.705248832702637,7.54210901260376,-3.359930992126465,-1.2719531059265137,15.700002670288086,15.665728569030762,15.7001953125,-15.690266609191895,-1.5990756750106812,1.7928690910339355,-0.3313072621822357,-0.05268554389476776,1.517238736152649,0.3160494863986969,-1.2799471616744995,0.7180313467979431,6.686667442321777,6.219937324523926,4.809509754180908,-6.164299488067627
951,-5.581692695617676,7.236787796020508,-2.0675437450408936,0.1582801342010498,2.935725212097168,-0.643967866897583,-5.497934818267822,3.786278247833252,2.0189433097839355,2.016157627105713,3.833477735519409,-4.4152092933654785,-7.212667465209961,3.2331395149230957,-3.522275447845459,-1.2000789642333984,11.776187896728516,6.072264194488525,-5.649505138397217,-0.5332002639770508,15.700003623962402,15.699745178222656,15.696931838989258,-15.615856170654297,-1.861741304397583,2.160551071166992,-0.4978553056716919,0.06807200610637665,1.0285345315933228,-0.19285798072814941,-1.3558157682418823,0.7769045233726501,6.913822174072266,6.278546333312988,4.443759918212891,-6.316208839416504
952,-5.133249282836914,6.655936241149902,-1.5251579284667969,-0.42038124799728394,1.0586210489273071,-0.8482166528701782,-6.81749153137207,4.133566856384277,2.0894339084625244,2.0716371536254883,16.371946334838867,-4.560756683349609,-9.795863151550293,6.1723952293396,-1.1125884056091309,-1.5994536876678467,9.833166122436523,4.359432697296143,-3.119673728942871,0.3977300822734833,15.652271270751953,15.650209426879883,0.08501022309064865,-15.541030883789062,-1.9195014238357544,2.43468976020813,-0.3008095324039459,-0.11024494469165802,0.206903874874115,-0.15238091349601746,-1.5332996845245361,0.8519129157066345,7.0112624168396,6.5628862380981445,3.8719358444213867,-6.067358493804932
953,-5.043954372406006,6.2143378257751465,-1.957237958908081,0.24540333449840546,-2.8212461471557617,-1.2409443855285645,-4.426787853240967,5.679986000061035,2.0188944339752197,2.021791696548462,11.769325256347656,-4.243757724761963,-10.000548362731934,9.99506950378418,-0.28876176476478577,-0.5694190263748169,6.77680778503418,2.732259750366211,-4.762757301330566,2.2111897468566895,15.634793281555176,15.674935340881348,0.06560219079256058,-15.662904739379883,-2.06579852104187,3.3398680686950684,-0.4158795475959778,0.07349328696727753,-0.6099912524223328,-0.2385627031326294,-0.953062117099762,1.2818154096603394,6.801499843597412,6.829192638397217,2.3807125091552734,-5.1228766441345215
954,-4.134203910827637,5.1152729988098145,-2.6004741191864014,-0.04274224862456322,-3.5546510219573975,-0.8101252317428589,-4.524557113647461,4.025644302368164,2.068739652633667,2.018852710723877,9.105101585388184,-4.223997592926025,-10.280559539794922,12.39998722076416,-0.10855710506439209,0.018739476799964905,3.873345375061035,1.5963397026062012,-6.320919036865234,3.7081778049468994,15.607084274291992,15.609885215759277,-0.008581198751926422,-15.666072845458984,-1.42987859249115,2.5079071521759033,-0.5500231385231018,-0.01936914026737213,-0.6636088490486145,-0.13822904229164124,-1.1470310688018799,0.8471258878707886,6.713144779205322,6.812144756317139,1.8031864166259766,-5.365269184112549
955,-3.1968986988067627,4.211028575897217,-2.4615910053253174,0.3375839293003082,-4.261602401733398,-1.6346888542175293,-2.864476442337036,3.1991019248962402,2.040419101715088,2.0352675914764404,5.017009258270264,-4.232241153717041,-10.433216094970703,13.81911849975586,-0.1299755871295929,0.7243876457214355,1.2908899784088135,0.3676648437976837,-7.455220699310303,5.025352478027344,15.645641326904297,15.678839683532715,-0.007705383468419313,-15.638585090637207,-1.0140050649642944,1.9960435628890991,-0.48889732360839844,0.08304588496685028,-0.8824871778488159,-0.35253453254699707,-0.6801630854606628,0.7260525822639465,6.5417094230651855,6.771324157714844,0.8561808466911316,-5.312588214874268
956,-1.550225853919983,3.314603805541992,-2.245490550994873,0.12689244747161865,-4.046880722045898,-1.6503992080688477,0.8663644790649414,0.9218848347663879,2.031635046005249,2.028897523880005,-3.3157870769500732,-4.228214263916016,-10.043728828430176,14.782485961914062,0.07432153075933456,1.353805422782898,-0.7799503803253174,-0.6239213347434998,-2.8667285442352295,5.3417205810546875,15.67510986328125,15.654533386230469,-15.684182167053223,-15.618142127990723,-0.3828491270542145,1.4478352069854736,-0.43932366371154785,0.018164262175559998,-0.8640797138214111,-0.33796820044517517,0.33142220973968506,0.1240931898355484,6.209099292755127,6.733124732971191,-5.151104927062988,-5.348581790924072
957,-0.02773500792682171,2.0898597240448,-2.287930488586426,-0.8595771193504333,-5.812975883483887,-1.7000272274017334,2.9048290252685547,-0.35287174582481384,2.0353353023529053,2.0193490982055664,-4.454630374908447,-4.418360233306885,-8.953824996948242,14.792293548583984,-0.060382746160030365,1.0650888681411743,1.6322375535964966,-1.4270151853561401,-2.5838029384613037,4.798750877380371,-0.0013537420891225338,15.699248313903809,-15.313396453857422,-15.623147964477539,0.08027271926403046,0.7697758078575134,-0.462393581867218,-0.20291809737682343,-1.6591473817825317,-0.36015790700912476,0.6062334179878235,-0.114316925406456,6.393533706665039,7.007817268371582,-5.902824401855469,-5.733166694641113
958,2.547266960144043,0.6692583560943604,-1.9920989274978638,-0.3946263790130615,-6.6221113204956055,-3.023643970489502,3.596243143081665,-1.9601458311080933,8.134785652160645,2.0464751720428467,-4.6301984786987305,-4.345731258392334,-8.3284330368042,14.405303955078125,0.010981544852256775,1.0513222217559814,-0.6993951797485352,-2.4880733489990234,-1.810986042022705,3.1112306118011475,-0.0002473178319633007,15.687077522277832,-15.542390823364258,-15.590266227722168,0.4829474091529846,0.15572477877140045,-0.3859793543815613,-0.05922462046146393,-1.6408720016479492,-0.7378846406936646,0.701583743095398,-0.4002128541469574,2.3524956703186035,6.287407398223877,-5.8014116287231445,-5.486545562744141
959,1.8471777439117432,0.5141997933387756,-1.208716869354248,-0.8387072086334229,-4.552073001861572,-1.642898440361023,2.516435384750366,-1.5431658029556274,8.508271217346191,2.0353734493255615,-4.461343765258789,-4.237210273742676,-7.946079730987549,13.56849193572998,0.05721485614776611,1.0967515707015991,-2.3597147464752197,1.7638845443725586,-1.4230875968933105,1.338361382484436,-0.0002320101484656334,0.0013942718505859375,-15.53329086303711,-15.655794143676758,0.2734561562538147,0.18429459631443024,-0.2107313871383667,-0.1782056838274002,-0.9778369665145874,-0.3102852702140808,0.4421975612640381,-0.27686992287635803,3.0005033016204834,5.9864373207092285,-5.65140438079834,-5.209893703460693
960,4.6345343589782715,-4.990655422210693,0.6387167572975159,-2.3969128131866455,-4.0523576736450195,-5.727807521820068,1.8475580215454102,0.00348003045655787,3.230498790740967,5.425263404846191,-4.409862041473389,-3.434573173522949,-6.787793159484863,12.200187683105469,-0.0631776750087738,0.5681304335594177,-3.9408769607543945,0.1570240706205368,-1.4019917249679565,0.27735137939453125,-0.00010417953308206052,1.1994277883786708e-05,-15.558347702026367,-15.630189895629883,0.8900549411773682,-0.9418977499008179,0.19739443063735962,-0.5269966125488281,-0.9772154092788696,-1.5113451480865479,0.3294447064399719,0.055613238364458084,0.45386120676994324,1.0342227220535278,-5.526442527770996,-3.5204293727874756
961,4.495262622833252,-6.440585136413574,1.9913647174835205,-3.1287989616394043,-3.2761595249176025,-4.0575480461120605,2.2624025344848633,1.543153166770935,-4.687735080718994,6.251776695251465,-4.263931751251221,-2.8999733924865723,-5.049973011016846,10.276029586791992,0.2641155421733856,-0.2613179087638855,-1.0784649848937988,-1.2910140752792358,-1.2503026723861694,0.7034180760383606,-14.319247245788574,-0.00017552741337567568,-15.701101303100586,-15.666679382324219,0.7977779507637024,-1.0959491729736328,0.45154160261154175,-0.6563374400138855,-0.7163491249084473,-0.8253390789031982,0.44978994131088257,0.37230339646339417,-3.61576509475708,1.5755915641784668,-5.568201065063477,-2.82664155960083
962,5.3145551681518555,-8.221724510192871,2.5058350563049316,-2.95508074760437,1.5922393798828125,-2.953735589981079,3.2693426609039307,1.256995677947998,-1.9701288938522339,-4.656491279602051,-4.396561145782471,-10.918102264404297,-3.684967279434204,6.213374137878418,1.181111216545105,-0.32138898968696594,-0.9811612367630005,0.5172826051712036,-0.3864433467388153,2.1426119804382324,-15.595669746398926,-10.875885963439941,-15.502082824707031,-0.0018947981297969818,1.0702391862869263,-1.6562587022781372,0.5354114770889282,-0.580616295337677,0.5167878270149231,-0.5983607769012451,0.6762186884880066,0.25472238659858704,-7.059086799621582,-1.9856655597686768,-5.740148544311523,-2.2583396434783936
963,4.691766738891602,-5.796307563781738,3.791438341140747,-2.742370128631592,1.7931650876998901,0.4046718180179596,0.6343914866447449,2.3992772102355957,-2.0065114498138428,-1.927019476890564,-4.24948787689209,-4.125002384185791,-2.2381246089935303,0.38665783405303955,2.483978748321533,-1.319468379020691,-1.2813831567764282,0.6309636235237122,-1.0501765012741089,4.075714111328125,-15.700027465820312,-15.51135540008545,-15.639266967773438,0.03891632705926895,0.927647590637207,-1.1588201522827148,0.9017637372016907,-0.5487886071205139,0.35845354199409485,0.21903160214424133,0.02790720760822296,0.5926496982574463,-6.864170074462891,-7.492696285247803,-5.08526611328125,-0.5691336989402771
964,3.5725135803222656,-5.550259590148926,2.630371570587158,0.8198448419570923,1.918666958808899,2.2337300777435303,-1.024857997894287,2.683734655380249,-2.057178258895874,-1.9974862337112427,-4.164222240447998,7.037718772888184,-1.7590423822402954,-1.8538165092468262,2.8196518421173096,-0.029921770095825195,-1.5000640153884888,0.43639132380485535,-2.7794909477233887,6.405717372894287,-15.622099876403809,-15.633379936218262,-15.528580665588379,15.645262718200684,0.6628000736236572,-1.3687244653701782,0.5293089747428894,0.296522319316864,0.3740250766277313,0.5385799407958984,-0.28537362813949585,0.6801149249076843,-7.017500877380371,-7.451982498168945,-5.1568922996521,10.106924057006836
965,3.2407915592193604,-2.384345293045044,2.7878949642181396,-0.36189794540405273,1.2569247484207153,-0.31859979033470154,1.8195663690567017,1.1401410102844238,-2.039212465286255,-2.041849374771118,-3.951345205307007,3.9456026554107666,-0.7502838969230652,-2.7722344398498535,3.5952417850494385,0.7124666571617126,-2.037975549697876,-0.45477691292762756,-2.8225479125976562,5.441411018371582,-15.657578468322754,-15.671391487121582,-15.62084674835205,15.726836204528809,0.6406869888305664,-0.40064406394958496,0.6424676179885864,-0.1151362806558609,0.21433427929878235,-0.1625383347272873,0.4371238946914673,0.21476919949054718,-6.945551872253418,-6.503536701202393,-4.530242919921875,4.792853832244873
966,3.6166884899139404,-2.5269742012023926,2.5825555324554443,-0.6665563583374023,1.0122689008712769,2.373878002166748,0.18228355050086975,0.2671455144882202,-2.0419952869415283,-2.042130708694458,-3.428520679473877,3.9724647998809814,0.4620288610458374,-3.5414483547210693,4.225774765014648,0.9462310671806335,-2.809576988220215,-0.5065596699714661,-3.394624948501587,3.9096152782440186,-15.637574195861816,-15.63664436340332,-15.605154037475586,15.717761039733887,0.7788956165313721,-0.5945308208465576,0.5897387862205505,-0.14104731380939484,0.1785435676574707,0.5857293605804443,-0.023617863655090332,0.021118242293596268,-7.134268283843994,-6.577814102172852,-3.5553598403930664,4.908726215362549
967,4.62941837310791,-2.5641844272613525,2.2974820137023926,-1.1481869220733643,2.145325183868408,2.335951566696167,0.8216881155967712,-0.9543263912200928,-2.0466573238372803,-2.0445592403411865,-2.58349871635437,3.915175676345825,2.20693039894104,-4.276546955108643,4.584576606750488,0.8865907788276672,-3.2105679512023926,-0.37860026955604553,-3.372239112854004,1.9051012992858887,-15.643372535705566,-15.651750564575195,-15.630887031555176,15.712401390075684,1.1406145095825195,-0.6152917146682739,0.5313326716423035,-0.2404382973909378,0.43590840697288513,0.46902137994766235,0.1692296713590622,-0.21945928037166595,-7.001918792724609,-6.406128406524658,-2.3643860816955566,4.7516374588012695
968,4.86512565612793,-2.851250648498535,2.2474019527435303,-1.9197126626968384,2.2398810386657715,2.8478989601135254,2.3470888137817383,-1.5609780550003052,-2.019075632095337,-2.017612934112549,-7.182796955108643,3.9152584075927734,4.116061210632324,-5.151740074157715,4.296696662902832,0.3488529920578003,-3.478911876678467,0.0288623608648777,-1.3091925382614136,-0.0796973705291748,-15.665996551513672,-15.66952896118164,0.033159416168928146,15.715588569641113,1.2855639457702637,-0.7233189940452576,0.5182749629020691,-0.4049261212348938,0.41296878457069397,0.6070481538772583,0.4937601685523987,-0.32780027389526367,-6.698823928833008,-6.346828460693359,-1.2958805561065674,4.651054859161377
969,4.784132957458496,-4.8299880027771,2.164757013320923,-2.3278470039367676,1.3362016677856445,3.5867390632629395,4.820260524749756,-0.6249246597290039,-2.0313069820404053,-2.04848313331604,8.295184135437012,4.084376335144043,6.2420735359191895,-6.656886100769043,4.159502029418945,-0.23209744691848755,-4.039575099945068,0.8122146129608154,3.116116523742676,-1.320259928703308,-15.663403511047363,-15.64944076538086,15.70850658416748,15.716015815734863,1.3738961219787598,-1.6124998331069946,0.5030816197395325,-0.4835442304611206,0.20673301815986633,0.8026155233383179,1.1186587810516357,-0.09514786303043365,-6.249983310699463,-5.90561580657959,4.467713832855225,5.4016337394714355
970,4.882812023162842,-2.0015995502471924,-1.9534494876861572,-1.375510811805725,-1.2054530382156372,-2.6975221633911133,5.499702453613281,-0.2441355139017105,-2.0188117027282715,-2.0363290309906006,3.7010509967803955,4.206096649169922,8.443724632263184,-7.811863899230957,2.0117380619049072,-0.6652645468711853,-6.201805114746094,-1.5008913278579712,6.583859443664551,-2.1661674976348877,-15.688806533813477,-15.661064147949219,15.71768856048584,15.73501205444336,1.6452369689941406,-0.4075958728790283,-0.5183979868888855,-0.24462556838989258,-0.39621588587760925,-0.8337216377258301,1.4225984811782837,-0.03739197179675102,-5.571794033050537,-5.920570373535156,4.626217365264893,5.627828598022461
971,4.638225078582764,-4.722115993499756,-2.7397239208221436,-0.11928138881921768,-3.3229198455810547,-1.2423592805862427,5.139561653137207,-2.02907395362854,-2.0157675743103027,-2.0290894508361816,4.053104400634766,4.335440635681152,10.928680419921875,-9.749312400817871,-0.4154439866542816,-0.4719277322292328,-9.762883186340332,-3.8045289516448975,8.591047286987305,-3.5863842964172363,-15.661539077758789,-15.669098854064941,15.719779014587402,15.744603157043457,1.7959095239639282,-2.02766752243042,-0.570928692817688,0.024317875504493713,-1.146677851676941,-0.2234286367893219,1.4425632953643799,-0.5258434414863586,-5.194622039794922,-5.581186294555664,5.253603458404541,6.10785436630249
972,4.401642799377441,-4.785001277923584,-1.7385417222976685,0.35194191336631775,-3.028874635696411,-2.261026620864868,4.707174301147461,-2.314729690551758,-2.2424285411834717,-2.0236573219299316,4.08128547668457,4.519189357757568,13.173757553100586,-11.878582000732422,-2.0252749919891357,-0.20181183516979218,-12.748046875,-6.429589748382568,9.333917617797852,-4.9698896408081055,-14.502782821655273,-15.690206527709961,15.67613697052002,15.663990020751953,2.0385563373565674,-2.171884059906006,-0.33216071128845215,0.08745244145393372,-1.1009348630905151,-0.6189318895339966,1.3766086101531982,-0.5606030225753784,-4.2988505363464355,-5.069125175476074,5.160926342010498,6.696519374847412
973,3.8699538707733154,-4.478928089141846,-0.6792853474617004,0.6432803869247437,-1.5661942958831787,-1.6068979501724243,3.3455188274383545,-2.653003454208374,-4.528120994567871,-1.9871958494186401,4.048572063446045,4.553676128387451,15.38919448852539,-13.643034934997559,-2.736342668533325,-0.023662030696868896,-12.816581726074219,-8.07226276397705,8.881482124328613,-6.251072883605957,0.00018414162332192063,-15.699986457824707,15.563254356384277,15.633557319641113,1.938356637954712,-2.312854766845703,-0.10682439059019089,0.13962601125240326,-0.4844186007976532,-0.41058844327926636,0.895038902759552,-0.6804382801055908,-2.983017921447754,-4.0750627517700195,5.0999226570129395,6.534328937530518
974,3.0340144634246826,-3.74654483795166,-2.0638480186462402,1.5688930749893188,4.989541053771973,0.13905483484268188,2.254343032836914,-2.072878360748291,4.968022346496582,-1.912833333015442,4.226869106292725,4.329061985015869,16.35773277282715,-14.929359436035156,-3.781521797180176,0.18497180938720703,-7.48569393157959,-7.371664524078369,7.813965320587158,-7.2673869132995605,8.592162132263184,0.0010738737182691693,15.598877906799316,15.824341773986816,1.5476120710372925,-1.760985016822815,-0.5223296284675598,0.3537628650665283,1.0978469848632812,0.10749049484729767,0.5596253275871277,-0.5165475010871887,2.958751678466797,-2.418253183364868,5.551961421966553,5.614560604095459
975,2.501162528991699,-3.382401704788208,1.326993465423584,-0.39780575037002563,8.15947151184082,5.813960552215576,-1.2600061893463135,-3.504887819290161,2.8520727157592773,5.55638313293457,4.2855658531188965,4.029299259185791,15.780001640319824,-15.806769371032715,-3.043321132659912,0.49655482172966003,0.7147899270057678,-2.2286360263824463,5.296816349029541,-8.585577011108398,15.700000762939453,8.341569900512695,15.63172435760498,15.716777801513672,1.2018049955368042,-1.783657431602478,0.3712788224220276,-0.15375788509845734,2.4513378143310547,1.388801097869873,-0.3651467561721802,-1.0458098649978638,5.917730808258057,4.211482524871826,5.429474353790283,4.809945106506348
976,0.6459518671035767,-2.306427001953125,1.0095971822738647,1.2255127429962158,7.099215984344482,6.821526050567627,-0.4514116644859314,-4.970295429229736,1.9993629455566406,2.9932518005371094,4.32222843170166,16.58378791809082,11.843012809753418,-15.349230766296387,-2.8319411277770996,-0.14180141687393188,7.0188703536987305,4.261435031890869,3.607950448989868,-5.528117656707764,15.638608932495117,15.653587341308594,15.36166763305664,0.04443430155515671,0.07436154782772064,-0.9839962124824524,0.1738165020942688,0.30431556701660156,2.861595630645752,2.1136879920959473,-0.05450333654880524,-1.2413488626480103,6.736037254333496,5.6831955909729,5.479712009429932,4.016664505004883
977,-6.27769136428833,1.85699462890625,2.757410764694214,-0.0957467332482338,5.512646198272705,4.371992588043213,-3.4034922122955322,-1.8494760990142822,2.037531852722168,1.9992012977600098,4.403780460357666,12.633025169372559,4.265908718109131,-11.932779312133789,-1.542678952217102,0.3539363741874695,11.813035011291504,7.319057941436768,1.2403672933578491,-6.353531360626221,15.631983757019043,15.67491340637207,15.548002243041992,0.023064594715833664,-1.4668947458267212,0.5001633167266846,0.5788528323173523,-0.06898744404315948,2.5271854400634766,1.1615668535232544,-0.7410519123077393,-0.3274780213832855,6.636627197265625,6.003935813903809,5.578503608703613,2.622262477874756
978,-4.533130645751953,7.904253959655762,-1.0905177593231201,-3.7812740802764893,4.550746440887451,1.0706818103790283,-3.76725172996521,0.22950074076652527,2.0570826530456543,2.0620827674865723,4.426251411437988,-1.7111002206802368,-0.7873417735099792,-5.66306209564209,-2.0015344619750977,-0.8410314321517944,13.079279899597168,7.618483066558838,-0.9788356423377991,-5.4835052490234375,15.644777297973633,15.61902904510498,15.689208030700684,-3.926966905593872,-0.9136258363723755,1.8298293352127075,-0.3743477761745453,-0.9120070338249207,2.2929153442382812,0.13434019684791565,-0.7803927659988403,0.13292552530765533,6.571107387542725,6.185116291046143,5.714478015899658,-0.8997603058815002
979,-5.778905391693115,7.765878677368164,-1.7278127670288086,0.4705382287502289,3.791393518447876,-0.5837951898574829,-5.010107517242432,3.128483295440674,2.019418478012085,2.047609806060791,4.050411224365234,-3.78192400932312,-5.005011081695557,-0.29999494552612305,-2.856081962585449,-1.3668301105499268,12.911453247070312,6.24569845199585,-3.369088888168335,-1.4334529638290405,15.689221382141113,15.674241065979004,15.68159294128418,-15.677803039550781,-1.735901951789856,1.9791086912155151,-0.4020845890045166,0.2523975372314453,1.6110490560531616,-0.16783952713012695,-1.1675751209259033,0.7041178345680237,6.82004976272583,6.26466178894043,4.939083099365234,-6.143282413482666
980,-5.469715595245361,6.998113632202148,-2.147738456726074,-0.09880123287439346,2.7296276092529297,-1.334418535232544,-5.475066661834717,4.106938362121582,2.0200958251953125,2.0175681114196777,3.880328893661499,-4.422037601470947,-7.707841396331787,3.986041784286499,-3.5640690326690674,-1.114471435546875,11.760992050170898,4.345526218414307,-5.659403324127197,-0.6055484414100647,15.700007438659668,15.699784278869629,15.629545211791992,-15.637544631958008,-1.8494563102722168,2.1330885887145996,-0.5015653967857361,-0.04167412221431732,0.9161360263824463,-0.2537705898284912,-1.3661470413208008,0.8404085636138916,7.051458835601807,6.280597686767578,4.428815841674805,-6.2981109619140625
981,-5.049626350402832,6.409238338470459,-1.6004887819290161,-0.5143116116523743,0.6353082060813904,-1.1880265474319458,-6.793855667114258,4.387696743011475,2.0202298164367676,2.0186872482299805,15.955838203430176,-4.4671125411987305,-9.152203559875488,7.457666397094727,-3.349881410598755,-0.9429171085357666,9.69294261932373,2.8281755447387695,-3.1754138469696045,0.5187138915061951,15.647096633911133,15.615568161010742,0.008807254023849964,-15.676557540893555,-1.852561116218567,2.4449069499969482,-0.33210527896881104,-0.12301947176456451,0.05901210755109787,-0.21047714352607727,-1.5329915285110474,0.9034855961799622,7.049392223358154,6.580699443817139,3.7503859996795654,-5.941531658172607
982,-5.036001682281494,6.129692077636719,-1.508293628692627,-0.5405339002609253,-3.5222630500793457,-1.6446802616119385,-4.44899320602417,6.217350482940674,2.0877420902252197,2.0578811168670654,11.264748573303223,-4.21353816986084,-10.645282745361328,9.577215194702148,-1.2555899620056152,-0.8962517976760864,6.183228492736816,1.3261780738830566,-4.902293682098389,2.431213140487671,15.7000093460083,15.699665069580078,0.07503832876682281,-15.507298469543457,-2.1904938220977783,3.0588674545288086,-0.30984437465667725,-0.11242552101612091,-0.7364319562911987,-0.32913410663604736,-0.9614536166191101,1.428941249847412,6.743982791900635,6.6876444816589355,2.231292486190796,-5.1136155128479
983,-3.450167179107666,5.178550720214844,-2.130197525024414,-0.047411732375621796,-3.4760804176330566,-1.0783287286758423,-4.171041011810303,3.6160945892333984,2.0287203788757324,2.055103063583374,8.39235782623291,-4.180505752563477,-10.627458572387695,11.861352920532227,-0.5725668668746948,-0.22580839693546295,3.303340435028076,0.36779290437698364,-6.393113613128662,3.8575000762939453,15.669097900390625,15.678351402282715,0.028938524425029755,-15.680953025817871,-1.0977061986923218,2.3932886123657227,-0.4632853865623474,0.00972716510295868,-0.6344108581542969,-0.19198927283287048,-1.044068694114685,0.7218565344810486,6.659616470336914,6.753530502319336,1.6399822235107422,-5.287418842315674
984,-2.692194938659668,4.341507434844971,-2.177767276763916,0.11421448737382889,-4.310581684112549,-1.8711767196655273,-2.3710215091705322,2.9438657760620117,2.0194482803344727,2.0319876670837402,2.882068634033203,-4.1805572509765625,-10.487464904785156,13.328088760375977,-0.3270026445388794,0.3687097430229187,0.7995575666427612,-0.5944124460220337,-7.305866718292236,5.0706682205200195,15.678832054138184,15.660506248474121,0.03422198444604874,-15.638792037963867,-0.8322254419326782,2.022840738296509,-0.44298332929611206,0.029132232069969177,-0.9165064096450806,-0.4144743084907532,-0.5394331812858582,0.6722045540809631,6.495112895965576,6.67810583114624,0.36665719747543335,-5.227001667022705
985,-1.0249731540679932,3.364415168762207,-2.4189863204956055,-0.13835661113262177,-4.526329517364502,-1.6151118278503418,1.3046740293502808,0.5181397795677185,2.017488479614258,2.019219160079956,-3.5005533695220947,-4.277856826782227,-9.798689842224121,14.407529830932617,0.10125884413719177,0.8394311666488647,-1.350872278213501,-1.3427506685256958,-2.5374038219451904,5.132176399230957,15.652273178100586,15.698052406311035,-15.617966651916504,-15.603161811828613,-0.2128201127052307,1.422899842262268,-0.4931662678718567,-0.03667972981929779,-1.0307289361953735,-0.32974228262901306,0.4045645594596863,0.017464805394411087,6.186098098754883,6.625740051269531,-5.405447006225586,-5.338942050933838
986,0.46022263169288635,1.9815571308135986,-2.5949201583862305,-0.9162993431091309,-5.689657688140869,-1.9900168180465698,2.9857065677642822,-0.5023865699768066,2.0329182147979736,2.030245304107666,-4.579727649688721,-4.390289783477783,-8.53988265991211,14.427050590515137,0.14701271057128906,0.6595709323883057,1.0379695892333984,-2.0341012477874756,-2.27820086479187,4.389289379119873,-0.0014496305957436562,15.694550514221191,-15.297097206115723,-15.573406219482422,0.14221379160881042,0.6916295289993286,-0.5273839235305786,-0.20893354713916779,-1.61345374584198,-0.4457882344722748,0.6149103045463562,-0.12672476470470428,6.3617262840271,6.789303779602051,-5.902029037475586,-5.697618007659912
987,3.014925479888916,0.5731488466262817,-2.3264341354370117,-0.6586232781410217,-6.294445514678955,-3.1999471187591553,3.538930654525757,-1.7715462446212769,7.712619781494141,2.029423236846924,-4.627190113067627,-4.343371868133545,-8.052053451538086,13.222630500793457,-0.2428663969039917,0.1731584072113037,-1.1521482467651367,1.7056134939193726,-1.4657032489776611,2.7806200981140137,-0.00022517424076795578,-0.0009369850158691406,-15.343413352966309,-15.491012573242188,0.5669059753417969,0.11555642634630203,-0.4541287422180176,-0.12011228501796722,-1.542722463607788,-0.7943040132522583,0.6935717463493347,-0.3597165048122406,2.0327794551849365,5.9893574714660645,-5.81864595413208,-5.403489589691162
988,2.611567974090576,-2.889819860458374,0.3194272518157959,-1.978393316268921,-5.30765962600708,-5.028051853179932,1.5442501306533813,-1.272416353225708,6.795715808868408,8.013819694519043,-4.6120991706848145,-4.0534186363220215,-7.372537612915039,12.510637283325195,-0.3705054521560669,-0.30829858779907227,-3.153834819793701,0.3733491897583008,-1.4744997024536133,0.9763326048851013,-0.00023297150619328022,0.0007612948538735509,-15.381917953491211,-15.467068672180176,0.41283535957336426,-0.5358271598815918,0.16355782747268677,-0.4463651776313782,-1.3014241456985474,-1.1506848335266113,0.22406511008739471,-0.22539584338665009,1.6586830615997314,2.2510628700256348,-5.526883125305176,-4.561098575592041
989,3.1444830894470215,-4.398815631866455,2.067544460296631,-2.3392066955566406,-3.637526273727417,-3.835949659347534,2.248896837234497,-0.2724774479866028,2.982248306274414,8.441180229187012,-4.303799629211426,-3.51206111907959,-6.530140399932861,11.476183891296387,0.11876524984836578,-0.6920579671859741,-4.648770332336426,-0.7815846800804138,-1.3489757776260376,-0.20995254814624786,-0.00011610872752498835,6.204981764312834e-05,-15.71076488494873,-15.632407188415527,0.5436977744102478,-0.7034503817558289,0.47908490896224976,-0.4917362332344055,-0.8311659097671509,-0.7776416540145874,0.45614123344421387,-0.018563490360975266,0.46036645770072937,2.922306776046753,-5.617216110229492,-3.6539206504821777
990,4.548142910003662,-6.262127876281738,2.0435004234313965,-2.665909767150879,-2.035555124282837,-3.67413592338562,2.62553071975708,1.8812376260757446,-4.432508945465088,7.751423358917236,-4.267914772033691,-2.733855724334717,-4.630507469177246,9.829559326171875,0.6926740407943726,-0.44892406463623047,-1.1021164655685425,-2.1662168502807617,-1.0246307849884033,0.5128394365310669,-15.29347038269043,-0.00017185654724016786,-15.623950004577637,-0.8640947341918945,0.875529408454895,-1.0887502431869507,0.4167345464229584,-0.5668644905090332,-0.3820502758026123,-0.8200817108154297,0.5216490030288696,0.4587259888648987,-3.648447275161743,2.1509363651275635,-5.648831844329834,-2.5702497959136963
991,4.511706829071045,-9.465683937072754,2.264817714691162,0.8657160997390747,2.885922431945801,-0.4480336606502533,1.8415019512176514,5.149629592895508,-1.9610921144485474,-4.672314643859863,-4.347317218780518,10.02959156036377,-3.3018739223480225,6.999606132507324,1.7149829864501953,1.7116611003875732,-0.8315826654434204,1.3155500888824463,-0.849680483341217,5.444616317749023,-15.691561698913574,-13.099710464477539,-15.666756629943848,15.682839393615723,0.8610093593597412,-2.3157267570495605,0.48596659302711487,0.3151339888572693,0.7957143783569336,0.034988075494766235,0.3301967978477478,1.326906681060791,-7.253736972808838,-2.4805474281311035,-5.73846960067749,10.898208618164062
992,2.4017233848571777,-5.873802185058594,3.317552328109741,-0.676548182964325,1.6118680238723755,-2.0985569953918457,2.9045732021331787,3.2697620391845703,-2.038235664367676,-1.8902671337127686,-4.501559734344482,4.217239856719971,-2.157518148422241,2.1968297958374023,3.7550740242004395,3.0238656997680664,-0.8209955096244812,0.2539516091346741,-0.138968825340271,6.821032524108887,-15.651965141296387,-15.7000150680542,-15.649558067321777,15.700640678405762,0.3775840997695923,-1.077060580253601,0.7937938570976257,-0.18165303766727448,0.2704384922981262,-0.4742058217525482,0.6171145439147949,0.7831390500068665,-6.8627028465271,-6.889744758605957,-5.885201930999756,5.300923824310303
993,2.0962796211242676,-4.31123161315918,2.4675652980804443,-0.47538015246391296,0.16789434850215912,2.3152847290039062,0.2742476761341095,2.5202016830444336,-2.019826889038086,-1.9997066259384155,-4.279118061065674,4.265044212341309,-3.2249178886413574,-0.8895965814590454,2.673570156097412,2.1350953578948975,-1.7197890281677246,-0.31309017539024353,-1.0448226928710938,6.322657585144043,-15.650920867919922,-15.639460563659668,-15.572958946228027,15.669901847839355,0.37627846002578735,-0.8921574950218201,0.5059055089950562,-0.08137525618076324,-0.021730519831180573,0.6472429037094116,-0.04525105655193329,0.603488564491272,-7.1247992515563965,-7.0190205574035645,-5.542146682739258,5.63517427444458
994,4.731546878814697,-3.672583818435669,3.0201797485351562,-0.6907998323440552,1.9141768217086792,2.4853389263153076,-0.1490461230278015,0.7303166389465332,-2.0331456661224365,-2.028651237487793,-3.818387269973755,4.100213527679443,-1.9411996603012085,-2.147951126098633,3.609217405319214,2.1067726612091064,-2.128373384475708,-0.21974647045135498,-2.2301127910614014,4.94420862197876,-15.645976066589355,-15.613865852355957,-15.564631462097168,15.696675300598145,1.0602134466171265,-0.807600736618042,0.7007034420967102,-0.1371728926897049,0.42929914593696594,0.5119545459747314,-0.04771052300930023,0.09288890659809113,-7.218454837799072,-6.637440204620361,-4.228839874267578,5.166853427886963
995,5.22276496887207,-2.9764060974121094,2.5820934772491455,-1.4219974279403687,2.4004833698272705,2.805511951446533,0.023267144337296486,-1.0562665462493896,-2.0424771308898926,-2.058978796005249,-3.1821115016937256,3.9802699089050293,-0.212602898478508,-3.226407766342163,4.160578727722168,1.5814740657806396,-2.414639711380005,0.06337009370326996,-3.1862072944641113,2.7391765117645264,-15.658495903015137,-15.640402793884277,-15.560881614685059,15.727622985839844,1.1670948266983032,-0.6567747592926025,0.582504391670227,-0.29453569650650024,0.47279950976371765,0.590915322303772,0.011075392365455627,-0.25745490193367004,-7.211243152618408,-6.576874732971191,-3.090761661529541,4.877494812011719
996,5.612973213195801,-2.9206132888793945,2.434342384338379,-1.8566583395004272,2.7976338863372803,2.5661778450012207,1.162682056427002,-1.9373611211776733,-2.035388231277466,-2.0397825241088867,-2.2903947830200195,3.8917460441589355,2.292289972305298,-3.8462674617767334,4.822007656097412,1.2850627899169922,-2.5615074634552,0.3350653350353241,-2.9441263675689697,0.4907577931880951,-15.67282485961914,-15.65737533569336,-15.65155029296875,15.735116004943848,1.3970035314559937,-0.7003123760223389,0.5654295682907104,-0.37410134077072144,0.5447404980659485,0.5218111276626587,0.24962912499904633,-0.40393519401550293,-7.104143142700195,-6.441174507141113,-2.0202796459198,4.7015485763549805
997,5.371047496795654,-3.545847177505493,2.3208353519439697,-2.6711812019348145,2.4659972190856934,3.0656473636627197,3.047276735305786,-2.0577733516693115,-2.043947458267212,-2.038727283477783,-5.340418815612793,3.896426200866699,4.4442524909973145,-5.04874849319458,4.422020435333252,0.2983816862106323,-2.74948787689209,0.873601496219635,-0.2551428973674774,-1.437940001487732,-15.68285083770752,-15.69191837310791,0.005981430411338806,15.654736518859863,1.4622371196746826,-0.9358246326446533,0.5357398986816406,-0.5544684529304504,0.449514776468277,0.6729917526245117,0.652926504611969,-0.4299134910106659,-6.664989471435547,-6.3544721603393555,-0.888669490814209,4.75835657119751
998,5.111998081207275,-5.333467960357666,1.750203013420105,-2.521289825439453,0.3569544553756714,3.1453359127044678,4.865410327911377,-0.8491395711898804,-2.0312867164611816,-2.04447865486145,7.771655559539795,4.177837371826172,7.023219108581543,-6.864080905914307,4.09021520614624,-0.313698410987854,-4.0006818771362305,1.452868103981018,4.214374542236328,-2.5569865703582764,-15.670271873474121,-15.654325485229492,15.683621406555176,15.684565544128418,1.5626285076141357,-1.870875597000122,0.3829861879348755,-0.5031788945198059,-0.009703926742076874,0.6894139051437378,1.1599926948547363,-0.13730666041374207,-6.28114652633667,-6.006926536560059,7.820191383361816,5.489039421081543
999,4.967875957489014,-3.0742669105529785,-1.8551967144012451,-1.42306649684906,-1.6548733711242676,-3.2100179195404053,5.5513715744018555,-0.5620002746582031,-2.029374122619629,-2.034785747528076,3.979299306869507,4.281772136688232,9.374932289123535,-8.687055587768555,2.0182836055755615,-0.7820971012115479,-6.535042762756348,-1.2556341886520386,7.396917343139648,-3.3133792877197266,-15.68775749206543,-15.677328109741211,15.674894332885742,15.686641693115234,1.7800599336624146,-0.7814950942993164,-0.4794691801071167,-0.25035274028778076,-0.5006990432739258,-0.9542303085327148,1.497571349143982,-0.11372412741184235,-5.517850399017334,-5.85761833190918,4.882667541503906,5.725029468536377
