step,tau_0,tau_1,tau_2,tau_3,tau_4,tau_5,tau_6,tau_7,tau_8,tau_9,tau_10,tau_11,vel_0,vel_1,vel_2,vel_3,vel_4,vel_5,vel_6,vel_7,vel_8,vel_9,vel_10,vel_11,act_0,act_1,act_2,act_3,act_4,act_5,act_6,act_7,act_8,act_9,act_10,act_11
0,-8.160089492797852,9.572518348693848,7.19490909576416,-6.574555397033691,-10.252063751220703,-11.569534301757812,-3.664435386657715,-4.211645126342773,11.067216873168945,6.892752647399902,4.2971906661987305,0.7915530800819397,0.7947170734405518,5.067260265350342,4.810463905334473,0.13332945108413696,1.7720704078674316,-1.937864065170288,0.6288759112358093,4.5976338386535645,-2.8682472705841064,-4.553491592407227,-2.7172350883483887,-5.978424549102783,-3.1045877933502197,3.887249231338501,2.6465914249420166,-2.3749423027038574,-4.3359375,-5.444716930389404,-1.2501503229141235,-1.4480218887329102,4.972744464874268,2.512361764907837,1.4793931245803833,0.264128714799881
1,-6.164183139801025,5.104125022888184,-5.070014476776123,0.8365432620048523,-12.572107315063477,-11.351578712463379,-11.907896041870117,-11.109673500061035,14.75885009765625,6.834290027618408,3.31667423248291,6.538477897644043,1.5043842792510986,2.921135187149048,3.286492109298706,0.44062069058418274,1.251156210899353,-5.362689971923828,-2.313659191131592,3.526395082473755,-2.9489471912384033,-3.029724359512329,-3.803940773010254,-4.9450883865356445,-0.925646185874939,0.7764270305633545,-2.671196937561035,1.1809358596801758,-2.9146573543548584,-2.7884836196899414,-4.298222541809082,-3.002049684524536,3.2716097831726074,0.950537383556366,0.40174394845962524,1.6368499994277954
2,-7.063507556915283,5.145227909088135,-2.6861488819122314,0.666400671005249,-10.391805648803711,-6.0960493087768555,-8.467267036437988,-8.352728843688965,14.092489242553711,6.487520217895508,4.7584099769592285,4.776602745056152,1.9706697463989258,3.113405227661133,3.3732376098632812,0.8228973150253296,1.0925853252410889,-5.969862937927246,-3.8919849395751953,2.5516738891601562,-2.65588641166687,-2.44510817527771,-3.569484233856201,-1.5830934047698975,-1.489631175994873,1.1007946729660034,-0.22456131875514984,0.11342018842697144,-1.8297803401947021,-0.8644534945487976,-1.5567455291748047,-1.2349028587341309,2.6137402057647705,1.1590877771377563,0.9569264650344849,0.6091262102127075
3,-9.984697341918945,3.9291927814483643,-2.1365158557891846,0.8666329979896545,-10.473776817321777,-4.995680332183838,-6.740322113037109,-8.18742847442627,15.991865158081055,6.489480018615723,6.373598575592041,4.125402450561523,1.905306339263916,2.7897861003875732,3.2186808586120605,0.21342924237251282,0.7231869101524353,-7.495541095733643,-4.283817768096924,0.5146622657775879,-2.265249252319336,-0.8122305870056152,-3.262803077697754,-5.647473335266113,-2.420164108276367,0.7063390016555786,-0.31799036264419556,0.20695745944976807,-2.1832618713378906,-1.108292579650879,-1.3972086906433105,-1.5754284858703613,3.668876886367798,1.2022470235824585,1.3027392625808716,0.7704441547393799
4,-9.7808198928833,4.813344478607178,-4.6691765785217285,0.6660391688346863,-9.210193634033203,-3.8616228103637695,-7.555673599243164,-5.877037048339844,16.905662536621094,5.999149322509766,6.701755046844482,7.548855304718018,1.938779354095459,3.5402724742889404,2.3925275802612305,0.1878334879875183,-0.029522068798542023,-8.299924850463867,-4.578747749328613,0.7642455101013184,-2.0567922592163086,-0.6976104974746704,-3.3368077278137207,-3.5398833751678467,-1.9162647724151611,1.2100582122802734,-1.1736820936203003,0.10481700301170349,-1.7237939834594727,-0.8937767744064331,-2.020155668258667,-0.9317507147789001,3.868368625640869,1.1744900941848755,1.2271860837936401,1.5031113624572754
5,-10.255169868469238,1.4235999584197998,-2.877120018005371,2.306248903274536,-7.598351001739502,-1.8156089782714844,-6.5827813148498535,-6.439087390899658,16.602951049804688,6.043317794799805,6.892849922180176,7.13383150100708,1.5483119487762451,2.268035650253296,2.819817066192627,-1.4813693761825562,-0.500977098941803,-8.770124435424805,-7.032998085021973,-1.8584492206573486,-1.7697207927703857,0.13768312335014343,0.7927191257476807,-6.038008689880371,-2.1175925731658936,-0.1696256399154663,-0.3265310525894165,0.689031720161438,-1.3738973140716553,-0.15005633234977722,-1.4584139585494995,-1.3594694137573242,3.5404491424560547,1.203637957572937,1.2287092208862305,1.2656580209732056
6,-9.970425605773926,2.7611472606658936,-3.1748545169830322,2.264894723892212,-7.098814964294434,-1.587523102760315,-5.119947910308838,-5.156311988830566,16.68264389038086,6.333789348602295,5.967132568359375,9.510209083557129,1.4781584739685059,2.4407010078430176,1.9919606447219849,-1.9357349872589111,-0.9615498185157776,-8.894243240356445,-7.710543632507324,-2.5049455165863037,-1.4190006256103516,0.5641223192214966,1.7672672271728516,-5.062204837799072,-1.9867115020751953,0.7875593900680542,-0.6157651543617249,0.41116711497306824,-1.4352211952209473,-0.41356849670410156,-1.2184038162231445,-1.0098472833633423,3.7267913818359375,1.3859612941741943,1.3161661624908447,1.69865083694458
7,-10.195235252380371,-0.008325553499162197,-2.2998206615448,4.109138488769531,-6.3338141441345215,1.0889203548431396,-4.178403854370117,-4.532221794128418,16.252395629882812,6.147994518280029,5.933859825134277,9.774497985839844,1.0955451726913452,1.5381425619125366,1.4875595569610596,-1.543625831604004,-1.4995903968811035,-8.879944801330566,-7.777534008026123,-2.892089366912842,0.672900378704071,6.127265930175781,1.8786811828613281,-4.616184234619141,-2.1053431034088135,-0.4016960859298706,-0.3325229287147522,1.0146002769470215,-1.2468634843826294,0.5818377733230591,-0.9963194131851196,-0.9269631505012512,3.5763463973999023,1.2896839380264282,1.3788464069366455,1.6972469091415405
8,-9.263519287109375,-0.46136727929115295,-2.823192596435547,4.2704877853393555,-5.209640979766846,1.184432029724121,-3.4936108589172363,-4.135680675506592,14.078878402709961,3.6498005390167236,6.2948150634765625,9.976229667663574,0.9300684928894043,1.2039066553115845,0.8058004975318909,-0.2400188148021698,-1.7547545433044434,-8.234626770019531,-7.430580139160156,-1.2287274599075317,0.809890627861023,6.420185565948486,1.9094043970108032,-2.527926206588745,-1.7617955207824707,-0.14533185958862305,-0.6125824451446533,0.848371148109436,-0.9687098860740662,0.19290488958358765,-0.8298146724700928,-0.8759468793869019,3.2763819694519043,0.9193555116653442,1.495940923690796,1.737921118736267
9,-8.571133613586426,-2.643265724182129,-2.170588731765747,4.926095962524414,-4.071415901184082,2.140540838241577,-2.2210094928741455,-5.103733062744141,13.43531322479248,3.0066111087799072,7.069873809814453,9.101560592651367,0.602718710899353,-0.20348267257213593,0.3484410047531128,-0.5675119161605835,-2.125373601913452,-7.4669976234436035,-6.4632439613342285,-0.9414217472076416,0.1039288341999054,6.955702781677246,1.991084098815918,-2.5761022567749023,-1.6435177326202393,-0.7962082624435425,-0.34659337997436523,1.1074711084365845,-0.7155936360359192,0.4395737051963806,-0.35556793212890625,-1.1882977485656738,3.1112425327301025,0.7801787853240967,1.755772352218628,1.6812618970870972
10,-7.503838062286377,-2.009428024291992,-2.898322343826294,4.9236836433410645,-3.0988569259643555,1.8727858066558838,-1.6233166456222534,-4.896345615386963,13.579694747924805,2.4676942825317383,7.574540138244629,9.72789478302002,0.579292893409729,-0.9820271730422974,0.24826580286026,-0.755476713180542,-2.2967870235443115,-6.678825855255127,-0.07575182616710663,-1.649593710899353,0.5259910225868225,7.0237135887146,-0.18845325708389282,-2.3619768619537354,-1.382122278213501,-0.33605849742889404,-0.6778466701507568,0.9729013442993164,-0.5372974276542664,0.2764010429382324,-0.29625582695007324,-0.9897257685661316,3.0499165058135986,0.673991858959198,1.8513104915618896,1.8919541835784912
11,-7.026144504547119,-3.2275846004486084,-3.6974844932556152,6.008922576904297,-2.3482346534729004,1.392975926399231,-4.910105228424072,-2.929914712905884,12.556022644042969,1.9018384218215942,8.5944185256958,10.491338729858398,0.08091136813163757,-2.4360744953155518,0.894152045249939,-1.1331284046173096,-3.3688483238220215,-6.435077667236328,-0.7741786241531372,-1.7864511013031006,2.5991125106811523,7.402873516082764,2.514477014541626,-2.5671772956848145,-1.3531410694122314,-0.8515970706939697,-0.8495236039161682,1.3451533317565918,-0.4038248062133789,0.18002218008041382,-1.4056692123413086,-0.36004364490509033,2.755545139312744,0.4732981324195862,1.8001387119293213,2.110685110092163
12,-5.169371604919434,-2.7672994136810303,-3.2366385459899902,6.060489177703857,-1.058524489402771,0.12425336241722107,-4.4336957931518555,-2.9433059692382812,9.9420747756958,1.622243881225586,6.607820987701416,10.865921020507812,-0.1807524561882019,-3.238187551498413,0.6370734572410583,0.21770231425762177,-4.8019819259643555,-6.851129055023193,-1.4577181339263916,-4.100728988647461,5.032570838928223,7.948328018188477,2.5117526054382324,1.612079381942749,-0.8072188496589661,-0.561459481716156,-0.5614454746246338,1.190098524093628,-0.058349497616291046,-0.11790461093187332,-0.8703970909118652,-0.6335076093673706,2.244161605834961,0.4682154059410095,1.4249346256256104,2.086778402328491
13,-5.187767028808594,-3.163255453109741,-0.7814915180206299,5.144667148590088,0.23935985565185547,1.8342785835266113,-4.472187519073486,-1.4797539710998535,8.443521499633789,1.1721973419189453,6.5707502365112305,8.585634231567383,-0.24814875423908234,-4.268043041229248,0.9756172299385071,0.2628692388534546,-4.268979072570801,-6.411708354949951,-2.1880602836608887,-3.7175161838531494,4.502807140350342,8.255099296569824,3.287281036376953,1.5375874042510986,-1.0704327821731567,-0.7873469591140747,0.16407060623168945,0.9618397951126099,0.22791129350662231,0.4861385226249695,-0.9735202789306641,-0.15390223264694214,2.4290294647216797,0.30465853214263916,1.550208568572998,1.9287885427474976
14,-5.138288497924805,-1.4012047052383423,-0.4309688210487366,4.256102085113525,0.9799748659133911,2.542715072631836,-3.4111204147338867,-1.5090045928955078,8.911955833435059,1.329367995262146,6.25729513168335,9.162853240966797,-0.2820751965045929,-4.039093017578125,1.0306696891784668,0.404876708984375,-4.349907875061035,-5.480579376220703,-2.495051860809326,-3.5464751720428467,4.714917182922363,8.053478240966797,3.5762276649475098,1.6966888904571533,-1.048156976699829,-0.07163297384977341,-0.037107765674591064,0.7464601993560791,0.25882160663604736,0.5014011859893799,-0.6028189659118652,-0.3460831046104431,2.551619052886963,0.495788037776947,1.5463652610778809,2.2132368087768555
15,-4.8749847412109375,-1.5661036968231201,-0.24332863092422485,4.289985179901123,2.3861238956451416,3.2366459369659424,-2.1960582733154297,-1.0634374618530273,8.614659309387207,1.4771003723144531,6.163059234619141,9.457738876342773,-0.29004085063934326,-3.796792507171631,0.9696658253669739,0.5362776517868042,-4.321035385131836,-4.358981132507324,-2.593132495880127,-3.464235305786133,4.831051349639893,7.706246852874756,3.7197396755218506,1.7177599668502808,-0.9628128409385681,-0.38611364364624023,-0.0227658748626709,0.8874093294143677,0.5834901332855225,0.6370790004730225,-0.3081533908843994,-0.1723489761352539,2.4131741523742676,0.5234108567237854,1.5565800666809082,2.285154342651367
16,-4.2449469566345215,-1.8122241497039795,-0.8771525025367737,4.471382141113281,3.997358798980713,3.1956872940063477,-0.9481081366539001,-0.40950003266334534,8.30933666229248,1.6001719236373901,6.306551456451416,10.016026496887207,-0.3238224387168884,-3.7225921154022217,0.5459442138671875,0.6311643123626709,-4.169988632202148,-3.3997409343719482,-2.411128282546997,-3.2011876106262207,4.8988471031188965,7.423460006713867,3.463495969772339,1.803869366645813,-0.7796768546104431,-0.45147740840911865,-0.252130925655365,0.950447678565979,0.8979750871658325,0.5681518912315369,-0.026556745171546936,0.006476163864135742,2.317789077758789,0.5392630100250244,1.6445029973983765,2.4810683727264404
17,-3.4551639556884766,-2.23256516456604,-1.7374790906906128,5.082559585571289,5.560173034667969,3.2528316974639893,0.41723302006721497,0.6174485683441162,8.064196586608887,1.6932567358016968,6.836359024047852,10.623815536499023,-0.29948657751083374,-3.844543933868408,0.12238557636737823,0.7303746938705444,-4.217815399169922,-2.5440056324005127,-2.1221516132354736,-3.0655601024627686,5.115255355834961,7.25687837600708,3.3464643955230713,1.8873162269592285,-0.5959194302558899,-0.5755656957626343,-0.456973135471344,1.1456365585327148,1.186366319656372,0.6053722500801086,0.2673830986022949,0.24796247482299805,2.255462169647217,0.5519132018089294,1.805785059928894,2.690359354019165
18,-2.6081650257110596,-2.3353350162506104,-2.509033203125,5.613139629364014,7.042091369628906,2.742642402648926,2.0054314136505127,1.8705153465270996,7.6960248947143555,1.698615312576294,7.260612487792969,11.114522933959961,0.11595821380615234,-4.062580585479736,-0.25264668464660645,0.8668882250785828,-4.187673568725586,-1.9613677263259888,-2.226930856704712,-2.8852121829986572,3.1792991161346436,7.246065139770508,3.138777494430542,2.045091390609741,-0.4134902358055115,-0.555315375328064,-0.608802855014801,1.2543431520462036,1.4522310495376587,0.4546855092048645,0.5758094787597656,0.49326372146606445,2.1607677936553955,0.5308364033699036,1.900037407875061,2.8324759006500244
19,-2.8873252868652344,-1.7431751489639282,-3.11077880859375,6.252557754516602,8.007086753845215,2.6998813152313232,3.9839069843292236,3.000502586364746,8.893266677856445,1.7855195999145508,7.8460307121276855,11.462373733520508,-0.3115117847919464,-3.874584674835205,-0.1479659527540207,0.9030470848083496,-2.7071094512939453,-1.4048856496810913,-1.9377336502075195,-2.5730948448181152,5.7057390213012695,7.25834321975708,2.883251667022705,2.0580644607543945,-0.6109153032302856,-0.31521928310394287,-0.7180554866790771,1.4207061529159546,1.5760371685028076,0.5097066164016724,1.0015994310379028,0.6912754774093628,2.3162031173706055,0.5796390771865845,2.0610761642456055,2.9547488689422607
20,-2.2759687900543213,-2.227731704711914,-3.6664297580718994,7.015848636627197,6.9710259437561035,2.2603657245635986,4.415116310119629,3.867330312728882,7.050586223602295,1.899541974067688,8.061861038208008,11.550760269165039,-0.23353327810764313,-4.003058433532715,-0.3997880220413208,0.930345892906189,-2.064838409423828,-1.1324445009231567,-1.880434513092041,-2.3795969486236572,4.591363430023193,7.5042500495910645,3.0628104209899902,2.133190870285034,-0.3839423656463623,-0.5866260528564453,-0.8180616497993469,1.613034725189209,1.2214925289154053,0.38273847103118896,0.8988991975784302,0.8310704231262207,1.9849284887313843,0.6229379773139954,2.0126559734344482,2.9113690853118896
21,-2.372692346572876,-2.0154967308044434,-4.354841232299805,7.668343544006348,6.641833782196045,2.1173274517059326,4.900065898895264,4.470873832702637,7.898439884185791,1.9014317989349365,8.055987358093262,11.71684455871582,-0.17888447642326355,-3.993826150894165,0.022932477295398712,1.0863003730773926,-1.608720302581787,-0.9061919450759888,-1.7159979343414307,-1.922600269317627,4.908428192138672,7.832193851470947,2.8068735599517822,1.9854331016540527,-0.49223747849464417,-0.4352107048034668,-0.9944606423377991,1.7498693466186523,1.2475414276123047,0.39315712451934814,0.9990160465240479,0.9175520539283752,2.2596654891967773,0.6191161274909973,2.0313897132873535,3.006531000137329
22,-2.027038097381592,-1.7228142023086548,-5.270387172698975,7.6519389152526855,6.722141742706299,1.4770855903625488,5.053807735443115,4.381519794464111,7.628531455993652,1.8933587074279785,8.262750625610352,11.77280330657959,-0.10038165748119354,-3.955876588821411,0.168709859251976,1.124940276145935,-1.1330209970474243,-0.9382714629173279,-1.4450788497924805,-1.6634635925292969,5.121575355529785,8.259943008422852,2.666200876235962,1.9904634952545166,-0.36159807443618774,-0.3528326749801636,-1.191907525062561,1.6564247608184814,1.3329273462295532,0.20602965354919434,0.9933484792709351,0.8288642168045044,2.1364920139312744,0.6339237093925476,2.056398630142212,2.9381322860717773
23,-2.076848030090332,-1.601150393486023,-5.797799587249756,7.774415016174316,6.282883167266846,1.568183183670044,5.040706157684326,4.426969528198242,7.529537200927734,1.8621598482131958,8.31940746307373,11.663690567016602,-0.03187722712755203,-3.887289047241211,0.33125460147857666,1.2219523191452026,-0.8731167316436768,-0.9404934644699097,-1.1758208274841309,-1.2998113632202148,5.269689083099365,8.673986434936523,2.5151238441467285,1.861958622932434,-0.42385685443878174,-0.35027042031288147,-1.2481836080551147,1.7046364545822144,1.19245183467865,0.31621336936950684,0.979714035987854,0.8586756587028503,2.164376974105835,0.6448526978492737,2.0355334281921387,2.890500783920288
24,-2.0756614208221436,-1.4430179595947266,-6.263561248779297,7.69511604309082,6.144384860992432,1.2787278890609741,4.780026912689209,4.323174476623535,7.4709296226501465,1.8147145509719849,8.324710845947266,11.655599594116211,0.028288543224334717,-3.818835735321045,0.4377955198287964,1.2412114143371582,-0.7034016251564026,-1.0527421236038208,-0.9202378392219543,-1.0485594272613525,5.402964115142822,9.136065483093262,2.3601882457733154,1.845696210861206,-0.4158628582954407,-0.3069843649864197,-1.3308602571487427,1.6628140211105347,1.2090457677841187,0.21069860458374023,0.9030871391296387,0.8305944800376892,2.171444892883301,0.6474475264549255,2.0069823265075684,2.8651957511901855
25,-2.1918182373046875,-1.3213661909103394,-6.549321174621582,7.639771461486816,5.977677822113037,1.1722259521484375,4.456347942352295,4.309747219085693,7.435394287109375,1.7504931688308716,8.295960426330566,11.558761596679688,0.057647816836833954,-3.741816997528076,0.5443019270896912,1.2898157835006714,-0.6330726146697998,-1.1994208097457886,-0.6880804300308228,-0.7456366419792175,5.4863362312316895,9.616418838500977,2.219634771347046,1.7342573404312134,-0.45428115129470825,-0.2838659882545471,-1.3627015352249146,1.6514567136764526,1.174770474433899,0.21235084533691406,0.8367354869842529,0.8446373343467712,2.185702085494995,0.6490154266357422,1.9731613397598267,2.828437089920044
26,-2.258718490600586,-1.180261254310608,-6.812094688415527,7.504115104675293,5.912834167480469,1.044355869293213,4.058618068695068,4.227321147918701,7.420610427856445,1.6922286748886108,8.238693237304688,11.54747200012207,0.07841090857982635,-3.6561546325683594,0.6059404015541077,1.2863380908966064,-0.6287991404533386,-1.3880114555358887,-0.47290635108947754,-0.5103727579116821,5.547698974609375,10.113384246826172,2.082151174545288,1.6997289657592773,-0.46097129583358765,-0.2477169930934906,-1.4105170965194702,1.6111910343170166,1.1754294633865356,0.18385708332061768,0.7524476051330566,0.8282230496406555,2.1941072940826416,0.658840537071228,1.936845064163208,2.808544874191284
27,-2.3219263553619385,-1.0705769062042236,-6.98068904876709,7.371402740478516,5.888644218444824,0.9699851870536804,3.6650819778442383,4.184800148010254,7.423913955688477,1.630103349685669,8.157891273498535,11.476387023925781,0.09036682546138763,-3.5634524822235107,0.6651538014411926,1.2842320203781128,-0.6753515005111694,-1.598874568939209,-0.2730635702610016,-0.2606250047683716,5.591824531555176,10.62306022644043,1.9498119354248047,1.6260676383972168,-0.47296780347824097,-0.22666597366333008,-1.4315147399902344,1.5782485008239746,1.1744248867034912,0.17524564266204834,0.6784143447875977,0.8301851749420166,2.207531690597534,0.6665318012237549,1.8954675197601318,2.778033971786499
28,-2.3586363792419434,-0.9630228877067566,-7.124609470367432,7.21038818359375,5.929114818572998,0.9462040066719055,3.230419158935547,4.116334438323975,7.428740501403809,1.5776301622390747,8.064045906066895,11.437164306640625,0.09714857488870621,-3.4602324962615967,0.7171525955200195,1.2899833917617798,-0.7461053133010864,-1.8182505369186401,-0.09438834339380264,-0.012775203213095665,5.628635883331299,11.138351440429688,1.830182433128357,1.514732837677002,-0.47670090198516846,-0.20175841450691223,-1.4559870958328247,1.5363227128982544,1.1886234283447266,0.17594444751739502,0.5890721082687378,0.8198788166046143,2.2153215408325195,0.6838933825492859,1.854191780090332,2.753885507583618
29,-2.348576068878174,-0.8687954545021057,-7.224686622619629,7.016449928283691,6.0022149085998535,0.9660881757736206,2.8032872676849365,4.038705348968506,7.428524971008301,1.5308191776275635,7.943070411682129,11.412005424499512,0.10352987051010132,-3.3522489070892334,0.7335593700408936,1.2602183818817139,-0.8286351561546326,-2.033782720565796,0.07086267322301865,0.19564718008041382,5.665894508361816,11.653356552124023,1.7119007110595703,1.4615908861160278,-0.4683406352996826,-0.18165910243988037,-1.4687955379486084,1.487014889717102,1.2048616409301758,0.1839815378189087,0.5066107511520386,0.8094397187232971,2.2197701930999756,0.7049670815467834,1.8064494132995605,2.7240867614746094
30,-2.3160219192504883,-0.8004148006439209,-7.244562149047852,6.821710586547852,6.096807956695557,1.0165693759918213,2.3682119846343994,3.985747814178467,7.42919397354126,1.488613247871399,7.799099445343018,11.330827713012695,0.10749199241399765,-3.2419421672821045,0.7389082908630371,1.2330697774887085,-0.9131245017051697,-2.2413251399993896,0.2227804809808731,0.40884456038475037,5.703521251678467,12.173799514770508,1.6006022691726685,1.3802906274795532,-0.45867544412612915,-0.16943073272705078,-1.461918592453003,1.4392096996307373,1.2238116264343262,0.19604957103729248,0.41977620124816895,0.8068427443504333,2.2269086837768555,0.7304065823554993,1.7539000511169434,2.686629056930542
31,-2.267190933227539,-0.7432854771614075,-7.239455223083496,6.6062188148498535,6.217543601989746,1.0995054244995117,1.8893569707870483,3.931117296218872,7.432469844818115,1.450950026512146,7.641059398651123,11.264290809631348,0.10738416016101837,-3.1316514015197754,0.7032365798950195,1.2153162956237793,-0.9910820126533508,-2.4369144439697266,0.4180540442466736,0.617322564125061,5.741533279418945,12.701509475708008,1.522020936012268,1.2676457166671753,-0.44663628935813904,-0.15763011574745178,-1.4573482275009155,1.3856250047683716,1.2489557266235352,0.21428680419921875,0.31846141815185547,0.8011771440505981,2.2354557514190674,0.7626389265060425,1.7015385627746582,2.6524369716644287
32,-2.1719675064086914,-0.6981183886528015,-7.180931568145752,6.3685526847839355,6.32725715637207,1.1847904920578003,1.36656653881073,3.8809146881103516,7.437779426574707,1.4102729558944702,7.444886207580566,11.20355224609375,0.1533133089542389,-3.028940439224243,0.7629009485244751,1.1606645584106445,-1.070604681968689,-2.6340394020080566,0.5824316740036011,0.7345560193061829,5.7775797843933105,13.215950012207031,1.505249261856079,1.257766842842102,-0.42132389545440674,-0.14871099591255188,-1.440320611000061,1.3279597759246826,1.2670882940292358,0.22909140586853027,0.2082815021276474,0.796908438205719,2.2447123527526855,0.7962227463722229,1.6418461799621582,2.6131389141082764
33,-2.3296091556549072,-0.7730447053909302,-6.968256950378418,6.332958698272705,6.365166664123535,1.3799400329589844,0.7184280753135681,4.1018900871276855,7.463136672973633,1.3812847137451172,7.2083940505981445,11.097750663757324,0.19501589238643646,-2.975959300994873,0.6489352583885193,1.1012606620788574,-1.178794264793396,-2.806248664855957,0.649170994758606,0.8070813417434692,5.760135173797607,13.73559856414795,1.4820846319198608,1.2638890743255615,-0.4857572019100189,-0.18271368741989136,-1.3670251369476318,1.346447467803955,1.2615550756454468,0.27714669704437256,0.05942927300930023,0.8834690451622009,2.2646405696868896,0.8450477719306946,1.580512285232544,2.5844860076904297
34,-2.81640887260437,-0.8998757600784302,-6.424647808074951,6.41088342666626,6.3723249435424805,1.5918642282485962,-0.06304438412189484,4.633147716522217,7.536866664886475,1.3754832744598389,6.930752277374268,11.04810619354248,0.12100086361169815,-2.9805498123168945,0.5277681350708008,1.0592178106307983,-1.3299686908721924,-2.9219791889190674,0.765659749507904,0.9975425004959106,5.685179710388184,14.360176086425781,1.479698657989502,1.1653996706008911,-0.6274197101593018,-0.2184208631515503,-1.2166876792907715,1.3780298233032227,1.2534109354019165,0.31666165590286255,-0.11827661097049713,1.0431311130523682,2.292178153991699,0.9251773953437805,1.5048021078109741,2.583834409713745
35,-2.8116791248321533,-0.6796812415122986,-6.178747177124023,6.118379592895508,6.630898475646973,1.4238488674163818,-0.7013989090919495,4.8163862228393555,7.578378677368164,1.3222450017929077,6.625369548797607,11.05977725982666,0.06878750026226044,-2.9337189197540283,0.6413055658340454,1.0401408672332764,-1.4155443906784058,-3.102893829345703,0.8375167846679688,1.149910807609558,5.857396602630615,15.05595874786377,1.4134855270385742,1.1189781427383423,-0.5630480647087097,-0.11833780258893967,-1.211701512336731,1.2556445598602295,1.333838701248169,0.23867642879486084,-0.21993185579776764,1.042484998703003,2.278191566467285,0.9822006821632385,1.4289127588272095,2.570786714553833
36,-2.531226634979248,-0.5930038690567017,-6.142343044281006,5.7977471351623535,6.924306869506836,1.6066001653671265,-1.0586276054382324,4.74527645111084,7.465869426727295,1.213624358177185,6.391635417938232,10.932382583618164,0.3837474584579468,-2.882976770401001,0.6184272766113281,0.9999119639396667,-2.3375377655029297,-3.244685649871826,0.9103670716285706,1.2984148263931274,3.4430251121520996,15.737261772155762,1.368536353111267,1.0385910272598267,-0.46998918056488037,-0.11845525354146957,-1.2219027280807495,1.180426001548767,1.39750337600708,0.3129000663757324,-0.2523653507232666,0.9949924349784851,2.264878988265991,1.0150846242904663,1.3763022422790527,2.5073330402374268
37,-2.526182174682617,-0.04715994372963905,-6.429036617279053,5.8182759284973145,8.223798751831055,1.806146502494812,-1.0419586896896362,4.567079544067383,8.964386940002441,1.0985206365585327,6.546471118927002,11.026960372924805,0.1166476383805275,-2.6332287788391113,0.5716688632965088,0.9456103444099426,-1.986400842666626,-3.287900686264038,1.0427610874176025,1.4977134466171265,7.212309837341309,16.24750328063965,1.3076380491256714,0.9198712110519409,-0.4965723752975464,0.07022584229707718,-1.33256995677948,1.2328850030899048,1.736930012702942,0.3499155044555664,-0.1999145895242691,0.9457150101661682,2.3873209953308105,1.0663976669311523,1.4713068008422852,2.5584943294525146
38,-2.377040147781372,-1.2918442487716675,-5.382119178771973,5.29796838760376,7.8465189933776855,2.0377180576324463,-1.3539035320281982,4.460216522216797,6.511498928070068,0.9934880137443542,5.867910861968994,10.627365112304688,0.28538239002227783,-2.7736713886260986,0.5038886070251465,0.88283771276474,-2.2439723014831543,-3.3536059856414795,1.1008821725845337,1.5821187496185303,4.301279067993164,17.120084762573242,1.2293516397476196,0.8846728801727295,-0.45814940333366394,-0.46646907925605774,-0.9327082633972168,1.037365436553955,1.4834728240966797,0.39589834213256836,-0.3017547130584717,0.9405510425567627,2.069349765777588,1.0788531303405762,1.1797202825546265,2.3375136852264404
39,-2.487403631210327,-0.2792547345161438,-5.510955810546875,5.351881504058838,8.41566276550293,1.8460923433303833,-2.0083816051483154,4.778836727142334,8.547747611999512,0.8262512683868408,6.001236438751221,10.79818058013916,0.022718537598848343,-2.593100070953369,0.49157652258872986,0.8538867831230164,-1.916743516921997,-3.4032161235809326,1.2185715436935425,1.7544686794281006,7.102412700653076,17.877056121826172,1.1556601524353027,0.7945032119750977,-0.5075962543487549,0.08623553067445755,-1.1234155893325806,1.1298294067382812,1.6995640993118286,0.3091809153556824,-0.47295331954956055,1.0737838745117188,2.477875232696533,1.2039788961410522,1.3282924890518188,2.4897327423095703
40,-2.3139126300811768,-1.330579400062561,-4.6043806076049805,4.768314361572266,8.18333911895752,1.6972637176513672,-2.2387475967407227,4.56175422668457,6.714186668395996,0.6291790008544922,5.365363121032715,10.432331085205078,0.1475273072719574,-2.7012875080108643,0.47114694118499756,0.7852696776390076,-2.1394457817077637,-3.535649538040161,1.2735607624053955,1.9425675868988037,4.288893222808838,18.880393981933594,1.0638264417648315,0.6112708449363708,-0.4434952735900879,-0.44565558433532715,-0.7949292659759521,0.9119738340377808,1.5768523216247559,0.2871723175048828,-0.4603440761566162,0.9551085233688354,2.152052640914917,1.1950052976608276,1.0631206035614014,2.277628183364868
41,-2.1385176181793213,-0.27583047747612,-4.856083393096924,4.526350021362305,8.871541023254395,1.6582591533660889,-2.8181493282318115,4.5812249183654785,8.592803955078125,0.36340248584747314,5.459400653839111,10.593404769897461,-0.14160776138305664,-1.8259849548339844,0.22850865125656128,0.6689193844795227,-1.7680563926696777,2.505821943283081,1.1760021448135376,1.9722416400909424,7.447070121765137,-0.0006873540114611387,1.1875336170196533,0.44084233045578003,-0.4020511507987976,0.09313905984163284,-1.004725456237793,0.9059165716171265,1.8211276531219482,0.29170936346054077,-0.6179003715515137,1.0014302730560303,2.4595298767089844,1.3087033033370972,1.1871886253356934,2.377793788909912
42,-2.303593158721924,-0.5782118439674377,-4.189764499664307,4.122873306274414,7.495664119720459,-5.028356075286865,0.14788776636123657,3.718585252761841,5.995726108551025,5.902358055114746,6.490758419036865,10.557085990905762,0.005429387092590332,-1.9028488397598267,0.3562789559364319,0.5832212567329407,-2.039776563644409,1.5126510858535767,1.5603362321853638,1.9928393363952637,4.106489181518555,-0.00020231158123351634,0.7035888433456421,0.34100720286369324,-0.4895113408565521,-0.16484877467155457,-0.7549942135810852,0.7932947874069214,1.2867729663848877,-1.8327360153198242,0.4128589630126953,0.6781367659568787,1.804284930229187,1.1737226247787476,1.5888750553131104,2.311093807220459
43,-2.9183766841888428,-0.38093075156211853,-6.214084148406982,7.17318058013916,6.249017238616943,-2.3472647666931152,-1.704606056213379,4.789116859436035,8.73482608795166,5.525452136993408,7.239230155944824,12.018576622009277,-0.1170257106423378,-1.791333556175232,0.48766571283340454,0.6211107969284058,-1.7414897680282593,1.075751543045044,1.5893399715423584,2.084505558013916,5.969518661499023,-0.00016416958533227444,0.7149131894111633,0.30149269104003906,-0.6684908270835876,-0.053474269807338715,-1.5461677312850952,1.9865022897720337,1.022672414779663,-0.12609100341796875,-0.5634021759033203,1.2046875953674316,2.6347479820251465,1.0731111764907837,1.644906997680664,2.9804580211639404
44,-3.2043232917785645,-1.3500196933746338,-6.332489967346191,6.909066200256348,5.977299690246582,-3.4570345878601074,-1.3595731258392334,4.712214469909668,7.460371971130371,5.33430290222168,7.035713195800781,12.224502563476562,-0.17227335274219513,-2.027033567428589,0.379930317401886,0.5983039736747742,-2.0729446411132812,0.39983129501342773,1.400719165802002,2.0969321727752686,6.456644535064697,-0.00016567675629630685,0.7917536497116089,0.24088221788406372,-0.688104510307312,-0.4254220426082611,-1.2897523641586304,1.417712688446045,1.1240936517715454,-0.8228952884674072,-0.2145310789346695,1.0194802284240723,2.228604793548584,1.0589278936386108,1.4784764051437378,2.795715093612671
45,-3.0031588077545166,-1.0231064558029175,-6.463346481323242,6.989299297332764,6.137033462524414,-2.721306800842285,-1.5484545230865479,4.509034156799316,7.31201696395874,5.2211594581604,6.934317588806152,12.253314018249512,-0.18679682910442352,-2.1414990425109863,0.4149945080280304,0.5674632787704468,-1.955707311630249,-0.15778525173664093,1.3119574785232544,2.103001594543457,6.324856758117676,-0.00015623681247234344,0.9158891439437866,0.20839117467403412,-0.5808436274528503,-0.17434725165367126,-1.3312150239944458,1.4838035106658936,1.1849725246429443,-0.45156216621398926,-0.3215160369873047,0.9533807635307312,2.3570656776428223,1.046075463294983,1.4807461500167847,2.7573907375335693
46,-3.048342227935791,-0.6134346723556519,-6.575541973114014,7.14177131652832,6.057738304138184,-2.173325777053833,-1.5442148447036743,4.3480706214904785,7.448888301849365,5.2977519035339355,6.9563679695129395,12.31777286529541,-0.13827826082706451,-2.119852066040039,0.3628719747066498,0.5484997630119324,-2.0842652320861816,-0.620403528213501,1.2755569219589233,2.080396890640259,6.452739238739014,-0.000152042688569054,0.967282235622406,0.22171421349048615,-0.6233627796173096,-0.0738823264837265,-1.3466837406158447,1.5270884037017822,1.1530954837799072,-0.37094342708587646,-0.29635167121887207,0.923713743686676,2.3706631660461426,1.088823914527893,1.5177664756774902,2.779780149459839
47,-3.3948299884796143,-0.5224695205688477,-6.48514461517334,7.410394191741943,6.1247639656066895,-1.535356879234314,-1.601955771446228,4.333763122558594,7.404229164123535,5.4505391120910645,6.983345985412598,12.417180061340332,-0.1104390025138855,-2.0470564365386963,0.3312394618988037,0.5762757062911987,-2.008155345916748,-0.9453567862510681,1.2387140989303589,1.997550129890442,6.376128196716309,-0.0001508039131294936,0.9854822158813477,0.2852443754673004,-0.733752429485321,-0.09930970519781113,-1.303578495979309,1.605062484741211,1.1748247146606445,-0.23143935203552246,-0.31545329093933105,0.9409270882606506,2.369694232940674,1.1318556070327759,1.5251553058624268,2.8221933841705322
48,-3.654788017272949,-0.21055637300014496,-6.518746852874756,7.493490219116211,6.086546897888184,-1.2037020921707153,-1.7400277853012085,4.375999927520752,7.4551286697387695,5.591628551483154,6.970320701599121,12.48635196685791,-0.07443048059940338,-1.8940573930740356,0.3597089648246765,0.612612247467041,-2.145480155944824,-1.1760586500167847,1.2185161113739014,2.005629539489746,6.524660110473633,-0.00014939761604182422,0.9853142499923706,0.2922569811344147,-0.7749633193016052,-0.00036653305869549513,-1.3292180299758911,1.5991761684417725,1.1612764596939087,-0.2053523063659668,-0.35283422470092773,0.9545221924781799,2.3692760467529297,1.160130500793457,1.5155932903289795,2.8536791801452637
49,-3.6996610164642334,0.07598559558391571,-6.698482513427734,7.478175163269043,6.348487854003906,-0.8759952783584595,-1.718855857849121,4.116029262542725,7.355741024017334,5.68388557434082,7.001192092895508,12.577163696289062,-0.06655754894018173,-1.6604646444320679,0.43871909379959106,0.658165454864502,-2.0961196422576904,-1.3258811235427856,1.2061010599136353,2.083052396774292,6.494387149810791,-0.00015035312389954925,0.9587128162384033,0.24138742685317993,-0.7535693049430847,0.05395422875881195,-1.385542631149292,1.5831563472747803,1.2427533864974976,-0.13821327686309814,-0.3283597230911255,0.8543018102645874,2.355311870574951,1.1728215217590332,1.5285565853118896,2.8785111904144287
50,-3.5172014236450195,0.3982541859149933,-7.053529262542725,7.378804683685303,6.488297462463379,-0.6298538446426392,-1.5734134912490845,3.6854469776153564,7.37563419342041,5.721987247467041,7.079387187957764,12.659225463867188,0.00010888557881116867,-1.3306081295013428,0.5436766743659973,0.739136278629303,-2.255399703979492,-1.4264665842056274,1.1903340816497803,2.0860276222229004,6.676158428192139,-0.00014910235768184066,0.953515350818634,0.2523421049118042,-0.6853031516075134,0.11630313843488693,-1.482060432434082,1.550702691078186,1.261242151260376,-0.09809137135744095,-0.2843477725982666,0.7378392219543457,2.3621413707733154,1.1732460260391235,1.5503761768341064,2.8840503692626953
51,-3.3230183124542236,0.41949698328971863,-7.3660759925842285,7.246861457824707,6.807979106903076,-0.32804304361343384,-1.2812880277633667,3.224783182144165,7.279029369354248,5.7414116859436035,7.188479900360107,12.669321060180664,0.03711888566613197,-0.9985015988349915,0.604683518409729,0.7907015085220337,-2.2096357345581055,-1.479893445968628,1.1696832180023193,2.091986656188965,6.653463840484619,-0.00014873116742819548,0.9529095888137817,0.2527056932449341,-0.641625702381134,0.08359695971012115,-1.5374220609664917,1.521621823310852,1.3373124599456787,-0.026937611401081085,-0.20928062498569489,0.6308035254478455,2.362643241882324,1.1747299432754517,1.5815138816833496,2.8827102184295654
52,-3.2376327514648438,0.43595051765441895,-7.592003345489502,7.166261672973633,6.854394912719727,-0.07810454815626144,-1.0969597101211548,2.9177780151367188,7.320494174957275,5.773886203765869,7.275096893310547,12.671120643615723,0.11233121156692505,-0.6683515310287476,0.6275187730789185,0.8310809135437012,-2.3703880310058594,-1.4928486347198486,1.1372836828231812,2.0180370807647705,6.835292816162109,-0.0001461842330172658,0.968917191028595,0.2890303432941437,-0.6387172341346741,0.08709599822759628,-1.5722472667694092,1.5127885341644287,1.3175485134124756,0.018534056842327118,-0.18773581087589264,0.5862714648246765,2.3806440830230713,1.183493971824646,1.5985546112060547,2.8803980350494385
53,-3.340230941772461,0.2977956235408783,-7.646417617797852,7.132946968078613,7.065915107727051,0.2290075570344925,-0.9692562222480774,2.7438771724700928,7.241816997528076,5.839755535125732,7.334479808807373,12.665310859680176,0.12788152694702148,-0.38963016867637634,0.625867486000061,0.8424379229545593,-2.3273496627807617,-1.4439634084701538,1.1093473434448242,2.0092849731445312,6.8170013427734375,-0.00014446867862716317,1.0263375043869019,0.31571081280708313,-0.682883083820343,0.04084957391023636,-1.5592116117477417,1.5141817331314087,1.3694279193878174,0.08369003981351852,-0.17060722410678864,0.5649631023406982,2.38649320602417,1.2022806406021118,1.610707402229309,2.888408899307251
54,-3.4446117877960205,0.3261440098285675,-7.679886341094971,7.103100299835205,7.087876796722412,0.37221720814704895,-0.9530388116836548,2.626601219177246,7.2831196784973145,5.900193691253662,7.33889627456665,12.668471336364746,0.16922427713871002,-0.11506486684083939,0.6282529830932617,0.8571282029151917,-2.497302770614624,-1.356749176979065,1.0775542259216309,1.9678045511245728,7.016107082366943,-0.00014322827337309718,0.9936859607696533,0.3493734300136566,-0.704875648021698,0.06848663836717606,-1.564442753791809,1.507460355758667,1.3561339378356934,0.08931206911802292,-0.18194939196109772,0.5484945178031921,2.4014296531677246,1.2144118547439575,1.610846757888794,2.8948371410369873
55,-3.5271942615509033,0.2855429947376251,-7.713985919952393,7.030980110168457,7.363065719604492,0.5602874159812927,-0.8735023140907288,2.439331293106079,7.192384719848633,5.967236042022705,7.398959636688232,12.668804168701172,0.147404745221138,0.13840331137180328,0.6412804126739502,0.8690563440322876,-2.4703385829925537,-1.2200653553009033,1.054381012916565,1.918440818786621,7.025447368621826,-0.00014331028796732426,0.9371895790100098,0.3536840081214905,-0.7173383831977844,0.051890477538108826,-1.5717095136642456,1.48557710647583,1.4318112134933472,0.13138437271118164,-0.1586092859506607,0.4965618848800659,2.405614137649536,1.2296887636184692,1.6253734827041626,2.9015543460845947
56,-3.425605297088623,0.36773720383644104,-7.8494672775268555,6.8740925788879395,7.47491455078125,0.5970777273178101,-0.7353966236114502,2.192377805709839,7.215787410736084,5.996537685394287,7.464341163635254,12.665016174316406,0.1779022514820099,0.3975631594657898,0.6513650417327881,0.8580012321472168,-2.65866756439209,-1.0850155353546143,1.024425983428955,1.9570232629776,7.256742477416992,-0.00014280612231232226,0.9958579540252686,0.33756163716316223,-0.6732068657875061,0.08522724360227585,-1.6151150465011597,1.437778353691101,1.4395115375518799,0.11981593817472458,-0.12442339956760406,0.4337736964225769,2.4195337295532227,1.2305750846862793,1.634981632232666,2.8968021869659424
57,-3.422070264816284,0.22954313457012177,-7.8460822105407715,6.8362884521484375,7.713493347167969,0.8059726357460022,-0.5307544469833374,1.9315325021743774,7.121763229370117,6.034303188323975,7.493401527404785,12.670333862304688,0.15278001129627228,0.6252989172935486,0.6381527781486511,0.8453869223594666,-2.6400012969970703,-0.9089605212211609,0.9942495822906494,1.918925404548645,7.2830891609191895,-0.00014140561688691378,0.9994168877601624,0.35589706897735596,-0.6842599511146545,0.028280725702643394,-1.593583583831787,1.4457690715789795,1.489355444908142,0.1828932762145996,-0.07636739313602448,0.3772076666355133,2.434840440750122,1.239870309829712,1.6486645936965942,2.8945565223693848
58,-3.4027175903320312,0.206638365983963,-7.845562934875488,6.727580547332764,7.785964488983154,0.8230833411216736,-0.39180874824523926,1.802246332168579,7.155073165893555,6.067549705505371,7.538693428039551,12.638602256774902,0.17127256095409393,0.8393021821975708,0.6263126730918884,0.8430934548377991,-2.831874132156372,-0.7257587909698486,0.9603545665740967,1.8075432777404785,7.519585132598877,-0.00014368223492056131,1.0053002834320068,0.3870927691459656,-0.6796132922172546,0.03932622820138931,-1.5954970121383667,1.4099031686782837,1.488938808441162,0.1626596450805664,-0.05799175798892975,0.36695271730422974,2.4581804275512695,1.2463502883911133,1.658928394317627,2.885859251022339
59,-3.406952142715454,0.10880998522043228,-7.802720069885254,6.61635160446167,8.065970420837402,0.9217888712882996,-0.17782403528690338,1.6725598573684692,7.062409400939941,6.11827278137207,7.594110012054443,12.609536170959473,0.12363564223051071,1.0140892267227173,0.6003205180168152,0.7917362451553345,-2.8356873989105225,-0.5220160484313965,0.9393404722213745,1.8841015100479126,7.5948028564453125,-0.00014115823432803154,0.9970147609710693,0.3666051924228668,-0.6825794577598572,0.00917406938970089,-1.580535650253296,1.384800672531128,1.5576667785644531,0.19361066818237305,-0.006871238350868225,0.3370530605316162,2.4726383686065674,1.2597324848175049,1.6744370460510254,2.8853275775909424
60,-3.3601996898651123,0.0782884880900383,-7.747513294219971,6.546708583831787,8.138614654541016,0.9139243364334106,-0.0154987508431077,1.5147678852081299,7.083160400390625,6.148074626922607,7.639503002166748,12.594199180603027,0.1339101791381836,1.1859685182571411,0.5766326189041138,0.7625371813774109,-3.036325216293335,-0.3201369047164917,0.9104710817337036,1.8325737714767456,7.8503546714782715,-0.0001434403529856354,0.998867928981781,0.367253839969635,-0.6682615876197815,0.012081896886229515,-1.568606972694397,1.371208906173706,1.5501878261566162,0.17952394485473633,0.017966970801353455,0.30179715156555176,2.5058133602142334,1.263137698173523,1.6819818019866943,2.8733155727386475
61,-3.3699660301208496,-0.04317454248666763,-7.649274826049805,6.461259841918945,8.398567199707031,0.9754349589347839,0.18831375241279602,1.396501064300537,6.996466636657715,6.1992034912109375,7.691775798797607,12.569402694702148,0.08520445972681046,1.328764796257019,0.5369690656661987,0.7427943348884583,-3.0613887310028076,-0.10600779950618744,0.8824161291122437,1.711885690689087,7.967517375946045,-0.00014280833420343697,1.001856803894043,0.3930034935474396,-0.6767920255661011,-0.024648601189255714,-1.5420804023742676,1.3491318225860596,1.6116058826446533,0.20206832885742188,0.06673763692378998,0.28055599331855774,2.5300769805908203,1.2771846055984497,1.6963849067687988,2.867042303085327
62,-3.3531293869018555,-0.09144160896539688,-7.533626079559326,6.356916904449463,8.513559341430664,0.9431115388870239,0.3505234718322754,1.390877604484558,7.006378650665283,6.241149425506592,7.724851608276367,12.521628379821777,0.08219902962446213,1.444018840789795,0.49449190497398376,0.6705156564712524,-3.2768564224243164,0.10259615629911423,0.8644630908966064,1.7967569828033447,8.25770092010498,-0.00014522799756377935,0.9950318336486816,0.3659924864768982,-0.6717531085014343,-0.023653673008084297,-1.5170398950576782,1.3225277662277222,1.6199042797088623,0.18467295169830322,0.09449099004268646,0.29369398951530457,2.569504737854004,1.2848950624465942,1.70159912109375,2.856618642807007
63,-3.3743937015533447,-0.20547103881835938,-7.36615514755249,6.330860137939453,8.773516654968262,0.9531285166740417,0.5250698328018188,1.2559738159179688,6.908734321594238,6.283308506011963,7.768432140350342,12.510846138000488,0.02571909688413143,1.5446112155914307,0.4511416256427765,0.6257609724998474,-3.333806037902832,0.3140915036201477,0.8433299660682678,1.747984766960144,8.44099235534668,-0.0001461280626244843,0.9920278191566467,0.3584764897823334,-0.6806309819221497,-0.05368059128522873,-1.475452184677124,1.3232192993164062,1.6744611263275146,0.19359862804412842,0.13208530843257904,0.2488340139389038,2.5999488830566406,1.2940077781677246,1.7124131917953491,2.8492071628570557
64,-3.3721749782562256,-0.26211023330688477,-7.209264278411865,6.262277603149414,8.892380714416504,0.9069194793701172,0.6569013595581055,1.2167962789535522,6.881569862365723,6.317393779754639,7.787471771240234,12.478822708129883,0.03175652027130127,1.6341476440429688,0.4145468771457672,0.6088115572929382,-3.5602948665618896,0.5172063112258911,0.818195104598999,1.6208305358886719,8.748140335083008,-0.00014693598495796323,0.9887396693229675,0.3839349150657654,-0.6790913343429565,-0.05696622282266617,-1.4452123641967773,1.3006092309951782,1.681906819343567,0.17806100845336914,0.15325377881526947,0.2527543008327484,2.6404242515563965,1.3001970052719116,1.7130070924758911,2.8369312286376953
65,-3.3786864280700684,-0.33603930473327637,-7.039884567260742,6.167050838470459,9.206047058105469,0.8899074792861938,0.8326443433761597,1.1865326166152954,6.7763848304748535,6.361358642578125,7.819693565368652,12.43019962310791,-0.030871830880641937,1.696823000907898,0.3732988238334656,0.5285043716430664,-3.6647725105285645,0.7173550724983215,0.8072037100791931,1.7215261459350586,9.02696418762207,-0.000149093713844195,0.9719047546386719,0.3407231569290161,-0.680518388748169,-0.07300868630409241,-1.4084032773971558,1.2758665084838867,1.753784418106079,0.17971181869506836,0.19530414044857025,0.24600285291671753,2.6767916679382324,1.3111071586608887,1.7224972248077393,2.8284029960632324
66,-3.3639414310455322,-0.40960928797721863,-6.842418193817139,6.14322566986084,9.358627319335938,0.8437525033950806,0.9485957026481628,1.0908846855163574,6.699295520782471,6.38407039642334,7.835350513458252,12.409992218017578,-0.01702599786221981,1.7550917863845825,0.3441612720489502,0.49080827832221985,-3.9074594974517822,0.9055047035217285,0.7815964818000793,1.6574325561523438,9.35867691040039,-0.00014781366917304695,0.9613954424858093,0.3363725543022156,-0.6770937442779541,-0.08676208555698395,-1.364013910293579,1.2755088806152344,1.7613887786865234,0.1674593687057495,0.21093200147151947,0.21863636374473572,2.726466178894043,1.3129523992538452,1.721057415008545,2.811979055404663
67,-3.38991641998291,-0.4859197735786438,-6.657124042510986,6.068756580352783,9.65839672088623,0.8147480487823486,1.0842846632003784,1.0386980772018433,6.584794521331787,6.422851085662842,7.854104995727539,12.368147850036621,-0.4357989728450775,1.7689205408096313,0.3087503910064697,0.5472671389579773,-1.377082347869873,1.086080551147461,0.7193807363510132,1.5388479232788086,0.9676809310913086,-0.06833901256322861,0.8884276151657104,0.3452627658843994,-0.6864656209945679,-0.10136478394269943,-1.3269797563552856,1.251476764678955,1.8234657049179077,0.16482675075531006,0.24131058156490326,0.2122780978679657,2.7712883949279785,1.323650598526001,1.725425124168396,2.7998316287994385
68,-2.2398433685302734,2.1000585556030273,-8.648319244384766,5.516968250274658,6.671565532684326,-0.5480102896690369,0.9659633636474609,1.1142879724502563,11.548653602600098,6.245604515075684,8.106264114379883,12.485184669494629,-0.4049440622329712,2.3504133224487305,0.4788447618484497,0.5887287855148315,0.4617551565170288,0.9700741171836853,0.5527623891830444,1.1291824579238892,-0.0005571960937231779,0.00808689370751381,0.9376072287559509,0.5459462404251099,-0.3057689964771271,0.8129582405090332,-2.106484889984131,1.0684990882873535,1.0016382932662964,-0.28867340087890625,0.18153642117977142,0.24510008096694946,2.648193359375,1.246881127357483,1.812091588973999,2.866974115371704
69,-3.2764530181884766,1.1445672512054443,-9.07297134399414,5.805586814880371,4.366636753082275,-0.5542283654212952,1.9980219602584839,0.8856828212738037,11.076798439025879,6.701899528503418,8.511754035949707,12.56965160369873,-0.8074635863304138,2.5931577682495117,0.38222652673721313,0.49740633368492126,1.0941241979599,0.8712358474731445,0.48242539167404175,1.0604777336120605,-0.00026279158191755414,0.021211430430412292,0.8077461123466492,0.5568292737007141,-0.8119944930076599,0.11637068539857864,-1.9384843111038208,1.2534809112548828,0.6313672661781311,-0.10847056657075882,0.5490014553070068,0.15020903944969177,2.227351188659668,1.4491899013519287,1.950100302696228,2.9470365047454834
70,-2.9886398315429688,0.3894205391407013,-9.298473358154297,5.6665802001953125,3.500771999359131,-1.1462953090667725,2.0714354515075684,1.4082701206207275,10.980660438537598,6.7901835441589355,8.683083534240723,12.693832397460938,-1.374427080154419,2.6066038608551025,0.32452207803726196,0.39776551723480225,1.6241049766540527,0.6608381867408752,0.46237486600875854,0.8099690079689026,-0.0002491932827979326,0.023843467235565186,0.8052211999893188,0.6298015713691711,-0.5838413238525391,-0.023491138592362404,-1.9790667295455933,1.1537044048309326,0.6232805848121643,-0.3001673221588135,0.4315471649169922,0.3646017611026764,2.3644602298736572,1.4129217863082886,1.9262869358062744,2.9702439308166504
71,-2.494859218597412,0.09785017371177673,-9.235054016113281,5.538232326507568,2.7831804752349854,-1.4569488763809204,2.075906991958618,1.8865220546722412,10.937978744506836,6.701056957244873,8.656180381774902,12.643230438232422,-1.9385658502578735,2.540475606918335,0.1742582768201828,0.27418118715286255,2.066988706588745,0.39268118143081665,0.33903297781944275,0.6364026665687561,-0.00025279505643993616,0.020190458744764328,0.8047499656677246,0.6544755101203918,-0.46343645453453064,-0.02110874094069004,-1.9216371774673462,1.1234807968139648,0.4981192350387573,-0.32720398902893066,0.423214316368103,0.45300137996673584,2.362639904022217,1.3673397302627563,1.896316409111023,2.9425816535949707
72,-2.075834035873413,-0.1012333407998085,-9.016461372375488,5.454254150390625,2.2095985412597656,-1.4801983833312988,2.1836090087890625,2.211348056793213,10.867053031921387,6.689333438873291,8.65018367767334,12.604103088378906,-2.4473042488098145,2.442303419113159,-0.00757945142686367,0.15677079558372498,2.428229331970215,0.11884946376085281,0.16572266817092896,0.44814950227737427,-0.0002535601961426437,0.007518324535340071,0.8365368843078613,0.6965652108192444,-0.39191824197769165,-0.04540308564901352,-1.861586570739746,1.106475830078125,0.39954450726509094,-0.297355055809021,0.4564856290817261,0.4963826537132263,2.33980655670166,1.3754526376724243,1.8983545303344727,2.9317193031311035
73,-1.6900798082351685,-0.22610442340373993,-8.749397277832031,5.361975193023682,1.6794999837875366,-1.427027702331543,2.373596668243408,2.54723858833313,10.738373756408691,6.742157936096191,8.62081241607666,12.553488731384277,-2.862718105316162,2.3390016555786133,-0.09687864035367966,0.04729008674621582,2.6961090564727783,-0.16210594773292542,-0.03619968891143799,0.24177733063697815,-0.0002534802188165486,0.01084129884839058,0.9710706472396851,0.7502387166023254,-0.31787121295928955,-0.057267360389232635,-1.8058360815048218,1.0814533233642578,0.29300209879875183,-0.2793152332305908,0.5030263662338257,0.5633800625801086,2.297550916671753,1.3949884176254272,1.8932108879089355,2.924713134765625
74,-1.4023505449295044,-0.30436423420906067,-8.523497581481934,5.371377468109131,1.1814221143722534,-1.235432744026184,2.5456595420837402,2.991814613342285,10.62179183959961,6.850157737731934,8.548187255859375,12.534093856811523,-3.2034919261932373,2.238426685333252,-0.16084767878055573,-0.03164900094270706,2.8514864444732666,-0.3970678448677063,-0.14380523562431335,0.05845681577920914,-0.00025555735919624567,0.01394592598080635,1.0396382808685303,0.7991212606430054,-0.27159518003463745,-0.06625907868146896,-1.7615593671798706,1.0939390659332275,0.189069926738739,-0.22468972206115723,0.5315569639205933,0.6649839878082275,2.2703068256378174,1.4276776313781738,1.8906164169311523,2.9370341300964355
75,-0.9888880252838135,-0.2992505431175232,-8.430047988891602,5.315019607543945,0.8262573480606079,-1.0918198823928833,2.728168487548828,3.346431016921997,10.494879722595215,6.965296268463135,8.533013343811035,12.533426284790039,-3.4232048988342285,2.159963846206665,-0.2303202748298645,-0.09176339954137802,2.903801202774048,-0.6008445024490356,-0.2600483298301697,-0.10790959000587463,-0.000256439670920372,0.015308687463402748,1.054789662361145,0.8340086936950684,-0.16232191026210785,-0.05519237369298935,-1.7632999420166016,1.0706441402435303,0.1312544345855713,-0.20331549644470215,0.5688128471374512,0.7211143374443054,2.2369086742401123,1.4542278051376343,1.899029016494751,2.9495389461517334
76,-0.5329158306121826,-0.2964317798614502,-8.376171112060547,5.2592668533325195,0.5275596380233765,-0.881552517414093,3.009673595428467,3.615147113800049,10.36550521850586,7.087296485900879,8.559022903442383,12.541318893432617,-3.496905565261841,2.108800172805786,-0.321553111076355,-0.13820134103298187,2.856236696243286,-0.7629271745681763,-0.36454808712005615,-0.27670344710350037,-0.0002604155451990664,0.005138507578521967,1.0026795864105225,0.8705002665519714,-0.05287982523441315,-0.05505900830030441,-1.7616528272628784,1.0573179721832275,0.07293891161680222,-0.15236735343933105,0.6364673376083374,0.7602471709251404,2.2044076919555664,1.4821349382400513,1.9100110530853271,2.9587106704711914
77,-0.1290154755115509,-0.3177447021007538,-8.314435958862305,5.222753047943115,0.2981492877006531,-0.6365917921066284,3.3565666675567627,3.867210626602173,10.247572898864746,7.228150367736816,8.629743576049805,12.5552396774292,-3.4279253482818604,2.081033229827881,-0.3811556398868561,-0.16533821821212769,2.7257964611053467,-0.8888908624649048,-0.4487452507019043,-0.4476306438446045,-0.00026170769706368446,0.007642360869795084,0.9474603533744812,0.9109242558479309,0.03151577711105347,-0.062106065452098846,-1.752974033355713,1.0510330200195312,0.03195112198591232,-0.09779525548219681,0.7130348682403564,0.8048049211502075,2.1771955490112305,1.514650821685791,1.9240820407867432,2.971628427505493
78,0.18265263736248016,-0.36037421226501465,-8.245721817016602,5.25445556640625,0.14471198618412018,-0.35984116792678833,3.7128095626831055,4.160013675689697,10.163586616516113,7.367142200469971,8.701037406921387,12.58874797821045,-3.244805335998535,2.068657159805298,-0.4403824508190155,-0.18178962171077728,2.532845973968506,-0.9610012769699097,-0.4839073717594147,-0.620293915271759,-0.0002620778977870941,0.0028379594441503286,0.8765882849693298,0.95916748046875,0.07412873208522797,-0.07277034968137741,-1.7384308576583862,1.0666768550872803,0.00911962240934372,-0.03651154786348343,0.784440279006958,0.8650580048561096,2.162118434906006,1.5461069345474243,1.9353525638580322,2.994511842727661
79,0.37337931990623474,-0.4168527126312256,-8.178732872009277,5.337973117828369,0.08958618342876434,-0.10929226875305176,4.047118663787842,4.477141857147217,10.122450828552246,7.504826545715332,8.785603523254395,12.63851547241211,-2.998032569885254,2.056091547012329,-0.38757261633872986,-0.16222462058067322,2.3076014518737793,-0.9661701321601868,-0.6000882387161255,-0.7379353046417236,-0.0002616991405375302,0.002752362983301282,0.901197612285614,0.9879193305969238,0.09049594402313232,-0.085082046687603,-1.7269290685653687,1.091060996055603,0.01138954609632492,0.011806599795818329,0.8490418195724487,0.9275639653205872,2.1590352058410645,1.5758099555969238,1.9492334127426147,3.0241096019744873
80,0.6211427450180054,-0.3734402060508728,-8.30117416381836,5.300929546356201,0.17530223727226257,0.06730515509843826,4.55814790725708,4.6609649658203125,10.09533405303955,7.607282638549805,8.832220077514648,12.696917533874512,-2.692692995071411,2.0566024780273438,-0.3592985272407532,-0.1357545554637909,2.081242799758911,-0.9203420281410217,-0.6777555346488953,-0.8093560338020325,-0.00026177032850682735,3.331568950670771e-05,0.8972205519676208,0.9928849935531616,0.1433981955051422,-0.06451856344938278,-1.776492953300476,1.0680603981018066,0.05024545639753342,0.036790959537029266,0.9722399711608887,0.9440733790397644,2.1546785831451416,1.5937222242355347,1.9645094871520996,3.0473721027374268
81,0.9032557606697083,-0.32201671600341797,-8.476973533630371,5.268319129943848,0.2923896610736847,0.27495917677879333,5.171077251434326,4.733604907989502,10.106668472290039,7.6972761154174805,8.929313659667969,12.754621505737305,-2.3104758262634277,2.0840065479278564,-0.34888356924057007,-0.11090628057718277,1.8571280241012573,-0.8371877670288086,-0.7212777137756348,-0.874485194683075,-0.0002632721443660557,4.0310900658369064e-05,0.8797499537467957,0.996760368347168,0.20116788148880005,-0.05386804789304733,-1.825048804283142,1.0629806518554688,0.07939603179693222,0.08024667948484421,1.110051155090332,0.9423906803131104,2.163745403289795,1.6116514205932617,1.9944016933441162,3.063026189804077
82,1.0040349960327148,-0.37073183059692383,-8.579632759094238,5.337204456329346,0.38950297236442566,0.4540184438228607,5.757554054260254,4.830070972442627,10.15172290802002,7.782870769500732,9.035621643066406,12.811395645141602,-1.9056251049041748,2.10959529876709,-0.3461970090866089,-0.09233331680297852,1.637316346168518,-0.7185680866241455,-0.7652376294136047,-0.9300405979156494,-0.0002649719826877117,5.346811667550355e-05,0.8537032604217529,1.0009747743606567,0.20039618015289307,-0.07539217919111252,-1.8377619981765747,1.0925090312957764,0.0965040847659111,0.11169158667325974,1.2271218299865723,0.9632099270820618,2.1803479194641113,1.6303852796554565,2.019383430480957,3.0813214778900146
83,0.9655309319496155,-0.45502084493637085,-8.653956413269043,5.465755939483643,0.5116224884986877,0.5556510090827942,6.272541522979736,4.951744556427002,10.220781326293945,7.856884956359863,9.135001182556152,12.877331733703613,-1.5351810455322266,2.116110324859619,-0.27125856280326843,-0.06769169867038727,1.4336973428726196,-0.5653899908065796,-0.781240701675415,-0.9362730979919434,-0.0002634976408444345,6.11699724686332e-05,0.8621106147766113,0.978979766368866,0.1784387230873108,-0.09552263468503952,-1.8509551286697388,1.1285316944122314,0.12503200769424438,0.12202822417020798,1.3231842517852783,0.9896536469459534,2.20133113861084,1.6453219652175903,2.0393216609954834,3.105006694793701
84,0.9954427480697632,-0.48247551918029785,-8.837316513061523,5.545290470123291,0.657776951789856,0.5490044951438904,6.768228054046631,4.971161842346191,10.288317680358887,7.889837265014648,9.208989143371582,12.955738067626953,-1.182356357574463,2.1197452545166016,-0.29995638132095337,-0.0815252810716629,1.2420597076416016,-0.4197985529899597,-0.7988179326057434,-0.9071686267852783,-0.00026088376762345433,5.197526479605585e-05,0.8046216368675232,0.9173011183738708,0.1947510838508606,-0.09357791393995285,-1.9028488397598267,1.139561414718628,0.1581440418958664,0.10728668421506882,1.425563097000122,0.9806069731712341,2.2178001403808594,1.6465803384780884,2.057392120361328,3.1240291595458984
85,0.9033750891685486,-0.6012675762176514,-8.886062622070312,5.754885673522949,0.7384077906608582,0.5940327644348145,7.167376518249512,4.985593795776367,10.384757041931152,7.925658226013184,9.318222045898438,13.056139945983887,-0.8750380277633667,2.1147937774658203,-0.2559005618095398,-0.06101874262094498,1.0526299476623535,-0.2637416422367096,-0.8802816271781921,-0.9327692985534668,-0.00026405416429042816,8.03426664788276e-05,0.7927917838096619,0.9110754728317261,0.16352474689483643,-0.1271631121635437,-1.899959683418274,1.2008675336837769,0.16470718383789062,0.12346469610929489,1.4963476657867432,0.9845712780952454,2.246565580368042,1.655095100402832,2.0784993171691895,3.1415040493011475
86,0.8600306510925293,-0.6875734329223633,-8.998042106628418,5.8717732429504395,0.8815888166427612,0.5159218907356262,7.551094055175781,4.990564346313477,10.458711624145508,7.9413676261901855,9.374281883239746,13.103913307189941,-0.6198830008506775,2.0818076133728027,-0.2817477285861969,-0.08028565347194672,0.8814249038696289,-0.12011078000068665,-0.7712486982345581,-0.9118443131446838,-0.00026237108977511525,7.723666203673929e-05,0.7730787396430969,0.8713812232017517,0.1627458930015564,-0.13929158449172974,-1.9299569129943848,1.2143733501434326,0.20194435119628906,0.0923771783709526,1.5705244541168213,0.9822784066200256,2.261284351348877,1.655619740486145,2.085907459259033,3.1521708965301514
87,0.7397326827049255,-0.7947624325752258,-8.99829387664795,6.1386871337890625,0.9284633994102478,0.4819546043872833,7.741520404815674,5.04011869430542,10.546096801757812,7.955534934997559,9.449024200439453,13.196420669555664,-0.43467408418655396,2.0315136909484863,-0.27174147963523865,-0.08185531198978424,0.7112706899642944,0.030566129833459854,-0.7977493405342102,-0.8759737610816956,-0.0002604267792776227,5.4790791182313114e-05,0.7472754716873169,0.8357378244400024,0.1302039623260498,-0.16218948364257812,-1.9174964427947998,1.2909826040267944,0.19713467359542847,0.09183263033628464,1.5965334177017212,1.0000572204589844,2.2854225635528564,1.6585859060287476,2.104820728302002,3.1776511669158936
88,0.7585361003875732,-0.8618553280830383,-9.092874526977539,6.2576117515563965,1.0836338996887207,0.3390861749649048,8.029187202453613,5.018458843231201,10.609696388244629,7.953211784362793,9.511421203613281,13.271679878234863,-0.2919955849647522,1.9794301986694336,-0.29615604877471924,-0.09603196382522583,0.5669330358505249,0.14667952060699463,-0.732190728187561,-0.8424283266067505,-0.0002588306670077145,4.350137896835804e-05,0.6680245995521545,0.7941272258758545,0.1526588797569275,-0.17008239030838013,-1.952540397644043,1.295760154724121,0.24263909459114075,0.04914020746946335,1.6674904823303223,0.9875374436378479,2.297426223754883,1.6555743217468262,2.114778995513916,3.1907565593719482
89,0.707794189453125,-0.9460692405700684,-9.108373641967773,6.46405553817749,1.137977123260498,0.25585028529167175,8.206360816955566,5.022606372833252,10.679359436035156,7.945334434509277,9.602289199829102,13.345176696777344,-0.20447492599487305,1.9226802587509155,-0.24554693698883057,-0.09740772843360901,0.4309566915035248,0.25232306122779846,-0.7303720116615295,-0.7865980863571167,-0.0002591598895378411,2.9766215448034927e-05,0.5795571208000183,0.7369110584259033,0.13400250673294067,-0.18834978342056274,-1.947106957435608,1.3518315553665161,0.23883146047592163,0.04044460505247116,1.6977578401565552,0.9929284453392029,2.3160133361816406,1.6529589891433716,2.1281633377075195,3.2038071155548096
90,0.7582131624221802,-1.0174022912979126,-9.221114158630371,6.556318283081055,1.2410494089126587,0.09988684207201004,8.401674270629883,4.943216323852539,10.724685668945312,7.921189308166504,9.676579475402832,13.409965515136719,-0.14216914772987366,1.8672146797180176,-0.2454480230808258,-0.10660827159881592,0.309375137090683,0.3140421509742737,-0.8220535516738892,-0.7516230344772339,-0.00025816442212089896,2.4412114726146683e-05,0.5903993844985962,0.679094135761261,0.15762564539909363,-0.2005346417427063,-1.9821897745132446,1.3556400537490845,0.26533061265945435,-0.0007033422589302063,1.7415778636932373,0.967776358127594,2.3233695030212402,1.6450623273849487,2.1322121620178223,3.207653045654297
91,0.7322655320167542,-1.1107726097106934,-9.256386756896973,6.6913533210754395,1.2890548706054688,0.034506313502788544,8.583574295043945,4.892579555511475,10.773736000061035,7.912075996398926,9.685397148132324,13.46204948425293,-0.1154111847281456,1.788183331489563,-0.25021371245384216,-0.1274636685848236,0.1932605504989624,0.3695636987686157,-0.6918418407440186,-0.7017067074775696,-0.00025612598983570933,-6.265765478019603e-06,0.5605489611625671,0.6211355328559875,0.14257177710533142,-0.22128519415855408,-1.9807244539260864,1.390413522720337,0.2665557861328125,-0.0018074586987495422,1.7707233428955078,0.962031900882721,2.336423397064209,1.6452668905258179,2.133052349090576,3.2086546421051025
92,0.7193374037742615,-1.180786371231079,-9.270020484924316,6.867003917694092,1.3369100093841553,-0.08706652373075485,8.576824188232422,4.899960517883301,10.816746711730957,7.903794288635254,9.734373092651367,13.538738250732422,-0.11178356409072876,1.6973398923873901,-0.2529821991920471,-0.11577092111110687,0.07386182993650436,0.41083815693855286,-0.6725185513496399,-0.6952746510505676,-0.0002589178620837629,-1.3368135114433244e-05,0.5019379258155823,0.6254850625991821,0.14172977209091187,-0.23226052522659302,-1.9811309576034546,1.4331425428390503,0.2751714587211609,-0.03332007676362991,1.7583417892456055,0.9733394980430603,2.346320629119873,1.6435199975967407,2.144970417022705,3.225487232208252
93,0.794302761554718,-1.2038593292236328,-9.330324172973633,6.9300336837768555,1.476880669593811,-0.2239062339067459,8.690593719482422,4.916781425476074,10.85359001159668,7.897871971130371,9.790947914123535,13.56131649017334,-0.11565437912940979,1.6110467910766602,-0.2536766529083252,-0.11777807772159576,-0.03308115899562836,0.4208328127861023,-0.6012734174728394,-0.6682795882225037,-0.00025784806348383427,-1.2867352779721841e-05,0.44759342074394226,0.5987232327461243,0.16831451654434204,-0.2314431071281433,-2.003192663192749,1.4321603775024414,0.31456685066223145,-0.06216598302125931,1.7986183166503906,0.977327287197113,2.354644775390625,1.6425403356552124,2.150674819946289,3.231372117996216
94,0.8050432801246643,-1.2452043294906616,-9.355680465698242,7.055088520050049,1.571471095085144,-0.28282448649406433,8.76213264465332,4.940289497375488,10.90097713470459,7.894125461578369,9.848151206970215,13.609577178955078,-0.12996917963027954,1.5291794538497925,-0.20833605527877808,-0.10689148306846619,-0.14762622117996216,0.41990476846694946,-0.5790860652923584,-0.6268934011459351,-0.00028669318999163806,2.764817327260971e-05,0.3303532600402832,0.5568068623542786,0.16186940670013428,-0.24224892258644104,-2.0036375522613525,1.4680125713348389,0.3263704180717468,-0.06352663785219193,1.815271258354187,0.9843710064888,2.3685150146484375,1.6420236825942993,2.15863299369812,3.2416985034942627
95,0.8743600249290466,-1.2793031930923462,-9.447640419006348,7.092076301574707,1.7255239486694336,-0.3941788673400879,8.83641529083252,4.895674705505371,10.939742088317871,7.877236843109131,9.925247192382812,13.64950180053711,-0.13049742579460144,1.455541968345642,-0.15437035262584686,-0.09890715777873993,-0.2540598511695862,0.3834567964076996,-0.6213793158531189,-0.6020605564117432,-0.00025803421158343554,7.847591768950224e-05,0.361706405878067,0.5088539719581604,0.18336501717567444,-0.24845629930496216,-2.030731201171875,1.464251160621643,0.3637927770614624,-0.09240711480379105,1.8319299221038818,0.9676433205604553,2.3769428730010986,1.6362496614456177,2.1612014770507812,3.2410383224487305
96,0.8633992075920105,-1.3316915035247803,-9.498984336853027,7.164017200469971,1.8144550323486328,-0.42952537536621094,8.885565757751465,4.866304874420166,10.978759765625,7.8654704093933105,9.901955604553223,13.681599617004395,-0.09440076351165771,1.3569310903549194,-0.18258030712604523,-0.1064826101064682,-0.18092511594295502,0.3443591892719269,-0.55901038646698,-0.5753541588783264,-0.00029685249319300056,0.0004301588051021099,0.21413159370422363,0.4627127945423126,0.1705520749092102,-0.2613638639450073,-2.031989097595215,1.4854847192764282,0.3715813457965851,-0.08955086022615433,1.8337019681930542,0.964154064655304,2.3869802951812744,1.6343739032745361,2.155034065246582,3.238003969192505
97,0.786012589931488,-1.320664882659912,-9.51738166809082,7.240075588226318,1.763124942779541,-0.5243696570396423,8.816801071166992,4.9012603759765625,11.019367218017578,7.883925437927246,9.997489929199219,13.7124605178833,-0.08216221630573273,1.2489194869995117,-0.1700028032064438,-0.08781619369983673,-0.17408022284507751,0.2985110580921173,-0.45673730969429016,-0.5814695954322815,-0.0002972879447042942,0.00039763934910297394,0.21021075546741486,0.482343465089798,0.1466096043586731,-0.25210490822792053,-2.037477493286133,1.5018932819366455,0.34491223096847534,-0.11628688126802444,1.8088899850845337,0.9809949994087219,2.3976540565490723,1.6431206464767456,2.1651268005371094,3.237562656402588
98,0.8415610790252686,-1.2887046337127686,-9.577582359313965,7.26024055480957,1.7913988828659058,-0.611552894115448,8.817728042602539,4.9655680656433105,11.039094924926758,7.893569469451904,9.999898910522461,13.704474449157715,-0.05896332859992981,1.1486961841583252,-0.1356380134820938,-0.07348071783781052,-0.1412486732006073,0.23622725903987885,-0.4414786100387573,-0.5640805959701538,-0.00030836224323138595,0.000561373308300972,0.1839754581451416,0.4666220545768738,0.17536404728889465,-0.2441810965538025,-2.0557122230529785,1.500038743019104,0.3607271909713745,-0.13275933265686035,1.8281031847000122,0.9972785115242004,2.399148941040039,1.6439448595046997,2.161768913269043,3.2409121990203857
99,0.8541669845581055,-1.2234500646591187,-9.677194595336914,7.273609161376953,1.8300868272781372,-0.6402429938316345,8.876049041748047,5.014276027679443,11.081670761108398,7.912723064422607,10.046016693115234,13.72522258758545,-0.04723026975989342,1.0701408386230469,-0.11015556752681732,-0.06259624660015106,-0.15090489387512207,0.1627826690673828,-0.399284303188324,-0.5396285057067871,-0.00033556821290403605,0.002372991293668747,-0.006197396665811539,0.435001939535141,0.17234015464782715,-0.22802230715751648,-2.082422971725464,1.5025994777679443,0.3704652190208435,-0.13104677200317383,1.847398042678833,1.0062479972839355,2.414013385772705,1.6497219800949097,2.1752967834472656,3.2448699474334717
100,0.8552521467208862,-1.2211179733276367,-9.74897575378418,7.297039985656738,1.8701393604278564,-0.6651418209075928,8.87309741973877,5.015550136566162,11.128591537475586,7.9212727546691895,10.16337776184082,13.734457015991211,0.004804633557796478,0.9980409741401672,-0.03208604082465172,-0.06063287332653999,-0.052650175988674164,0.07350252568721771,-0.495696485042572,-0.5156434178352356,-0.00034660252276808023,0.001009683241136372,0.09658529609441757,0.3759114444255829,0.17104661464691162,-0.23613303899765015,-2.09379506111145,1.5097126960754395,0.37821245193481445,-0.1358581781387329,1.841379165649414,1.0009989738464355,2.4268555641174316,1.6503156423568726,2.178576707839966,3.2359585762023926
101,0.7804834842681885,-1.2284672260284424,-9.818625450134277,7.306737899780273,1.7631245851516724,-0.6823497414588928,8.900361061096191,5.042692184448242,11.152482986450195,7.938220500946045,10.072345733642578,13.74450969696045,0.01594579964876175,0.9040452241897583,-0.07281827926635742,-0.056396886706352234,-0.03285679593682289,-0.0084042027592659,-0.4060221016407013,-0.5245385766029358,-0.0003502009785734117,0.0009350343607366085,-0.11291079223155975,0.3819887638092041,0.1463950276374817,-0.23932790756225586,-2.101396083831787,1.5096213817596436,0.3391614556312561,-0.13872754573822021,1.8396575450897217,1.0109317302703857,2.429060935974121,1.6550959348678589,2.159043073654175,3.222205400466919
102,0.774713397026062,-1.156844973564148,-9.857069969177246,7.321414470672607,1.7796539068222046,-0.7178654074668884,8.76636028289795,5.088590621948242,11.19357681274414,7.969490051269531,10.21364688873291,13.723368644714355,0.03300877660512924,0.8069092035293579,-0.0707843080163002,-0.04795386642217636,0.012845546007156372,-0.08357412368059158,-0.2907429337501526,-0.502418041229248,-0.00037291465559974313,0.001225990243256092,-0.12661424279212952,0.36974242329597473,0.15434905886650085,-0.21598386764526367,-2.1152262687683105,1.513906478881836,0.3585924506187439,-0.14864647388458252,1.7986958026885986,1.0219144821166992,2.442659378051758,1.6643909215927124,2.179983139038086,3.219895601272583
103,0.8454036116600037,-1.0793335437774658,-9.912848472595215,7.276806354522705,1.7590880393981934,-0.7449984550476074,8.770729064941406,5.110867023468018,11.192892074584961,7.975083351135254,10.20166301727295,13.709126472473145,0.02266976237297058,0.731513500213623,-0.01010935939848423,-0.03781123831868172,-0.03278650343418121,-0.16264477372169495,-0.31978949904441833,-0.476794958114624,-0.0004204243887215853,0.00525321438908577,-0.1491621732711792,0.3545643985271454,0.17884698510169983,-0.2007584571838379,-2.1292307376861572,1.49592924118042,0.3502313494682312,-0.1533365249633789,1.8294310569763184,1.0247292518615723,2.4352664947509766,1.6618330478668213,2.16646671295166,3.2114884853363037
104,0.947710394859314,-0.9736837148666382,-10.051650047302246,7.2111382484436035,1.8834807872772217,-0.7116745114326477,8.872932434082031,5.098784446716309,11.220505714416504,7.980847358703613,10.23689079284668,13.701473236083984,0.11043357849121094,0.6894211769104004,-0.01117793284356594,-0.03960556164383888,0.22315628826618195,-0.25115349888801575,-0.3284693658351898,-0.45347118377685547,-0.0004936246550641954,0.000580204650759697,-0.2634424865245819,0.3031517565250397,0.20342427492141724,-0.1767900586128235,-2.1686923503875732,1.4789549112319946,0.3934148848056793,-0.13894438743591309,1.85963773727417,1.0184791088104248,2.4472947120666504,1.6637481451034546,2.1792447566986084,3.2067251205444336
105,0.8126303553581238,-0.9613032341003418,-10.071428298950195,7.234142780303955,1.6412429809570312,-0.6861119866371155,8.853994369506836,5.160229206085205,11.258465766906738,8.01609992980957,10.292624473571777,13.687640190124512,0.2343512922525406,0.6420856714248657,0.06045707315206528,-0.04932001233100891,0.7925775051116943,-0.3416186273097992,-0.34834447503089905,-0.4933323860168457,-0.0008324114605784416,-0.006373941898345947,-0.20844805240631104,0.3277607560157776,0.14546406269073486,-0.18661314249038696,-2.1574907302856445,1.49653959274292,0.3007194399833679,-0.1352602243423462,1.8370132446289062,1.0420558452606201,2.458927631378174,1.675233006477356,2.1745028495788574,3.1847269535064697
106,0.6421747207641602,-0.916201651096344,-10.141244888305664,7.219991207122803,1.1097575426101685,-0.8043914437294006,8.709050178527832,5.3232927322387695,11.260184288024902,8.07440185546875,10.213679313659668,13.60224437713623,0.04518666863441467,0.6274756789207458,-0.06369602680206299,-0.10446424037218094,0.41257983446121216,-0.3660677671432495,-0.1473584920167923,-0.3496415913105011,-0.0005429423181340098,-0.023676879703998566,-0.30522340536117554,0.27440884709358215,0.10700669884681702,-0.17379727959632874,-2.172914505004883,1.4871634244918823,0.15951740741729736,-0.17904376983642578,1.7828810214996338,1.0869719982147217,2.453022003173828,1.691163182258606,2.1541497707366943,3.1595675945281982
107,0.8233091831207275,-1.1546152830123901,-10.016289710998535,7.436996936798096,1.3577485084533691,-0.6908459067344666,8.344161987304688,5.13113260269165,11.254679679870605,8.069690704345703,10.304530143737793,13.658079147338867,-0.31293806433677673,0.7451250553131104,-0.2402886152267456,-0.2711000442504883,0.9972201585769653,-0.2180299609899521,0.2562715709209442,0.18961882591247559,-1.8418231010437012,0.0014752093702554703,-0.4199345111846924,0.08304326236248016,0.1886550784111023,-0.2576614320278168,-2.131401777267456,1.5646873712539673,0.3073406219482422,-0.12466288357973099,1.6890594959259033,1.0075671672821045,2.4504470825195312,1.6783634424209595,2.179410934448242,3.1835901737213135
108,0.7325650453567505,-1.6830474138259888,-9.585792541503906,8.125515937805176,0.31750544905662537,-0.9748868942260742,7.449915409088135,4.778419494628906,11.965123176574707,7.860164165496826,10.321757316589355,13.809615135192871,-0.43303194642066956,0.8286872506141663,-0.3227001130580902,-0.41110295057296753,0.7764854431152344,-0.14845488965511322,0.4245048463344574,0.6258269548416138,-0.8194119930267334,-0.000490297214128077,-0.39104631543159485,-0.03827926144003868,0.13177064061164856,-0.39760416746139526,-1.9942935705184937,1.7761434316635132,-0.0740935280919075,-0.23428034782409668,1.4410120248794556,0.9389020800590515,2.3253822326660156,1.6051865816116333,2.1562612056732178,3.1896495819091797
109,0.6653567552566528,-2.7547974586486816,-8.864922523498535,8.655092239379883,0.0006838121335022151,-1.0855700969696045,6.322203159332275,4.269042015075684,10.901542663574219,7.728759288787842,10.177029609680176,13.80040168762207,-0.4936693608760834,0.6541765928268433,-0.42467913031578064,-0.4843845069408417,0.4736192524433136,-0.2104577273130417,0.7511394023895264,0.891436755657196,-1.3315504475031048e-05,-0.019336095079779625,-0.422256201505661,-0.14005985856056213,0.12199723720550537,-0.6793692111968994,-1.7789585590362549,1.864436388015747,-0.04355192929506302,-0.23290735483169556,1.1586074829101562,0.8202961087226868,2.1726338863372803,1.5856305360794067,2.1108107566833496,3.1384317874908447
110,0.7397258877754211,-3.262622117996216,-8.49990463256836,9.00781536102295,-0.11002597957849503,-1.126569390296936,5.088392734527588,3.94693922996521,10.368085861206055,7.577640056610107,10.036924362182617,13.894193649291992,-0.4232516884803772,0.2678546905517578,-0.3033015727996826,-0.4134211242198944,0.3884003758430481,-0.4470783472061157,0.656449019908905,0.7627376317977905,-4.17432383983396e-05,-0.07075508683919907,-0.4697543978691101,-0.1233256384730339,0.15519681572914124,-0.7123473882675171,-1.7565019130706787,1.9161350727081299,-0.03620148450136185,-0.2328975796699524,0.8951919078826904,0.7816349864006042,2.2089591026306152,1.54646635055542,2.0698938369750977,3.169339179992676
111,0.9647623896598816,-2.6791794300079346,-8.791645050048828,8.561951637268066,0.07236254960298538,-1.144818902015686,4.848570346832275,3.867830276489258,10.323213577270508,7.556371212005615,10.01047420501709,13.877965927124023,-0.2857125699520111,-0.03257333114743233,-0.2062000036239624,-0.33879995346069336,1.087372064590454,-0.7455357909202576,0.4718674421310425,0.5665042400360107,-0.0010342594468966126,-0.025641903281211853,-0.4311563968658447,-0.02431456372141838,0.22025060653686523,-0.46089136600494385,-1.909380555152893,1.7042603492736816,0.03887992352247238,-0.236291766166687,0.9699461460113525,0.7877717614173889,2.207906723022461,1.5549126863479614,2.074880599975586,3.1621110439300537
112,0.9873328804969788,-1.9221937656402588,-9.130314826965332,8.136414527893066,-0.5347345471382141,-0.9092903733253479,5.202908039093018,3.979200601577759,10.296730995178223,7.686710834503174,10.018009185791016,13.737858772277832,-0.20510125160217285,-0.1781787872314453,-0.1188763976097107,-0.2313307225704193,0.9032397866249084,-0.9657803773880005,0.30380508303642273,0.35972142219543457,-0.0009623041842132807,-0.018484681844711304,-0.40757349133491516,0.07096890360116959,0.19928443431854248,-0.28771114349365234,-1.9914830923080444,1.616708755493164,-0.1818954348564148,-0.1559079885482788,1.12186598777771,0.8312854170799255,2.204180955886841,1.6157728433609009,2.093118667602539,3.126631259918213
113,1.2560973167419434,-1.5196267366409302,-9.488320350646973,7.765500545501709,-0.10080192238092422,-0.5030194520950317,5.6718597412109375,3.9834141731262207,10.381351470947266,7.842682838439941,10.117143630981445,13.663787841796875,-0.11351187527179718,-0.24018193781375885,-0.024800315499305725,-0.13206815719604492,0.7385218143463135,-1.0924241542816162,0.1792956441640854,0.1586463898420334,-0.0008425092091783881,-0.028940409421920776,-0.4015255272388458,0.14675916731357574,0.28581058979034424,-0.2532331943511963,-2.074532985687256,1.5498098134994507,0.03619106858968735,-0.04891527444124222,1.2326316833496094,0.8110846877098083,2.243668556213379,1.6532021760940552,2.1329007148742676,3.136636972427368
114,1.3730238676071167,-1.1945250034332275,-9.73093032836914,7.420806407928467,0.20184136927127838,-0.17835943400859833,6.156171798706055,4.085268974304199,10.45050048828125,7.978940963745117,10.152022361755371,13.571176528930664,0.12447896599769592,-0.24162207543849945,-0.0468001589179039,-0.062250442802906036,0.7856202125549316,-1.1249786615371704,0.15019994974136353,0.02327582985162735,-0.00013732539082411677,-0.06678338348865509,-0.37986359000205994,0.2391372174024582,0.2899763584136963,-0.19767078757286072,-2.1068150997161865,1.4825865030288696,0.08202975243330002,0.007600419223308563,1.3351905345916748,0.8402647376060486,2.258366346359253,1.6790499687194824,2.130354881286621,3.1177127361297607
115,1.168951392173767,-1.0832291841506958,-9.728485107421875,7.351395130157471,0.2769017219543457,0.10838919132947922,6.411231517791748,4.365604400634766,10.55239486694336,8.143244743347168,10.175691604614258,13.493966102600098,-0.04339633882045746,-0.17039746046066284,-0.053135160356760025,-0.06845101714134216,0.299770325422287,-1.0032106637954712,0.23489053547382355,0.1031859815120697,-0.00021779281087219715,-0.028155367821455002,-0.386127769947052,0.2656676769256592,0.20902413129806519,-0.20357438921928406,-2.07430362701416,1.5102028846740723,0.06718968600034714,0.059508077800273895,1.3586764335632324,0.9203237891197205,2.28951358795166,1.7154043912887573,2.1380553245544434,3.118716239929199
116,1.3890354633331299,-1.2922794818878174,-9.684229850769043,7.384011745452881,0.791689932346344,0.25784870982170105,6.36753511428833,4.258787155151367,10.579758644104004,8.131681442260742,10.171775817871094,13.477530479431152,-0.048778340220451355,-0.10123202949762344,-0.034478750079870224,-0.09530232846736908,0.4198184609413147,-0.8223769068717957,0.39754268527030945,0.27486875653266907,-0.0002493901993148029,-0.012459559366106987,-0.393317312002182,0.21517789363861084,0.3062705993652344,-0.28797274827957153,-2.056556224822998,1.5293763875961304,0.22882220149040222,0.06925111263990402,1.313227653503418,0.8511316776275635,2.2838265895843506,1.694375991821289,2.129751205444336,3.122450113296509
117,1.3528499603271484,-1.4803850650787354,-9.54321002960205,7.460006237030029,0.48731526732444763,0.12662865221500397,6.042921543121338,4.115051746368408,10.49593448638916,8.079794883728027,10.10888957977295,13.439751625061035,-0.08765879273414612,-0.07252752035856247,0.012264302000403404,-0.12323259562253952,0.4032912850379944,-0.6885507106781006,0.41761496663093567,0.4120432734489441,-0.00013886508531868458,-0.02721802145242691,-0.4132310748100281,0.18411245942115784,0.265564501285553,-0.32234641909599304,-2.0045032501220703,1.5504119396209717,0.058118514716625214,0.007816068828105927,1.2117375135421753,0.8228384852409363,2.2443222999572754,1.6765578985214233,2.1044275760650635,3.0855801105499268
118,1.343069076538086,-1.6588762998580933,-9.47509765625,7.510406494140625,0.3287496268749237,0.006037453189492226,5.614736080169678,3.9465959072113037,10.412714958190918,8.051814079284668,10.072559356689453,13.392548561096191,-0.06759021431207657,-0.13307753205299377,-0.025384284555912018,-0.10816755145788193,0.3808494210243225,-0.6443914175033569,0.4628320634365082,0.3982694745063782,-0.00015596539014950395,-0.04754505306482315,-0.461128830909729,0.19415810704231262,0.2665870487689972,-0.3569281995296478,-1.9949508905410767,1.5562162399291992,0.04517834633588791,-0.01446736603975296,1.1011168956756592,0.787343442440033,2.223752737045288,1.670643925666809,2.096677303314209,3.0658247470855713
119,1.3590542078018188,-1.5695292949676514,-9.461603164672852,7.361118316650391,0.2511293590068817,-0.09515158087015152,5.3098063468933105,3.901599884033203,10.330500602722168,8.065577507019043,10.049432754516602,13.309425354003906,0.0009469985961914062,-0.22566097974777222,0.028119131922721863,-0.05615073814988136,0.41282257437705994,-0.6788644790649414,0.3581268787384033,0.21794307231903076,-0.00017512896738480777,-0.06601104140281677,-0.43578964471817017,0.27028101682662964,0.27375632524490356,-0.3042060434818268,-2.007479667663574,1.4961886405944824,0.04035495966672897,-0.03319860249757767,1.0558207035064697,0.7918643355369568,2.2035372257232666,1.6778738498687744,2.0855581760406494,3.041295051574707
120,1.3307398557662964,-1.2928485870361328,-9.577813148498535,7.121755599975586,0.2673237919807434,-0.07250592857599258,5.293069362640381,4.073673725128174,10.319294929504395,8.1571626663208,10.013428688049316,13.201736450195312,0.059106603264808655,-0.2908843457698822,-0.008541707880795002,-0.027796640992164612,0.4108780324459076,-0.6910793781280518,0.3358752131462097,0.12296769767999649,-0.00028359086718410254,-0.049025069922208786,-0.48584628105163574,0.3313814103603363,0.2630670368671417,-0.22417467832565308,-2.0473875999450684,1.4344717264175415,0.05643673986196518,-0.01176191121339798,1.0854668617248535,0.8497454524040222,2.212477207183838,1.7087844610214233,2.0836029052734375,3.0281641483306885
121,1.4009644985198975,-1.0288492441177368,-9.686995506286621,6.889482021331787,0.3442511260509491,-0.010705376975238323,5.389978885650635,4.155707836151123,10.352434158325195,8.234707832336426,10.037954330444336,13.10012149810791,0.06989556550979614,-0.28485947847366333,0.16860339045524597,0.007168050855398178,0.4056893289089203,-0.6332438588142395,0.3382089138031006,0.11674775183200836,-0.000276739097898826,-0.03891938179731369,-0.41225969791412354,0.35272565484046936,0.2908400893211365,-0.17269212007522583,-2.0799999237060547,1.385348916053772,0.08020740002393723,0.006238214671611786,1.1236214637756348,0.8530454039573669,2.22800874710083,1.7280298471450806,2.087362766265869,3.0090715885162354
122,1.6036168336868286,-0.8533371686935425,-9.9288969039917,6.6444196701049805,0.37191346287727356,-0.0128429364413023,5.514317512512207,4.062163829803467,10.347323417663574,8.257099151611328,9.982598304748535,13.001779556274414,0.05613654851913452,-0.23077140748500824,0.029312605038285255,-0.008693288080394268,0.39018088579177856,-0.5595154762268066,0.35167914628982544,0.12523657083511353,-0.0002689594984985888,-0.03429150581359863,-0.477812260389328,0.36407965421676636,0.34926173090934753,-0.14869442582130432,-2.134871482849121,1.3321468830108643,0.07913696020841599,-0.0029120519757270813,1.1549174785614014,0.810911238193512,2.2204205989837646,1.7252869606018066,2.0796756744384766,2.9793450832366943
123,1.7110810279846191,-0.93535315990448,-9.835339546203613,6.603528022766113,0.3039781153202057,0.09724260866641998,5.45182991027832,3.985379695892334,10.319697380065918,8.30269718170166,10.004837036132812,12.892297744750977,0.03298155963420868,-0.18070276081562042,-0.003222411498427391,-0.028746385127305984,0.4027208685874939,-0.46068084239959717,0.39136385917663574,0.1677275151014328,-0.00020057761867064983,-0.0373014360666275,-0.5009275078773499,0.37118056416511536,0.35780245065689087,-0.19944754242897034,-2.085700511932373,1.3503773212432861,0.05239298194646835,0.03357242792844772,1.1156551837921143,0.7978561520576477,2.2098569869995117,1.7393065690994263,2.078921318054199,2.945636749267578
124,1.750290036201477,-1.0455631017684937,-9.736804962158203,6.538289546966553,0.22958700358867645,0.0141751728951931,5.243552207946777,3.9744057655334473,10.246206283569336,8.323433876037598,9.952853202819824,12.793574333190918,0.022789493203163147,-0.16159768402576447,0.15428978204727173,-0.0315505675971508,0.4095157980918884,-0.37536782026290894,0.4575454890727997,0.2169741541147232,-0.00021609713439829648,-0.032722946256399155,-0.4307825565338135,0.36459797620773315,0.3561798334121704,-0.2251206636428833,-2.058016300201416,1.3316600322723389,0.036504827439785004,-0.008075244724750519,1.052625298500061,0.8064433336257935,2.1841673851013184,1.739493727684021,2.055638313293457,2.9195282459259033
125,1.8466169834136963,-0.9828454852104187,-9.848937034606934,6.4091362953186035,0.13007612526416779,-0.13810738921165466,5.016229152679443,3.900651693344116,10.181741714477539,8.311521530151367,9.875022888183594,12.71407413482666,0.014898829162120819,-0.15525299310684204,0.04739576205611229,-0.03786155581474304,0.3823896646499634,-0.34363821148872375,0.3249310851097107,0.18581798672676086,-0.00021368320449255407,-0.04254831746220589,-0.4606567919254303,0.38285622000694275,0.38322436809539795,-0.18923529982566833,-2.096698522567749,1.2950079441070557,0.012930057942867279,-0.04848039895296097,1.0045579671859741,0.7839581370353699,2.1697773933410645,1.7327197790145874,2.0483040809631348,2.8970634937286377
126,1.9341198205947876,-0.9632830619812012,-9.806004524230957,6.291754722595215,0.1177964061498642,-0.10394034534692764,4.941948413848877,3.8603804111480713,10.151407241821289,8.360595703125,9.866447448730469,12.597655296325684,0.016199573874473572,-0.1685325801372528,-0.014850083738565445,-0.03621847182512283,0.4029659628868103,-0.32118338346481323,0.3852454423904419,0.1389179527759552,-0.00019691509078256786,-0.051660336554050446,-0.5004640221595764,0.4151863753795624,0.399583637714386,-0.19111093878746033,-2.0835914611816406,1.2710670232772827,0.022188179194927216,-0.016400106251239777,1.0010043382644653,0.7779510617256165,2.1679165363311768,1.751369595527649,2.0461947917938232,2.862609624862671
127,2.0590126514434814,-0.840258777141571,-9.806747436523438,6.075255870819092,0.09807972609996796,-0.16073660552501678,4.860963821411133,3.8835673332214355,10.097001075744629,8.40264892578125,9.835606575012207,12.468626022338867,0.03031877428293228,-0.15633328258991241,-0.014523129910230637,-0.03234733268618584,0.39654606580734253,-0.30401840806007385,0.38614532351493835,0.09540008008480072,-0.00025680739781819284,-0.03885917365550995,-0.4913378357887268,0.4516792297363281,0.4298914670944214,-0.15261328220367432,-2.0933775901794434,1.2109043598175049,0.017228655517101288,-0.04013896733522415,0.9895793199539185,0.7899655699729919,2.1506400108337402,1.7590867280960083,2.030282735824585,2.830578565597534
128,2.1673877239227295,-0.7567421197891235,-9.832956314086914,5.917699337005615,0.07713791728019714,-0.158787339925766,4.81961727142334,3.9053356647491455,10.069209098815918,8.436339378356934,9.793811798095703,12.348721504211426,0.03321816772222519,-0.12115553021430969,0.24793127179145813,-0.01830284483730793,0.3861580491065979,-0.2691379487514496,0.27909451723098755,0.09500870108604431,-0.0002556378021836281,-0.040688998997211456,-0.3488810658454895,0.44799238443374634,0.4498770833015442,-0.14094123244285583,-2.1005377769470215,1.185931921005249,0.012801192700862885,-0.03180695325136185,0.9850599765777588,0.7931520342826843,2.148165702819824,1.7681500911712646,2.023481845855713,2.8049538135528564
129,2.3148255348205566,-0.6544338464736938,-10.069633483886719,5.715569019317627,0.10700951516628265,-0.1783115267753601,4.840362071990967,3.857102632522583,10.057348251342773,8.463641166687012,9.69996452331543,12.251967430114746,0.001206815242767334,-0.07723376154899597,0.07156814634799957,-0.04832889139652252,0.39203348755836487,-0.2445194572210312,0.3069801330566406,0.07132463157176971,-0.00021396594820544124,-0.04211572930216789,-0.4706594944000244,0.4752655625343323,0.4848976731300354,-0.11762505024671555,-2.157135248184204,1.1375566720962524,0.025711290538311005,-0.03858662396669388,0.992063045501709,0.7743355631828308,2.14786696434021,1.7723222970962524,2.019120931625366,2.7762234210968018
130,2.431455373764038,-0.737895131111145,-9.937786102294922,5.65683650970459,0.02725926600396633,-0.09530951827764511,4.701690673828125,3.8461525440216064,10.031927108764648,8.51913833618164,9.73937702178955,12.106101036071777,-0.020854368805885315,-0.04038424417376518,-0.00178450345993042,-0.08410003036260605,0.39240261912345886,-0.18778899312019348,0.42367279529571533,0.09103763848543167,-0.0002454766654409468,-0.030524328351020813,-0.4609198570251465,0.4801314175128937,0.5034500360488892,-0.1590479612350464,-2.10304594039917,1.1429885625839233,-0.005247033666819334,-0.008040674030780792,0.9444677829742432,0.7761668562889099,2.1394476890563965,1.7892698049545288,2.0160129070281982,2.7340199947357178
131,2.5175065994262695,-0.8165280222892761,-9.795089721679688,5.57294225692749,-0.07226550579071045,-0.1896977722644806,4.456716060638428,3.8461663722991943,9.943974494934082,8.528039932250977,9.6512451171875,11.996132850646973,-0.046150028705596924,-0.019923148676753044,0.18359148502349854,-0.09844543784856796,0.3723441958427429,-0.14442236721515656,0.24211129546165466,0.12237191200256348,-0.00022817656281404197,-0.035990506410598755,-0.35366469621658325,0.4610881209373474,0.5164493918418884,-0.17398196458816528,-2.0670342445373535,1.120174527168274,-0.027461357414722443,-0.0508195236325264,0.883697509765625,0.778961181640625,2.107846260070801,1.7861518859863281,1.9864248037338257,2.7079999446868896
132,2.6253061294555664,-0.735959529876709,-9.930611610412598,5.424125671386719,-0.04525493457913399,-0.25829723477363586,4.377429962158203,3.8023171424865723,9.909541130065918,8.548666954040527,9.566170692443848,11.907127380371094,-0.0793863981962204,-0.006276160478591919,-0.026459291577339172,-0.1228124275803566,0.3844599723815918,-0.1350555270910263,0.3568233847618103,0.0866093635559082,-0.00019463807984720916,-0.04336598515510559,-0.5048003196716309,0.49924951791763306,0.5406998991966248,-0.13650402426719666,-2.1163642406463623,1.0797626972198486,-0.005389250349253416,-0.06106580048799515,0.8783475160598755,0.7649175524711609,2.1081554889678955,1.7910507917404175,1.985870361328125,2.6810386180877686
133,2.7671263217926025,-0.7777547240257263,-9.775969505310059,5.350539207458496,-0.14141586422920227,-0.22066740691661835,4.185362815856934,3.794214963912964,9.868050575256348,8.593453407287598,9.608589172363281,11.755046844482422,-0.08707396686077118,0.0069238245487213135,0.02282370626926422,-0.1410561203956604,0.3805847764015198,-0.11705687642097473,0.4120996296405792,0.07749133557081223,-0.0002358432684559375,-0.035169266164302826,-0.40244168043136597,0.5072594285011292,0.573270320892334,-0.16117587685585022,-2.06961727142334,1.0737028121948242,-0.04058486968278885,-0.03928256779909134,0.83205246925354,0.7660550475120544,2.0969464778900146,1.80422043800354,1.9803013801574707,2.639909505844116
134,2.893920421600342,-0.7459248304367065,-9.75922679901123,5.191105842590332,-0.201413094997406,-0.3098415732383728,4.030533313751221,3.795178174972534,9.788698196411133,8.599661827087402,9.478497505187988,11.645381927490234,-0.09841187298297882,0.019989993423223495,0.11293399333953857,-0.15541474521160126,0.3650824725627899,-0.11561007797718048,0.19948381185531616,0.06666310131549835,-0.00024230671988334507,-0.03949102386832237,-0.3563075065612793,0.5008048415184021,0.5970691442489624,-0.14490804076194763,-2.070258855819702,1.0278706550598145,-0.04768339544534683,-0.0741349533200264,0.8052034378051758,0.7677253484725952,2.0716259479522705,1.80155348777771,1.952796220779419,2.615361452102661
135,3.02168869972229,-0.6481433510780334,-9.869248390197754,5.029402256011963,-0.14563536643981934,-0.27061429619789124,4.034068584442139,3.775331974029541,9.778983116149902,8.64563274383545,9.447920799255371,11.533134460449219,-0.13141240179538727,0.043421849608421326,-0.1268644630908966,-0.1684952974319458,0.3666781187057495,-0.1134377121925354,0.3087467849254608,0.014291942119598389,-0.0002108093467541039,-0.04250364005565643,-0.507595956325531,0.5524566769599915,0.6228241920471191,-0.11649446934461594,-2.108049154281616,0.9934731721878052,-0.021443761885166168,-0.04908085614442825,0.8169249296188354,0.7604749798774719,2.080498456954956,1.8170230388641357,1.961955189704895,2.5814483165740967
136,3.186343193054199,-0.7117794156074524,-9.685832023620605,4.916154861450195,-0.1978219598531723,-0.20137278735637665,3.9026145935058594,3.78114652633667,9.728986740112305,8.693940162658691,9.473909378051758,11.361061096191406,-0.14365032315254211,0.07241612672805786,0.061975330114364624,-0.188362717628479,0.3644217848777771,-0.08117888867855072,0.3531140983104706,0.031991783529520035,-0.0002505230950191617,-0.030480872839689255,-0.3535703420639038,0.5478503108024597,0.6602274775505066,-0.15060779452323914,-2.0525383949279785,0.9762557744979858,-0.04596314579248428,-0.03115762025117874,0.7799711227416992,0.7631219029426575,2.0619513988494873,1.8283337354660034,1.9464645385742188,2.538087844848633
137,3.3248748779296875,-0.6762082576751709,-9.757535934448242,4.768506050109863,-0.2654874622821808,-0.293697327375412,3.7562334537506104,3.7520813941955566,9.654537200927734,8.692438125610352,9.3292818069458,11.260220527648926,-0.1720091700553894,0.10197567194700241,0.027855344116687775,-0.22913065552711487,0.34684422612190247,-0.0655493289232254,0.18449847400188446,0.04525233432650566,-0.0002390495501458645,-0.03376510366797447,-0.34802305698394775,0.5300561189651489,0.6848342418670654,-0.13012778759002686,-2.0737812519073486,0.9401191473007202,-0.061381883919239044,-0.07121802121400833,0.7474372386932373,0.7540354132652283,2.040109395980835,1.822511076927185,1.92473304271698,2.5169217586517334
138,3.4458885192871094,-0.7047350406646729,-9.739899635314941,4.695642471313477,-0.259692907333374,-0.20391112565994263,3.6935548782348633,3.7035605907440186,9.633126258850098,8.741605758666992,9.323974609375,11.149478912353516,-0.21318364143371582,0.1254175901412964,-0.2312174141407013,-0.24650180339813232,0.3504191040992737,-0.04424643516540527,0.31144779920578003,0.00800720602273941,-0.00020230557129252702,-0.03827881067991257,-0.4809822738170624,0.5784627795219421,0.7061579823493958,-0.14421901106834412,-2.0694124698638916,0.9336318969726562,-0.05060524493455887,-0.02885354310274124,0.7380081415176392,0.741664469242096,2.0434653759002686,1.8403669595718384,1.9350429773330688,2.4812276363372803
139,3.5844566822052,-0.8016878366470337,-9.490330696105957,4.589012145996094,-0.32331496477127075,-0.1926163285970688,3.4864675998687744,3.721120595932007,9.550154685974121,8.778829574584961,9.321096420288086,10.981870651245117,-0.22664175927639008,0.13814938068389893,-0.019864767789840698,-0.2624663710594177,0.34541717171669006,-0.011565962806344032,0.3195466995239258,0.02478947304189205,-0.00023008097195997834,-0.030533012002706528,-0.3619917333126068,0.5723521709442139,0.7355210781097412,-0.1725504994392395,-2.003638982772827,0.9069827795028687,-0.07230586558580399,-0.03705323487520218,0.6835746765136719,0.75251704454422,2.013754367828369,1.8466130495071411,1.9111051559448242,2.4403064250946045
140,3.7074995040893555,-0.7211863398551941,-9.584268569946289,4.440622329711914,-0.3748611807823181,-0.30823397636413574,3.3271889686584473,3.6819913387298584,9.483587265014648,8.77817153930664,9.200810432434082,10.88037109375,-0.24676910042762756,0.15268966555595398,-0.060233645141124725,-0.29964956641197205,0.3302474021911621,-0.007052235305309296,0.1989634782075882,0.023425914347171783,-0.0002292045537615195,-0.035239167511463165,-0.35501527786254883,0.5555863976478577,0.758549153804779,-0.13288435339927673,-2.04099702835083,0.8703269958496094,-0.08093149214982986,-0.07707107812166214,0.6554572582244873,0.7380684018135071,2.000464916229248,1.84221351146698,1.895345687866211,2.4186172485351562
141,3.846755266189575,-0.7265588641166687,-9.573040962219238,4.345040798187256,-0.38260459899902344,-0.20538686215877533,3.2788805961608887,3.6160197257995605,9.457633972167969,8.826461791992188,9.18817138671875,10.764053344726562,-0.28115618228912354,0.1698731929063797,-0.32097291946411133,-0.3065648376941681,0.3305107355117798,0.0022624805569648743,0.2840481400489807,-0.0359664261341095,-0.00020641880109906197,-0.03897608071565628,-0.4593638479709625,0.6128615140914917,0.7885012030601501,-0.14529134333133698,-2.037363052368164,0.8564614057540894,-0.07674316316843033,-0.027364976704120636,0.6560758352279663,0.7205340266227722,2.000734567642212,1.859688401222229,1.9018813371658325,2.3817837238311768
142,4.0011396408081055,-0.7912952303886414,-9.338725090026855,4.187079429626465,-0.41309764981269836,-0.1587948352098465,3.1296963691711426,3.646906852722168,9.36853313446045,8.868294715881348,9.173175811767578,10.581901550292969,-0.2899564504623413,0.1832522451877594,-0.09289254248142242,-0.316346138715744,0.32276400923728943,0.0386781319975853,0.27602076530456543,-0.023292213678359985,-0.00023932280601002276,-0.0289764441549778,-0.36983722448349,0.6099852919578552,0.8208869099617004,-0.1659681797027588,-1.9762829542160034,0.8160973787307739,-0.08575285226106644,-0.025536544620990753,0.6165906190872192,0.7376713752746582,1.9695332050323486,1.868101716041565,1.8797075748443604,2.3377883434295654
143,4.1373209953308105,-0.7003329992294312,-9.456908226013184,4.020331859588623,-0.4430410861968994,-0.24843110144138336,3.010855197906494,3.5994672775268555,9.308282852172852,8.873259544372559,9.076255798339844,10.46369743347168,-0.3119857609272003,0.20340073108673096,-0.13835835456848145,-0.35938915610313416,0.30993714928627014,0.05832090601325035,0.1796053647994995,-0.01556207612156868,-0.000233488593949005,-0.03202425688505173,-0.3455950915813446,0.5887848734855652,0.8464339971542358,-0.12714876234531403,-2.0191657543182373,0.7806237936019897,-0.09164372831583023,-0.06153655797243118,0.5947935581207275,0.718772292137146,1.9598037004470825,1.865502953529358,1.8673839569091797,2.3118906021118164
144,4.296853065490723,-0.7348572611808777,-9.428255081176758,3.9214131832122803,-0.46499690413475037,-0.12921760976314545,2.979959487915039,3.513035535812378,9.266321182250977,8.91878890991211,9.050421714782715,10.339950561523438,-0.35447487235069275,0.22846055030822754,-0.4114322066307068,-0.3707939684391022,0.30631616711616516,0.08509956300258636,0.2637825310230255,-0.06249134987592697,-0.00020513328490778804,-0.03476639837026596,-0.4358220100402832,0.6413556933403015,0.8814005255699158,-0.15054702758789062,-2.0059781074523926,0.7680090665817261,-0.09498671442270279,-0.009907610714435577,0.5973148345947266,0.6958897709846497,1.9527603387832642,1.8812134265899658,1.8703162670135498,2.2742395401000977
145,4.4541015625,-0.8260068297386169,-9.158148765563965,3.7580630779266357,-0.49611467123031616,-0.0752621591091156,2.8097574710845947,3.5423736572265625,9.15909481048584,8.955767631530762,9.032870292663574,10.155619621276855,-0.36660149693489075,0.24163033068180084,-0.17835229635238647,-0.38213714957237244,0.29781192541122437,0.13918828964233398,0.2549808621406555,-0.041847504675388336,-0.00022708823962602764,-0.026763124391436577,-0.37278351187705994,0.6355968713760376,0.9116464257240295,-0.17602047324180603,-1.9344168901443481,0.7264890670776367,-0.10235405713319778,-0.007820971310138702,0.5476179122924805,0.7156623005867004,1.917213797569275,1.8882519006729126,1.850743055343628,2.230193614959717
146,4.575429916381836,-0.7485069632530212,-9.24854850769043,3.601940631866455,-0.5209388136863708,-0.19114024937152863,2.6665701866149902,3.49116587638855,9.09772777557373,8.9587984085083,8.948795318603516,10.032722473144531,-0.38501790165901184,0.2549208104610443,-0.23310840129852295,-0.42650046944618225,0.28752294182777405,0.1669188141822815,0.18328458070755005,-0.037567295134067535,-0.00022410386009141803,-0.030827539041638374,-0.33057963848114014,0.6137948036193848,0.9318444132804871,-0.13825060427188873,-1.9712034463882446,0.6956533193588257,-0.10648099333047867,-0.05341578274965286,0.5206230878829956,0.6958073973655701,1.9099700450897217,1.8852518796920776,1.8380578756332397,2.203178644180298
147,4.728542804718018,-0.7774628400802612,-9.19581413269043,3.4951491355895996,-0.5629743933677673,-0.09162522107362747,2.620182991027832,3.4054133892059326,9.044382095336914,9.001876831054688,8.907026290893555,9.907443046569824,-0.42686453461647034,0.2738041281700134,-0.498018354177475,-0.43388664722442627,0.28213730454444885,0.1951565146446228,0.24482017755508423,-0.09030803292989731,-0.0002036813530139625,-0.03391057252883911,-0.4195578098297119,0.6669586300849915,0.9669741988182068,-0.15803129971027374,-1.9540116786956787,0.6792234182357788,-0.11712876707315445,-0.005005247890949249,0.5223042964935303,0.6734516024589539,1.898708701133728,1.9003084897994995,1.8377456665039062,2.1666946411132812
148,4.884160041809082,-0.8380880951881409,-8.93344497680664,3.3001415729522705,-0.5794258713722229,-0.04126066341996193,2.456458330154419,3.437039375305176,8.937838554382324,9.041325569152832,8.893362045288086,9.719242095947266,-0.43336033821105957,0.2855600118637085,-0.26637300848960876,-0.44035783410072327,0.27246278524398804,0.24907386302947998,0.23650811612606049,-0.07853730022907257,-0.00022404908668249846,-0.026072543114423752,-0.38916823267936707,0.6639426946640015,0.9974896311759949,-0.17413285374641418,-1.8875718116760254,0.6286286115646362,-0.11701954156160355,-0.0015156343579292297,0.4756530523300171,0.6937585473060608,1.8655074834823608,1.9087260961532593,1.821410894393921,2.1217172145843506
149,4.995648384094238,-0.7610249519348145,-9.010522842407227,3.140439510345459,-0.5937423706054688,-0.15524211525917053,2.324519157409668,3.3857672214508057,8.887349128723145,9.049064636230469,8.825445175170898,9.588476181030273,-0.44686421751976013,0.29493072628974915,-0.3109697699546814,-0.48151835799217224,0.2659672498703003,0.2830602526664734,0.18222054839134216,-0.07648627460002899,-0.00022347980120684952,-0.02930639684200287,-0.33285024762153625,0.644981324672699,1.0149545669555664,-0.14059513807296753,-1.9191594123840332,0.6012108325958252,-0.11962515860795975,-0.04585815221071243,0.4521523714065552,0.6733195185661316,1.862443447113037,1.9071799516677856,1.8086442947387695,2.0933146476745605
150,5.1580400466918945,-0.775292158126831,-8.962432861328125,3.0161590576171875,-0.6410109996795654,-0.06977320462465286,2.3004117012023926,3.2948758602142334,8.827277183532715,9.092975616455078,8.770611763000488,9.454687118530273,-0.49303144216537476,0.31937113404273987,-0.5768604874610901,-0.49067002534866333,0.25598594546318054,0.3137817978858948,0.2169695645570755,-0.12672898173332214,-0.00020261098688933998,-0.031120799481868744,-0.4003981053829193,0.6948767900466919,1.0549275875091553,-0.1554633527994156,-1.9043270349502563,0.5797916650772095,-0.13337916135787964,-0.0025119855999946594,0.4605522155761719,0.6493474841117859,1.8469740152359009,1.9220250844955444,1.805345058441162,2.055795431137085
151,5.318081855773926,-0.8412012457847595,-8.696820259094238,2.814295530319214,-0.6546963453292847,0.0006507746293209493,2.155275583267212,3.3202271461486816,8.726069450378418,9.139324188232422,8.75461196899414,9.265325546264648,-0.4994763135910034,0.33588331937789917,-0.3467915952205658,-0.49828049540519714,0.24662454426288605,0.37564244866371155,0.21864274144172668,-0.11070170998573303,-0.0002185374469263479,-0.023704174906015396,-0.3896501362323761,0.6906877160072327,1.085336446762085,-0.17516832053661346,-1.8361607789993286,0.5294573307037354,-0.13170671463012695,0.00943564623594284,0.4161355495452881,0.6683681607246399,1.8171398639678955,1.9332149028778076,1.7929847240447998,2.011093854904175
152,5.418507099151611,-0.7769608497619629,-8.752753257751465,2.6568613052368164,-0.6617962718009949,-0.11930928379297256,2.018871307373047,3.26920223236084,8.679984092712402,9.150559425354004,8.700764656066895,9.128961563110352,-0.5097187161445618,0.34568819403648376,-0.393839955329895,-0.5375468730926514,0.24251194298267365,0.4165422022342682,0.17734456062316895,-0.10670913010835648,-0.00021583253692369908,-0.027157489210367203,-0.32486867904663086,0.6731862425804138,1.0986177921295166,-0.14519239962100983,-1.8608593940734863,0.5038996934890747,-0.13228416442871094,-0.0393681600689888,0.3893125057220459,0.6489935517311096,1.814975619316101,1.9318026304244995,1.7812175750732422,1.981345772743225
153,5.572975158691406,-0.8001869916915894,-8.68746566772461,2.5365936756134033,-0.7154179215431213,-0.05051002278923988,1.9949764013290405,3.1714205741882324,8.61447525024414,9.194099426269531,8.638440132141113,8.990365028381348,-0.5595081448554993,0.3691011369228363,-0.6534143686294556,-0.5488439798355103,0.2303592562675476,0.44879287481307983,0.19716769456863403,-0.15526340901851654,-0.0001974296465050429,-0.02915574423968792,-0.3847211003303528,0.7182291746139526,1.137765645980835,-0.1613122671842575,-1.8425014019012451,0.4839193522930145,-0.14909422397613525,-0.0008950307965278625,0.39873480796813965,0.6227277517318726,1.796852946281433,1.9459930658340454,1.7755064964294434,1.9439796209335327
154,5.723703861236572,-0.8578255772590637,-8.425726890563965,2.333188533782959,-0.7240699529647827,0.021748701110482216,1.858476996421814,3.1814045906066895,8.518269538879395,9.248019218444824,8.625231742858887,8.805122375488281,-0.5633269548416138,0.38248300552368164,-0.43310654163360596,-0.5745150446891785,0.22077926993370056,0.5104615688323975,0.20705588161945343,-0.13344860076904297,-0.00021526080672629178,-0.022833263501524925,-0.3915726840496063,0.6879791617393494,1.165724277496338,-0.17708152532577515,-1.7773538827896118,0.43274256587028503,-0.14494282007217407,0.014002077281475067,0.3566868305206299,0.6375455260276794,1.7699977159500122,1.9602519273757935,1.7662606239318848,1.9009498357772827
155,5.809841156005859,-0.8056795001029968,-8.470427513122559,2.1974904537200928,-0.7235535979270935,-0.095280721783638,1.7324488162994385,3.1234724521636963,8.477956771850586,9.266575813293457,8.583393096923828,8.686808586120605,-0.5646587014198303,0.39291223883628845,-0.46268972754478455,-0.5729657411575317,0.22103732824325562,0.5508310198783875,0.16656574606895447,-0.15958274900913239,-0.00021296844352036715,-0.026154786348342896,-0.31133389472961426,0.7311710715293884,1.1757280826568604,-0.15225206315517426,-1.7993848323822021,0.41432663798332214,-0.14366364479064941,-0.034174926578998566,0.3326061964035034,0.6180900931358337,1.769293189048767,1.96035897731781,1.7552720308303833,1.8742003440856934
156,5.958592891693115,-0.8098402619361877,-8.404250144958496,2.0355567932128906,-0.7578999996185303,-0.053373321890830994,1.7288963794708252,3.0358164310455322,8.411458969116211,9.306934356689453,8.50851821899414,8.51136302947998,-0.6191127300262451,0.41172879934310913,-0.7319434881210327,-0.6134573817253113,0.20423665642738342,0.5800777673721313,0.1767091155052185,-0.1818288415670395,-0.0001953312603291124,-0.027389422059059143,-0.3755435347557068,0.7163217067718506,1.2156095504760742,-0.16045472025871277,-1.779725432395935,0.37915346026420593,-0.15507656335830688,-0.004979141056537628,0.3475445508956909,0.5951378345489502,1.7500377893447876,1.9722923040390015,1.7464779615402222,1.8325837850570679
157,6.103306770324707,-0.8754885792732239,-8.151637077331543,1.8702853918075562,-0.7749263644218445,0.05800795555114746,1.6132819652557373,3.003293514251709,8.319869041442871,9.376139640808105,8.512346267700195,8.362874031066895,-0.6193981170654297,0.43077245354652405,-0.49754709005355835,-0.6091421246528625,0.19615264236927032,0.6443998217582703,0.18737192451953888,-0.18486517667770386,-0.00021004746668040752,-0.02104499377310276,-0.3831142783164978,0.7392696142196655,1.2416880130767822,-0.18139418959617615,-1.7197203636169434,0.34525832533836365,-0.1563088297843933,0.026704780757427216,0.30958104133605957,0.5956138968467712,1.7252784967422485,1.993306040763855,1.7440664768218994,1.7955881357192993
158,6.189211368560791,-0.8304278254508972,-8.182117462158203,1.702085018157959,-0.7489777207374573,-0.0822996273636818,1.4987341165542603,2.964017391204834,8.279712677001953,9.391904830932617,8.464911460876465,8.214506149291992,-0.6179417371749878,0.4348524510860443,-0.5436874628067017,-0.6365100741386414,0.19799132645130157,0.6863709092140198,0.15443938970565796,-0.18110303580760956,-0.00020665311603806913,-0.024096911773085594,-0.30357789993286133,0.7282041907310486,1.2529611587524414,-0.15780627727508545,-1.7338327169418335,0.3121752440929413,-0.14546209573745728,-0.0347452238202095,0.28668785095214844,0.5869728326797485,1.723936915397644,1.9898492097854614,1.7285938262939453,1.7651222944259644
159,6.3231425285339355,-0.850803017616272,-8.105198860168457,1.583640217781067,-0.8035454154014587,-0.026601294055581093,1.5039613246917725,2.8449947834014893,8.20923900604248,9.439054489135742,8.397832870483398,8.069424629211426,-0.676552951335907,0.4558631479740143,-0.7901280522346497,-0.6526119709014893,0.17966577410697937,0.7181330919265747,0.15401050448417664,-0.22770816087722778,-0.00019103247905150056,-0.0249087642878294,-0.3572651743888855,0.7638997435569763,1.288029670715332,-0.17047543823719025,-1.7143341302871704,0.29489168524742126,-0.16695117950439453,0.0020738765597343445,0.3032430410385132,0.5523994565010071,1.7032815217971802,2.005018472671509,1.723346471786499,1.7277623414993286
160,6.471169948577881,-0.9131106734275818,-7.8507304191589355,1.386417269706726,-0.7969720363616943,0.06595811247825623,1.393511414527893,2.8173022270202637,8.117695808410645,9.50764274597168,8.394489288330078,7.8919453620910645,-0.6759130954742432,0.4682496190071106,-0.584395170211792,-0.6749736666679382,0.17066051065921783,0.7800546884536743,0.1769864857196808,-0.20737534761428833,-0.0002013114426517859,-0.019567564129829407,-0.37474963068962097,0.7384310364723206,1.3169283866882324,-0.1881048083305359,-1.6516770124435425,0.24577626585960388,-0.15770095586776733,0.02599143236875534,0.26561272144317627,0.5575869679450989,1.6793111562728882,2.024883270263672,1.7189507484436035,1.6872342824935913
161,6.542037010192871,-0.8910284638404846,-7.857301712036133,1.2589174509048462,-0.789362370967865,-0.05295804515480995,1.2786165475845337,2.756838083267212,8.076770782470703,9.532913208007812,8.358328819274902,7.770809650421143,-0.6677659153938293,0.46889570355415344,-0.6056571006774902,-0.6741860508918762,0.17686524987220764,0.8226923942565918,0.14435145258903503,-0.23290783166885376,-0.0002045910805463791,-0.02257273532450199,-0.2891239523887634,0.7739279866218567,1.322784662246704,-0.17260564863681793,-1.6619457006454468,0.22968527674674988,-0.15606224536895752,-0.02621639519929886,0.24218343198299408,0.5422311425209045,1.677681565284729,2.0250911712646484,1.7065987586975098,1.661203384399414
162,6.666815757751465,-0.896338164806366,-7.777384281158447,1.109065055847168,-0.8264274597167969,-0.03274451568722725,1.2858506441116333,2.657792568206787,8.006011009216309,9.577178001403809,8.281702995300293,7.600229740142822,-0.7291949987411499,0.4811730682849884,-0.865705668926239,-0.7102712392807007,0.15420961380004883,0.8499654531478882,0.14187851548194885,-0.25133824348449707,-0.00018681453366298229,-0.023036986589431763,-0.35082459449768066,0.7655209302902222,1.3574528694152832,-0.17729653418064117,-1.640884280204773,0.19753143191337585,-0.16928482055664062,-0.003741748631000519,0.25945496559143066,0.5161297917366028,1.6571730375289917,2.0377511978149414,1.697499394416809,1.6206525564193726
163,6.8103203773498535,-0.9692261815071106,-7.518340587615967,0.9392691254615784,-0.8245739936828613,0.08687784522771835,1.1836382150650024,2.5860342979431152,7.918699741363525,9.654895782470703,8.289764404296875,7.439817905426025,-0.7267360687255859,0.4916418492794037,-0.6473896503448486,-0.7086204886436462,0.1471022516489029,0.9098279476165771,0.16274625062942505,-0.2600608766078949,-0.00019721194985322654,-0.017964757978916168,-0.3563022315502167,0.7792022228240967,1.3855891227722168,-0.2004348635673523,-1.5788754224777222,0.16129955649375916,-0.16397684812545776,0.03405117243528366,0.22431181371212006,0.505158007144928,1.634994387626648,2.0619189739227295,1.697373628616333,1.5813628435134888
164,6.882204055786133,-0.9389274716377258,-7.513923645019531,0.7821493148803711,-0.8039134740829468,-0.042662154883146286,1.0772593021392822,2.5483531951904297,7.877145290374756,9.68154525756836,8.24169921875,7.29941463470459,-0.7118004560470581,0.483478844165802,-0.6829038858413696,-0.730188250541687,0.1546672135591507,0.9513887166976929,0.13197384774684906,-0.2559763193130493,-0.00019779779540840536,-0.020715555176138878,-0.28083619475364685,0.7761510014533997,1.3928091526031494,-0.18083833158016205,-1.5850415229797363,0.13240596652030945,-0.15734386444091797,-0.025724060833454132,0.20259808003902435,0.5021271109580994,1.632503628730774,2.0611557960510254,1.6812152862548828,1.554404377937317
165,6.997921943664551,-0.9497473835945129,-7.425400733947754,0.6548840403556824,-0.840570330619812,-0.00895429216325283,1.0870145559310913,2.4183409214019775,7.809945583343506,9.729606628417969,8.176156997680664,7.141953468322754,-0.7784209847450256,0.4952874779701233,-0.9154770374298096,-0.7431049346923828,0.1299627423286438,0.9803032875061035,0.12291064113378525,-0.30394378304481506,-0.00018303333490621299,-0.02056792564690113,-0.33387160301208496,0.8077192902565002,1.424863338470459,-0.18850035965442657,-1.5639957189559937,0.111257404088974,-0.17216753959655762,0.0026280805468559265,0.21967826783657074,0.46394723653793335,1.6135526895523071,2.075256586074829,1.6756093502044678,1.5141483545303345
166,7.159203052520752,-1.0123217105865479,-7.169436931610107,0.4496102035045624,-0.814507007598877,0.1019388809800148,0.9887581467628479,2.3484630584716797,7.724651336669922,9.809944152832031,8.174615859985352,6.955373764038086,-0.7723707556724548,0.5008702278137207,-0.7315599322319031,-0.7653433680534363,0.12182396650314331,1.0378389358520508,0.1517896056175232,-0.2842339873313904,-0.00018847567844204605,-0.016261987388134003,-0.3419046998023987,0.7838900089263916,1.4599533081054688,-0.20748154819011688,-1.5007466077804565,0.061012834310531616,-0.15889251232147217,0.03628157824277878,0.18546007573604584,0.45670086145401,1.5917308330535889,2.100135087966919,1.672351598739624,1.4713634252548218
167,7.224795818328857,-1.0046242475509644,-7.132236480712891,0.3125931918621063,-0.8020666837692261,-0.0010290993377566338,0.8789503574371338,2.2845041751861572,7.68154239654541,9.841989517211914,8.131196975708008,6.8267598152160645,-0.750313937664032,0.4906330704689026,-0.7313946485519409,-0.7551327347755432,0.1334034949541092,1.0823105573654175,0.12077753245830536,-0.31251293420791626,-0.0001915794564411044,-0.018869293853640556,-0.25998198986053467,0.8157941102981567,1.4630084037780762,-0.19671715795993805,-1.4996215105056763,0.04311153292655945,-0.15820354223251343,-0.014381058514118195,0.16215775907039642,0.4457108974456787,1.5883759260177612,2.100940227508545,1.6584539413452148,1.4457451105117798
168,7.3344550132751465,-0.988800585269928,-7.046841621398926,0.14912284910678864,-0.824751615524292,0.0008599473512731493,0.8835152983665466,2.1781959533691406,7.616201400756836,9.890405654907227,8.056020736694336,6.64909029006958,-0.8194510340690613,0.49615681171417236,-0.9841516017913818,-0.7919473052024841,0.10383179038763046,1.1105414628982544,0.12058030068874359,-0.3233630061149597,-0.00017467024736106396,-0.0184179600328207,-0.33287107944488525,0.8129446506500244,1.4945714473724365,-0.1926642656326294,-1.4798288345336914,0.007845491170883179,-0.16726356744766235,0.00042998045682907104,0.17798922955989838,0.41795146465301514,1.5704638957977295,2.114485025405884,1.6495516300201416,1.4033035039901733
169,7.501387596130371,-1.0668315887451172,-6.7750959396362305,-0.04132181778550148,-0.7918846607208252,0.13484694063663483,0.7766417860984802,2.0516445636749268,7.537046909332275,9.97528076171875,8.065311431884766,6.4602484703063965,-0.8111070394515991,0.50351881980896,-0.7793811559677124,-0.7790627479553223,0.09791943430900574,1.167132019996643,0.13669610023498535,-0.33979302644729614,-0.00018314042245037854,-0.014513553120195866,-0.3190268874168396,0.8186553716659546,1.5321075916290283,-0.22027938067913055,-1.4127908945083618,-0.033543139696121216,-0.1536271572113037,0.046553485095500946,0.14168809354305267,0.3900640606880188,1.5507725477218628,2.141385316848755,1.6486215591430664,1.3566811084747314
170,7.561657905578613,-1.0416251420974731,-6.725959777832031,-0.20648613572120667,-0.7867648005485535,0.026968583464622498,0.6784142255783081,2.0259087085723877,7.482656955718994,10.013296127319336,8.00156021118164,6.31660270690918,-0.7792235016822815,0.48630842566490173,-0.8026069402694702,-0.8027538061141968,0.11133047193288803,1.2132965326309204,0.10252568125724792,-0.33329102396965027,-0.00018380217079538852,-0.017042070627212524,-0.24435973167419434,0.8215762972831726,1.5328693389892578,-0.2016819417476654,-1.4083960056304932,-0.06500318646430969,-0.15624040365219116,-0.009316213428974152,0.1232292503118515,0.3980686068534851,1.5423438549041748,2.143796920776367,1.6299717426300049,1.3318846225738525
171,7.655562400817871,-1.0206676721572876,-6.626147747039795,-0.33660000562667847,-0.808738112449646,0.0430818647146225,0.6756348013877869,1.895418643951416,7.425205707550049,10.064024925231934,7.93676233291626,6.1461639404296875,-0.8520687818527222,0.49847137928009033,-1.006906270980835,-0.7923974990844727,0.07963113486766815,1.247177004814148,0.11229216307401657,-0.3776448369026184,-0.00016857631271705031,-0.01601656898856163,-0.3156736493110657,0.8490518927574158,1.5606286525726318,-0.19833245873451233,-1.3875449895858765,-0.08702126145362854,-0.16409075260162354,0.011222951114177704,0.13515065610408783,0.35847461223602295,1.5291298627853394,2.157451629638672,1.62542724609375,1.2895516157150269
172,7.835997581481934,-1.071311354637146,-6.367929458618164,-0.5511029362678528,-0.7704493403434753,0.15847927331924438,0.569414496421814,1.778934121131897,7.347362518310547,10.148446083068848,7.938877105712891,5.938517093658447,-0.8361073732376099,0.5090744495391846,-0.8601195812225342,-0.8247973918914795,0.07394637167453766,1.302246332168579,0.1230955570936203,-0.3640463054180145,-0.00017472749459557235,-0.01278327964246273,-0.2996262311935425,0.8291067481040955,1.604686975479126,-0.2175161987543106,-1.3222301006317139,-0.14260175824165344,-0.1487540602684021,0.049126140773296356,0.10013817250728607,0.3362482190132141,1.5088673830032349,2.1841182708740234,1.621185302734375,1.2405052185058594
173,7.886301517486572,-1.075582504272461,-6.272155284881592,-0.6738566160202026,-0.7908686995506287,0.08660704642534256,0.4652831554412842,1.7435358762741089,7.287581920623779,10.190534591674805,7.879140377044678,5.807779788970947,-0.7911743521690369,0.5033775568008423,-0.8209533095359802,-0.7798178195953369,0.09122545272111893,1.3545069694519043,0.08294711261987686,-0.39005047082901,-0.00017991535423789173,-0.01499322522431612,-0.2149282842874527,0.8545576333999634,1.600843906402588,-0.21219415962696075,-1.306413173675537,-0.15553691983222961,-0.1605837345123291,0.008130542933940887,0.07953260838985443,0.3405761122703552,1.4983066320419312,2.188122034072876,1.605259895324707,1.2191988229751587
174,7.954782485961914,-1.0080283880233765,-6.194349765777588,-0.8281897306442261,-0.8162582516670227,0.04837996885180473,0.4563760459423065,1.6653404235839844,7.234294891357422,10.234963417053223,7.807371139526367,5.639815330505371,-0.8644077181816101,0.5181114673614502,-1.0315086841583252,-0.8234400749206543,0.055913448333740234,1.390162467956543,0.11283702403306961,-0.3935014009475708,-0.00016169891750905663,-0.01375233381986618,-0.29051145911216736,0.8607515692710876,1.622068166732788,-0.1895594447851181,-1.2934863567352295,-0.19113197922706604,-0.16614234447479248,0.00481676310300827,0.09026430547237396,0.31880664825439453,1.4874932765960693,2.1987345218658447,1.5987169742584229,1.1799877882003784
175,8.140347480773926,-1.076961874961853,-5.9388747215271,-0.9918786287307739,-0.7788705825805664,0.17598867416381836,0.33919402956962585,1.481643557548523,7.174992084503174,10.311504364013672,7.8182597160339355,5.429932117462158,-0.8384885787963867,0.5495587587356567,-0.8767337799072266,-0.7710106372833252,0.0530271977186203,1.4395949840545654,0.10486695915460587,-0.4133008122444153,-0.0001715354883344844,-0.010930012911558151,-0.2679482698440552,0.8529979586601257,1.6712796688079834,-0.22088204324245453,-1.2280030250549316,-0.22673895955085754,-0.15068817138671875,0.05475126951932907,0.0524740070104599,0.2685950994491577,1.4735348224639893,2.2234184741973877,1.597781777381897,1.1267650127410889
176,8.17508602142334,-1.0764693021774292,-5.82957124710083,-1.1630656719207764,-0.8319562673568726,0.10143958777189255,0.24912042915821075,1.4924167394638062,7.095043659210205,10.361066818237305,7.747524261474609,5.2930755615234375,-0.7812661528587341,0.5544410347938538,-1.030730962753296,-0.7638739347457886,0.07243241369724274,1.4788345098495483,0.11383402347564697,-0.4430910050868988,-0.00018214901501778513,-0.012483994476497173,-0.312542200088501,0.868846595287323,1.6620817184448242,-0.21136653423309326,-1.2074180841445923,-0.26218166947364807,-0.1732526421546936,0.010910265147686005,0.03793524205684662,0.29612207412719727,1.4529143571853638,2.231755018234253,1.5776197910308838,1.1062266826629639
177,8.217764854431152,-1.0846107006072998,-5.592026710510254,-1.2835665941238403,-0.8455891013145447,0.1227576956152916,0.11881444603204727,1.3968048095703125,7.06121301651001,10.422029495239258,7.732285499572754,5.120463848114014,-0.8475468754768372,0.5736735463142395,-0.9115318059921265,-0.7809889912605286,0.03446738421916962,1.5275731086730957,0.12090351432561874,-0.43396610021591187,-0.00015608218382112682,-0.010951494798064232,-0.2757198214530945,0.8848568797111511,1.6772325038909912,-0.2141903042793274,-1.1520377397537231,-0.2801755964756012,-0.17052876949310303,0.028829209506511688,0.0064229816198349,0.2628270387649536,1.4522355794906616,2.2482404708862305,1.5749284029006958,1.0648375749588013
178,8.326247215270996,-1.0553754568099976,-5.503817081451416,-1.4112659692764282,-0.8253405690193176,0.08982188254594803,0.03278708830475807,1.302090048789978,7.020762920379639,10.467523574829102,7.6639299392700195,4.948376178741455,-0.8236047029495239,0.5976681709289551,-1.0176745653152466,-0.731988251209259,0.03459252417087555,1.5676212310791016,0.1213701143860817,-0.4518378973007202,-0.00016824156045913696,-0.008491368032991886,-0.2815287113189697,0.8841922283172607,1.7021334171295166,-0.20334002375602722,-1.141802430152893,-0.30779364705085754,-0.1623888611793518,0.014327995479106903,-0.004928961396217346,0.2445429563522339,1.442388892173767,2.2574820518493652,1.559700608253479,1.0279985666275024
179,8.429685592651367,-1.0640592575073242,-5.299215793609619,-1.6224948167800903,-0.8614720106124878,0.13788563013076782,-0.026646653190255165,1.1594998836517334,6.937369346618652,10.53333854675293,7.621736526489258,4.735815048217773,-0.7487698793411255,0.6252233982086182,-0.8785223364830017,-0.698419451713562,0.04887722432613373,1.6086281538009644,0.10592934489250183,-0.4503248631954193,-0.00016969515127129853,-0.011090550571680069,-0.2549004554748535,0.8644014596939087,1.7293286323547363,-0.2098352015018463,-1.090619683265686,-0.36184367537498474,-0.1769917607307434,0.03587125986814499,-0.013235822319984436,0.20977860689163208,1.4178427457809448,2.2777390480041504,1.551419734954834,0.9748870134353638
180,8.438835144042969,-1.0317963361740112,-5.238646030426025,-1.7418900728225708,-0.9246917366981506,0.12428481131792068,-0.07556603848934174,1.1064141988754272,6.870099067687988,10.587653160095215,7.570578575134277,4.588174819946289,-0.8736842274665833,0.5784298777580261,-1.051443099975586,-1.3365888595581055,0.020001322031021118,1.680941104888916,0.13228100538253784,-0.6793399453163147,-0.00015154291759245098,-0.009691447950899601,-0.27081039547920227,1.2637385129928589,1.7240221500396729,-0.19793806970119476,-1.0863696336746216,-0.37348195910453796,-0.19310837984085083,0.024372689425945282,-0.0215618759393692,0.21119683980941772,1.4054876565933228,2.28865647315979,1.5428321361541748,0.9504303932189941
181,8.713335037231445,-1.0378071069717407,-5.079391956329346,-1.6563414335250854,-0.8307543992996216,0.31898704171180725,-0.1841120421886444,0.9273093342781067,6.838576793670654,10.688254356384277,7.529446125030518,4.279792785644531,-0.8798571228981018,0.5704841613769531,-0.9357537627220154,-1.9091697931289673,0.02551707625389099,1.780576467514038,0.16012775897979736,-0.9360872507095337,-0.00015099917072802782,-0.009298635646700859,-0.29934436082839966,1.6457633972167969,1.8089854717254639,-0.2047692835330963,-1.052160620689392,-0.3405955731868744,-0.15369665622711182,0.09512423723936081,-0.05106402933597565,0.15699177980422974,1.403810739517212,2.322321891784668,1.5316625833511353,0.893791913986206
182,8.836893081665039,-1.0072224140167236,-5.055685520172119,-1.6517080068588257,-0.8619232177734375,0.40507933497428894,-0.28230077028274536,0.9179560542106628,6.754627227783203,10.816718101501465,7.467135429382324,4.028457164764404,-0.8295491933822632,0.5595090985298157,-0.9960260987281799,-2.456843852996826,0.05842473357915878,1.8971341848373413,0.1423337757587433,-1.2204813957214355,-0.0001634709187783301,-0.012174432165920734,-0.28343069553375244,2.1040191650390625,1.8185999393463135,-0.1938403844833374,-1.0548981428146362,-0.3574351966381073,-0.17645353078842163,0.09848331660032272,-0.06916643679141998,0.17592626810073853,1.3778856992721558,2.3595950603485107,1.511993646621704,0.8633646965026855
183,8.939007759094238,-0.9625886082649231,-4.9756269454956055,-1.631974458694458,-0.8449949026107788,0.5175474286079407,-0.3681759834289551,0.8290010094642639,6.722663879394531,10.95128059387207,7.373968124389648,3.7220771312713623,-0.9352678060531616,0.5791487097740173,-0.8695355653762817,-3.019005060195923,0.026394739747047424,2.0410521030426025,0.22487357258796692,-1.5147738456726074,-0.00014312603161670268,-0.010385029017925262,-0.26978448033332825,2.6054937839508057,1.844111680984497,-0.18330195546150208,-1.0360435247421265,-0.35788771510124207,-0.16636300086975098,0.12674474716186523,-0.08471597731113434,0.14691084623336792,1.3784708976745605,2.3943183422088623,1.4908413887023926,0.8087737560272217
184,9.131244659423828,-0.8921716809272766,-4.961284637451172,-1.6368881464004517,-0.7995802760124207,0.6653788685798645,-0.5024818778038025,0.6365254521369934,6.709671974182129,11.095245361328125,7.278589725494385,3.3488783836364746,-0.9162678718566895,0.6226893067359924,-0.9087528586387634,-3.573516368865967,0.04037252068519592,2.207123279571533,0.2202562391757965,-1.8904949426651,-0.00015668949345126748,-0.008189313113689423,-0.22182059288024902,3.1822688579559326,1.887439250946045,-0.16584235429763794,-1.0331617593765259,-0.37028470635414124,-0.15390050411224365,0.16434526443481445,-0.11741723120212555,0.09579610824584961,1.3783986568450928,2.4336793422698975,1.470705270767212,0.734351634979248
185,9.260193824768066,-0.8774683475494385,-4.785557270050049,-1.6923521757125854,-0.856651246547699,0.8932307958602905,-0.6058013439178467,0.4537253677845001,6.6299967765808105,11.277234077453613,7.128645420074463,2.9100899696350098,-0.8313078880310059,0.6845802068710327,-0.9542827010154724,-4.15653657913208,0.07516033202409744,2.405604839324951,0.16772332787513733,-2.344238519668579,-0.0001639813563087955,-0.010313675738871098,-0.249949112534523,3.8514528274536133,1.913957118988037,-0.16992464661598206,-0.9775176644325256,-0.39848193526268005,-0.17873674631118774,0.22630774974822998,-0.13400240242481232,0.06150394678115845,1.3514169454574585,2.4879300594329834,1.435680866241455,0.6436814069747925
186,9.239330291748047,-0.8228511214256287,-4.515634059906006,-1.6782994270324707,-0.9504121541976929,1.1506091356277466,-0.7851576209068298,0.31041985750198364,6.597423076629639,11.496108055114746,6.999168872833252,2.4717957973480225,-0.925320565700531,0.7708897590637207,-0.9440410137176514,-4.736954212188721,0.04725663363933563,2.675658941268921,0.03592677786946297,-2.7889301776885986,-0.00014421207015402615,-0.007301362231373787,-0.2177949696779251,4.595864772796631,1.8952436447143555,-0.15361440181732178,-0.9076747894287109,-0.3939376771450043,-0.20207220315933228,0.2886923551559448,-0.18017037212848663,0.039076149463653564,1.3511619567871094,2.5512373447418213,1.404639720916748,0.5611156225204468
187,9.284894943237305,-0.7104027271270752,-4.251223087310791,-1.6715809106826782,-1.019446611404419,1.369874119758606,-0.8682299256324768,-0.005951318424195051,6.586852550506592,11.705866813659668,6.7915167808532715,1.9494431018829346,-0.8636751174926758,0.9172274470329285,-0.8221118450164795,-5.2985005378723145,0.07994475960731506,2.9734413623809814,0.029336072504520416,-3.3318803310394287,-0.00016160788072738796,-0.006009936798363924,-0.16789907217025757,5.441723823547363,1.9011859893798828,-0.12364249676465988,-0.8503173589706421,-0.4026152193546295,-0.21302258968353271,0.33500099182128906,-0.18505294620990753,-0.040586113929748535,1.3520543575286865,2.6064836978912354,1.3540514707565308,0.4362223446369171
188,9.144536972045898,-0.6947319507598877,-3.90975022315979,-1.5930148363113403,-1.3542743921279907,1.6266423463821411,-0.9878031015396118,-0.3358418941497803,6.560353755950928,11.906739234924316,6.568756580352783,1.4134396314620972,-0.7207412719726562,1.1355586051940918,-0.8305667042732239,-5.757229328155518,0.12089326232671738,3.27042293548584,0.07403095811605453,-4.004647254943848,-0.00018125830683857203,-0.0072760311886668205,-0.23209257423877716,6.361202239990234,1.852400302886963,-0.13240915536880493,-0.761249303817749,-0.3807744085788727,-0.31498658657073975,0.4021565914154053,-0.21346773207187653,-0.12503653764724731,1.3439998626708984,2.6590566635131836,1.3083879947662354,0.30973634123802185
189,8.771403312683105,-0.8734137415885925,-3.272625207901001,-1.4439356327056885,-1.8443700075149536,1.9137625694274902,-1.3284108638763428,-0.5895880460739136,6.552879810333252,12.083646774291992,6.406138896942139,0.94748455286026,-0.7346168160438538,1.3142033815383911,-0.6395043134689331,-6.149322032928467,0.12238980829715729,3.65513014793396,0.060043156147003174,-4.61211633682251,-0.00018427753821015358,-0.0034480560570955276,-0.16681203246116638,7.329928398132324,1.7463269233703613,-0.19076666235923767,-0.5889558792114258,-0.3379477560520172,-0.43346381187438965,0.47664904594421387,-0.31058967113494873,-0.17641931772232056,1.3451279401779175,2.702404260635376,1.2726151943206787,0.2039424329996109
190,8.278158187866211,-0.8704516291618347,-2.803931474685669,-1.2385214567184448,-2.1200015544891357,1.8853263854980469,-1.5300555229187012,-0.9966945052146912,6.660434246063232,12.166982650756836,6.1283793449401855,0.4593786597251892,-0.5991843938827515,1.5589942932128906,-0.6281983852386475,-6.343613624572754,0.16426515579223633,3.990164041519165,0.06644077599048615,-5.343381404876709,-0.00021613691933453083,-0.0009382022544741631,-0.20473171770572662,8.329526901245117,1.6118249893188477,-0.16585952043533325,-0.508171021938324,-0.2811136543750763,-0.4603395462036133,0.4302288293838501,-0.33287161588668823,-0.30208951234817505,1.3851737976074219,2.709338903427124,1.20744788646698,0.05627727508544922
191,7.7429118156433105,-1.0094926357269287,-2.1036643981933594,-1.119415521621704,-2.4849884510040283,2.125981569290161,-1.7529778480529785,-1.5085091590881348,6.7459893226623535,12.255183219909668,5.9608540534973145,-0.0971817746758461,-0.4974244236946106,1.7883912324905396,-0.50559401512146,-6.439228057861328,0.17729990184307098,4.381193161010742,0.057923056185245514,-6.1046881675720215,-0.00022262585116550326,0.00040076952427625656,-0.17472001910209656,9.330855369567871,1.5022914409637451,-0.20885977149009705,-0.3347601890563965,-0.2655241787433624,-0.5447375774383545,0.5331127643585205,-0.3802652955055237,-0.45585089921951294,1.4006298780441284,2.734754800796509,1.180733561515808,-0.11940914392471313
192,7.095875263214111,-1.2424914836883545,-1.3783494234085083,-0.957078218460083,-2.730759382247925,2.133230209350586,-1.9136661291122437,-1.9596147537231445,6.825258255004883,12.272615432739258,5.656796455383301,-1.3559850454330444,-0.4100412130355835,1.9665262699127197,-0.4049261808395386,-6.252623558044434,0.21909768879413605,4.765233993530273,0.05297524854540825,-6.570079326629639,-0.0002323383669136092,3.035273402929306e-05,-0.1269524097442627,8.86242389678955,1.3505876064300537,-0.2632403075695038,-0.18092112243175507,-0.21689143776893616,-0.5782899260520935,0.5073865652084351,-0.4044431447982788,-0.5777334570884705,1.4170358180999756,2.7266576290130615,1.102348804473877,-0.29979559779167175
193,6.3873138427734375,-1.6132632493972778,-1.3058785200119019,-0.14303326606750488,-3.0258331298828125,2.2034943103790283,-1.4041366577148438,-2.1935160160064697,6.667087078094482,12.308025360107422,5.5848588943481445,-1.6768256425857544,-0.3117329478263855,2.1161417961120605,-0.3725122809410095,-5.694868564605713,0.23995816707611084,5.121365070343018,0.057605449110269547,-6.889394283294678,-0.00024503146414645016,0.0006209081038832664,-0.1518537998199463,7.903946876525879,1.1948471069335938,-0.34904152154922485,-0.2545574903488159,0.10217687487602234,-0.6433413028717041,0.542158842086792,-0.2127029150724411,-0.6109951138496399,1.3481053113937378,2.7394654750823975,1.1230863332748413,-0.26459023356437683
194,6.128804683685303,-1.6706931591033936,-1.445278286933899,0.47003307938575745,-3.039857864379883,2.0958659648895264,-1.1052640676498413,-1.7211607694625854,6.429983139038086,12.389837265014648,5.5825934410095215,-1.345170259475708,-0.23984023928642273,2.2953202724456787,-0.29848259687423706,-4.907505512237549,0.18495845794677734,5.457841873168945,0.06276820600032806,-7.002418518066406,-0.0002308213443029672,0.004017069935798645,-0.16009914875030518,7.094569683074951,1.2076938152313232,-0.3188955783843994,-0.3117612600326538,0.15587922930717468,-0.6081137657165527,0.49461817741394043,-0.18091760575771332,-0.37064623832702637,1.28549063205719,2.7709028720855713,1.1280986070632935,-0.1666768491268158
195,6.340093612670898,-1.6366571187973022,-1.5459065437316895,0.3495028018951416,-2.844423532485962,1.6292349100112915,-1.133209466934204,-1.2006258964538574,6.237691402435303,12.399239540100098,5.538415431976318,-1.1829314231872559,-0.11782018840312958,2.448807716369629,-0.17173364758491516,-4.179948806762695,0.22149533033370972,5.718868255615234,0.05533197894692421,-6.941957473754883,-0.00023068246082402766,0.0032563237473368645,-0.14367124438285828,6.2949604988098145,1.3216276168823242,-0.2991744875907898,-0.32586586475372314,0.047470659017562866,-0.5426400899887085,0.3271445035934448,-0.23004688322544098,-0.22410327196121216,1.250586986541748,2.761014699935913,1.1131279468536377,-0.16271382570266724
196,6.621551513671875,-1.959080457687378,-1.673817753791809,0.344208687543869,-2.8664374351501465,1.0297201871871948,-1.0969517230987549,-1.0085453987121582,5.947993278503418,12.303330421447754,5.472445011138916,-1.2714898586273193,-0.06563708186149597,2.503237247467041,-0.09497781097888947,-3.4793245792388916,0.18769724667072296,5.845314025878906,0.057037122547626495,-6.772469520568848,-0.00021388279856182635,0.005981640890240669,-0.14554154872894287,5.265658378601074,1.3998937606811523,-0.40211546421051025,-0.353621244430542,0.060681432485580444,-0.5744019150733948,0.15846633911132812,-0.21434791386127472,-0.22852164506912231,1.1748311519622803,2.7145745754241943,1.098126769065857,-0.20623621344566345
197,6.844698429107666,-2.301382303237915,-1.8803173303604126,0.3794708847999573,-3.000685453414917,0.5288704633712769,-0.997032880783081,-0.7766904234886169,5.452123165130615,12.179793357849121,5.447619438171387,-1.2351323366165161,-0.024200692772865295,2.4349844455718994,-0.08095457404851913,-2.813385486602783,0.15157148241996765,5.8518195152282715,0.07667987048625946,-6.535022735595703,-0.00020488208974711597,0.010347101837396622,-0.18601444363594055,4.160432815551758,1.4406564235687256,-0.46821242570877075,-0.4053018093109131,0.07309156656265259,-0.6181699633598328,0.049277059733867645,-0.1858205944299698,-0.159338116645813,1.0409936904907227,2.676607608795166,1.0978679656982422,-0.19720402359962463
198,7.122580051422119,-2.629473924636841,-2.104417562484741,0.37411972880363464,-3.1898834705352783,0.04294167086482048,-0.9985285401344299,-0.38656070828437805,4.864041805267334,12.044384956359863,5.420238494873047,-1.0644954442977905,-0.04587221145629883,2.2250142097473145,-0.07461641728878021,-2.2072272300720215,0.12596413493156433,5.751695156097412,0.08691578358411789,-6.206017971038818,-0.0001934242172865197,0.018270591273903847,-0.18746276199817657,3.1085076332092285,1.5117042064666748,-0.5298346281051636,-0.4532615542411804,0.06869813799858093,-0.6647523641586304,-0.06974709779024124,-0.19943036139011383,-0.030963599681854248,0.9054251909255981,2.6386301517486572,1.088064432144165,-0.1635151207447052
199,7.481348514556885,-2.906191349029541,-2.373225212097168,0.26182395219802856,-3.420328140258789,-0.7267832159996033,-1.092038631439209,0.049987584352493286,4.257987976074219,11.875991821289062,5.362646579742432,-0.8968148827552795,-0.12292589992284775,1.8545409440994263,-0.05350888893008232,-1.6960985660552979,0.1352987140417099,5.4966630935668945,0.08204382658004761,-5.774898529052734,-0.00023333154967986047,0.011741633526980877,-0.15925253927707672,2.0934813022613525,1.6001622676849365,-0.5806289911270142,-0.5137315392494202,0.035694003105163574,-0.7176980972290039,-0.21064329147338867,-0.23035024106502533,0.07965677976608276,0.7778072357177734,2.5891106128692627,1.0732170343399048,-0.14132729172706604
200,7.874666213989258,-3.1393558979034424,-2.778419017791748,0.17615169286727905,-3.7367498874664307,-1.3187705278396606,-1.214717149734497,0.4441291391849518,3.6553914546966553,11.676985740661621,5.33753776550293,-0.7773809432983398,-0.10465579479932785,1.332574725151062,-0.11564655601978302,-1.2295514345169067,0.3684309422969818,5.090362548828125,0.09162182360887527,-5.3048906326293945,-0.8056578636169434,0.000706622377038002,-0.1762809157371521,1.0955724716186523,1.6871328353881836,-0.6286208629608154,-0.6140425205230713,0.02306044101715088,-0.7933151125907898,-0.29072296619415283,-0.2588805556297302,0.11871159076690674,0.6549296379089355,2.528306722640991,1.0751391649246216,-0.1311459243297577
201,8.318882942199707,-3.3638503551483154,-3.2277772426605225,-0.014601335860788822,-4.337594985961914,-1.9532078504562378,-1.307466745376587,1.115669846534729,2.9127259254455566,11.484206199645996,5.332148551940918,-0.5495045185089111,-0.3391415476799011,0.609607458114624,-0.14108264446258545,-0.8675810098648071,0.782708466053009,4.547190189361572,0.053935278207063675,-4.671906471252441,-1.4461023807525635,-0.004645300097763538,-0.14406096935272217,0.13482044637203217,1.8009204864501953,-0.6842528581619263,-0.7144114375114441,-0.027308732271194458,-0.9449056386947632,-0.4092373847961426,-0.2732852101325989,0.2667691111564636,0.4474048614501953,2.4767215251922607,1.0741575956344604,-0.07983437180519104
202,8.829215049743652,-3.5692102909088135,-3.7850399017333984,-0.16994231939315796,-5.109708309173584,-2.7523438930511475,-1.4154950380325317,1.6023603677749634,2.135138988494873,11.217913627624512,5.326353549957275,-0.30630403757095337,-0.3164958655834198,-0.3274809718132019,-0.19881781935691833,-0.558711588382721,0.7175427079200745,3.7921247482299805,-0.013351557776331902,-4.029947757720947,-1.232132911682129,-0.0003654226311482489,-0.12290838360786438,-0.6617187261581421,1.902456283569336,-0.742742657661438,-0.844565749168396,-0.05630159378051758,-1.1088405847549438,-0.5771672129631042,-0.2975848913192749,0.33646291494369507,0.2908741235733032,2.3949661254882812,1.076470971107483,-0.03194573521614075
203,9.08925724029541,-3.419816017150879,-4.041162490844727,-0.5158557295799255,-5.520994663238525,-3.252650737762451,-1.607742190361023,1.7945444583892822,1.7239680290222168,10.913694381713867,5.345986366271973,-0.17318354547023773,-0.3515866696834564,-1.3329154253005981,-0.33385249972343445,-0.3435456156730652,0.7299796938896179,2.9153168201446533,-0.07981880009174347,-3.456902503967285,-1.5315243005752563,-0.00032343348721042275,-0.12315802276134491,-1.277411937713623,1.9367740154266357,-0.6909646987915039,-0.8583803772926331,-0.1519254446029663,-1.156227946281433,-0.6481680870056152,-0.3483934998512268,0.3432164788246155,0.27618342638015747,2.3126330375671387,1.0848960876464844,-0.019128143787384033
204,9.236021995544434,-3.2446601390838623,-4.024220943450928,-0.722368597984314,-5.879133224487305,-3.3993210792541504,-1.6201328039169312,1.910160779953003,1.4497500658035278,10.74047565460205,5.327864170074463,-0.11433480679988861,-0.38711363077163696,-2.361607551574707,-0.38145264983177185,-0.2069595903158188,0.7696456909179688,2.018599271774292,-0.1924910992383957,-2.833834171295166,-1.5581865310668945,-0.0003196089528501034,-0.06356627494096756,-1.8801240921020508,1.948256015777588,-0.6752845644950867,-0.8223374485969543,-0.17356672883033752,-1.2210676670074463,-0.6520402431488037,-0.32754868268966675,0.36081480979919434,0.23261092603206635,2.290605306625366,1.0750268697738647,-0.01682385802268982
205,9.07579517364502,-2.936749219894409,-4.0996599197387695,-0.4480589032173157,-5.985339164733887,-3.3157546520233154,-1.5137921571731567,2.0462191104888916,1.514610767364502,10.719464302062988,5.293182373046875,0.055026207119226456,-0.4694163203239441,-3.27302622795105,-0.39175596833229065,0.023953154683113098,0.9205058217048645,1.1404352188110352,-0.29533258080482483,-2.1981279850006104,-1.8911359310150146,-0.0003176869358867407,-0.015821456909179688,-2.343282461166382,1.8611421585083008,-0.6130463480949402,-0.8506820797920227,-0.05296143889427185,-1.205824613571167,-0.6262476444244385,-0.29162663221359253,0.3958654999732971,0.2892667055130005,2.3108675479888916,1.0709309577941895,0.033052414655685425
206,8.818011283874512,-2.33404541015625,-4.305637359619141,-0.12672169506549835,-5.856500625610352,-3.078608751296997,-1.4209524393081665,2.3048155307769775,1.8253555297851562,10.854198455810547,5.308625221252441,0.3478945791721344,-0.4967467486858368,-3.9272055625915527,-0.4093810021877289,0.4029959440231323,0.8845847845077515,0.32187092304229736,-0.3534122109413147,-1.5830951929092407,-2.0527305603027344,-0.0003157687606289983,-0.00723902927711606,-2.504746675491333,1.7799410820007324,-0.44939738512039185,-0.9117686748504639,0.017947912216186523,-1.1378083229064941,-0.5773119926452637,-0.27552133798599243,0.4681742787361145,0.36941617727279663,2.371431589126587,1.0834085941314697,0.09714630246162415
207,8.502748489379883,-1.6091305017471313,-4.359899520874023,-0.09753744304180145,-5.451577186584473,-2.8554635047912598,-1.4203017950057983,2.336393356323242,2.353360414505005,11.004327774047852,5.353659629821777,0.5114586353302002,-0.49419885873794556,-4.283421039581299,-0.4028170704841614,0.8094514608383179,0.9620175957679749,-0.4101797044277191,-0.36793696880340576,-1.0064752101898193,-2.054959297180176,-0.00032112631015479565,-0.006669171154499054,-2.446760654449463,1.7011430263519287,-0.2679749131202698,-0.9026183485984802,-0.015200197696685791,-1.0234951972961426,-0.5487337708473206,-0.28808122873306274,0.45490503311157227,0.4910213351249695,2.41256046295166,1.0960991382598877,0.11005392670631409
208,7.9562883377075195,-1.0702054500579834,-4.161962985992432,-0.09226883202791214,-5.141879081726074,-2.4949426651000977,-1.4174540042877197,1.9599977731704712,3.0850629806518555,11.18846321105957,5.371456146240234,0.451694518327713,-0.5015431046485901,-4.414098262786865,-0.3063519299030304,1.1850144863128662,0.8620107769966125,-1.011702060699463,-0.40775546431541443,-0.46567216515541077,-1.972685694694519,-0.0003228260902687907,0.03174709528684616,-2.3810651302337646,1.5475666522979736,-0.1692529320716858,-0.8251788020133972,-0.017117738723754883,-0.9682193994522095,-0.46797728538513184,-0.28706467151641846,0.3368152976036072,0.6523317694664001,2.4660985469818115,1.0957574844360352,0.07358181476593018
209,7.0471367835998535,-0.42343050241470337,-4.010430812835693,0.13270515203475952,-4.495220184326172,-1.832248330116272,-1.2916518449783325,1.3293918371200562,4.177900791168213,11.509254455566406,5.418240547180176,0.3168388307094574,-0.2891991138458252,-4.2519426345825195,-0.2171102911233902,1.6117208003997803,0.7707154750823975,-1.4270542860031128,-0.3966354429721832,-0.05797388404607773,-1.8755320310592651,-0.00031986634712666273,0.0531245693564415,-2.3052685260772705,1.2989342212677002,0.0009706077398732305,-0.7956138849258423,0.05803120136260986,-0.7999756932258606,-0.2951239347457886,-0.2453531175851822,0.18359535932540894,0.9059194326400757,2.5745246410369873,1.1133530139923096,0.04073154926300049
210,6.0225982666015625,0.3729970455169678,-3.7821686267852783,0.3250616192817688,-3.7514901161193848,-0.954928994178772,-1.002422571182251,0.7717896699905396,5.329925537109375,11.90866470336914,5.511300086975098,0.17933878302574158,-0.0972028374671936,-3.724534749984741,-0.1395382583141327,2.0836706161499023,0.6407129764556885,-1.6028034687042236,-0.31060144305229187,0.23066222667694092,-1.458798885345459,-0.0003235291806049645,0.03321538120508194,-2.2303853034973145,1.082977533340454,0.17518365383148193,-0.7356081604957581,0.09607818722724915,-0.640537440776825,-0.08136344701051712,-0.16408400237560272,0.0822252631187439,1.1394131183624268,2.69640851020813,1.1402556896209717,0.015855878591537476
211,5.222151756286621,0.9922584295272827,-3.4075191020965576,0.33943527936935425,-3.0774800777435303,-0.0947534516453743,-0.76276695728302,0.2240828573703766,6.291078567504883,12.267017364501953,5.598763942718506,-0.00952945090830326,0.020510099828243256,-2.9097495079040527,-0.0799996480345726,2.546445846557617,0.6087222099304199,-1.5538837909698486,-0.147416889667511,0.40261322259902954,-1.1967604160308838,-0.00032432720763608813,-0.01860448718070984,-2.2053017616271973,0.9525749087333679,0.25099360942840576,-0.6370493769645691,0.07577306032180786,-0.5188324451446533,0.10031508654356003,-0.12149260938167572,-0.027436673641204834,1.3401886224746704,2.7878100872039795,1.1552762985229492,-0.025022119283676147
212,4.769581317901611,1.0350372791290283,-2.9218833446502686,0.14898985624313354,-2.7360470294952393,0.572257399559021,-0.7224524021148682,-0.196181058883667,6.951747894287109,12.517059326171875,5.617188930511475,-0.19128645956516266,0.019223641604185104,-2.078106641769409,0.025770016014575958,2.884920120239258,0.38868197798728943,-1.324993371963501,-0.00842927023768425,0.5555214881896973,-0.7170513868331909,-0.0003218106576241553,-0.01765298843383789,-2.2958271503448486,0.9080302119255066,0.19698244333267212,-0.5222433805465698,0.005629032850265503,-0.4939696192741394,0.19484436511993408,-0.1392807811498642,-0.09465175867080688,1.4491140842437744,2.83771014213562,1.1450523138046265,-0.07020902633666992
213,4.465662956237793,0.9477319717407227,-2.586413860321045,-0.07010312378406525,-2.3368563652038574,0.8601494431495667,-0.8032875657081604,-0.6730220913887024,7.291436672210693,12.635260581970215,5.593514919281006,-0.39255499839782715,0.13391578197479248,-1.3069368600845337,0.1168239638209343,3.1056487560272217,0.2579731047153473,-1.0295233726501465,0.13022899627685547,0.6017574667930603,-0.147661030292511,-0.00032320828177034855,-0.012182831764221191,-2.469778299331665,0.8626871109008789,0.1697424054145813,-0.4723617434501648,-0.043026357889175415,-0.4125027656555176,0.20219671726226807,-0.17111198604106903,-0.19457417726516724,1.523065447807312,2.8462722301483154,1.1362311840057373,-0.11912551522254944
214,4.324589252471924,0.6949809193611145,-2.358160972595215,-0.18200896680355072,-2.1238784790039062,1.034582495689392,-0.9163802862167358,-1.0763895511627197,7.312254428863525,12.685444831848145,5.554136753082275,-0.5293824672698975,0.17523851990699768,-0.6216503381729126,0.08214445412158966,3.2684764862060547,0.1254420280456543,-0.736321747303009,0.3296670615673065,0.4755747318267822,0.26916933059692383,-0.00032418768387287855,-0.07969321310520172,-2.6311800479888916,0.8616964817047119,0.1038336232304573,-0.43973296880722046,-0.04646730422973633,-0.3952638506889343,0.22377347946166992,-0.1971246749162674,-0.2639309763908386,1.5331180095672607,2.8476405143737793,1.12617826461792,-0.14216497540473938
215,4.347047328948975,0.3618195354938507,-2.0684385299682617,-0.34348243474960327,-2.143165111541748,1.1095210313796997,-1.2304878234863281,-1.1217502355575562,7.141341209411621,12.703686714172363,5.504056453704834,-0.5158774852752686,0.13071437180042267,-0.07186567038297653,0.07381425052881241,3.346297025680542,-0.12344938516616821,-0.4383666217327118,0.4831245541572571,0.3301747143268585,0.7487293481826782,-0.0003215009346604347,-0.1187320202589035,-2.7482264041900635,0.8887563347816467,0.029358332976698875,-0.3751920461654663,-0.08128929138183594,-0.43185728788375854,0.22780513763427734,-0.28440797328948975,-0.22757285833358765,1.4932550191879272,2.8467764854431152,1.1073729991912842,-0.11743971705436707
216,4.430275917053223,0.1260848343372345,-1.92106294631958,-0.43340030312538147,-2.0782482624053955,0.9695390462875366,-1.6139792203903198,-1.0845061540603638,6.893649101257324,12.658038139343262,5.431260108947754,-0.43303778767585754,0.19518429040908813,0.3703131079673767,0.09073177725076675,3.382242202758789,-0.23811258375644684,-0.17875392735004425,0.5970174670219421,0.16477468609809875,1.2369742393493652,-0.00032433849992230535,-0.11532025039196014,-2.7574949264526367,0.9114558100700378,-0.005338246002793312,-0.3644754886627197,-0.088711678981781,-0.4120855927467346,0.174216628074646,-0.36795663833618164,-0.21047991514205933,1.4677276611328125,2.821894645690918,1.0878181457519531,-0.08809599280357361
217,4.585999011993408,-0.028975622728466988,-1.8734320402145386,-0.5352383852005005,-2.0970652103424072,0.7964228391647339,-1.9544026851654053,-1.034450888633728,6.616565704345703,12.588263511657715,5.3580098152160645,-0.34850364923477173,0.16290800273418427,0.6973234415054321,0.09988468885421753,3.4413058757781982,0.3106626272201538,0.0039380453526973724,0.6442661881446838,-0.11565638333559036,0.00021189069957472384,-0.03706132620573044,-0.13421417772769928,-2.6228482723236084,0.9584314227104187,-0.026312703266739845,-0.3678346872329712,-0.10840430855751038,-0.42752987146377563,0.13652920722961426,-0.4281802177429199,-0.2000284194946289,1.43894624710083,2.7978174686431885,1.0742125511169434,-0.06777653098106384
218,4.687251091003418,-0.3208778202533722,-2.032788038253784,-0.45972514152526855,-2.5581729412078857,0.4509371221065521,-2.17930006980896,-0.44642290472984314,6.697493076324463,12.61118221282959,5.311647891998291,-0.12224768847227097,0.6659469604492188,0.6957794427871704,0.13301359117031097,3.7176733016967773,0.24621722102165222,-0.031962037086486816,0.4444008767604828,-0.4812003970146179,-0.0010208147577941418,-0.0030602067708969116,-0.16466060280799866,-2.3423819541931152,0.9689598679542542,-0.10073643177747726,-0.42748957872390747,-0.0733691155910492,-0.5648791193962097,0.04477059096097946,-0.4571274518966675,-0.012205779552459717,1.3265024423599243,2.8107879161834717,1.0663983821868896,0.006993234157562256
219,4.380159378051758,0.33777159452438354,-2.2932348251342773,-0.920524001121521,-2.4724063873291016,0.07042934745550156,-2.2621712684631348,0.42281198501586914,6.759801864624023,12.57349967956543,5.475370407104492,0.3472040891647339,1.0009267330169678,0.8176577091217041,0.21787981688976288,3.821197748184204,0.08012059330940247,-0.06615769118070602,0.23063251376152039,-0.6994378566741943,-0.0005706001538783312,0.00046802591532468796,-0.13016702234745026,-1.6379287242889404,0.8746790289878845,0.1571282148361206,-0.49270349740982056,-0.21825844049453735,-0.4815211296081543,-0.036682017147541046,-0.4600655436515808,0.19859039783477783,1.4001438617706299,2.8031723499298096,1.1279220581054688,0.12241664528846741
220,4.585695743560791,0.7083027362823486,-2.538990020751953,-1.2468639612197876,-1.9415805339813232,-0.09088362008333206,-2.3184356689453125,0.5505708456039429,7.0749006271362305,12.504188537597656,5.576450347900391,0.40581777691841125,1.2638201713562012,1.021435260772705,0.31549084186553955,3.8097705841064453,0.00891377404332161,-0.09499107301235199,0.026421334594488144,-0.8955832123756409,-0.0005750501877628267,0.0007553445175290108,-0.08650147914886475,-0.8530198335647583,0.9986719489097595,0.19670647382736206,-0.5381681323051453,-0.2598224878311157,-0.3189846873283386,-0.039742834866046906,-0.47127413749694824,0.12389671802520752,1.5065326690673828,2.7750017642974854,1.1448479890823364,0.0836191177368164
221,4.820071220397949,0.9290695190429688,-2.5612363815307617,-1.9018949270248413,-1.6940844058990479,-0.11824936419725418,-2.089580774307251,0.5463197827339172,7.265053749084473,12.488264083862305,5.631814956665039,0.21630123257637024,1.4157346487045288,1.234878659248352,0.3300466537475586,3.5817484855651855,-0.0023836642503738403,-0.10006129741668701,-0.13132894039154053,-1.0788753032684326,-0.0008409784641116858,-0.0018075667321681976,-0.06686367094516754,-0.21603628993034363,1.0623815059661865,0.2236594557762146,-0.5107921957969666,-0.4163033962249756,-0.3067723512649536,-0.027397044003009796,-0.3900347948074341,0.10512000322341919,1.5301893949508667,2.78014874458313,1.1530699729919434,0.01913467049598694
222,4.884771823883057,0.8870184421539307,-2.451780319213867,-2.1071085929870605,-1.6931405067443848,0.010521812364459038,-1.8162180185317993,0.37778955698013306,7.325219631195068,12.458924293518066,5.671483039855957,0.029884234070777893,0.3308414816856384,1.542680263519287,0.2670229971408844,3.1875874996185303,0.15424510836601257,-0.021531950682401657,-0.13566218316555023,-1.164047122001648,-0.00030350222368724644,-0.026096582412719727,-0.07421433925628662,0.23554439842700958,1.05515456199646,0.18018293380737305,-0.47202068567276,-0.4035722613334656,-0.33920150995254517,0.019312255084514618,-0.3302348852157593,0.050836384296417236,1.5242756605148315,2.768728494644165,1.1594947576522827,-0.017809122800827026
223,5.381399154663086,0.5089855194091797,-2.2172465324401855,-2.323113203048706,-2.1144120693206787,0.17666120827198029,-1.8301005363464355,0.14187128841876984,7.119344234466553,12.496737480163574,5.63253116607666,-0.2554663121700287,0.31863120198249817,1.7634965181350708,0.1891310214996338,2.6955478191375732,0.3418845534324646,0.06496555358171463,-0.10513805598020554,-1.2266249656677246,-0.0003823644365184009,-0.004525128751993179,-0.10196682810783386,0.3807394504547119,1.152864933013916,0.0555008128285408,-0.41026365756988525,-0.45052123069763184,-0.47707247734069824,0.057449571788311005,-0.3703363537788391,-0.0030992627143859863,1.4398375749588013,2.785001754760742,1.1386739015579224,-0.08812007308006287
224,5.164978504180908,0.10530347377061844,-1.9179929494857788,-2.0720925331115723,-2.707227945327759,-0.014826702885329723,-1.9758251905441284,0.23797690868377686,6.821788311004639,12.432857513427734,5.549341678619385,-0.24361230432987213,0.1408197581768036,1.9452725648880005,0.154346764087677,2.1805357933044434,0.22824765741825104,0.14704619348049164,-0.017004668712615967,-1.0839923620224,-0.0003017579729203135,0.026036938652396202,-0.08961327373981476,0.3986835479736328,1.0308010578155518,-0.03424578160047531,-0.3429127335548401,-0.3545109033584595,-0.6152811050415039,-0.028469927608966827,-0.41688859462738037,0.058010637760162354,1.3615015745162964,2.7574188709259033,1.1125152111053467,-0.04602670669555664
225,5.1005401611328125,0.028119342401623726,-1.992654800415039,-1.5524663925170898,-2.611156702041626,0.05642564594745636,-2.211303234100342,0.004445346537977457,6.689440727233887,12.367786407470703,5.523959636688232,-0.21422681212425232,0.10000171512365341,2.179685115814209,0.025932643562555313,1.8691176176071167,0.3791545331478119,0.21293334662914276,0.11584822833538055,-1.051566481590271,-0.0002627258072607219,0.015037277713418007,-0.13758990168571472,0.4899662435054779,1.028235912322998,-0.004893535748124123,-0.40771371126174927,-0.22914308309555054,-0.5089046955108643,0.02087365835905075,-0.474759042263031,-0.02905791997909546,1.3566921949386597,2.745417833328247,1.1175589561462402,-0.03814196586608887
226,5.394766330718994,-0.2089776247739792,-1.7647055387496948,-1.6701167821884155,-2.9055020809173584,0.11138302832841873,-2.4772799015045166,0.056424710899591446,6.391798496246338,12.38936996459961,5.451451301574707,-0.2887696325778961,0.02260933816432953,2.3364903926849365,-0.05758289620280266,1.5607991218566895,0.35229578614234924,0.2614280581474304,0.20268715918064117,-0.9997320771217346,-0.0002005019341595471,0.006085037253797054,-0.1650245189666748,0.47496864199638367,1.1429932117462158,-0.06896870583295822,-0.3239086866378784,-0.33169353008270264,-0.6143946051597595,0.02983223646879196,-0.5298197269439697,0.017601311206817627,1.26859450340271,2.7607767581939697,1.0906898975372314,-0.06595975160598755
227,5.466001510620117,-0.5930275321006775,-1.571414589881897,-1.5333870649337769,-3.1289472579956055,-0.02730141393840313,-2.731261968612671,-0.023994142189621925,6.127112865447998,12.314844131469727,5.366224765777588,-0.3243733048439026,-0.09898768365383148,2.3422534465789795,-0.0958300530910492,1.3365731239318848,0.23565968871116638,0.23833496868610382,0.21638791263103485,-0.9831556677818298,-0.00018214632291346788,0.0005852337926626205,-0.15098989009857178,0.4128781855106354,1.1225388050079346,-0.15751343965530396,-0.2900850772857666,-0.2765876352787018,-0.6524949669837952,-0.023979194462299347,-0.5781927108764648,-0.015542209148406982,1.2165840864181519,2.721202850341797,1.070371389389038,-0.06804445385932922
228,5.541927814483643,-0.7147855758666992,-1.5944267511367798,-1.429331660270691,-3.2243030071258545,-0.0380919873714447,-2.812772512435913,0.0229953546077013,5.912339687347412,12.264730453491211,5.331532955169678,-0.2789161801338196,-0.04971779137849808,2.2708683013916016,-0.1623176783323288,1.212947964668274,0.3692643940448761,0.1605796068906784,0.15547439455986023,-1.0542984008789062,-0.00024730124277994037,-0.011324705556035042,-0.15839561820030212,0.41713041067123413,1.133375644683838,-0.1477338671684265,-0.32376062870025635,-0.26208582520484924,-0.6583237051963806,-0.008988745510578156,-0.5719732046127319,0.010731816291809082,1.1778770685195923,2.711381673812866,1.0724806785583496,-0.04884985089302063
229,5.6561713218688965,-0.7904993891716003,-1.5809530019760132,-1.479241132736206,-3.5223567485809326,-0.09674712270498276,-2.8196163177490234,0.3429223299026489,5.676131725311279,12.25532054901123,5.309973239898682,-0.1792573481798172,-0.0780196562409401,2.167955160140991,-0.22194834053516388,1.0830968618392944,0.3067760765552521,0.0663805603981018,0.09912142902612686,-1.0358099937438965,-0.0002597694401629269,-0.008447053842246532,-0.15976503491401672,0.45143383741378784,1.169323205947876,-0.15664887428283691,-0.31705242395401,-0.2918800115585327,-0.7393611073493958,-0.02703917771577835,-0.5653945207595825,0.10748881101608276,1.1247036457061768,2.7135396003723145,1.0686091184616089,-0.02209681272506714
230,5.779091835021973,-0.7849517464637756,-1.62705659866333,-1.4757601022720337,-3.537717580795288,-0.15208683907985687,-2.87912654876709,0.5008022785186768,5.527909278869629,12.211152076721191,5.313038349151611,-0.09466460347175598,-0.11585348099470139,2.088496446609497,-0.21785397827625275,0.929070234298706,0.30460721254348755,-0.022440267726778984,0.05017204210162163,-0.9402097463607788,-0.00028970418497920036,0.0007261242717504501,-0.14602293074131012,0.5197623372077942,1.1934788227081299,-0.14611241221427917,-0.3350105881690979,-0.2855927646160126,-0.7087088227272034,-0.03775370866060257,-0.5855527520179749,0.11722928285598755,1.1057642698287964,2.697230577468872,1.0728256702423096,-0.007446378469467163
231,5.995105266571045,-0.8390264511108398,-1.715475082397461,-1.4750036001205444,-3.5444347858428955,-0.13975529372692108,-2.8974905014038086,0.49030959606170654,5.397015571594238,12.179889678955078,5.311476230621338,-0.1147942990064621,-0.23271599411964417,2.040443181991577,-0.25001171231269836,0.7500970959663391,0.21375446021556854,-0.08718322962522507,0.05973571538925171,-0.7839182019233704,-0.000260768982116133,0.014433963224291801,-0.11832071840763092,0.5534507036209106,1.2508738040924072,-0.16396716237068176,-0.3581330180168152,-0.28737035393714905,-0.7080124020576477,-0.026386506855487823,-0.5845955014228821,0.09394627809524536,1.080579400062561,2.693255662918091,1.073162317276001,-0.024954766035079956
232,6.305999279022217,-0.9951789379119873,-1.6973516941070557,-1.5382869243621826,-3.5692007541656494,-0.03811517357826233,-2.9030542373657227,0.3387249708175659,5.146296977996826,12.129569053649902,5.285725116729736,-0.23682250082492828,-0.21745744347572327,1.967124581336975,-0.3556912839412689,0.5709859728813171,0.2720303237438202,-0.15192276239395142,0.10423940420150757,-0.6811608672142029,-0.0002520272391848266,0.014957110397517681,-0.12813112139701843,0.5045912265777588,1.323498010635376,-0.20618706941604614,-0.3407207131385803,-0.3099648952484131,-0.7190452814102173,0.0059059783816337585,-0.5830514430999756,0.0466495156288147,1.011134386062622,2.678819417953491,1.0664327144622803,-0.06190642714500427
233,6.489430904388428,-1.3437601327896118,-1.4945712089538574,-1.57667076587677,-3.934901237487793,-0.0156312994658947,-2.9021968841552734,0.35271310806274414,4.760060787200928,12.070422172546387,5.216458797454834,-0.3076149821281433,-0.3135204315185547,1.7972197532653809,-0.4131198525428772,0.365231990814209,0.22282928228378296,-0.22579897940158844,0.11758340150117874,-0.5270874500274658,-0.00021928493515588343,0.021756798028945923,-0.11871705949306488,0.33768969774246216,1.349153995513916,-0.29656916856765747,-0.2762565016746521,-0.3161308467388153,-0.8360565304756165,-0.0001400783658027649,-0.5806897878646851,0.0709577202796936,0.9117711186408997,2.6597683429718018,1.0439939498901367,-0.06929963827133179
234,6.53753662109375,-1.5454092025756836,-1.4617646932601929,-1.3786122798919678,-4.109407424926758,-0.002102362224832177,-2.9313042163848877,0.355790913105011,4.501513481140137,11.987929344177246,5.174800395965576,-0.25076156854629517,-0.3807886242866516,1.5823891162872314,-0.45181804895401,0.2146347165107727,0.21859405934810638,-0.3155616521835327,0.1311287134885788,-0.3840484619140625,-0.0002216909488197416,0.020490214228630066,-0.14012613892555237,0.20882320404052734,1.3322327136993408,-0.3184206783771515,-0.29275429248809814,-0.24794885516166687,-0.8488938212394714,0.0013886615633964539,-0.5907667875289917,0.07057350873947144,0.8758196830749512,2.6350057125091553,1.0403385162353516,-0.04219576716423035
235,6.655099391937256,-1.5637266635894775,-1.5354069471359253,-1.2634036540985107,-4.161920070648193,0.07203257083892822,-2.997694969177246,0.39718517661094666,4.343834400177002,11.96419620513916,5.182095050811768,-0.18627719581127167,-0.4749491512775421,1.3767880201339722,-0.4913078248500824,0.12305771559476852,0.1617027372121811,-0.39369556307792664,0.13446158170700073,-0.23861363530158997,-0.00021765500423498452,0.024851519614458084,-0.1336725354194641,0.1429436057806015,1.3651010990142822,-0.3011755049228668,-0.3224928379058838,-0.2367415428161621,-0.8423133492469788,0.02404438704252243,-0.6089627146720886,0.0841137170791626,0.8571102619171143,2.6380984783172607,1.0464268922805786,-0.028571724891662598
236,6.887139320373535,-1.5984878540039062,-1.5719122886657715,-1.280758023262024,-4.163858890533447,0.13409538567066193,-3.04152774810791,0.40901806950569153,4.1759467124938965,11.945047378540039,5.164674758911133,-0.19040034711360931,-0.4674227237701416,1.1676632165908813,-0.5608476400375366,0.07151927053928375,0.16319577395915985,-0.4772268831729889,0.11827734857797623,-0.1420106142759323,-0.00020426114497240633,0.014645111747086048,-0.12729384005069733,0.10534928739070892,1.4259932041168213,-0.3118969798088074,-0.3253430724143982,-0.25817933678627014,-0.8383955359458923,0.03461729735136032,-0.6148583889007568,0.0829848051071167,0.8210468292236328,2.6350584030151367,1.0406932830810547,-0.038437604904174805
237,7.053086280822754,-1.7383109331130981,-1.4576295614242554,-1.400295376777649,-4.380801677703857,0.13424529135227203,-3.028538227081299,0.5062423944473267,3.924034357070923,11.915709495544434,5.1277642250061035,-0.1975661665201187,-0.5533562898635864,0.9090242981910706,-0.6004061698913574,-0.014682269655168056,0.14716847240924835,-0.5620712041854858,0.10190698504447937,0.0038405507802963257,-0.00020992883946746588,0.015869589522480965,-0.09910905361175537,0.025740576907992363,1.4559040069580078,-0.35466063022613525,-0.28237485885620117,-0.295976847410202,-0.91143399477005,0.02640175074338913,-0.6051498651504517,0.11387050151824951,0.7577080130577087,2.6221208572387695,1.030622124671936,-0.04030531644821167
238,7.12974214553833,-1.8471388816833496,-1.4383796453475952,-1.3502662181854248,-4.51547908782959,0.12958669662475586,-3.001539468765259,0.5098300576210022,3.752702236175537,11.8543701171875,5.096007347106934,-0.17010250687599182,-0.5949563384056091,0.6237370371818542,-0.5663468241691589,-0.10102593898773193,0.1464696228504181,-0.6507095098495483,0.045525118708610535,0.16079188883304596,-0.00022437013103626668,0.021653849631547928,-0.06350807845592499,-0.04490743950009346,1.4521570205688477,-0.37533992528915405,-0.29155105352401733,-0.26432326436042786,-0.9287832379341125,0.024783961474895477,-0.5981206893920898,0.1027994155883789,0.7335879802703857,2.6013293266296387,1.0269668102264404,-0.030424028635025024
239,7.183507442474365,-1.7887552976608276,-1.5586376190185547,-1.2470983266830444,-4.52429723739624,0.21240343153476715,-2.929755210876465,0.4961293935775757,3.679335355758667,11.83419418334961,5.107673645019531,-0.13038486242294312,-0.5993562340736389,0.3911862075328827,-0.6030607223510742,-0.1557614654302597,0.12018562853336334,-0.7168458700180054,0.04284396767616272,0.2980640232563019,-0.0002592576784081757,0.01184963621199131,-0.0834072157740593,-0.05590444430708885,1.4598195552825928,-0.3457036316394806,-0.334384560585022,-0.23717710375785828,-0.9129738211631775,0.05234359949827194,-0.5791692733764648,0.09829294681549072,0.7319364547729492,2.604673147201538,1.0375926494598389,-0.020907938480377197
240,7.31446647644043,-1.7416812181472778,-1.5656898021697998,-1.261927604675293,-4.493279457092285,0.33842194080352783,-2.9264135360717773,0.44742733240127563,3.586731195449829,11.850852012634277,5.12672758102417,-0.15848234295845032,-0.6496331095695496,0.20591454207897186,-0.6693058013916016,-0.1952485293149948,0.09271009266376495,-0.7672545313835144,0.05598941072821617,0.4104292094707489,-0.00028121157083660364,0.029642049223184586,-0.09730260074138641,-0.060728758573532104,1.5002801418304443,-0.34004539251327515,-0.32126253843307495,-0.256244421005249,-0.9024125933647156,0.08247052878141403,-0.587074875831604,0.0841372013092041,0.7103487849235535,2.612534284591675,1.0395901203155518,-0.03555205464363098
241,7.438344955444336,-1.8826481103897095,-1.398749828338623,-1.3410589694976807,-4.6152849197387695,0.3962215185165405,-2.942502021789551,0.4377434551715851,3.4271202087402344,11.829042434692383,5.088326930999756,-0.20519284904003143,-0.7310152053833008,-0.01735399290919304,-0.692848265171051,-0.2566797137260437,0.2226075530052185,-0.7899521589279175,0.05304962024092674,0.5525327920913696,-0.3068740963935852,0.008766209706664085,-0.08032752573490143,-0.13189765810966492,1.5218956470489502,-0.3949677348136902,-0.2641041874885559,-0.28114086389541626,-0.9497007727622986,0.08472680300474167,-0.5924978256225586,0.087688148021698,0.6686065793037415,2.605531930923462,1.0230478048324585,-0.0474168062210083
242,7.450538158416748,-2.034409999847412,-1.356554627418518,-1.2896140813827515,-4.849476337432861,0.3554810583591461,-2.8787312507629395,0.49562326073646545,3.291563034057617,11.807511329650879,5.04835319519043,-0.17301218211650848,-0.7994036674499512,-0.29087668657302856,-0.6597257852554321,-0.31822481751441956,0.34095898270606995,-0.8268541097640991,0.03451920673251152,0.7265852689743042,-0.6673192977905273,0.0033344756811857224,-0.0428624153137207,-0.20619355142116547,1.5030252933502197,-0.4304128885269165,-0.2724018692970276,-0.2538398206233978,-1.0062404870986938,0.06395100802183151,-0.5690481066703796,0.10914409160614014,0.6274217963218689,2.592442274093628,1.0164622068405151,-0.030610591173171997
243,7.436905384063721,-1.9712958335876465,-1.5086374282836914,-1.1687756776809692,-4.88572883605957,0.38127920031547546,-2.8256421089172363,0.5079378485679626,3.2448813915252686,11.78832721710205,5.061676979064941,-0.1068369448184967,-0.7455966472625732,-0.5366458892822266,-0.6551029086112976,-0.33452245593070984,0.35340550541877747,-0.8628409504890442,0.006129272282123566,0.872256338596344,-0.8024542331695557,0.00011349469423294067,-0.023359112441539764,-0.19659623503684998,1.493281364440918,-0.3930128216743469,-0.32955169677734375,-0.22048893570899963,-0.9825529456138611,0.07751678675413132,-0.560285210609436,0.10619997978210449,0.6180937886238098,2.5885074138641357,1.0293474197387695,-0.012761116027832031
244,7.4860615730285645,-1.8311028480529785,-1.5692793130874634,-1.1728209257125854,-4.809196472167969,0.47672271728515625,-2.7950637340545654,0.4491889476776123,3.199073076248169,11.79763412475586,5.084109783172607,-0.12602438032627106,-0.8658967018127441,-0.7087468504905701,-0.7253397107124329,-0.3329334557056427,0.4022212028503418,-0.8831680417060852,0.024746311828494072,0.9711501002311707,-0.868509829044342,-0.0018469616770744324,-0.054767973721027374,-0.15813980996608734,1.5199646949768066,-0.35672637820243835,-0.3296111226081848,-0.23803535103797913,-0.9531850218772888,0.1050187274813652,-0.557781457901001,0.08480697870254517,0.6100353002548218,2.5957987308502197,1.0357273817062378,-0.028031229972839355
245,7.620793342590332,-1.9443695545196533,-1.3939801454544067,-1.289314866065979,-4.950834274291992,0.5346331596374512,-2.8055686950683594,0.3742609918117523,3.055647611618042,11.80031681060791,5.061629295349121,-0.2190675139427185,-0.8747259974479675,-0.9185255765914917,-0.7456642389297485,-0.3585582673549652,0.4049873650074005,-0.8944962620735168,0.018944483250379562,1.0742696523666382,-0.8387675881385803,-0.0003432799130678177,-0.05680951476097107,-0.21694836020469666,1.5489625930786133,-0.41625815629959106,-0.26251399517059326,-0.2767643332481384,-1.0099961757659912,0.11136030405759811,-0.564521074295044,0.06723827123641968,0.5689187049865723,2.595158100128174,1.0213018655776978,-0.05663570761680603
246,7.5006022453308105,-2.0428831577301025,-1.2732441425323486,-1.2528949975967407,-5.085726737976074,0.4889774024486542,-2.7373039722442627,0.36827850341796875,3.011559247970581,11.765036582946777,5.030771732330322,-0.19661080837249756,-0.8834714889526367,-1.1635404825210571,-0.7059532403945923,-0.3959367275238037,0.4439406991004944,-0.9089595079421997,-0.007403501775115728,1.19529128074646,-0.9887163043022156,-0.0018768459558486938,-0.031288936734199524,-0.27195650339126587,1.4898791313171387,-0.4381592869758606,-0.2449638396501541,-0.249068021774292,-1.037877082824707,0.08904670923948288,-0.5404618382453918,0.07574433088302612,0.5759279727935791,2.5795814990997314,1.0146158933639526,-0.03681287169456482
247,7.3308024406433105,-1.8621264696121216,-1.3899726867675781,-1.0676517486572266,-4.950222969055176,0.588810384273529,-2.6629858016967773,0.2961173951625824,3.168548583984375,11.791038513183594,5.05495548248291,-0.1363934427499771,-0.7629444599151611,-1.3359824419021606,-0.6774355173110962,-0.3639283776283264,0.4237600564956665,-0.8979684114456177,-0.033903345465660095,1.2706592082977295,-1.0757704973220825,-0.0035390667617321014,-0.013970881700515747,-0.22871574759483337,1.446049451828003,-0.3654441833496094,-0.3007834553718567,-0.19166716933250427,-0.9705616235733032,0.12723255157470703,-0.525312602519989,0.0518684983253479,0.6248164176940918,2.5968759059906006,1.0296481847763062,-0.01958787441253662
248,7.222603797912598,-1.5803035497665405,-1.412628173828125,-1.019378900527954,-4.718437194824219,0.7842340469360352,-2.590269088745117,0.22554220259189606,3.322993755340576,11.879128456115723,5.087334156036377,-0.14748160541057587,-0.8226086497306824,-1.388330340385437,-0.688728392124176,-0.2997949421405792,0.4249747395515442,-0.8361281156539917,-0.030266130343079567,1.318540334701538,-1.0740793943405151,-0.005025601014494896,-0.009058795869350433,-0.16190394759178162,1.4420604705810547,-0.29334756731987,-0.29231321811676025,-0.19982078671455383,-0.9118101596832275,0.17771649360656738,-0.5112513899803162,0.037380099296569824,0.6528416872024536,2.631361246109009,1.0382169485092163,-0.031292080879211426
249,7.2264604568481445,-1.5439350605010986,-1.2583556175231934,-1.0696696043014526,-4.648897647857666,0.9099758863449097,-2.547065496444702,0.10901805758476257,3.387986660003662,11.957744598388672,5.0702385902404785,-0.2367900013923645,-0.7375457882881165,-1.4227485656738281,-0.6757614612579346,-0.24138958752155304,0.2933431565761566,-0.7493687868118286,-0.02418532967567444,1.3525162935256958,-0.6693772077560425,0.0017620865255594254,-0.018879830837249756,-0.1758790910243988,1.4498343467712402,-0.31952792406082153,-0.23678724467754364,-0.22272950410842896,-0.9192107319831848,0.19370126724243164,-0.5060644149780273,0.006606400012969971,0.655656099319458,2.6506614685058594,1.0275417566299438,-0.05968421697616577
250,6.987546920776367,-1.4951698780059814,-1.0687346458435059,-1.067346453666687,-4.561697483062744,0.9547171592712402,-2.4753732681274414,-0.030016452074050903,3.5363051891326904,11.985846519470215,5.064958572387695,-0.26134148240089417,-0.5972303152084351,-1.4448028802871704,-0.6132427453994751,-0.2059226632118225,0.08896033465862274,-0.648552417755127,-0.023259134963154793,1.3609015941619873,-0.0002477540692780167,0.014419298619031906,-0.020314455032348633,-0.19790588319301605,1.3733773231506348,-0.3077431917190552,-0.1928248554468155,-0.21475031971931458,-0.9057139158248901,0.1925654411315918,-0.48757898807525635,-0.024777114391326904,0.7174596786499023,2.6511411666870117,1.0270472764968872,-0.056057870388031006
251,6.615811347961426,-1.2315093278884888,-0.9907129406929016,-0.9264050722122192,-4.205692291259766,1.11954927444458,-2.4176840782165527,-0.35844284296035767,3.9179840087890625,12.050914764404297,5.0994038581848145,-0.27724555134773254,-0.520126223564148,-1.3708082437515259,-0.5371692180633545,-0.12064773589372635,0.09255687892436981,-0.504051148891449,-0.034406907856464386,1.260432243347168,-0.00023835965839680284,0.027923276647925377,-0.011671006679534912,-0.13790397346019745,1.2839930057525635,-0.22211945056915283,-0.1914408653974533,-0.16753637790679932,-0.8031374216079712,0.24132025241851807,-0.4778423309326172,-0.11050283908843994,0.8591320514678955,2.6782073974609375,1.0400391817092896,-0.058184921741485596
252,6.408534049987793,-1.0319362878799438,-0.9405695796012878,-0.8636836409568787,-3.9966111183166504,1.3091248273849487,-2.2893471717834473,-0.46067169308662415,4.258119106292725,12.196425437927246,5.109614372253418,-0.312082976102829,-0.36226820945739746,-1.2314305305480957,-0.5206889510154724,0.01759529486298561,0.1666560173034668,-0.3174520432949066,-0.02685120888054371,1.100386619567871,-0.00021929305512458086,0.013014364056289196,-0.022692739963531494,-0.07415705919265747,1.2646045684814453,-0.1880115270614624,-0.18447242677211761,-0.16474902629852295,-0.7759880423545837,0.28340601921081543,-0.4426862597465515,-0.10167628526687622,0.908098578453064,2.735183000564575,1.0396113395690918,-0.06741780042648315
253,6.187990665435791,-0.9403658509254456,-0.7775406837463379,-0.9250796437263489,-4.001100063323975,1.3254696130752563,-2.22796630859375,-0.3600858747959137,4.456063270568848,12.32137680053711,5.114610195159912,-0.2941668629646301,-0.3060016334056854,-1.0808079242706299,-0.4303693473339081,0.12845908105373383,0.1795266568660736,-0.11487887054681778,-0.05514158308506012,0.991075336933136,-0.0002197945723310113,0.009209261275827885,0.006903737783432007,-0.031185869127511978,1.2251946926116943,-0.18276160955429077,-0.13609258830547333,-0.19266626238822937,-0.8028263449668884,0.2658200263977051,-0.43899500370025635,-0.05684399604797363,0.929527997970581,2.7602617740631104,1.0386422872543335,-0.056523025035858154
254,5.947360515594482,-0.8366077542304993,-0.7551197409629822,-0.8914787173271179,-3.8643412590026855,1.2414417266845703,-2.2115018367767334,-0.37279877066612244,4.725109100341797,12.382854461669922,5.118682861328125,-0.2586250305175781,-0.23309841752052307,-0.9097980260848999,-0.360032320022583,0.22889134287834167,0.2202339470386505,0.07048968970775604,-0.0512206107378006,0.8614503741264343,-0.00023551503545604646,0.00711415009573102,-0.02803221344947815,0.05087699368596077,1.1708853244781494,-0.1585853099822998,-0.14991144835948944,-0.17270255088806152,-0.7563971281051636,0.2375577688217163,-0.44249558448791504,-0.0739930272102356,0.9955086708068848,2.76617431640625,1.0423988103866577,-0.04697635769844055
255,5.774946689605713,-0.7015748023986816,-0.750028669834137,-0.972204864025116,-3.7463552951812744,1.1806424856185913,-2.22171950340271,-0.46512338519096375,4.998647212982178,12.4496488571167,5.177009105682373,-0.28759896755218506,-0.2509939670562744,-0.7116053700447083,-0.28273671865463257,0.29302507638931274,0.13123895227909088,0.2627253532409668,-0.053682953119277954,0.7203052043914795,-0.00021285691764205694,0.009599712677299976,-0.02539469301700592,0.1373344361782074,1.1474556922912598,-0.1254746913909912,-0.15094499289989471,-0.2033906877040863,-0.7334193587303162,0.2297579050064087,-0.44777727127075195,-0.10262161493301392,1.0534839630126953,2.7855873107910156,1.05805504322052,-0.06109035015106201
256,5.720514297485352,-0.6723988056182861,-0.7270196676254272,-1.06292724609375,-3.574427843093872,1.1569424867630005,-2.2120652198791504,-0.6082229018211365,5.184878826141357,12.497742652893066,5.195966720581055,-0.37651100754737854,-0.12306713312864304,-0.525366485118866,-0.29121360182762146,0.3487314283847809,0.28538501262664795,0.4378308057785034,-0.04577169939875603,0.5001550316810608,-0.00025879027089104056,0.0048075392842292786,-0.06855177879333496,0.19333937764167786,1.1493699550628662,-0.13313674926757812,-0.14346791803836823,-0.2224099338054657,-0.69544917345047,0.23144161701202393,-0.4432476758956909,-0.13775116205215454,1.080433964729309,2.796499490737915,1.0580112934112549,-0.08641088008880615
257,5.580748558044434,-0.816253125667572,-0.5475717186927795,-1.1582179069519043,-3.831784248352051,1.0524375438690186,-2.2039549350738525,-0.4861583113670349,5.235813617706299,12.537572860717773,5.184275150299072,-0.3846290707588196,-0.10338446497917175,-0.4120207726955414,-0.20396952331066132,0.3422289788722992,0.26297760009765625,0.6083313822746277,-0.0653509721159935,0.374386727809906,-0.0002412477770121768,0.004146115854382515,-0.012929864227771759,0.16981981694698334,1.1168017387390137,-0.18518945574760437,-0.08646164834499359,-0.24150601029396057,-0.7983339428901672,0.2004948854446411,-0.44159626960754395,-0.08021074533462524,1.072157382965088,2.8044228553771973,1.0472849607467651,-0.07713302969932556
258,5.364832401275635,-0.7590472102165222,-0.6251057982444763,-1.0477789640426636,-3.7179789543151855,0.8969231247901917,-2.196270227432251,-0.45216208696365356,5.405850887298584,12.529192924499512,5.176596164703369,-0.31355851888656616,-0.1475759744644165,-0.2786378562450409,-0.1254369169473648,0.34241411089897156,0.1456526219844818,0.7521235346794128,-0.08695834130048752,0.2542501389980316,-0.0002242485643364489,0.008284072391688824,0.02526151016354561,0.21212464570999146,1.0586330890655518,-0.14580684900283813,-0.13610543310642242,-0.19278094172477722,-0.7282590270042419,0.16281020641326904,-0.4406614303588867,-0.08511674404144287,1.1248233318328857,2.7934505939483643,1.0527993440628052,-0.05285021662712097
259,5.453238487243652,-0.6129994988441467,-0.7483454346656799,-1.1382369995117188,-3.4652819633483887,0.8963416814804077,-2.167783498764038,-0.5304999947547913,5.529498100280762,12.563140869140625,5.227176666259766,-0.35945501923561096,-0.05150435119867325,-0.10584353655576706,-0.2472546398639679,0.350467324256897,0.3133607804775238,0.8774985671043396,-0.021615542471408844,0.039558045566082,-0.00026281533064320683,0.0031193969771265984,-0.074594646692276,0.2805284559726715,1.1165564060211182,-0.10364829748868942,-0.1666460484266281,-0.23721259832382202,-0.6624464988708496,0.18447577953338623,-0.43243104219436646,-0.11582797765731812,1.1444700956344604,2.8121447563171387,1.0730847120285034,-0.07711508870124817
260,5.523547172546387,-0.8663750886917114,-0.5027801990509033,-1.3271137475967407,-3.7731008529663086,0.7998284101486206,-2.2441513538360596,-0.3812004029750824,5.44281005859375,12.59853458404541,5.211953163146973,-0.40640854835510254,-0.030792079865932465,-0.027470357716083527,-0.22430215775966644,0.27698346972465515,0.2738982141017914,0.9831568598747253,-0.03709576278924942,-0.0887199118733406,-0.0002443223784212023,0.0029069874435663223,-0.10548579692840576,0.23405873775482178,1.1361091136932373,-0.20744842290878296,-0.06878946721553802,-0.2875802516937256,-0.7923511266708374,0.1520932912826538,-0.46017754077911377,-0.05676192045211792,1.0964552164077759,2.820357084274292,1.0501846075057983,-0.08618566393852234
261,5.305027008056641,-0.9869643449783325,-0.44948363304138184,-1.210313081741333,-3.8175535202026367,0.5646800994873047,-2.3315913677215576,-0.24906286597251892,5.514805316925049,12.557765007019043,5.191436767578125,-0.29426348209381104,-0.10370252281427383,-0.00791618600487709,-0.10204695165157318,0.2094414085149765,0.1501360833644867,1.0612895488739014,-0.08487223088741302,-0.13252006471157074,-0.00023250748927239329,0.00815871823579073,-0.008303046226501465,0.2388215810060501,1.048367977142334,-0.21351104974746704,-0.08336891233921051,-0.22501888871192932,-0.7699608206748962,0.08474539965391159,-0.48038679361343384,-0.03250688314437866,1.1340551376342773,2.795236110687256,1.046012043952942,-0.043517500162124634
262,5.3075642585754395,-0.8011813163757324,-0.6744067668914795,-1.1540359258651733,-3.5178627967834473,0.5037316679954529,-2.2945196628570557,-0.3153412640094757,5.677630424499512,12.554302215576172,5.206594944000244,-0.28126224875450134,-0.05482087284326553,0.06828168779611588,-0.14682583510875702,0.17395098507404327,0.32770708203315735,1.1125149726867676,0.07863473147153854,-0.2585969865322113,-0.0002690312103368342,0.002856908366084099,0.028077177703380585,0.3044535517692566,1.0748538970947266,-0.1354527473449707,-0.16525395214557648,-0.22228246927261353,-0.6668222546577454,0.09622775763273239,-0.4571765661239624,-0.0722777247428894,1.1814969778060913,2.802783250808716,1.0640556812286377,-0.053871095180511475
263,5.455124855041504,-0.9069570302963257,-0.634305477142334,-1.2980389595031738,-3.6734750270843506,0.4808957576751709,-2.3601508140563965,-0.31240659952163696,5.650339126586914,12.603398323059082,5.189157962799072,-0.3718881905078888,-0.032131411135196686,0.11413038522005081,-0.18028460443019867,0.10963891446590424,0.2795632779598236,1.144924283027649,-0.08745427429676056,-0.3909408152103424,-0.00024615199072286487,0.002896862104535103,-0.11872842162847519,0.29667001962661743,1.1311700344085693,-0.19489404559135437,-0.12227235734462738,-0.2777079939842224,-0.7509078979492188,0.09684550017118454,-0.4795229434967041,-0.06281024217605591,1.1487540006637573,2.8242318630218506,1.055616021156311,-0.0850590169429779
264,5.403107643127441,-1.0197980403900146,-0.5016295909881592,-1.3376142978668213,-3.796745538711548,0.3634219467639923,-2.3206613063812256,-0.19570666551589966,5.612890243530273,12.589232444763184,5.233676433563232,-0.3444408178329468,-0.11175939440727234,0.10131466388702393,-0.15364691615104675,0.013777616433799267,0.13752737641334534,1.177838683128357,-0.06864753365516663,-0.4181266725063324,-0.00023023347603157163,0.007541988510638475,-0.04036065936088562,0.24483856558799744,1.0923395156860352,-0.2181512713432312,-0.08323745429515839,-0.2724807560443878,-0.7763998508453369,0.05935358256101608,-0.4634370803833008,-0.02407902479171753,1.1393791437149048,2.809040069580078,1.0590072870254517,-0.06430104374885559
265,5.414834499359131,-1.0536614656448364,-0.626278281211853,-1.1678543090820312,-3.547386646270752,0.3124294579029083,-2.310037851333618,-0.19414761662483215,5.650178909301758,12.573420524597168,5.182987213134766,-0.3100137412548065,-0.06666047126054764,0.08070758730173111,-0.12960030138492584,-0.017389800399541855,0.31967687606811523,1.1772719621658325,-0.15339887142181396,-0.4901811480522156,-0.000270369288045913,0.0023645609617233276,-0.06245620548725128,0.23140324652194977,1.098179817199707,-0.2147320806980133,-0.14258728921413422,-0.2115480601787567,-0.6802195906639099,0.05801498144865036,-0.46294093132019043,-0.039190828800201416,1.1578638553619385,2.8056557178497314,1.0474804639816284,-0.0568387508392334
266,5.491485118865967,-1.041479468345642,-0.6890510320663452,-1.2397795915603638,-3.7135508060455322,0.23635342717170715,-2.1811163425445557,-0.049955978989601135,5.629897594451904,12.613157272338867,5.210740566253662,-0.29209139943122864,-0.0646047592163086,0.06321261823177338,-0.29230937361717224,-0.053434040397405624,0.2626924216747284,1.1556459665298462,-0.12083955854177475,-0.5394735336303711,-0.00024474848760291934,0.0021091867238283157,-0.0522855669260025,0.23029974102973938,1.128331184387207,-0.2063470184803009,-0.14679239690303802,-0.2581152617931366,-0.760578453540802,0.038638465106487274,-0.4231937527656555,0.009323358535766602,1.1454085111618042,2.825148820877075,1.0594332218170166,-0.055419594049453735
267,5.557817459106445,-1.1240395307540894,-0.5765329003334045,-1.3075461387634277,-3.707185745239258,0.21324430406093597,-2.2396657466888428,0.0048728687688708305,5.553889274597168,12.60595417022705,5.17949914932251,-0.2976539433002472,-0.14428330957889557,0.01124039851129055,-0.45567649602890015,-0.12943220138549805,0.11210064589977264,1.144935965538025,-0.03126697242259979,-0.5102983117103577,-0.0002272924321005121,0.006875724531710148,-0.15455251932144165,0.1659768968820572,1.1398942470550537,-0.23559913039207458,-0.10180740058422089,-0.2715259790420532,-0.7411841154098511,0.04112397879362106,-0.45871031284332275,0.008366763591766357,1.1214390993118286,2.8148601055145264,1.0463545322418213,-0.05959397554397583
268,5.612181663513184,-1.216403841972351,-0.5810275077819824,-1.257325530052185,-3.5157971382141113,0.13444679975509644,-2.2231409549713135,-0.11530092358589172,5.531351566314697,12.587137222290039,5.183746814727783,-0.34550604224205017,-0.09531307220458984,-0.07284857332706451,-0.176550954580307,-0.17608602344989777,0.2936343550682068,1.0977586507797241,-0.14356429874897003,-0.5562703609466553,-0.0002692083944566548,0.0028307968750596046,-0.05285654217004776,0.10135642439126968,1.144442081451416,-0.25601157546043396,-0.11905346810817719,-0.24649468064308167,-0.6823225021362305,0.017019979655742645,-0.44330155849456787,-0.03973567485809326,1.1242139339447021,2.8088366985321045,1.042681097984314,-0.07499346137046814
269,5.570879936218262,-1.3071508407592773,-0.6864542365074158,-1.1273945569992065,-3.7874839305877686,0.07569817453622818,-2.0721099376678467,0.14653806388378143,5.498944282531738,12.608072280883789,5.138199329376221,-0.24261324107646942,-0.09796764701604843,-0.17089906334877014,-0.3357470631599426,-0.18787559866905212,0.24615611135959625,1.0209606885910034,-0.12850253283977509,-0.5484898090362549,-0.00024805322755128145,0.003354300744831562,-0.06733393669128418,0.08420898765325546,1.1275207996368408,-0.2749606668949127,-0.15155945718288422,-0.20978134870529175,-0.7906384468078613,0.007552735507488251,-0.3982366919517517,0.06360214948654175,1.115960717201233,2.820408582687378,1.0389480590820312,-0.034775733947753906
270,5.588487148284912,-1.1764923334121704,-0.5992490649223328,-1.271925687789917,-3.7765374183654785,0.05720109865069389,-2.1698083877563477,0.23029491305351257,5.495397090911865,12.607941627502441,5.1732330322265625,-0.20491069555282593,-0.18307767808437347,-0.23914441466331482,-0.4922419786453247,-0.2658228874206543,0.10076241195201874,0.9750012159347534,-0.04567515850067139,-0.4550558030605316,-0.00022867455845698714,0.008448906242847443,-0.16069473326206207,0.05403919517993927,1.13808012008667,-0.21985399723052979,-0.10995571315288544,-0.2757503390312195,-0.7549417018890381,0.009261362254619598,-0.4501364231109619,0.0562099814414978,1.119283676147461,2.8170535564422607,1.052603840827942,-0.0358329713344574
271,5.635721206665039,-1.2701157331466675,-0.6000918745994568,-1.1719379425048828,-3.4951629638671875,0.017689937725663185,-2.227700710296631,-0.03277517855167389,5.572954177856445,12.604918479919434,5.175148963928223,-0.3095545172691345,-0.14001083374023438,-0.3366088569164276,-0.21453547477722168,-0.29136553406715393,0.2881133556365967,0.9000402688980103,-0.16742734611034393,-0.4642392694950104,-0.0002673615817911923,0.003875771537423134,-0.05759396404027939,-0.011474222876131535,1.1467275619506836,-0.26929545402526855,-0.12258283793926239,-0.22363999485969543,-0.6661381125450134,-0.001800544559955597,-0.45455920696258545,-0.04125028848648071,1.1471701860427856,2.8171002864837646,1.0405640602111816,-0.07570701837539673
272,5.54103946685791,-1.3335870504379272,-0.6776382327079773,-1.0738753080368042,-3.7805235385894775,-0.018889283761382103,-2.038119077682495,0.167791485786438,5.605077743530273,12.649234771728516,5.137857913970947,-0.2463032752275467,-0.14954650402069092,-0.4501863121986389,-0.34946733713150024,-0.2835805118083954,0.24745479226112366,0.8045669198036194,-0.15057700872421265,-0.4297914206981659,-0.00024123216280713677,0.0031083188951015472,-0.06044600531458855,-0.05471976101398468,1.1118619441986084,-0.27917927503585815,-0.14620552957057953,-0.20393452048301697,-0.79114830493927,-0.008551247417926788,-0.3865641951560974,0.059521257877349854,1.147554874420166,2.836514711380005,1.039819359779358,-0.04098600149154663
273,5.491124629974365,-1.1899672746658325,-0.6024121642112732,-1.1497437953948975,-3.7513577938079834,0.02509221062064171,-2.096433401107788,0.20158785581588745,5.6611552238464355,12.663816452026367,5.1732611656188965,-0.21378347277641296,-0.2306518852710724,-0.5261605978012085,-0.5850423574447632,-0.31151893734931946,0.08914557099342346,0.7480406761169434,-0.05549856275320053,-0.3318778872489929,-0.00022268746397458017,0.006604798138141632,-0.15797585248947144,-0.10412219166755676,1.1059091091156006,-0.22302302718162537,-0.11218373477458954,-0.24252507090568542,-0.7471975684165955,0.01103924959897995,-0.4302530884742737,0.04421889781951904,1.1628563404083252,2.83534836769104,1.0534485578536987,-0.03859761357307434
274,5.533936023712158,-1.227333903312683,-0.5734607577323914,-1.0967392921447754,-3.4368181228637695,0.02769375406205654,-2.1008427143096924,-0.05314480513334274,5.744609355926514,12.67952823638916,5.17412805557251,-0.3273239731788635,-0.1883835345506668,-0.612919807434082,-0.22829535603523254,-0.3043890595436096,0.28741583228111267,0.6723521947860718,-0.20432719588279724,-0.34067055583000183,-0.00026424232055433095,0.0006878254935145378,-0.023530878126621246,-0.19700460135936737,1.1229798793792725,-0.2555702030658722,-0.11369965970516205,-0.21479511260986328,-0.6502376198768616,0.006029002368450165,-0.42177319526672363,-0.044413745403289795,1.1844929456710815,2.841127634048462,1.0401999950408936,-0.0811026394367218
275,5.420916557312012,-1.2894562482833862,-0.6778273582458496,-0.9451225399971008,-3.725802421569824,2.7721416699932888e-05,-1.872012734413147,0.18570154905319214,5.805574417114258,12.736501693725586,5.1348724365234375,-0.2323443591594696,-0.18550081551074982,-0.7132903337478638,-0.34442564845085144,-0.24868080019950867,0.2460775524377823,0.5743091106414795,-0.1879061460494995,-0.3030378222465515,-0.00024501248844899237,-0.0008671274408698082,-0.05884112790226936,-0.24710150063037872,1.0822153091430664,-0.2725018858909607,-0.14974282681941986,-0.17057296633720398,-0.7803915739059448,-0.003777153789997101,-0.3482753038406372,0.0683775544166565,1.1942838430404663,2.862865686416626,1.0418601036071777,-0.03434568643569946
276,5.35569953918457,-1.0777989625930786,-0.6235253214836121,-1.0620328187942505,-3.678683042526245,0.03095550276339054,-1.936047077178955,0.27624186873435974,5.916898727416992,12.763768196105957,5.20458459854126,-0.16746275126934052,-0.24563497304916382,-0.7549752593040466,-0.6067575812339783,-0.2423008680343628,0.07966303825378418,0.5206006169319153,-0.08955620229244232,-0.18842682242393494,-0.0002280982444062829,0.0032896529883146286,-0.1573311984539032,-0.2741934359073639,1.0743334293365479,-0.19259315729141235,-0.11920543015003204,-0.22983935475349426,-0.7300236821174622,0.010515443980693817,-0.39905160665512085,0.06668418645858765,1.225229263305664,2.8652243614196777,1.0637407302856445,-0.02523064613342285
277,5.403168678283691,-1.1064350605010986,-0.5837172269821167,-1.051140308380127,-3.3097381591796875,0.01910003274679184,-1.9565216302871704,-0.01781393587589264,6.047886848449707,12.778103828430176,5.207970142364502,-0.30397310853004456,-0.21593399345874786,-0.8073411583900452,-0.23224511742591858,-0.21566998958587646,0.28670164942741394,0.4491550922393799,-0.23743996024131775,-0.18558427691459656,-0.0002674873103387654,-0.0021834801882505417,0.010649092495441437,-0.3564727008342743,1.09621262550354,-0.23129215836524963,-0.11449889838695526,-0.2105802595615387,-0.6173462271690369,0.0022710487246513367,-0.39528822898864746,-0.04244166612625122,1.256104826927185,2.8682878017425537,1.0475811958312988,-0.08012887835502625
278,5.285327911376953,-1.1796075105667114,-0.6720296740531921,-0.9312598705291748,-3.617335081100464,-0.015873881056904793,-1.7097959518432617,0.17446453869342804,6.13615608215332,12.835081100463867,5.16231632232666,-0.23788779973983765,-0.21189755201339722,-0.878804624080658,-0.3152942955493927,-0.15545842051506042,0.24907857179641724,0.3571161925792694,-0.22187037765979767,-0.13929322361946106,-0.00024789993767626584,-0.002495214343070984,-0.06340201944112778,-0.4171302020549774,1.0518522262573242,-0.25296348333358765,-0.14636890590190887,-0.17144683003425598,-0.7608453631401062,-0.007804997265338898,-0.3132786154747009,0.06019192934036255,1.2689415216445923,2.8904621601104736,1.0498077869415283,-0.03963962197303772
279,5.187053203582764,-0.9745686054229736,-0.6222686767578125,-1.0407967567443848,-3.586202383041382,0.026175282895565033,-1.7514679431915283,0.23904365301132202,6.261567115783691,12.856284141540527,5.254859447479248,-0.17817535996437073,-0.2610839307308197,-0.8929775357246399,-0.5990217924118042,-0.1460016965866089,0.07461997866630554,0.3117625117301941,-0.09916128218173981,-0.024487152695655823,-0.00022974435705691576,0.0012547727674245834,-0.16088731586933136,-0.4537675380706787,1.033585548400879,-0.17308834195137024,-0.11934356391429901,-0.22383835911750793,-0.7132546901702881,0.010915271937847137,-0.3590695858001709,0.05619746446609497,1.3012813329696655,2.890275716781616,1.0758335590362549,-0.02836078405380249
280,5.244403839111328,-1.015436053276062,-0.5768228769302368,-1.0331580638885498,-3.192481279373169,0.02800031751394272,-1.7692264318466187,-0.05077086389064789,6.378661632537842,12.865445137023926,5.251089572906494,-0.3182240128517151,-0.2619364559650421,-0.9281815886497498,-0.3369780480861664,-0.12388305366039276,0.2892216444015503,0.25885316729545593,-0.2076907753944397,0.0014965897426009178,-0.00026323628844693303,-0.004823131486773491,-0.0076071470975875854,-0.569579005241394,1.064148187637329,-0.21512705087661743,-0.1123523861169815,-0.20670446753501892,-0.59037846326828,0.005899183452129364,-0.3571138381958008,-0.04866480827331543,1.325380563735962,2.89178204536438,1.0553897619247437,-0.08427649736404419
281,5.161235809326172,-1.1003228425979614,-0.6739776134490967,-0.920464038848877,-3.450864553451538,-0.051825616508722305,-1.495569109916687,0.08109493553638458,6.445789337158203,12.91960620880127,5.200808048248291,-0.2787492573261261,-0.25072652101516724,-0.9837101101875305,-0.27068543434143066,-0.07732933759689331,0.25821444392204285,0.17064766585826874,-0.22828969359397888,0.03967282921075821,-0.00024513652897439897,-0.005488828755915165,0.040464431047439575,-0.6684165000915527,1.0284345149993896,-0.23911935091018677,-0.14878110587596893,-0.16973724961280823,-0.7203161120414734,-0.02090049535036087,-0.26559245586395264,0.03380852937698364,1.3326942920684814,2.913567304611206,1.0557751655578613,-0.0522211492061615
282,5.070718765258789,-0.9191239476203918,-0.7188816666603088,-0.9588956236839294,-3.4606854915618896,-0.025181913748383522,-1.485034704208374,0.21423350274562836,6.5542120933532715,12.942118644714355,5.2732462882995605,-0.17415033280849457,-0.2716675102710724,-0.9809936881065369,-0.3384440243244171,-0.05421806871891022,0.08888858556747437,0.112635038793087,-0.213279128074646,0.13059020042419434,-0.00023465060803573579,-0.00196909811347723,-0.03686492145061493,-0.6908218860626221,1.0092816352844238,-0.16541630029678345,-0.15097247064113617,-0.19733527302742004,-0.6929924488067627,-0.0014954879879951477,-0.2984001636505127,0.0606955885887146,1.3621851205825806,2.9145138263702393,1.087101697921753,-0.021798044443130493
283,5.1533122062683105,-0.8564233183860779,-0.7452508211135864,-0.9917285442352295,-3.1441524028778076,-0.022829443216323853,-1.5001356601715088,0.08025117218494415,6.68619441986084,12.955525398254395,5.3293890953063965,-0.2358134239912033,-0.29125574231147766,-0.9743954539299011,-0.34907329082489014,-0.013687610626220703,0.3044171929359436,0.058712948113679886,-0.20838896930217743,0.1790296584367752,-0.0002625910274218768,-0.0077138300985097885,-0.013175949454307556,-0.7421039342880249,1.0489718914031982,-0.16847366094589233,-0.15457694232463837,-0.2031170129776001,-0.5905532240867615,-0.004242785274982452,-0.30452120304107666,-0.0017352104187011719,1.394336462020874,2.9177913665771484,1.08769690990448,-0.05738937854766846
284,5.157251834869385,-0.9923689365386963,-0.7070481777191162,-1.0272305011749268,-3.3314788341522217,-0.10973086953163147,-1.3817483186721802,0.11397671699523926,6.740995407104492,13.003908157348633,5.294959545135498,-0.2706454396247864,-0.28094643354415894,-1.0164788961410522,-0.27456235885620117,0.006441202014684677,0.26937082409858704,-0.028744179755449295,-0.21326467394828796,0.22422893345355988,-0.0002468942548148334,-0.008190817199647427,0.0315709114074707,-0.8272272348403931,1.0382099151611328,-0.22398889064788818,-0.13799090683460236,-0.21023696660995483,-0.6862233281135559,-0.03347373753786087,-0.2626212239265442,0.027473092079162598,1.3950625658035278,2.936225652694702,1.0727968215942383,-0.06111982464790344
285,5.005185127258301,-0.9590892791748047,-0.697607696056366,-1.0206141471862793,-3.4047603607177734,-0.14622406661510468,-1.3668725490570068,0.2045215219259262,6.8288350105285645,12.998787879943848,5.323624134063721,-0.18759962916374207,-0.29840782284736633,-1.0504019260406494,-0.20777584612369537,-0.0019051190465688705,0.1034296303987503,-0.109666608273983,-0.19799117743968964,0.31012946367263794,-0.00023953731579240412,-0.004425170831382275,-0.028752297163009644,-0.8553925156593323,0.9861437678337097,-0.19423794746398926,-0.13933812081813812,-0.20323210954666138,-0.6900189518928528,-0.03418625146150589,-0.27366673946380615,0.05339998006820679,1.4190678596496582,2.9250328540802,1.0909874439239502,-0.027750164270401
286,5.0139336585998535,-0.8377708792686462,-0.7731821537017822,-1.0077389478683472,-3.162449836730957,-0.15484561026096344,-1.3642385005950928,0.12377867102622986,6.972537994384766,12.991412162780762,5.395836353302002,-0.199951633810997,-0.34157440066337585,-1.0527732372283936,-0.3620721399784088,0.02508101798593998,0.3201165199279785,-0.1924121230840683,-0.2251313030719757,0.34889206290245056,-0.00026918796356767416,-0.009348094463348389,-0.0197695791721344,-0.8603112697601318,1.0089354515075684,-0.1570650339126587,-0.16571681201457977,-0.20000210404396057,-0.6039000749588013,-0.03228927403688431,-0.27451878786087036,0.014214932918548584,1.4587559700012207,2.9237051010131836,1.1050246953964233,-0.04353034496307373
287,5.078969478607178,-0.9384065866470337,-0.672863245010376,-1.1152149438858032,-3.345791816711426,-0.1767846643924713,-1.2761070728302002,0.139105424284935,7.036111354827881,13.046210289001465,5.374094009399414,-0.2551652491092682,-0.34779033064842224,-1.094158411026001,-0.42944806814193726,0.012469939887523651,0.2804735004901886,-0.2832680940628052,-0.16232998669147491,0.40432149171829224,-0.0002515434753149748,-0.009863240644335747,-0.05341659486293793,-0.9293482303619385,1.0281224250793457,-0.2085341215133667,-0.12323926389217377,-0.23725637793540955,-0.6881881356239319,-0.03858662396669388,-0.24569515883922577,0.030237019062042236,1.4609843492507935,2.9494855403900146,1.0903337001800537,-0.06102064251899719
288,4.942356109619141,-0.9916176199913025,-0.6053866147994995,-1.1050318479537964,-3.3662397861480713,-0.25028643012046814,-1.2738397121429443,0.14615793526172638,7.100565433502197,13.02857780456543,5.400240421295166,-0.21688948571681976,-0.35630181431770325,-1.152721643447876,-0.23006367683410645,-0.03715307265520096,0.11431345343589783,-0.3818527162075043,-0.21041704714298248,0.4743371903896332,-0.00024390466569457203,-0.006201497279107571,-0.011236578226089478,-0.9671589136123657,0.9726895689964294,-0.21349883079528809,-0.11393119394779205,-0.21977996826171875,-0.6749106645584106,-0.0605018213391304,-0.25573790073394775,0.03061819076538086,1.475307822227478,2.9308931827545166,1.0990660190582275,-0.04026201367378235
289,4.93316650390625,-0.8852448463439941,-0.7446333765983582,-1.0031170845031738,-3.175110340118408,-0.27965012192726135,-1.1911431550979614,0.13654173910617828,7.2263383865356445,13.013206481933594,5.443965435028076,-0.1857876479625702,-0.4205806255340576,-1.1774992942810059,-0.4232114553451538,-0.02043464593589306,0.3342296779155731,-0.48987075686454773,-0.18407700955867767,0.5127779245376587,-0.0002705689985305071,-0.01079816184937954,0.00971648097038269,-0.9557997584342957,0.9879981875419617,-0.16970276832580566,-0.16830824315547943,-0.18760856986045837,-0.6131320595741272,-0.06072927266359329,-0.22925828397274017,0.026489853858947754,1.5121192932128906,2.928103446960449,1.1160317659378052,-0.0347425639629364
290,5.057579040527344,-0.9286701083183289,-0.6383411884307861,-1.173813819885254,-3.362431049346924,-0.2854248285293579,-1.1380597352981567,0.1708269566297531,7.283554553985596,13.071149826049805,5.44745397567749,-0.22660844027996063,-0.4270000457763672,-1.2240123748779297,-0.49066442251205444,-0.0543382354080677,0.2951893210411072,-0.5980862379074097,-0.1322120726108551,0.5642761588096619,-0.0002517707471270114,-0.011577689088881016,-0.0849369615316391,-0.9833123683929443,1.0286848545074463,-0.19954639673233032,-0.11578904092311859,-0.2578812837600708,-0.6917062401771545,-0.0589529350399971,-0.22191502153873444,0.039433062076568604,1.5146647691726685,2.9570858478546143,1.1115097999572754,-0.0532897412776947
291,4.948629856109619,-1.0351749658584595,-0.5466083884239197,-1.1583701372146606,-3.385146141052246,-0.37518060207366943,-1.160073161125183,0.16668705642223358,7.336943626403809,13.042667388916016,5.491309642791748,-0.1981227546930313,-0.4277235269546509,-1.3047150373458862,-0.2976229786872864,-0.12170305848121643,0.12568752467632294,-0.7219908237457275,-0.18788914382457733,0.6258957386016846,-0.00024880628916434944,-0.008290239609777927,-0.042435675859451294,-0.9880082607269287,0.9751755595207214,-0.231006920337677,-0.09891082346439362,-0.2303912341594696,-0.6787012219429016,-0.08891988545656204,-0.23591996729373932,0.033452749252319336,1.5259376764297485,2.9325168132781982,1.1165869235992432,-0.03771871328353882
292,4.935491561889648,-0.9403488636016846,-0.6615210771560669,-1.0691314935684204,-3.2241876125335693,-0.43314674496650696,-1.0789793729782104,0.1898127943277359,7.450051307678223,13.015026092529297,5.5270915031433105,-0.15801352262496948,-0.5080578923225403,-1.3547464609146118,-0.4918580651283264,-0.1289597600698471,0.34860995411872864,-0.8603060841560364,-0.1611747443675995,0.6671984791755676,-0.00027236563619226217,-0.012504465878009796,-0.013091430068016052,-0.9425989389419556,0.9857284426689148,-0.1838718056678772,-0.14866982400417328,-0.20322176814079285,-0.6269835829734802,-0.09690607339143753,-0.20669318735599518,0.04196608066558838,1.5599368810653687,2.9258358478546143,1.1307079792022705,-0.027621358633041382
293,5.071042537689209,-0.9975854754447937,-0.5363057851791382,-1.2435474395751953,-3.4309496879577637,-0.457798033952713,-1.03254234790802,0.2041025459766388,7.516038417816162,13.058503150939941,5.537842273712158,-0.2045288234949112,-0.5166113376617432,-1.4290343523025513,-0.5683732032775879,-0.18896429240703583,0.3097231388092041,-1.0044790506362915,-0.10757376253604889,0.7122084498405457,-0.00025805935729295015,-0.01307896338403225,-0.12203695625066757,-0.9346275329589844,1.029604196548462,-0.21729421615600586,-0.09266667068004608,-0.27347803115844727,-0.7077533602714539,-0.0979311540722847,-0.20138920843601227,0.043731868267059326,1.5676422119140625,2.9503514766693115,1.1306719779968262,-0.04937848448753357
294,4.967906951904297,-1.1241061687469482,-0.42052504420280457,-1.2466179132461548,-3.4665112495422363,-0.5741262435913086,-1.0622304677963257,0.19765104353427887,7.567448616027832,13.014707565307617,5.59443473815918,-0.18063749372959137,-0.5138209462165833,-1.5453212261199951,-0.3852899670600891,-0.28948894143104553,0.1369168907403946,-1.168344497680664,-0.16175055503845215,0.7692779898643494,-0.0002518495311960578,-0.009763420559465885,-0.0781065821647644,-0.9074389338493347,0.9769418835639954,-0.25434601306915283,-0.07018272578716278,-0.2518855929374695,-0.6965680718421936,-0.1351839303970337,-0.2170875519514084,0.03965073823928833,1.5769522190093994,2.921271562576294,1.137335181236267,-0.03453966975212097
295,4.9633049964904785,-1.0497585535049438,-0.520742654800415,-1.1451332569122314,-3.3132128715515137,-0.6553820967674255,-0.9776074290275574,0.2155681699514389,7.674374580383301,12.967390060424805,5.631689071655273,-0.14260734617710114,-0.6111116409301758,-1.6322903633117676,-0.5784810185432434,-0.32493504881858826,0.36241430044174194,-1.3515396118164062,-0.14796510338783264,0.8070885539054871,-0.0002772145962808281,-0.013472350314259529,-0.045569851994514465,-0.8323503136634827,0.9898356795310974,-0.2116481065750122,-0.11870770156383514,-0.2183089256286621,-0.6459457278251648,-0.1481388807296753,-0.18558742105960846,0.04675006866455078,1.609175443649292,2.9081084728240967,1.1510069370269775,-0.02452567219734192
296,5.116975784301758,-1.1041585206985474,-0.38189801573753357,-1.3255641460418701,-3.543468475341797,-0.6940407156944275,-0.9152977466583252,0.23064562678337097,7.740761756896973,13.001837730407715,5.650208473205566,-0.19268709421157837,-0.6223474144935608,-1.740504264831543,-0.6672065854072571,-0.4111575186252594,0.3227322995662689,-1.5424896478652954,-0.08928432315587997,0.8476976156234741,-0.0002618882281240076,-0.01421088632196188,-0.15955603122711182,-0.7968113422393799,1.0375847816467285,-0.24182692170143127,-0.05946432054042816,-0.29288801550865173,-0.733233630657196,-0.15136229991912842,-0.17563624680042267,0.04950571060180664,1.6180081367492676,2.9321236610412598,1.1537867784500122,-0.04709485173225403
297,5.028520584106445,-1.2361996173858643,-0.2570936977863312,-1.3210680484771729,-3.5824320316314697,-0.8157820701599121,-0.934518575668335,0.22895412147045135,7.78214693069458,12.943314552307129,5.710947036743164,-0.16767898201942444,-0.6105813384056091,-1.8873506784439087,-0.4788341522216797,-0.5342008471488953,0.14508982002735138,-1.7540217638015747,-0.13612908124923706,0.9006158113479614,-0.0002561848086770624,-0.011317107826471329,-0.1088499203324318,-0.7422142028808594,0.9878243803977966,-0.28203174471855164,-0.0357237309217453,-0.268074095249176,-0.7202196717262268,-0.1898289918899536,-0.18989361822605133,0.04693114757537842,1.623566746711731,2.8977549076080322,1.1599719524383545,-0.03140103816986084
298,5.04494047164917,-1.1666443347930908,-0.3523006737232208,-1.21886146068573,-3.4254751205444336,-0.9223620891571045,-0.8430227041244507,0.26111409068107605,7.8750505447387695,12.879364013671875,5.750575542449951,-0.12284085154533386,-0.7181007862091064,-2.0008814334869385,-0.6692793369293213,-0.5902913808822632,0.3741973042488098,-1.990274429321289,-0.1439732164144516,0.9362806081771851,-0.0002797652850858867,-0.014757426455616951,-0.07758241891860962,-0.6344565749168396,1.0064306259155273,-0.2401629090309143,-0.084284707903862,-0.23524245619773865,-0.6682233214378357,-0.2119765281677246,-0.15736980736255646,0.058313727378845215,1.6522340774536133,2.879448890686035,1.174943447113037,-0.01923796534538269
299,5.22637414932251,-1.2238693237304688,-0.19931188225746155,-1.4087804555892944,-3.6793036460876465,-0.9818009734153748,-0.7621755003929138,0.2739400267601013,7.941511154174805,12.904180526733398,5.780266761779785,-0.1787385642528534,-0.726534903049469,-2.135105609893799,-0.7667655348777771,-0.69499272108078,0.3334231972694397,-2.2363266944885254,-0.08383315801620483,0.9748566746711731,-0.00026454092585481703,-0.01566094532608986,-0.18997427821159363,-0.5708383917808533,1.0598526000976562,-0.27134862542152405,-0.02021549642086029,-0.31400200724601746,-0.7634811997413635,-0.22000765800476074,-0.14240939915180206,0.058358848094940186,1.6632624864578247,2.902024507522583,1.1809709072113037,-0.04451802372932434
300,5.156595230102539,-1.3690522909164429,-0.0658104196190834,-1.4061695337295532,-3.715117931365967,-1.1290103197097778,-0.7638009786605835,0.28451743721961975,7.97052001953125,12.824400901794434,5.843100547790527,-0.15041513741016388,-0.7026516199111938,-2.3072426319122314,-0.5622718334197998,-0.8370963335037231,0.15105555951595306,-2.5066094398498535,-0.11382437497377396,1.0283803939819336,-0.0002584503381513059,-0.01295058149844408,-0.13175338506698608,-0.48593226075172424,1.0131480693817139,-0.3168696463108063,0.004669025540351868,-0.2885688245296478,-0.7464689612388611,-0.26665163040161133,-0.15325386822223663,0.06031888723373413,1.6641801595687866,2.859586000442505,1.1862668991088867,-0.026996701955795288
301,5.203681468963623,-1.3166061639785767,-0.15797558426856995,-1.3125730752944946,-3.542914390563965,-1.279327392578125,-0.6660022139549255,0.33208486437797546,8.046117782592773,12.73299789428711,5.886491298675537,-0.09583331644535065,-0.8179932236671448,-2.446502447128296,-0.7523771524429321,-0.9141870737075806,0.38293886184692383,-2.809868097305298,-0.15127238631248474,1.0664211511611938,-0.0002833846665453166,-0.015881497412919998,-0.09964552521705627,-0.33741673827171326,1.040313959121704,-0.27915245294570923,-0.04465816915035248,-0.25837957859039307,-0.6900684237480164,-0.30298328399658203,-0.12074543535709381,0.07541173696517944,1.688341498374939,2.832490921020508,1.2032052278518677,-0.012094616889953613
302,5.42913293838501,-1.3871747255325317,0.019741183146834373,-1.5255985260009766,-3.8208606243133545,-1.376295804977417,-0.5550186634063721,0.3315633535385132,8.104838371276855,12.73583984375,5.92502498626709,-0.16757193207740784,-0.755497932434082,-2.5969111919403076,-0.7077033519744873,-1.0631637573242188,0.14974695444107056,-3.122673749923706,-0.09429089725017548,1.1181620359420776,-0.0002550578210502863,-0.014188239350914955,-0.048007234930992126,-0.25013983249664307,1.1036837100982666,-0.31364333629608154,0.02788461744785309,-0.3450641930103302,-0.7950893044471741,-0.3204241991043091,-0.0968170315027237,0.06874126195907593,1.6991184949874878,2.849827527999878,1.2116514444351196,-0.04371887445449829
303,5.44149112701416,-1.506633996963501,0.08254686743021011,-1.4758381843566895,-3.628359317779541,-1.517812728881836,-0.515091598033905,0.3222716152667999,8.096344947814941,12.59679126739502,5.959782123565674,-0.12303803861141205,-0.8740338683128357,-2.774346113204956,-0.8048896789550781,-1.1885981559753418,0.39012041687965393,-3.469414234161377,-0.1500033438205719,1.1410834789276123,-0.00028186829877085984,-0.01752406731247902,-0.11818921566009521,-0.10129668563604355,1.083479404449463,-0.34895139932632446,0.024315789341926575,-0.30058279633522034,-0.7056729197502136,-0.3628193140029907,-0.09787459671497345,0.06574046611785889,1.6870194673538208,2.785092353820801,1.2226030826568604,-0.01880541443824768
304,5.569729804992676,-1.6048810482025146,0.2449212521314621,-1.5916333198547363,-3.97057843208313,-1.7488837242126465,-0.4021450877189636,0.39696455001831055,8.151153564453125,12.556172370910645,6.0296244621276855,-0.13999220728874207,-0.8078353404998779,-2.969679117202759,-0.7564350962638855,-1.3543903827667236,0.15271522104740143,-3.8540594577789307,-0.09052613377571106,1.1939866542816162,-0.000256735977018252,-0.015591692179441452,-0.05934453010559082,0.02040104940533638,1.1169843673706055,-0.37018537521362305,0.06876565515995026,-0.3490127623081207,-0.8338450789451599,-0.43434083461761475,-0.065829336643219,0.09292018413543701,1.7090604305267334,2.7908947467803955,1.2328879833221436,-0.03028908371925354
305,5.6313676834106445,-1.657358169555664,0.2859727442264557,-1.5802838802337646,-3.746276378631592,-1.9492714405059814,-0.4058728814125061,0.4370408058166504,8.167306900024414,12.37979507446289,6.054529190063477,-0.07779023051261902,-0.928494930267334,-3.1615827083587646,-0.8453317880630493,-1.5038737058639526,0.39606422185897827,-4.279810905456543,-0.1635446548461914,1.224802017211914,-0.0002848203876055777,-0.01792455092072487,-0.13912025094032288,0.22299662232398987,1.1275293827056885,-0.37802737951278687,0.06118519604206085,-0.3311850428581238,-0.7255269885063171,-0.4833028316497803,-0.08181944489479065,0.09669715166091919,1.7068771123886108,2.7179880142211914,1.2410441637039185,-0.00714343786239624
306,5.841353893280029,-1.7778904438018799,0.513495147228241,-1.7330242395401,-4.106359958648682,-2.2104454040527344,-0.3141983449459076,0.4342702329158783,8.239982604980469,12.304062843322754,6.143993854522705,-0.15124866366386414,-0.8485590219497681,-3.365586757659912,-0.8013109564781189,-1.6971193552017212,0.15346142649650574,-4.747380256652832,-0.08738218992948532,1.269609808921814,-0.00025977048790082335,-0.015417058020830154,-0.08005519211292267,0.35791274905204773,1.1819286346435547,-0.41811302304267883,0.12932701408863068,-0.38830363750457764,-0.863617479801178,-0.5635628700256348,-0.051027312874794006,0.09022891521453857,1.7320302724838257,2.714744806289673,1.2582297325134277,-0.03950163722038269
307,5.925010681152344,-1.895227313041687,0.6155292391777039,-1.7256836891174316,-3.903782844543457,-2.48840594291687,-0.3694595396518707,0.5061011910438538,8.243637084960938,12.0704927444458,6.172286033630371,-0.07715608179569244,-0.9704088568687439,-3.577326774597168,-0.8786030411720276,-1.8738406896591187,0.40064841508865356,-5.269397735595703,-0.1838703155517578,1.301215410232544,-0.0002900530816987157,-0.017173269763588905,-0.15528762340545654,0.5811367034912109,1.1901109218597412,-0.447748601436615,0.1332959085702896,-0.3671216666698456,-0.7608333230018616,-0.645235002040863,-0.0813979059457779,0.1157941222190857,1.7223676443099976,2.623701810836792,1.265409231185913,-0.005323201417922974
308,6.166189193725586,-2.0304081439971924,0.8859831690788269,-1.88581120967865,-4.297425270080566,-2.8358590602874756,-0.31928426027297974,0.5424091815948486,8.313749313354492,11.937491416931152,6.265223503112793,-0.14330728352069855,-0.876955509185791,-3.7955353260040283,-0.8339498043060303,-2.0896294116973877,0.14850309491157532,-5.848593235015869,-0.0923711434006691,1.3532686233520508,-0.0002595010446384549,-0.014649755321443081,-0.08891874551773071,0.7390338182449341,1.2516322135925293,-0.48529699444770813,0.2071433812379837,-0.4276716113090515,-0.9068840146064758,-0.7584898471832275,-0.057680413126945496,0.11854565143585205,1.7485085725784302,2.60526180267334,1.2836649417877197,-0.0363183319568634
309,6.321447849273682,-2.1510636806488037,1.0174753665924072,-1.9357138872146606,-4.113839149475098,-3.154318332672119,-0.4653741717338562,0.6670820116996765,8.288836479187012,11.645256996154785,6.285409927368164,-0.04807589575648308,-0.9946627616882324,-4.013954162597656,-0.9043197631835938,-2.30462384223938,0.40174299478530884,-6.488409042358398,-0.20639055967330933,1.3939486742019653,-0.00029386807000264525,-0.016302958130836487,-0.1645565927028656,1.0092670917510986,1.2818827629089355,-0.5153012871742249,0.21538497507572174,-0.4264061748981476,-0.8069196343421936,-0.8559948205947876,-0.11279100179672241,0.15729820728302002,1.7283365726470947,2.5005927085876465,1.2882676124572754,0.003113776445388794
310,6.6200642585754395,-2.3436691761016846,1.3534903526306152,-2.0888099670410156,-4.561254024505615,-3.5100700855255127,-0.476695716381073,0.6611438393592834,8.311393737792969,11.446818351745605,6.368959426879883,-0.13956524431705475,-0.8846516609191895,-4.2381591796875,-0.859818696975708,-2.552155017852783,0.13717412948608398,-7.187470436096191,-0.10987212508916855,1.4427131414413452,-0.0002644993655849248,-0.013164753094315529,-0.10132095217704773,1.1953648328781128,1.3533012866973877,-0.576107919216156,0.3064315915107727,-0.47829505801200867,-0.968033492565155,-0.9836534857749939,-0.09776882827281952,0.13799113035202026,1.7407137155532837,2.464449882507324,1.303809642791748,-0.03811267018318176
311,6.831264972686768,-2.4921133518218994,1.5601524114608765,-2.182453155517578,-4.405527591705322,-3.834202527999878,-0.6959218978881836,0.8017562627792358,8.215903282165527,11.09111499786377,6.381776332855225,-0.04107487201690674,-0.99361652135849,-4.459968566894531,-0.9145891666412354,-2.8096635341644287,0.39648130536079407,-7.943291664123535,-0.24625176191329956,1.4798017740249634,-0.0002967130276374519,-0.0139591284096241,-0.15555080771446228,1.5028421878814697,1.3974053859710693,-0.6096612215042114,0.33095210790634155,-0.49510493874549866,-0.8715443015098572,-1.1021366119384766,-0.16889825463294983,0.18837422132492065,1.7010005712509155,2.3470258712768555,1.306962490081787,0.004795730113983154
312,7.165687084197998,-2.7602176666259766,1.9393243789672852,-2.289639711380005,-4.891613483428955,-4.181535720825195,-0.7344293594360352,0.7728332877159119,8.16529655456543,10.81135082244873,6.43574857711792,-0.128123939037323,-0.8689574599266052,-4.686767101287842,-0.8704390525817871,-3.0900187492370605,0.11526358127593994,-8.756787300109863,-0.15001660585403442,1.515663743019104,-0.00026835809694603086,-0.0090910904109478,-0.09731465578079224,1.7336496114730835,1.4738917350769043,-0.698477029800415,0.426300585269928,-0.5260220766067505,-1.0413106679916382,-1.2506569623947144,-0.15375439822673798,0.15870851278305054,1.6962928771972656,2.288675546646118,1.315424919128418,-0.03456461429595947
313,7.500868797302246,-2.9172425270080566,2.2107410430908203,-2.413902521133423,-4.648554801940918,-4.461580753326416,-1.0038506984710693,0.9407888650894165,8.012557983398438,10.419181823730469,6.44920015335083,-0.026376966387033463,-0.95135098695755,-4.894043922424316,-0.8903886675834656,-3.3847289085388184,0.38248685002326965,-9.614680290222168,-0.1685979813337326,1.5411498546600342,-0.0003042407042812556,-0.009005343541502953,-0.14115941524505615,2.091381311416626,1.5601234436035156,-0.725408673286438,0.4667794704437256,-0.5626431703567505,-0.9111154675483704,-1.3781309127807617,-0.2377639263868332,0.22201716899871826,1.6463106870651245,2.173767566680908,1.321626901626587,0.007799893617630005
314,7.918330192565918,-3.2546041011810303,2.683030843734741,-2.410651445388794,-5.029491901397705,-4.755993843078613,-1.1671029329299927,0.9585628509521484,7.926717758178711,10.112641334533691,6.461456298828125,-0.08432718366384506,-0.8066509366035461,-5.090226173400879,-0.8557165861129761,-3.6476361751556396,0.08048325777053833,-10.519755363464355,-0.39604663848876953,1.5843701362609863,-0.0002657586010172963,-0.002183246426284313,-0.1327192485332489,2.376568555831909,1.6512694358825684,-0.8437578082084656,0.5851721167564392,-0.5491683483123779,-1.055406928062439,-1.543663740158081,-0.25696420669555664,0.20480328798294067,1.637007236480713,2.112382411956787,1.3164085149765015,-0.02221927046775818
315,8.279141426086426,-3.3039658069610596,2.934471368789673,-2.508422374725342,-4.627471446990967,-4.955757141113281,-1.2406195402145386,1.1717907190322876,7.804104328155518,9.788137435913086,6.550868988037109,-0.006843211594969034,-0.8546037077903748,-5.257265090942383,-0.8617532253265381,-3.898381471633911,0.3502159118652344,-11.420592308044434,-0.3997306525707245,1.6778541803359985,-0.0003001770528499037,-0.0026374459266662598,-0.09064248204231262,2.725867509841919,1.7395656108856201,-0.8153520226478577,0.6070110201835632,-0.5924144983291626,-0.8865601420402527,-1.6751837730407715,-0.2628369927406311,0.2779170274734497,1.6039503812789917,2.0324981212615967,1.3496840000152588,0.008143007755279541
316,8.723932266235352,-3.610410451889038,3.369565010070801,-2.368042230606079,-4.795891284942627,-5.103055477142334,-1.2925461530685425,1.0861717462539673,7.703786849975586,9.520169258117676,6.516443252563477,-0.141601100564003,-0.6729872226715088,-5.364258289337158,-0.7335357666015625,-4.067317008972168,0.041557371616363525,-12.361961364746094,-0.2711609899997711,1.747145652770996,-0.00025295649538747966,0.004166603088378906,-0.07633966207504272,2.932516098022461,1.8413867950439453,-0.9403093457221985,0.7169902920722961,-0.5284290313720703,-0.978802502155304,-1.8096745014190674,-0.26932036876678467,0.21866872906684875,1.5848098993301392,1.9769171476364136,1.328993320465088,-0.04074147343635559
317,9.002182006835938,-3.69368052482605,3.689042329788208,-2.383213996887207,-4.350975036621094,-5.12773323059082,-1.55918288230896,1.3059241771697998,7.594535827636719,9.27433967590332,6.60502815246582,-0.06482699513435364,-0.6301786303520203,-5.43974494934082,-0.6861861944198608,-4.206860065460205,0.3155241906642914,-13.290631294250488,-0.2895118296146393,1.850900650024414,-0.00030051343492232263,0.003418209031224251,-0.12201392650604248,3.179676055908203,1.9013845920562744,-0.9268024563789368,0.770484209060669,-0.5584185123443604,-0.8245850205421448,-1.901400089263916,-0.3504411578178406,0.30920541286468506,1.559102177619934,1.9235590696334839,1.3655502796173096,-0.0022316277027130127
318,9.218005180358887,-3.9854929447174072,4.08477258682251,-2.129499912261963,-4.440088748931885,-5.159753799438477,-1.6849812269210815,1.3130980730056763,7.595722675323486,9.050780296325684,6.6299004554748535,-0.1151280328631401,-0.4561147689819336,-5.498121738433838,-0.5668202638626099,-4.248630046844482,0.008203074336051941,-14.200753211975098,-0.3277938961982727,2.0069069862365723,-0.00025042606284841895,0.01029246486723423,-0.09821367263793945,3.3109264373779297,1.938547134399414,-1.03884756565094,0.8605614304542542,-0.4592069685459137,-0.8960463404655457,-2.038511037826538,-0.35802507400512695,0.28186213970184326,1.5757815837860107,1.8739782571792603,1.3556647300720215,-0.025586217641830444
319,9.439628601074219,-3.974412202835083,4.290465354919434,-2.1707823276519775,-3.7685694694519043,-5.09415864944458,-1.7765591144561768,1.4004513025283813,7.591843128204346,8.795738220214844,6.748815536499023,-0.11658984422683716,-0.37622085213661194,-5.559476375579834,-0.38134223222732544,-4.2766828536987305,0.2566196322441101,-15.055554389953613,-0.2426529824733734,2.1925859451293945,-0.0002857328800018877,0.008832944557070732,-0.026988506317138672,3.4269444942474365,2.009883165359497,-0.9864929914474487,0.8814138174057007,-0.5144968032836914,-0.6745712161064148,-2.114827871322632,-0.3726392388343811,0.31408101320266724,1.5741710662841797,1.8110538721084595,1.3999923467636108,-0.02010899782180786
320,9.64148998260498,-4.173165321350098,4.600805759429932,-1.9474599361419678,-3.629973888397217,-4.959634780883789,-1.767620325088501,1.2187798023223877,7.58383846282959,8.563874244689941,6.749136924743652,-0.2796366214752197,-0.1846240609884262,-5.581039905548096,-0.2728080749511719,-4.224966049194336,-0.037075579166412354,-15.885587692260742,-0.3247462809085846,2.357311248779297,-0.00022573760361410677,0.014367098920047283,-0.028065353631973267,3.3589327335357666,2.0561861991882324,-1.0762635469436646,0.9663162231445312,-0.4207759499549866,-0.7026110291481018,-2.1624491214752197,-0.35518741607666016,0.23831617832183838,1.571762204170227,1.7604753971099854,1.3904221057891846,-0.06627795100212097
321,9.741193771362305,-4.113450050354004,4.880600452423096,-1.9577540159225464,-2.9333672523498535,-4.671028137207031,-1.790161371231079,1.224691390991211,7.588230133056641,8.355862617492676,6.91448974609375,-0.3527141213417053,-0.06818272173404694,-5.628197193145752,-0.15109838545322418,-4.173318386077881,0.19853396713733673,-16.617746353149414,-0.30286768078804016,2.577641010284424,-0.0002656280412338674,0.011817660182714462,-0.003070324659347534,3.1629271507263184,2.0842838287353516,-1.016327977180481,1.0223110914230347,-0.45791974663734436,-0.5009786486625671,-2.104173183441162,-0.3663707971572876,0.2679365277290344,1.5745980739593506,1.7175062894821167,1.446982502937317,-0.06887343525886536
322,9.792543411254883,-4.203096866607666,5.202646732330322,-1.7270891666412354,-2.549670457839966,-4.391361236572266,-1.7451483011245728,1.0875306129455566,7.541788101196289,8.14510440826416,6.948203086853027,-0.4641475975513458,0.13540136814117432,-5.624387264251709,-0.048109669238328934,-4.031769752502441,-0.07540972530841827,-17.204275131225586,-0.44274359941482544,2.7959258556365967,-0.00023977673845365644,0.014633359387516975,-0.0014142394065856934,2.8351550102233887,2.0943212509155273,-1.0679584741592407,1.1003228425979614,-0.36544230580329895,-0.45413118600845337,-2.0740833282470703,-0.34696632623672485,0.21945366263389587,1.5566734075546265,1.6684437990188599,1.4383517503738403,-0.0933789312839508
323,9.754895210266113,-4.067408561706543,5.433682441711426,-1.66636323928833,-1.791585087776184,-4.039266109466553,-1.7188539505004883,1.0557655096054077,7.5059943199157715,7.975852966308594,7.078487396240234,-0.5075756907463074,0.0,0.0,0.0,0.0,0.0,0.0,0.0,0.0,0.0,0.0,0.0,0.0,2.091543197631836,-0.9925564527511597,1.1399554014205933,-0.3748091161251068,-0.26123517751693726,-1.938401460647583,-0.3470827341079712,0.22955620288848877,1.5502899885177612,1.63704252243042,1.4801065921783447,-0.09480133652687073
324,-8.033451080322266,10.35122013092041,7.383185386657715,-10.091597557067871,-11.648981094360352,-12.145063400268555,-9.261944770812988,-6.460268020629883,6.3512959480285645,6.742407321929932,-2.2677769660949707,-2.7575247287750244,0.46349185705184937,-0.03583194315433502,1.3429149389266968,-3.472625732421875,1.9112367630004883,1.207802176475525,4.910210609436035,1.085580825805664,-2.0021414756774902,-0.46280962228775024,-5.834763526916504,-7.335034370422363,-3.041605234146118,4.406836986541748,2.732243061065674,-4.224389553070068,-5.526944160461426,-6.103231430053711,-3.7002997398376465,-2.3264949321746826,2.2807230949401855,2.446953535079956,-0.7625467777252197,-0.9311699867248535
325,-7.626903533935547,8.307768821716309,-4.269140243530273,-3.524015188217163,-16.5903377532959,-13.678298950195312,-14.461064338684082,-11.030157089233398,8.854080200195312,2.192844867706299,3.88077449798584,0.47955647110939026,0.7737953066825867,0.14544598758220673,1.5527772903442383,-4.637702465057373,1.5240329504013062,0.1574758142232895,4.418109893798828,-2.2962074279785156,-2.470781087875366,-0.8909654021263123,-6.027029514312744,-4.145813941955566,-1.479640007019043,1.4281946420669556,-2.5773324966430664,0.017679184675216675,-4.864452362060547,-3.1715476512908936,-3.400010108947754,-3.0557620525360107,1.9399503469467163,-0.18460983037948608,1.3397390842437744,0.4864669740200043
326,-7.022674083709717,7.853145599365234,-4.016027450561523,-3.8263113498687744,-15.656295776367188,-12.710977554321289,-16.862442016601562,-8.341201782226562,9.516590118408203,1.1928788423538208,2.129760980606079,0.906969428062439,0.9612343907356262,0.48317036032676697,1.377660870552063,-5.822540760040283,0.9053623676300049,-0.2635360360145569,3.0501277446746826,-4.662008762359619,-2.542659282684326,-0.8747397065162659,-5.259019374847412,-3.2511379718780518,-1.313913106918335,1.5811020135879517,-0.734006941318512,-0.9910287857055664,-3.364375352859497,-2.7328827381134033,-3.986660957336426,-1.655794382095337,1.8395329713821411,0.09494858235120773,0.14512276649475098,0.2038654386997223
327,-8.914727210998535,6.212113857269287,-2.1185436248779297,-3.3668596744537354,-15.554261207580566,-13.048250198364258,-15.377606391906738,-5.613400936126709,9.409331321716309,0.7433751821517944,2.837477445602417,1.3233145475387573,0.809766948223114,0.4427279829978943,1.231813669204712,-7.013101577758789,-0.38813942670822144,-1.3509186506271362,1.8529456853866577,-6.293880939483643,-1.9239528179168701,-3.7480874061584473,-4.836466312408447,-2.3054604530334473,-2.095329523086548,1.070448637008667,-0.16614149510860443,-0.7958707809448242,-3.6291344165802,-3.0773544311523438,-3.065169334411621,-1.02604079246521,1.7278239727020264,0.08516230434179306,0.5333365201950073,0.27971556782722473
328,-10.070761680603027,4.743841171264648,-1.752569556236267,-2.232898473739624,-14.436179161071777,-12.756392478942871,-14.099224090576172,-4.849520683288574,9.688227653503418,0.6636649966239929,3.2092103958129883,2.4133617877960205,0.6060067415237427,0.06966765224933624,1.2907350063323975,-8.049882888793945,-1.5766494274139404,-1.5281734466552734,0.15118756890296936,-7.744796276092529,-1.4302080869674683,-2.539172649383545,-4.5984063148498535,-1.398360252380371,-2.2807631492614746,0.7699048519134521,-0.2914857268333435,-0.41489019989967346,-3.323305368423462,-3.0698163509368896,-2.878537654876709,-1.1825990676879883,1.9359365701675415,0.09144388884305954,0.5649365186691284,0.5725374221801758
329,-10.724615097045898,3.7735345363616943,-1.3016176223754883,-1.3264269828796387,-12.882635116577148,-12.576659202575684,-13.052687644958496,-4.260402202606201,9.383944511413574,-0.11755877733230591,3.3868839740753174,2.9202816486358643,-0.14610184729099274,-0.2869603633880615,2.886033535003662,-8.974023818969727,-1.7387911081314087,-2.150432825088501,-5.084983825683594,-9.099272727966309,0.015435367822647095,-2.7193164825439453,-0.20333552360534668,-0.47502973675727844,-2.381603717803955,0.6224216222763062,-0.19164960086345673,-0.2155490219593048,-2.9015328884124756,-2.979661703109741,-2.868238925933838,-1.1150360107421875,1.828070044517517,-0.11945153027772903,0.5765843987464905,0.6250544786453247
330,-10.709373474121094,3.2950046062469482,-0.8158226013183594,-0.6139371991157532,-12.241555213928223,-11.976984977722168,-8.970076560974121,-4.566215515136719,8.097440719604492,-0.3979721963405609,2.9333019256591797,2.790332078933716,-0.3299981951713562,-0.8631599545478821,1.8657970428466797,-10.495868682861328,-1.915364384651184,-3.63632869720459,-5.608983039855957,-11.68753433227539,-0.38505223393440247,-2.9798331260681152,-2.7453365325927734,2.5016701221466064,-2.3672266006469727,0.5866858959197998,-0.08174334466457367,-0.050155848264694214,-2.811472177505493,-2.832366943359375,-1.9747073650360107,-1.462118148803711,1.5914145708084106,-0.13554111123085022,0.6038559675216675,0.5470534563064575
331,-10.660465240478516,1.5565565824508667,-0.8904802799224854,0.5822528600692749,-10.82785701751709,-9.247794151306152,-7.895610332489014,-3.2055773735046387,8.652709007263184,-0.726609468460083,4.371004581451416,2.269242286682129,-0.7889037728309631,-1.8299007415771484,2.0274174213409424,-11.161134719848633,-2.4706320762634277,-5.392576694488525,-7.3474225997924805,-13.141343116760254,-0.6484439373016357,-3.0392203330993652,-2.3074936866760254,3.569185495376587,-2.3322885036468506,0.06920803338289261,-0.18033061921596527,0.26080259680747986,-2.287238359451294,-1.8807170391082764,-1.8913874626159668,-0.8844556212425232,1.8377113342285156,-0.22322189807891846,0.9055392146110535,0.5025897026062012
332,-10.53016185760498,1.9598782062530518,-1.865202784538269,2.579737663269043,-9.133367538452148,-6.923462390899658,-6.297108173370361,-2.259186029434204,9.584739685058594,-0.290044367313385,5.145809173583984,2.0631179809570312,-1.054385781288147,-1.9260525703430176,1.534003734588623,-9.889081954956055,-3.205526351928711,-6.7086710929870605,-7.8906354904174805,-13.422757148742676,-1.0108217000961304,-3.017155885696411,-2.0231244564056396,3.589775800704956,-2.3441853523254395,0.41517382860183716,-0.4722819924354553,0.5725599527359009,-1.8672819137573242,-1.4536991119384766,-1.5354059934616089,-0.6418598294258118,2.0907418727874756,-0.00016126781702041626,1.0424898862838745,0.492605060338974
333,-10.05320930480957,1.009583830833435,-2.189260244369507,4.820163249969482,-6.961190223693848,-4.192591190338135,-4.84276819229126,-0.8691304922103882,10.969597816467285,0.6343701481819153,6.307209491729736,2.725391149520874,-1.2873520851135254,-2.0127880573272705,0.9275709390640259,-7.22891092300415,-3.355961799621582,-8.28283977508545,-7.271017074584961,-12.974075317382812,-0.5690450668334961,-1.1106207370758057,-1.8946969509124756,6.131541728973389,-2.1736814975738525,0.06995321065187454,-0.46285682916641235,0.9720933437347412,-1.3026461601257324,-0.6784088611602783,-1.0964961051940918,0.0117606520652771,2.441466808319092,0.2295786738395691,1.3288328647613525,0.7788153886795044
334,-9.417884826660156,0.8453445434570312,-2.026719093322754,5.446048259735107,-5.4950761795043945,-2.6566410064697266,-4.0680251121521,1.51372230052948,11.408761978149414,1.0439012050628662,7.126208305358887,2.655160427093506,-1.5151736736297607,-1.8782861232757568,0.8801360130310059,-4.0411481857299805,-3.7141311168670654,-9.15728759765625,-7.219667434692383,-10.931283950805664,-0.6097801327705383,-0.6708489656448364,-0.07408535480499268,5.5366692543029785,-2.0036299228668213,0.13764351606369019,-0.378446102142334,0.9946306943893433,-1.0393743515014648,-0.5043320059776306,-0.9245286583900452,0.5644463300704956,2.522890567779541,0.25644639134407043,1.4509474039077759,0.8407028913497925
335,-8.535531997680664,0.240341454744339,-2.060861110687256,6.260761260986328,-3.9320931434631348,-1.0602176189422607,-2.974508762359619,3.9110660552978516,11.939065933227539,1.3289623260498047,7.289077281951904,3.58400297164917,-2.278355836868286,-1.712973952293396,0.450386643409729,-1.1855061054229736,-6.47329044342041,-9.443432807922363,-7.806759357452393,-7.42133903503418,3.6660850048065186,-0.13610205054283142,3.0098702907562256,2.743053913116455,-1.7623693943023682,-0.03024011291563511,-0.40629589557647705,1.2855052947998047,-0.6751844882965088,-0.019236929714679718,-0.5923195481300354,0.8236603140830994,2.6260993480682373,0.2971661686897278,1.6130409240722656,1.1632190942764282
336,-6.458233833312988,-1.2478560209274292,-1.6273410320281982,7.714715957641602,-0.16521525382995605,0.4448920786380768,-1.8307902812957764,3.930823564529419,8.492767333984375,1.7881642580032349,6.2136430740356445,5.815107822418213,-2.474937915802002,-2.4732725620269775,-0.5997169017791748,-0.8938525915145874,-6.449681758880615,-9.248144149780273,-6.620092391967773,-2.403656482696533,4.179059028625488,0.5946205854415894,2.411327362060547,0.1856989860534668,-1.15324068069458,-0.4728038012981415,-0.2677643299102783,1.8246238231658936,0.5301544070243835,0.31653350591659546,-0.30264127254486084,0.6731328964233398,2.0373613834381104,0.4217042028903961,1.519108533859253,1.649910569190979
337,-5.871288776397705,-4.500731468200684,-1.4855015277862549,12.027483940124512,3.6449062824249268,5.567512512207031,-2.035875082015991,3.74318790435791,8.190608978271484,3.3968002796173096,6.751151084899902,8.971709251403809,-2.528855800628662,-3.037527084350586,-0.5152521133422852,-1.981958031654358,-5.941282749176025,-8.013320922851562,-5.520580768585205,0.4665307402610779,3.8305859565734863,5.623202800750732,2.1790621280670166,2.3586392402648926,-1.2280209064483643,-1.5078157186508179,-0.291827917098999,3.391132354736328,1.0455477237701416,1.4158271551132202,-0.5427739024162292,0.7410944700241089,2.2129924297332764,0.9424528479576111,1.6473231315612793,2.28487229347229
338,-3.629737377166748,-3.6247165203094482,-4.325250625610352,12.89107608795166,8.065326690673828,3.051223039627075,-1.5189142227172852,4.377011775970459,8.86127758026123,2.9198288917541504,6.956691265106201,8.481583595275879,-2.2030673027038574,-3.1321768760681152,0.1314511001110077,1.125105381011963,-4.264308452606201,-7.247446537017822,-5.406135559082031,0.49086594581604004,3.486938953399658,7.205920696258545,2.170682668685913,1.2724359035491943,-0.4694688618183136,-0.6950548887252808,-1.2966948747634888,2.750309705734253,1.9496684074401855,0.23557043075561523,-0.2723414897918701,1.0362610816955566,2.4778387546539307,0.896076500415802,1.641951084136963,2.1312882900238037
339,-2.919947624206543,-2.681603193283081,-5.1029133796691895,9.974832534790039,7.717279434204102,4.4749650955200195,-1.6578646898269653,6.887128829956055,9.677490234375,2.582674503326416,7.18484354019165,9.248617172241211,-2.024930000305176,-2.683756113052368,0.3495018780231476,2.294111490249634,-3.2097370624542236,-5.408509254455566,-5.394198417663574,0.7892571091651917,3.461482048034668,7.246197700500488,2.2329578399658203,0.6764468550682068,-0.5239855051040649,-0.4616233706474304,-1.1280009746551514,1.945407748222351,1.3946473598480225,0.8914363980293274,-0.4267653226852417,1.8278818130493164,2.7087008953094482,0.8102146983146667,1.7174203395843506,2.148132085800171
340,-1.77864670753479,-2.162815570831299,-5.739681243896484,8.815956115722656,8.460148811340332,1.4892750978469849,-0.4699716866016388,7.523555278778076,9.526741027832031,2.3524017333984375,7.12368631362915,9.407106399536133,-1.8486069440841675,-2.6133663654327393,0.623187243938446,3.0572731494903564,-1.8037362098693848,-5.022103309631348,-5.008626937866211,1.0563087463378906,4.15239143371582,7.565082550048828,2.2243406772613525,0.3079823851585388,-0.21572351455688477,-0.3933519721031189,-1.2419586181640625,1.8960587978363037,1.719892978668213,-0.06006861478090286,0.07858799397945404,1.7140238285064697,2.483783483505249,0.6949858665466309,1.6638619899749756,2.049119234085083
341,-1.4691977500915527,-2.2094430923461914,-6.299986839294434,8.625345230102539,7.336127758026123,2.263192892074585,0.014197579585015774,7.930314064025879,9.105182647705078,2.115449905395508,7.123414993286133,9.550135612487793,-1.5966715812683105,-2.5699572563171387,0.6906794905662537,3.6518256664276123,-0.9958482980728149,-4.358822822570801,-4.914803981781006,1.4227709770202637,4.534269332885742,7.825995445251465,2.2259089946746826,-0.08299634605646133,-0.26780954003334045,-0.49168553948402405,-1.3357291221618652,2.048232316970825,1.3215606212615967,0.4798622131347656,0.08040975034236908,1.7914156913757324,2.504821538925171,0.6448739171028137,1.6684235334396362,2.056948661804199
342,-0.8092643618583679,-1.9022756814956665,-7.165871620178223,7.876480579376221,7.219654083251953,1.3660187721252441,0.7856484651565552,7.729455947875977,8.977684020996094,2.0308802127838135,7.054407596588135,9.653950691223145,-0.7933802604675293,-2.6060400009155273,4.613527774810791,4.0969743728637695,-0.2993351221084595,-4.217563152313232,-5.117979049682617,1.227559208869934,5.114599704742432,8.089373588562012,1.4705307483673096,-7.626786828041077e-05,-0.07616118341684341,-0.37145477533340454,-1.5677533149719238,1.7897088527679443,1.451042652130127,0.13917207717895508,0.22366975247859955,1.6760966777801514,2.562110185623169,0.6612842679023743,1.6401057243347168,2.0288121700286865
343,-1.9466626644134521,-1.91900634765625,-9.608716011047363,8.631901741027832,6.07527494430542,1.8714221715927124,-0.05209844186902046,8.013993263244629,8.632841110229492,2.1887776851654053,7.127540111541748,9.433730125427246,-0.8912234902381897,-3.029956340789795,3.076115131378174,4.4250359535217285,-0.08030921220779419,-3.776064395904541,-1.635930061340332,1.5534638166427612,4.978560447692871,8.251938819885254,3.6117451190948486,-0.39084476232528687,-0.5550740361213684,-0.42413395643234253,-1.947516679763794,2.3037822246551514,1.092625379562378,0.38893115520477295,-0.1109941154718399,1.7842230796813965,2.5357511043548584,0.7855908870697021,1.5607134103775024,1.9705579280853271
344,-2.0658185482025146,-1.5136213302612305,-8.338088989257812,8.69995403289795,5.973925590515137,2.6914138793945312,-1.4971528053283691,8.67723274230957,8.704357147216797,2.3095076084136963,6.095714569091797,10.17721939086914,-0.9098271727561951,-2.968376398086548,2.199986457824707,4.627968788146973,0.086020827293396,-3.0827219486236572,-1.9592981338500977,1.9174716472625732,4.986247539520264,8.247859954833984,2.8457560539245605,-0.4457014501094818,-0.4443546533584595,-0.2812287211418152,-1.4555846452713013,2.2189087867736816,1.2099908590316772,0.5812244415283203,-0.5214931964874268,2.0580196380615234,2.533888339996338,0.8269134163856506,1.5013973712921143,2.2216904163360596
345,-2.469012975692749,-1.1620867252349854,-7.737908840179443,8.371963500976562,5.9472761154174805,1.7832313776016235,-1.0459734201431274,8.730192184448242,8.763603210449219,2.3183820247650146,6.426998615264893,10.281111717224121,-0.9820336699485779,-2.86781644821167,2.1170520782470703,4.782608509063721,0.23668670654296875,-2.791321039199829,-2.317005157470703,2.2512028217315674,4.925516128540039,8.33230209350586,1.2426438331604004,-0.44245246052742004,-0.5675523281097412,-0.20546746253967285,-1.4382328987121582,2.0603294372558594,1.2204115390777588,0.2204958200454712,-0.16190387308597565,2.000840187072754,2.5729684829711914,0.796533465385437,1.5600377321243286,2.1621806621551514
346,-2.736173629760742,-1.5751947164535522,-7.461035251617432,8.264480590820312,5.964450359344482,1.9198294878005981,-0.23675699532032013,8.783143043518066,8.833142280578613,2.3668909072875977,6.990576267242432,10.431740760803223,-1.1909964084625244,-2.9960832595825195,1.8127703666687012,4.730068206787109,0.3754723072052002,-2.542238712310791,-2.3740711212158203,2.654040813446045,4.831787586212158,8.586209297180176,2.5032901763916016,-0.4621158838272095,-0.6067027449607849,-0.4094955623149872,-1.4023174047470093,2.082529306411743,1.2364187240600586,0.37072575092315674,0.06367658078670502,2.040353775024414,2.5780744552612305,0.8328617811203003,1.538132667541504,2.211069345474243
347,-2.4852614402770996,-1.6498113870620728,-7.049178600311279,8.205194473266602,6.18088960647583,1.6408220529556274,0.6797186136245728,8.811798095703125,8.851619720458984,2.433239459991455,6.292568683624268,10.725265502929688,-1.2237927913665771,-3.1283786296844482,1.292507290840149,4.698901653289795,0.5630818605422974,-2.47533917427063,-2.1653993129730225,2.9937939643859863,4.942958831787109,8.997800827026367,1.5989835262298584,-0.44793301820755005,-0.4871598482131958,-0.37940576672554016,-1.3205012083053589,2.05688738822937,1.3182746171951294,0.27038800716400146,0.24442921578884125,2.081794023513794,2.5489323139190674,0.8883255124092102,1.4468649625778198,2.301626443862915
348,-2.699479103088379,-1.510642409324646,-6.816503524780273,8.243856430053711,6.009239196777344,1.857408046722412,0.7106353640556335,8.73375129699707,8.88416576385498,2.4279541969299316,6.6826019287109375,10.815969467163086,-1.2723755836486816,-3.1556873321533203,1.0853757858276367,4.744156837463379,0.6527236700057983,-2.3396308422088623,-1.9338146448135376,3.391563892364502,4.967599868774414,9.396466255187988,2.149813652038574,-0.47547727823257446,-0.5961176156997681,-0.31814682483673096,-1.326229453086853,2.0851104259490967,1.2343549728393555,0.371120810508728,0.13701628148555756,2.0681674480438232,2.6146788597106934,0.9112544059753418,1.5118708610534668,2.295379161834717
349,-2.579562187194824,-1.5223636627197266,-6.633485794067383,8.085841178894043,5.8354878425598145,1.5310320854187012,0.883549153804779,8.444982528686523,8.898097038269043,2.4310309886932373,6.2769856452941895,10.941824913024902,-1.198707938194275,-3.2192723751068115,0.8321192860603333,4.756903648376465,0.6070027947425842,-2.3686935901641846,-1.6378768682479858,3.707984209060669,5.021588325500488,9.9126615524292,2.836451768875122,-0.45365768671035767,-0.5247912406921387,-0.34271201491355896,-1.2945295572280884,2.0114939212799072,1.1969982385635376,0.24492251873016357,0.1884455531835556,1.9903640747070312,2.608506679534912,0.9496434330940247,1.4165825843811035,2.324974536895752
350,-2.679680824279785,-1.302201747894287,-6.477462291717529,7.966592788696289,5.5921454429626465,1.591457486152649,0.6325294375419617,8.120621681213379,8.909448623657227,2.409424066543579,5.929586887359619,11.04056167602539,-1.0950927734375,-3.1825666427612305,0.6028792858123779,4.767337799072266,0.4305388927459717,-2.386305093765259,-1.3963515758514404,3.949028491973877,5.002784729003906,10.420905113220215,3.5199661254882812,-0.3956758677959442,-0.573988676071167,-0.2595604658126831,-1.2779794931411743,1.984182596206665,1.1282871961593628,0.30278873443603516,0.0892782062292099,1.9180283546447754,2.6275277137756348,0.9919123649597168,1.404909610748291,2.352215528488159
351,-2.765113353729248,-1.102169156074524,-6.324799060821533,7.740504741668701,5.437585353851318,1.4892464876174927,0.35933488607406616,7.7033257484436035,8.971855163574219,2.375033140182495,5.5841898918151855,11.058755874633789,-0.9320921301841736,-3.0901706218719482,0.6856574416160583,4.741478443145752,0.1530323624610901,-2.461564540863037,-1.3808656930923462,4.061593532562256,4.953172206878662,10.94328784942627,3.0836799144744873,-0.265316367149353,-0.5874338746070862,-0.2165602445602417,-1.2554734945297241,1.9015166759490967,1.0973809957504272,0.26351261138916016,0.03448377549648285,1.8043749332427979,2.647891044616699,1.027990460395813,1.3744369745254517,2.354447841644287
352,-2.9221744537353516,-0.9975433349609375,-6.525829792022705,7.539525032043457,5.539402008056641,1.528617024421692,0.10228580236434937,7.291576385498047,9.080917358398438,2.3214056491851807,5.726040363311768,10.941407203674316,-0.8283542394638062,-3.022425889968872,0.7666273713111877,4.666365146636963,-0.1063535213470459,-2.5364973545074463,-1.3713806867599487,4.101919651031494,4.8926286697387695,11.473162651062012,2.894380569458008,-0.17720673978328705,-0.6262639760971069,-0.20635846257209778,-1.3348506689071655,1.8462356328964233,1.1423461437225342,0.2873964309692383,-0.01318754255771637,1.697601318359375,2.6833066940307617,1.0605919361114502,1.3915477991104126,2.3266661167144775
353,-2.9278743267059326,-0.9989176392555237,-6.623661518096924,7.332133769989014,5.627708435058594,1.5387177467346191,-0.017831193283200264,6.982930660247803,9.176996231079102,2.268461227416992,5.659547328948975,10.82286548614502,-0.7094066143035889,-3.0144851207733154,0.9032880663871765,4.534787654876709,-0.37779226899147034,-2.6341166496276855,-1.1572877168655396,4.11378288269043,4.847516059875488,12.062970161437988,2.4952590465545654,-0.047788240015506744,-0.6048190593719482,-0.22208154201507568,-1.3372738361358643,1.7796705961227417,1.1493101119995117,0.28498411178588867,-0.019267454743385315,1.6338105201721191,2.7000229358673096,1.1045480966567993,1.3373112678527832,2.3047759532928467
354,-2.927682876586914,-0.8918613195419312,-6.843096733093262,7.185226917266846,5.730900764465332,1.5356398820877075,-0.3682840168476105,6.690037250518799,9.251014709472656,2.1947498321533203,5.688098907470703,10.642333030700684,-0.6358764171600342,-3.026700496673584,0.6132374405860901,4.36901330947876,-0.6522669196128845,-2.7399792671203613,-1.0092551708221436,4.148950576782227,4.784989356994629,12.688570976257324,3.279810667037964,0.04397968202829361,-0.6012778878211975,-0.18240952491760254,-1.3927360773086548,1.738053798675537,1.162013292312622,0.2818089723587036,-0.12520863115787506,1.5599446296691895,2.713742733001709,1.15004301071167,1.3168723583221436,2.2700705528259277
355,-2.892197847366333,-0.7815271019935608,-6.529501438140869,6.975676536560059,5.680312633514404,1.516524314880371,-0.6123337745666504,6.352438449859619,9.317670822143555,2.108851194381714,5.204108715057373,10.518434524536133,-0.47832944989204407,-2.9961109161376953,0.7786009907722473,4.193802833557129,-0.9984039068222046,-2.880021810531616,-0.9318944811820984,4.114698886871338,4.722320079803467,13.371928215026855,2.1967170238494873,0.17323161661624908,-0.5881426930427551,-0.15754252672195435,-1.2777923345565796,1.6575353145599365,1.1193206310272217,0.2753704786300659,-0.1601865440607071,1.4688191413879395,2.7196829319000244,1.2034411430358887,1.235137939453125,2.2571146488189697
356,-2.9625086784362793,-0.62384432554245,-6.947549819946289,6.817025661468506,6.043823719024658,1.5212597846984863,-1.0433247089385986,5.8679351806640625,9.394038200378418,1.9882047176361084,5.593204975128174,10.254252433776855,-0.4251420497894287,-2.987999439239502,0.7781365513801575,3.9681801795959473,-1.2187711000442505,-3.026378870010376,-0.81488436460495,3.9915614128112793,4.695309162139893,14.061081886291504,2.031527042388916,0.30907636880874634,-0.6129518747329712,-0.11510484665632248,-1.4484137296676636,1.6126198768615723,1.2363698482513428,0.27779507637023926,-0.2747213840484619,1.3166944980621338,2.7356743812561035,1.2499414682388306,1.2959997653961182,2.187715768814087
357,-2.9141440391540527,-0.7565052509307861,-6.82613468170166,6.671873569488525,6.119171619415283,1.587959885597229,-1.3192137479782104,5.571916103363037,9.432230949401855,1.8584667444229126,5.3907318115234375,10.032285690307617,-0.43797311186790466,-3.046414375305176,0.5668473839759827,3.67602801322937,-1.4574445486068726,-3.1596646308898926,-0.7276132106781006,3.948791265487671,4.639750957489014,14.881063461303711,2.065918445587158,0.39155441522598267,-0.5869507193565369,-0.18768543004989624,-1.3510810136795044,1.5605154037475586,1.2061764001846313,0.29623186588287354,-0.30886340141296387,1.2646377086639404,2.7394962310791016,1.3075093030929565,1.1864384412765503,2.1569299697875977
358,-2.652812957763672,-0.5664777755737305,-6.7188801765441895,6.30501127243042,6.417648792266846,1.2611011266708374,-1.5399456024169922,5.101736545562744,9.446982383728027,1.6670293807983398,5.198019504547119,9.79870319366455,-0.3910304605960846,-3.0667481422424316,0.4412989914417267,3.3490612506866455,-1.6087907552719116,-3.4236137866973877,-0.6381182670593262,3.6862499713897705,4.87903356552124,15.782392501831055,2.064136505126953,0.5757684707641602,-0.505144476890564,-0.09811931103467941,-1.3466976881027222,1.4102307558059692,1.2875503301620483,0.18814778327941895,-0.3458644151687622,1.1216819286346436,2.722757339477539,1.3582104444503784,1.1544500589370728,2.102531909942627
359,-2.5211968421936035,-0.586441695690155,-6.506218433380127,6.086940765380859,6.4845685958862305,1.4654240608215332,-1.9860821962356567,4.742729663848877,9.292137145996094,1.4288578033447266,4.971763610839844,9.4832763671875,0.09902894496917725,-3.094376802444458,0.20967206358909607,2.98077654838562,-2.8490264415740967,-3.610278367996216,-0.5541188716888428,3.416912317276001,2.1382250785827637,16.741270065307617,2.2618579864501953,0.7295162677764893,-0.4943441152572632,-0.13365697860717773,-1.2895225286483765,1.3622870445251465,1.2654011249542236,0.28677141666412354,-0.46748948097229004,1.0350055694580078,2.722313404083252,1.4106394052505493,1.093977451324463,2.0413243770599365
360,-2.7994143962860107,0.35727959871292114,-6.409012794494629,6.1375298500061035,7.915754318237305,1.3744802474975586,-2.044302225112915,4.264272212982178,11.291276931762695,1.1863739490509033,5.043199062347412,9.540218353271484,-0.38006746768951416,-2.74365496635437,0.43409520387649536,2.4699549674987793,-2.5645320415496826,-3.7223098278045654,-0.36395716667175293,2.9327635765075684,5.253017902374268,17.46783447265625,2.0218393802642822,0.5616735219955444,-0.5926145315170288,0.19516605138778687,-1.2986695766448975,1.397270679473877,1.6548454761505127,0.23384952545166016,-0.42482060194015503,0.8934376835823059,2.8930511474609375,1.546007752418518,1.1798632144927979,2.133664131164551
361,-1.6797367334365845,-0.46282410621643066,-6.760517597198486,5.358185768127441,8.011441230773926,0.33023226261138916,-2.4257290363311768,4.075017929077148,8.831151008605957,0.8991026878356934,4.456301689147949,9.154214859008789,-0.5908980965614319,-2.8304662704467773,0.27362769842147827,1.417245864868164,-1.9520061016082764,-4.221362113952637,-0.22169943153858185,1.5711525678634644,6.421053886413574,18.683958053588867,1.8595080375671387,1.8571282625198364,-0.19515341520309448,-0.21308982372283936,-1.4140172004699707,1.0548001527786255,1.5505515336990356,-0.06567836552858353,-0.5431928634643555,0.873517632484436,2.518589496612549,1.3975830078125,0.9050282835960388,1.9192650318145752
362,-1.1378190517425537,-0.9356034994125366,-6.063688278198242,5.2097063064575195,7.315186023712158,2.1600139141082764,-3.4505724906921387,4.33112096786499,8.286649703979492,0.49836787581443787,4.198294639587402,8.028831481933594,-0.2916838228702545,-2.8272526264190674,0.13839170336723328,1.2310389280319214,-2.56209659576416,-4.03580379486084,-0.2112022489309311,1.8981674909591675,3.5667595863342285,19.177635192871094,2.0292303562164307,1.4847800731658936,-0.160100519657135,-0.2766585350036621,-1.1360529661178589,1.061786413192749,1.3407926559448242,0.5954275131225586,-0.8401724100112915,0.9333022236824036,2.740079879760742,1.5330009460449219,0.8921577334403992,1.7730504274368286
363,-1.3343271017074585,0.4009679853916168,-5.901455402374268,5.086796760559082,8.551251411437988,0.6031482219696045,-3.9873714447021484,3.5257692337036133,10.534067153930664,0.3547029197216034,4.268101215362549,8.493677139282227,-0.3521367311477661,-2.376420021057129,0.29788199067115784,1.224682092666626,-2.301280975341797,-4.254327297210693,-0.04278497397899628,1.9616554975509644,5.907400131225586,19.972875595092773,1.7833884954452515,1.4646155834197998,-0.29476672410964966,0.26014047861099243,-1.1811963319778442,1.0563902854919434,1.7930748462677002,-0.07530570775270462,-0.8853509426116943,0.6491695642471313,2.994138240814209,1.7771068811416626,0.9797428846359253,1.988465666770935
364,-0.6177168488502502,-0.8491888046264648,-5.755580902099609,4.300119400024414,8.180862426757812,0.16966621577739716,-3.957855224609375,3.03438401222229,8.633861541748047,0.0374678336083889,3.7053112983703613,7.896750450134277,-0.5064072608947754,-2.3522627353668213,0.20607540011405945,1.142087697982788,-1.8508081436157227,-4.391281604766846,0.01229006052017212,2.054663896560669,6.588420867919922,20.00865936279297,1.7257603406906128,1.3114707469940186,-0.028692185878753662,-0.35688284039497375,-1.138208031654358,0.7944868803024292,1.5348767042160034,-0.021360285580158234,-0.7932025194168091,0.5832064747810364,2.608865737915039,1.5734175443649292,0.7282381653785706,1.6851803064346313
365,-0.5979859828948975,-1.0529502630233765,-5.193714618682861,3.956301212310791,7.488608360290527,0.7225770354270935,-4.663101673126221,2.2279787063598633,8.26181697845459,0.025586698204278946,3.6435506343841553,7.7036566734313965,-0.6674903631210327,-1.6360723972320557,-0.1786927431821823,0.8705510497093201,-2.299032211303711,1.8249657154083252,-0.16816502809524536,1.9242300987243652,3.7064077854156494,-0.0003564674989320338,1.7514339685440063,1.1380879878997803,-0.11942809820175171,-0.25806570053100586,-0.97325199842453,0.7802004814147949,1.3763341903686523,0.1904773712158203,-1.042011022567749,0.36501041054725647,2.742405414581299,1.8478957414627075,0.7940204739570618,1.679664134979248
366,-1.156341791152954,0.3389326333999634,-5.465126037597656,4.776971817016602,6.5444254875183105,-5.694257736206055,-2.486600160598755,2.7115285396575928,10.10999870300293,9.147392272949219,4.947463512420654,8.931425094604492,-0.4883350133895874,-1.412904977798462,0.11226971447467804,0.9054025411605835,-1.9356688261032104,0.7335250377655029,-0.07962650805711746,1.9261422157287598,5.000357627868652,-0.0002836568164639175,1.675566554069519,1.1064281463623047,-0.3135572373867035,0.25971221923828125,-1.1682831048965454,1.1117167472839355,1.106008529663086,-1.9836080074310303,-0.21217431128025055,0.6508713364601135,2.7770233154296875,2.054415464401245,1.308079719543457,2.2060415744781494
367,-2.854586124420166,-1.9608389139175415,-6.990403652191162,6.695279598236084,5.845071315765381,0.1351514756679535,-1.7904417514801025,3.089224338531494,9.643569946289062,8.517278671264648,5.164908409118652,10.294662475585938,-0.6984933614730835,-1.8127416372299194,-0.06565345823764801,0.7245835065841675,-2.1699318885803223,0.7606699466705322,0.06072717905044556,2.1038589477539062,5.334061622619629,-0.00022000970784574747,1.5548715591430664,0.9431428909301758,-0.8176964521408081,-0.7345897555351257,-1.6534343957901,1.7176692485809326,1.036441445350647,0.7687931060791016,-0.26526880264282227,0.7194809317588806,2.9682440757751465,1.6884994506835938,1.1799075603485107,2.607574939727783
368,-2.078066825866699,-1.3256281614303589,-7.8046135902404785,6.49587345123291,7.048968315124512,-2.2140004634857178,-1.2443426847457886,3.748932361602783,9.401809692382812,8.706318855285645,5.051281452178955,10.807591438293457,-0.789705753326416,-2.0976250171661377,-0.17575068771839142,0.5946313738822937,-2.0253779888153076,0.3222120404243469,0.11053501814603806,2.1936159133911133,5.326331615447998,-0.00024582823971286416,1.4081639051437378,0.8859766721725464,-0.3227633833885193,-0.19598448276519775,-1.7560261487960815,1.3329346179962158,1.509224534034729,-0.7444435358047485,-0.1746673732995987,0.9148785471916199,2.8648524284362793,1.857476830482483,1.0930650234222412,2.551785469055176
369,-2.18227219581604,-1.155549168586731,-7.699974060058594,7.180084228515625,6.3779520988464355,-1.5576941967010498,-1.4896589517593384,4.131043910980225,9.43416976928711,8.345487594604492,5.104366302490234,10.944314956665039,-0.8871574401855469,-2.26704478263855,-0.29512277245521545,0.5078333020210266,-2.1243603229522705,0.021258467808365822,0.17089128494262695,2.229849338531494,5.447302341461182,-0.00023084459826350212,1.3396165370941162,0.8625689744949341,-0.46487492322921753,-0.2261338233947754,-1.5976625680923462,1.6147894859313965,1.1369564533233643,-0.2259821891784668,-0.3296976089477539,0.9610077738761902,2.8898706436157227,1.6902517080307007,1.1205366849899292,2.5214803218841553
370,-2.113679885864258,-0.9561722278594971,-7.733034610748291,7.488224983215332,6.612834930419922,-1.7672926187515259,-1.6286871433258057,4.063191890716553,9.30135440826416,8.243956565856934,5.131150245666504,11.065691947937012,-0.8866822123527527,-2.3591063022613525,-0.3894611895084381,0.44972822070121765,-1.9582570791244507,-0.3400149941444397,0.1798742115497589,2.300668954849243,5.359032154083252,-0.00022676220396533608,1.3555755615234375,0.8027512431144714,-0.4283292889595032,-0.17915678024291992,-1.6332197189331055,1.6239538192749023,1.2939107418060303,-0.38404130935668945,-0.34254157543182373,0.8787563443183899,2.846773147583008,1.7064677476882935,1.1215914487838745,2.5519351959228516
371,-2.4024910926818848,-0.7385074496269226,-7.586160182952881,7.958991527557373,6.243161201477051,-1.3833783864974976,-1.8604152202606201,3.971494674682617,9.337838172912598,8.199603080749512,5.112144470214844,11.182991981506348,-0.8831807374954224,-2.33526873588562,-0.45277416706085205,0.4446711242198944,-2.0781240463256836,-0.6148145794868469,0.1876370757818222,2.273087739944458,5.493818759918213,-0.00022040598560124636,1.3497896194458008,0.8390160202980042,-0.5370801091194153,-0.1292622685432434,-1.5772442817687988,1.7549244165420532,1.1529308557510376,-0.2311079502105713,-0.40149593353271484,0.8576828837394714,2.8484671115875244,1.70504891872406,1.1148443222045898,2.570139169692993
372,-2.5079145431518555,-0.6074433922767639,-7.637784957885742,8.194580078125,6.4554762840271,-1.155588984489441,-1.923669457435608,3.766091823577881,9.204798698425293,8.245782852172852,5.098413467407227,11.242258071899414,-0.8650264739990234,-2.240138530731201,-0.2875373363494873,0.49161043763160706,-1.955977439880371,-0.811039924621582,0.2203083485364914,2.4137356281280518,5.4731574058532715,-0.00022188411094248295,1.2858309745788574,0.7528774738311768,-0.5334659814834595,-0.11269181221723557,-1.6214706897735596,1.7750298976898193,1.2606710195541382,-0.2068037986755371,-0.3915722370147705,0.7919650077819824,2.8227756023406982,1.729329228401184,1.1112717390060425,2.5920486450195312
373,-2.4695587158203125,-0.3135713040828705,-7.919613838195801,8.21448040008545,6.400096893310547,-1.0654903650283813,-1.9185588359832764,3.421102285385132,9.202611923217773,8.290284156799316,5.175263404846191,11.30770492553711,-0.8543049097061157,-2.061586380004883,-0.2958463728427887,0.5365861654281616,-2.07765531539917,-0.9906978011131287,0.26407378911972046,2.4549365043640137,5.602358818054199,-0.00022123538656160235,1.2294466495513916,0.7478764057159424,-0.5049808621406555,-0.025123829022049904,-1.702114462852478,1.7514379024505615,1.2250596284866333,-0.20784235000610352,-0.38080358505249023,0.7017918825149536,2.8252155780792236,1.7392414808273315,1.135987639427185,2.5841052532196045
374,-2.3123934268951416,-0.29526981711387634,-8.064233779907227,8.220382690429688,6.556650638580322,-0.9074844717979431,-1.8128314018249512,3.1484811305999756,9.076947212219238,8.276116371154785,5.2435760498046875,11.274840354919434,-0.7980176210403442,-1.8703917264938354,-0.243533194065094,0.6024733185768127,-1.9602113962173462,-1.1556921005249023,0.26067766547203064,2.4861817359924316,5.554464817047119,-0.00022053212160244584,1.221651554107666,0.7379503846168518,-0.4557191729545593,-0.06049209088087082,-1.7217211723327637,1.7534798383712769,1.2734278440475464,-0.16686058044433594,-0.3456946611404419,0.6509057879447937,2.80045223236084,1.7270692586898804,1.14687979221344,2.564824342727661
375,-2.3568108081817627,-0.15836317837238312,-8.18212604522705,8.260433197021484,6.424318790435791,-0.7484926581382751,-1.796776294708252,2.9022631645202637,9.07552719116211,8.318153381347656,5.290108680725098,11.271247863769531,-0.7500004768371582,-1.6423473358154297,-0.23008371889591217,0.6462913155555725,-2.0795950889587402,-1.2914632558822632,0.2499660700559616,2.454789876937866,5.664910793304443,-0.00021926459157839417,1.2074421644210815,0.7926676869392395,-0.4914567470550537,-0.014021271839737892,-1.738950490951538,1.7733991146087646,1.2193771600723267,-0.13438022136688232,-0.3548469543457031,0.6006949543952942,2.7916102409362793,1.7452406883239746,1.1556344032287598,2.56709623336792
376,-2.3579657077789307,-0.1557396948337555,-8.319878578186035,8.297203063964844,6.611929416656494,-0.5127458572387695,-1.7368052005767822,2.6566860675811768,8.950546264648438,8.377224922180176,5.313157081604004,11.240958213806152,-0.7005544304847717,-1.4024758338928223,-0.0967024564743042,0.7378180623054504,-1.9800128936767578,-1.3625208139419556,0.2461940050125122,2.4933841228485107,5.633025646209717,-0.0002186690689995885,1.2298557758331299,0.7749584913253784,-0.48498785495758057,-0.032395653426647186,-1.774588942527771,1.78347909450531,1.288694143295288,-0.0747997835278511,-0.3372311592102051,0.544814944267273,2.7635338306427,1.7613790035247803,1.1561248302459717,2.5695667266845703
377,-2.2960519790649414,0.0023085190914571285,-8.567975997924805,8.186882019042969,6.603014945983887,-0.4153102934360504,-1.6342148780822754,2.347459554672241,8.93218994140625,8.446845054626465,5.357473850250244,11.227496147155762,-0.6683235168457031,-1.1379241943359375,-0.09160242229700089,0.7794909477233887,-2.1117608547210693,-1.4152599573135376,0.2586844563484192,2.503605365753174,5.768948554992676,-0.00021701084915548563,1.126631736755371,0.79865562915802,-0.4626471996307373,0.02269912324845791,-1.8352527618408203,1.7426649332046509,1.2706139087677002,-0.07357550412416458,-0.31110572814941406,0.46903151273727417,2.753420829772949,1.7789896726608276,1.1723558902740479,2.5583131313323975
378,-2.14618182182312,-0.038350142538547516,-8.729576110839844,8.085536003112793,6.812138557434082,-0.23640741407871246,-1.462974190711975,2.0565638542175293,8.782054901123047,8.481709480285645,5.440520286560059,11.161262512207031,-0.6128016710281372,-0.8874901533126831,-0.06162811070680618,0.8541937470436096,-2.021510362625122,-1.4464293718338013,0.2235434651374817,2.4665751457214355,5.730423450469971,-0.00021780270617455244,1.1228530406951904,0.8209930658340454,-0.4193125367164612,-0.013579780235886574,-1.8647112846374512,1.7207964658737183,1.3301997184753418,-0.02469051629304886,-0.26766419410705566,0.4074673056602478,2.7205698490142822,1.7816798686981201,1.184882402420044,2.5385773181915283
379,-2.1413137912750244,-0.005872189067304134,-8.817734718322754,8.040079116821289,6.748960494995117,-0.07437890768051147,-1.3502477407455444,1.8590134382247925,8.761202812194824,8.55017375946045,5.469393253326416,11.122499465942383,-0.5877100229263306,-0.6345741152763367,0.024305231869220734,0.8840415477752686,-2.1505072116851807,-1.4328221082687378,0.23012061417102814,2.4733052253723145,5.862472057342529,-0.00021711672889068723,1.1563060283660889,0.8504034280776978,-0.437205970287323,0.003297394374385476,-1.8706785440444946,1.7250778675079346,1.2908430099487305,0.007031671702861786,-0.253609299659729,0.37670260667800903,2.7090296745300293,1.8026255369186401,1.187253475189209,2.5363409519195557
380,-1.9555671215057373,-0.0027917514089494944,-9.028347969055176,7.9125518798828125,7.030433177947998,0.026790661737322807,-1.1840217113494873,1.5596808195114136,8.599531173706055,8.605489730834961,5.491798400878906,11.076492309570312,-0.5478293299674988,-0.38419032096862793,0.010627686977386475,0.9570536017417908,-2.074338912963867,-1.4034132957458496,0.20660921931266785,2.4437243938446045,5.842808246612549,-0.00021661428036168218,1.0666310787200928,0.858126699924469,-0.3741834759712219,-0.00014387989358510822,-1.9306397438049316,1.6823550462722778,1.3825225830078125,0.018942348659038544,-0.2131195217370987,0.2968382239341736,2.668323278427124,1.8133823871612549,1.1951565742492676,2.527752637863159
381,-1.872085690498352,0.00805580522865057,-9.098546981811523,7.772550106048584,7.0069499015808105,0.18473975360393524,-1.0179811716079712,1.3383285999298096,8.55781078338623,8.649947166442871,5.56649923324585,11.014347076416016,-0.5286370515823364,-0.14596295356750488,0.06531190127134323,0.9589602947235107,-2.2089786529541016,-1.347918152809143,0.18290571868419647,2.426193952560425,5.975645542144775,-0.00021420250413939357,1.1991326808929443,0.8983551263809204,-0.3704269528388977,0.0030316768679767847,-1.9307090044021606,1.6540696620941162,1.3457951545715332,0.055429451167583466,-0.1804305464029312,0.25921547412872314,2.654813528060913,1.8219963312149048,1.2085933685302734,2.5066404342651367
382,-1.6965341567993164,-0.06068076193332672,-9.203303337097168,7.69677734375,7.261513710021973,0.282484769821167,-0.8367851972579956,1.1156914234161377,8.393452644348145,8.69333553314209,5.536917209625244,10.968585968017578,-0.49160099029541016,0.0856684148311615,0.10093538463115692,1.0372430086135864,-2.1329848766326904,-1.2688021659851074,0.19459538161754608,2.3885951042175293,5.955893516540527,-0.00021898711565881968,1.1091794967651367,0.9078726172447205,-0.3218844532966614,-0.021386200562119484,-1.9536668062210083,1.6435134410858154,1.4229241609573364,0.06659542769193649,-0.14248181879520416,0.2104310393333435,2.61435604095459,1.8318872451782227,1.204771876335144,2.5067920684814453
383,-1.5817012786865234,-0.00673428550362587,-9.304668426513672,7.506723403930664,7.282104015350342,0.35678595304489136,-0.6978887915611267,0.8939279317855835,8.342682838439941,8.731162071228027,5.617240905761719,10.907709121704102,-0.48286983370780945,0.30861300230026245,0.036531686782836914,1.0300499200820923,-2.2771036624908447,-1.1767078638076782,0.17563197016716003,2.3778672218322754,6.1001691818237305,-0.0002151080989278853,0.9920166730880737,0.93660569190979,-0.306171715259552,0.00589180551469326,-1.975385069847107,1.5894852876663208,1.4051551818847656,0.07807516306638718,-0.12026406824588776,0.16192340850830078,2.596123695373535,1.8398054838180542,1.2237006425857544,2.485597610473633
384,-1.3829249143600464,-0.15220946073532104,-9.305469512939453,7.362908363342285,7.550203323364258,0.47683367133140564,-0.47763851284980774,0.6936306953430176,8.16953182220459,8.756158828735352,5.6901164054870605,10.835033416748047,-0.4531192183494568,0.5028999447822571,0.11624105274677277,1.084143042564392,-2.202486991882324,-1.0696914196014404,0.1347016990184784,2.310734272003174,6.077786922454834,-0.00021208944963291287,1.159452199935913,0.9581844806671143,-0.25434350967407227,-0.049328021705150604,-1.96927011013031,1.559464693069458,1.4800965785980225,0.10733603686094284,-0.06583942472934723,0.12160539627075195,2.555873394012451,1.8436256647109985,1.2298749685287476,2.4700047969818115
385,-1.25050687789917,-0.1373034417629242,-9.337884902954102,7.2457170486450195,7.569850444793701,0.4902913570404053,-0.31222090125083923,0.5802633762359619,8.113384246826172,8.78786849975586,5.646578311920166,10.799400329589844,-0.45076659321784973,0.6933123469352722,0.12652815878391266,1.0778065919876099,-2.3453962802886963,-0.9509842395782471,0.17500603199005127,2.308213949203491,6.2245402336120605,-0.00021532276878133416,1.0939033031463623,0.9829970598220825,-0.2360084056854248,-0.02492731250822544,-1.9690829515457153,1.5420209169387817,1.460618495941162,0.09664952009916306,-0.04029525816440582,0.1091071367263794,2.5343456268310547,1.8520406484603882,1.2265703678131104,2.4695894718170166
386,-1.01662278175354,-0.185199573636055,-9.396051406860352,7.06451416015625,7.855156898498535,0.5390019416809082,-0.16279205679893494,0.36720898747444153,7.934904098510742,8.79644775390625,5.714195251464844,10.732288360595703,-0.42178821563720703,0.8728433847427368,0.05181533098220825,1.1201438903808594,-2.2777719497680664,-0.8317765593528748,0.13586238026618958,2.2340288162231445,6.208736896514893,-0.00021429825574159622,0.9567145705223083,1.0033000707626343,-0.17482423782348633,-0.04233812540769577,-1.9895368814468384,1.4878873825073242,1.5416197776794434,0.11105667799711227,-0.012506380677223206,0.04876899719238281,2.4924445152282715,1.8504483699798584,1.2437355518341064,2.4496634006500244
387,-0.8982821106910706,-0.25988471508026123,-9.305238723754883,6.904818058013916,7.849870681762695,0.5977881550788879,0.010660669766366482,0.2777886986732483,7.885833740234375,8.813984870910645,5.794568061828613,10.661789894104004,-0.42557021975517273,1.0282893180847168,0.12704984843730927,1.1080350875854492,-2.4185149669647217,-0.699983537197113,0.12450510263442993,2.219393253326416,6.3462629318237305,-0.0002082873834297061,1.0867736339569092,1.0302296876907349,-0.16614151000976562,-0.06005292385816574,-1.9541865587234497,1.4587574005126953,1.510880470275879,0.12426745146512985,0.02515004575252533,0.0469936728477478,2.479367733001709,1.8559200763702393,1.2511298656463623,2.4324581623077393
388,-0.6594349145889282,-0.34664374589920044,-9.328082084655762,6.776086330413818,8.126879692077637,0.5841989517211914,0.17917276918888092,0.15428633987903595,7.7270660400390625,8.832035064697266,5.76516580581665,10.627193450927734,-0.39734598994255066,1.170394778251648,0.1555975377559662,1.1511952877044678,-2.350221872329712,-0.5739768147468567,0.13584494590759277,2.153322458267212,6.3361687660217285,-0.00021219451446086168,1.1569485664367676,1.0431052446365356,-0.10150665044784546,-0.07806330174207687,-1.9646910429000854,1.4314714670181274,1.5927636623382568,0.11276721209287643,0.0585474818944931,0.015514850616455078,2.4429197311401367,1.860204815864563,1.2490546703338623,2.434303045272827
389,-0.509630024433136,-0.31749826669692993,-9.301817893981934,6.626835823059082,8.102590560913086,0.566102147102356,0.2878246009349823,0.06752444803714752,7.683538436889648,8.833698272705078,5.770400047302246,10.578969955444336,-0.3994590938091278,1.3123466968536377,0.045652419328689575,1.137236475944519,-2.4922566413879395,-0.4503496587276459,0.13184697926044464,2.123812675476074,6.467085838317871,-0.00021204081713221967,0.923180878162384,1.0777077674865723,-0.0829721987247467,-0.05718206614255905,-1.9509817361831665,1.3986546993255615,1.5568015575408936,0.10906635969877243,0.07239328324794769,0.0020333528518676758,2.4322190284729004,1.8580461740493774,1.2576119899749756,2.4192192554473877
390,-0.3308178782463074,-0.4758133888244629,-9.188728332519531,6.45515775680542,8.352170944213867,0.6230238080024719,0.424075722694397,-0.06461576372385025,7.555360317230225,8.851299285888672,5.900947093963623,10.502897262573242,-0.37336286902427673,1.4238817691802979,0.1411692500114441,1.165722370147705,-2.4268038272857666,-0.31967267394065857,0.10792721807956696,2.057671308517456,6.462028980255127,-0.00020888226572424173,1.0248053073883057,1.0857223272323608,-0.04289725422859192,-0.1112503930926323,-1.9253343343734741,1.3537251949310303,1.6315950155258179,0.130578875541687,0.1034465879201889,-0.029816389083862305,2.4097418785095215,1.8646243810653687,1.2758095264434814,2.4008843898773193
391,-0.15774977207183838,-0.5082559585571289,-9.159818649291992,6.310461044311523,8.361019134521484,0.5615219473838806,0.5689437389373779,-0.08103848993778229,7.5175347328186035,8.87044620513916,5.870523929595947,10.4756498336792,-0.3838648200035095,1.5222282409667969,0.1607944667339325,1.153856873512268,-2.564643383026123,-0.20060625672340393,0.1374386101961136,2.032947063446045,6.591134071350098,-0.00021008861949667335,1.0664798021316528,1.1152067184448242,-0.008541405200958252,-0.10099052637815475,-1.9151042699813843,1.3279979228973389,1.6108474731445312,0.10337840765714645,0.13357411324977875,-0.017236828804016113,2.397956371307373,1.869331955909729,1.2672502994537354,2.4008426666259766
392,0.07177434861660004,-0.5756880044937134,-9.108291625976562,6.163146495819092,8.594236373901367,0.5445228219032288,0.661567211151123,-0.1825258433818817,7.394784927368164,8.87098503112793,5.886601448059082,10.423186302185059,-0.35206687450408936,1.6094356775283813,0.04624044895172119,1.1651761531829834,-2.510730743408203,-0.08915652334690094,0.12300099432468414,1.948515772819519,6.5977463722229,-0.00020941649563610554,0.8544591069221497,1.1359977722167969,0.0449223518371582,-0.11797677725553513,-1.9017726182937622,1.292614459991455,1.675770878791809,0.10624121874570847,0.14544819295406342,-0.046880483627319336,2.375497817993164,1.8665622472763062,1.2780616283416748,2.388580560684204
393,0.1729162335395813,-0.6569850444793701,-8.917840003967285,6.001038551330566,8.573739051818848,0.5517612099647522,0.7496751546859741,-0.20596954226493835,7.368211269378662,8.894001007080078,6.000144958496094,10.360721588134766,-0.3631317615509033,1.6819316148757935,0.13518434762954712,1.1684489250183105,-2.6417503356933594,0.025105416774749756,0.116798996925354,1.9304752349853516,6.714813709259033,-0.0002086223103106022,0.9271506071090698,1.1557848453521729,0.04752457141876221,-0.13485336303710938,-1.8500455617904663,1.2554172277450562,1.6461119651794434,0.11127566546201706,0.162368044257164,-0.041686296463012695,2.3739852905273438,1.8754323720932007,1.291619062423706,2.372051954269409
394,0.42050379514694214,-0.7758112549781799,-8.880060195922852,5.842735767364502,8.848557472229004,0.5090842843055725,0.8614789247512817,-0.24360914528369904,7.261427402496338,8.917558670043945,5.987734794616699,10.331635475158691,-0.33223772048950195,1.7261618375778198,0.15739837288856506,1.1769317388534546,-2.5983378887176514,0.1258786916732788,0.13649936020374298,1.8530694246292114,6.745391368865967,-0.00020978573593311012,0.981808066368103,1.1686441898345947,0.11573150753974915,-0.16183018684387207,-1.8494590520858765,1.2205958366394043,1.730574607849121,0.09649907797574997,0.18801163136959076,-0.0505179762840271,2.352489471435547,1.8810218572616577,1.2883110046386719,2.3730151653289795
395,0.5568046569824219,-0.7810104489326477,-8.763081550598145,5.7031474113464355,8.818431854248047,0.4493717551231384,0.9046422243118286,-0.23160584270954132,7.22097110748291,8.927976608276367,5.988955497741699,10.294692993164062,-0.3467848002910614,1.7701176404953003,0.03001418709754944,1.1719768047332764,-2.726571798324585,0.21750113368034363,0.13889849185943604,1.816718339920044,6.8487467765808105,-0.00020852283341810107,0.7404948472976685,1.2035439014434814,0.1282082200050354,-0.14829879999160767,-1.811836838722229,1.1928831338882446,1.690608263015747,0.08249353617429733,0.18770955502986908,-0.04220229387283325,2.3481690883636475,1.8814088106155396,1.2936785221099854,2.362799644470215
396,0.7312877178192139,-0.9285342693328857,-8.56874942779541,5.501092910766602,9.055147171020508,0.4709499776363373,0.9645904302597046,-0.29070156812667847,7.139861583709717,8.957191467285156,6.130480766296387,10.219952583312988,-0.31604745984077454,1.7832326889038086,0.13059213757514954,1.1697933673858643,-2.6924445629119873,0.3091224133968353,0.11975474655628204,1.746829628944397,6.8965864181518555,-0.00020744232460856438,0.8357127904891968,1.2080013751983643,0.16762706637382507,-0.19394391775131226,-1.7702971696853638,1.138375163078308,1.763690710067749,0.09797226637601852,0.20197652280330658,-0.06229862570762634,2.3381199836730957,1.8911775350570679,1.3154857158660889,2.3430447578430176
397,0.881418764591217,-0.9925816059112549,-8.470968246459961,5.359465599060059,9.094708442687988,0.4067697525024414,1.0389068126678467,-0.22734560072422028,7.091970443725586,8.98688793182373,6.093843460083008,10.201505661010742,-0.338737428188324,1.7807430028915405,0.1519816517829895,1.167075753211975,-2.8135650157928467,0.3879818618297577,0.15065912902355194,1.714566946029663,6.992151260375977,-0.0002100283745676279,0.8708758354187012,1.235163927078247,0.19446980953216553,-0.1955399513244629,-1.7462471723556519,1.1160438060760498,1.752537727355957,0.0737525150179863,0.21863482892513275,-0.03507184982299805,2.3303606510162354,1.8982096910476685,1.3032314777374268,2.345862865447998
398,1.0816261768341064,-1.0251249074935913,-8.35812759399414,5.179945468902588,9.313886642456055,0.378243088722229,1.0577419996261597,-0.2610219120979309,7.016698837280273,9.001138687133789,6.118442058563232,10.147697448730469,-0.3368464410305023,1.7717382907867432,0.01908370852470398,1.1506321430206299,-2.720317840576172,0.46201080083847046,0.1542624682188034,1.6391880512237549,6.706521034240723,-0.000211544509511441,0.6007422804832458,1.2496522665023804,0.24043798446655273,-0.19779616594314575,-1.7203928232192993,1.0709655284881592,1.8107414245605469,0.07293450087308884,0.2154308408498764,-0.053670525550842285,2.3206076622009277,1.8991366624832153,1.31764554977417,2.3311212062835693
399,1.1755692958831787,-0.9787347316741943,-8.129820823669434,5.006006717681885,9.256697654724121,0.33297428488731384,1.0841399431228638,-0.2752159535884857,7.167054653167725,9.037031173706055,6.278980255126953,10.07754898071289,-0.31948423385620117,1.7907662391662598,0.14763736724853516,1.166587471961975,-2.872002124786377,0.5243236422538757,0.15955643355846405,1.6054154634475708,7.087888240814209,-0.0002086299064103514,0.7946240305900574,1.2715985774993896,0.24512982368469238,-0.1791471242904663,-1.6658235788345337,1.0327816009521484,1.7738049030303955,0.06163417547941208,0.22166405618190765,-0.05407583713531494,2.324941396713257,1.9109469652175903,1.3399379253387451,2.310131311416626
