step,tau_0,tau_1,tau_2,tau_3,tau_4,tau_5,tau_6,tau_7,tau_8,tau_9,tau_10,tau_11,vel_0,vel_1,vel_2,vel_3,vel_4,vel_5,vel_6,vel_7,vel_8,vel_9,vel_10,vel_11,act_0,act_1,act_2,act_3,act_4,act_5,act_6,act_7,act_8,act_9,act_10,act_11
0,-2.39666748046875,12.184935569763184,-4.862664699554443,-5.484443187713623,-4.769020080566406,-7.12733268737793,-6.143854141235352,-8.709277153015137,12.722179412841797,10.911553382873535,5.740839958190918,3.3968863487243652,3.4097375869750977,4.848183631896973,0.6204820275306702,-3.870058059692383,-4.150390148162842,-2.2976245880126953,-2.92905855178833,-5.502102375030518,15.01058578491211,10.147490501403809,6.5344953536987305,1.7547701597213745,-0.8067191243171692,6.155224800109863,-1.6901637315750122,-1.9297401905059814,-1.6548261642456055,-2.6162359714508057,-2.1946799755096436,-3.389845848083496,6.976504802703857,4.840539932250977,2.0313031673431396,1.15499746799469
1,-6.956393718719482,0.433470755815506,4.215167999267578,7.634425640106201,-2.4591853618621826,-6.864298343658447,3.1209187507629395,-7.468919277191162,4.372640609741211,4.217636585235596,2.368833303451538,6.83562707901001,1.9738093614578247,4.1181640625,3.446193218231201,0.21094432473182678,-4.601187229156494,-7.223264694213867,-2.978793144226074,-7.053244590759277,18.608646392822266,16.4278507232666,9.917912483215332,2.657343626022339,-1.8538016080856323,-1.5015056133270264,2.2380990982055664,3.526590347290039,-0.31543949246406555,-1.5842760801315308,1.8583828210830688,-1.997450590133667,6.251513481140137,1.4314366579055786,0.4063737392425537,2.18971848487854
2,-1.2128530740737915,3.1181576251983643,-8.042948722839355,-1.007155418395996,-6.738030433654785,-7.0282793045043945,-7.090942859649658,-6.923013687133789,1.4070446491241455,0.9681314826011658,1.5507051944732666,6.729390621185303,-1.9519816637039185,4.149275302886963,1.5666331052780151,-2.3823304176330566,-5.815933704376221,-10.617717742919922,1.0122202634811401,-10.334334373474121,4.098954200744629,18.229555130004883,-1.1322394609451294,4.497565269470215,0.4551534652709961,1.1581213474273682,-3.5153205394744873,-1.2650258541107178,-2.477505683898926,-2.2488350868225098,-3.5540671348571777,-1.8911616802215576,6.433613300323486,0.6448531150817871,0.5561375021934509,1.6514866352081299
3,-1.5427788496017456,1.109139323234558,-5.481700897216797,1.06398344039917,3.6058731079101562,1.6488831043243408,-9.092453956604004,-4.164956092834473,15.566768646240234,0.4312741458415985,6.190347671508789,7.009970188140869,2.5718514919281006,4.717221260070801,1.4212226867675781,-2.6017234325408936,0.5474139451980591,-9.915352821350098,0.6915528774261475,-11.694328308105469,-0.7264244556427002,18.563493728637695,-1.0640779733657837,5.6851806640625,-0.3991166353225708,-0.052827589213848114,-0.7817388772964478,0.4634989798069,2.219287395477295,1.7110891342163086,-1.994615912437439,-0.9202065467834473,5.726308822631836,0.8660315275192261,1.6040081977844238,2.1082069873809814
4,-1.6875380277633667,0.9212988018989563,-7.289586067199707,4.494085311889648,-1.1937652826309204,5.355759143829346,-4.066295623779297,-1.2303589582443237,21.255779266357422,0.45337650179862976,9.445405006408691,7.270048141479492,1.8908405303955078,1.6098761558532715,1.0143707990646362,-1.3943744897842407,-0.7820383310317993,-0.3240898847579956,0.006065797060728073,-10.608964920043945,0.4555266499519348,-0.01708042621612549,-0.3534328043460846,4.95072603225708,-0.2986655533313751,0.1927492767572403,-1.6954805850982666,1.2779780626296997,-0.801421046257019,1.2061653137207031,-0.15215834975242615,0.17506173253059387,6.916841983795166,1.4286928176879883,2.3968727588653564,2.3557870388031006
5,-5.492159843444824,4.003339767456055,-7.469325542449951,-1.15339195728302,0.35016027092933655,-5.106799125671387,-1.5637778043746948,9.024516105651855,20.41410255432129,8.101702690124512,11.682612419128418,8.094511985778809,1.8480042219161987,2.0704026222229004,0.6921795010566711,-1.2082477807998657,-0.5702776908874512,-1.5505821704864502,0.39757564663887024,-5.1420159339904785,0.9339413642883301,0.7947514057159424,-0.29280561208724976,3.48114013671875,-1.5712530612945557,1.2960652112960815,-1.5325883626937866,-0.9681423902511597,0.2703879177570343,-2.460559606552124,0.008841730654239655,2.775775909423828,6.906965732574463,2.006575345993042,2.9726200103759766,2.4233627319335938
6,-7.156776428222656,1.636986494064331,-7.291762828826904,4.536390781402588,-1.0474358797073364,2.274757146835327,-1.4159752130508423,5.283773899078369,20.39845848083496,10.508255958557129,11.985566139221191,10.368406295776367,1.685032844543457,1.9870593547821045,0.6648659706115723,1.110788345336914,-0.6148974895477295,-1.5735886096954346,0.6753756403923035,-0.7733966112136841,1.4549453258514404,0.8131743669509888,-0.2759583592414856,0.7537578344345093,-1.6198201179504395,0.022027021273970604,-1.4574989080429077,1.6835176944732666,-0.4023738503456116,1.4541079998016357,-0.2576347291469574,0.6181285977363586,7.6175103187561035,2.881899833679199,2.6583850383758545,3.147972583770752
7,-7.452636241912842,3.3253445625305176,-9.642251968383789,2.510211944580078,0.4840686321258545,1.9051072597503662,-1.0681184530258179,4.140641212463379,20.007123947143555,11.749333381652832,13.782669067382812,12.830551147460938,1.28708815574646,1.6691311597824097,0.42779913544654846,0.8900607228279114,-0.8548820614814758,-1.7551379203796387,0.9772641062736511,-0.8350367546081543,2.161970615386963,1.2607990503311157,-0.24558678269386292,1.0864731073379517,-1.5026657581329346,0.9657749533653259,-2.3784258365631104,0.2876477837562561,0.3008914887905121,0.3155173659324646,-0.16195464134216309,0.7502341270446777,7.559595584869385,2.9611618518829346,3.4777204990386963,3.182241916656494
8,-7.5448479652404785,2.7209575176239014,-10.47548770904541,3.1671488285064697,1.1664042472839355,2.220726490020752,-1.650962471961975,4.1547393798828125,19.213226318359375,11.12019157409668,14.499619483947754,13.244478225708008,0.8764982223510742,1.3716202974319458,0.17559970915317535,0.3357740342617035,-0.9499132037162781,-1.656604290008545,1.3570822477340698,-0.34903156757354736,2.7248904705047607,1.8042716979980469,-0.2680642008781433,0.8688987493515015,-1.5218602418899536,0.48725372552871704,-2.366680145263672,0.7465821504592896,0.3152855634689331,0.45952075719833374,-0.3946497142314911,0.8174175024032593,7.325815677642822,2.545168161392212,3.486340045928955,3.36873722076416
9,-6.724349021911621,1.7459272146224976,-11.457701683044434,4.049670219421387,0.847544252872467,2.1022942066192627,-2.8983657360076904,2.850438117980957,18.425046920776367,9.751875877380371,15.06173038482666,14.017322540283203,0.5726838111877441,1.114951491355896,-0.07020993530750275,0.07817667722702026,-0.8986570835113525,-1.6262540817260742,1.675234317779541,-0.09150460362434387,3.132833242416382,2.78320574760437,-0.3357005715370178,0.8047980070114136,-1.2413825988769531,0.22584205865859985,-2.6759166717529297,0.9423936605453491,0.12267399579286575,0.38528692722320557,-0.7167413234710693,0.4012144207954407,6.948517322540283,2.1231751441955566,3.625753164291382,3.578490734100342
10,-5.2786149978637695,0.1668841689825058,-12.231958389282227,4.727100372314453,0.35782960057258606,1.8369560241699219,-4.6580705642700195,1.4508113861083984,17.658649444580078,7.819514751434326,15.351364135742188,14.471691131591797,0.24016816914081573,0.955708920955658,-0.3484111726284027,-0.16500920057296753,-1.0781828165054321,-1.4859932661056519,1.8331693410873413,0.011940456926822662,3.4882562160491943,2.189344644546509,-0.44454190135002136,0.7914096713066101,-0.8651151061058044,-0.1862342655658722,-2.8821158409118652,1.0509270429611206,0.0062699830159544945,0.31572234630584717,-1.121885895729065,0.10645437240600586,6.450041770935059,1.6636346578598022,3.637288808822632,3.673219919204712
11,-3.4751217365264893,-1.5949478149414062,-12.837136268615723,5.137291431427002,0.26232072710990906,2.129892349243164,-6.9612717628479,0.46106112003326416,16.767024993896484,6.989507675170898,15.511345863342285,14.626619338989258,0.0738987922668457,-0.0997178852558136,-0.600777268409729,-0.42825525999069214,-1.1035808324813843,-1.6301302909851074,2.078127384185791,-0.01893642544746399,3.7141246795654297,5.26822566986084,-0.4977041482925415,0.8707221150398254,-0.45999282598495483,-0.5407690405845642,-3.0662543773651123,1.0903195142745972,0.0380898118019104,0.44551998376846313,-1.665235161781311,-0.03910810127854347,5.831930160522461,1.4488575458526611,3.627028465270996,3.662168264389038
12,-1.5113919973373413,-2.2250211238861084,-12.983136177062988,5.554082870483398,0.22318752110004425,0.7329844832420349,-8.490839958190918,-0.7768600583076477,15.835564613342285,4.267000198364258,15.407748222351074,14.493894577026367,-0.20550525188446045,-0.5864781737327576,-0.7797926664352417,-0.5121502876281738,-1.2817673683166504,-1.6322228908538818,2.0042529106140137,-0.23533576726913452,3.8228492736816406,4.78660249710083,-0.41635662317276,0.9899752140045166,-0.04288289695978165,-0.5403923392295837,-3.051048517227173,1.1675925254821777,0.03799892216920853,-0.038850314915180206,-1.8646482229232788,-0.32111430168151855,5.194972038269043,0.8931227922439575,3.530153751373291,3.58402156829834
13,-1.1121991872787476,-2.6816229820251465,-13.051273345947266,6.230777740478516,0.630449116230011,1.3204582929611206,-10.067395210266113,-1.4565290212631226,14.990462303161621,4.121189117431641,15.288609504699707,14.141752243041992,-0.014505401253700256,-1.7841765880584717,-0.9590946435928345,-0.6225610971450806,-1.3857170343399048,-2.059676170349121,1.6240254640579224,-0.521409809589386,3.966165781021118,6.91680383682251,-0.39214351773262024,1.2240325212478638,-0.17233341932296753,-0.6175101399421692,-3.0742642879486084,1.347791075706482,0.17293842136859894,0.32532063126564026,-2.243471145629883,-0.3865582048892975,4.705186367034912,1.049649953842163,3.5296542644500732,3.4472692012786865
14,-0.48416996002197266,-1.9342082738876343,-13.087590217590332,6.460467338562012,1.3088654279708862,1.4225739240646362,-10.325817108154297,-1.6617496013641357,14.276933670043945,3.076876163482666,15.245894432067871,13.74324893951416,-0.20692715048789978,-2.2698400020599365,-1.033981204032898,-0.584991455078125,-1.6012964248657227,-2.2282872200012207,1.6266652345657349,-0.8499901294708252,4.024228572845459,8.050649642944336,-0.16183018684387207,1.4720039367675781,-0.012155182659626007,-0.32120516896247864,-3.104032039642334,1.3271639347076416,0.33703702688217163,0.2771373391151428,-2.1446332931518555,-0.3687012195587158,4.432160377502441,0.8526097536087036,3.5288918018341064,3.3771395683288574
15,-0.6975570321083069,-1.6784768104553223,-12.807503700256348,6.774302959442139,2.1320953369140625,1.9521918296813965,-10.687021255493164,-1.288804531097412,13.67875862121582,2.4689013957977295,15.109904289245605,13.415334701538086,0.11791595071554184,-2.493117332458496,-1.083885669708252,-0.5528494119644165,-1.6712852716445923,-2.189725637435913,1.3136107921600342,-1.1650488376617432,4.145504474639893,8.778852462768555,0.0693744421005249,1.692944884300232,-0.16961504518985748,-0.3315291404724121,-2.9548285007476807,1.4121224880218506,0.5099566578865051,0.42954105138778687,-2.226184844970703,-0.21676671504974365,4.157074451446533,0.7546285390853882,3.5541441440582275,3.343517303466797
16,-1.1481754779815674,-1.1116334199905396,-12.492095947265625,6.865729331970215,2.613419771194458,2.2310678958892822,-10.499744415283203,-0.7048547863960266,13.169300079345703,2.0679779052734375,15.018651008605957,13.11934757232666,0.020807132124900818,-1.7956041097640991,-1.122571587562561,-0.4283196032047272,-1.904651165008545,-1.73819100856781,0.7903668284416199,-1.427269458770752,4.2371392250061035,6.682344436645508,0.28806018829345703,1.9486085176467896,-0.2879399359226227,-0.16202180087566376,-2.858151912689209,1.4013832807540894,0.5580018162727356,0.4522959589958191,-2.1378650665283203,-0.06758222728967667,4.001223564147949,0.680308997631073,3.5923969745635986,3.2981462478637695
17,-1.7744852304458618,-1.0633968114852905,-12.274035453796387,6.680425643920898,3.3161253929138184,3.0654613971710205,-10.071304321289062,0.3945208191871643,12.788443565368652,2.6546902656555176,15.037986755371094,12.819287300109863,0.15738162398338318,-2.022296190261841,-1.1802120208740234,-0.47537291049957275,-1.8669172525405884,-1.4312107563018799,0.7912830710411072,-1.602346658706665,4.2836689949035645,8.481297492980957,0.5263573527336121,2.099076509475708,-0.439873605966568,-0.21550044417381287,-2.8170182704925537,1.3311313390731812,0.7149298191070557,0.6937264800071716,-2.050717830657959,0.22348646819591522,3.8868191242218018,0.8454792499542236,3.6808416843414307,3.2612204551696777
18,-1.1756032705307007,-0.953839898109436,-11.996402740478516,6.52823543548584,3.4952449798583984,2.333564519882202,-9.797409057617188,1.1509257555007935,12.602961540222168,1.668217420578003,14.93745231628418,12.724407196044922,0.014609098434448242,-1.197867751121521,-1.2461590766906738,-0.3951168656349182,-2.1119258403778076,-0.6605307459831238,0.29630744457244873,-1.7563867568969727,4.422929286956787,4.8556671142578125,0.7694527506828308,2.2934341430664062,-0.1534493863582611,-0.19016939401626587,-2.7336111068725586,1.2958894968032837,0.6860329508781433,0.3568177819252014,-1.9836148023605347,0.3144984841346741,3.8662643432617188,0.43363091349601746,3.6856844425201416,3.2952451705932617
19,-2.1131842136383057,-0.846767783164978,-11.649203300476074,6.6089019775390625,3.950558662414551,2.48249888420105,-9.381965637207031,2.107482433319092,12.19748592376709,2.565030097961426,14.931512832641602,12.472908973693848,0.09299144148826599,-1.4915564060211182,-1.2906314134597778,-0.49069687724113464,-2.00272798538208,-0.6309001445770264,0.3219507336616516,-1.8370964527130127,4.423508644104004,7.166332244873047,0.9839704036712646,2.3974385261535645,-0.5506266355514526,-0.157674640417099,-2.6299543380737305,1.3537615537643433,0.7993178963661194,0.5147597193717957,-1.9248276948928833,0.5201753377914429,3.685237169265747,0.7489469051361084,3.7767138481140137,3.2255425453186035
20,-1.0599111318588257,-1.2416778802871704,-11.375605583190918,6.809831619262695,3.9781033992767334,1.9708530902862549,-9.178786277770996,2.4150094985961914,12.14090347290039,1.4567824602127075,14.762903213500977,12.496784210205078,-0.07085202634334564,-1.6809468269348145,-1.3790135383605957,-0.4832819700241089,-2.239531993865967,-0.6241637468338013,-0.14077775180339813,-1.9483669996261597,4.54227352142334,8.2398681640625,1.2072725296020508,2.5406768321990967,-0.07059960067272186,-0.3183761239051819,-2.5703282356262207,1.4040942192077637,0.7575973868370056,0.32006561756134033,-1.8831815719604492,0.4950147867202759,3.731659412384033,0.30455002188682556,3.73052716255188,3.309826612472534
21,-1.1798861026763916,-1.0570632219314575,-10.569169044494629,7.195439338684082,3.991431713104248,0.7040480971336365,-8.99104118347168,2.308305025100708,11.821385383605957,0.793898344039917,14.545422554016113,12.189931869506836,0.14685243368148804,-1.7585633993148804,-1.27890944480896,-0.41160011291503906,-2.0919125080108643,-0.9209116697311401,-0.14842167496681213,-2.114081621170044,4.455974102020264,8.645910263061523,1.4051849842071533,2.6943507194519043,-0.2535828649997711,-0.19912603497505188,-2.2687158584594727,1.5178184509277344,0.7472500801086426,-0.027470804750919342,-1.8969111442565918,0.42029517889022827,3.5781967639923096,0.1468895971775055,3.7031331062316895,3.165083646774292
22,-1.5067261457443237,-1.2317872047424316,-9.923086166381836,7.76560115814209,3.7827048301696777,0.9389418959617615,-8.977723121643066,2.5919501781463623,11.773408889770508,0.5328283309936523,14.334065437316895,12.065840721130371,0.10716849565505981,-1.7547203302383423,-1.2558848857879639,-0.28481432795524597,-2.31424880027771,-1.062495470046997,-0.6160693168640137,-2.2628135681152344,4.528474807739258,8.713773727416992,1.6264015436172485,2.8753232955932617,-0.3427203893661499,-0.2871513366699219,-2.1085081100463867,1.6771180629730225,0.6885117888450623,0.211866557598114,-1.9001402854919434,0.5203360319137573,3.56203556060791,0.1324804127216339,3.6773390769958496,3.203037977218628
23,-1.9644478559494019,-0.9264916777610779,-9.538697242736816,7.846096515655518,3.7972371578216553,0.4963567554950714,-8.55443000793457,2.8611814975738525,11.574494361877441,0.2940506041049957,14.108980178833008,11.772921562194824,0.3297498822212219,-1.6729719638824463,-1.1075414419174194,-0.1708272099494934,-2.1717958450317383,-1.2769882678985596,-0.6480017900466919,-2.4059998989105225,4.438989639282227,8.702723503112793,1.8370689153671265,3.041795492172241,-0.45397794246673584,-0.15357425808906555,-2.058462381362915,1.6319763660430908,0.7091226577758789,0.03833625465631485,-1.7898837327957153,0.566861629486084,3.4905874729156494,0.048417456448078156,3.6571238040924072,3.1079933643341064
24,-2.3913917541503906,-0.9480425119400024,-9.132765769958496,7.999353885650635,3.652008533477783,0.5545974373817444,-8.286043167114258,3.3663856983184814,11.595545768737793,0.026070423424243927,13.91201114654541,11.595580101013184,0.2966042160987854,-1.56020188331604,-1.0861790180206299,-0.05589807406067848,-2.3968613147735596,-1.409879207611084,-1.0674480199813843,-2.509028673171997,4.5484490394592285,8.604752540588379,2.064225435256958,3.204960346221924,-0.5297271013259888,-0.20355971157550812,-1.935868740081787,1.683556318283081,0.6697592735290527,0.11343967169523239,-1.7328287363052368,0.6891515851020813,3.4994394779205322,-0.05394967645406723,3.6482160091400146,3.109701156616211
25,-2.850731134414673,-0.8593910336494446,-8.64815616607666,7.996836185455322,3.675661325454712,-0.008336156606674194,-7.780909061431885,3.6089165210723877,11.40786361694336,-0.7976452708244324,13.672019958496094,11.283702850341797,0.44850876927375793,-1.4168243408203125,-0.9677225351333618,0.01022031344473362,-2.2465996742248535,-1.5173770189285278,-1.0964164733886719,-2.6084110736846924,4.455749988555908,7.94380521774292,2.259355068206787,3.3269200325012207,-0.62930828332901,-0.16835108399391174,-1.811028003692627,1.6666208505630493,0.6855067610740662,-0.07385817915201187,-1.6212694644927979,0.6999118328094482,3.4365639686584473,-0.19234025478363037,3.61454176902771,3.006117820739746
26,-3.6706998348236084,-0.6704573035240173,-8.114924430847168,8.201470375061035,3.3027539253234863,-0.28579872846603394,-7.501091957092285,3.9871268272399902,11.370328903198242,-1.240312933921814,13.459915161132812,11.062088966369629,0.42122986912727356,-1.1520136594772339,-0.9575477242469788,0.08616182208061218,-2.4552066326141357,-1.508130669593811,-1.4648940563201904,-2.6769418716430664,4.567696571350098,6.732279300689697,2.472931146621704,3.4494805335998535,-0.8379817605018616,-0.1136975809931755,-1.6648844480514526,1.7466899156570435,0.5733410716056824,-0.09917228668928146,-1.5757906436920166,0.786139965057373,3.3927600383758545,-0.22192668914794922,3.590388536453247,2.9709017276763916
27,-4.385079383850098,-0.5829355716705322,-7.664117813110352,8.283645629882812,3.2764878273010254,-0.6108483076095581,-6.9572434425354,4.30357551574707,11.11651611328125,-1.4979897737503052,13.213078498840332,10.804454803466797,0.4847634434700012,-0.9027426838874817,-0.8755345344543457,0.06864804774522781,-2.3081066608428955,-1.4574449062347412,-1.4840643405914307,-2.70206356048584,4.484183311462402,5.222922325134277,2.6482503414154053,3.4656450748443604,-0.9729426503181458,-0.1082538291811943,-1.5773874521255493,1.752137541770935,0.6033051609992981,-0.17430660128593445,-1.4435031414031982,0.836877167224884,3.302816867828369,-0.25567853450775146,3.5515670776367188,2.9005565643310547
28,-4.888878345489502,-0.40266329050064087,-7.501812934875488,8.408506393432617,2.959825038909912,-0.7044211626052856,-6.615468978881836,4.6175150871276855,11.003984451293945,-1.5526182651519775,13.02286148071289,10.747939109802246,0.44543588161468506,-0.5759324431419373,-0.8756313323974609,0.14259913563728333,-2.5122745037078857,-1.3566584587097168,-1.7815523147583008,-2.7381784915924072,4.630370140075684,3.619973659515381,2.8423993587493896,3.588977336883545,-1.0440282821655273,-0.05755602568387985,-1.5766565799713135,1.7823858261108398,0.5144688487052917,-0.16107547283172607,-1.3830132484436035,0.8961402177810669,3.233466148376465,-0.2613753080368042,3.535560131072998,2.914762496948242
29,-5.207900524139404,-0.333436518907547,-7.328193664550781,8.394684791564941,3.0150883197784424,-0.939413845539093,-6.177243232727051,4.764501571655273,10.657992362976074,-1.7139090299606323,12.787186622619629,10.538263320922852,0.4474983811378479,-0.26988476514816284,-0.8224797248840332,0.09066259860992432,-2.3729279041290283,-1.2301223278045654,-1.766745924949646,-2.734072685241699,4.567025184631348,1.8255958557128906,2.9856812953948975,3.606781005859375,-1.0881681442260742,-0.05796816200017929,-1.5383967161178589,1.7665987014770508,0.5637587308883667,-0.22939777374267578,-1.292433738708496,0.9016884565353394,3.1177804470062256,-0.32023149728775024,3.4918363094329834,2.8501901626586914
30,-5.452365398406982,-0.17237108945846558,-7.304198741912842,8.5286865234375,2.696246385574341,-0.9300191402435303,-5.971156120300293,4.905424118041992,10.437806129455566,-1.7349485158920288,12.586023330688477,10.483338356018066,0.41010648012161255,0.1245134249329567,-0.8272093534469604,0.16073031723499298,-2.5657169818878174,-1.058174967765808,-2.016085147857666,-2.7471184730529785,4.722031116485596,-0.03587254881858826,3.1513118743896484,3.701465606689453,-1.1277247667312622,-0.012651437893509865,-1.550682544708252,1.8115445375442505,0.4635275602340698,-0.1921553909778595,-1.2690136432647705,0.9285848140716553,3.0108702182769775,-0.3370726704597473,3.453718662261963,2.854987859725952
31,-5.6612629890441895,-0.0989084392786026,-7.2559638023376465,8.578617095947266,2.708847999572754,-1.0844781398773193,-5.638653755187988,4.904794692993164,10.025840759277344,-1.8098890781402588,12.320301055908203,10.291656494140625,0.3944840133190155,0.5080925822257996,-0.7846001386642456,0.09599051624536514,-2.430114269256592,-0.892342746257782,-1.9769285917282104,-2.7315833568573,4.6617751121521,-1.970400333404541,3.2670047283172607,3.7076313495635986,-1.168908715248108,-0.00964292325079441,-1.5384379625320435,1.820142149925232,0.5006834268569946,-0.24560123682022095,-1.1937024593353271,0.909798800945282,2.8827385902404785,-0.3932526111602783,3.385321855545044,2.789435625076294
32,-5.814079284667969,-0.04523404315114021,-7.259694576263428,8.763212203979492,2.314704656600952,-1.0699173212051392,-5.495980739593506,4.943751335144043,9.762740135192871,-1.7686631679534912,12.054115295410156,10.228804588317871,0.3706245422363281,0.9427905678749084,-0.7849984765052795,0.18339195847511292,-2.6050972938537598,-0.7519644498825073,-2.2048559188842773,-2.7508246898651123,4.8087568283081055,-3.8333933353424072,3.4197335243225098,3.856886148452759,-1.193260908126831,-0.0016942564398050308,-1.5430091619491577,1.8738080263137817,0.38195690512657166,-0.21782523393630981,-1.1791123151779175,0.9232258796691895,2.7733540534973145,-0.4130452275276184,3.305874824523926,2.785761833190918
33,-6.023322105407715,-0.06881352514028549,-7.1141204833984375,8.820371627807617,2.226593494415283,-1.3203506469726562,-5.222082614898682,4.734365940093994,9.32117748260498,-1.7401057481765747,11.681062698364258,9.968476295471191,0.34584277868270874,1.3130313158035278,-0.7459719181060791,0.10909762978553772,-2.499483823776245,-0.7393224835395813,-2.1551125049591064,-2.7415974140167236,4.7822394371032715,-5.537782192230225,3.514575242996216,3.8109397888183594,-1.2466031312942505,-0.016310179606080055,-1.4888921976089478,1.8802578449249268,0.398458868265152,-0.3048062324523926,-1.1143943071365356,0.8508243560791016,2.6361234188079834,-0.4569188356399536,3.186089515686035,2.7038679122924805
34,-6.135653495788574,-0.21289263665676117,-6.93440055847168,8.973803520202637,1.73123037815094,-1.1442244052886963,-5.126664638519287,4.650056838989258,8.990962028503418,-1.538069725036621,11.272428512573242,9.937620162963867,0.3391805589199066,1.660103440284729,-0.7392727732658386,0.17468678951263428,-2.624922037124634,-0.8046982884407043,-2.3720040321350098,-2.7619099617004395,4.86501932144165,-6.94840669631958,3.6575183868408203,3.907181978225708,-1.2578388452529907,-0.059104613959789276,-1.439656138420105,1.9188427925109863,0.2598639130592346,-0.21059554815292358,-1.1095272302627563,0.8514272570610046,2.5156126022338867,-0.42240214347839355,3.0415761470794678,2.708315849304199
35,-6.2594804763793945,-0.3126262128353119,-6.707886695861816,8.950166702270508,1.452118992805481,-1.2043637037277222,-4.906358242034912,4.266430377960205,8.548027038574219,-1.3633671998977661,10.735998153686523,9.707168579101562,0.32275232672691345,1.9319941997528076,-0.6935276985168457,0.15144899487495422,-2.5292952060699463,-1.013579249382019,-2.322305679321289,-2.7559192180633545,4.818447589874268,-8.045103073120117,3.7345736026763916,3.904872179031372,-1.2855794429779053,-0.071568064391613,-1.382737159729004,1.8966001272201538,0.2322704941034317,-0.2563308775424957,-1.0565310716629028,0.7404338121414185,2.3694629669189453,-0.4129432439804077,2.862330436706543,2.6250569820404053
36,-6.334896564483643,-0.5636330246925354,-6.441533088684082,8.957923889160156,0.8793102502822876,-0.8820766806602478,-4.856058120727539,4.057491779327393,8.204517364501953,-1.1371474266052246,10.167204856872559,9.642080307006836,0.31571441888809204,2.133349657058716,-0.6870666146278381,0.20574340224266052,-2.622281074523926,-1.2661157846450806,-2.530521869659424,-2.798635482788086,4.869734764099121,-8.86082649230957,3.8669238090515137,4.079310417175293,-1.2957959175109863,-0.13708007335662842,-1.3141189813613892,1.8975470066070557,0.09230945259332657,-0.13931947946548462,-1.061560869216919,0.7236689329147339,2.2523884773254395,-0.35527902841567993,2.667051076889038,2.6262738704681396
37,-6.437343597412109,-0.6783891320228577,-6.162059783935547,8.83231258392334,0.5381677746772766,-0.8496571183204651,-4.683211326599121,3.5555102825164795,7.756840705871582,-0.946689248085022,9.47146224975586,9.368967056274414,0.297470360994339,2.253872871398926,-0.6496008038520813,0.20804333686828613,-2.54964280128479,-1.6294053792953491,-2.480666399002075,-2.736517906188965,4.812141418457031,-9.392446517944336,3.9239304065704346,4.005398273468018,-1.3215793371200562,-0.1405869722366333,-1.2516462802886963,1.8545467853546143,0.056862957775592804,-0.1740262657403946,-1.018395185470581,0.5918374061584473,2.1046700477600098,-0.3124154508113861,2.4438469409942627,2.5465574264526367
38,-6.60884428024292,-0.9234534502029419,-5.82940149307251,8.689103126525879,-0.05268720164895058,-0.46336138248443604,-4.645647048950195,3.3245084285736084,7.356161117553711,-0.7011356949806213,8.764775276184082,9.365208625793457,0.27194809913635254,2.275559425354004,-0.660966694355011,0.18569184839725494,-2.6064069271087646,-1.9952040910720825,-2.680818557739258,-2.840893030166626,4.825852394104004,-9.660392761230469,4.043838024139404,4.159987926483154,-1.3694709539413452,-0.20203322172164917,-1.1687004566192627,1.8160713911056519,-0.0852024182677269,-0.045032575726509094,-1.0216858386993408,0.5850809812545776,1.9671669006347656,-0.2134357988834381,2.2187023162841797,2.558076858520508
39,-6.786787509918213,-1.0517898797988892,-5.4531636238098145,8.382794380187988,-0.4151710271835327,-0.31314462423324585,-4.48296594619751,2.9465200901031494,6.860759258270264,-0.48678135871887207,7.928908824920654,9.095453262329102,0.2236223965883255,2.19199275970459,-0.6556407809257507,0.1654210090637207,-2.5289077758789062,-2.408756971359253,-2.6260037422180176,-2.7087464332580566,4.71652364730835,-9.670233726501465,4.076542377471924,3.9969229698181152,-1.4103070497512817,-0.21154752373695374,-1.0828988552093506,1.7175852060317993,-0.14387965202331543,-0.04647591710090637,-0.979300856590271,0.4929412603378296,1.8044570684432983,-0.13716334104537964,1.9640885591506958,2.469101905822754
40,-6.952711582183838,-1.1934449672698975,-5.04734992980957,7.998696804046631,-0.8392179012298584,0.02414526417851448,-4.45569372177124,2.706815481185913,6.4619832038879395,-0.25920072197914124,7.115248680114746,9.073442459106445,0.15574787557125092,2.0226645469665527,-0.6976020932197571,0.09275336563587189,-2.538706064224243,-2.7911901473999023,-2.81256103515625,-2.8562023639678955,4.690873146057129,-9.461085319519043,4.1790337562561035,4.180110454559326,-1.4477968215942383,-0.24063946306705475,-0.9909263849258423,1.6172682046890259,-0.24501565098762512,0.05217090994119644,-0.985202431678772,0.47035515308380127,1.679330587387085,-0.04160367697477341,1.7259498834609985,2.4460415840148926
41,-7.111242771148682,-1.1314669847488403,-4.597600936889648,7.43881368637085,-1.007654070854187,0.3166585862636566,-4.268533229827881,2.471419095993042,6.0505290031433105,-0.01157021801918745,6.200463771820068,8.700357437133789,0.061722464859485626,1.8162168264389038,-0.7323689460754395,0.04006505757570267,-2.5511255264282227,-3.110116720199585,-2.736464500427246,-2.6605372428894043,4.670726776123047,-9.042105674743652,4.1806511878967285,3.930955171585083,-1.4855945110321045,-0.20521317422389984,-0.8914680480957031,1.4601093530654907,-0.2448856234550476,0.09362705796957016,-0.9305958151817322,0.42243218421936035,1.5606741905212402,0.05940279737114906,1.465569019317627,2.3252158164978027
42,-7.2650322914123535,-0.8921051025390625,-4.2293596267700195,6.815223217010498,-0.9565463066101074,0.6422998309135437,-4.335371017456055,2.380028247833252,5.722992897033691,0.7021381855010986,5.283482551574707,8.661895751953125,-0.03263944014906883,1.5839678049087524,-0.7940425872802734,-0.06769509613513947,-2.5445351600646973,-3.4363086223602295,-2.872115135192871,-2.8079540729522705,4.639486312866211,-7.876008033752441,4.242764949798584,4.121670246124268,-1.524769902229309,-0.1391240805387497,-0.8257794380187988,1.3129832744598389,-0.20176979899406433,0.15546801686286926,-0.975617527961731,0.4291386306285858,1.4805762767791748,0.16433769464492798,1.206199288368225,2.291065216064453
43,-6.897950649261475,-0.43306609988212585,-3.998281717300415,5.969255447387695,-0.8808687925338745,1.30381178855896,-4.401322841644287,2.4248478412628174,5.553024768829346,1.5805151462554932,4.330965042114258,8.225528717041016,-0.12369592487812042,1.4365819692611694,-0.8421663045883179,-0.10776463150978088,-2.5483510494232178,-3.5920028686523438,-2.7106451988220215,-2.576875925064087,4.651583194732666,-5.9023942947387695,4.165040969848633,3.847867727279663,-1.3728827238082886,-0.024960314854979515,-0.7984886169433594,1.0947574377059937,-0.18147677183151245,0.31291377544403076,-1.000867247581482,0.449110209941864,1.458083987236023,0.314286470413208,0.9537133574485779,2.1532034873962402
44,-6.288000106811523,0.417926162481308,-4.081808090209961,5.135591983795166,-0.7231156229972839,1.7654098272323608,-4.8507981300354,2.51926589012146,5.561646461486816,2.278071641921997,3.5427863597869873,8.078497886657715,-0.16421161592006683,1.593044400215149,-0.8485949039459229,-0.17289191484451294,-2.5593557357788086,-3.538588285446167,-2.7824883460998535,-2.689357280731201,4.709799289703369,-3.377293586730957,4.186999797821045,4.050412654876709,-1.2099639177322388,0.20126914978027344,-0.8617464303970337,0.9233402609825134,-0.13507550954818726,0.370467871427536,-1.1506611108779907,0.47946351766586304,1.499000072479248,0.4366968274116516,0.7645929455757141,2.0767691135406494
45,-5.780943870544434,0.9386100172996521,-3.677741050720215,4.308516979217529,-0.8506654500961304,1.9142640829086304,-5.018850326538086,2.5024261474609375,5.655821323394775,2.5001330375671387,2.7223122119903564,7.55558967590332,-0.16197815537452698,1.9563429355621338,-0.8045122623443604,-0.13039760291576385,-2.5368599891662598,-3.331566095352173,-2.6134705543518066,-2.466989278793335,4.74252462387085,-0.7351297736167908,4.069608211517334,3.807068347930908,-1.1162149906158447,0.2721414268016815,-0.7068527340888977,0.7520198225975037,-0.20470207929611206,0.3613826632499695,-1.1552889347076416,0.4577551484107971,1.5521389245986938,0.48028942942619324,0.5531193017959595,1.9233137369155884
46,-5.763052940368652,1.0238803625106812,-2.928555727005005,3.8337502479553223,-1.30562424659729,1.8269754648208618,-5.213819980621338,2.126730442047119,5.618760108947754,2.1314573287963867,2.0184688568115234,7.287714004516602,-0.15213412046432495,2.3954341411590576,-0.7982231378555298,-0.1767144650220871,-2.5442261695861816,-3.0345582962036133,-2.578078508377075,-2.5675394535064697,4.825209617614746,1.4612774848937988,4.055355548858643,3.9538252353668213,-1.1806107759475708,0.23306697607040405,-0.5002828240394592,0.7064896821975708,-0.35195785760879517,0.32041335105895996,-1.190680742263794,0.349561870098114,1.5177334547042847,0.4010157585144043,0.38615745306015015,1.8218623399734497
47,-5.7108845710754395,0.47299638390541077,-2.011152744293213,3.6818063259124756,-1.6833946704864502,2.084547281265259,-5.151870250701904,1.748780369758606,5.137279510498047,1.6526367664337158,1.3495665788650513,6.736972332000732,-0.1549774706363678,2.6658174991607666,-0.82674640417099,-0.1419314444065094,-2.5376358032226562,-2.5948410034179688,-2.3786797523498535,-2.325862169265747,4.849120140075684,3.1326212882995605,3.930551767349243,3.6444573402404785,-1.1639600992202759,0.02529091201722622,-0.28780844807624817,0.7166464924812317,-0.4239816665649414,0.4129505157470703,-1.138645887374878,0.27534180879592896,1.306077480316162,0.32048067450523376,0.22636573016643524,1.6635866165161133
48,-5.674262523651123,-0.11047890037298203,-1.2633823156356812,3.615013360977173,-1.998740792274475,2.2216033935546875,-4.709991455078125,1.394217610359192,4.573282241821289,1.2887660264968872,0.8681832551956177,6.4896931648254395,-0.17745420336723328,2.722336530685425,-0.7959102988243103,-0.21608130633831024,-2.5116255283355713,-2.107780933380127,-2.4927196502685547,-2.448072910308838,4.825728893280029,4.447241306304932,3.9980080127716064,3.7870988845825195,-1.1588144302368164,-0.10236542671918869,-0.15762150287628174,0.716813325881958,-0.48411592841148376,0.4304760694503784,-0.9668635129928589,0.216713085770607,1.1295675039291382,0.27168965339660645,0.1344006359577179,1.5816906690597534
49,-5.379530906677246,-0.6580832004547119,-0.6665899157524109,3.6956238746643066,-2.1585137844085693,2.2390170097351074,-3.8073718547821045,1.2746503353118896,3.8629331588745117,1.0015689134597778,0.5012108087539673,6.058530330657959,-0.19871576130390167,2.591886043548584,-0.843132734298706,-0.20378148555755615,-2.464261770248413,-1.640228271484375,-2.348051071166992,-2.1796886920928955,4.744465351104736,5.513492107391357,3.888005495071411,3.4334495067596436,-1.0609900951385498,-0.18773463368415833,-0.05502567067742348,0.7496475577354431,-0.49580368399620056,0.42595386505126953,-0.7071177363395691,0.22052623331546783,0.9021456837654114,0.22544902563095093,0.06468507647514343,1.4788775444030762
50,-5.139392375946045,-0.7941977977752686,-0.21610808372497559,3.7452332973480225,-2.449455976486206,1.9802494049072266,-3.0139060020446777,1.1292128562927246,3.102616786956787,0.7550512552261353,0.25376230478286743,5.90796422958374,-0.18967512249946594,2.4359631538391113,-0.7755878567695618,-0.24019867181777954,-2.3958141803741455,-1.2713567018508911,-2.419320583343506,-2.3195724487304688,4.621878147125244,6.361806869506836,3.913322925567627,3.5913734436035156,-1.0186467170715332,-0.16334298253059387,0.017180737107992172,0.7572636604309082,-0.5781867504119873,0.3476061522960663,-0.5384935736656189,0.19392700493335724,0.6809953451156616,0.17553693056106567,0.02145916223526001,1.4219156503677368
51,-4.8344292640686035,-0.9357610940933228,0.19948621094226837,3.8173601627349854,-2.6630585193634033,1.813698172569275,-2.268892288208008,1.2363346815109253,2.225735902786255,0.549846887588501,-0.06300438195466995,5.549506664276123,-0.1612129658460617,2.254789352416992,-0.7699062824249268,-0.19089750945568085,-2.2488255500793457,-0.9660589098930359,-2.2692806720733643,-2.0696446895599365,4.391170978546143,7.017053604125977,3.7420690059661865,3.213210344314575,-0.9443973302841187,-0.1911746859550476,0.09448257088661194,0.77327561378479,-0.6121739745140076,0.33021873235702515,-0.3874191641807556,0.24244536459445953,0.42327335476875305,0.1295691430568695,-0.05954228341579437,1.337677240371704
52,-4.882880687713623,-0.8314390182495117,0.6390572786331177,3.7046456336975098,-3.2160701751708984,1.4409728050231934,-1.6771734952926636,1.1784090995788574,1.2895509004592896,0.37960031628608704,-0.450364887714386,5.3728413581848145,-0.10284790396690369,2.097625970840454,-0.4619855284690857,-0.18658217787742615,-2.1570708751678467,-0.7768370509147644,-2.855828285217285,-2.1881232261657715,4.163905620574951,7.521824836730957,3.9307873249053955,3.3000593185424805,-1.0026510953903198,-0.14244897663593292,0.18186703324317932,0.7279122471809387,-0.77988201379776,0.23355352878570557,-0.27600008249282837,0.21463073790073395,0.1647529900074005,0.08722922950983047,-0.11952587962150574,1.2605149745941162
53,-5.025167942047119,-0.9140676856040955,1.0255742073059082,3.650087356567383,-3.6243648529052734,1.228094458580017,-0.5736478567123413,1.3701236248016357,0.050819266587495804,0.3395635485649109,-0.6871198415756226,4.929516315460205,-0.040360432118177414,1.8596771955490112,-0.20283420383930206,-0.11842784285545349,-2.0627405643463135,-0.6735994815826416,-3.0021157264709473,-1.9553914070129395,3.9411892890930176,8.025016784667969,3.469662666320801,2.963820457458496,-1.0430349111557007,-0.18179692327976227,0.2538544237613678,0.7240339517593384,-0.8470015525817871,0.21305623650550842,0.030597656965255737,0.279072105884552,-0.1988396942615509,0.10323097556829453,-0.14095862209796906,1.1351580619812012
54,-5.06758451461792,-0.6377973556518555,1.2612431049346924,3.232198476791382,-4.12042760848999,0.6892642378807068,0.3221646249294281,1.3959527015686035,-2.3338053226470947,0.34270331263542175,-0.591382622718811,4.525710582733154,-0.5817238092422485,1.6269142627716064,0.04293341189622879,-0.12008679658174515,-1.7275673151016235,-0.7568956613540649,-2.8742096424102783,-2.010417938232422,1.8895578384399414,8.609711647033691,2.8330237865448,2.9718515872955322,-1.0355823040008545,-0.08630236238241196,0.2832666039466858,0.5926177501678467,-0.9674052596092224,0.06510365754365921,0.18224412202835083,0.2669166326522827,-0.6631608605384827,0.11795365065336227,-0.0914718508720398,0.9980732798576355
55,-4.112640857696533,-0.25928935408592224,1.7938587665557861,1.9978365898132324,-5.0351457595825195,-0.04723910614848137,0.8625032901763916,1.6136832237243652,-5.4139909744262695,0.6291478276252747,-0.6335293054580688,3.7283706665039062,-1.780210018157959,1.383056640625,0.41841816902160645,-0.012666861526668072,-0.6046883463859558,-1.1767770051956177,-2.607036828994751,-1.8540518283843994,-5.4386677742004395,9.68973445892334,2.004359245300293,2.718217134475708,-0.7270559668540955,-0.0019064340740442276,0.43298763036727905,0.23422202467918396,-1.217273473739624,-0.10606081038713455,0.22354978322982788,0.3299850523471832,-1.4320050477981567,0.2915039360523224,-0.1178506463766098,0.7573096752166748
56,-1.5589938163757324,0.7670149803161621,1.9854785203933716,-0.8593390583992004,-7.974115371704102,-0.6762377619743347,1.3984591960906982,1.9811475276947021,-7.601481914520264,1.7242157459259033,-0.4672912061214447,2.218515396118164,-2.462832450866699,1.1871024370193481,0.8725498914718628,0.09752223640680313,0.16032281517982483,-2.086972951889038,-2.242495536804199,-1.8921809196472168,-14.464720726013184,12.196906089782715,1.2119777202606201,2.7392737865448,0.006827421486377716,0.30119597911834717,0.4328526556491852,-0.5544442534446716,-2.1361780166625977,-0.22830215096473694,0.3245350420475006,0.42150503396987915,-3.2514445781707764,0.9782208204269409,-0.06760314106941223,0.2721344232559204
57,3.668280601501465,1.9143991470336914,-0.2741144597530365,-5.812602996826172,-9.405780792236328,1.1398975849151611,1.1010748147964478,1.2235255241394043,-4.161186695098877,2.4753646850585938,-0.0073658074252307415,0.4397071301937103,-1.6415901184082031,1.1493386030197144,0.6206439733505249,-1.3180536031723022,-1.996877908706665,-2.4859020709991455,-1.797760248184204,-1.98749577999115,-15.893932342529297,14.948408126831055,0.7117115259170532,3.565279483795166,1.3904006481170654,0.5597710609436035,-0.3579501509666443,-1.916208267211914,-2.17703914642334,0.45053768157958984,0.1700524389743805,0.13493087887763977,-4.692112922668457,1.7334370613098145,0.054335106164216995,-0.17248229682445526
58,3.397045373916626,1.5570796728134155,-0.38847723603248596,-4.117832660675049,-4.772564888000488,1.0222476720809937,0.08700092881917953,-2.4291653633117676,-3.1032094955444336,1.6478976011276245,0.6081393957138062,-1.204218864440918,-0.853813111782074,1.2310668230056763,0.618242084980011,-2.1688363552093506,-3.2554092407226562,-2.905710220336914,-2.0171828269958496,-2.7806081771850586,-17.497629165649414,16.82900047302246,1.478365421295166,3.401324510574341,0.6253389716148376,0.2742091119289398,-0.09136885404586792,-0.6674079895019531,-0.4578772187232971,0.17270028591156006,-0.10928460210561752,-1.0369597673416138,-3.5241897106170654,1.3468824625015259,0.2112341970205307,-0.40978527069091797
59,-1.4288887977600098,1.4830094575881958,0.7026637196540833,-0.6298951506614685,-4.29287576675415,2.687886953353882,1.5125676393508911,-0.5695384740829468,-1.5887421369552612,1.019529104232788,0.6983048915863037,-0.6525589823722839,-1.1024926900863647,1.5506210327148438,0.7502896785736084,-2.2913832664489746,-4.799051284790039,-2.582862138748169,-1.763677716255188,-2.710111141204834,-16.85512351989746,17.556598663330078,2.0329363346099854,2.758800506591797,-0.9317324161529541,0.29997047781944275,0.29025185108184814,0.34855639934539795,-0.9350765943527222,0.696231484413147,0.46306881308555603,0.13765732944011688,-2.3137545585632324,1.2737691402435303,0.16728176176548004,-0.04965750873088837
60,-4.402221202850342,0.1309370994567871,0.9569154381752014,2.4528393745422363,-2.915055513381958,1.3082736730575562,3.224940061569214,-1.1467764377593994,-1.2056163549423218,0.5614233613014221,0.7419806718826294,-0.4358639121055603,-2.1533401012420654,1.06075119972229,0.7205777168273926,-1.864503264427185,-5.857300281524658,-1.949960708618164,-0.9541353583335876,-2.711702585220337,-16.435983657836914,11.244887351989746,2.0448663234710693,2.1650116443634033,-1.3641780614852905,-0.16021239757537842,0.2316601723432541,0.8597448468208313,-0.5162638425827026,0.07480015605688095,0.8351501822471619,-0.3369903564453125,-0.8657433390617371,0.6568050384521484,0.17477229237556458,-0.053333379328250885
61,-5.290192604064941,2.4417784214019775,0.036296989768743515,2.126002073287964,-1.5559494495391846,2.0591776371002197,4.006727695465088,0.8892364501953125,-0.3540981709957123,2.787888765335083,1.349724292755127,0.24013377726078033,-3.56425142288208,0.0390995554625988,0.46187666058540344,-1.5566015243530273,-6.66884708404541,-0.5662484169006348,0.08763621002435684,-2.1995747089385986,-15.223917007446289,0.46090996265411377,2.440161943435669,1.812072515487671,-1.323931336402893,0.8338921666145325,-0.11847972869873047,0.36414748430252075,-0.18165439367294312,0.4857020378112793,0.8991603851318359,0.44123971462249756,0.35231682658195496,1.57173752784729,0.39177173376083374,0.14085757732391357
62,-3.6925466060638428,4.660170555114746,-1.558323860168457,0.5587591528892517,1.6799677610397339,1.8575055599212646,2.0863659381866455,2.1922879219055176,5.686394691467285,7.9566731452941895,2.1516165733337402,0.7716803550720215,-4.0270891189575195,0.08585067093372345,0.2903797924518585,-1.3285493850708008,-8.115293502807617,-0.5979001522064209,0.4855487048625946,-1.450258731842041,-6.646116256713867,0.7341063618659973,4.4815826416015625,2.0986452102661133,-0.640400767326355,1.2463641166687012,-0.5186442136764526,-0.08984840661287308,0.7216246724128723,0.3505314588546753,0.1797574758529663,0.5750850439071655,1.3766769170761108,1.9783132076263428,0.6196609139442444,0.2470942586660385
63,-0.19148311018943787,0.21454016864299774,-4.570771217346191,3.0381500720977783,11.758294105529785,0.6898798942565918,-2.030195713043213,1.6175695657730103,13.407452583312988,6.244621753692627,0.9808613657951355,1.4605534076690674,-3.083872079849243,0.29202136397361755,-0.4967242479324341,-0.6843875646591187,-7.947813510894775,-0.4276310205459595,0.11822350323200226,-1.0949429273605347,8.370658874511719,1.0429003238677979,6.00429105758667,3.2923247814178467,0.48651403188705444,-0.552983820438385,-1.339524269104004,0.9102827906608582,3.3908979892730713,-0.017613299190998077,-0.958034873008728,0.24221999943256378,3.427433490753174,1.0940852165222168,0.09437397867441177,0.4318126440048218
64,4.03793478012085,-4.5804266929626465,-5.057622909545898,3.7719240188598633,15.035421371459961,1.2717851400375366,-3.055593729019165,3.268678665161133,6.036657333374023,2.482776165008545,-0.7914568781852722,3.641918897628784,-2.0220847129821777,0.06383425742387772,0.10998862981796265,0.8322117328643799,-4.702367782592773,-0.21811294555664062,0.3211486041545868,-0.8037049770355225,13.10644245147705,1.3146326541900635,-0.8073344230651855,-0.8984999656677246,1.2811851501464844,-1.5998845100402832,-1.1319383382797241,0.8505582809448242,3.1196751594543457,0.3283306360244751,-0.7545677423477173,0.8548575639724731,2.270543336868286,0.00872618705034256,-0.3722243905067444,1.2643537521362305
65,1.8406920433044434,-0.6701900959014893,-7.010307312011719,3.109779119491577,7.7562408447265625,-1.3098978996276855,-2.325514316558838,3.5531787872314453,3.765977621078491,0.8990471959114075,0.8440918922424316,6.0806121826171875,-1.4797426462173462,0.5602578520774841,-0.15321585536003113,-0.14566463232040405,-3.4215240478515625,0.047368455678224564,1.3107917308807373,0.3415367305278778,16.493896484375,0.708002507686615,-0.228746235370636,-0.5294679403305054,0.0865929052233696,0.38277554512023926,-1.714847207069397,0.577210009098053,0.6543205380439758,-0.6104248762130737,-0.3618830144405365,0.7390969395637512,2.433741807937622,-0.0284934863448143,0.3523693084716797,1.3990501165390015
66,1.6297056674957275,-2.413055658340454,-5.798276424407959,4.3222808837890625,8.905967712402344,-1.9450297355651855,-5.737478733062744,1.6246232986450195,2.0015013217926025,0.03061523288488388,0.9906803369522095,4.380234718322754,-1.1099439859390259,0.5894655585289001,-0.35805708169937134,-0.05242755264043808,-1.5336718559265137,0.07429813593626022,1.2735852003097534,0.11656699329614639,16.928476333618164,0.49530547857284546,-0.6476809978485107,-0.22441573441028595,0.2881651818752289,-0.7057410478591919,-1.0274003744125366,1.0232611894607544,1.8630229234695435,-0.4729868769645691,-1.583167552947998,0.08632975816726685,2.5117225646972656,-0.11772165447473526,0.2184692770242691,0.6506673097610474
67,-1.9120694398880005,-0.9241766333580017,-5.916005611419678,4.434186935424805,2.1733875274658203,-1.5255753993988037,-3.7926692962646484,2.341257095336914,1.8157472610473633,1.7426941394805908,0.9979512691497803,4.682580947875977,1.0865081548690796,0.8665146827697754,-0.23809495568275452,-0.0033033564686775208,-1.2652850151062012,0.2833098769187927,1.1977556943893433,0.08802034705877304,2.470973253250122,-0.05966669321060181,-0.7101724743843079,-0.311470091342926,-0.8789772987365723,0.013719713315367699,-1.247153401374817,0.9132874608039856,-0.37773093581199646,-0.24857467412948608,-0.48150715231895447,0.567086398601532,2.6071178913116455,0.5945160388946533,0.19175514578819275,0.9889201521873474
68,-5.740954399108887,1.952943205833435,-4.2120208740234375,6.742798805236816,8.766294479370117,-1.1454813480377197,-5.29696798324585,1.9462124109268188,12.647672653198242,3.874667167663574,0.35417282581329346,4.6516242027282715,0.9943579435348511,0.7749491333961487,-0.12905418872833252,0.12524397671222687,0.4093492031097412,0.02382763847708702,1.5795305967330933,0.260371595621109,1.2276582717895508,0.696799635887146,-1.0507923364639282,-0.3499966561794281,-1.6464807987213135,0.7987350821495056,-0.6204840540885925,1.7314529418945312,2.8261194229125977,-0.17543897032737732,-1.2409803867340088,0.3378395438194275,4.020186424255371,1.0674726963043213,-0.014877542853355408,0.9210167527198792
69,-3.578127384185791,-3.7905032634735107,-5.099218845367432,9.517863273620605,5.189228057861328,-1.523520827293396,-4.685328960418701,4.85107421875,12.563154220581055,2.286979913711548,1.3701525926589966,8.787797927856445,0.9999160170555115,1.0801876783370972,-0.03983946889638901,0.21983903646469116,0.4310380816459656,0.07347282767295837,1.8791277408599854,0.5215274095535278,1.4630053043365479,1.0044324398040771,-1.0927670001983643,-0.5214879512786865,-0.4168647527694702,-1.5541735887527466,-1.1642193794250488,2.4983906745910645,0.6357521414756775,-0.35681575536727905,-0.8126761317253113,1.4118678569793701,2.838738203048706,0.27496767044067383,0.38927358388900757,2.4740612506866455
70,-1.6720207929611206,-5.569456100463867,-5.382906436920166,10.953441619873047,6.982169151306152,-1.2431621551513672,-6.175907611846924,2.8470442295074463,12.061325073242188,-0.39696621894836426,3.3873002529144287,8.60692310333252,1.313454031944275,0.3541173040866852,0.08167515695095062,0.4914928376674652,0.36927711963653564,-0.5700814723968506,1.9581172466278076,0.5353431105613708,1.7753891944885254,1.6848469972610474,-1.217908263206482,-0.5444361567497253,-0.07760072499513626,-1.3341727256774902,-1.1354420185089111,2.653838634490967,1.7344344854354858,-0.210543692111969,-1.3826581239700317,0.3137591481208801,2.8598055839538574,-0.4432227611541748,0.908342182636261,1.717235803604126
71,-1.8667445182800293,-4.936378002166748,-7.139608383178711,11.885793685913086,7.9865498542785645,1.0998724699020386,-5.622256755828857,2.8869400024414062,12.16578483581543,0.02643105387687683,5.56603479385376,7.90117073059082,1.2205544710159302,-0.38439181447029114,0.12490613758563995,0.4920749366283417,0.23307392001152039,-0.7839892506599426,2.026743173599243,0.4205394387245178,1.9211375713348389,2.4224209785461426,-1.1780788898468018,-0.32615455985069275,-0.381296843290329,-0.92107093334198,-1.7287144660949707,2.8657162189483643,1.8392385244369507,0.5273629426956177,-0.9993413686752319,0.5966234803199768,3.09580135345459,0.060027189552783966,1.357401967048645,1.4940049648284912
72,-2.072754383087158,-2.7975802421569824,-9.242756843566895,12.1793212890625,8.487825393676758,1.0974290370941162,-6.214632034301758,2.994140148162842,11.549217224121094,0.15729688107967377,7.667314529418945,7.706317901611328,1.5415740013122559,-0.5989733934402466,0.2415270358324051,0.6229296922683716,0.4375484883785248,-0.907439112663269,1.9721417427062988,0.36854925751686096,1.689803123474121,3.014009475708008,-1.122772216796875,-0.23822838068008423,-0.42666909098625183,-0.29444366693496704,-2.282877206802368,2.8088183403015137,1.8654015064239502,0.21274495124816895,-1.266824722290039,0.6239324808120728,2.7552666664123535,0.055785007774829865,1.7971386909484863,1.5565462112426758
73,-3.979602813720703,-1.453400731086731,-10.364269256591797,12.394876480102539,7.947135925292969,1.5973808765411377,-6.689074516296387,3.61311936378479,11.355781555175781,0.7181094884872437,8.850995063781738,7.746838569641113,1.5252058506011963,-0.6267455220222473,0.23867537081241608,0.7022165060043335,0.18502093851566315,-0.9743542075157166,2.137700319290161,0.4805593490600586,2.2218852043151855,4.094433307647705,-1.1547131538391113,-0.2649379372596741,-1.011647343635559,-0.11649123579263687,-2.3857672214508057,2.8821446895599365,1.6074554920196533,0.37506240606307983,-1.3523688316345215,0.8227286338806152,2.69014310836792,0.2580767571926117,1.9300354719161987,1.5999784469604492
74,-5.014035701751709,-1.0571547746658325,-10.72237777709961,12.178277969360352,7.67947244644165,1.5799734592437744,-7.623512268066406,3.1513473987579346,10.774308204650879,0.42400819063186646,9.580839157104492,7.141454696655273,1.5960685014724731,-0.6542382836341858,0.18555130064487457,0.6411105394363403,0.3891051411628723,-0.8664640188217163,2.153897762298584,0.32211658358573914,2.1136536598205566,4.563207626342773,-1.1041982173919678,-0.029864847660064697,-1.1059478521347046,-0.16222140192985535,-2.354013442993164,2.7429404258728027,1.554740309715271,0.30381548404693604,-1.5940653085708618,0.5827388763427734,2.628941774368286,0.06489590555429459,2.0177054405212402,1.3658705949783325
75,-5.70713472366333,-0.9287112355232239,-11.03286361694336,12.244075775146484,7.204961776733398,1.8860617876052856,-7.803242206573486,3.0451202392578125,10.947858810424805,0.3895756006240845,9.918259620666504,6.689313888549805,1.4128764867782593,-0.7004308104515076,0.08782981336116791,0.5212700366973877,0.15830254554748535,-0.6070559024810791,2.009892225265503,0.3829706311225891,2.4307401180267334,4.805418014526367,-0.9555902481079102,-0.1092575192451477,-1.195414423942566,-0.1725747287273407,-2.4329938888549805,2.7968595027923584,1.4468828439712524,0.40806061029434204,-1.5301828384399414,0.6022985577583313,2.73551344871521,0.09706214815378189,2.045849561691284,1.3203402757644653
76,-5.798425197601318,-0.9281067848205566,-11.208681106567383,12.367003440856934,7.2830915451049805,1.4520419836044312,-7.840516090393066,2.396674156188965,10.67825698852539,0.0061181760393083096,10.193243980407715,6.426502227783203,1.3744962215423584,-0.7451928853988647,-0.0666484385728836,0.35123854875564575,0.3346097469329834,-0.33190760016441345,2.123277187347412,0.409251868724823,2.3362576961517334,4.565734386444092,-0.9441052079200745,-0.20580849051475525,-1.1456835269927979,-0.19026391208171844,-2.467548370361328,2.8239049911499023,1.517956018447876,0.23019084334373474,-1.5309001207351685,0.39973992109298706,2.6738150119781494,-0.06455152481794357,2.1234328746795654,1.2700201272964478
77,-6.246953010559082,-0.9804211854934692,-11.152338027954102,12.6409912109375,6.905141353607178,1.3911302089691162,-8.265987396240234,2.5453412532806396,10.792263984680176,-0.20163016021251678,10.398964881896973,6.699337482452393,1.208897352218628,-0.7708593606948853,-0.18428173661231995,0.30164986848831177,0.09377861768007278,0.007307251449674368,2.03778076171875,0.3544062077999115,2.6108527183532715,4.009283065795898,-0.7970985174179077,-0.07525235414505005,-1.2839349508285522,-0.20854422450065613,-2.4315290451049805,2.9069950580596924,1.3905798196792603,0.26916828751564026,-1.6594955921173096,0.5388152599334717,2.718925952911377,-0.05582921952009201,2.152026414871216,1.3980417251586914
78,-6.419439315795898,-0.9023048281669617,-11.020094871520996,12.709297180175781,6.919482231140137,0.8026583194732666,-8.481084823608398,2.1512436866760254,10.524934768676758,-0.5603536367416382,10.501476287841797,6.538684368133545,1.174468755722046,-0.7901495695114136,-0.2806395888328552,0.09752519428730011,0.2552434206008911,0.322088360786438,1.8104751110076904,0.42975983023643494,2.4823129177093506,3.0605385303497314,-0.6227454543113708,-0.30574339628219604,-1.292244791984558,-0.17471247911453247,-2.3931148052215576,2.8905816078186035,1.4247632026672363,0.08416568487882614,-1.6871854066848755,0.3824097514152527,2.6548523902893066,-0.13381880521774292,2.188006639480591,1.3209583759307861
79,-7.0455322265625,-0.8406327962875366,-10.86763858795166,13.079179763793945,6.337761402130127,0.6681528091430664,-8.520135879516602,2.4820408821105957,10.631124496459961,-0.40133553743362427,10.502182960510254,7.026392459869385,1.0530054569244385,-0.7913609147071838,-0.39538905024528503,0.04373101890087128,0.0218428336083889,0.5052301287651062,1.8822410106658936,0.34168198704719543,2.7260727882385254,2.46225643157959,-0.5731519460678101,-0.1897185742855072,-1.4849541187286377,-0.1643626093864441,-2.3580057621002197,3.0185041427612305,1.2326810359954834,0.11810433119535446,-1.688932180404663,0.551599383354187,2.690584659576416,-0.0538061186671257,2.1955583095550537,1.4860341548919678
80,-7.3693156242370605,-0.8005262613296509,-10.497844696044922,13.097620010375977,6.128592014312744,0.043992381542921066,-9.019895553588867,2.2308778762817383,10.278299331665039,-0.7588143944740295,10.549910545349121,6.966522693634033,1.058975100517273,-0.773567795753479,-0.45394614338874817,0.062324315309524536,0.1582336723804474,0.6378909349441528,1.7108898162841797,0.180713951587677,2.5760929584503174,1.5116674900054932,-0.38016214966773987,0.047712862491607666,-1.5201635360717773,-0.15900170803070068,-2.2383718490600586,2.9607393741607666,1.2186827659606934,-0.07514256983995438,-1.8477786779403687,0.4175267815589905,2.577820301055908,-0.17895323038101196,2.2106237411499023,1.419255018234253
81,-8.012282371520996,-0.6536170244216919,-10.226105690002441,13.123276710510254,5.610081195831299,0.02538837492465973,-8.96318244934082,2.445019006729126,10.380550384521484,-0.5326198935508728,10.369165420532227,7.029863357543945,0.9399825930595398,-0.7818719744682312,-0.5269070863723755,-0.10854068398475647,-0.06856182962656021,0.6809633374214172,1.4211018085479736,0.25899237394332886,2.8029487133026123,0.9482718706130981,-0.15585598349571228,-0.1527988612651825,-1.7012277841567993,-0.1140228733420372,-2.188020944595337,2.978121519088745,1.0808284282684326,0.0026802346110343933,-1.775000810623169,0.5211891531944275,2.6271262168884277,-0.07499157637357712,2.165853977203369,1.4753191471099854
82,-8.330887794494629,-0.6074995398521423,-9.956533432006836,13.299602508544922,5.35406494140625,-0.4421495199203491,-9.012983322143555,2.266533374786377,10.010109901428223,-0.7655407190322876,10.22246265411377,7.218921184539795,0.9312377572059631,-0.745884358882904,-0.5893299579620361,-0.14120371639728546,0.016877353191375732,0.660654604434967,1.4528672695159912,0.1534697413444519,2.7273447513580322,0.19837847352027893,-0.0910411924123764,-0.04160471260547638,-1.7356969118118286,-0.11847757548093796,-2.128023386001587,3.0210084915161133,1.0455824136734009,-0.14762955904006958,-1.82450532913208,0.4353373944759369,2.5030105113983154,-0.17771029472351074,2.1656572818756104,1.4972506761550903
83,-8.990333557128906,-0.506515622138977,-9.487467765808105,13.30789566040039,4.882889747619629,-0.5398949980735779,-9.288358688354492,2.5036141872406006,9.949398040771484,-0.7189741134643555,10.029260635375977,7.341841220855713,0.8820012807846069,-0.6946250200271606,-0.6120139956474304,-0.0642387792468071,-0.1742851585149765,0.5869203209877014,1.0828769207000732,-0.08814839273691177,2.8568952083587646,-0.4250742793083191,0.1955171823501587,0.3432563841342926,-1.9315671920776367,-0.08997958153486252,-1.9845508337020874,2.998194456100464,0.9281707406044006,-0.11847586184740067,-1.9037061929702759,0.5363031625747681,2.4980576038360596,-0.13988667726516724,2.1059718132019043,1.5397905111312866
84,-9.239068031311035,-0.4176177382469177,-9.161547660827637,13.11279296875,4.813871383666992,-0.8140384554862976,-9.036980628967285,2.312689781188965,9.70593547821045,-0.7795200347900391,9.694064140319824,7.059780120849609,0.831661581993103,-0.6674004793167114,-0.6802216172218323,-0.22478537261486053,-0.11348313838243484,0.4707977771759033,1.1160640716552734,0.025176577270030975,2.8126003742218018,-1.0457324981689453,0.26148420572280884,0.08018353581428528,-1.9310716390609741,-0.0732487365603447,-1.928356409072876,2.9215028285980225,0.9569779634475708,-0.19582965970039368,-1.8108865022659302,0.4343518912792206,2.4334967136383057,-0.17061230540275574,2.0533227920532227,1.4627913236618042
85,-9.693482398986816,-0.3722834587097168,-8.763697624206543,13.255134582519531,4.409014701843262,-0.814182698726654,-9.2867431640625,2.5699970722198486,9.548409461975098,-0.8050523400306702,9.424973487854004,7.484536647796631,0.7964269518852234,-0.5878399610519409,-0.7002177238464355,-0.21840767562389374,-0.29796773195266724,0.35309794545173645,0.7492262125015259,-0.1575811803340912,2.9325568675994873,-1.6987576484680176,0.5361248254776001,0.3158922791481018,-2.0720412731170654,-0.06991582363843918,-1.8289294242858887,2.987415075302124,0.8346618413925171,-0.16081485152244568,-1.9222861528396606,0.552454948425293,2.3763513565063477,-0.1770002543926239,1.9886170625686646,1.606995701789856
86,-10.006569862365723,-0.3486819267272949,-8.336231231689453,13.123865127563477,4.433424472808838,-1.0679446458816528,-9.0498685836792,2.4596426486968994,9.25252914428711,-0.8329635262489319,9.00925064086914,7.331132888793945,0.7719130516052246,-0.5127463340759277,-0.71392822265625,-0.14294221997261047,-0.24815699458122253,0.1577732264995575,0.759373664855957,-0.372081458568573,2.8753011226654053,-2.2705554962158203,0.6127136945724487,0.6455067992210388,-2.1258418560028076,-0.06778373569250107,-1.7226191759109497,2.911926031112671,0.8880819082260132,-0.2451903223991394,-1.8376463651657104,0.4742608070373535,2.2986037731170654,-0.1901918351650238,1.9110422134399414,1.5329930782318115
87,-10.312310218811035,-0.3583697974681854,-7.804222106933594,12.828815460205078,4.201014518737793,-1.0375032424926758,-9.128097534179688,2.6656746864318848,9.107694625854492,-0.822875440120697,8.567498207092285,7.283679008483887,0.7131790518760681,-0.47578921914100647,-0.7611566185951233,-0.2797805070877075,-0.43258923292160034,-0.018779534846544266,0.41700026392936707,-0.24697019159793854,3.0014028549194336,-2.8430161476135254,0.8635516166687012,0.3930925726890564,-2.1992733478546143,-0.07411595433950424,-1.5840057134628296,2.812535285949707,0.8115282654762268,-0.20341646671295166,-1.885521411895752,0.5540158152580261,2.257798433303833,-0.18805012106895447,1.7938764095306396,1.5715203285217285
88,-10.520431518554688,-0.3405015170574188,-7.4306464195251465,12.82837200164795,4.280730724334717,-1.1319706439971924,-8.875008583068848,2.5781030654907227,8.772950172424316,-0.8250494003295898,8.084612846374512,7.529595375061035,0.6793930530548096,-0.398098349571228,-0.7615900635719299,-0.2779402434825897,-0.37401920557022095,-0.24757181107997894,0.43427395820617676,-0.37175071239471436,2.9311208724975586,-3.3514859676361084,0.9241455793380737,0.5507982969284058,-2.240668773651123,-0.06671718508005142,-1.5268343687057495,2.834339141845703,0.8606303930282593,-0.2401553988456726,-1.8160738945007324,0.5032045245170593,2.161653995513916,-0.19680559635162354,1.7093069553375244,1.617552399635315
89,-10.823695182800293,-0.4307999014854431,-6.821828842163086,12.530985832214355,4.074939250946045,-1.1142350435256958,-8.957196235656738,2.7797842025756836,8.538890838623047,-0.7631561160087585,7.558135986328125,7.598313331604004,0.6658844947814941,-0.35201483964920044,-0.7733800411224365,-0.19120430946350098,-0.558694064617157,-0.5155520439147949,0.09444862604141235,-0.6192280054092407,3.0302040576934814,-3.7401485443115234,1.164053201675415,0.9274248480796814,-2.332296133041382,-0.09941009432077408,-1.352664828300476,2.70890736579895,0.7862167358398438,-0.22363683581352234,-1.868723750114441,0.577225387096405,2.0843474864959717,-0.17730361223220825,1.570528268814087,1.6441820859909058
90,-10.949356079101562,-0.4042423367500305,-6.300138473510742,12.02038288116455,4.2529988288879395,-1.0375725030899048,-8.558304786682129,2.6612961292266846,8.25220012664795,-0.6650360822677612,6.876346111297607,7.36945915222168,0.5835098624229431,-0.33896365761756897,-0.7847064733505249,-0.2953948676586151,-0.4833758771419525,-0.7870863676071167,0.12819436192512512,-0.37683725357055664,2.9531662464141846,-4.001550197601318,1.2042840719223022,0.5546987056732178,-2.3341758251190186,-0.0781392827630043,-1.2509653568267822,2.549835681915283,0.8648046255111694,-0.20221252739429474,-1.7421754598617554,0.5050355792045593,2.0229849815368652,-0.15035033226013184,1.4183954000473022,1.5920193195343018
91,-11.086686134338379,-0.4845924377441406,-5.758823394775391,11.768141746520996,4.014952659606934,-0.9954827427864075,-8.648449897766113,2.796407461166382,7.9441304206848145,-0.6346229910850525,6.263012886047363,7.800501823425293,0.5769435167312622,-0.3196994662284851,-0.8082519173622131,-0.2941030263900757,-0.6610138416290283,-1.0866458415985107,-0.16575761139392853,-0.49837177991867065,3.03254771232605,-4.208226203918457,1.3979737758636475,0.7160052061080933,-2.3819093704223633,-0.10885324329137802,-1.1301077604293823,2.505016803741455,0.7671737670898438,-0.20010453462600708,-1.8187017440795898,0.5757867693901062,1.9071627855300903,-0.15529727935791016,1.278249979019165,1.7163032293319702
92,-11.270119667053223,-0.5431258678436279,-5.1317644119262695,11.292645454406738,4.196045398712158,-0.7920234799385071,-8.290396690368652,2.6512715816497803,7.653552055358887,-0.45873913168907166,5.5102667808532715,7.6925883293151855,0.5030130743980408,-0.3273988366127014,-0.7813498377799988,-0.2434844970703125,-0.5651030540466309,-1.3980519771575928,-0.1495346575975418,-0.7439464926719666,2.9190289974212646,-4.197994232177734,1.433995008468628,1.0625874996185303,-2.4320297241210938,-0.11766182631254196,-0.9835001230239868,2.3525490760803223,0.8509373068809509,-0.1376400887966156,-1.7011178731918335,0.5030307769775391,1.85382080078125,-0.08780349045991898,1.1058640480041504,1.6545510292053223
93,-11.226683616638184,-0.6001335978507996,-4.4984917640686035,10.626482009887695,4.0209150314331055,-0.6466096043586731,-8.19570255279541,2.7070159912109375,7.448409557342529,-0.3673246502876282,4.709748268127441,7.596802711486816,0.4808567464351654,-0.37226539850234985,-0.8343026638031006,-0.23648801445960999,-0.7360212802886963,-1.6977792978286743,-0.3785095512866974,-0.6668779850006104,2.9933760166168213,-4.104162693023682,1.5772242546081543,0.9219641089439392,-2.3938615322113037,-0.129082590341568,-0.8453428149223328,2.1635029315948486,0.7751065492630005,-0.11650070548057556,-1.7050997018814087,0.535129725933075,1.7843083143234253,-0.07744043320417404,0.9122953414916992,1.6780515909194946
94,-11.292291641235352,-0.5754574537277222,-3.910073757171631,10.08091926574707,4.18784761428833,-0.4210149049758911,-7.868316173553467,2.4826693534851074,7.288397312164307,-0.22648197412490845,3.8727028369903564,7.668865203857422,0.380991131067276,-0.4189496338367462,-0.8419831991195679,-0.3720427453517914,-0.5880899429321289,-1.9693653583526611,-0.36255061626434326,-0.7036630511283875,2.8211095333099365,-3.8794844150543213,1.568906307220459,0.9285666942596436,-2.427743434906006,-0.1133454218506813,-0.7305574417114258,2.0493156909942627,0.8453875184059143,-0.05831611901521683,-1.6191048622131348,0.4588412642478943,1.7727223634719849,-0.03297048062086105,0.7305400967597961,1.6776347160339355
95,-11.224642753601074,-0.6926242113113403,-3.2285027503967285,9.652557373046875,3.952054262161255,-0.23801171779632568,-7.8342132568359375,2.52018141746521,7.222215175628662,-0.13619160652160645,3.054945468902588,7.7831010818481445,0.36413437128067017,-0.4672447741031647,-0.8958725333213806,-0.3645671010017395,-0.7641143798828125,-2.2321791648864746,-0.48036229610443115,-0.7739534378051758,2.9275686740875244,-3.566377639770508,1.6270744800567627,1.0487072467803955,-2.4022316932678223,-0.1565028578042984,-0.5737650990486145,1.949145793914795,0.7534428834915161,-0.02540082484483719,-1.6447829008102417,0.49888813495635986,1.7335728406906128,-0.018314965069293976,0.5467216372489929,1.721544861793518
96,-11.214487075805664,-0.7127644419670105,-2.7099831104278564,9.175077438354492,4.17925500869751,0.2780090272426605,-7.551449298858643,2.2352287769317627,7.141115188598633,0.07117117941379547,2.2372493743896484,7.639606475830078,0.2698479890823364,-0.5193648934364319,-0.9901157021522522,-0.4670218229293823,-0.6015757918357849,-2.3858535289764404,-0.24666297435760498,-0.47957944869995117,2.7494025230407715,-3.142561912536621,1.4517195224761963,0.6256415247917175,-2.4057679176330566,-0.14772959053516388,-0.4899505376815796,1.8388866186141968,0.8509302735328674,0.12025468796491623,-1.555038571357727,0.39900609850883484,1.7420543432235718,0.04265535622835159,0.3704390525817871,1.6651911735534668
97,-11.14163589477539,-0.6990216970443726,-2.265756607055664,8.891757011413574,3.774538993835449,0.6212052702903748,-7.702704429626465,2.1928093433380127,7.123845100402832,0.12244167178869247,1.4989873170852661,7.956487655639648,0.2751351296901703,-0.5087301731109619,-0.8968961238861084,-0.3660735487937927,-0.7538173198699951,-2.4480769634246826,-0.5152633190155029,-0.4514143466949463,2.838749408721924,-2.77777099609375,1.6422280073165894,0.609018862247467,-2.3902597427368164,-0.14060644805431366,-0.4095587134361267,1.791996717453003,0.695112407207489,0.15741080045700073,-1.627689242362976,0.43011030554771423,1.7082432508468628,0.027231059968471527,0.2141539454460144,1.7378153800964355
98,-11.156888008117676,-0.6313936710357666,-2.024564266204834,8.607636451721191,3.9772019386291504,1.3252930641174316,-7.281463146209717,1.8397459983825684,7.021628379821777,0.4276171624660492,0.78177809715271,7.833550453186035,0.20596855878829956,-0.4867812395095825,-1.0453861951828003,-0.4280413091182709,-0.5939728617668152,-2.3639838695526123,-0.32561683654785156,-0.6802440285682678,2.6813395023345947,-2.245964527130127,1.435006856918335,0.9227177500724792,-2.4023706912994385,-0.11926912516355515,-0.3840573728084564,1.7430267333984375,0.8077942132949829,0.3323459029197693,-1.4810655117034912,0.31687766313552856,1.695414662361145,0.11111484467983246,0.06837175786495209,1.6641207933425903
99,-10.916749000549316,-0.6070348620414734,-1.581284761428833,8.260032653808594,3.5497069358825684,1.7467230558395386,-7.364388942718506,1.8616853952407837,6.888606548309326,0.43194782733917236,0.11135722696781158,7.8010454177856445,0.205580934882164,-0.42265480756759644,-0.9355957508087158,-0.46021267771720886,-0.7229338884353638,-2.1171374320983887,-0.4028834104537964,-0.2877115309238434,2.771252155303955,-1.8967076539993286,1.4820716381072998,0.3680717647075653,-2.3096272945404053,-0.12006405740976334,-0.2681178152561188,1.6448644399642944,0.6470578908920288,0.37723594903945923,-1.5474661588668823,0.36590975522994995,1.6212024688720703,0.07941538840532303,-0.07355491816997528,1.7215771675109863
100,-10.990763664245605,-0.5749875903129578,-1.432816743850708,8.225326538085938,3.5352203845977783,2.1475892066955566,-7.151716709136963,1.4201228618621826,6.6823296546936035,0.5547478199005127,-0.5058988332748413,8.011664390563965,0.18795518577098846,-0.3043120801448822,-0.9781597256660461,-0.38998132944107056,-0.5528940558433533,-1.7829184532165527,-0.1584363579750061,-0.2795872688293457,2.5860073566436768,-1.5241962671279907,1.2857904434204102,0.3698831796646118,-2.3769140243530273,-0.11214495450258255,-0.27481603622436523,1.6830201148986816,0.6915810704231262,0.4542926549911499,-1.4696900844573975,0.22632817924022675,1.5812444686889648,0.11717704683542252,-0.17310579121112823,1.700720191001892
101,-10.98680305480957,-0.695823609828949,-1.0370720624923706,8.000073432922363,3.1832730770111084,2.5039279460906982,-7.210804462432861,1.2932581901550293,6.457481384277344,0.6311317086219788,-1.047399640083313,8.030879974365234,0.21351328492164612,-0.22694145143032074,-0.887509822845459,-0.40614840388298035,-0.6708948612213135,-1.3471343517303467,-0.29718372225761414,-0.5544512271881104,2.655076265335083,-1.1890612840652466,1.3213660717010498,0.7453362941741943,-2.3654041290283203,-0.15661117434501648,-0.16019302606582642,1.6128512620925903,0.5846414566040039,0.5225833654403687,-1.4986259937286377,0.23976953327655792,1.4846364259719849,0.12797990441322327,-0.2655802369117737,1.7108007669448853
102,-10.880021095275879,-0.626000165939331,-0.8301386833190918,7.899143695831299,3.3772714138031006,2.770047664642334,-6.764052391052246,1.0177476406097412,6.215806484222412,0.823917806148529,-1.4409617185592651,7.768574237823486,0.1998501420021057,-0.12506622076034546,-0.9369581937789917,-0.43522536754608154,-0.5007805824279785,-0.8797140121459961,0.17289914190769196,-0.13909921050071716,2.46701979637146,-0.6802943348884583,0.8829601407051086,0.14970025420188904,-2.316240072250366,-0.11655176430940628,-0.142242431640625,1.6045169830322266,0.689332127571106,0.571405827999115,-1.3462905883789062,0.16233016550540924,1.4431873559951782,0.18115660548210144,-0.31989872455596924,1.6648138761520386
103,-10.943215370178223,-0.6615832448005676,-0.5568763017654419,7.864537239074707,2.9094369411468506,2.5422847270965576,-6.979567050933838,0.8348289728164673,6.071016311645508,0.6582139134407043,-1.7630646228790283,8.127453804016113,0.2909572720527649,0.009536346420645714,-0.780765175819397,-0.28963884711265564,-0.589512050151825,-0.44607433676719666,-0.3001546859741211,-0.13968993723392487,2.475336790084839,-0.33160915970802307,1.5644032955169678,0.15734118223190308,-2.364358901977539,-0.13738620281219482,-0.07754838466644287,1.604507327079773,0.5155138969421387,0.47142094373703003,-1.4463601112365723,0.14379584789276123,1.3914307355880737,0.10851950198411942,-0.3835115432739258,1.727565050125122
104,-11.090143203735352,-0.6788524985313416,-0.4880055785179138,7.811336994171143,3.263672113418579,2.5382425785064697,-6.34488582611084,0.6335794925689697,5.96069860458374,0.9301303625106812,-1.9951356649398804,7.965050220489502,0.3022123873233795,0.08213786780834198,-0.8005840182304382,-0.27686426043510437,-0.43616920709609985,-0.10431918501853943,0.3356943726539612,-0.4743496775627136,2.3032779693603516,0.42954471707344055,0.652373194694519,0.6288836598396301,-2.400991439819336,-0.13767269253730774,-0.09037578105926514,1.6049035787582397,0.6903388500213623,0.5063292384147644,-1.2388882637023926,0.09943391382694244,1.3820159435272217,0.2202804982662201,-0.392697274684906,1.6486390829086304
105,-10.961396217346191,-0.5101239085197449,-0.1945226937532425,7.659943580627441,3.00323486328125,2.3860466480255127,-6.6154398918151855,0.8140219449996948,5.81101655960083,0.7811871767044067,-2.0783333778381348,7.825006484985352,0.3941690921783447,0.20543566346168518,-0.48096638917922974,-0.2524757385253906,-0.5245217084884644,0.2519035339355469,-1.2211617231369019,-0.05534485727548599,2.3188726902008057,0.9978147745132446,0.5599295496940613,0.018440838903188705,-2.3258957862854004,-0.07910103350877762,0.00018751248717308044,1.5525691509246826,0.5626543164253235,0.46058040857315063,-1.3633100986480713,0.1831364929676056,1.314803957939148,0.1441342532634735,-0.4253433346748352,1.691779613494873
106,-11.508152961730957,-0.11256182193756104,-0.3157016336917877,8.020225524902344,2.791226863861084,1.6160560846328735,-4.630164623260498,0.2180195450782776,5.983221530914307,1.009103775024414,-1.584244728088379,7.811676502227783,0.4601384103298187,0.41205957531929016,-0.313673198223114,-0.12198066711425781,-0.3477884829044342,0.26065757870674133,-2.2078957557678223,-0.0531684085726738,2.159348249435425,2.228383779525757,0.30089443922042847,0.05898977816104889,-2.5677261352539062,0.030565595254302025,-0.08030545711517334,1.7109264135360718,0.5218960642814636,0.22636565566062927,-0.7424356341362,-0.03431316092610359,1.4215087890625,0.2477589249610901,-0.2455846518278122,1.5868736505508423
107,-11.761260986328125,0.11398393660783768,0.0643249973654747,7.977584362030029,2.763777732849121,1.3197534084320068,-3.7712912559509277,0.3378794491291046,6.014191627502441,0.9687796831130981,-1.1770296096801758,7.470143795013428,0.5973313450813293,0.6551701426506042,-0.2698308229446411,-0.01076212152838707,-0.47793078422546387,0.19950376451015472,-0.9723660349845886,-0.3941560983657837,2.335317373275757,3.5012996196746826,0.5995078682899475,0.5842094421386719,-2.5774805545806885,0.05343080312013626,0.06400156021118164,1.652929663658142,0.5474086999893188,0.22664353251457214,-0.7186961770057678,0.08342072367668152,1.383031964302063,0.22183766961097717,-0.18113817274570465,1.504211187362671
108,-11.47574234008789,-0.5862501859664917,0.39319440722465515,7.619964599609375,3.3376710414886475,1.6887623071670532,-5.430190563201904,0.6711634993553162,6.01486873626709,0.3842568099498749,-1.7270625829696655,7.1086015701293945,0.5856819152832031,0.7396534085273743,-0.43027767539024353,-0.048055924475193024,-0.29911988973617554,0.45843201875686646,0.3984098732471466,-0.019697394222021103,2.1499531269073486,3.7912399768829346,0.5486553311347961,0.04083188623189926,-2.3938097953796387,-0.20679599046707153,0.12143909931182861,1.5317139625549316,0.7368516325950623,0.39006558060646057,-1.3649691343307495,0.1759404093027115,1.4113454818725586,0.009848900139331818,-0.4053729772567749,1.489567756652832
109,-11.663935661315918,-1.2086960077285767,0.2953062057495117,7.977443218231201,3.0856688022613525,1.5264489650726318,-6.486299991607666,0.42887696623802185,6.339517593383789,0.13887986540794373,-2.0601212978363037,7.45145320892334,0.6334035992622375,0.6859794855117798,-0.3909205496311188,0.015043666586279869,-0.38922742009162903,0.6900960206985474,0.3006596565246582,0.04720966890454292,2.168708086013794,3.8457491397857666,0.43478822708129883,-0.05753094702959061,-2.533249855041504,-0.31721484661102295,0.04508936032652855,1.7110668420791626,0.5833454728126526,0.29038378596305847,-1.428040862083435,0.05453617498278618,1.5089000463485718,-0.004986308515071869,-0.4461734890937805,1.5683859586715698
110,-11.915353775024414,-1.450360894203186,0.24097730219364166,8.43199634552002,3.424689769744873,1.3658641576766968,-5.778620719909668,0.37433815002441406,6.4556474685668945,0.2860584557056427,-1.6992131471633911,7.462906837463379,0.6104164123535156,0.5520833134651184,-0.4530531167984009,-0.007398827001452446,-0.2195369005203247,0.7871595621109009,0.6100391745567322,0.05463727191090584,1.9832055568695068,4.249142646789551,0.5526854991912842,-0.08143559098243713,-2.601003646850586,-0.3158615827560425,0.0404776893556118,1.838470697402954,0.7253193855285645,0.25956058502197266,-1.071816086769104,0.06783390045166016,1.5164151191711426,0.0951380506157875,-0.287378191947937,1.5375739336013794
111,-11.838521003723145,-1.4571524858474731,0.3915025591850281,8.560922622680664,3.601282835006714,0.9387955665588379,-6.257532596588135,0.6966817378997803,6.620770454406738,-0.017413483932614326,-1.6465826034545898,7.487435817718506,0.6734857559204102,0.4463803172111511,-0.45319247245788574,0.061578597873449326,-0.354646772146225,0.8447065353393555,0.7087348699569702,-0.2525968551635742,2.064720630645752,4.356590270996094,0.027044877409934998,0.34363892674446106,-2.531033992767334,-0.2882574200630188,0.09686106443405151,1.8129853010177612,0.7471707463264465,0.1349838376045227,-1.314804196357727,0.18275143206119537,1.5363597869873047,-0.05197440832853317,-0.31285494565963745,1.5470705032348633
112,-11.819872856140137,-1.6549805402755737,0.27902287244796753,8.746434211730957,3.9928348064422607,0.8418740034103394,-6.109650135040283,0.9212607145309448,6.865904331207275,0.0044779181480407715,-1.2301875352859497,7.37208366394043,0.6415278315544128,0.27498283982276917,-0.4707225263118744,-0.013820309191942215,-0.15119656920433044,0.8544754385948181,0.8662368059158325,0.020424380898475647,1.8488876819610596,4.577291011810303,-0.17133407294750214,-0.09913849830627441,-2.5242698192596436,-0.35347598791122437,0.040202733129262924,1.8735976219177246,0.8478296995162964,0.1602552831172943,-1.197172999382019,0.21161432564258575,1.6343523263931274,0.003822602331638336,-0.19596357643604279,1.5608350038528442
113,-11.841766357421875,-1.5407804250717163,0.11615258455276489,9.175335884094238,3.9164609909057617,0.38134992122650146,-6.332429885864258,1.2280789613723755,7.200454235076904,-0.358377069234848,-0.8454469442367554,7.695966720581055,0.7149059772491455,0.19862839579582214,-0.3302711546421051,0.05359138920903206,-0.29783639311790466,0.8471950888633728,0.7210612297058105,0.09841586649417877,1.9695038795471191,4.416079044342041,-0.09287664294242859,-0.18421238660812378,-2.546391725540161,-0.2918790578842163,0.0014701448380947113,2.0012290477752686,0.7798627614974976,0.015339754521846771,-1.2871228456497192,0.2881856858730316,1.692858099937439,-0.09805089980363846,-0.1204642504453659,1.6131391525268555
114,-11.944550514221191,-1.8278534412384033,-0.1951708048582077,9.58493423461914,4.539623260498047,0.24590308964252472,-6.278711318969727,1.6088812351226807,7.400367736816406,-0.34743812680244446,-0.27619433403015137,7.845305919647217,0.7127453684806824,0.040929850190877914,-0.4248579442501068,0.07963407039642334,-0.1157463937997818,0.7747691869735718,0.8280056715011597,0.08757059276103973,1.7871812582015991,4.371938705444336,-0.1596161127090454,-0.1593029648065567,-2.5726711750030518,-0.4026951193809509,-0.08103525638580322,2.1088409423828125,0.9933266639709473,0.032009802758693695,-1.252034306526184,0.3749915659427643,1.7549796104431152,-0.05601882189512253,0.02120421826839447,1.632908821105957
115,-11.908632278442383,-1.6720821857452393,-0.4228132963180542,9.798563957214355,4.596898078918457,-0.07426314055919647,-6.555520057678223,2.1619210243225098,7.655421257019043,-0.6128733158111572,0.27992287278175354,8.05418872833252,0.7789209485054016,-0.05457337200641632,-0.3626585006713867,0.13346512615680695,-0.3037795126438141,0.7233065366744995,0.8043725490570068,0.10466405004262924,1.973592758178711,4.006104469299316,-0.1685972511768341,-0.17405965924263,-2.5446372032165527,-0.3149583637714386,-0.11666804552078247,2.1291983127593994,0.939389169216156,-0.057872749865055084,-1.344617486000061,0.5095083713531494,1.7888175249099731,-0.12981215119361877,0.1296013593673706,1.6971733570098877
116,-11.931978225708008,-1.7840654850006104,-0.7901800870895386,10.050678253173828,5.168589115142822,-0.1402377188205719,-6.681521415710449,2.5257351398468018,7.80381441116333,-0.665073812007904,0.9394032955169678,8.236248970031738,0.772319495677948,-0.17681868374347687,-0.2420443743467331,0.1991906464099884,-0.10174961388111115,0.6789580583572388,0.7545098066329956,-0.16904252767562866,1.7819150686264038,3.587695837020874,-0.10178554058074951,0.22706001996994019,-2.549726963043213,-0.3739139437675476,-0.20956209301948547,2.2036428451538086,1.1155649423599243,-0.03599638491868973,-1.3548587560653687,0.55836421251297,1.855162262916565,-0.11772812157869339,0.273806631565094,1.730562686920166
117,-11.765527725219727,-1.5610893964767456,-1.1825666427612305,10.155409812927246,5.278167247772217,-0.23950916528701782,-6.803043842315674,3.096285820007324,8.053425788879395,-0.7438448667526245,1.6151646375656128,8.293076515197754,0.8201237320899963,-0.24844512343406677,-0.3046666383743286,0.1632515788078308,-0.3296775817871094,0.6638169288635254,0.9909687042236328,-0.04649794101715088,2.044428586959839,3.033182144165039,-0.2828460931777954,0.00944855809211731,-2.480076789855957,-0.2854810655117035,-0.29111382365226746,2.2115890979766846,1.0903503894805908,-0.059818901121616364,-1.3831377029418945,0.6933785080909729,1.8873586654663086,-0.13646391034126282,0.4125171899795532,1.7889268398284912
118,-11.80237102508545,-1.4805588722229004,-1.4549095630645752,10.280816078186035,5.7278618812561035,-0.35953012108802795,-7.261351585388184,3.3801071643829346,8.13979721069336,-0.9081751704216003,2.3387374877929688,8.600692749023438,0.8301407098770142,-0.2624109983444214,-0.3210441470146179,0.23302346467971802,-0.11312739551067352,0.6881064176559448,0.828386664390564,0.1087157130241394,1.8375097513198853,2.2384912967681885,-0.17428886890411377,-0.15529784560203552,-2.515909194946289,-0.28861406445503235,-0.3315238058567047,2.237560510635376,1.2134811878204346,-0.08603692799806595,-1.50812566280365,0.7200120687484741,1.946773648262024,-0.17892834544181824,0.5570706129074097,1.8381736278533936
119,-11.98620891571045,-1.3314051628112793,-1.7156152725219727,10.344817161560059,5.734804630279541,-0.37521037459373474,-7.302346229553223,3.7306344509124756,8.429288864135742,-0.7688906788825989,3.0243966579437256,8.8959321975708,0.8865936994552612,-0.27173519134521484,-0.19892540574073792,0.28994020819664,-0.3807707726955414,0.6592140793800354,0.7461918592453003,-0.1491110771894455,2.1640374660491943,1.6591861248016357,-0.061010152101516724,0.1454574465751648,-2.590092420578003,-0.2488863468170166,-0.3829103410243988,2.2554755210876465,1.1727505922317505,-0.07537833601236343,-1.478513240814209,0.8058722019195557,1.9965533018112183,-0.1254168450832367,0.6970201730728149,1.8910926580429077
120,-11.978302955627441,-1.3004705905914307,-1.9024618864059448,10.261026382446289,6.172814846038818,-0.33623963594436646,-7.528357028961182,3.9183785915374756,8.26233959197998,-0.8629257678985596,3.5666186809539795,8.809438705444336,0.8673399686813354,-0.27830713987350464,-0.2606912851333618,0.26689043641090393,-0.16749083995819092,0.7059942483901978,0.7551153898239136,0.05177907645702362,1.9770668745040894,0.86899733543396,-0.06143313646316528,-0.04885879158973694,-2.5462169647216797,-0.258618026971817,-0.4081810712814331,2.2139554023742676,1.3024718761444092,-0.06077129393815994,-1.555599331855774,0.8083436489105225,1.9552935361862183,-0.1735253632068634,0.7929267287254333,1.8743228912353516
121,-12.18868350982666,-0.9692772626876831,-2.125495433807373,10.228378295898438,5.964789867401123,-0.4724173843860626,-7.7043375968933105,4.137005805969238,8.407477378845215,-0.790497362613678,4.066712856292725,9.077171325683594,0.9217360019683838,-0.22513847053050995,-0.2149057388305664,0.3248661160469055,-0.45229992270469666,0.6864274144172668,0.7038754224777222,-0.3584275543689728,2.321143865585327,0.2234748899936676,0.029461979866027832,0.6157894134521484,-2.6457622051239014,-0.1511840522289276,-0.4608100354671478,2.207737684249878,1.189247488975525,-0.11001253873109818,-1.5830293893814087,0.8713506460189819,1.9839444160461426,-0.14633947610855103,0.8877344727516174,1.9380661249160767
122,-12.28831672668457,-1.084792137145996,-2.132115364074707,10.013343811035156,6.382257461547852,-0.38537320494651794,-7.930323600769043,4.168537616729736,8.128562927246094,-0.7957175970077515,4.305312156677246,8.686458587646484,0.8631950616836548,-0.24209557473659515,-0.21891188621520996,0.277737021446228,-0.23986051976680756,0.7158014178276062,0.6270658373832703,0.0007763216271996498,2.135981559753418,-0.4896377623081207,0.14065346121788025,0.04560676962137222,-2.64180326461792,-0.23407264053821564,-0.4311458170413971,2.1336305141448975,1.3402005434036255,-0.06405211240053177,-1.6449633836746216,0.8291040062904358,1.9205862283706665,-0.16135630011558533,0.9077614545822144,1.8730236291885376
123,-12.576911926269531,-0.6538954973220825,-2.2778260707855225,9.934738159179688,5.9714860916137695,-0.6599323153495789,-7.943610191345215,4.376107692718506,8.22594928741455,-0.6909264326095581,4.499236583709717,9.185368537902832,0.9027613997459412,-0.17613007128238678,-0.26179271936416626,0.24725604057312012,-0.5308984518051147,0.6075661182403564,0.5920178890228271,-0.267663836479187,2.487030506134033,-0.9262187480926514,0.19983753561973572,0.4381963610649109,-2.7662770748138428,-0.07400964945554733,-0.4801751971244812,2.1269540786743164,1.1593440771102905,-0.16469764709472656,-1.6220943927764893,0.9210893511772156,1.9472815990447998,-0.1311747133731842,0.9480987191200256,1.9839016199111938
124,-12.848163604736328,-0.9017044901847839,-1.9916136264801025,9.760815620422363,6.302932262420654,-0.5628913044929504,-8.29249095916748,4.290390968322754,7.894082069396973,-0.7163985371589661,4.429149627685547,8.886574745178223,0.8373355269432068,-0.18296292424201965,-0.2605017423629761,0.33452844619750977,-0.32353171706199646,0.5378204584121704,0.49896934628486633,-0.27098348736763,2.297818899154663,-1.440754771232605,0.31764352321624756,0.4390522241592407,-2.82521390914917,-0.2145932912826538,-0.3644896149635315,2.0673434734344482,1.3073666095733643,-0.09798518568277359,-1.7499289512634277,0.8429524302482605,1.8687564134597778,-0.15598320960998535,0.8978644013404846,1.8976082801818848
125,-13.029465675354004,-0.6185266375541687,-1.937233567237854,9.418797492980957,5.958634376525879,-0.6930769085884094,-8.194408416748047,4.496042251586914,7.975773334503174,-0.599433422088623,4.2944231033325195,8.959418296813965,0.8347680568695068,-0.18305858969688416,-0.3726787269115448,0.24325886368751526,-0.6169508695602417,0.3905760943889618,0.46912670135498047,-0.48343217372894287,2.6449742317199707,-1.7305938005447388,0.3579373061656952,0.8312031030654907,-2.8741118907928467,-0.0865112915635109,-0.38435813784599304,1.970546841621399,1.1623986959457397,-0.15345746278762817,-1.669426679611206,0.9302590489387512,1.8977267742156982,-0.11514594405889511,0.867728054523468,1.9460158348083496
126,-13.13485050201416,-0.7662818431854248,-1.5584518909454346,9.188043594360352,6.207073211669922,-0.7055558562278748,-8.443214416503906,4.262537956237793,7.736146926879883,-0.6624676585197449,3.984652519226074,8.666719436645508,0.7361881136894226,-0.20714519917964935,-0.36829423904418945,0.24713493883609772,-0.3945713937282562,0.2589702904224396,0.38951054215431213,-0.15855994820594788,2.445049285888672,-2.103236198425293,0.47139477729797363,0.2986537218093872,-2.8847897052764893,-0.17409521341323853,-0.2657265365123749,1.9174200296401978,1.2715743780136108,-0.14142721891403198,-1.7764692306518555,0.8122540712356567,1.8606899976730347,-0.1556115746498108,0.7775548696517944,1.8877811431884766
127,-13.371965408325195,-0.5871338844299316,-1.4040905237197876,9.003171920776367,5.782567501068115,-0.8028802275657654,-8.40156364440918,4.437400817871094,7.857967376708984,-0.5399954319000244,3.7116830348968506,9.104676246643066,0.7312765717506409,-0.2167333960533142,-0.5395745038986206,0.11207874119281769,-0.6830591559410095,0.0365060493350029,0.38823896646499634,-0.4070069491863251,2.7897138595581055,-2.2343156337738037,0.4717881679534912,0.6535457968711853,-2.9960107803344727,-0.0942840650677681,-0.2637055516242981,1.8859490156173706,1.111883282661438,-0.172552227973938,-1.730428695678711,0.9237411022186279,1.8903803825378418,-0.10442257672548294,0.7319112420082092,1.9854942560195923
128,-13.522059440612793,-0.8116025328636169,-0.9760777354240417,8.87700366973877,5.976301193237305,-0.5883930921554565,-8.675054550170898,4.233978271484375,7.563235759735107,-0.549666166305542,3.3299429416656494,8.819129943847656,0.6303037405014038,-0.2552589774131775,-0.4854869842529297,0.15864154696464539,-0.47257697582244873,-0.12071000039577484,0.2922070026397705,-0.29071375727653503,2.5977931022644043,-2.455350399017334,0.5999874472618103,0.47203242778778076,-3.0154292583465576,-0.19377899169921875,-0.14180999994277954,1.8496173620224,1.2131035327911377,-0.08976683765649796,-1.8371437788009644,0.8119252920150757,1.8209589719772339,-0.12577685713768005,0.633719801902771,1.904127836227417
129,-13.643698692321777,-0.5764471292495728,-0.8739525079727173,8.621915817260742,5.569540023803711,-0.5828948616981506,-8.509272575378418,4.2776618003845215,7.600058555603027,-0.407183438539505,2.9760282039642334,8.9909086227417,0.621202826499939,-0.2707609534263611,-0.7108753323554993,0.04287128895521164,-0.7498863935470581,-0.3309929370880127,0.36857306957244873,-0.5558659434318542,2.926969528198242,-2.470208168029785,0.5463039875030518,0.9366403818130493,-3.0662922859191895,-0.08480315655469894,-0.16364005208015442,1.7819132804870605,1.0665979385375977,-0.11674722284078598,-1.7429423332214355,0.8648805022239685,1.8253376483917236,-0.0721830353140831,0.5706866979598999,1.959911584854126
130,-13.736534118652344,-0.6974228024482727,-0.45942777395248413,8.392080307006836,5.662785530090332,-0.3316967487335205,-8.748296737670898,4.023044586181641,7.3094258308410645,-0.3782104253768921,2.503270149230957,8.663215637207031,0.5105838179588318,-0.29537004232406616,-0.6122379302978516,0.05066628009080887,-0.5416668057441711,-0.4701215922832489,0.22310283780097961,-0.19257861375808716,2.738370656967163,-2.537308931350708,0.6991804838180542,0.33247339725494385,-3.0811688899993896,-0.15712597966194153,-0.038410428911447525,1.7183494567871094,1.1319770812988281,-0.03376326709985733,-1.8466663360595703,0.7583121657371521,1.7673076391220093,-0.0819140300154686,0.4501112103462219,1.8983536958694458
131,-13.910553932189941,-0.4430045187473297,-0.3786102831363678,8.260600090026855,5.152676582336426,-0.30150702595710754,-8.541257858276367,3.934870958328247,7.300922870635986,-0.1909971982240677,2.0991296768188477,9.06912899017334,0.5213505029678345,-0.26552990078926086,-0.76497882604599,-0.009336147457361221,-0.799072802066803,-0.6837530732154846,0.3899576663970947,-0.39925044775009155,3.0468733310699463,-2.332698345184326,0.6105911731719971,0.6269482374191284,-3.1727871894836426,-0.05530036240816116,-0.06608933210372925,1.709199070930481,0.9637978672981262,-0.05738184601068497,-1.7504973411560059,0.7837914228439331,1.7543394565582275,-0.015373550355434418,0.3827003240585327,1.9701448678970337
132,-14.082072257995605,-0.591861367225647,-0.022355064749717712,8.080159187316895,5.122955799102783,0.14965085685253143,-8.827733039855957,3.689098358154297,6.902768611907959,-0.09762220084667206,1.5883318185806274,8.816571235656738,0.4411837160587311,-0.33480995893478394,-0.6602068543434143,-0.06371705234050751,-0.5464224815368652,-0.7721329927444458,0.08634471893310547,-0.5723055601119995,2.6120684146881104,-2.2867062091827393,0.7981060743331909,0.8636717796325684,-3.2116591930389404,-0.13943125307559967,0.043884750455617905,1.6543833017349243,1.0035918951034546,0.0896252766251564,-1.8668391704559326,0.6973604559898376,1.650105357170105,-0.007668547332286835,0.25632423162460327,1.9013956785202026
133,-14.123265266418457,-0.15320302546024323,-0.0312655009329319,7.867486953735352,4.692253589630127,0.2665536403656006,-8.199161529541016,3.4959635734558105,7.078733921051025,0.20338693261146545,1.0952880382537842,8.60803508758545,-0.4252265691757202,-0.33928021788597107,-0.5667104125022888,-0.006785253062844276,1.1215099096298218,-0.9264765977859497,0.022271230816841125,-0.3273766040802002,-0.016876380890607834,-1.8967127799987793,0.8442634344100952,0.4412662982940674,-3.2175416946411133,0.027975430712103844,-0.007597152143716812,1.5988870859146118,0.8809751272201538,0.06712328642606735,-1.6250630617141724,0.6624897718429565,1.6976935863494873,0.07559595257043839,0.161857008934021,1.8790245056152344
134,-13.70655632019043,0.3513030707836151,-0.20194928348064423,7.757657051086426,2.751347303390503,0.10786022990942001,-7.937817096710205,3.5554914474487305,8.398735046386719,0.24021004140377045,0.639935314655304,8.764153480529785,0.11023762822151184,-0.21836064755916595,-0.4889826774597168,0.07394210994243622,1.1309350728988647,-1.1313728094100952,-0.23315560817718506,-0.6747531890869141,-0.020148634910583496,-1.4855402708053589,0.9340963363647461,0.8585854768753052,-3.1933560371398926,0.13649098575115204,-0.0643499493598938,1.597301959991455,0.3387157618999481,0.00022821873426437378,-1.6145349740982056,0.7205743789672852,1.7945880889892578,0.048813603818416595,0.07059796899557114,1.8822782039642334
135,-14.369048118591309,0.12756891548633575,-0.04141763970255852,7.994309425354004,2.317326545715332,0.32298487424850464,-7.350744247436523,3.709718942642212,8.707467079162598,0.35094383358955383,0.18492954969406128,8.226157188415527,-0.04173654317855835,-0.20978717505931854,-0.5487856864929199,-0.006328815594315529,0.9249434471130371,-1.281973123550415,-0.26649007201194763,-0.8508650064468384,0.4078691303730011,-0.9203834533691406,0.8742461204528809,1.124769926071167,-3.4148027896881104,-0.004101613536477089,0.013409432023763657,1.7087153196334839,0.4226900339126587,0.08982054144144058,-1.4567017555236816,0.7467153072357178,1.8740743398666382,0.07966435700654984,-0.024419575929641724,1.7458794116973877
136,-14.203364372253418,0.4385067820549011,0.1484031230211258,7.532017230987549,2.095247983932495,0.5971701741218567,-6.809020519256592,3.6450226306915283,8.787232398986816,0.5366325378417969,-0.20885597169399261,7.7769775390625,0.6156138777732849,-0.15780435502529144,-0.4657115042209625,0.06610020995140076,0.6956691145896912,-1.3799970149993896,-0.33673515915870667,-0.5965262651443481,-0.17867934703826904,-0.28103864192962646,0.8452318906784058,0.6513384580612183,-3.27681565284729,0.12830239534378052,0.05419790372252464,1.489558458328247,0.4004852771759033,0.14947086572647095,-1.337141752243042,0.7030182480812073,1.9319307804107666,0.12749764323234558,-0.09258553385734558,1.6669397354125977
137,-14.851908683776855,0.7095742225646973,0.4174492359161377,7.502594947814941,2.1651611328125,0.533312201499939,-6.493015766143799,3.3064470291137695,9.555489540100098,0.4605051577091217,-0.7121639251708984,7.831232070922852,1.0743801593780518,-0.03654924035072327,-0.5774971842765808,0.035947978496551514,0.46503037214279175,-1.440717339515686,-0.25059205293655396,-0.6816819310188293,-0.7041573524475098,0.24963515996932983,0.686290979385376,0.718643069267273,-3.474724292755127,0.17731235921382904,0.11762136220932007,1.5568602085113525,0.45196008682250977,0.09362008422613144,-1.3054100275039673,0.611515998840332,2.0885369777679443,0.08297691494226456,-0.2012324184179306,1.6659044027328491
138,-15.173188209533691,0.38531678915023804,0.9484615921974182,7.494673728942871,2.390599250793457,0.7217588424682617,-6.026566028594971,3.133699655532837,10.20120620727539,0.34255602955818176,-1.1912888288497925,7.6453704833984375,0.36551257967948914,0.042488161474466324,-0.5237565040588379,-0.11677132546901703,0.3763597011566162,-1.3796526193618774,-0.2483181655406952,-0.7212688326835632,0.09623260796070099,0.637976348400116,0.6346431970596313,0.8042039275169373,-3.4546918869018555,0.03416728228330612,0.255642294883728,1.5527994632720947,0.5159148573875427,0.16166943311691284,-1.1740128993988037,0.5922565460205078,2.1631340980529785,0.05507323890924454,-0.2932286262512207,1.6257957220077515
139,-14.22701644897461,0.17934808135032654,1.0902396440505981,7.095791816711426,2.3798985481262207,1.2033977508544922,-5.635297775268555,2.9973838329315186,10.094683647155762,0.29482632875442505,-1.5729941129684448,7.401127338409424,0.30534470081329346,0.13263805210590363,-0.715613842010498,-0.11943654716014862,0.34878605604171753,-1.1487140655517578,0.04796493053436279,-0.3377150297164917,-0.07583679258823395,0.7212738990783691,0.3006513714790344,0.18894872069358826,-3.122737169265747,0.008553942665457726,0.2333083152770996,1.395228385925293,0.4812709391117096,0.29208892583847046,-1.103615641593933,0.569950520992279,2.2183055877685547,0.055255092680454254,-0.3553483486175537,1.5685338973999023
140,-14.262652397155762,0.08427892625331879,1.1898529529571533,7.022830486297607,2.3328697681427,0.9464672207832336,-5.901670455932617,2.6480343341827393,10.737223625183105,0.08636581152677536,-1.8067594766616821,7.536257266998291,0.24557630717754364,0.23855608701705933,-0.8543592095375061,-0.186480313539505,0.5240382552146912,-0.9278998970985413,0.5636179447174072,-0.3433803617954254,-0.3402494490146637,0.6332952380180359,0.0017537474632263184,0.11119990795850754,-3.2770514488220215,0.004270439967513084,0.2447490096092224,1.4319640398025513,0.46693211793899536,0.15052208304405212,-1.2340692281723022,0.48429256677627563,2.4026715755462646,-0.010739021003246307,-0.39095985889434814,1.5631449222564697
141,-14.194902420043945,-0.3244272768497467,1.312873363494873,7.247868537902832,2.146742343902588,0.8218045234680176,-6.01027774810791,2.8324809074401855,11.245266914367676,-0.007152233738452196,-1.9502604007720947,7.575948238372803,0.15392161905765533,0.2609458565711975,-0.6096740961074829,-0.34340137243270874,0.7391864061355591,-0.7253872156143188,-0.18139386177062988,-0.3800140917301178,-0.5227600336074829,0.5533134341239929,0.31277912855148315,0.17819952964782715,-3.243370532989502,-0.11860417574644089,0.27088236808776855,1.519190788269043,0.41463619470596313,0.14423134922981262,-1.2068042755126953,0.5873962640762329,2.462827682495117,-0.014255903661251068,-0.4137497544288635,1.5821764469146729
142,-14.030447006225586,-0.535254716873169,1.2277653217315674,7.944511413574219,1.9431586265563965,0.8202065229415894,-5.264174461364746,2.8960142135620117,11.576982498168945,0.12282589077949524,-1.9091092348098755,7.469470024108887,0.09234249591827393,0.3213750422000885,-1.0898364782333374,-0.356705904006958,0.6830075979232788,-0.6226613521575928,0.7477710843086243,0.06311176717281342,-0.4055139422416687,0.7987250685691833,0.352721631526947,-0.3728930354118347,-3.189149856567383,-0.13400423526763916,0.2310979962348938,1.7322648763656616,0.3735068440437317,0.16073399782180786,-0.9932495355606079,0.5828679800033569,2.4980249404907227,0.04302836209535599,-0.36733853816986084,1.5502502918243408
143,-14.053177833557129,-0.755347728729248,1.6810013055801392,7.787657737731934,1.86800217628479,0.3584090769290924,-6.384487628936768,2.8239219188690186,11.438523292541504,-0.3544444441795349,-2.063129186630249,7.620009422302246,0.017144551500678062,0.35768306255340576,-0.9388492703437805,-0.4694115221500397,0.7245237827301025,-0.4788304567337036,0.3809734582901001,-0.03501921892166138,-0.34039124846458435,0.5142455101013184,0.014891564846038818,-0.2835497260093689,-3.2404189109802246,-0.17845448851585388,0.3811357021331787,1.5745378732681274,0.37229061126708984,0.010261021554470062,-1.411376714706421,0.5646651387214661,2.42812180519104,-0.13050076365470886,-0.42635607719421387,1.5418496131896973
144,-14.035828590393066,-1.1900659799575806,1.639532208442688,8.454862594604492,1.643850564956665,0.7961018085479736,-5.9445953369140625,2.8242685794830322,11.503621101379395,-0.057181403040885925,-1.9516867399215698,7.581663608551025,-0.01140161044895649,0.3253285586833954,-1.1521488428115845,-0.5183974504470825,0.7332187294960022,-0.35635778307914734,1.0693215131759644,0.3163425326347351,-0.13403694331645966,0.59418123960495,-0.8383913040161133,-0.6781792640686035,-3.238961696624756,-0.2927590310573578,0.3141452670097351,1.8369739055633545,0.3070511519908905,0.21454143524169922,-1.1484599113464355,0.5657312870025635,2.483637809753418,0.026866473257541656,-0.38057661056518555,1.548215389251709
145,-14.144220352172852,-1.017311453819275,1.8656727075576782,8.603551864624023,1.2454415559768677,0.5590275526046753,-6.520425319671631,2.7666428089141846,11.209145545959473,-0.22778548300266266,-1.7485862970352173,7.66844367980957,-0.06743096560239792,0.3720512390136719,-1.3661390542984009,-0.581725537776947,0.7036111354827881,-0.2458914816379547,1.1611151695251465,0.15881967544555664,-0.04479891061782837,0.49696269631385803,-0.41377580165863037,-0.5047808885574341,-3.298863649368286,-0.17875194549560547,0.3878500461578369,1.7912594079971313,0.20104898512363434,0.07968505471944809,-1.3523268699645996,0.5584917664527893,2.390094041824341,-0.0663159117102623,-0.34887903928756714,1.5273818969726562
146,-14.194003105163574,-1.4031563997268677,1.9848809242248535,8.858076095581055,1.2875982522964478,0.794043779373169,-6.957021713256836,2.7679569721221924,11.177068710327148,-0.22091886401176453,-1.8384146690368652,7.666905879974365,-0.09206796437501907,0.33132752776145935,-1.1516284942626953,-0.6040107011795044,0.6509710550308228,-0.0790853202342987,0.81344074010849,0.5045410394668579,0.11195898056030273,0.3227841854095459,-0.3206656575202942,-0.8998076915740967,-3.3134162425994873,-0.32835009694099426,0.39423805475234985,1.8604321479797363,0.26956263184547424,0.18897339701652527,-1.436422348022461,0.5573403835296631,2.427913188934326,-0.04236330837011337,-0.38324326276779175,1.5586261749267578
147,-14.276714324951172,-1.516938328742981,1.8999574184417725,9.29708194732666,1.1526939868927002,0.8682054877281189,-6.699660301208496,2.6064114570617676,11.0970458984375,-0.10543101280927658,-1.7199347019195557,7.856914520263672,-0.06375356763601303,0.2575744390487671,-1.0603796243667603,-0.585235595703125,0.6312529444694519,0.04211802035570145,0.8471568822860718,0.2930908799171448,0.26362234354019165,0.28315362334251404,-0.4274684488773346,-0.6837431192398071,-3.3474457263946533,-0.3158119320869446,0.35750842094421387,1.990411400794983,0.21708998084068298,0.1837223470211029,-1.314544677734375,0.5146434903144836,2.4279837608337402,-0.005843304097652435,-0.33289390802383423,1.564780354499817
148,-14.210511207580566,-1.3913897275924683,1.800567865371704,9.397735595703125,1.1606725454330444,0.9664338827133179,-6.817055702209473,2.8108396530151367,11.0047607421875,-0.0649394690990448,-1.5296552181243896,7.783239841461182,-0.06623893976211548,0.21022050082683563,-1.1959574222564697,-0.6682259440422058,0.6235612034797668,0.18550316989421844,0.8950185775756836,0.4495667815208435,0.1825125813484192,0.23493850231170654,-0.40160489082336426,-0.8494536280632019,-3.2852141857147217,-0.26007017493247986,0.3363454341888428,1.9645531177520752,0.23829255998134613,0.20727291703224182,-1.378585934638977,0.5958858132362366,2.423288583755493,-0.007510386407375336,-0.28829431533813477,1.5613067150115967
149,-14.308701515197754,-1.526146650314331,1.8003337383270264,9.689163208007812,1.1390796899795532,0.8048965334892273,-7.123059272766113,2.7884254455566406,11.255857467651367,-0.15831266343593597,-1.3951534032821655,7.925225257873535,-0.008860277011990547,0.1608770787715912,-1.1300479173660278,-0.4716639816761017,0.6427656412124634,0.2868463695049286,0.8963964581489563,0.3308572769165039,0.10784132778644562,0.11154065281152725,-0.43691200017929077,-0.6630702018737793,-3.3548202514648438,-0.32174432277679443,0.3458954095840454,2.0515146255493164,0.2298370897769928,0.14096641540527344,-1.4676445722579956,0.5678512454032898,2.514950752258301,-0.043623410165309906,-0.26643943786621094,1.5887672901153564
150,-14.289998054504395,-1.606747031211853,1.6734559535980225,9.68471622467041,1.135047197341919,0.8579826354980469,-7.036506652832031,3.039746046066284,11.495028495788574,-0.07237102091312408,-1.1779450178146362,7.892604827880859,0.02036742866039276,0.026238270103931427,-0.9695523977279663,-0.5323839783668518,0.7264291644096375,0.38531914353370667,0.8064497113227844,0.22771131992340088,0.010471880435943604,0.08295957744121552,-0.40886569023132324,-0.5529494285583496,-3.309224843978882,-0.33120715618133545,0.30719953775405884,2.0324881076812744,0.23170205950737,0.1808500587940216,-1.3949191570281982,0.6512182950973511,2.5655293464660645,-0.0031262263655662537,-0.21171055734157562,1.5910556316375732
151,-14.226125717163086,-1.4536188840866089,1.4771695137023926,9.948680877685547,1.1041128635406494,0.6964965462684631,-7.0253987312316895,3.306079387664795,11.782576560974121,-0.13801728188991547,-0.9665541648864746,7.899832248687744,0.04620613902807236,-0.034513842314481735,-1.0581456422805786,-0.48766958713531494,0.7418847680091858,0.4529886841773987,0.8610621690750122,0.07602930068969727,-0.11621628701686859,0.034217387437820435,-0.46912798285484314,-0.26536452770233154,-3.2780652046203613,-0.2713245749473572,0.2622424364089966,2.120225191116333,0.2226639986038208,0.11970358341932297,-1.4104989767074585,0.7058828473091125,2.633526086807251,-0.036220960319042206,-0.1684022694826126,1.6034204959869385
152,-14.181771278381348,-1.572210431098938,1.4500783681869507,10.013472557067871,1.1127007007598877,0.566145122051239,-7.172746181488037,3.5142669677734375,12.07522201538086,-0.19500717520713806,-0.7389857769012451,7.779633522033691,0.08111947029829025,-0.11520503461360931,-1.0086780786514282,-0.40218862891197205,0.7963533401489258,0.4939561188220978,0.8587987422943115,0.43200674653053284,-0.2159426063299179,-0.017332062125205994,-0.4789503216743469,-0.7992582321166992,-3.2647945880889893,-0.3315736651420593,0.2764529585838318,2.1128664016723633,0.22959959506988525,0.09754206985235214,-1.4570982456207275,0.7361798286437988,2.6897451877593994,-0.04656671732664108,-0.12069684267044067,1.5925787687301636
153,-14.299659729003906,-1.6190643310546875,1.370069146156311,10.209026336669922,0.9869060516357422,0.3093131482601166,-7.200699806213379,3.6825368404388428,12.311300277709961,-0.29003727436065674,-0.49097973108291626,8.07671070098877,0.11754830926656723,-0.22569310665130615,-0.8877159357070923,-0.5022886991500854,0.8432461619377136,0.4889387786388397,0.831561803817749,0.26036375761032104,-0.21414583921432495,-0.10088485479354858,-0.4626864194869995,-0.6291075944900513,-3.3299200534820557,-0.33244621753692627,0.2553550601005554,2.190168857574463,0.1858963966369629,0.028185538947582245,-1.4480221271514893,0.7827895283699036,2.729846954345703,-0.07081129401922226,-0.06677576899528503,1.627448558807373
154,-14.240710258483887,-1.5667541027069092,1.1743453741073608,10.46860122680664,0.9143722653388977,0.3326520323753357,-7.21763801574707,3.9857513904571533,12.361472129821777,-0.3261702358722687,-0.22784633934497833,8.00112247467041,0.11908857524394989,-0.2790720462799072,-0.9287548661231995,-0.48085659742355347,0.8749533891677856,0.5036349892616272,0.854032039642334,0.24829070270061493,-0.2952190041542053,-0.21512332558631897,-0.4637768268585205,-0.5956375002861023,-3.2686514854431152,-0.3099406957626343,0.20360898971557617,2.245594024658203,0.1784978210926056,0.07079043239355087,-1.4522587060928345,0.8512076139450073,2.7210898399353027,-0.07057293504476547,-0.010676614940166473,1.610540509223938
155,-14.279275894165039,-1.5241373777389526,1.0560412406921387,10.601348876953125,0.8423473834991455,0.1860550493001938,-7.436263084411621,4.149052619934082,12.434959411621094,-0.3609123229980469,0.09800638258457184,7.986690521240234,0.14332088828086853,-0.32008206844329834,-0.8774791359901428,-0.4484722912311554,0.8651479482650757,0.48208504915237427,0.8779451847076416,0.333705335855484,-0.23393654823303223,-0.316106379032135,-0.45578524470329285,-0.6734710931777954,-3.304359197616577,-0.3027394413948059,0.1894860863685608,2.265958786010742,0.16382473707199097,0.01798781007528305,-1.5252668857574463,0.8681920766830444,2.7226667404174805,-0.07790561765432358,0.06303109973669052,1.6114110946655273
156,-14.340474128723145,-1.4426894187927246,0.8612455725669861,10.737887382507324,0.7336680293083191,0.15515294671058655,-7.644102096557617,4.333359718322754,12.368810653686523,-0.3395061492919922,0.45271483063697815,8.02911376953125,0.2000824362039566,-0.360228955745697,-0.8501521348953247,-0.4179251492023468,0.820626437664032,0.44240257143974304,0.8965229392051697,0.2685774862766266,-0.05181153118610382,-0.39832717180252075,-0.4622974097728729,-0.5563561916351318,-3.322552442550659,-0.281280517578125,0.1424025297164917,2.3038127422332764,0.13615576922893524,0.027330271899700165,-1.5672963857650757,0.9141957759857178,2.7053356170654297,-0.06634103506803513,0.13481862843036652,1.6160967350006104
157,-14.399262428283691,-1.223711371421814,0.6081836223602295,10.781347274780273,0.5881398320198059,0.2183775156736374,-7.862513065338135,4.511882305145264,12.218523979187012,-0.274532675743103,0.8286688923835754,7.933282375335693,0.19049319624900818,-0.3536984920501709,-0.82713782787323,-0.3817876875400543,0.8368274569511414,0.4100475609302521,0.9822404384613037,0.29002633690834045,-0.10953900218009949,-0.41978350281715393,-0.4762595593929291,-0.5414838790893555,-3.3288378715515137,-0.21857593953609467,0.08558875322341919,2.3018038272857666,0.10083950310945511,0.052856795489788055,-1.6154534816741943,0.9458059668540955,2.6926262378692627,-0.04737361520528793,0.21112389862537384,1.5959439277648926
158,-14.471649169921875,-1.0137122869491577,0.3583959639072418,10.857426643371582,0.4543823301792145,0.18303142488002777,-8.236035346984863,4.635227203369141,12.209051132202148,-0.22332118451595306,1.2132747173309326,7.902298450469971,0.21721138060092926,-0.3208976984024048,-0.8464293479919434,-0.3190021514892578,0.7854035496711731,0.35067930817604065,0.8783112168312073,0.06148548424243927,-0.01035425066947937,-0.39125677943229675,-0.4073968529701233,-0.19632339477539062,-3.3628265857696533,-0.17686748504638672,0.03740733489394188,2.3297393321990967,0.07518190890550613,0.03230225294828415,-1.7125442028045654,0.9665045738220215,2.6796295642852783,-0.03868597000837326,0.2874066233634949,1.5940980911254883
159,-14.502737045288086,-0.8620182871818542,0.16458062827587128,10.840301513671875,0.28417521715164185,0.3295391798019409,-8.367883682250977,4.82665491104126,12.095551490783691,-0.07364486902952194,1.5822914838790894,7.659372806549072,0.2680613696575165,-0.29499000310897827,-0.9002551436424255,-0.2562711238861084,0.7438785433769226,0.29060086607933044,0.9265611171722412,0.20216147601604462,0.12243198603391647,-0.24318070709705353,-0.4007284641265869,-0.29111966490745544,-3.356200695037842,-0.15372177958488464,0.006851609796285629,2.3171274662017822,0.03494679182767868,0.08640974014997482,-1.7196098566055298,1.0030927658081055,2.6634304523468018,0.005375899374485016,0.3596172332763672,1.556994915008545
160,-14.664867401123047,-0.5801638960838318,0.03435048833489418,10.771575927734375,0.017410635948181152,0.2919396162033081,-8.626397132873535,4.847945690155029,11.958632469177246,-0.024237876757979393,1.886942744255066,7.552420616149902,0.25410977005958557,-0.23719781637191772,-0.8018947839736938,-0.2694146931171417,0.7482461929321289,0.2211950421333313,0.7416453957557678,0.12565699219703674,0.03040856122970581,-0.045728981494903564,-0.25748786330223083,-0.22100424766540527,-3.425917625427246,-0.07913515716791153,-0.010226253420114517,2.2969307899475098,-0.032955121248960495,0.05380772799253464,-1.7869035005569458,0.9967149496078491,2.647221088409424,0.0018361583352088928,0.41093724966049194,1.521094799041748
161,-14.730907440185547,-0.48871996998786926,-0.09283605217933655,10.877367973327637,-0.13073571026325226,0.3551691174507141,-8.64511489868164,4.940829277038574,11.965354919433594,0.06534310430288315,2.0703012943267822,7.39553165435791,0.26848793029785156,-0.17431114614009857,-0.866449773311615,-0.2430575042963028,0.7281574606895447,0.13905850052833557,0.7175482511520386,0.05603185296058655,0.030686065554618835,0.24258312582969666,-0.21145471930503845,-0.10646510869264603,-3.435469150543213,-0.08608943969011307,-0.036240104585886,2.346933364868164,-0.044903144240379333,0.07996911555528641,-1.7766180038452148,1.018743872642517,2.635693311691284,0.025003112852573395,0.4359373450279236,1.4941112995147705
162,-14.828227043151855,-0.4283406138420105,-0.03882157802581787,10.824201583862305,-0.39885663986206055,0.3351224660873413,-8.739916801452637,4.967761993408203,11.86854362487793,0.04508790373802185,2.1846959590911865,7.1435627937316895,0.2872493267059326,-0.1286042332649231,-0.7521121501922607,-0.22164857387542725,0.7487543225288391,0.07445742934942245,0.590672492980957,-0.012341879308223724,0.015655335038900375,0.469139963388443,-0.12022137641906738,0.0051607489585876465,-3.468714475631714,-0.0779387578368187,-0.0006071366369724274,2.3116984367370605,-0.1128249391913414,0.06452355533838272,-1.8042010068893433,1.0128637552261353,2.6010286808013916,0.006520576775074005,0.44946104288101196,1.4364032745361328
163,-14.922224044799805,-0.3965355157852173,-0.018519435077905655,10.831104278564453,-0.5733308792114258,0.31090986728668213,-8.62814998626709,5.009675979614258,11.77275276184082,0.0582553967833519,2.20662260055542,6.893070697784424,0.2533770203590393,-0.08925162255764008,-0.8362017273902893,-0.22785554826259613,0.7532044053077698,0.003963827155530453,0.5598867535591125,-0.06944265961647034,-0.08255475759506226,0.7333588004112244,-0.07017296552658081,0.10240796953439713,-3.4953458309173584,-0.07530736178159714,-0.0010017193853855133,2.325086832046509,-0.13458369672298431,0.05900632590055466,-1.7604681253433228,1.021384358406067,2.571641445159912,0.013798005878925323,0.44422340393066406,1.3899872303009033
164,-14.986976623535156,-0.41208013892173767,0.1917022317647934,10.774306297302246,-0.7446216940879822,0.23991824686527252,-8.659770965576172,4.9789557456970215,11.705907821655273,-0.005225140601396561,2.1342668533325195,6.64844274520874,0.2240782380104065,-0.060751549899578094,-0.7660263776779175,-0.24281322956085205,0.76702481508255,-0.054725825786590576,0.4847380518913269,-0.09617838263511658,-0.1310519278049469,0.9252859354019165,-0.013641774654388428,0.15256619453430176,-3.5215399265289307,-0.08467943221330643,0.06471014022827148,2.2980189323425293,-0.16763021051883698,0.03842668980360031,-1.7870060205459595,1.0031071901321411,2.5353798866271973,-0.0096336230635643,0.41757428646087646,1.3436474800109863
165,-15.035001754760742,-0.5035351514816284,0.3649546504020691,10.814886093139648,-0.8971512913703918,0.18794353306293488,-8.562735557556152,4.936360836029053,11.60783576965332,-0.06243717297911644,1.9648327827453613,6.471009254455566,0.20319069921970367,-0.05828671157360077,-0.882698655128479,-0.28806135058403015,0.7905349731445312,-0.10890465974807739,0.502750813961029,-0.18238946795463562,-0.13454684615135193,1.0530487298965454,0.0038656890392303467,0.24935370683670044,-3.538182258605957,-0.11309891194105148,0.09377545118331909,2.322585344314575,-0.1948716640472412,0.03054126352071762,-1.752385139465332,0.9923684597015381,2.502121925354004,-0.01922314614057541,0.3716949224472046,1.315855622291565
166,-15.106122970581055,-0.5881534814834595,0.6581085920333862,10.767449378967285,-1.128220796585083,0.14965632557868958,-8.534287452697754,4.86973762512207,11.49166488647461,-0.13730359077453613,1.707063913345337,6.293440818786621,0.14089004695415497,-0.05576829984784126,-0.8189070820808411,-0.29649102687835693,0.8150281310081482,-0.1432817131280899,0.42886656522750854,-0.11281512677669525,-0.231850266456604,1.1091536283493042,0.05064687132835388,0.2444780468940735,-3.5697872638702393,-0.12919025123119354,0.1657353639602661,2.2902445793151855,-0.25003719329833984,0.024692170321941376,-1.7512027025222778,0.9709655046463013,2.4728293418884277,-0.03552880138158798,0.3077702522277832,1.2859516143798828
167,-15.155007362365723,-0.719977855682373,0.9237372279167175,10.812926292419434,-1.243155598640442,0.08127805590629578,-8.419021606445312,4.652961254119873,11.425625801086426,-0.20264996588230133,1.3514484167099,6.191471099853516,0.09614934772253036,-0.06983745098114014,-0.8951293230056763,-0.339182049036026,0.814911425113678,-0.18221734464168549,0.5413614511489868,-0.09282785654067993,-0.22794422507286072,1.1130741834640503,0.0062132179737091064,0.2185044288635254,-3.5965750217437744,-0.16192951798439026,0.21465837955474854,2.318500280380249,-0.25713708996772766,0.007082097232341766,-1.720670223236084,0.9110495448112488,2.4412007331848145,-0.046619437634944916,0.22413988411426544,1.2695963382720947
168,-15.236478805541992,-0.8640993237495422,1.2786736488342285,10.782819747924805,-1.4544262886047363,0.08014825731515884,-8.429764747619629,4.494423866271973,11.325839042663574,-0.2780703902244568,0.9168346524238586,6.179635047912598,0.07984855771064758,-0.10421536862850189,-0.8766782283782959,-0.3677964508533478,0.8028485774993896,-0.19714196026325226,0.4191805124282837,-0.058239471167325974,-0.1512661874294281,1.002966046333313,0.07546032965183258,0.16456972062587738,-3.6376774311065674,-0.19263547658920288,0.29439687728881836,2.2926082611083984,-0.3110986351966858,0.015769653022289276,-1.7272905111312866,0.8857980966567993,2.4203131198883057,-0.06221836060285568,0.1250867396593094,1.2773919105529785
169,-15.334914207458496,-1.0205118656158447,1.6068155765533447,10.781240463256836,-1.6301947832107544,0.16013479232788086,-8.17502212524414,4.283200263977051,11.24339771270752,-0.28238916397094727,0.3958108127117157,6.2092719078063965,0.016340341418981552,-0.14747633039951324,-0.871913492679596,-0.4037693440914154,0.8415001630783081,-0.19232897460460663,0.42410117387771606,-0.009685251861810684,-0.2538120746612549,0.8935064673423767,0.11967825889587402,0.08463990688323975,-3.6752986907958984,-0.22604544460773468,0.3555574417114258,2.295266628265381,-0.3410665988922119,0.042409949004650116,-1.647823691368103,0.8362769484519958,2.419985294342041,-0.05452420562505722,0.010152406990528107,1.2849324941635132
170,-15.389293670654297,-1.1301510334014893,1.9905812740325928,10.738341331481934,-1.7800806760787964,0.17640459537506104,-8.077727317810059,3.9948487281799316,11.274670600891113,-0.3480747938156128,-0.19501207768917084,6.302636623382568,-0.007092790678143501,-0.1858685463666916,-0.9177269339561462,-0.4426274299621582,0.8293426632881165,-0.1659351885318756,0.41230010986328125,-0.04016123712062836,-0.22615861892700195,0.6827915906906128,0.11756306886672974,0.09218797087669373,-3.7010390758514404,-0.24224510788917542,0.43793177604675293,2.2742321491241455,-0.36625009775161743,0.03721659630537033,-1.6440626382827759,0.7679595351219177,2.4158267974853516,-0.07522628456354141,-0.11761718988418579,1.307765007019043
171,-15.43960189819336,-1.3295217752456665,2.3720483779907227,10.632309913635254,-1.9471818208694458,0.34736892580986023,-7.916215419769287,3.7723958492279053,11.272948265075684,-0.34972918033599854,-0.8000683784484863,6.386300086975098,0.010480912402272224,-0.2496778815984726,-1.0210472345352173,-0.43180176615715027,0.7956522703170776,-0.09717573970556259,0.382605642080307,0.051331520080566406,-0.11919663846492767,0.40302616357803345,0.14889952540397644,-0.06795963644981384,-3.717294454574585,-0.2948850989341736,0.5113579034805298,2.234280824661255,-0.40174299478530884,0.09179519861936569,-1.6000977754592896,0.7291072607040405,2.4259867668151855,-0.06831379979848862,-0.2394959181547165,1.329003095626831
172,-15.538993835449219,-1.394842267036438,2.730721950531006,10.378867149353027,-2.1456692218780518,0.512001097202301,-7.744611740112305,3.5011496543884277,11.262434959411621,-0.33122697472572327,-1.3724546432495117,6.481767177581787,-0.032210513949394226,-0.3117171823978424,-0.9500823020935059,-0.44343531131744385,0.8597661852836609,0.02091355435550213,0.44348201155662537,0.10647696256637573,-0.2693086266517639,0.10069461166858673,0.07135799527168274,-0.1638857126235962,-3.7560486793518066,-0.290835976600647,0.5763325691223145,2.152439594268799,-0.44547054171562195,0.1240847036242485,-1.5630896091461182,0.671254575252533,2.4446210861206055,-0.06314294785261154,-0.3486996293067932,1.3324475288391113
173,-15.555397033691406,-1.4451429843902588,2.892179012298584,10.256804466247559,-2.2678849697113037,0.5911642909049988,-7.69996976852417,3.3048646450042725,11.397713661193848,-0.29544341564178467,-1.8371654748916626,6.575381278991699,-0.03885733708739281,-0.3756335377693176,-1.1304175853729248,-0.4623887836933136,0.8495860695838928,0.13723687827587128,0.4915424585342407,0.12327142059803009,-0.2532820999622345,-0.17265772819519043,0.06982725858688354,-0.22286999225616455,-3.7574427127838135,-0.29962587356567383,0.5854189991950989,2.141944408416748,-0.4576879143714905,0.12917715311050415,-1.565133810043335,0.6418758034706116,2.4582090377807617,-0.05469777435064316,-0.4297664165496826,1.3485496044158936
174,-15.606074333190918,-1.5515202283859253,3.1161177158355713,10.062728881835938,-2.447850227355957,0.7419840097427368,-7.7247185707092285,3.2028849124908447,11.461488723754883,-0.22560007870197296,-2.172485589981079,6.616795063018799,-0.02462271973490715,-0.4827864170074463,-0.9812783598899841,-0.48453855514526367,0.811752438545227,0.27444279193878174,0.5075124502182007,0.15454809367656708,-0.13886667788028717,-0.40524864196777344,-0.017439275979995728,-0.3042915165424347,-3.780632495880127,-0.32954591512680054,0.6310492753982544,2.082068920135498,-0.5014585256576538,0.16965776681900024,-1.57857346534729,0.6336165070533752,2.4805691242218018,-0.03665750473737717,-0.4792172312736511,1.3475048542022705
175,-15.618572235107422,-1.5282801389694214,3.067018508911133,10.060291290283203,-2.522742986679077,0.7973658442497253,-7.608850002288818,3.1515676975250244,11.48323917388916,-0.17955444753170013,-2.355149507522583,6.654565811157227,-0.06753101944923401,-0.5704374313354492,-1.1832935810089111,-0.5195245742797852,0.8915922045707703,0.40242108702659607,0.5891530513763428,0.17540672421455383,-0.31310996413230896,-0.5647113919258118,-0.02867680788040161,-0.35708096623420715,-3.7707138061523438,-0.30869024991989136,0.592741847038269,2.1101109981536865,-0.5033262372016907,0.16892263293266296,-1.5329571962356567,0.6308990120887756,2.50541090965271,-0.03074430674314499,-0.49893784523010254,1.34831964969635
176,-15.658574104309082,-1.5913655757904053,3.2240142822265625,10.00905704498291,-2.661559820175171,0.752030611038208,-7.792492866516113,3.1516566276550293,11.697637557983398,-0.17318175733089447,-2.4581308364868164,6.69508171081543,-0.08026362955570221,-0.6790896058082581,-1.0262887477874756,-0.5403718948364258,0.8846218585968018,0.5086749792098999,0.5893056392669678,0.21025678515434265,-0.29782718420028687,-0.6865200400352478,-0.1113995909690857,-0.42432111501693726,-3.8070106506347656,-0.33417192101478577,0.6419592499732971,2.0867226123809814,-0.5364479422569275,0.14682772755622864,-1.6101043224334717,0.6382265090942383,2.5402395725250244,-0.034965239465236664,-0.5082280039787292,1.3549909591674805
177,-15.648027420043945,-1.6419174671173096,3.138317346572876,10.168025016784668,-2.693474054336548,0.7669863700866699,-7.729725360870361,3.245567798614502,11.787880897521973,-0.1648813784122467,-2.459491729736328,6.756706714630127,-0.05182488262653351,-0.7974900007247925,-1.2111897468566895,-0.5420593023300171,0.8262713551521301,0.60283362865448,0.646365761756897,0.12498857080936432,-0.1551329642534256,-0.8004527688026428,-0.10454660654067993,-0.2521250247955322,-3.789597272872925,-0.3442721366882324,0.6012636423110962,2.1574299335479736,-0.5297581553459167,0.15848752856254578,-1.5632507801055908,0.6713101863861084,2.5632574558258057,-0.03314816206693649,-0.4980424642562866,1.3657147884368896
178,-15.668405532836914,-1.5920288562774658,3.2517364025115967,10.042425155639648,-2.724911689758301,0.8030905723571777,-7.850580215454102,3.337982416152954,11.813223838806152,-0.17190049588680267,-2.439511299133301,6.654098033905029,-0.09989681094884872,-0.9041711688041687,-1.0579392910003662,-0.5659827589988708,0.9229344129562378,0.7256413102149963,0.6504132747650146,0.2626516819000244,-0.35334038734436035,-0.9329832196235657,-0.18834185600280762,-0.5207500457763672,-3.7938878536224365,-0.32164472341537476,0.6412886381149292,2.0828607082366943,-0.5374906659126282,0.16921809315681458,-1.611301064491272,0.6863514184951782,2.593489646911621,-0.036918334662914276,-0.4894273281097412,1.3437256813049316
179,-15.691781997680664,-1.6147655248641968,3.159496784210205,10.307209014892578,-2.7356503009796143,0.6006795167922974,-7.883865833282471,3.468817949295044,12.101073265075684,-0.21832595765590668,-2.360654592514038,6.881474018096924,-0.08380992710590363,-0.9886800050735474,-1.2268471717834473,-0.5098802447319031,0.9050079584121704,0.7731788754463196,0.6878901720046997,0.3097614645957947,-0.32813453674316406,-1.0289220809936523,-0.15545442700386047,-0.5615114569664001,-3.821920394897461,-0.33745554089546204,0.6039144992828369,2.205888271331787,-0.5334187150001526,0.09591894596815109,-1.607513427734375,0.7252326011657715,2.6500909328460693,-0.052453331649303436,-0.4689174294471741,1.3995575904846191
180,-15.727575302124023,-1.6496378183364868,3.2450931072235107,10.252246856689453,-2.788755416870117,0.621785581111908,-8.012688636779785,3.6314728260040283,12.188410758972168,-0.24020299315452576,-2.267852544784546,6.926682472229004,-0.04452095925807953,-1.101552963256836,-1.0465834140777588,-0.4976165294647217,0.8368754386901855,0.8445776700973511,0.6725338697433472,0.39071395993232727,-0.16972051560878754,-1.1827229261398315,-0.23156708478927612,-0.658915102481842,-3.8267853260040283,-0.3472146689891815,0.6362305283546448,2.1499452590942383,-0.551060676574707,0.13069072365760803,-1.6464744806289673,0.7631336450576782,2.6649913787841797,-0.05386730283498764,-0.44544517993927,1.3909653425216675
181,-15.75782299041748,-1.5492007732391357,3.1144275665283203,10.368546485900879,-2.7289137840270996,0.5691225528717041,-7.968531131744385,3.7871592044830322,12.221396446228027,-0.27202075719833374,-2.1452159881591797,7.022122859954834,-0.06984283775091171,-1.1719316244125366,-1.216130018234253,-0.5239545106887817,0.9355798959732056,0.9089750647544861,0.696265459060669,0.4288797080516815,-0.37714287638664246,-1.348865032196045,-0.1841500997543335,-0.714614748954773,-3.8259921073913574,-0.3090394139289856,0.5906140804290771,2.2043488025665283,-0.526238739490509,0.11011388152837753,-1.6142538785934448,0.797318696975708,2.7042195796966553,-0.06259756535291672,-0.4197908043861389,1.4085924625396729
182,-15.80723762512207,-1.5261110067367554,3.1519384384155273,10.423200607299805,-2.808234453201294,0.443837970495224,-8.186273574829102,3.9766197204589844,12.488079071044922,-0.2983609735965729,-2.0125069618225098,7.14410400390625,-0.056737449020147324,-1.242875576019287,-1.0464903116226196,-0.5536684393882751,0.9153958559036255,0.942387044429779,0.7006741762161255,0.43374350666999817,-0.3416445255279541,-1.5024391412734985,-0.26448360085487366,-0.7920717000961304,-3.8620007038116455,-0.3153780698776245,0.6119768619537354,2.203345537185669,-0.55643230676651,0.0744854137301445,-1.698028326034546,0.8419982194900513,2.744654893875122,-0.06808347254991531,-0.3885631561279297,1.4360508918762207
183,-15.825526237487793,-1.5022441148757935,3.006910800933838,10.622908592224121,-2.791102170944214,0.41513869166374207,-8.193845748901367,4.26928186416626,12.552592277526855,-0.31159886717796326,-1.8337528705596924,7.304820537567139,0.005116904154419899,-1.3037422895431519,-1.1705880165100098,-0.5210296511650085,0.8300329446792603,0.9607821702957153,0.6766529679298401,0.19557030498981476,-0.15698368847370148,-1.6691135168075562,-0.19151067733764648,-0.4777235686779022,-3.8535873889923096,-0.3110436201095581,0.5674299001693726,2.2731149196624756,-0.5421563386917114,0.0818391665816307,-1.669124960899353,0.9175004363059998,2.758131742477417,-0.06962823122739792,-0.34923577308654785,1.4687066078186035
184,-15.832518577575684,-1.3393999338150024,2.964186429977417,10.480029106140137,-2.810642957687378,0.4719945192337036,-8.266681671142578,4.527195453643799,12.51827335357666,-0.2947898209095001,-1.6456242799758911,7.205592632293701,-0.013012237846851349,-1.32370924949646,-1.010350227355957,-0.4865919351577759,0.9341605305671692,1.0106451511383057,0.69736647605896,0.4204035997390747,-0.37006112933158875,-1.8345731496810913,-0.2699264585971832,-0.7171664237976074,-3.8351736068725586,-0.2580130696296692,0.5663493275642395,2.188692092895508,-0.5531150698661804,0.10539590567350388,-1.697464942932129,0.95427405834198,2.7788403034210205,-0.062271855771541595,-0.3064943552017212,1.4536709785461426
185,-15.902253150939941,-1.2484413385391235,2.8141252994537354,10.643253326416016,-2.8361332416534424,0.19818846881389618,-8.43482494354248,4.635876655578613,12.750251770019531,-0.3423088490962982,-1.4391520023345947,7.443064212799072,0.017653601244091988,-1.3279186487197876,-1.109938383102417,-0.5103477239608765,0.8985666036605835,0.9762507677078247,0.6514531373977661,0.2846342921257019,-0.3153097927570343,-1.964146614074707,-0.17881765961647034,-0.5889082551002502,-3.890145778656006,-0.2488499879837036,0.529374897480011,2.281540632247925,-0.5547876358032227,0.003350399434566498,-1.7460819482803345,0.9732850790023804,2.8099701404571533,-0.08272019773721695,-0.2650071382522583,1.5065815448760986
186,-15.944336891174316,-1.2304792404174805,2.7644591331481934,10.646120071411133,-2.9125053882598877,0.3262028992176056,-8.515506744384766,4.978615760803223,12.762438774108887,-0.29265904426574707,-1.2367687225341797,7.488875865936279,0.07726029306650162,-1.3445152044296265,-0.9604474306106567,-0.48129236698150635,0.812559187412262,0.972161054611206,0.6608516573905945,0.21495036780834198,-0.1274968981742859,-2.0850601196289062,-0.24360978603363037,-0.4904702603816986,-3.8865208625793457,-0.25522443652153015,0.5278927087783813,2.250598430633545,-0.5788335204124451,0.0850452110171318,-1.7566663026809692,1.0664416551589966,2.8129186630249023,-0.057905711233615875,-0.22162358462810516,1.5175923109054565
187,-15.989313125610352,-0.9928262233734131,2.605799913406372,10.618904113769531,-2.9184303283691406,0.2636376619338989,-8.554954528808594,5.1136627197265625,12.665274620056152,-0.30813246965408325,-1.0276418924331665,7.465427398681641,0.06997762620449066,-1.2934681177139282,-1.020068645477295,-0.45377856492996216,0.9045859575271606,0.9635123014450073,0.6011132597923279,0.19207166135311127,-0.32798513770103455,-2.2151150703430176,-0.14866608381271362,-0.4478452503681183,-3.8884010314941406,-0.17486056685447693,0.48800128698349,2.2444822788238525,-0.5729836225509644,0.04586204141378403,-1.7564905881881714,1.064497709274292,2.8138723373413086,-0.07136967033147812,-0.1804599016904831,1.508843183517456
188,-16.052207946777344,-0.9084612131118774,2.52211332321167,10.596424102783203,-3.0246829986572266,0.1891176551580429,-8.711640357971191,5.285140037536621,12.84727668762207,-0.2719070017337799,-0.8274408578872681,7.525875568389893,0.09673604369163513,-1.2410255670547485,-0.9097338318824768,-0.4164058268070221,0.8703938722610474,0.9197831749916077,0.6176677942276001,0.12170347571372986,-0.2758316397666931,-2.2716076374053955,-0.19653642177581787,-0.33353865146636963,-3.9264931678771973,-0.17793621122837067,0.4780932068824768,2.2419917583465576,-0.603206217288971,0.02879931777715683,-1.8161743879318237,1.1062896251678467,2.8360376358032227,-0.05603539198637009,-0.13921011984348297,1.5345207452774048
189,-16.10400390625,-0.797789454460144,2.4388442039489746,10.56782054901123,-3.0867087841033936,0.20549142360687256,-8.778789520263672,5.470763206481934,12.794920921325684,-0.24316832423210144,-0.6557229161262512,7.5082688331604,0.15944769978523254,-1.1745373010635376,-0.9143206477165222,-0.3145759105682373,0.7884296774864197,0.8742285966873169,0.5309035181999207,-0.03787020593881607,-0.1057581901550293,-2.3179004192352295,-0.09720999002456665,-0.007112085819244385,-3.9332520961761475,-0.1508503258228302,0.465354323387146,2.2377030849456787,-0.6118956804275513,0.044608019292354584,-1.8135651350021362,1.1438403129577637,2.816617965698242,-0.050651200115680695,-0.10960693657398224,1.5323803424835205
190,-16.161832809448242,-0.6203137636184692,2.4084224700927734,10.328862190246582,-3.17703914642334,0.28260791301727295,-8.767720222473145,5.531190872192383,12.682767868041992,-0.1849292814731598,-0.5556836724281311,7.308239936828613,0.12811020016670227,-1.0910491943359375,-0.8650090098381042,-0.3580983877182007,0.8709524869918823,0.86012202501297,0.5569342374801636,0.1493527591228485,-0.2871119976043701,-2.3279221057891846,-0.13581427931785583,-0.3200545608997345,-3.939072608947754,-0.10423817485570908,0.46501219272613525,2.1572558879852295,-0.6358378529548645,0.06876292079687119,-1.8093305826187134,1.1303157806396484,2.817800760269165,-0.03313188999891281,-0.09784920513629913,1.499353051185608
191,-16.287023544311523,-0.5177851915359497,2.4086153507232666,10.4292573928833,-3.306122064590454,0.12889383733272552,-8.92365550994873,5.574921607971191,12.825761795043945,-0.17907275259494781,-0.4907357692718506,7.5042724609375,0.15259480476379395,-0.9741990566253662,-0.8625422120094299,-0.33136409521102905,0.8368458151817322,0.7843391299247742,0.4776154160499573,-0.043461307883262634,-0.24398967623710632,-2.278475046157837,-0.04157748818397522,0.0011949539184570312,-4.022709369659424,-0.09303171187639236,0.47035133838653564,2.225203275680542,-0.6626121401786804,0.0054202601313591,-1.863643765449524,1.153631329536438,2.8321762084960938,-0.03964710980653763,-0.09025238454341888,1.5410194396972656
192,-16.351716995239258,-0.5466220378875732,2.462836503982544,10.30986213684082,-3.4717729091644287,0.32242903113365173,-8.849862098693848,5.654819011688232,12.77132511138916,-0.10333018749952316,-0.5439660549163818,7.333645343780518,0.1864512860774994,-0.8931752443313599,-0.8193667531013489,-0.3227097690105438,0.7724357843399048,0.7561336159706116,0.4788532257080078,-0.028086217120289803,-0.10480821132659912,-2.2095797061920166,-0.06437847018241882,-0.03784693032503128,-4.019305229187012,-0.11669119447469711,0.48764073848724365,2.166400671005249,-0.7027238011360168,0.09267248958349228,-1.8217326402664185,1.1580734252929688,2.8141863346099854,-0.01184525340795517,-0.11584463715553284,1.5096948146820068
193,-16.492563247680664,-0.4138905704021454,2.580336809158325,10.206607818603516,-3.6124491691589355,0.2927105128765106,-8.80290699005127,5.587338924407959,12.678218841552734,-0.0927884429693222,-0.647757351398468,7.292507171630859,0.16009844839572906,-0.7713226675987244,-0.8479564189910889,-0.3129899799823761,0.8487954139709473,0.7237709760665894,0.4049786627292633,-0.07735199481248856,-0.28330186009407043,-2.1201446056365967,0.03224465250968933,0.05467313528060913,-4.085040092468262,-0.06686636060476303,0.52020263671875,2.1436729431152344,-0.7294409871101379,0.05594625324010849,-1.8114709854125977,1.12904953956604,2.8166210651397705,-0.019214235246181488,-0.14397959411144257,1.4970359802246094
194,-16.58968162536621,-0.48555633425712585,2.737534761428833,10.119828224182129,-3.822638511657715,0.34413161873817444,-8.743616104125977,5.537205696105957,12.819376945495605,-0.050127629190683365,-0.8783023953437805,7.249996662139893,0.15486972033977509,-0.6805744767189026,-0.805950403213501,-0.30517661571502686,0.8309615254402161,0.6935639977455139,0.42341509461402893,-0.09427307546138763,-0.26506906747817993,-1.984837293624878,-0.003767073154449463,0.08508042991161346,-4.126023292541504,-0.1092553362250328,0.5551489591598511,2.126190662384033,-0.7766505479812622,0.0775100514292717,-1.8041960000991821,1.1173021793365479,2.831069231033325,-0.004780463874340057,-0.2057836502790451,1.5018770694732666
195,-16.70511817932129,-0.5456575155258179,2.9749934673309326,10.029112815856934,-3.999295711517334,0.38377416133880615,-8.626030921936035,5.438866138458252,12.798768043518066,-0.04498627409338951,-1.1823402643203735,7.201998233795166,0.1754460632801056,-0.613306999206543,-0.8862482905387878,-0.30820611119270325,0.7742424607276917,0.6724538207054138,0.34384140372276306,-0.10895635187625885,-0.14540202915668488,-1.8617647886276245,0.10689634084701538,0.10383254289627075,-4.175041198730469,-0.11967586725950241,0.6142744421958923,2.104224443435669,-0.8094884157180786,0.08393608778715134,-1.7634633779525757,1.090024709701538,2.8214805126190186,-0.009168051183223724,-0.2775905728340149,1.4895226955413818
196,-16.84029769897461,-0.6398307681083679,3.266530990600586,9.846970558166504,-4.194955825805664,0.4985671043395996,-8.409089088439941,5.2597455978393555,12.766547203063965,-0.03681102395057678,-1.593584656715393,7.134066104888916,0.12067360430955887,-0.5643841028213501,-0.818216860294342,-0.3002637028694153,0.8642148971557617,0.6924561262130737,0.3960305452346802,-0.10170194506645203,-0.34003472328186035,-1.7507878541946411,0.021371960639953613,0.10526816546916962,-4.226622581481934,-0.1433199793100357,0.6760028004646301,2.045283317565918,-0.8536017537117004,0.11763443797826767,-1.7086893320083618,1.0406875610351562,2.8432726860046387,-0.006868503987789154,-0.37147724628448486,1.4723820686340332
197,-16.897092819213867,-0.699945867061615,3.4824583530426025,9.738155364990234,-4.371420383453369,0.4582767188549042,-8.279291152954102,5.071511745452881,12.926703453063965,-0.04948635771870613,-2.019883394241333,7.102691173553467,0.09816869348287582,-0.5278855562210083,-0.9787686467170715,-0.2917548418045044,0.8542764186859131,0.6944760680198669,0.3522147536277771,-0.13067051768302917,-0.33558598160743713,-1.6348148584365845,0.14118331670761108,0.19143147766590118,-4.252488136291504,-0.15074007213115692,0.7124256491661072,2.0322084426879883,-0.8813576698303223,0.0883716568350792,-1.6839101314544678,1.0009024143218994,2.852468252182007,-0.01266198605298996,-0.46271514892578125,1.4700226783752441
198,-16.948091506958008,-0.8543777465820312,3.8017406463623047,9.500665664672852,-4.538790225982666,0.5899658203125,-8.130125999450684,4.899133205413818,12.9549560546875,-0.029659651219844818,-2.4791464805603027,6.988393783569336,0.08571258932352066,-0.5553499460220337,-0.8691434264183044,-0.33754411339759827,0.79642254114151,0.7388702630996704,0.4150405526161194,-0.01301119476556778,-0.20180103182792664,-1.5351715087890625,0.0004062950611114502,-0.03684335947036743,-4.272267818450928,-0.19487851858139038,0.7824466228485107,1.9565974473953247,-0.9160124659538269,0.13879770040512085,-1.654209852218628,0.9654133319854736,2.859983205795288,-0.0035345032811164856,-0.5541316270828247,1.4436275959014893
199,-16.99056053161621,-0.8842381238937378,3.9651591777801514,9.453960418701172,-4.586944580078125,0.5739307403564453,-7.964060306549072,4.690866947174072,12.923182487487793,-0.061581239104270935,-2.854578971862793,7.00934362411499,0.018920758739113808,-0.5555506944656372,-1.0860885381698608,-0.34721457958221436,0.9041217565536499,0.7773361206054688,0.41411229968070984,0.06009315326809883,-0.42255863547325134,-1.4520902633666992,0.11368966102600098,-0.1372334063053131,-4.288933277130127,-0.18443043529987335,0.8013671636581421,1.969496726989746,-0.9123890399932861,0.1156279668211937,-1.6069191694259644,0.9242863059043884,2.879131317138672,-0.017922036349773407,-0.626955509185791,1.4343377351760864
200,-16.994613647460938,-1.0183331966400146,4.184333324432373,9.310751914978027,-4.765918254852295,0.5801181793212891,-7.990289211273193,4.546203136444092,13.150993347167969,-0.06064929813146591,-3.2078936100006104,7.000679016113281,-0.023901596665382385,-0.6014140844345093,-0.94550621509552,-0.3732912242412567,0.8987428545951843,0.81538325548172,0.4787740409374237,0.1636618673801422,-0.41214483976364136,-1.3562188148498535,-0.0610901415348053,-0.28080612421035767,-4.304229259490967,-0.22588646411895752,0.8412219882011414,1.9220798015594482,-0.959600031375885,0.1200752779841423,-1.6437450647354126,0.9042478203773499,2.9097399711608887,-0.012902326881885529,-0.6875343918800354,1.4271481037139893
201,-16.969743728637695,-1.0991365909576416,4.260746002197266,9.362462997436523,-4.795035362243652,0.5941964387893677,-7.904687404632568,4.447572708129883,13.16586685180664,-0.07359278202056885,-3.4285788536071777,6.994429588317871,-0.02618875727057457,-0.6677128076553345,-1.1212637424468994,-0.4403798282146454,0.8161674737930298,0.850348711013794,0.45775657892227173,0.14513489603996277,-0.23486438393592834,-1.2794227600097656,-0.27830660343170166,-0.26932987570762634,-4.292097568511963,-0.2357150912284851,0.8475831747055054,1.961836338043213,-0.9477183818817139,0.12420960515737534,-1.6020153760910034,0.8938800096511841,2.903532028198242,-0.017591528594493866,-0.7267768383026123,1.4133358001708984
202,-16.975719451904297,-1.1195757389068604,4.469741344451904,9.290119171142578,-4.930974960327148,0.7291566729545593,-7.803826332092285,4.3454742431640625,13.133695602416992,-0.044708602130413055,-3.531360149383545,6.862255096435547,-0.09881242364645004,-0.7060644030570984,-1.4975252151489258,-0.45910754799842834,0.9463483691215515,0.91610187292099,0.8793458938598633,0.25004926323890686,-0.4891584813594818,-1.1894865036010742,-0.33127838373184204,-0.4154784083366394,-4.297373294830322,-0.23230785131454468,0.8963181376457214,1.918990969657898,-0.9940254092216492,0.16875863075256348,-1.582008957862854,0.8690277338027954,2.938244581222534,-0.005394093692302704,-0.7412172555923462,1.3753657341003418
203,-16.974599838256836,-1.2090188264846802,4.748351097106934,9.139820098876953,-5.070775508880615,0.4936390519142151,-8.248597145080566,4.325847625732422,13.381550788879395,-0.1910495012998581,-3.72809100151062,6.89824104309082,-0.1305224448442459,-0.7732185125350952,-1.4686204195022583,-0.48847126960754395,0.9303457736968994,0.9488565921783447,0.9404634833335876,0.3131730854511261,-0.4694874584674835,-1.2218518257141113,-0.3266116678714752,-0.503305196762085,-4.3234028816223145,-0.2602892220020294,0.9457695484161377,1.873288631439209,-1.014078140258789,0.06966935843229294,-1.7193681001663208,0.8820353746414185,2.9619293212890625,-0.061331696808338165,-0.7935395836830139,1.3890000581741333
204,-16.958974838256836,-1.4377355575561523,4.84095573425293,9.213295936584473,-5.105829238891602,0.5925187468528748,-8.192437171936035,4.3807902336120605,13.413307189941406,-0.19730669260025024,-3.9496302604675293,6.961506366729736,-0.14127217233181,-0.9254500269889832,-1.0764905214309692,-0.5811948180198669,0.8300418853759766,1.0132241249084473,0.6948633193969727,0.224331796169281,-0.2589876055717468,-1.2808853387832642,-0.8554351329803467,-0.3945450484752655,-4.313783645629883,-0.3273342549800873,0.9481297731399536,1.922173023223877,-1.0107184648513794,0.13608837127685547,-1.6433249711990356,0.9050272703170776,2.9672513008117676,-0.04295552521944046,-0.8417884707450867,1.4028489589691162
205,-16.86563491821289,-1.2364015579223633,4.738476276397705,9.468454360961914,-5.080572128295898,0.6694753170013428,-7.695716381072998,4.281035900115967,13.301177978515625,-0.08151703327894211,-3.8017430305480957,6.789875030517578,-0.2086779922246933,-0.9754021763801575,-0.7009800672531128,-0.5839908123016357,0.9787948131561279,1.0692040920257568,0.5337381362915039,0.3573678135871887,-0.5332673192024231,-1.1913083791732788,-1.4787405729293823,-0.6144939064979553,-4.252140045166016,-0.22863507270812988,0.9211362600326538,2.0001349449157715,-1.0026482343673706,0.14940837025642395,-1.4967533349990845,0.8568488359451294,2.9709372520446777,-0.0010117515921592712,-0.7958567142486572,1.3501131534576416
206,-16.803340911865234,-1.13480806350708,4.550642490386963,9.947746276855469,-5.022697448730469,0.46653279662132263,-7.5646748542785645,4.310536861419678,13.578531265258789,-0.027534421533346176,-3.3517489433288574,6.876285552978516,-0.1888117790222168,-0.9739171266555786,-0.7620259523391724,-0.6575149297714233,0.9406973719596863,1.0188695192337036,0.6357703804969788,0.5167547464370728,-0.45878472924232483,-0.9456279873847961,-1.4752289056777954,-0.8587870597839355,-4.259418964385986,-0.22101768851280212,0.8826079964637756,2.153251886367798,-0.9760677218437195,0.06887050718069077,-1.5261510610580444,0.8894883394241333,3.012559652328491,0.001852579414844513,-0.6813827753067017,1.373986840248108
207,-16.826236724853516,-1.2339361906051636,4.547845363616943,10.269730567932129,-4.841010093688965,0.4408034682273865,-7.902699947357178,4.499680519104004,13.585395812988281,-0.16003453731536865,-3.0038182735443115,6.989313125610352,-0.14624430239200592,-0.9526023864746094,-1.292048454284668,-0.6232252717018127,0.9289929866790771,0.9805554151535034,0.817310094833374,0.24521586298942566,-0.4436531364917755,-0.8675939440727234,-1.0439045429229736,-0.42925116419792175,-4.274380683898926,-0.2689836025238037,0.8962828516960144,2.19590163230896,-0.9280414581298828,0.08759718388319016,-1.653720736503601,0.9574787616729736,3.0206830501556396,-0.05208175629377365,-0.6015262007713318,1.3831651210784912
208,-16.814510345458984,-1.3040965795516968,4.698066711425781,10.023577690124512,-4.910794734954834,0.5232700109481812,-8.385086059570312,4.723568916320801,13.635234832763672,-0.25902259349823,-2.909527540206909,6.783740997314453,-0.07894713431596756,-0.97517329454422,-1.3098663091659546,-0.5313605666160583,0.8080368041992188,1.0178375244140625,0.765704870223999,0.1861828863620758,-0.21274003386497498,-0.9814255237579346,-0.26416879892349243,-0.3246552050113678,-4.246349811553955,-0.27920758724212646,0.9218001365661621,2.0550599098205566,-0.9757987856864929,0.11948954313993454,-1.768197774887085,0.9914675951004028,3.0387322902679443,-0.06785357743501663,-0.5939121842384338,1.3566949367523193
209,-16.831344604492188,-1.4213225841522217,4.717855930328369,9.8592529296875,-4.701623916625977,0.3196898400783539,-8.536297798156738,4.825505256652832,13.541308403015137,-0.395106703042984,-3.0708417892456055,6.770874500274658,-0.13670048117637634,-1.0591611862182617,-1.1050223112106323,-0.6001406908035278,0.9508872628211975,1.0404263734817505,0.7554770708084106,0.39629557728767395,-0.5043192505836487,-1.1994528770446777,-0.3877158463001251,-0.6989503502845764,-4.241772174835205,-0.3105260729789734,0.917904794216156,2.0390143394470215,-0.9019792079925537,0.03817497938871384,-1.7649188041687012,0.9982764720916748,3.056283950805664,-0.10239305347204208,-0.6318234801292419,1.373260736465454
210,-16.81395149230957,-1.360504150390625,4.628273010253906,10.064262390136719,-4.755887031555176,0.19267205893993378,-8.63011646270752,4.956732749938965,13.822402000427246,-0.348978191614151,-3.0028247833251953,7.058778285980225,-0.10792556405067444,-1.097259759902954,-1.2722121477127075,-0.5275695323944092,0.923233151435852,0.9770136475563049,0.6836916208267212,0.18414278328418732,-0.4805685877799988,-1.296468734741211,-0.2133791744709015,-0.352655827999115,-4.257925033569336,-0.274497926235199,0.8960106372833252,2.1326496601104736,-0.9385329484939575,0.022406481206417084,-1.7763444185256958,1.043707013130188,3.086477518081665,-0.06833536177873611,-0.6091398596763611,1.4276783466339111
211,-16.794815063476562,-1.2724241018295288,4.6805419921875,9.833999633789062,-4.847166538238525,0.3871547281742096,-8.684743881225586,5.149197101593018,13.835712432861328,-0.283548504114151,-2.981112241744995,6.939798355102539,-0.10876103490591049,-1.1352509260177612,-1.0857007503509521,-0.5476775169372559,0.9337989687919617,0.9856033325195312,0.7474530935287476,0.22407081723213196,-0.4981840252876282,-1.3880164623260498,-0.40118470788002014,-0.4355393946170807,-4.229443073272705,-0.252413809299469,0.9129739999771118,2.022023916244507,-0.9663297533988953,0.1067899689078331,-1.789900302886963,1.0756434202194214,3.0839133262634277,-0.05155736953020096,-0.5993465781211853,1.4041614532470703
212,-16.819076538085938,-1.1763646602630615,4.662930011749268,9.93775749206543,-4.84441614151001,0.168659046292305,-8.786617279052734,5.1990861892700195,13.875694274902344,-0.3410246670246124,-2.9082865715026855,7.0252156257629395,-0.028539445251226425,-1.1284455060958862,-1.236493468284607,-0.46339741349220276,0.807444155216217,0.9227781891822815,0.6535181999206543,0.12259691208600998,-0.25870802998542786,-1.4928680658340454,-0.20650285482406616,-0.24009233713150024,-4.256234645843506,-0.23160256445407867,0.9127370119094849,2.092963457107544,-0.9519686698913574,0.0047704800963401794,-1.810146689414978,1.0735284090042114,3.0919032096862793,-0.08171150833368301,-0.5905373096466064,1.4247679710388184
213,-16.871713638305664,-1.1626355648040771,4.727461338043213,9.686949729919434,-4.8655877113342285,0.3934926390647888,-8.781573295593262,5.322463512420654,13.789849281311035,-0.27112552523612976,-2.9023633003234863,6.956233978271484,-0.08432765305042267,-1.1409329175949097,-1.064457654953003,-0.5038158297538757,0.9573980569839478,0.939191997051239,0.7300383448600769,0.18324539065361023,-0.5502684116363525,-1.579139232635498,-0.39832907915115356,-0.3783361613750458,-4.254666805267334,-0.23985187709331512,0.9253348708152771,1.9895663261413574,-0.9663984775543213,0.11208458989858627,-1.805721640586853,1.1028016805648804,3.1238911151885986,-0.04879128187894821,-0.5848309993743896,1.4158644676208496
214,-16.865314483642578,-1.013137698173523,4.671762466430664,9.816179275512695,-4.962531566619873,0.1312951147556305,-8.950899124145508,5.397576808929443,14.029211044311523,-0.3161912262439728,-2.8296055793762207,7.094422340393066,-0.04927004128694534,-1.0829060077667236,-1.2155323028564453,-0.44547387957572937,0.9168398976325989,0.8658128380775452,0.6355746388435364,0.13079547882080078,-0.4956984519958496,-1.647126317024231,-0.19585958123207092,-0.29549816250801086,-4.269815444946289,-0.19006529450416565,0.9098041653633118,2.0704782009124756,-0.9855844974517822,-0.00895041972398758,-1.8580986261367798,1.118283987045288,3.129221200942993,-0.07534944266080856,-0.5741345286369324,1.4487226009368896
215,-16.942703247070312,-1.1256266832351685,4.784368515014648,9.689056396484375,-5.028051376342773,0.3538159728050232,-8.973153114318848,5.5763840675354,14.024482727050781,-0.25025248527526855,-2.8389220237731934,7.131392955780029,-0.04292460158467293,-1.0765793323516846,-1.0291038751602173,-0.4117463529109955,0.9122599959373474,0.8540257811546326,0.7004011273384094,0.13944002985954285,-0.4875051975250244,-1.6902766227722168,-0.3793303072452545,-0.2920573651790619,-4.303104400634766,-0.24903719127178192,0.9437434077262878,2.0094001293182373,-1.000023603439331,0.10337840765714645,-1.854628324508667,1.1661789417266846,3.137007713317871,-0.04511771351099014,-0.5735430121421814,1.4593786001205444
216,-16.9744873046875,-0.9269420504570007,4.800188064575195,9.631804466247559,-5.0908355712890625,0.18795901536941528,-9.027203559875488,5.535702228546143,14.001612663269043,-0.29280200600624084,-2.831937074661255,7.11586856842041,0.03235407546162605,-1.016359567642212,-1.1790565252304077,-0.3854706585407257,0.7713095545768738,0.8018128871917725,0.586644172668457,0.04521036148071289,-0.22037649154663086,-1.7717938423156738,-0.1606351137161255,-0.12749111652374268,-4.306699275970459,-0.16482478380203247,0.9466062188148499,2.008129119873047,-1.0117825269699097,0.015909992158412933,-1.860398292541504,1.1282426118850708,3.1221208572387695,-0.07023144513368607,-0.5828810334205627,1.444725513458252
217,-17.06084442138672,-1.0088369846343994,4.896040439605713,9.422812461853027,-5.10847282409668,0.4120825231075287,-8.988845825195312,5.624116897583008,13.904173851013184,-0.22693999111652374,-2.9078214168548584,7.060779094696045,-0.021896062418818474,-0.9918265342712402,-1.000902771949768,-0.3610267639160156,0.9147584438323975,0.8173803687095642,0.662053108215332,0.14225761592388153,-0.5105371475219727,-1.8244191408157349,-0.35529062151908875,-0.2924610376358032,-4.329555511474609,-0.22001443803310394,0.9649624824523926,1.9370079040527344,-1.0170518159866333,0.11535017937421799,-1.8531595468521118,1.1589275598526,3.167851448059082,-0.04034184664487839,-0.5953930616378784,1.44767165184021
218,-17.073593139648438,-0.8368474245071411,4.887652397155762,9.42564582824707,-5.252218246459961,0.15928860008716583,-9.105780601501465,5.602959156036377,14.140686988830566,-0.25287696719169617,-2.914172649383545,7.166085720062256,0.0016849450767040253,-0.9138815999031067,-1.161577820777893,-0.34769800305366516,0.8701773881912231,0.7487828731536865,0.5494018197059631,0.07148467004299164,-0.4561576843261719,-1.8499614000320435,-0.1297033131122589,-0.19758018851280212,-4.347944259643555,-0.14929190278053284,0.9617913961410522,1.9723173379898071,-1.0522247552871704,-0.0018697157502174377,-1.8900305032730103,1.1477980613708496,3.1695356369018555,-0.05953552573919296,-0.6013188362121582,1.4645204544067383
219,-17.159358978271484,-0.9980948567390442,5.042417526245117,9.289240837097168,-5.334502220153809,0.42917144298553467,-9.064972877502441,5.755420684814453,14.146150588989258,-0.18289396166801453,-3.0322468280792236,7.181402206420898,-0.003948738798499107,-0.8991358280181885,-0.976020872592926,-0.33032599091529846,0.8691244125366211,0.7547011971473694,0.6191438436508179,0.13922034204006195,-0.463440477848053,-1.8529843091964722,-0.328461617231369,-0.287457674741745,-4.387209415435791,-0.22791266441345215,1.0025731325149536,1.9192019701004028,-1.0665000677108765,0.12490477412939072,-1.8727096319198608,1.197701334953308,3.183403491973877,-0.030066706240177155,-0.6254303455352783,1.475329875946045
220,-17.205949783325195,-0.8155878782272339,5.117040157318115,9.217391967773438,-5.424051284790039,0.19400881230831146,-9.068492889404297,5.612692832946777,14.138272285461426,-0.24146153032779694,-3.123673677444458,7.169491291046143,0.0614253431558609,-0.8321906924247742,-1.1415531635284424,-0.31353119015693665,0.7412251234054565,0.69727623462677,0.4916343688964844,0.07992992550134659,-0.23173788189888,-1.8900980949401855,-0.08581781387329102,-0.21650084853172302,-4.402232646942139,-0.14303147792816162,1.0205084085464478,1.913904070854187,-1.084858775138855,0.007650099694728851,-1.8673306703567505,1.13175368309021,3.168426036834717,-0.061815790832042694,-0.6558429002761841,1.4524335861206055
221,-17.300439834594727,-0.9553258419036865,5.240966796875,8.989192962646484,-5.447785377502441,0.48145201802253723,-8.963483810424805,5.690765380859375,14.08249282836914,-0.1648528128862381,-3.299501895904541,7.1500396728515625,-0.01305864192545414,-0.8291051387786865,-0.9689074754714966,-0.35645967721939087,0.8838673233985901,0.7292971611022949,0.5804215669631958,0.036574117839336395,-0.5228198766708374,-1.8987385034561157,-0.31114232540130615,-0.16429105401039124,-4.429110527038574,-0.21555393934249878,1.0389072895050049,1.838187336921692,-1.0884230136871338,0.13779619336128235,-1.844210147857666,1.1739556789398193,3.2236058712005615,-0.025194577872753143,-0.6859670281410217,1.4607634544372559
222,-17.253992080688477,-0.7567139267921448,5.2407684326171875,8.968369483947754,-5.62339973449707,0.18777607381343842,-9.039178848266602,5.621471405029297,14.300612449645996,-0.20038782060146332,-3.3867926597595215,7.097908973693848,-0.001539718359708786,-0.7490087747573853,-1.1592957973480225,-0.3426096737384796,0.8541799783706665,0.6650926470756531,0.4698335826396942,0.16110879182815552,-0.49739697575569153,-1.8801738023757935,-0.06679964065551758,-0.35770881175994873,-4.409859657287598,-0.1284160315990448,1.0356231927871704,1.8595863580703735,-1.133560061454773,-0.001569695770740509,-1.8734277486801147,1.136986494064331,3.210598945617676,-0.04951176792383194,-0.710242748260498,1.447706937789917
223,-17.36888885498047,-0.9967355728149414,5.453823566436768,8.883382797241211,-5.680054664611816,0.431345134973526,-9.005669593811035,5.678343296051025,14.352439880371094,-0.13887745141983032,-3.556117296218872,7.222134590148926,-0.022183788940310478,-0.7583531141281128,-0.9676600098609924,-0.3638697862625122,0.8587386608123779,0.6625281572341919,0.5488970279693604,0.14755597710609436,-0.5151960849761963,-1.828271746635437,-0.29784470796585083,-0.38361355662345886,-4.490313529968262,-0.23717179894447327,1.0928196907043457,1.8337218761444092,-1.1342236995697021,0.12139900773763657,-1.86548912525177,1.1764975786209106,3.2423675060272217,-0.021567396819591522,-0.7366202473640442,1.4729156494140625
224,-17.367679595947266,-0.7996699213981628,5.491475582122803,8.82297420501709,-5.766539573669434,0.273368775844574,-8.971115112304688,5.588850498199463,14.34878921508789,-0.18345072865486145,-3.667390823364258,7.174576282501221,0.03131552040576935,-0.6970450282096863,-1.173753261566162,-0.3695048391819,0.7329108119010925,0.6210428476333618,0.43407055735588074,0.13196799159049988,-0.2814880907535553,-1.8167693614959717,-0.040625691413879395,-0.3819141387939453,-4.46620512008667,-0.1371953934431076,1.092531681060791,1.82065749168396,-1.1551300287246704,0.03436215966939926,-1.8435906171798706,1.1323531866073608,3.220231294631958,-0.0468495711684227,-0.7720152735710144,1.4444003105163574
225,-17.448028564453125,-0.9586042761802673,5.653671741485596,8.63394832611084,-5.764529228210449,0.4640379548072815,-8.909990310668945,5.58793830871582,14.288150787353516,-0.1438683271408081,-3.8532276153564453,7.153306007385254,-0.04805082827806473,-0.6925945281982422,-1.1807485818862915,-0.41257327795028687,0.8858223557472229,0.6373739242553711,0.4789525270462036,0.14171536266803741,-0.590239405632019,-1.7871720790863037,-0.10426837205886841,-0.4043589234352112,-4.4996161460876465,-0.21788740158081055,1.1254652738571167,1.7584351301193237,-1.1507458686828613,0.12069501727819443,-1.8418867588043213,1.144071102142334,3.275883436203003,-0.025817908346652985,-0.7982505559921265,1.4451220035552979
226,-17.409578323364258,-0.8347758650779724,5.7199578285217285,8.568967819213867,-5.963117599487305,0.28016459941864014,-9.001052856445312,5.5348591804504395,14.547353744506836,-0.160522922873497,-3.983126640319824,7.141018390655518,-0.060376960784196854,-0.6524785161018372,-0.991280198097229,-0.4099842309951782,0.8546028733253479,0.6022619009017944,0.5127995014190674,0.007658015936613083,-0.5493583083152771,-1.7402307987213135,-0.28351280093193054,-0.23217998445034027,-4.490516185760498,-0.15402324497699738,1.1304584741592407,1.7581290006637573,-1.2063593864440918,0.03223379701375961,-1.8758951425552368,1.1264238357543945,3.2763469219207764,-0.03764719516038895,-0.8283071517944336,1.4408700466156006
227,-17.3902587890625,-0.9608436226844788,5.73892879486084,8.59619426727295,-5.9228291511535645,0.4511677920818329,-8.924040794372559,5.631763458251953,14.506460189819336,-0.09926001727581024,-4.047823905944824,7.073843002319336,-0.08662880957126617,-0.6521332859992981,-1.080880045890808,-0.47795942425727844,0.8542193174362183,0.5982231497764587,0.36414825916290283,0.15395697951316833,-0.5552737712860107,-1.6448947191238403,-0.5291710495948792,-0.4162976145744324,-4.479244232177734,-0.21359986066818237,1.1399515867233276,1.7803466320037842,-1.1710644960403442,0.11531951278448105,-1.8308137655258179,1.1592069864273071,3.261577606201172,-0.012732721865177155,-0.8436977863311768,1.4411823749542236
228,-17.430374145507812,-0.8457627296447754,5.96808385848999,8.635984420776367,-6.09031867980957,0.4193493723869324,-8.80154800415039,5.428705215454102,14.556121826171875,-0.08134803175926208,-4.016366481781006,7.059391021728516,-0.08163285255432129,-0.5799384713172913,-1.1712002754211426,-0.46485432982444763,0.8480286598205566,0.5777736902236938,0.41863685846328735,0.11610844731330872,-0.5537378787994385,-1.5258899927139282,-0.4244285225868225,-0.3503704369068146,-4.524199485778809,-0.15727171301841736,1.2053548097610474,1.7839076519012451,-1.2337530851364136,0.08124174922704697,-1.8138271570205688,1.086740255355835,3.2872018814086914,-0.015045665204524994,-0.836316704750061,1.4140998125076294
229,-17.433822631835938,-0.9719796776771545,6.0318098068237305,8.565672874450684,-6.048283100128174,0.5206541419029236,-8.871829986572266,5.532413005828857,14.603960037231445,-0.10129602998495102,-4.1208109855651855,7.049652099609375,-0.03633289784193039,-0.5692141652107239,-1.1782631874084473,-0.4743623435497284,0.695412278175354,0.5955862998962402,0.42133575677871704,0.10468488931655884,-0.26617851853370667,-1.4609712362289429,-0.4288598299026489,-0.34570637345314026,-4.508009910583496,-0.21524295210838318,1.192060112953186,1.7556811571121216,-1.1964055299758911,0.11992689222097397,-1.84670889377594,1.1459084749221802,3.3029227256774902,-0.02472921460866928,-0.862825870513916,1.4299900531768799
230,-17.45660400390625,-0.9495325684547424,6.188089370727539,8.421290397644043,-6.016261577606201,0.41441473364830017,-8.83791446685791,5.4015703201293945,14.433011054992676,-0.15791954100131989,-4.219725608825684,6.953499794006348,-0.10665883868932724,-0.5448387265205383,-1.1251475811004639,-0.4652802348136902,0.8566303849220276,0.5990963578224182,0.382224977016449,-0.055710744112730026,-0.5971184372901917,-1.4368845224380493,-0.6629099249839783,-0.10831284523010254,-4.505209922790527,-0.19057273864746094,1.238784670829773,1.7105520963668823,-1.2012882232666016,0.07015278190374374,-1.8251475095748901,1.085176706314087,3.309886932373047,-0.04215618222951889,-0.8863353133201599,1.3942683935165405
231,-17.353351593017578,-0.9617661237716675,6.14520263671875,8.412070274353027,-6.162178993225098,0.5243821740150452,-8.799635887145996,5.510347366333008,14.732869148254395,-0.04934991896152496,-4.202095031738281,6.876873970031738,-0.12096153944730759,-0.5382955074310303,-1.2992545366287231,-0.5338081121444702,0.8161153793334961,0.6066589951515198,0.5463704466819763,0.07381214201450348,-0.5474289655685425,-1.3015475273132324,-0.8400646448135376,-0.33977362513542175,-4.459879398345947,-0.19757024943828583,1.2064071893692017,1.7300429344177246,-1.2412399053573608,0.12200041860342026,-1.8201574087142944,1.1320621967315674,3.336479425430298,0.004990510642528534,-0.8839039206504822,1.4093265533447266
232,-17.39559555053711,-1.0028140544891357,6.4538068771362305,8.416996002197266,-6.1918535232543945,0.38369348645210266,-8.950403213500977,5.461095809936523,14.698834419250488,-0.1463780701160431,-4.201951026916504,6.926239013671875,-0.11284381151199341,-0.5123161673545837,-1.4057092666625977,-0.5080438852310181,0.8165746927261353,0.5790373682975769,0.6544374227523804,0.04563237726688385,-0.5712255239486694,-1.2410820722579956,-0.8446400165557861,-0.2953697144985199,-4.516079425811768,-0.20989811420440674,1.3049460649490356,1.7258409261703491,-1.2384694814682007,0.059194229543209076,-1.8635956048965454,1.1117665767669678,3.323800563812256,-0.04509032517671585,-0.8930138349533081,1.3981497287750244
233,-17.391292572021484,-1.0914362668991089,6.534650802612305,8.283262252807617,-6.227288246154785,0.516581654548645,-8.995325088500977,5.545103549957275,14.746859550476074,-0.15063057839870453,-4.3210368156433105,6.935384273529053,-0.12470623850822449,-0.5245954394340515,-1.2891242504119873,-0.5108150243759155,0.8140272498130798,0.6038990020751953,0.6615622043609619,0.04186169058084488,-0.5857099890708923,-1.2191188335418701,-0.9126535058021545,-0.3011353611946106,-4.494204521179199,-0.23416180908679962,1.2873879671096802,1.68070387840271,-1.2455096244812012,0.12338825315237045,-1.852904200553894,1.143265962600708,3.3395464420318604,-0.03264971822500229,-0.9308736324310303,1.4110620021820068
234,-17.364290237426758,-1.0675885677337646,6.573904991149902,8.268643379211426,-6.217871189117432,0.3302749991416931,-8.956522941589355,5.480499267578125,14.749656677246094,-0.19313153624534607,-4.387148380279541,6.898316860198975,-0.07081407308578491,-0.5458776950836182,-0.9964793920516968,-0.46701908111572266,0.6668112277984619,0.5744823813438416,0.5095022320747375,-0.09246225655078888,-0.3135986328125,-1.2044965028762817,-1.2133395671844482,-0.1016491949558258,-4.481901168823242,-0.2142787128686905,1.301146388053894,1.6938295364379883,-1.2374980449676514,0.042118243873119354,-1.835382103919983,1.109043002128601,3.3292319774627686,-0.047134242951869965,-0.9430557489395142,1.3935952186584473
235,-17.326250076293945,-1.0496106147766113,6.500149726867676,8.27283763885498,-6.061686038970947,0.5823116302490234,-8.652645111083984,5.501958847045898,14.589221000671387,-0.06979044526815414,-4.2754740715026855,6.758193492889404,-0.1537012755870819,-0.558163583278656,-0.767096221446991,-0.5461388230323792,0.8382765650749207,0.6148477792739868,0.44139379262924194,0.05862008035182953,-0.6524369716644287,-1.0977095365524292,-1.5354125499725342,-0.3659115135669708,-4.436819553375244,-0.21160531044006348,1.288069486618042,1.7020961046218872,-1.1946300268173218,0.15299633145332336,-1.7434889078140259,1.1171953678131104,3.34852933883667,0.002667449414730072,-0.9154436588287354,1.3729652166366577
236,-17.242595672607422,-0.9200802445411682,6.407898902893066,8.652009963989258,-6.034484386444092,0.32875749468803406,-8.703967094421387,5.49883508682251,14.890233039855957,-0.07732395827770233,-3.9926655292510986,6.854872703552246,-0.11660418659448624,-0.48022982478141785,-0.7493143677711487,-0.4954335391521454,0.7938894629478455,0.5504536032676697,0.3799622654914856,0.06425033509731293,-0.5950335264205933,-0.9300597906112671,-1.511200189590454,-0.36264610290527344,-4.430806636810303,-0.17002920806407928,1.2743035554885864,1.8341866731643677,-1.1911485195159912,0.03271927684545517,-1.8092833757400513,1.1262463331222534,3.3716931343078613,-0.017366506159305573,-0.8433312177658081,1.3863482475280762
237,-17.26306915283203,-1.040177345275879,6.4123735427856445,8.7743501663208,-5.888638973236084,0.6838852167129517,-8.753978729248047,5.700598239898682,14.866837501525879,-0.003632189240306616,-3.780649185180664,6.882563591003418,-0.08957383781671524,-0.4170200228691101,-1.0020660161972046,-0.44117140769958496,0.7869981527328491,0.5811578035354614,0.39975792169570923,0.031658999621868134,-0.5964658260345459,-0.7538655400276184,-1.2452126741409302,-0.2917802035808563,-4.440666198730469,-0.2275296300649643,1.2833585739135742,1.8318239450454712,-1.152180790901184,0.1875593364238739,-1.8242686986923218,1.194741129875183,3.368837594985962,0.009636826813220978,-0.7938406467437744,1.395460605621338
238,-17.2741756439209,-0.9553574919700623,6.584258556365967,8.623640060424805,-5.9747138023376465,0.43809568881988525,-8.977287292480469,5.659114360809326,14.863608360290527,-0.14013440907001495,-3.74165415763855,6.783655643463135,-0.06008528172969818,-0.3317907750606537,-1.0855417251586914,-0.3859609067440033,0.777375340461731,0.5740746259689331,0.31493592262268066,-0.153569757938385,-0.595345675945282,-0.7023440599441528,-0.604392409324646,-0.020188897848129272,-4.437662601470947,-0.18207859992980957,1.3237515687942505,1.7599472999572754,-1.2013475894927979,0.05602627247571945,-1.8973219394683838,1.14900803565979,3.362908124923706,-0.048028357326984406,-0.7919973731040955,1.3645148277282715
239,-17.23764419555664,-1.2448731660842896,6.5663838386535645,8.496393203735352,-5.86260461807251,0.5129337310791016,-9.07758903503418,5.873664379119873,14.868276596069336,-0.16470728814601898,-3.9342024326324463,6.7352190017700195,-0.06805109977722168,-0.37921571731567383,-1.204153060913086,-0.4036034941673279,0.766404926776886,0.5847316384315491,0.40033435821533203,-0.001524467021226883,-0.5917112827301025,-0.6659500598907471,-0.1351976990699768,-0.275444895029068,-4.40005350112915,-0.2907825708389282,1.2947778701782227,1.7382054328918457,-1.1511510610580444,0.11476226896047592,-1.9122098684310913,1.2192394733428955,3.366641044616699,-0.037480391561985016,-0.8287138938903809,1.3904871940612793
240,-17.240880966186523,-1.1760534048080444,6.719311714172363,8.351278305053711,-5.853364944458008,0.17986972630023956,-9.334814071655273,5.744971752166748,14.835165977478027,-0.284438818693161,-4.134000301361084,6.774396896362305,0.0018557123839855194,-0.42069581151008606,-1.1361124515533447,-0.3688148260116577,0.6084258556365967,0.5062331557273865,0.3439086973667145,-0.055480167269706726,-0.30558982491493225,-0.7067962288856506,-0.13476800918579102,-0.2103685885667801,-4.42124080657959,-0.22936846315860748,1.3440512418746948,1.6987138986587524,-1.1638973951339722,-0.008576519787311554,-1.982763648033142,1.158626914024353,3.3496694564819336,-0.07531601935625076,-0.8558333516120911,1.3677825927734375
241,-17.272199630737305,-1.300594687461853,6.71124267578125,8.198878288269043,-5.768704891204834,0.5885359644889832,-9.173645973205566,5.8527750968933105,14.696676254272461,-0.1401815265417099,-4.2499823570251465,6.782154560089111,-0.09009644389152527,-0.5137479901313782,-0.9401787519454956,-0.40439561009407043,0.7837725877761841,0.5421833395957947,0.38593828678131104,-0.04345102980732918,-0.6606496572494507,-0.6588086485862732,-0.32680371403694153,-0.24638168513774872,-4.412578582763672,-0.2812039256095886,1.328558087348938,1.6677494049072266,-1.145911455154419,0.1751578152179718,-1.8908478021621704,1.2072463035583496,3.391385316848755,-0.009206049144268036,-0.8814917802810669,1.3849866390228271
242,-17.170734405517578,-1.0144532918930054,6.6433234214782715,8.294471740722656,-5.894293308258057,0.20394954085350037,-9.238274574279785,5.795124530792236,14.954957962036133,-0.18733787536621094,-4.203420639038086,6.757596015930176,-0.07383622974157333,-0.4944893717765808,-1.002553939819336,-0.3721516728401184,0.742750346660614,0.4581815302371979,0.19942373037338257,-0.2141028791666031,-0.6147922873497009,-0.5970166325569153,-0.5158650875091553,-0.002045467495918274,-4.379918098449707,-0.168224036693573,1.3186241388320923,1.7212554216384888,-1.1854984760284424,-0.01058361679315567,-1.9332255125045776,1.173799991607666,3.378324031829834,-0.0451936200261116,-0.8634213805198669,1.3676451444625854
243,-17.19504165649414,-1.2215332984924316,6.780821323394775,8.295734405517578,-5.909879207611084,0.7628825902938843,-8.993071556091309,6.005067825317383,14.952556610107422,0.02114240452647209,-4.114882469177246,6.700188636779785,-0.0891471579670906,-0.5448976755142212,-1.1262489557266235,-0.42379990220069885,0.7400534152984619,0.5108634233474731,0.27471309900283813,-0.07090532779693604,-0.6192818284034729,-0.3945847451686859,-0.3558664321899414,-0.23781812191009521,-4.404806613922119,-0.27668872475624084,1.3656470775604248,1.7121233940124512,-1.180789828300476,0.23071792721748352,-1.8520419597625732,1.2442574501037598,3.393897771835327,0.03267055004835129,-0.8471355438232422,1.3815442323684692
244,-17.19626808166504,-1.0220482349395752,7.016526699066162,8.27806568145752,-5.908658504486084,0.21905066072940826,-9.11461067199707,5.837156772613525,14.913866996765137,-0.24368354678153992,-4.193188190460205,6.69090461730957,-0.059409186244010925,-0.491303950548172,-1.1258301734924316,-0.37054121494293213,0.7298910617828369,0.4478539228439331,0.2673782706260681,-0.12256541848182678,-0.619542121887207,-0.4036256968975067,-0.20946037769317627,-0.16104815900325775,-4.407703399658203,-0.18146243691444397,1.4213181734085083,1.6987566947937012,-1.177303433418274,-0.029012776911258698,-1.9196083545684814,1.169690728187561,3.3656296730041504,-0.08560387045145035,-0.8696249127388,1.3465908765792847
245,-17.185157775878906,-1.3426432609558105,6.954774856567383,8.23021411895752,-5.8015570640563965,0.5948261618614197,-9.077729225158691,6.071206092834473,14.95368766784668,-0.11239098012447357,-4.3055009841918945,6.760810375213623,-0.07503792643547058,-0.5802449584007263,-1.1080873012542725,-0.38523274660110474,0.7193773984909058,0.4658757150173187,0.25690704584121704,-0.12380865216255188,-0.6137225031852722,-0.3073306381702423,-0.2944878935813904,-0.16983255743980408,-4.384490013122559,-0.31666678190231323,1.3704421520233154,1.6910003423690796,-1.1410547494888306,0.17163529992103577,-1.890781283378601,1.2690354585647583,3.395047903060913,-0.005089811980724335,-0.8916648030281067,1.393430471420288
246,-17.160606384277344,-1.0571902990341187,7.094554901123047,8.120805740356445,-5.896958351135254,0.29991087317466736,-9.067370414733887,5.905745029449463,14.903831481933594,-0.18640196323394775,-4.311077117919922,6.632819652557373,-0.062013305723667145,-0.5607088208198547,-1.0562304258346558,-0.3506104350090027,0.7093365788459778,0.41916152834892273,0.2147412896156311,-0.27183347940444946,-0.610101044178009,-0.264371782541275,-0.413509339094162,0.04578544199466705,-4.381356716156006,-0.17741812765598297,1.4295235872268677,1.653740406036377,-1.1892932653427124,0.02103402465581894,-1.8933504819869995,1.178392767906189,3.3629770278930664,-0.04780886322259903,-0.8887475728988647,1.3327298164367676
247,-17.11588478088379,-1.2755087614059448,7.059652805328369,8.12779712677002,-5.83527135848999,0.6159246563911438,-8.960259437561035,6.11681604385376,14.937539100646973,-0.07213277369737625,-4.292722225189209,6.606985092163086,-0.013833854347467422,-0.6494393348693848,-1.0227687358856201,-0.4079849123954773,0.5421524047851562,0.44209161400794983,0.19150876998901367,-0.13815535604953766,-0.29387766122817993,-0.1401945799589157,-0.5791498422622681,-0.1896328628063202,-4.348520278930664,-0.28987759351730347,1.40117347240448,1.6766605377197266,-1.1551077365875244,0.16766196489334106,-1.857932209968567,1.2662556171417236,3.391427993774414,0.0008748844265937805,-0.8880584239959717,1.3677551746368408
248,-17.152599334716797,-1.083240270614624,7.260735034942627,8.112417221069336,-5.74014949798584,0.33476585149765015,-8.874201774597168,5.915208339691162,14.700027465820312,-0.2026452273130417,-4.230714797973633,6.552041530609131,-0.05983833223581314,-0.6250088214874268,-0.9662165641784668,-0.38083183765411377,0.7170563340187073,0.41081830859184265,0.14850735664367676,-0.17313608527183533,-0.6549162268638611,-0.12178534269332886,-0.6940160989761353,-0.13522523641586304,-4.370016574859619,-0.19585983455181122,1.478220820426941,1.6628196239471436,-1.1413239240646362,0.02996932715177536,-1.8419780731201172,1.1785471439361572,3.379011869430542,-0.058280475437641144,-0.8778044581413269,1.313808798789978
249,-17.057764053344727,-1.1974645853042603,7.077879905700684,8.219395637512207,-5.782198905944824,0.5518486499786377,-8.878592491149902,6.166622638702393,15.037810325622559,-0.07349355518817902,-4.134213924407959,6.633706092834473,-0.04805879294872284,-0.6510428786277771,-1.0096595287322998,-0.359561026096344,0.6708707809448242,0.4099500775337219,0.1810665726661682,-0.18305319547653198,-0.598171055316925,0.017740197479724884,-0.5927528142929077,-0.1244751438498497,-4.3186445236206055,-0.26026755571365356,1.388677954673767,1.7100417613983154,-1.1533470153808594,0.14123660326004028,-1.8607394695281982,1.2901504039764404,3.4213316440582275,0.002562016248703003,-0.8559126853942871,1.368406057357788
250,-17.073020935058594,-1.0906819105148315,7.259354114532471,8.140825271606445,-5.742203235626221,0.3758907914161682,-8.977499961853027,6.136558532714844,14.919361114501953,-0.18522481620311737,-4.094451427459717,6.532865047454834,-0.026088500395417213,-0.6272861957550049,-1.0447139739990234,-0.301718533039093,0.6667912006378174,0.38531333208084106,0.1928369402885437,-0.32083067297935486,-0.6088674068450928,0.04528069496154785,-0.32915711402893066,0.08088068664073944,-4.344125270843506,-0.20868748426437378,1.473319411277771,1.6657602787017822,-1.1412276029586792,0.05243118852376938,-1.8926886320114136,1.2438923120498657,3.364732503890991,-0.05183020979166031,-0.8443477749824524,1.319210171699524
251,-17.014301300048828,-1.2150330543518066,7.206465721130371,8.03506088256836,-5.697671890258789,0.45057448744773865,-9.046895027160645,6.305585861206055,14.920266151428223,-0.19030438363552094,-4.163524627685547,6.484555244445801,-0.02865099534392357,-0.6674597263336182,-1.084619402885437,-0.31301918625831604,0.6611770987510681,0.3856510519981384,0.2240564227104187,-0.18970271944999695,-0.6147902011871338,0.05974302813410759,-0.13184010982513428,-0.1424168348312378,-4.291591644287109,-0.26527318358421326,1.4274020195007324,1.6429455280303955,-1.1304335594177246,0.10134395211935043,-1.904395341873169,1.2984912395477295,3.37728214263916,-0.03861803561449051,-0.8578416705131531,1.3397284746170044
252,-17.014558792114258,-1.1632590293884277,7.299802303314209,7.9840593338012695,-5.673586368560791,0.21742640435695648,-9.180631637573242,6.249887943267822,14.898757934570312,-0.26922082901000977,-4.204358100891113,6.524484157562256,-0.01696711964905262,-0.6863235235214233,-1.0443122386932373,-0.2792840301990509,0.6552755236625671,0.32174089550971985,0.19723790884017944,-0.23443560302257538,-0.6225464344024658,0.032346975058317184,-0.13787460327148438,-0.0806618183851242,-4.312740325927734,-0.2312803864479065,1.4657455682754517,1.6363086700439453,-1.1285200119018555,0.012560509145259857,-1.9425705671310425,1.2682843208312988,3.3652844429016113,-0.06416111439466476,-0.8556562066078186,1.3254534006118774
253,-16.99717903137207,-1.2137541770935059,7.246445655822754,7.928035736083984,-5.673882961273193,0.48614808917045593,-9.139657974243164,6.406722068786621,14.922065734863281,-0.16416692733764648,-4.201308250427246,6.551398754119873,-0.02697031758725643,-0.7337091565132141,-0.8151569366455078,-0.2802032232284546,0.6492130756378174,0.33378544449806213,0.2730710506439209,-0.22307604551315308,-0.6207659840583801,0.06683462858200073,-0.38692131638526917,-0.11063145101070404,-4.295450210571289,-0.25565844774246216,1.4383114576339722,1.6267954111099243,-1.132182240486145,0.13447049260139465,-1.9103673696517944,1.324990153312683,3.3798742294311523,-0.01884477585554123,-0.855148434638977,1.3469603061676025
254,-16.967010498046875,-1.0373510122299194,7.2280592918396,7.990294933319092,-5.623816967010498,0.244222491979599,-9.154245376586914,6.383738040924072,14.870413780212402,-0.22264696657657623,-4.079168319702148,6.511164665222168,-0.010509787127375603,-0.7042646408081055,-0.9344125986099243,-0.25924691557884216,0.6359781622886658,0.2770770192146301,0.0797545313835144,-0.3610641658306122,-0.6120205521583557,0.07215877622365952,-0.3511166572570801,0.09028689563274384,-4.285035610198975,-0.18891462683677673,1.4569727182388306,1.656903624534607,-1.1150894165039062,0.01680033653974533,-1.9122629165649414,1.2965482473373413,3.3500325679779053,-0.05211775749921799,-0.8309532403945923,1.3222832679748535
255,-16.946752548217773,-1.1227421760559082,7.257664680480957,7.958832740783691,-5.641226291656494,0.6119829416275024,-9.041508674621582,6.57389497756958,14.903145790100098,-0.07621144503355026,-3.976522922515869,6.470223903656006,-0.009901883080601692,-0.7031310796737671,-1.0268096923828125,-0.26277023553848267,0.6233891248703003,0.3138415217399597,0.17714518308639526,-0.25182950496673584,-0.599468469619751,0.172901913523674,-0.14483678340911865,-0.08703739941120148,-4.271320819854736,-0.24165718257427216,1.452601432800293,1.6379880905151367,-1.1286979913711548,0.17303955554962158,-1.8923063278198242,1.3569042682647705,3.3807742595672607,0.004274927079677582,-0.8022302389144897,1.3381108045578003
256,-16.945663452148438,-1.0053843259811401,7.401193141937256,7.902632236480713,-5.583646774291992,0.1964872181415558,-9.233724594116211,6.512180805206299,14.853178977966309,-0.2739295959472656,-3.9864423274993896,6.4769463539123535,0.014355141669511795,-0.6540793180465698,-0.9886486530303955,-0.22348907589912415,0.6067886352539062,0.2599593997001648,0.14372259378433228,-0.3129994869232178,-0.5871992111206055,0.11833352595567703,-0.13691961765289307,0.00342395156621933,-4.278532981872559,-0.18996179103851318,1.4956504106521606,1.6206104755401611,-1.1068700551986694,-0.016170062124729156,-1.9644855260849,1.3202502727508545,3.3513801097869873,-0.08041267842054367,-0.8066575527191162,1.316443920135498
257,-16.922758102416992,-1.2067240476608276,7.337220668792725,7.869881629943848,-5.548954010009766,0.525826632976532,-9.173038482666016,6.718204498291016,14.864285469055176,-0.14765961468219757,-3.9887797832489014,6.532983303070068,0.0701773464679718,-0.7121008634567261,-0.7566030025482178,-0.21922865509986877,0.44503098726272583,0.2817036509513855,0.22999852895736694,-0.3039643466472626,-0.2818834185600281,0.152057483792305,-0.4061813950538635,-0.02731497585773468,-4.253629684448242,-0.2742294669151306,1.458799123764038,1.6207197904586792,-1.1035631895065308,0.15037944912910461,-1.9191932678222656,1.3948239088058472,3.3702354431152344,-0.012719415128231049,-0.8112998604774475,1.3544594049453735
258,-16.926376342773438,-0.9353305697441101,7.36587381362915,7.801971912384033,-5.426661014556885,0.23888052999973297,-9.126851081848145,6.594364166259766,14.593316078186035,-0.25150176882743835,-3.8792166709899902,6.422276496887207,0.026765672490000725,-0.6449028849601746,-0.9780973196029663,-0.20135825872421265,0.6116842031478882,0.24406319856643677,0.05402502417564392,-0.43296584486961365,-0.6310304999351501,0.10006408393383026,-0.055533409118652344,0.15710365772247314,-4.244633197784424,-0.1549171507358551,1.4965051412582397,1.5992603302001953,-1.075688362121582,0.009658120572566986,-1.89895498752594,1.3235125541687012,3.339097261428833,-0.06363487988710403,-0.7916955351829529,1.298710584640503
259,-16.816781997680664,-1.0690267086029053,7.245074272155762,7.76625394821167,-5.545998573303223,0.4809822142124176,-9.215532302856445,6.876153469085693,14.932905197143555,-0.12148863077163696,-3.8457438945770264,6.459395408630371,0.026440080255270004,-0.6509929895401001,-0.9339771866798401,-0.21086476743221283,0.5717226266860962,0.25537270307540894,0.1261737048625946,-0.338295042514801,-0.5835081934928894,0.1622169464826584,-0.18215197324752808,-0.0042681023478507996,-4.1940789222717285,-0.23661121726036072,1.4229201078414917,1.5976232290267944,-1.1195374727249146,0.12951916456222534,-1.9657937288284302,1.4317984580993652,3.3962926864624023,-0.007013894617557526,-0.7642231583595276,1.3509982824325562
260,-16.86737060546875,-1.0068031549453735,7.484299659729004,7.747400760650635,-5.49599027633667,0.275905966758728,-9.242263793945312,6.812231063842773,14.809691429138184,-0.21791262924671173,-3.7872424125671387,6.456835746765137,0.042555853724479675,-0.6189407110214233,-0.7053694725036621,-0.17251861095428467,0.5691978335380554,0.22275596857070923,0.183937668800354,-0.3812606930732727,-0.5942229628562927,0.15161922574043274,-0.40210825204849243,0.06203421950340271,-4.251999378204346,-0.19747820496559143,1.5365806818008423,1.594347596168518,-1.092362880706787,0.028100721538066864,-1.9453257322311401,1.3800241947174072,3.3315072059631348,-0.05593966692686081,-0.7665121555328369,1.3172097206115723
261,-16.810230255126953,-1.0586801767349243,7.325201034545898,7.810570240020752,-5.409384250640869,0.42538562417030334,-9.156203269958496,6.992408752441406,14.798097610473633,-0.16201813519001007,-3.7217822074890137,6.5030436515808105,0.05093402788043022,-0.5984295606613159,-0.9216394424438477,-0.1669180989265442,0.5634375810623169,0.21886056661605835,0.015581220388412476,-0.4150223731994629,-0.5994951128959656,0.17947188019752502,-0.0644572377204895,0.10181066393852234,-4.1930155754089355,-0.22326205670833588,1.4634828567504883,1.624644160270691,-1.068562388420105,0.10576798766851425,-1.9041372537612915,1.447543740272522,3.3399269580841064,-0.02477928251028061,-0.7630000114440918,1.3495819568634033
262,-16.80671501159668,-0.9549038410186768,7.460935592651367,7.669488430023193,-5.44816780090332,0.34032437205314636,-9.177452087402344,6.972689628601074,14.789323806762695,-0.17787325382232666,-3.7136571407318115,6.425655841827393,0.06009406968951225,-0.5499534606933594,-0.8774056434631348,-0.15707296133041382,0.5574260950088501,0.20637863874435425,0.06711453199386597,-0.48891139030456543,-0.5987011194229126,0.19248265027999878,-0.15872108936309814,0.20565998554229736,-4.2053937911987305,-0.1807260662317276,1.5085132122039795,1.5619983673095703,-1.0941681861877441,0.05713420361280441,-1.9486316442489624,1.4130496978759766,3.3374297618865967,-0.03732592612504959,-0.7415841817855835,1.316422700881958
263,-16.770706176757812,-1.0798168182373047,7.465853214263916,7.646895885467529,-5.417180061340332,0.4098902642726898,-9.163545608520508,7.101386547088623,14.776518821716309,-0.15743881464004517,-3.7045187950134277,6.424351692199707,0.057306621223688126,-0.554172694683075,-0.6720088720321655,-0.15210138261318207,0.549867570400238,0.206992045044899,0.15801900625228882,-0.39658236503601074,-0.5927714109420776,0.23133686184883118,-0.40668293833732605,0.054647140204906464,-4.179835319519043,-0.23693504929542542,1.5020217895507812,1.5752196311950684,-1.078351616859436,0.09187611192464828,-1.9256705045700073,1.4572117328643799,3.333704710006714,-0.028475187718868256,-0.7543444037437439,1.3374693393707275
264,-16.741085052490234,-0.9852508306503296,7.459839820861816,7.715048789978027,-5.325333118438721,0.2651160955429077,-9.161499977111816,7.084616184234619,14.71498966217041,-0.18588577210903168,-3.600146770477295,6.453563690185547,0.07835055142641068,-0.5063008666038513,-0.8715605735778809,-0.12744249403476715,0.5351464152336121,0.15619543194770813,-0.025445520877838135,-0.4727581739425659,-0.5821204781532288,0.2644456923007965,-0.05596601963043213,0.1696561574935913,-4.172021865844727,-0.1880219578742981,1.5154832601547241,1.6039574146270752,-1.051296591758728,0.03395520895719528,-1.9187320470809937,1.442785620689392,3.306769847869873,-0.04046442359685898,-0.7328781485557556,1.3256847858428955
265,-16.715579986572266,-1.0610767602920532,7.4894890785217285,7.615190505981445,-5.321744918823242,0.5100203156471252,-9.135525703430176,7.227294445037842,14.734858512878418,-0.11310292780399323,-3.604586124420166,6.4377264976501465,0.07726136595010757,-0.4965932369232178,-0.8364592790603638,-0.1300329864025116,0.5258439183235168,0.18052051961421967,0.038037002086639404,-0.4617719352245331,-0.573843777179718,0.32657915353775024,-0.1597970724105835,0.1453915685415268,-4.154655456542969,-0.2260867953300476,1.5024925470352173,1.5589569807052612,-1.0634033679962158,0.13533738255500793,-1.9349859952926636,1.4872426986694336,3.3326683044433594,-0.01270836591720581,-0.7205331325531006,1.336255669593811
266,-16.705455780029297,-0.9989588260650635,7.585428714752197,7.572235107421875,-5.309468746185303,0.2786484658718109,-9.15784740447998,7.183719635009766,14.683880805969238,-0.18941238522529602,-3.5770633220672607,6.39767599105835,0.08714751154184341,-0.4708803594112396,-0.6242260932922363,-0.106357641518116,0.5134499073028564,0.14797541499137878,0.12324061989784241,-0.5189889669418335,-0.5622031092643738,0.3476365804672241,-0.4019133448600769,0.22973817586898804,-4.158230304718018,-0.1947861611843109,1.5427318811416626,1.556673288345337,-1.0598714351654053,0.025086037814617157,-1.9315251111984253,1.454362392425537,3.3038418292999268,-0.04724385589361191,-0.7256807088851929,1.315767765045166
267,-16.632770538330078,-1.0864648818969727,7.470097064971924,7.63680362701416,-5.207254886627197,0.42885178327560425,-9.111421585083008,7.337686538696289,14.644712448120117,-0.12552446126937866,-3.489811658859253,6.405501842498779,0.09382948279380798,-0.47061753273010254,-0.8292194604873657,-0.10458778589963913,0.5000239014625549,0.13561028242111206,-0.05334341526031494,-0.4930098056793213,-0.5544359087944031,0.42256593704223633,-0.05954664945602417,0.17676381766796112,-4.108940124511719,-0.23267154395580292,1.5047911405563354,1.5892751216888428,-1.026900053024292,0.10629766434431076,-1.90282142162323,1.5110794305801392,3.2972493171691895,-0.016278527677059174,-0.7116614580154419,1.3354591131210327
268,-16.623470306396484,-0.9972339272499084,7.6065592765808105,7.530933856964111,-5.209489345550537,0.36520886421203613,-9.118789672851562,7.3017120361328125,14.629064559936523,-0.1553811877965927,-3.472181797027588,6.3614654541015625,0.10550820827484131,-0.43959373235702515,-0.7807804942131042,-0.09072903543710709,0.4914580285549164,0.12289135158061981,-0.003988981246948242,-0.5172300338745117,-0.5524387955665588,0.46008074283599854,-0.15252834558486938,0.2097802758216858,-4.12099552154541,-0.19063135981559753,1.5451234579086304,1.5397858619689941,-1.0422183275222778,0.06482861191034317,-1.937926173210144,1.479954719543457,3.2983851432800293,-0.034274689853191376,-0.6909563541412354,1.3081378936767578
269,-16.591625213623047,-1.1119670867919922,7.595905303955078,7.519932270050049,-5.167511940002441,0.41038987040519714,-9.097634315490723,7.4107537269592285,14.619407653808594,-0.1482754498720169,-3.4575836658477783,6.3803277015686035,0.10507722944021225,-0.46097531914711,-0.5827972888946533,-0.08075311779975891,0.4843691289424896,0.11875438690185547,0.09548500180244446,-0.5088823437690735,-0.5518208146095276,0.5100303292274475,-0.4078349769115448,0.1927817016839981,-4.0992302894592285,-0.24128443002700806,1.5330888032913208,1.5525763034820557,-1.027652621269226,0.08845295757055283,-1.9142087697982788,1.5216772556304932,3.296241044998169,-0.028027571737766266,-0.7021971940994263,1.3277361392974854
270,-16.542333602905273,-1.0077531337738037,7.561615467071533,7.54925012588501,-5.100427150726318,0.3112643361091614,-9.084644317626953,7.418323993682861,14.555598258972168,-0.1670139878988266,-3.354379415512085,6.343521595001221,0.12043846398591995,-0.43377217650413513,-0.772723913192749,-0.0704580694437027,0.476778507232666,0.08291095495223999,-0.09083077311515808,-0.5907924175262451,-0.5551854372024536,0.5500756502151489,-0.06127297878265381,0.31015804409980774,-4.077173233032227,-0.19078731536865234,1.5381399393081665,1.5654728412628174,-1.010575294494629,0.049224577844142914,-1.9030669927597046,1.5101665258407593,3.2656078338623047,-0.03496526926755905,-0.681513786315918,1.3080782890319824
271,-16.49820327758789,-1.0967952013015747,7.603930473327637,7.463933944702148,-5.089367866516113,0.4759851098060608,-9.048035621643066,7.5333075523376465,14.570348739624023,-0.12207220494747162,-3.351940870285034,6.302087783813477,0.11856219172477722,-0.44699883460998535,-0.7380584478378296,-0.07238460332155228,0.4750644266605377,0.09660835564136505,-0.029878705739974976,-0.5435431599617004,-0.5635114908218384,0.6106904149055481,-0.16222333908081055,0.22563470900058746,-4.055811882019043,-0.23468199372291565,1.5344257354736328,1.530158519744873,-1.0162638425827026,0.11745808273553848,-1.9174247980117798,1.5432703495025635,3.2848148345947266,-0.017888672649860382,-0.6686831712722778,1.3127694129943848
272,-16.4805908203125,-1.0409289598464966,7.681905746459961,7.431598663330078,-5.066250324249268,0.2922506332397461,-9.057319641113281,7.497446537017822,14.527606964111328,-0.18759074807167053,-3.3189213275909424,6.2842512130737305,0.12644799053668976,-0.44039398431777954,-0.5403834581375122,-0.05284661799669266,0.4715057611465454,0.06798780709505081,0.06958097219467163,-0.5614604353904724,-0.5672793388366699,0.632184624671936,-0.4141227900981903,0.255954384803772,-4.0586771965026855,-0.20395702123641968,1.5663987398147583,1.5302643775939941,-1.0097640752792358,0.03409116715192795,-1.9108028411865234,1.5206423997879028,3.2575786113739014,-0.044843025505542755,-0.6715611219406128,1.2970548868179321
273,-16.411775588989258,-1.1025137901306152,7.569545745849609,7.500415802001953,-4.971959114074707,0.3983911871910095,-9.022610664367676,7.638350963592529,14.495412826538086,-0.13970328867435455,-3.2270686626434326,6.304853439331055,0.13096095621585846,-0.44846558570861816,-0.7354297637939453,-0.05492974817752838,0.46957510709762573,0.05118070915341377,-0.10915040969848633,-0.5943837761878967,-0.5751734972000122,0.6957974433898926,-0.0744788646697998,0.2936878204345703,-4.0159077644348145,-0.2322675883769989,1.530877709388733,1.5623676776885986,-0.9807455539703369,0.09401798993349075,-1.8870137929916382,1.5738701820373535,3.2497904300689697,-0.020872347056865692,-0.6564597487449646,1.3145791292190552
274,-16.38296127319336,-1.0342020988464355,7.6803297996521,7.39810848236084,-4.9757537841796875,0.38970547914505005,-9.010588645935059,7.6365132331848145,14.480433464050293,-0.15107418596744537,-3.2048139572143555,6.230692386627197,0.13616909086704254,-0.4320892095565796,-0.6997851133346558,-0.0508871003985405,0.46701541543006897,0.04876185208559036,-0.05103388428688049,-0.6052519083023071,-0.5766169428825378,0.7338871359825134,-0.16902899742126465,0.30637097358703613,-4.014620304107666,-0.20088563859462738,1.562728762626648,1.5134717226028442,-0.9950069189071655,0.07689084857702255,-1.913352370262146,1.550295114517212,3.246466875076294,-0.03061286360025406,-0.6367769241333008,1.2875009775161743
275,-16.342741012573242,-1.1238582134246826,7.691117763519287,7.398622989654541,-4.925092697143555,0.3731149435043335,-9.001688003540039,7.72093391418457,14.453444480895996,-0.15923698246479034,-3.1775293350219727,6.237757682800293,0.1355500966310501,-0.4540499746799469,-0.5192841291427612,-0.041274815797805786,0.4625566899776459,0.03719830513000488,0.06285056471824646,-0.5813804268836975,-0.5732383728027344,0.7806463241577148,-0.4277728199958801,0.2723430097103119,-3.9951696395874023,-0.2403053641319275,1.5607880353927612,1.529196858406067,-0.9772143959999084,0.07252997905015945,-1.8965173959732056,1.5815370082855225,3.2364890575408936,-0.031738750636577606,-0.6432588696479797,1.300600290298462
276,-16.283803939819336,-1.053007960319519,7.6465044021606445,7.4462738037109375,-4.839475631713867,0.32928603887557983,-9.000704765319824,7.758414268493652,14.386719703674316,-0.16179579496383667,-3.067199468612671,6.224136829376221,0.14787498116493225,-0.43731689453125,-0.7005730271339417,-0.037767477333545685,0.4558679163455963,0.007200950291007757,-0.12022945284843445,-0.6338947415351868,-0.5689561367034912,0.8275759220123291,-0.0867646336555481,0.3436295986175537,-3.968979835510254,-0.2044772207736969,1.5581010580062866,1.5474692583084106,-0.9550280570983887,0.06007171422243118,-1.886968970298767,1.5854926109313965,3.209805488586426,-0.03143056482076645,-0.6209852695465088,1.290113091468811
277,-16.236955642700195,-1.1213985681533813,7.695226192474365,7.385207653045654,-4.8003458976745605,0.4550014138221741,-8.971333503723145,7.856897354125977,14.38671588897705,-0.1296015977859497,-3.0416972637176514,6.196310520172119,0.14895594120025635,-0.44964075088500977,-0.670996904373169,-0.03625307232141495,0.4499084949493408,0.01565295085310936,-0.055192649364471436,-0.6140994429588318,-0.5624844431877136,0.8867019414901733,-0.18583554029464722,0.3087701201438904,-3.950108766555786,-0.23695959150791168,1.5592855215072632,1.5178277492523193,-0.9536194205284119,0.10776317864656448,-1.9023438692092896,1.6102781295776367,3.224201202392578,-0.020724765956401825,-0.6037338376045227,1.2916820049285889
278,-16.20626449584961,-1.0779049396514893,7.749366760253906,7.357067584991455,-4.7579216957092285,0.32484883069992065,-8.989063262939453,7.856718063354492,14.331536293029785,-0.1797206997871399,-2.99017596244812,6.169976234436035,0.1576850861310959,-0.4469074606895447,-0.49013984203338623,-0.017549052834510803,0.44273361563682556,-0.0032098195515573025,0.05835619568824768,-0.6049578189849854,-0.5536854863166809,0.9122107625007629,-0.4397953748703003,0.3019254505634308,-3.94392466545105,-0.21317225694656372,1.581170916557312,1.5164666175842285,-0.9446374773979187,0.047659553587436676,-1.8977009057998657,1.5995912551879883,3.198235511779785,-0.0407773032784462,-0.6019904017448425,1.2788828611373901
279,-16.13741111755371,-1.1249264478683472,7.653571605682373,7.429189205169678,-4.644399642944336,0.3741825520992279,-8.985208511352539,7.9862823486328125,14.28614330291748,-0.15285807847976685,-2.8766515254974365,6.1988205909729,0.1661313772201538,-0.45751938223838806,-0.6645747423171997,-0.02454405277967453,0.43384334444999695,-0.02413126826286316,-0.12201428413391113,-0.6662071943283081,-0.5460886359214783,0.96556556224823,-0.10757702589035034,0.3863409757614136,-3.9059808254241943,-0.23492206633090973,1.5538359880447388,1.5489342212677002,-0.9119187593460083,0.08138661831617355,-1.8832389116287231,1.6473259925842285,3.188748836517334,-0.025788895785808563,-0.5808902978897095,1.2940521240234375
280,-16.088693618774414,-1.0862122774124146,7.730043888092041,7.340076446533203,-4.617363929748535,0.41878828406333923,-8.966638565063477,8.024458885192871,14.259242057800293,-0.15175651013851166,-2.8300368785858154,6.120400905609131,0.1740332841873169,-0.452633261680603,-0.6279461979866028,-0.014072872698307037,0.4293578863143921,-0.018254488706588745,-0.0633651614189148,-0.6448513865470886,-0.5426376461982727,0.9979467391967773,-0.1998196840286255,0.3464798331260681,-3.8912949562072754,-0.21555942296981812,1.5731216669082642,1.5040385723114014,-0.918492317199707,0.08960945159196854,-1.902919888496399,1.636071801185608,3.185795545578003,-0.028768904507160187,-0.5589021444320679,1.2711567878723145
281,-16.050216674804688,-1.1292979717254639,7.741687297821045,7.3333563804626465,-4.548916816711426,0.3410387337207794,-8.980053901672363,8.090621948242188,14.22395133972168,-0.18263402581214905,-2.7686972618103027,6.134106636047363,0.1800084114074707,-0.47113534808158875,-0.4612567126750946,-0.00415598601102829,0.42332345247268677,-0.033083703368902206,0.05976533889770508,-0.6535279154777527,-0.5369202494621277,1.0192062854766846,-0.45942413806915283,0.3703337609767914,-3.8781590461730957,-0.23531250655651093,1.5759395360946655,1.5158957242965698,-0.8988809585571289,0.05781988054513931,-1.8957843780517578,1.659204125404358,3.1737380027770996,-0.03868979960680008,-0.555378794670105,1.2792307138442993
282,-15.977879524230957,-1.0881026983261108,7.665748596191406,7.369996070861816,-4.457729816436768,0.34728556871414185,-8.996713638305664,8.1895170211792,14.162979125976562,-0.1751817762851715,-2.6422784328460693,6.120151042938232,0.19509410858154297,-0.46145522594451904,-0.6143581867218018,0.010114632546901703,0.4208674728870392,-0.05250096321105957,-0.12702536582946777,-0.6380497217178345,-0.5390428304672241,1.0432922840118408,-0.12760883569717407,0.33976107835769653,-3.842522382736206,-0.21574778854846954,1.5604716539382935,1.530944585800171,-0.8773605227470398,0.07019569724798203,-1.88857901096344,1.6842830181121826,3.152012348175049,-0.03237461298704147,-0.5307661294937134,1.2766505479812622
283,-15.94336986541748,-1.1236064434051514,7.723968505859375,7.302870750427246,-4.400207996368408,0.39369702339172363,-8.975851058959961,8.249863624572754,14.156639099121094,-0.1686461716890335,-2.584080934524536,6.119573593139648,0.1998801976442337,-0.4754773676395416,-0.5827905535697937,-0.00036463886499404907,0.4173542261123657,-0.05197307839989662,-0.06815928220748901,-0.693841278553009,-0.5375514030456543,1.0625731945037842,-0.21940642595291138,0.41901612281799316,-3.8351006507873535,-0.2331705391407013,1.5726624727249146,1.5016731023788452,-0.8701986074447632,0.08475910872220993,-1.9053963422775269,1.6938562393188477,3.1594338417053223,-0.03120928257703781,-0.5082870721817017,1.2739315032958984
284,-15.890152931213379,-1.093824028968811,7.717964172363281,7.268766403198242,-4.365871906280518,0.3472972810268402,-8.989727020263672,8.338501930236816,14.108420372009277,-0.19676585495471954,-2.5194993019104004,6.077410697937012,0.2639000713825226,-0.4891229271888733,-0.41671040654182434,0.018755018711090088,0.2883336544036865,-0.055224135518074036,0.052584946155548096,-0.6773401498794556,-0.27950459718704224,1.0492562055587769,-0.47672879695892334,0.3954772651195526,-3.811732769012451,-0.21847054362297058,1.5704783201217651,1.497551679611206,-0.8664684295654297,0.0631684884428978,-1.8984514474868774,1.711576223373413,3.1376841068267822,-0.040916748344898224,-0.5042932033538818,1.2689666748046875
285,-15.862029075622559,-1.0885521173477173,7.674685478210449,7.2362446784973145,-4.208132266998291,0.30759677290916443,-8.963650703430176,8.375330924987793,13.8928861618042,-0.22532062232494354,-2.409323215484619,6.056604862213135,0.2126813530921936,-0.4872121214866638,-0.5713351964950562,0.008400537073612213,0.4477447271347046,-0.06600161641836166,-0.13009119033813477,-0.7026922106742859,-0.599729597568512,1.0138450860977173,-0.15181082487106323,0.4189452528953552,-3.788205146789551,-0.22082272171974182,1.5696450471878052,1.4926681518554688,-0.823573112487793,0.05612065643072128,-1.8748151063919067,1.715975284576416,3.1276156902313232,-0.0464605912566185,-0.48471325635910034,1.2612797021865845
286,-15.734855651855469,-1.060630202293396,7.611534595489502,7.209639072418213,-4.273740291595459,0.3408820331096649,-9.011810302734375,8.531309127807617,14.129875183105469,-0.17496003210544586,-2.3242554664611816,6.0892720222473145,0.225899800658226,-0.47510603070259094,-0.533299446105957,0.03529583290219307,0.420131653547287,-0.07579044252634048,-0.06902468204498291,-0.6280763745307922,-0.5604974627494812,1.0311967134475708,-0.24514222145080566,0.30356836318969727,-3.7432682514190674,-0.21196597814559937,1.532716155052185,1.4860689640045166,-0.8573229312896729,0.07244666665792465,-1.9247454404830933,1.7653478384017944,3.144368886947632,-0.026965759694576263,-0.45299482345581055,1.2799832820892334
287,-15.764522552490234,-1.0970416069030762,7.722198963165283,7.1912431716918945,-4.176138877868652,0.3166206479072571,-9.031923294067383,8.562447547912598,14.009858131408691,-0.20630855858325958,-2.238264799118042,6.1136064529418945,0.22885991632938385,-0.48118042945861816,-0.4007701575756073,0.020277108997106552,0.42581114172935486,-0.08264345675706863,0.05932527780532837,-0.7121809124946594,-0.5657975077629089,1.016182780265808,-0.4903993606567383,0.45042112469673157,-3.780564785003662,-0.2279796451330185,1.5914429426193237,1.4859493970870972,-0.8196123242378235,0.05992688983678818,-1.9092997312545776,1.7624691724777222,3.095167636871338,-0.04320377856492996,-0.4443706274032593,1.2699856758117676
288,-15.679985046386719,-1.0412441492080688,7.611274242401123,7.221388339996338,-4.131094455718994,0.3173797130584717,-9.041744232177734,8.735655784606934,13.955924987792969,-0.2049221396446228,-2.1388118267059326,6.08777379989624,0.23887844383716583,-0.45307931303977966,-0.5323785543441772,0.027387183159589767,0.42784416675567627,-0.08945520967245102,-0.11958682537078857,-0.706622838973999,-0.564612627029419,0.9971544146537781,-0.17506396770477295,0.42442721128463745,-3.724351406097412,-0.20423035323619843,1.5454438924789429,1.4974907636642456,-0.8167940378189087,0.0633973553776741,-1.8977926969528198,1.8108407258987427,3.0853354930877686,-0.03885287791490555,-0.4298627972602844,1.2788304090499878
289,-15.641735076904297,-1.0896490812301636,7.6868181228637695,7.147878646850586,-4.066769599914551,0.3281133472919464,-9.016802787780762,8.760971069335938,13.916304588317871,-0.18609941005706787,-2.073591709136963,6.077349662780762,0.2444537878036499,-0.44999316334724426,-0.507672131061554,0.033445075154304504,0.42383360862731934,-0.09861423075199127,-0.06885436177253723,-0.6942870020866394,-0.5515332818031311,1.0059894323349,-0.24587786197662354,0.4059908986091614,-3.719090461730957,-0.2278575748205185,1.5723899602890015,1.4671645164489746,-0.8011319637298584,0.06685010343790054,-1.9135578870773315,1.798426628112793,3.077672243118286,-0.033091314136981964,-0.40596842765808105,1.2691867351531982
290,-15.603249549865723,-1.068472981452942,7.684541702270508,7.117977142333984,-4.0147271156311035,0.32501649856567383,-9.038636207580566,8.858016967773438,13.8693265914917,-0.19931624829769135,-2.0090503692626953,6.102081775665283,0.2549900412559509,-0.43155941367149353,-0.37915706634521484,0.06799972802400589,0.4180346727371216,-0.1015654131770134,0.06712326407432556,-0.5998600721359253,-0.5347607731819153,0.9948289394378662,-0.4917609989643097,0.27395570278167725,-3.7050952911376953,-0.21420428156852722,1.5675824880599976,1.4672576189041138,-0.7924485206604004,0.06437025219202042,-1.9116252660751343,1.8322725296020508,3.0667169094085693,-0.039629675447940826,-0.4000409245491028,1.2788565158843994
291,-15.585784912109375,-1.0525469779968262,7.659668922424316,7.1354875564575195,-3.929442882537842,0.25567826628685,-9.089923858642578,8.923397064208984,13.811488151550293,-0.21709029376506805,-1.8984850645065308,6.176824569702148,0.26466962695121765,-0.41596519947052,-0.49901145696640015,0.039132557809352875,0.40956389904022217,-0.1269366443157196,-0.11646074056625366,-0.7304034233093262,-0.5158748030662537,0.9758808612823486,-0.18028360605239868,0.47293710708618164,-3.7014105319976807,-0.211469829082489,1.5697236061096191,1.4808982610702515,-0.7708462476730347,0.04174656420946121,-1.9146422147750854,1.8521825075149536,3.0516018867492676,-0.04364015907049179,-0.378342866897583,1.2883541584014893
292,-15.522663116455078,-1.103971242904663,7.665939807891846,7.062191963195801,-3.9138505458831787,0.40821588039398193,-9.022688865661621,9.073373794555664,13.780068397521973,-0.1696881502866745,-1.8652622699737549,6.122608661651611,0.2680208384990692,-0.4167967736721039,-0.4751419126987457,0.059486426413059235,0.40393710136413574,-0.11083686351776123,-0.06866642832756042,-0.6745445132255554,-0.502224326133728,0.9788263440132141,-0.24481147527694702,0.3762304484844208,-3.667309522628784,-0.23095178604125977,1.5599185228347778,1.4476860761642456,-0.7773663401603699,0.10154052823781967,-1.908338189125061,1.8805928230285645,3.051527261734009,-0.0263618603348732,-0.3686544895172119,1.2863316535949707
293,-15.512653350830078,-1.0309805870056152,7.728789806365967,6.987918376922607,-3.8795459270477295,0.23494458198547363,-9.045968055725098,9.022964477539062,13.70543098449707,-0.23308660089969635,-1.8123126029968262,6.117732048034668,0.3330536484718323,-0.41222357749938965,-0.34627142548561096,0.07012246549129486,0.27489128708839417,-0.13109414279460907,0.058623939752578735,-0.6896335482597351,-0.23893329501152039,0.9335388541221619,-0.48903605341911316,0.4138701856136322,-3.676254987716675,-0.19934631884098053,1.5886276960372925,1.4339646100997925,-0.7679786682128906,0.023827530443668365,-1.9137030839920044,1.8506734371185303,3.023627996444702,-0.05250868946313858,-0.36131811141967773,1.2723498344421387
294,-15.4900484085083,-1.1063737869262695,7.647803783416748,6.9377827644348145,-3.761723518371582,0.33600279688835144,-9.011951446533203,9.168907165527344,13.533604621887207,-0.21853744983673096,-1.758954644203186,6.151881694793701,0.28071844577789307,-0.4185968339443207,-0.4626144766807556,0.08381719887256622,0.4264611303806305,-0.12769769132137299,-0.12778684496879578,-0.5983685851097107,-0.5448837876319885,0.8908824920654297,-0.1765599250793457,0.2505026161670685,-3.646923780441284,-0.2347126305103302,1.560728669166565,1.426689863204956,-0.7381464838981628,0.08031205087900162,-1.8840888738632202,1.9097508192062378,3.0379514694213867,-0.03997602313756943,-0.3570210337638855,1.2942771911621094
295,-15.431570053100586,-0.9885556697845459,7.668848991394043,6.853813648223877,-3.866056203842163,0.23331013321876526,-9.027297019958496,9.16446590423584,13.72616958618164,-0.21915915608406067,-1.7154130935668945,6.219419002532959,0.2898428738117218,-0.3995117247104645,-0.43554386496543884,0.06999347358942032,0.3997950255870819,-0.14702828228473663,-0.08251923322677612,-0.6967871785163879,-0.5068717002868652,0.8580300211906433,-0.24667096138000488,0.4046216607093811,-3.6414635181427,-0.1846960037946701,1.5648484230041504,1.4041199684143066,-0.7807614803314209,0.0328359380364418,-1.9232898950576782,1.8968279361724854,3.031825304031372,-0.04210603982210159,-0.33707141876220703,1.2935194969177246
296,-15.436395645141602,-1.1195722818374634,7.697107315063477,6.834405899047852,-3.847036838531494,0.35072872042655945,-8.978283882141113,9.32568359375,13.640377044677734,-0.19586262106895447,-1.7154239416122437,6.2032904624938965,0.2833130657672882,-0.425739049911499,-0.34048861265182495,0.07441435009241104,0.4128284156322479,-0.13828808069229126,0.0548551082611084,-0.6447606682777405,-0.52656090259552,0.8386445045471191,-0.4839177131652832,0.32970288395881653,-3.648857831954956,-0.24476537108421326,1.5789016485214233,1.407686471939087,-0.7639204263687134,0.08537406474351883,-1.887551188468933,1.9438605308532715,3.005035400390625,-0.034632183611392975,-0.34881049394607544,1.302955150604248
297,-15.425274848937988,-0.9592691659927368,7.715635776519775,6.784156799316406,-3.865783214569092,0.18709386885166168,-8.990887641906738,9.265165328979492,13.568095207214355,-0.24629513919353485,-1.677738904953003,6.1925368309021,0.2924882173538208,-0.38800516724586487,-0.4459448456764221,0.07383252680301666,0.4192460775375366,-0.1635800451040268,-0.13333064317703247,-0.6663304567337036,-0.5345473885536194,0.7802454829216003,-0.17266559600830078,0.346213698387146,-3.6443488597869873,-0.17313796281814575,1.589408040046692,1.3930180072784424,-0.7718091011047363,0.015542946755886078,-1.8862618207931519,1.9064332246780396,2.9760022163391113,-0.05376344174146652,-0.3420972228050232,1.2856677770614624
298,-15.40174388885498,-1.1472086906433105,7.721805572509766,6.73349666595459,-3.8508856296539307,0.36172786355018616,-8.879738807678223,9.425918579101562,13.590033531188965,-0.1661687046289444,-1.7098932266235352,6.267004013061523,0.28289783000946045,-0.42234882712364197,-0.44381633400917053,0.07537700235843658,0.4282773435115814,-0.1641101837158203,-0.08574336767196655,-0.552544355392456,-0.5429931282997131,0.8033260703086853,-0.23008280992507935,0.16186967492103577,-3.6300461292266846,-0.2579176425933838,1.5755985975265503,1.381696105003357,-0.7641950249671936,0.09510543197393417,-1.8691619634628296,1.972698450088501,3.0001232624053955,-0.02179480344057083,-0.3463103175163269,1.319840669631958
299,-15.452088356018066,-0.9790970087051392,7.8415446281433105,6.65223503112793,-3.9060189723968506,0.2101268619298935,-8.872751235961914,9.285696983337402,13.528640747070312,-0.2406936138868332,-1.7397680282592773,6.288776397705078,0.2854803502559662,-0.3936692178249359,-0.3425312042236328,0.0717785656452179,0.43119823932647705,-0.17731332778930664,0.052552759647369385,-0.6193493008613586,-0.5396739840507507,0.7452664375305176,-0.4686071276664734,0.2848680019378662,-3.668114423751831,-0.17613399028778076,1.622888445854187,1.3596737384796143,-0.7845491170883179,0.02169293910264969,-1.8695367574691772,1.9082396030426025,2.9652342796325684,-0.05581934005022049,-0.3573709726333618,1.2948285341262817
300,-15.437065124511719,-1.1201969385147095,7.770092487335205,6.690019130706787,-3.9137465953826904,0.3112006187438965,-8.829394340515137,9.49038314819336,13.535935401916504,-0.18229451775550842,-1.7667577266693115,6.348995208740234,0.3337501883506775,-0.4263732135295868,-0.463619589805603,0.06498590111732483,0.3071781396865845,-0.19201712310314178,-0.13495135307312012,-0.5857974290847778,-0.27848368883132935,0.753557026386261,-0.1548561453819275,0.20375323295593262,-3.6460654735565186,-0.24616798758506775,1.5883709192276,1.3848800659179688,-0.7797367572784424,0.07526747137308121,-1.8401910066604614,1.9958014488220215,2.982377767562866,-0.02773217111825943,-0.369096040725708,1.336367130279541
301,-15.503815650939941,-1.0566537380218506,7.943322658538818,6.490115642547607,-3.906498670578003,0.29749998450279236,-8.669355392456055,9.299151420593262,13.340558052062988,-0.22093136608600616,-1.8651334047317505,6.300023078918457,0.26900514960289,-0.42698466777801514,-0.47074124217033386,0.0533718541264534,0.46410825848579407,-0.18503667414188385,-0.089150071144104,-0.5353510975837708,-0.5839802026748657,0.7034898996353149,-0.20622622966766357,0.11293235421180725,-3.6740331649780273,-0.2060718983411789,1.6475822925567627,1.3065664768218994,-0.7816766500473022,0.05729047209024429,-1.8123929500579834,1.8974508047103882,2.9691648483276367,-0.04754471033811569,-0.3862130045890808,1.2946016788482666
302,-15.473721504211426,-1.0910805463790894,7.90446662902832,6.518671989440918,-4.047961711883545,0.24959711730480194,-8.668107986450195,9.424022674560547,13.588064193725586,-0.1882515400648117,-1.951520562171936,6.449859619140625,0.2661164700984955,-0.4466506540775299,-0.3661312460899353,0.05339810252189636,0.43342122435569763,-0.21143949031829834,0.059234410524368286,-0.4688839018344879,-0.5324717164039612,0.7215574383735657,-0.4616595208644867,0.01504768431186676,-3.665985107421875,-0.22618989646434784,1.611524224281311,1.345088005065918,-0.8214914798736572,0.04327670484781265,-1.8230775594711304,1.9795291423797607,2.996067523956299,-0.032234467566013336,-0.4076615571975708,1.34939444065094
303,-15.560201644897461,-1.100455403327942,8.014669418334961,6.523090362548828,-4.05189847946167,0.28336668014526367,-8.612125396728516,9.351819038391113,13.476038932800293,-0.1829664707183838,-2.007436752319336,6.482202053070068,0.2653236389160156,-0.4575995206832886,-0.5079255104064941,0.044426217675209045,0.43880584836006165,-0.2350752204656601,-0.13370466232299805,-0.5019005537033081,-0.536670446395874,0.735606849193573,-0.12774133682250977,0.04928705096244812,-3.716301918029785,-0.22494441270828247,1.668476939201355,1.3429176807403564,-0.8077888488769531,0.06072377413511276,-1.787340760231018,1.9376776218414307,2.9502017498016357,-0.0346226766705513,-0.4231351613998413,1.3320640325546265
304,-15.592558860778809,-1.1510512828826904,8.083963394165039,6.431321620941162,-4.131187438964844,0.37548020482063293,-8.442999839782715,9.385164260864258,13.508164405822754,-0.14920426905155182,-2.1632156372070312,6.514051914215088,0.2527930438518524,-0.4927670955657959,-0.5184271335601807,0.023999731987714767,0.4424248933792114,-0.23391328752040863,-0.07033708691596985,-0.43874499201774597,-0.5365768074989319,0.7715006470680237,-0.2002476453781128,-0.06451745331287384,-3.7148897647857666,-0.2408800572156906,1.6598917245864868,1.3084373474121094,-0.833314836025238,0.0866813138127327,-1.7585800886154175,1.9547104835510254,2.978816509246826,-0.024427644908428192,-0.45312947034835815,1.3475000858306885
305,-15.66222858428955,-1.1323862075805664,8.210887908935547,6.367613315582275,-4.204381942749023,0.275870680809021,-8.379219055175781,9.247788429260254,13.488018989562988,-0.17577612400054932,-2.312732219696045,6.539935111999512,0.2459491342306137,-0.5235747694969177,-0.3973674178123474,0.017512314021587372,0.4432140588760376,-0.25808751583099365,0.06923890113830566,-0.39405810832977295,-0.5324011445045471,0.800513505935669,-0.4509296119213104,-0.14185009896755219,-3.7518653869628906,-0.22808045148849487,1.7012473344802856,1.2974364757537842,-0.8473109602928162,0.041572801768779755,-1.7448307275772095,1.905433177947998,2.9637703895568848,-0.03723336011171341,-0.4901731014251709,1.3372690677642822
306,-15.703874588012695,-1.2005493640899658,8.197835922241211,6.4069743156433105,-4.237664699554443,0.3401694595813751,-8.296136856079102,9.28449821472168,13.501631736755371,-0.1275906264781952,-2.417818784713745,6.63830041885376,0.29462283849716187,-0.5833837985992432,-0.5635318756103516,0.004194594919681549,0.31689712405204773,-0.2914682626724243,-0.1220858097076416,-0.4002673625946045,-0.27424106001853943,0.8819860816001892,-0.11435019969940186,-0.13771410286426544,-3.760575294494629,-0.25401660799980164,1.6900168657302856,1.320923089981079,-0.8486989736557007,0.07593332976102829,-1.7109639644622803,1.9431500434875488,2.975290536880493,-0.018329761922359467,-0.5150432586669922,1.3651801347732544
307,-15.795452117919922,-1.204054594039917,8.373188018798828,6.197592258453369,-4.266097068786621,0.4294365644454956,-8.106209754943848,9.109970092773438,13.366875648498535,-0.12990690767765045,-2.6325111389160156,6.5810723304748535,0.2175198197364807,-0.6448129415512085,-0.590587854385376,-0.04773370921611786,0.4751226305961609,-0.27997371554374695,-0.04525616765022278,-0.3431800901889801,-0.58624267578125,0.927049994468689,-0.20268315076828003,-0.2519565522670746,-3.7892074584960938,-0.24660314619541168,1.7358053922653198,1.2393388748168945,-0.8598605394363403,0.0968160405755043,-1.6772068738937378,1.867285132408142,2.9887137413024902,-0.02512013167142868,-0.5553162097930908,1.334596037864685
308,-15.795675277709961,-1.205912470817566,8.397340774536133,6.218554496765137,-4.455628871917725,0.3229811191558838,-8.093400001525879,9.096240997314453,13.611427307128906,-0.11241593211889267,-2.8042469024658203,6.680177688598633,0.20744755864143372,-0.7127386927604675,-0.4490819573402405,-0.06746068596839905,0.44890984892845154,-0.31583601236343384,0.10121095180511475,-0.3120366334915161,-0.5478330254554749,1.0347086191177368,-0.4778996706008911,-0.30749669671058655,-3.7974565029144287,-0.24728478491306305,1.722535252571106,1.2733769416809082,-0.9104634523391724,0.04996100813150406,-1.685335636138916,1.8957018852233887,3.000840902328491,-0.01922585815191269,-0.5944215059280396,1.3647258281707764
309,-15.852415084838867,-1.2743090391159058,8.448225021362305,6.26517915725708,-4.457571029663086,0.4229225516319275,-7.9887800216674805,9.031826972961426,13.524614334106445,-0.05760198459029198,-2.9060680866241455,6.694393634796143,0.1998152732849121,-0.7865528464317322,-0.6565510034561157,-0.0595870316028595,0.45964378118515015,-0.35152101516723633,-0.08374762535095215,-0.32822278141975403,-0.567302405834198,1.196579933166504,-0.12531352043151855,-0.28284892439842224,-3.8250205516815186,-0.2710636556148529,1.7536693811416626,1.287136197090149,-0.8896454572677612,0.0968567356467247,-1.6363143920898438,1.8739242553710938,2.964228630065918,-0.003932289779186249,-0.6181435585021973,1.3544327020645142
310,-15.884410858154297,-1.257189154624939,8.589485168457031,6.114058494567871,-4.539153099060059,0.5039982199668884,-7.862449645996094,8.926761627197266,13.558444023132324,-0.02645694464445114,-3.1077804565429688,6.654626369476318,0.17687425017356873,-0.8710956573486328,-0.6839563846588135,-0.14047914743423462,0.4686293601989746,-0.35552918910980225,0.018310844898223877,-0.29363155364990234,-0.5784018635749817,1.3644813299179077,-0.24760591983795166,-0.347270131111145,-3.831784725189209,-0.25653329491615295,1.7715606689453125,1.2276840209960938,-0.9161125421524048,0.11027617007493973,-1.6287394762039185,1.8402069807052612,2.9858078956604004,-0.0010190531611442566,-0.649613618850708,1.343717098236084
311,-15.915914535522461,-1.3401262760162354,8.688502311706543,6.1327972412109375,-4.593647480010986,0.45494067668914795,-7.810336112976074,8.82889461517334,13.559049606323242,-0.03017200343310833,-3.2763469219207764,6.665712833404541,0.2157590389251709,-0.9897299408912659,-0.5187848210334778,-0.16796711087226868,0.34065163135528564,-0.38588064908981323,0.1554771363735199,-0.2787703573703766,-0.3147282600402832,1.5541441440582275,-0.5261771082878113,-0.3774889409542084,-3.8494627475738525,-0.2882596552371979,1.7932335138320923,1.2498215436935425,-0.9233216047286987,0.08346133679151535,-1.6108564138412476,1.8234302997589111,2.9786598682403564,-0.006087996065616608,-0.6937787532806396,1.3446868658065796
312,-15.939350128173828,-1.3552484512329102,8.669466972351074,6.149951457977295,-4.53196907043457,0.48692402243614197,-7.6637043952941895,8.717462539672852,13.374983787536621,-0.008378203958272934,-3.3658649921417236,6.63734769821167,0.14822614192962646,-1.0817134380340576,-0.7496527433395386,-0.13617795705795288,0.5106096267700195,-0.42499610781669617,-0.023966282606124878,-0.25829073786735535,-0.6485975980758667,1.7734932899475098,-0.20179975032806396,-0.4120885133743286,-3.840705394744873,-0.28344303369522095,1.7899233102798462,1.253605842590332,-0.9015513062477112,0.10031814128160477,-1.5550614595413208,1.7959296703338623,2.974698305130005,0.001174822449684143,-0.7153310179710388,1.3325531482696533
313,-15.898910522460938,-1.3299940824508667,8.784719467163086,6.067653656005859,-4.673089027404785,0.554879903793335,-7.647576808929443,8.650214195251465,13.637417793273926,0.07253125309944153,-3.50459361076355,6.6406707763671875,0.13312265276908875,-1.1885658502578735,-0.7866005897521973,-0.21887987852096558,0.48013922572135925,-0.4588852524757385,0.10550734400749207,-0.26467084884643555,-0.6000620126724243,2.0720808506011963,-0.3247302174568176,-0.41852325201034546,-3.836987257003784,-0.27332156896591187,1.8044664859771729,1.2250046730041504,-0.9468157291412354,0.11830834299325943,-1.5929652452468872,1.7888624668121338,2.997253656387329,0.02755770832300186,-0.7248921990394592,1.3351733684539795
314,-15.932356834411621,-1.4582747220993042,8.930099487304688,6.12868070602417,-4.652017116546631,0.5835789442062378,-7.587868690490723,8.578804016113281,13.546085357666016,0.08902139216661453,-3.630544424057007,6.612307071685791,0.12276244163513184,-1.3189266920089722,-0.8257061243057251,-0.23293468356132507,0.49027714133262634,-0.5071644186973572,0.11140632629394531,-0.24807089567184448,-0.6143753528594971,2.406883716583252,-0.31658291816711426,-0.4622398614883423,-3.8633933067321777,-0.32263797521591187,1.8477076292037964,1.2515339851379395,-0.9254163503646851,0.11867653578519821,-1.5542477369308472,1.7703607082366943,2.9610495567321777,0.022482044994831085,-0.7647367715835571,1.325531005859375
315,-15.929047584533691,-1.480783224105835,9.00879192352295,6.139490604400635,-4.657958030700684,0.5959051847457886,-7.4697794914245605,8.465282440185547,13.532002449035645,0.13483402132987976,-3.770352602005005,6.593177318572998,0.11927369236946106,-1.449488639831543,-0.6266530156135559,-0.19547593593597412,0.4936143755912781,-0.5706611275672913,0.24833211302757263,-0.1827242374420166,-0.6163049340248108,2.8097939491271973,-0.5927302837371826,-0.5462126135826111,-3.854600191116333,-0.3142513632774353,1.8527551889419556,1.2480535507202148,-0.9291561245918274,0.11872679740190506,-1.5238003730773926,1.7402164936065674,2.9611923694610596,0.03783387690782547,-0.7923136949539185,1.3181216716766357
316,-15.912553787231445,-1.5060893297195435,8.9765043258667,6.254091262817383,-4.593496799468994,0.5663617849349976,-7.38027286529541,8.350790023803711,13.483070373535156,0.18812157213687897,-3.793112277984619,6.583589553833008,0.17557452619075775,-1.609743356704712,-0.5249895453453064,-0.26132091879844666,0.3469921946525574,-0.6734172701835632,-0.03985112905502319,-0.20623308420181274,-0.3161747455596924,3.3008155822753906,-1.0768482685089111,-0.54847651720047,-3.8451449871063232,-0.3214431405067444,1.8523434400558472,1.290408730506897,-0.9064269065856934,0.10715576261281967,-1.4962407350540161,1.7202329635620117,2.9420692920684814,0.05248984694480896,-0.7997063398361206,1.309988260269165
317,-15.950652122497559,-1.6159238815307617,9.048004150390625,6.459584712982178,-4.497473239898682,0.8407909870147705,-6.86444091796875,8.179262161254883,13.307832717895508,0.3052070736885071,-3.704019784927368,6.5352702140808105,0.12636788189411163,-1.7417006492614746,-0.9059432148933411,-0.23426322638988495,0.5215805768966675,-0.7491468787193298,0.3129497766494751,-0.15161702036857605,-0.6602461934089661,3.8949506282806396,-1.3771607875823975,-0.6454361081123352,-3.8538575172424316,-0.3587992787361145,1.8871116638183594,1.3414397239685059,-0.8899742960929871,0.20014160871505737,-1.3512334823608398,1.667794942855835,2.9611706733703613,0.09260701388120651,-0.7909181118011475,1.2979384660720825
318,-15.949150085449219,-1.451224446296692,9.345701217651367,6.3717875480651855,-4.583571434020996,0.6288541555404663,-7.113740921020508,8.013733863830566,13.534130096435547,0.3415801525115967,-3.6730847358703613,6.442170143127441,0.17091593146324158,-1.824662685394287,-0.9431461691856384,-0.18179143965244293,0.4783197343349457,-0.9122862815856934,0.46759700775146484,-0.16390331089496613,-0.5986013412475586,4.604955673217773,-1.3610085248947144,-0.5926918387413025,-3.866715669631958,-0.2861747145652771,1.9419411420822144,1.284731149673462,-0.9205992221832275,0.09488826245069504,-1.4771641492843628,1.6379503011703491,2.9580790996551514,0.09258504211902618,-0.8003412485122681,1.261756181716919
319,-15.959563255310059,-1.9460681676864624,9.501919746398926,6.458226203918457,-4.445374011993408,0.8565576076507568,-6.977927207946777,8.006345748901367,13.476634979248047,0.3906000256538391,-3.8935580253601074,6.476478576660156,0.17736981809139252,-2.0758838653564453,-0.5274110436439514,-0.17133960127830505,0.48612967133522034,-1.051867961883545,0.3794373869895935,-0.07308971881866455,-0.6135926246643066,5.375113487243652,-1.7256659269332886,-0.7718587517738342,-3.8527610301971436,-0.48690420389175415,1.9690405130386353,1.3313064575195312,-0.8676014542579651,0.19542157649993896,-1.3908857107162476,1.6565344333648682,2.9496679306030273,0.11247951537370682,-0.8764612674713135,1.2966324090957642
320,-15.936887741088867,-1.9019014835357666,9.347918510437012,6.69010591506958,-4.391002178192139,0.667460560798645,-6.529446125030518,7.597940921783447,13.356366157531738,0.4099387228488922,-3.958874225616455,6.376750946044922,0.19690771400928497,-2.310062885284424,0.1371217668056488,-0.15039028227329254,0.4876866936683655,-1.2748444080352783,0.24343204498291016,0.04106676205992699,-0.6102039217948914,6.262879371643066,-2.4198195934295654,-0.9548715353012085,-3.840101957321167,-0.40571269392967224,1.9365025758743286,1.4016083478927612,-0.8666497468948364,0.1041434183716774,-1.2627605199813843,1.5151764154434204,2.8923685550689697,0.11906671524047852,-0.8976123332977295,1.2358181476593018
321,-15.872245788574219,-2.109208106994629,9.01476001739502,7.291784763336182,-4.190750598907471,0.790971577167511,-6.0233259201049805,7.314919471740723,13.261346817016602,0.5448431968688965,-3.754131555557251,6.301166534423828,0.27673524618148804,-2.602094888687134,0.8645875453948975,-0.1515447050333023,0.34566590189933777,-1.544439673423767,0.0842389464378357,0.04885315150022507,-0.3087943196296692,7.359584331512451,-3.182102680206299,-0.9788485765457153,-3.801236629486084,-0.490918904542923,1.8893396854400635,1.5894949436187744,-0.8063005208969116,0.1670246124267578,-1.1545913219451904,1.4778895378112793,2.873540163040161,0.18944525718688965,-0.854733943939209,1.2124489545822144
322,-15.802624702453613,-2.1023850440979004,8.608189582824707,7.925541400909424,-3.8219621181488037,0.7597678303718567,-5.507895469665527,6.903731822967529,12.946549415588379,0.6033107042312622,-3.385510206222534,5.995989799499512,0.25595998764038086,-2.8537793159484863,1.5277831554412842,-0.13943147659301758,0.5066747069358826,-1.8746893405914307,-0.05395957827568054,0.05529826506972313,-0.6068340539932251,8.604606628417969,-3.805180549621582,-0.9678921103477478,-3.752916097640991,-0.4640069603919983,1.8346153497695923,1.7360823154449463,-0.7151334881782532,0.13975906372070312,-1.0513666868209839,1.3654953241348267,2.834054708480835,0.21209266781806946,-0.779022216796875,1.1247071027755737
323,-15.569501876831055,-2.270216226577759,8.106667518615723,8.707509994506836,-3.486476182937622,0.806408703327179,-5.267266273498535,6.643711566925049,13.01732349395752,0.680704653263092,-2.9362740516662598,5.703302383422852,0.32318031787872314,-3.1073944568634033,1.9926469326019287,-0.07193568348884583,0.46068882942199707,-2.2798545360565186,-0.17046776413917542,0.16300415992736816,-0.5130385756492615,10.030131340026855,-4.113926887512207,-1.1495823860168457,-3.6495392322540283,-0.5314085483551025,1.7404297590255737,1.9409759044647217,-0.643094003200531,0.15674272179603577,-1.043380856513977,1.3311383724212646,2.8025779724121094,0.2704673111438751,-0.6759046316146851,1.0694313049316406
324,-15.423194885253906,-2.5094265937805176,7.810342311859131,9.323331832885742,-2.9504456520080566,0.8468670845031738,-5.047511577606201,6.251316547393799,12.755837440490723,0.6883706450462341,-2.5420374870300293,5.423288822174072,0.3975347876548767,-3.391263723373413,2.2505557537078857,-0.0660204216837883,0.4538750648498535,-2.739391565322876,-0.23070180416107178,0.3066640794277191,-0.4753679633140564,11.545417785644531,-4.1745171546936035,-1.4174835681915283,-3.597487688064575,-0.6016355752944946,1.722523808479309,2.0687124729156494,-0.5135220289230347,0.1612592339515686,-1.0034990310668945,1.235342264175415,2.7325165271759033,0.3002237379550934,-0.58573317527771,0.9991560578346252
325,-15.236772537231445,-2.7796592712402344,7.561985015869141,9.850079536437988,-2.506108283996582,0.7744173407554626,-4.905092239379883,5.901463031768799,12.55970573425293,0.6920958757400513,-2.27406907081604,5.209475517272949,0.5382399559020996,-3.707582712173462,2.3087382316589355,0.07247667014598846,0.352528840303421,-3.3118176460266113,-0.19343365728855133,0.16893528401851654,-0.23316165804862976,13.22304916381836,-4.127751350402832,-1.1738704442977905,-3.51318359375,-0.6757083535194397,1.676857829093933,2.1799814701080322,-0.43675029277801514,0.1316748559474945,-0.9849961996078491,1.1731250286102295,2.6914455890655518,0.3603774607181549,-0.533044695854187,0.9507686495780945
326,-15.02523136138916,-3.0312817096710205,7.521790981292725,9.964727401733398,-2.1795482635498047,0.8949835300445557,-4.659289836883545,5.438220977783203,12.227980613708496,0.7057219743728638,-2.183764934539795,4.8232831954956055,0.5658091902732849,-4.076038360595703,2.529942035675049,0.055300042033195496,0.4885162115097046,-3.9090781211853027,-0.2386767566204071,0.3081386387348175,-0.49002301692962646,14.995675086975098,-4.17031192779541,-1.4678974151611328,-3.4096951484680176,-0.7407645583152771,1.6957504749298096,2.159212112426758,-0.38981300592422485,0.17419466376304626,-0.9154831171035767,1.0448918342590332,2.6398375034332275,0.4738844633102417,-0.535865306854248,0.8802966475486755
327,-14.82136344909668,-3.4735307693481445,7.455284118652344,10.315658569335938,-2.0073843002319336,0.7072350382804871,-4.351924419403076,4.985284805297852,12.107651710510254,0.6528232097625732,-2.199331283569336,4.688535213470459,0.6490526795387268,-4.523481369018555,3.0589663982391357,0.1794315129518509,0.4719350337982178,-4.653561115264893,-0.4386345148086548,0.22836622595787048,-0.44778239727020264,16.965984344482422,-4.402222156524658,-1.333198070526123,-3.3544983863830566,-0.8886852264404297,1.6970090866088867,2.275639772415161,-0.3719742000102997,0.10116066783666611,-0.8459992408752441,0.9630143642425537,2.552522659301758,0.5879126787185669,-0.5614954829216003,0.8581737875938416
328,-14.721420288085938,-3.85386061668396,7.484606742858887,10.474262237548828,-2.0119051933288574,0.862858772277832,-3.725633382797241,4.373934745788574,11.7560396194458,0.5054433345794678,-2.371124505996704,4.441947937011719,0.7344430685043335,-5.046119689941406,4.246488571166992,0.12252838164567947,0.4205224812030792,-5.3286261558532715,-0.9538701772689819,0.4756665825843811,-0.26642006635665894,18.74529266357422,-4.992832183837891,-1.8252544403076172,-3.326901435852051,-0.9905522465705872,1.7711814641952515,2.3024816513061523,-0.3978533446788788,0.1657162606716156,-0.6800546050071716,0.8053346276283264,2.459690809249878,0.7514327168464661,-0.646333634853363,0.8139277696609497
329,-14.727566719055176,-4.327106475830078,7.2235517501831055,10.993884086608887,-2.0572566986083984,0.6132488250732422,-2.731187582015991,3.6995232105255127,11.292452812194824,0.2572461664676666,-2.561631679534912,4.3658447265625,0.6571952104568481,-4.569987773895264,3.9838829040527344,0.06874355673789978,0.5341938734054565,0.16892719268798828,-0.7545528411865234,0.044934745877981186,-0.5118848085403442,0.4435405731201172,-5.8883538246154785,-1.6002403497695923,-3.338040351867676,-1.150597095489502,1.7719453573226929,2.482337236404419,-0.4132522940635681,0.07403450459241867,-0.43735137581825256,0.6698235273361206,2.3622517585754395,0.8733035922050476,-0.7376585006713867,0.785838782787323
330,-16.255651473999023,-1.0780645608901978,4.826808452606201,10.54804801940918,-0.6344737410545349,-2.703887462615967,-3.6516196727752686,10.391326904296875,12.93725299835205,6.2436347007751465,-0.43015730381011963,5.91579532623291,0.6446115374565125,-4.635212421417236,1.7193424701690674,-0.07908076792955399,0.38165831565856934,-0.2872488498687744,0.2544685900211334,-0.06587707996368408,-0.1952451467514038,0.002856785897165537,-4.362442970275879,-1.2590852975845337,-4.269813060760498,0.2697657346725464,0.7390650510787964,2.199953556060791,0.06272191554307938,-0.9796803593635559,-0.8826605081558228,3.4958884716033936,3.1033856868743896,1.6762194633483887,0.2519763112068176,1.326892375946045
331,-16.153757095336914,0.1825733631849289,5.096356391906738,8.096561431884766,0.012022814713418484,0.5853770971298218,-7.561869144439697,11.826751708984375,13.304614067077637,7.9444355964660645,0.6168347001075745,6.994614124298096,0.6747750639915466,-4.270763397216797,-1.2244727611541748,0.020926930010318756,0.33498415350914,-0.2543089985847473,1.2147436141967773,0.16835811734199524,-0.007865861058235168,0.008632929995656013,-1.5811576843261719,-1.6317734718322754,-3.8133602142333984,0.22237485647201538,1.0784908533096313,1.3154618740081787,0.08719039708375931,0.5543437004089355,-2.135921001434326,2.850923538208008,3.0896522998809814,1.8934128284454346,0.25030410289764404,1.5136232376098633
332,-16.072349548339844,0.9610687494277954,5.503571510314941,6.795865058898926,0.4719288647174835,1.4119300842285156,-10.273855209350586,12.859339714050293,13.655345916748047,7.600757122039795,1.748466968536377,8.034611701965332,0.6640856862068176,-3.747880697250366,-1.0322333574295044,0.08707955479621887,0.3372817039489746,0.002416976960375905,1.644814133644104,0.0717666745185852,-0.09828546643257141,0.003031320869922638,-2.1800012588500977,-1.377811312675476,-3.7785303592681885,0.25971946120262146,1.0597327947616577,1.216615915298462,0.15751534700393677,0.3902823328971863,-2.504997968673706,3.1303367614746094,3.216047763824463,1.5267996788024902,0.4743032455444336,1.6656666994094849
333,-15.717389106750488,0.9697763323783875,5.107298374176025,6.997766494750977,0.7016066312789917,1.3188527822494507,-11.237530708312988,13.719270706176758,13.76154613494873,6.843409538269043,2.6696808338165283,8.51781940460205,0.7148433327674866,-3.18046498298645,-0.9336313605308533,0.15164262056350708,0.3112323582172394,0.2298738658428192,1.5913277864456177,0.12942831218242645,-0.07726222276687622,0.006885054521262646,-2.0031423568725586,-1.4133354425430298,-3.6009442806243896,0.17532643675804138,0.9537402391433716,1.4796292781829834,0.1729651689529419,0.25321751832962036,-2.4308769702911377,3.3204758167266846,3.142047166824341,1.2997615337371826,0.5896747708320618,1.7417278289794922
334,-15.299895286560059,1.0249462127685547,5.017490386962891,7.108963489532471,0.6628114581108093,0.9744718670845032,-11.565343856811523,13.939229965209961,13.5141019821167,6.196174144744873,3.4409520626068115,8.650903701782227,0.8247283697128296,-2.5622830390930176,-0.6890320777893066,0.29767441749572754,0.3370872139930725,0.39266178011894226,1.3146347999572754,-0.08840294927358627,-0.07428758591413498,0.001887340098619461,-1.7785699367523193,-1.0144531726837158,-3.435636043548584,0.19412308931350708,0.97764652967453,1.4943046569824219,0.12866997718811035,0.15151503682136536,-2.4383585453033447,3.277949333190918,3.017508029937744,1.1775429248809814,0.7275699973106384,1.7018508911132812
335,-14.791618347167969,0.6431907415390015,4.870367050170898,7.107219219207764,0.5344368815422058,0.7213882207870483,-11.498239517211914,14.222394943237305,13.288883209228516,5.72234582901001,4.0431342124938965,8.433647155761719,0.8862693905830383,-2.0518295764923096,-0.711591362953186,0.38994300365448,0.39022892713546753,0.5054165720939636,1.560897707939148,-0.08418980985879898,-0.2501111924648285,0.0005919457180425525,-1.9216606616973877,-0.9477766156196594,-3.2365753650665283,0.07398451119661331,0.9510220885276794,1.4878621101379395,0.09087637811899185,0.11273322254419327,-2.3957128524780273,3.321315050125122,2.954435348510742,1.1008890867233276,0.8293456435203552,1.6646722555160522
336,-14.367730140686035,0.3986961245536804,4.98769474029541,6.808928489685059,0.4177435636520386,0.33977019786834717,-11.836814880371094,14.238800048828125,13.103105545043945,5.269546985626221,4.505744934082031,8.230562210083008,0.9485183358192444,-1.6392828226089478,-0.5755766034126282,0.4577147662639618,0.4217531979084015,0.5440006852149963,1.681363582611084,-0.40921980142593384,-0.33229824900627136,-0.00046732393093407154,-1.8728591203689575,-0.3952677249908447,-3.1235971450805664,0.04538775235414505,1.0043309926986694,1.3807326555252075,0.0690164640545845,0.017734572291374207,-2.492114305496216,3.292731285095215,2.854555606842041,1.0087240934371948,0.8858165144920349,1.6095213890075684
337,-13.964534759521484,-0.04307446628808975,5.046300888061523,6.55424690246582,0.3947544991970062,0.231670543551445,-11.892860412597656,14.487491607666016,12.950867652893066,4.911185264587402,4.710075378417969,7.867578506469727,1.001139760017395,-1.3682684898376465,-0.3018219769001007,0.5292233228683472,0.4395660161972046,0.5619035959243774,1.1134016513824463,-0.23882561922073364,-0.32347506284713745,0.0012008980847895145,-1.5813113451004028,-0.641418993473053,-3.003169298171997,-0.06495629996061325,1.0164258480072021,1.3333673477172852,0.07703093439340591,0.03256901353597641,-2.455591917037964,3.3385913372039795,2.8156936168670654,0.9470076560974121,0.8985399603843689,1.5810043811798096
338,-13.7251558303833,-0.34006640315055847,5.114793300628662,6.334172248840332,0.24927738308906555,0.030969953164458275,-11.376693725585938,14.304126739501953,12.694271087646484,4.519198417663574,4.705748081207275,7.826083660125732,0.96210116147995,-1.2154048681259155,-0.39422130584716797,0.47843363881111145,0.5510610342025757,0.541686475276947,1.5656177997589111,-0.5560716390609741,-0.5561899542808533,-0.003519756719470024,-1.6892163753509521,-0.1224713921546936,-2.960824489593506,-0.11270122975111008,1.0446593761444092,1.2934805154800415,0.030942417681217194,-0.020938389003276825,-2.3286638259887695,3.265223741531372,2.7385668754577637,0.8611900806427002,0.8901031017303467,1.5533461570739746
339,-13.656784057617188,-0.2587318420410156,5.31575345993042,6.085166931152344,0.03230232372879982,-0.25178250670433044,-11.77363109588623,14.465296745300293,12.68630599975586,4.279265403747559,4.729499816894531,7.48963737487793,0.9501279592514038,-1.0535783767700195,-0.27058979868888855,0.4927346706390381,0.5599679946899414,0.47464191913604736,0.9533594250679016,-0.5709085464477539,-0.5671650767326355,-0.0037887059152126312,-1.4624500274658203,-0.100318044424057,-2.9862053394317627,-0.042372576892375946,1.0931004285812378,1.2287275791168213,-0.02276148647069931,-0.08666151762008667,-2.473280429840088,3.2924771308898926,2.7156782150268555,0.8321638703346252,0.8827396631240845,1.5212273597717285
340,-13.55693244934082,-0.7696133255958557,5.546811580657959,5.990970611572266,-0.13063713908195496,-0.04803016036748886,-11.091574668884277,14.372641563415527,12.495038986206055,4.1715168952941895,4.463629722595215,7.432022571563721,0.9028128981590271,-1.0277141332626343,-0.2758934497833252,0.48573529720306396,0.5854597091674805,0.4406556785106659,0.9459784030914307,-0.31286782026290894,-0.5871372818946838,-0.004398530349135399,-1.3613355159759521,-0.48024922609329224,-2.9513497352600098,-0.23007741570472717,1.1555962562561035,1.2333135604858398,-0.047139279544353485,0.017216093838214874,-2.248685121536255,3.239058017730713,2.655182361602783,0.8282426595687866,0.8131957650184631,1.5236843824386597
341,-13.817304611206055,-0.45340073108673096,5.774292469024658,5.841726303100586,-0.44586506485939026,-0.49064555764198303,-11.114983558654785,14.133122444152832,12.377055168151855,3.9638729095458984,4.217979431152344,7.551312446594238,0.9169421792030334,-0.9517772197723389,-0.07895612716674805,0.4274407625198364,0.48289692401885986,0.3302048146724701,0.8482486009597778,-0.6065780520439148,-0.326520711183548,-0.0009600501507520676,-1.2109389305114746,-0.03264586627483368,-3.1035919189453125,-0.05014090985059738,1.1996899843215942,1.1920075416564941,-0.1287180781364441,-0.15494024753570557,-2.333087682723999,3.1986987590789795,2.6329548358917236,0.7717667818069458,0.7687368392944336,1.5234788656234741
342,-13.96716594696045,-0.7363496422767639,5.9480061531066895,5.898255348205566,-0.5586427450180054,-0.3788550794124603,-10.808842658996582,14.274468421936035,12.246490478515625,3.983189344406128,3.8491315841674805,7.438534736633301,0.8068533539772034,-0.9393756985664368,-0.13019943237304688,0.4183712601661682,0.5812969207763672,0.24077636003494263,0.7650360465049744,-0.5090585947036743,-0.5345158576965332,-0.0052684904076159,-1.0841784477233887,-0.17842033505439758,-3.1187429428100586,-0.19097912311553955,1.2427431344985962,1.2300708293914795,-0.12498899549245834,-0.06044250726699829,-2.218684196472168,3.2253220081329346,2.6671104431152344,0.8071067929267883,0.6882394552230835,1.545576810836792
343,-14.158129692077637,-0.46823641657829285,6.14149808883667,5.723444938659668,-0.9446687698364258,-0.4877023696899414,-10.72073745727539,13.97923469543457,12.278395652770996,3.9921813011169434,3.4698898792266846,7.44813346862793,0.7690287232398987,-0.8543002605438232,-0.32348549365997314,0.3823067247867584,0.5158672332763672,0.1327473372220993,0.6638870239257812,-0.31467655301094055,-0.4230259656906128,-0.004573328886181116,-1.0230133533477783,-0.44376707077026367,-3.209554433822632,-0.05972408503293991,1.2779455184936523,1.1599328517913818,-0.23581171035766602,-0.11133231967687607,-2.2385220527648926,3.099410057067871,2.6217751502990723,0.8071538805961609,0.6168545484542847,1.5216691493988037
344,-14.505932807922363,-0.6629102230072021,6.527866840362549,5.656270503997803,-1.1914728879928589,-0.3696594834327698,-10.472280502319336,13.828043937683105,12.230978965759277,4.081737995147705,3.033928871154785,7.677293300628662,0.7621747255325317,-0.8318890333175659,-0.3595489263534546,0.34658166766166687,0.3817059397697449,0.04315904527902603,0.5748224854469299,-0.48008063435554504,-0.14302295446395874,-0.0002607847563922405,-0.92514568567276,-0.20905917882919312,-3.3468997478485107,-0.16304752230644226,1.3754451274871826,1.1587146520614624,-0.2671836316585541,-0.05817081034183502,-2.162039279937744,3.117734670639038,2.6464309692382812,0.8368507623672485,0.5254994034767151,1.5759230852127075
345,-14.875256538391113,-0.46425721049308777,6.777160167694092,5.446237087249756,-1.5349279642105103,-0.3836560547351837,-10.089762687683105,13.732039451599121,12.169900894165039,4.140684127807617,2.4430301189422607,7.646602153778076,0.6551988124847412,-0.7746425867080688,-0.4456944763660431,0.262539803981781,0.4794701933860779,-0.029323143884539604,0.5555528402328491,-0.3396691381931305,-0.3718903660774231,-0.004819225519895554,-0.8733626008033752,-0.4159548878669739,-3.4665024280548096,-0.06818576902151108,1.412284255027771,1.091917634010315,-0.3496931493282318,-0.07863806933164597,-2.0558629035949707,3.0460574626922607,2.6907355785369873,0.8450934290885925,0.3944787383079529,1.5778125524520874
346,-15.132853507995605,-0.5652754306793213,7.052557945251465,5.3606414794921875,-1.9015053510665894,-0.40359604358673096,-9.80862045288086,13.427496910095215,12.312594413757324,4.269100189208984,1.8156061172485352,7.808337688446045,0.5960720777511597,-0.7451660633087158,-0.4171569049358368,0.21693815290927887,0.42513084411621094,-0.11149168759584427,0.5169492959976196,-0.26604118943214417,-0.3093023896217346,-0.00411846861243248,-0.8569955229759216,-0.5229706168174744,-3.5540049076080322,-0.1297750473022461,1.4696975946426392,1.0869518518447876,-0.42294052243232727,-0.08359111100435257,-2.003300905227661,2.962231159210205,2.6737911701202393,0.8807754516601562,0.26887354254722595,1.5999619960784912
347,-15.532537460327148,-0.5267374515533447,7.31247091293335,5.290857315063477,-2.2356204986572266,-0.287996381521225,-9.35575008392334,13.189020156860352,12.38631820678711,4.444680213928223,1.126950740814209,7.999321937561035,0.5617935061454773,-0.720914900302887,-0.5581033229827881,0.0702919140458107,0.34299778938293457,-0.16782262921333313,0.4808468222618103,-0.32692331075668335,-0.1494072526693344,-0.0006391881033778191,-0.7620912194252014,-0.421775221824646,-3.726656675338745,-0.10269152373075485,1.529333233833313,1.0736761093139648,-0.487004816532135,-0.042491573840379715,-1.875388741493225,2.9099326133728027,2.722931385040283,0.9238983988761902,0.1283128261566162,1.642505407333374
348,-15.91962718963623,-0.4811255931854248,7.638150215148926,5.170490264892578,-2.557992458343506,-0.1877642571926117,-8.829414367675781,12.903787612915039,12.489070892333984,4.639935493469238,0.36153092980384827,8.046220779418945,0.4513598680496216,-0.6811267733573914,-0.6382313966751099,-0.007355153560638428,0.4382699131965637,-0.1939479410648346,0.4916788339614868,-0.3350923955440521,-0.3831504285335541,-0.004821181297302246,-0.7476378083229065,-0.40244343876838684,-3.8644821643829346,-0.0923079177737236,1.596756100654602,1.0332939624786377,-0.5516453385353088,-0.02439694106578827,-1.7466968297958374,2.8028669357299805,2.7943363189697266,0.9675326943397522,-0.028005294501781464,1.6522364616394043
349,-16.213991165161133,-0.5324804782867432,7.916865825653076,5.087488174438477,-2.8910558223724365,-0.06342627853155136,-8.352909088134766,12.56705379486084,12.796792984008789,4.928537845611572,-0.4302854537963867,8.125580787658691,0.3792145252227783,-0.6482235789299011,-0.524882435798645,-0.006839387118816376,0.4212630093097687,-0.194502592086792,0.48410484194755554,-0.19033342599868774,-0.3892304301261902,-0.004581478424370289,-0.7992679476737976,-0.6092380881309509,-3.981750011444092,-0.11590223759412766,1.6487396955490112,1.0201256275177002,-0.6161374449729919,0.0038964003324508667,-1.644823431968689,2.704519510269165,2.832176685333252,1.0404839515686035,-0.19553156197071075,1.671628713607788
350,-16.56896209716797,-0.5603916049003601,8.135171890258789,5.053835391998291,-3.073042392730713,0.03223641961812973,-7.799192428588867,12.153373718261719,13.002852439880371,5.195885181427002,-1.2035764455795288,8.328010559082031,0.29345452785491943,-0.6320478916168213,-0.7873005270957947,-0.12404413521289825,0.4381888806819916,-0.1797678917646408,0.4474515914916992,-0.19842487573623657,-0.43933501839637756,-0.005072535946965218,-0.6347635984420776,-0.6009653806686401,-4.14434289932251,-0.11829232424497604,1.7023133039474487,1.0218656063079834,-0.6340863704681396,0.01918826997280121,-1.5129379034042358,2.6064846515655518,2.8957228660583496,1.093920111656189,-0.3589368462562561,1.7029067277908325
351,-16.855262756347656,-0.532068133354187,8.499917030334473,4.962141513824463,-3.2509515285491943,0.19841597974300385,-7.388892650604248,11.815115928649902,13.318060874938965,5.520015716552734,-1.9448555707931519,8.414237022399902,0.25573331117630005,-0.5936117172241211,-0.8835254907608032,-0.19264617562294006,0.3695237934589386,-0.13006830215454102,0.5376022458076477,-0.0772051140666008,-0.30439460277557373,-0.0017577745020389557,-0.7049404978752136,-0.7751144766807556,-4.262746810913086,-0.10481404513120651,1.7747966051101685,0.9878615140914917,-0.6684893369674683,0.061478905379772186,-1.447553277015686,2.51857852935791,2.9911422729492188,1.170528769493103,-0.5042514801025391,1.7181740999221802
352,-17.113889694213867,-0.6358526349067688,8.701905250549316,4.895437717437744,-3.241607427597046,0.30460324883461,-7.073718070983887,11.4165678024292,13.566919326782227,5.7524309158325195,-2.641996145248413,8.58006477355957,0.1272181272506714,-0.5853055119514465,-1.006885051727295,-0.2877271771430969,0.49306491017341614,-0.0625389814376831,0.5854045748710632,-0.005383118987083435,-0.5670855045318604,-0.006464846432209015,-0.7129884362220764,-0.87226802110672,-4.364806175231934,-0.1437956988811493,1.7960959672927856,0.9763368368148804,-0.6441946029663086,0.07480546087026596,-1.3844784498214722,2.4253320693969727,3.100095748901367,1.2073684930801392,-0.649034857749939,1.7397210597991943
353,-17.218671798706055,-0.654542088508606,8.806655883789062,4.937283992767334,-3.3166801929473877,0.43873754143714905,-6.969571113586426,11.143446922302246,14.01626205444336,6.020082950592041,-3.166050434112549,8.730542182922363,0.04578087851405144,-0.5702998638153076,-1.0164217948913574,-0.3983958661556244,0.4764111042022705,0.02573380060493946,0.7971774935722351,0.1293652504682541,-0.5571539402008057,-0.006256824359297752,-1.0633621215820312,-1.0727887153625488,-4.411971569061279,-0.1360594630241394,1.7959554195404053,0.9962620735168457,-0.6651749610900879,0.1055213138461113,-1.3915404081344604,2.3800368309020996,3.167895793914795,1.269094705581665,-0.7350680828094482,1.7661945819854736
354,-17.3094425201416,-0.6935206651687622,8.831727981567383,5.077364444732666,-3.230931043624878,0.4786768853664398,-7.000804901123047,10.933648109436035,14.212745666503906,6.181694984436035,-3.432436466217041,8.940862655639648,-0.005777357146143913,-0.5093703269958496,-1.8390731811523438,-0.43658778071403503,0.48550528287887573,0.09605637192726135,1.1818112134933472,0.16942919790744781,-0.588112473487854,-0.006664041429758072,-0.9326965808868408,-1.118240237236023,-4.460389614105225,-0.1466827690601349,1.7938441038131714,1.0346719026565552,-0.6288250684738159,0.10133414715528488,-1.4020001888275146,2.353564739227295,3.2144925594329834,1.2888683080673218,-0.7774828672409058,1.7960890531539917
355,-17.363235473632812,-0.5952733755111694,9.290005683898926,4.746903896331787,-3.1621031761169434,0.5549575686454773,-7.377562522888184,10.901680946350098,14.480424880981445,6.3364081382751465,-3.6699821949005127,9.066573143005371,0.0015180446207523346,-0.42849940061569214,-1.955823540687561,-0.4756881594657898,0.3637740910053253,0.18839725852012634,1.3671057224273682,0.09551036357879639,-0.3557317554950714,-0.0022239387035369873,-0.9374332427978516,-0.9970256686210632,-4.481509685516357,-0.10760366171598434,1.872409701347351,0.9024702906608582,-0.6167400479316711,0.1217271015048027,-1.506479263305664,2.3734514713287354,3.2979156970977783,1.3212008476257324,-0.8075397610664368,1.816400170326233
356,-17.38684844970703,-0.8604636788368225,9.334084510803223,4.785624027252197,-2.939868450164795,0.5470618009567261,-7.471555709838867,11.016166687011719,14.568686485290527,6.270036697387695,-3.9604835510253906,9.194770812988281,-0.11278234422206879,-0.43035128712654114,-1.6242731809616089,-0.5397602319717407,0.514942467212677,0.27964624762535095,1.1186555624008179,0.2638643980026245,-0.6635284423828125,-0.007754174061119556,-1.0575642585754395,-1.2623083591461182,-4.471192836761475,-0.2103676199913025,1.8432050943374634,0.9596351981163025,-0.5559109449386597,0.10929093509912491,-1.483150601387024,2.4139909744262695,3.378228187561035,1.2756330966949463,-0.8818703889846802,1.8671989440917969
357,-17.327266693115234,-0.9521517753601074,9.106263160705566,5.161122798919678,-2.9392404556274414,0.48728179931640625,-7.291186809539795,10.878033638000488,14.875707626342773,6.2995924949646,-4.023114204406738,9.50290298461914,-0.15488912165164948,-0.4282088577747345,-1.3089593648910522,-0.583087146282196,0.46906691789627075,0.34361910820007324,0.9093596935272217,0.16603626310825348,-0.5968526005744934,-0.007010301575064659,-1.3764004707336426,-1.1253132820129395,-4.470235824584961,-0.20573344826698303,1.7936874628067017,1.0805554389953613,-0.5788751840591431,0.090560682117939,-1.4332119226455688,2.3660850524902344,3.370699405670166,1.2949427366256714,-0.8715495467185974,1.911031723022461
358,-17.30391502380371,-0.8692691922187805,8.900495529174805,5.584967136383057,-2.8437840938568115,0.44436272978782654,-7.092105388641357,10.892793655395508,14.840280532836914,6.423858642578125,-3.8066163063049316,9.582162857055664,-0.16620610654354095,-0.35970768332481384,-1.1600606441497803,-0.610951840877533,0.4641605615615845,0.3954739570617676,0.820073127746582,0.3091222643852234,-0.5888115763664246,-0.007138211280107498,-1.5638587474822998,-1.34274423122406,-4.469054222106934,-0.165211021900177,1.7704296112060547,1.1740776300430298,-0.5505802631378174,0.08426020294427872,-1.3971341848373413,2.3702433109283447,3.3590145111083984,1.335755705833435,-0.8037908673286438,1.9347481727600098
359,-17.305776596069336,-0.9575880765914917,8.793932914733887,6.003260135650635,-2.630303144454956,0.23074175417423248,-7.154353618621826,10.959076881408691,14.857004165649414,6.5036115646362305,-3.4962124824523926,9.859886169433594,-0.08584557473659515,-0.263740211725235,-1.4340050220489502,-0.5613607168197632,0.3056139349937439,0.3816220164299011,1.0089298486709595,0.11361096054315567,-0.28399884700775146,-0.0018875505775213242,-1.3965251445770264,-1.0530554056167603,-4.474996566772461,-0.20561254024505615,1.7636181116104126,1.2601168155670166,-0.4918876588344574,0.018005453050136566,-1.447768211364746,2.4250056743621826,3.368133306503296,1.3465569019317627,-0.724655032157898,1.980138897895813
360,-17.333189010620117,-0.86490398645401,8.940192222595215,5.981517314910889,-2.3567254543304443,0.17167554795742035,-7.479262351989746,11.248467445373535,14.73617935180664,6.573346138000488,-3.3026797771453857,9.84691047668457,-0.0985807329416275,-0.11571715772151947,-2.156602144241333,-0.5276705026626587,0.44589704275131226,0.35560497641563416,1.4974561929702759,0.16689446568489075,-0.5902197360992432,-0.00752495601773262,-0.8646764755249023,-1.1299915313720703,-4.458436012268066,-0.1616908311843872,1.798458218574524,1.1981194019317627,-0.4335232675075531,0.026785142719745636,-1.5360687971115112,2.4988973140716553,3.4157323837280273,1.3608664274215698,-0.6824261546134949,1.9988415241241455
361,-17.29819107055664,-0.9938469529151917,9.29624080657959,5.751360893249512,-2.1377241611480713,0.10949716717004776,-8.262551307678223,11.58450698852539,15.092855453491211,6.584707260131836,-3.300438404083252,10.029735565185547,-0.06663347035646439,-0.038337238132953644,-1.2985799312591553,-0.46626517176628113,0.3899865746498108,0.3273932635784149,0.8588194251060486,0.0004135081544518471,-0.5198538303375244,-0.0066556669771671295,-1.0289201736450195,-0.9037683010101318,-4.443707466125488,-0.21637362241744995,1.8427056074142456,1.1219956874847412,-0.39200761914253235,0.01375143975019455,-1.7332921028137207,2.6186230182647705,3.4661624431610107,1.3539682626724243,-0.6811161041259766,2.0360569953918457
362,-17.307641983032227,-1.2796376943588257,8.748023986816406,6.240179061889648,-1.8935606479644775,0.3764841556549072,-7.656775951385498,11.832174301147461,15.10324764251709,6.5312042236328125,-3.2646782398223877,10.1748685836792,-0.05316127464175224,-0.013344954699277878,-1.6470105648040771,-0.47268912196159363,0.3811573386192322,0.3315565288066864,1.328393578529358,0.012270115315914154,-0.5241929292678833,-0.00680752657353878,-1.7693581581115723,-0.9016850590705872,-4.445245265960693,-0.29445016384124756,1.710499882698059,1.3290185928344727,-0.3428512513637543,0.1121218129992485,-1.478948712348938,2.636591911315918,3.4704482555389404,1.333370327949524,-0.6921191215515137,2.110783338546753
363,-17.372373580932617,-0.8741502165794373,9.053695678710938,5.894190311431885,-1.798575520515442,0.23628589510917664,-8.073918342590332,11.668911933898926,15.0864839553833,6.633747100830078,-2.947364091873169,10.126822471618652,0.05292176827788353,0.150364488363266,-2.1346890926361084,-0.3664857745170593,0.2518172562122345,0.3070237338542938,1.454610824584961,-0.14384980499744415,-0.29016047716140747,-0.0027159731835126877,-1.197575569152832,-0.6724582314491272,-4.489950656890869,-0.12070321291685104,1.8304206132888794,1.1366758346557617,-0.3433925211429596,0.028889678418636322,-1.6495163440704346,2.5334250926971436,3.4465551376342773,1.378145456314087,-0.6222391128540039,2.053724765777588
364,-17.405654907226562,-1.2123421430587769,9.296506881713867,5.786504745483398,-1.52131986618042,0.3111186921596527,-8.334449768066406,12.161438941955566,15.08287525177002,6.605768203735352,-3.020620822906494,10.144194602966309,0.008085492998361588,0.15784424543380737,-1.230691909790039,-0.36552712321281433,0.389080286026001,0.31971117854118347,0.8107424378395081,-0.1148061528801918,-0.5802706480026245,-0.007478870451450348,-1.0465705394744873,-0.7346749901771545,-4.452448844909668,-0.28585219383239746,1.8372868299484253,1.1545684337615967,-0.2663728594779968,0.07292511314153671,-1.6880909204483032,2.7556986808776855,3.542546510696411,1.3536523580551147,-0.6437859535217285,2.1109395027160645
365,-17.330142974853516,-1.3920484781265259,8.704734802246094,6.2874369621276855,-1.4303516149520874,0.3204300105571747,-7.852477550506592,12.185159683227539,15.306692123413086,6.552067756652832,-3.0291800498962402,10.329628944396973,0.013305485248565674,0.14180557429790497,-1.1972362995147705,-0.36567258834838867,0.34668517112731934,0.31174200773239136,0.9217912554740906,-0.15668073296546936,-0.5297742486000061,-0.006804889068007469,-1.4136478900909424,-0.6626947522163391,-4.4243998527526855,-0.3011648952960968,1.7006884813308716,1.3438780307769775,-0.26983585953712463,0.06605104357004166,-1.5418341159820557,2.6930274963378906,3.5103933811187744,1.337533950805664,-0.6409134864807129,2.151597499847412
366,-17.352527618408203,-1.1006911993026733,8.768077850341797,6.268230438232422,-1.292896032333374,0.24637049436569214,-7.969522476196289,12.104793548583984,15.20729923248291,6.674369812011719,-2.7229928970336914,10.27686882019043,0.050783004611730576,0.2332163155078888,-1.3146299123764038,-0.31306561827659607,0.34583282470703125,0.29116374254226685,0.7542232871055603,-0.2620966136455536,-0.538959801197052,-0.0070022959262132645,-1.016296625137329,-0.5152758955955505,-4.453038215637207,-0.18062734603881836,1.775786280632019,1.2658064365386963,-0.23798146843910217,0.0398012176156044,-1.6191922426223755,2.6428329944610596,3.4750378131866455,1.3899003267288208,-0.5528659820556641,2.120542287826538
367,-17.318269729614258,-1.3398977518081665,8.7794189453125,6.444995403289795,-1.0893073081970215,0.29123592376708984,-8.062978744506836,12.479677200317383,15.281498908996582,6.723628997802734,-2.5627949237823486,10.310941696166992,0.12801885604858398,0.2587569057941437,-1.0975404977798462,-0.2509680390357971,0.22141101956367493,0.2764314115047455,0.6852082014083862,-0.2693331241607666,-0.2923790514469147,-0.0025994256138801575,-0.9921900629997253,-0.49730122089385986,-4.406790733337402,-0.2975247800350189,1.757191777229309,1.3352874517440796,-0.18865597248077393,0.06483780592679977,-1.656247854232788,2.8119056224823,3.5248756408691406,1.3899669647216797,-0.5112608671188354,2.165806531906128
368,-17.33562660217285,-1.2806240320205688,8.663490295410156,6.459541320800781,-0.8357449769973755,0.26648202538490295,-8.035443305969238,12.536500930786133,15.111397743225098,6.704113960266113,-2.442436695098877,10.341108322143555,0.09979891031980515,0.288892537355423,-0.7507922053337097,-0.21727889776229858,0.35289904475212097,0.2650497555732727,0.521691083908081,-0.2984698414802551,-0.566784679889679,-0.007609197869896889,-1.0198957920074463,-0.4606388807296753,-4.403472900390625,-0.2461816966533661,1.739996075630188,1.3184152841567993,-0.1329917311668396,0.05044185370206833,-1.6327369213104248,2.7753233909606934,3.5172250270843506,1.3762774467468262,-0.49841517210006714,2.164349317550659
369,-17.23972511291504,-1.3599594831466675,8.398192405700684,6.750279426574707,-0.724879801273346,0.22448213398456573,-8.079116821289062,12.733030319213867,15.302835464477539,6.735231399536133,-2.1822004318237305,10.405657768249512,0.13412846624851227,0.3278581500053406,-0.9450840353965759,-0.14907190203666687,0.3012281060218811,0.22795338928699493,0.49137967824935913,-0.38164660334587097,-0.49485164880752563,-0.006745118647813797,-0.8455074429512024,-0.3428947329521179,-4.354240894317627,-0.2800467312335968,1.685498595237732,1.4216430187225342,-0.12823936343193054,0.039632804691791534,-1.6660586595535278,2.850783586502075,3.5078189373016357,1.3895819187164307,-0.42490220069885254,2.1913516521453857
370,-17.22555160522461,-1.2694693803787231,8.533388137817383,6.674360275268555,-0.5372351408004761,0.3282012641429901,-8.196366310119629,12.904332160949707,15.216353416442871,6.793181419372559,-1.9463289976119995,10.363226890563965,0.17120517790317535,0.3925318717956543,-0.8996921181678772,-0.10458029806613922,0.29219332337379456,0.21987399458885193,0.5078530311584473,-0.4122539758682251,-0.485731303691864,-0.006791803985834122,-0.8782988786697388,-0.2725387215614319,-4.352932929992676,-0.23919910192489624,1.7408311367034912,1.3567031621932983,-0.08178161829710007,0.0800461396574974,-1.6998010873794556,2.879978656768799,3.4925026893615723,1.4064748287200928,-0.37154465913772583,2.1849851608276367
371,-17.192230224609375,-1.3662854433059692,8.462367057800293,6.749834060668945,-0.3528927266597748,0.33560818433761597,-8.306623458862305,13.126986503601074,15.206303596496582,6.783296585083008,-1.763346552848816,10.380125045776367,0.19997864961624146,0.4233545660972595,-0.5556765198707581,-0.04771468788385391,0.2744664251804352,0.2145131528377533,0.3334175944328308,-0.4451015591621399,-0.4598868191242218,-0.006650684401392937,-0.8665545582771301,-0.22212153673171997,-4.324132919311523,-0.2824665307998657,1.7070800065994263,1.3963043689727783,-0.04557981342077255,0.06860335916280746,-1.7205928564071655,2.953253984451294,3.4978878498077393,1.3944014310836792,-0.3443726897239685,2.203552007675171
372,-17.138011932373047,-1.3746894598007202,8.23825454711914,6.8919548988342285,-0.1763933151960373,0.3349758982658386,-8.22828197479248,13.266072273254395,15.141534805297852,6.767410755157471,-1.554497241973877,10.39258861541748,0.28348520398139954,0.46576040983200073,-0.7753127813339233,0.003364384174346924,0.1693199723958969,0.1981561928987503,0.3681304454803467,-0.5234036445617676,-0.23447510600090027,-0.001971496269106865,-0.7841764688491821,-0.09465785324573517,-4.2901787757873535,-0.2723523676395416,1.6673332452774048,1.4402724504470825,-0.011666500009596348,0.06738767772912979,-1.693172574043274,2.972815752029419,3.473926544189453,1.3900859355926514,-0.29606616497039795,2.2105655670166016
373,-17.122344970703125,-1.2987698316574097,8.377829551696777,6.726049900054932,-0.056552715599536896,0.4123154282569885,-8.35311508178711,13.375076293945312,14.966188430786133,6.788829326629639,-1.349980115890503,10.273311614990234,0.2622849941253662,0.5194581151008606,-0.7358493804931641,0.038403309881687164,0.2617987394332886,0.20968134701251984,0.3792930245399475,-0.5545603036880493,-0.45716407895088196,-0.007120700553059578,-0.8058455586433411,-0.023893021047115326,-4.2663655281066895,-0.24580055475234985,1.7164019346237183,1.3616538047790527,0.004561132751405239,0.0933775082230568,-1.7411538362503052,2.9847073554992676,3.4788129329681396,1.4007490873336792,-0.2519122362136841,2.182227611541748
374,-16.99388313293457,-1.4209282398223877,8.274971008300781,6.764584064483643,-0.019542286172509193,0.42480626702308655,-8.46964168548584,13.568860054016113,15.087640762329102,6.773160457611084,-1.1897251605987549,10.239861488342285,0.28147703409194946,0.5286621451377869,-0.40419065952301025,0.08463752269744873,0.21943946182727814,0.22225691378116608,0.18972307443618774,-0.5811225175857544,-0.4026924967765808,-0.006547970697283745,-0.773173987865448,0.016715940088033676,-4.204255104064941,-0.2954654395580292,1.6704641580581665,1.4008979797363281,0.0010402565822005272,0.0872657373547554,-1.766527533531189,3.057107448577881,3.4578239917755127,1.3910762071609497,-0.22602219879627228,2.1921284198760986
375,-16.917011260986328,-1.428930401802063,8.072155952453613,6.863898277282715,0.09117072075605392,0.4257902503013611,-8.296502113342285,13.636362075805664,14.947043418884277,6.733680725097656,-1.0234670639038086,10.212167739868164,0.302953839302063,0.546746015548706,-0.6264008283615112,0.12020356953144073,0.21593721210956573,0.2274346947669983,0.24666255712509155,-0.6347305178642273,-0.4071933627128601,-0.0065490491688251495,-0.7109518051147461,0.11415639519691467,-4.176791667938232,-0.2821844220161438,1.6417316198349,1.4342424869537354,0.03319714218378067,0.08595728129148483,-1.7038637399673462,3.049149513244629,3.413154125213623,1.3793425559997559,-0.18966205418109894,2.1888210773468018
376,-16.838272094726562,-1.367984652519226,8.193671226501465,6.737884044647217,0.09064007550477982,0.45373278856277466,-8.444045066833496,13.710972785949707,14.868437767028809,6.754492282867432,-0.8275856971740723,10.087587356567383,0.32485058903694153,0.5750505924224854,-0.5905154347419739,0.14633110165596008,0.2111169397830963,0.24484673142433167,0.25778764486312866,-0.6668541431427002,-0.41122058033943176,-0.006499549373984337,-0.7306437492370605,0.18229460716247559,-4.1399006843566895,-0.26089194416999817,1.6818033456802368,1.3751404285430908,0.018186397850513458,0.09521443396806717,-1.7719751596450806,3.062948703765869,3.3910763263702393,1.3926032781600952,-0.14410796761512756,2.159069299697876
377,-16.735084533691406,-1.4665164947509766,8.120941162109375,6.736440181732178,0.1347949206829071,0.4528273046016693,-8.45738410949707,13.848711967468262,14.79550552368164,6.723622798919678,-0.7053672671318054,10.026857376098633,0.3371613919734955,0.5686773657798767,-0.546098530292511,0.17082802951335907,0.20805425941944122,0.2603778839111328,0.20606130361557007,-0.6982378959655762,-0.4153050184249878,-0.006427828222513199,-0.6932002305984497,0.23898860812187195,-4.088233947753906,-0.3009413778781891,1.649187445640564,1.3939461708068848,0.03307688981294632,0.09123348444700241,-1.755834698677063,3.1132853031158447,3.368377923965454,1.378380537033081,-0.1296411007642746,2.1605522632598877
378,-16.632892608642578,-1.4527050256729126,8.079258918762207,6.687192440032959,0.13243186473846436,0.4579733610153198,-8.4251127243042,13.890110969543457,14.689825057983398,6.708340644836426,-0.5854856371879578,9.942410469055176,0.39175763726234436,0.5553731322288513,-0.23384952545166016,0.20546860992908478,0.13507094979286194,0.28146952390670776,0.01412045955657959,-0.7059697508811951,-0.24515068531036377,-0.002153359353542328,-0.6475070714950562,0.26444342732429504,-4.047730922698975,-0.28373029828071594,1.6474515199661255,1.377325415611267,0.02635187655687332,0.09312991052865982,-1.7475109100341797,3.1024298667907715,3.3274929523468018,1.3773225545883179,-0.10455884039402008,2.1418068408966064
379,-16.5317325592041,-1.4875860214233398,7.863564968109131,6.759509563446045,0.18505220115184784,0.3898366391658783,-8.215226173400879,13.907973289489746,14.483903884887695,6.653738498687744,-0.4447818100452423,9.885302543640137,0.35240232944488525,0.5357838869094849,-0.46450668573379517,0.2178334891796112,0.22930744290351868,0.2845773696899414,0.09694129228591919,-0.7406313419342041,-0.4638800621032715,-0.006835045292973518,-0.6100784540176392,0.32844263315200806,-3.992318868637085,-0.29717153310775757,1.602256417274475,1.4130299091339111,0.04418293386697769,0.0695812925696373,-1.6907609701156616,3.104126214981079,3.3061718940734863,1.3602650165557861,-0.07235153019428253,2.1327178478240967
380,-16.368879318237305,-1.4244873523712158,7.970649242401123,6.657394886016846,0.06394505500793457,0.4066561460494995,-8.402896881103516,13.945708274841309,14.48870849609375,6.695662498474121,-0.25342121720314026,9.7598876953125,0.3661808371543884,0.535571813583374,-0.4424288868904114,0.23562511801719666,0.2027619481086731,0.2934279441833496,0.11996865272521973,-0.7673926949501038,-0.43405163288116455,-0.00621747225522995,-0.6347534656524658,0.38977691531181335,-3.9365735054016113,-0.2720769941806793,1.6395303010940552,1.3649693727493286,-0.0033062035217881203,0.08438604325056076,-1.7772525548934937,3.1121206283569336,3.246218204498291,1.382606029510498,-0.025840967893600464,2.1014604568481445
381,-16.252727508544922,-1.513580560684204,7.913436412811279,6.656928539276123,0.09651932865381241,0.4158671796321869,-8.368465423583984,14.048761367797852,14.338665962219238,6.673317909240723,-0.14014676213264465,9.696300506591797,0.3724473714828491,0.5053281188011169,-0.4046444892883301,0.24853067100048065,0.20869004726409912,0.3031933605670929,0.06779789924621582,-0.7859641313552856,-0.44743943214416504,-0.006175525486469269,-0.5917423963546753,0.426164835691452,-3.8953487873077393,-0.30954352021217346,1.6135371923446655,1.380757451057434,0.02380005270242691,0.08525805920362473,-1.7365589141845703,3.1525275707244873,3.211488962173462,1.368722915649414,-0.013392537832260132,2.103114366531372
382,-16.130325317382812,-1.4692541360855103,7.861606121063232,6.608731746673584,0.06097931042313576,0.39284706115722656,-8.3262939453125,14.064111709594727,14.204161643981934,6.663817882537842,-0.015809036791324615,9.614134788513184,0.3781214654445648,0.48026275634765625,-0.11668473482131958,0.2772080898284912,0.20997440814971924,0.31486138701438904,-0.12201645970344543,-0.7863004803657532,-0.4480152130126953,-0.006204519420862198,-0.5242589712142944,0.43939918279647827,-3.8489410877227783,-0.2837264835834503,1.6056092977523804,1.363677978515625,0.007511830888688564,0.07629334181547165,-1.7322202920913696,3.137970209121704,3.165315866470337,1.3684946298599243,0.013866797089576721,2.0820865631103516
383,-15.981697082519531,-1.5014156103134155,7.652657508850098,6.712912559509277,0.06639855355024338,0.33161550760269165,-8.148951530456543,14.099361419677734,14.055745124816895,6.644100666046143,0.16974708437919617,9.569905281066895,0.3849239945411682,0.45386645197868347,-0.3398762345314026,0.27904367446899414,0.20585891604423523,0.30600935220718384,-0.009203314781188965,-0.8115923404693604,-0.44032523036003113,-0.006179353222250938,-0.5226650238037109,0.49594226479530334,-3.788275957107544,-0.30035415291786194,1.5617789030075073,1.4108381271362305,0.014101034961640835,0.05879748612642288,-1.6888102293014526,3.1539266109466553,3.1201467514038086,1.3627245426177979,0.057316720485687256,2.0771121978759766
384,-15.855582237243652,-1.417575716972351,7.771944046020508,6.593905448913574,0.02271665632724762,0.3186289668083191,-8.311635971069336,14.120392799377441,13.889869689941406,6.663954257965088,0.3760717809200287,9.443172454833984,0.4031100869178772,0.4570261538028717,-0.31095069646835327,0.32468700408935547,0.20145463943481445,0.29896584153175354,0.0034026801586151123,-0.8235413432121277,-0.43346136808395386,-0.006145736202597618,-0.5318565368652344,0.5445522665977478,-3.747553825378418,-0.2687537670135498,1.604907751083374,1.3511953353881836,-0.0012909704819321632,0.06262142211198807,-1.758099913597107,3.151672601699829,3.070673942565918,1.372778058052063,0.10013389587402344,2.042480945587158
385,-15.69633960723877,-1.4788153171539307,7.678049087524414,6.5372490882873535,0.044702403247356415,0.30427104234695435,-8.317312240600586,14.215996742248535,13.751899719238281,6.640066146850586,0.5271267294883728,9.36939525604248,0.45835572481155396,0.4266919493675232,-0.271989643573761,0.33016228675842285,0.11187084019184113,0.2877284586429596,-0.033817023038864136,-0.8554556965827942,-0.22943750023841858,-0.0017631668597459793,-0.5040887594223022,0.5939111113548279,-3.6797261238098145,-0.29976922273635864,1.563747525215149,1.3514879941940308,0.011951482854783535,0.05952414125204086,-1.7387784719467163,3.194521188735962,3.0371909141540527,1.3612515926361084,0.12233021855354309,2.038055419921875
386,-15.565407752990723,-1.4451584815979004,7.621913909912109,6.420531272888184,0.05344988778233528,0.2715485990047455,-8.261656761169434,14.216915130615234,13.493504524230957,6.585792064666748,0.6651901006698608,9.254742622375488,0.4132958650588989,0.3929394781589508,0.0008564293384552002,0.35039594769477844,0.20993153750896454,0.28030893206596375,-0.239801287651062,-0.8546593189239502,-0.4468213617801666,-0.006389709189534187,-0.40686506032943726,0.5990136861801147,-3.6274173259735107,-0.2810945212841034,1.5594251155853271,1.3161306381225586,0.011882639490067959,0.050415270030498505,-1.721157431602478,3.169755458831787,3.0038115978240967,1.3455978631973267,0.147877037525177,2.008906364440918
387,-15.315520286560059,-1.468336820602417,7.367403030395508,6.497138977050781,-0.05066162720322609,0.20620284974575043,-8.143230438232422,14.241548538208008,13.438632011413574,6.553869724273682,0.8730557560920715,9.185125350952148,0.419353723526001,0.35936373472213745,-0.215287983417511,0.3463321030139923,0.17777612805366516,0.2494697868824005,-0.08914059400558472,-0.8764151334762573,-0.4028000235557556,-0.005773615092039108,-0.45313385128974915,0.6437928676605225,-3.5360238552093506,-0.2935250401496887,1.497404932975769,1.362589955329895,-0.023923687636852264,0.03282500058412552,-1.7043973207473755,3.1848902702331543,2.9325473308563232,1.3411529064178467,0.1988358050584793,1.9962778091430664
388,-15.170245170593262,-1.405034065246582,7.470249176025391,6.353048324584961,-0.11404256522655487,0.19034674763679504,-8.307690620422363,14.237771034240723,13.204063415527344,6.528943061828613,1.091235637664795,9.044671058654785,0.4343009889125824,0.34464165568351746,-0.1876371204853058,0.3761223554611206,0.185072660446167,0.21958114206790924,-0.08993682265281677,-0.8885948061943054,-0.41849038004875183,-0.005835568532347679,-0.4509592652320862,0.6874905228614807,-3.504366159439087,-0.26985982060432434,1.5432175397872925,1.2978565692901611,-0.03108333796262741,0.036227740347385406,-1.7609999179840088,3.173086643218994,2.8734920024871826,1.3370558023452759,0.24183271825313568,1.9584373235702515
389,-14.963699340820312,-1.4436649084091187,7.3478546142578125,6.256702423095703,-0.14953888952732086,0.17461071908473969,-8.305242538452148,14.298321723937988,13.036898612976074,6.479285717010498,1.2478069067001343,8.946462631225586,0.43935418128967285,0.30541759729385376,-0.15770065784454346,0.38999947905540466,0.18914788961410522,0.18735730648040771,-0.11671549081802368,-0.904297411441803,-0.42711201310157776,-0.00587543286383152,-0.4263985753059387,0.723480224609375,-3.4206204414367676,-0.29101771116256714,1.4934662580490112,1.2861990928649902,-0.03442590683698654,0.033040158450603485,-1.741249680519104,3.2031421661376953,2.829615354537964,1.3227068185806274,0.2647894024848938,1.9460934400558472
390,-14.769118309020996,-1.392669439315796,7.271176815032959,6.132527828216553,-0.2327813357114792,0.1482023447751999,-8.301567077636719,14.284896850585938,12.834259986877441,6.4255690574646,1.417127251625061,8.819580078125,0.4434022009372711,0.27041831612586975,0.10083889961242676,0.4216821789741516,0.1961054652929306,0.15638957917690277,-0.3443116545677185,-0.8734006285667419,-0.4370574355125427,-0.005950082093477249,-0.30456119775772095,0.7139527797698975,-3.361398220062256,-0.26954561471939087,1.4849644899368286,1.2552435398101807,-0.05729537457227707,0.026257961988449097,-1.7430201768875122,3.1819241046905518,2.7670018672943115,1.3105151653289795,0.3002381920814514,1.9138295650482178
391,-14.541263580322266,-1.4135273694992065,7.0530571937561035,6.137791156768799,-0.2928577661514282,0.09514803439378738,-8.120612144470215,14.265973091125488,12.61909008026123,6.358572959899902,1.6142120361328125,8.734512329101562,0.44320568442344666,0.22578753530979156,-0.11625629663467407,0.4038466215133667,0.1997019648551941,0.10883716493844986,-0.15202730894088745,-0.9166930913925171,-0.4423719346523285,-0.0059714000672101974,-0.3915083706378937,0.7679463624954224,-3.2826149463653564,-0.28349974751472473,1.4377108812332153,1.2771276235580444,-0.06614803522825241,0.011997602880001068,-1.6971135139465332,3.1836986541748047,2.7048768997192383,1.294148564338684,0.3456297516822815,1.8954651355743408
392,-14.353988647460938,-1.2920669317245483,7.1276421546936035,5.950314044952393,-0.39901143312454224,0.03917496278882027,-8.347468376159668,14.255985260009766,12.39474868774414,6.323156356811523,1.8248552083969116,8.558403968811035,0.45299777388572693,0.21362990140914917,-0.09598267078399658,0.421004056930542,0.20680677890777588,0.05643502250313759,-0.15564069151878357,-0.9489760994911194,-0.4538950026035309,-0.006060350686311722,-0.38213294744491577,0.8190252184867859,-3.233715772628784,-0.24090084433555603,1.4692291021347046,1.206214189529419,-0.09334453195333481,0.0003530457615852356,-1.7821003198623657,3.1698098182678223,2.6432011127471924,1.2910547256469727,0.3854973316192627,1.8485053777694702
393,-14.098450660705566,-1.356316089630127,7.01311731338501,5.8145751953125,-0.4250469207763672,0.07875151932239532,-8.333934783935547,14.311708450317383,12.197311401367188,6.292908191680908,1.9741010665893555,8.432669639587402,0.49917957186698914,0.1697842925786972,-0.0744442343711853,0.4250187277793884,0.12287908792495728,0.010970976203680038,-0.1728692650794983,-0.9714992046356201,-0.2632673978805542,-0.0020221397280693054,-0.36819735169410706,0.8568968772888184,-3.140355348587036,-0.27825087308883667,1.4257615804672241,1.1860733032226562,-0.08787485212087631,0.021057672798633575,-1.7504545450210571,3.1960020065307617,2.59356951713562,1.2852742671966553,0.4081028699874878,1.831335186958313
394,-13.897637367248535,-1.2554724216461182,6.942406177520752,5.590858459472656,-0.46559134125709534,0.03537765517830849,-8.298314094543457,14.244471549987793,11.89957046508789,6.20993709564209,2.1079506874084473,8.261063575744629,0.4458816647529602,0.1389644891023636,-0.06472983956336975,0.4196770191192627,0.24375605583190918,-0.03335180878639221,-0.19181713461875916,-0.9945350289344788,-0.512448787689209,-0.0066716112196445465,-0.3441483676433563,0.8908966779708862,-3.0821268558502197,-0.2367759346961975,1.4178134202957153,1.125043272972107,-0.09829425066709518,0.0012769252061843872,-1.7405489683151245,3.1495895385742188,2.5482912063598633,1.2603343725204468,0.43291646242141724,1.7855221033096313
395,-13.59427261352539,-1.2403284311294556,6.842622756958008,5.468841075897217,-0.6238660216331482,0.029878465458750725,-8.338725090026855,14.228271484375,11.773439407348633,6.19166898727417,2.2571659088134766,8.0924072265625,0.4404246509075165,0.10637758672237396,0.15679004788398743,0.4289957284927368,0.22402167320251465,-0.07595804333686829,-0.4316515028476715,-0.9096210598945618,-0.4803171157836914,-0.006125136278569698,-0.20537006855010986,0.7946640849113464,-2.989626169204712,-0.24530789256095886,1.3919243812561035,1.1129446029663086,-0.1445038616657257,0.005229726433753967,-1.7628319263458252,3.151704788208008,2.464141607284546,1.2649803161621094,0.46522122621536255,1.7486205101013184
396,-13.367098808288574,-1.2552553415298462,6.67371940612793,5.426329135894775,-0.6942915916442871,0.016031848266720772,-8.127714157104492,14.143367767333984,11.475285530090332,6.135694980621338,2.413928508758545,8.001883506774902,0.43060407042503357,0.06510046869516373,-0.07372575998306274,0.4058920741081238,0.2414366900920868,-0.12615607678890228,-0.15759098529815674,-1.02748441696167,-0.5049464702606201,-0.006415725685656071,-0.352273553609848,0.9424137473106384,-2.9356417655944824,-0.25257062911987305,1.3627784252166748,1.1159474849700928,-0.1472550332546234,0.0013511106371879578,-1.700165867805481,3.134330987930298,2.3921782970428467,1.2478424310684204,0.5025168657302856,1.721177577972412
397,-13.148946762084961,-1.060800313949585,6.7332282066345215,5.187087535858154,-0.8052404522895813,-0.06810113042593002,-8.406907081604004,14.136874198913574,11.245189666748047,6.109480857849121,2.584947347640991,7.734807014465332,0.42989271879196167,0.07070731371641159,-0.05879414081573486,0.40496692061424255,0.25144797563552856,-0.18175199627876282,-0.1862669289112091,-1.037157654762268,-0.5159163475036621,-0.006520443595945835,-0.32216858863830566,0.9631668329238892,-2.877225399017334,-0.1861562728881836,1.3830190896987915,1.035109043121338,-0.17446941137313843,-0.02492835372686386,-1.8008296489715576,3.113992929458618,2.3375244140625,1.24642014503479,0.5304296016693115,1.6601616144180298
398,-12.83310317993164,-1.1725808382034302,6.646609783172607,4.998032569885254,-0.8326461315155029,0.05899994820356369,-8.342798233032227,14.123957633972168,11.010820388793945,6.120607852935791,2.6776976585388184,7.5715837478637695,0.41227301955223083,0.031035546213388443,-0.07289811968803406,0.37800756096839905,0.26135337352752686,-0.2124209851026535,-0.16936716437339783,-1.054705262184143,-0.5248451828956604,-0.006614816375076771,-0.32120969891548157,0.9894582033157349,-2.7709028720855713,-0.24904221296310425,1.3517231941223145,1.0026018619537354,-0.16881084442138672,0.028667330741882324,-1.747771978378296,3.117295742034912,2.2790050506591797,1.2541455030441284,0.5421417951583862,1.6314854621887207
399,-12.604275703430176,-0.9985784888267517,6.589180946350098,4.7857794761657715,-0.9443379640579224,0.005375968758016825,-8.378312110900879,14.032642364501953,10.766127586364746,6.071308135986328,2.7843213081359863,7.364982604980469,0.45342403650283813,0.029230426996946335,-0.07861486077308655,0.35356056690216064,0.16059036552906036,-0.24675095081329346,-0.15605023503303528,-1.060980200767517,-0.29783692955970764,-0.0023942124098539352,-0.3232150375843048,1.0025080442428589,-2.727572202682495,-0.17662203311920166,1.3419123888015747,0.9529014229774475,-0.20209437608718872,-0.006040014326572418,-1.7682331800460815,3.0726847648620605,2.2169268131256104,1.23494291305542,0.5648046135902405,1.5786746740341187
