step,tau_0,tau_1,tau_2,tau_3,tau_4,tau_5,tau_6,tau_7,tau_8,tau_9,tau_10,tau_11,vel_0,vel_1,vel_2,vel_3,vel_4,vel_5,vel_6,vel_7,vel_8,vel_9,vel_10,vel_11,act_0,act_1,act_2,act_3,act_4,act_5,act_6,act_7,act_8,act_9,act_10,act_11
0,7.49129581451416,-7.342194557189941,9.364480018615723,-10.948203086853027,-6.007497787475586,-9.474717140197754,13.56764030456543,12.7052583694458,4.352223873138428,5.909565448760986,10.957003593444824,12.85678482055664,0.9196165204048157,-0.7453392744064331,2.7194979190826416,-3.435539722442627,2.092926025390625,0.8700364828109741,7.620798587799072,7.108364582061768,-1.5246940851211548,-1.8166697025299072,-5.694370269775391,-5.087074279785156,2.7821710109710693,-2.713456630706787,3.7609307765960693,-4.871148109436035,-2.1388635635375977,-3.8272969722747803,9.284136772155762,6.9463396072387695,1.4996424913406372,2.0991218090057373,4.878545761108398,7.229854106903076
1,12.949325561523438,-12.76109504699707,7.9835205078125,-9.665482521057129,-14.385091781616211,-7.915152549743652,14.049389839172363,12.863628387451172,2.987872838973999,2.219020128250122,14.693464279174805,19.195398330688477,10.640872955322266,-9.002405166625977,5.277626037597656,-8.064987182617188,-6.0793256759643555,-4.099481105804443,10.483283042907715,9.530662536621094,1.8106212615966797,1.2630314826965332,-3.944230079650879,-2.454669237136841,4.413844585418701,-4.263323783874512,1.7540277242660522,-2.3566510677337646,-4.955147743225098,-1.3358114957809448,8.576406478881836,5.644444942474365,0.34596487879753113,-0.1096840426325798,2.587588310241699,4.279201030731201
2,6.851288795471191,-9.329894065856934,8.330909729003906,-7.09469747543335,-13.419297218322754,-8.939569473266602,13.540216445922852,11.546065330505371,4.292582035064697,2.4978315830230713,13.864655494689941,17.29912757873535,16.184799194335938,-15.492215156555176,9.155657768249512,-12.627728462219238,-12.046177864074707,-9.113082885742188,13.58279037475586,12.166096687316895,4.77387809753418,4.2957763671875,-1.4767986536026,0.23343241214752197,1.8402137756347656,-3.063127040863037,2.3822100162506104,-1.8682482242584229,-5.311216354370117,-2.681442975997925,8.160950660705566,4.271179676055908,1.2298105955123901,0.6208006739616394,2.5635807514190674,3.715834140777588
3,3.373452663421631,-6.198054313659668,6.2812323570251465,-4.101894855499268,-11.085488319396973,-9.053227424621582,11.699665069580078,9.629919052124023,6.612822532653809,4.959320545196533,12.893257141113281,14.85427188873291,18.13265609741211,-19.628969192504883,12.830469131469727,-16.296207427978516,-14.377503395080566,-12.881576538085938,16.57239532470703,14.498385429382324,8.22226333618164,8.026665687561035,1.6215288639068604,3.289238929748535,1.0357836484909058,-2.7616350650787354,1.7370431423187256,-1.0820155143737793,-5.641513347625732,-3.4635775089263916,7.552958011627197,3.7848026752471924,2.4672904014587402,1.8358908891677856,2.728294610977173,3.4738967418670654
4,1.6405644416809082,-3.88588809967041,4.0133585929870605,-2.144041061401367,-10.264410972595215,-8.670166015625,9.717700004577637,8.333416938781738,7.689812660217285,6.19536018371582,11.684738159179688,12.556346893310547,19.424053192138672,-21.891141891479492,15.297379493713379,-18.284624099731445,-16.77643585205078,-15.48336124420166,18.413206100463867,15.754413604736328,15.909123420715332,14.76474666595459,5.307888984680176,6.687174320220947,0.4034757912158966,-2.1610305309295654,1.1505407094955444,-0.6197769641876221,-6.253011226654053,-4.1375226974487305,7.74881649017334,3.9120430946350098,3.876948356628418,2.9281928539276123,2.9801197052001953,3.5532209873199463
5,0.24065624177455902,-2.260101795196533,2.1516244411468506,-1.2392266988754272,-8.970840454101562,-8.060445785522461,8.456183433532715,7.862543106079102,3.4849228858947754,3.6596665382385254,9.827680587768555,10.335790634155273,16.653457641601562,-19.512609481811523,15.19873046875,-18.272188186645508,-16.273578643798828,-15.074715614318848,18.40806770324707,15.956626892089844,15.700095176696777,15.700763702392578,8.556562423706055,9.702847480773926,-0.3245191276073456,-1.3056219816207886,0.5279169678688049,-0.4301570653915405,-6.4634809494018555,-4.543487548828125,7.837515354156494,4.207087993621826,5.474874496459961,3.9764273166656494,3.163423538208008,3.8386664390563965
6,-3.063629388809204,-1.7742724418640137,0.7627012133598328,-0.8679143786430359,-9.434432983398438,-8.414169311523438,8.397587776184082,7.6642374992370605,4.069624900817871,3.4517054557800293,8.142609596252441,8.381636619567871,12.596184730529785,-18.530475616455078,12.466880798339844,-18.12415885925293,-16.54957389831543,-15.465129852294922,18.728628158569336,16.204355239868164,15.700135231018066,15.70143985748291,11.599509239196777,12.927669525146484,-0.7543367147445679,-0.5793683528900146,-0.06981784105300903,-0.3157827854156494,-6.5019097328186035,-4.3108673095703125,7.331538677215576,3.974702835083008,5.882462501525879,4.382529258728027,3.4661872386932373,4.179882049560547
7,-1.593459129333496,-0.7990816831588745,-1.4687103033065796,-0.7622367739677429,-9.198943138122559,-8.081002235412598,8.112090110778809,7.684813976287842,4.239785194396973,3.648850679397583,6.1015305519104,5.95984411239624,9.430695533752441,-17.590803146362305,8.09697151184082,-16.649063110351562,-17.288530349731445,-16.03748321533203,19.580610275268555,16.638639450073242,15.70019245147705,15.702926635742188,14.431901931762695,15.702544212341309,-0.11149069666862488,-0.020411759614944458,-0.5541567206382751,-0.34472233057022095,-6.199694633483887,-4.081574440002441,7.167954921722412,4.245235443115234,5.917420387268066,4.457970142364502,3.4278101921081543,4.339237213134766
8,-1.8166630268096924,1.784549355506897,-3.700045108795166,-0.6467320919036865,-8.579228401184082,-7.40378999710083,7.428342342376709,7.595483779907227,4.36098575592041,3.8130290508270264,4.087918281555176,3.7354016304016113,6.22278356552124,-15.664640426635742,3.083493232727051,-15.146419525146484,-17.8991756439209,-16.1543025970459,20.400901794433594,17.175830841064453,15.700307846069336,15.704163551330566,15.423734664916992,15.7030668258667,-0.3117646872997284,0.6568746566772461,-0.8423334956169128,-0.2271474450826645,-5.901476860046387,-3.6636979579925537,6.878100872039795,4.38804817199707,6.2293219566345215,4.764050483703613,3.422182321548462,4.491369724273682
9,-1.3084636926651,3.892317771911621,-4.189157962799072,-0.3711797595024109,-8.012850761413574,-6.8890533447265625,6.8195366859436035,7.598477363586426,4.439452171325684,3.9361088275909424,3.41768479347229,3.8308002948760986,4.108015060424805,-12.82291316986084,-0.564417839050293,-13.544063568115234,-18.611297607421875,-16.167821884155273,20.781484603881836,17.847415924072266,15.700000762939453,15.700005531311035,15.699997901916504,15.699748992919922,-0.17708095908164978,0.7084850072860718,-0.8882964849472046,-0.05608700215816498,-5.586882591247559,-3.294518232345581,6.869883060455322,4.833549976348877,6.42303466796875,4.988242149353027,3.5175764560699463,4.701043605804443
10,-1.4316394329071045,3.982842206954956,-3.7809858322143555,0.09306450933218002,-7.444203853607178,-6.603116035461426,6.559009552001953,7.534163951873779,4.498698711395264,4.021525859832764,3.302506446838379,3.920560598373413,2.2914626598358154,-10.261151313781738,-2.974951982498169,-12.011608123779297,-19.059659957885742,-16.43485450744629,20.703649520874023,18.495298385620117,15.700003623962402,15.700013160705566,15.700004577636719,15.6996488571167,-0.27564737200737,0.592785120010376,-0.7849793434143066,0.12104083597660065,-5.472180366516113,-3.1845974922180176,6.974379062652588,5.305737495422363,6.613295555114746,5.119173049926758,3.7004072666168213,4.883121967315674
11,-1.7143948078155518,4.185908317565918,-3.346562385559082,1.1203279495239258,-7.024649620056152,-6.199958324432373,6.610922813415527,7.363318920135498,4.537033557891846,4.069153308868408,3.386962413787842,3.9828929901123047,0.8167293071746826,-7.704584121704102,-4.314091205596924,-10.145448684692383,-19.32601547241211,-16.742897033691406,20.480106353759766,19.077743530273438,15.700005531311035,15.700007438659668,15.69999885559082,15.699585914611816,-0.3638007342815399,0.6727274656295776,-0.7299125790596008,0.2586274743080139,-5.229341983795166,-3.0007331371307373,6.941746711730957,5.57606315612793,6.7213544845581055,5.182545185089111,3.835566282272339,4.991491794586182
12,-2.192699909210205,4.3825154304504395,-2.9190845489501953,1.4290441274642944,-6.728017330169678,-5.886025905609131,6.772317409515381,7.128084659576416,4.549804210662842,4.085458278656006,3.487445116043091,4.030340194702148,4.014839172363281,0.17471909523010254,-0.10709619522094727,-0.6009514331817627,-18.032039642333984,-17.65532875061035,16.596027374267578,15.161544799804688,14.427403450012207,15.514546394348145,15.700146675109863,15.695830345153809,-0.5010663270950317,0.7532753944396973,-0.6446864008903503,0.2497306615114212,-5.032896518707275,-2.9286422729492188,6.971220970153809,5.7193498611450195,6.702282428741455,5.170779705047607,4.027393817901611,5.083127498626709
13,-6.2261128425598145,1.8421597480773926,-1.6695539951324463,3.5676236152648926,-7.818256855010986,-6.614657878875732,9.58994197845459,9.915238380432129,5.825892925262451,4.25026273727417,3.878568172454834,4.076603889465332,1.8200278282165527,1.2504706382751465,-1.3221075534820557,1.4602811336517334,-19.447229385375977,-18.655254364013672,18.06838607788086,17.295612335205078,15.698126792907715,15.699922561645508,15.696085929870605,15.696331977844238,-1.6062359809875488,0.15244409441947937,-0.1041942834854126,1.0400750637054443,-5.900020599365234,-4.664340496063232,7.316098690032959,6.164926528930664,6.4013519287109375,5.108557224273682,5.28342866897583,5.183324813842773
14,-4.13305139541626,2.3400256633758545,-0.35687217116355896,3.622154474258423,-7.04950475692749,-6.502269744873047,8.576496124267578,8.686559677124023,4.428369045257568,4.043686389923096,3.97440767288208,4.055809497833252,0.9316327571868896,3.317960023880005,-0.495844304561615,3.889340877532959,-19.749128341674805,-19.23360252380371,18.51230812072754,18.149702072143555,15.642498970031738,15.69999885559082,15.691182136535645,15.694908142089844,-0.5694490671157837,0.5695337057113647,0.0989941954612732,0.8105150461196899,-6.06929874420166,-4.67085599899292,7.328841209411621,6.496674537658691,5.971487998962402,4.984602928161621,5.01134729385376,5.027344226837158
15,-3.479156255722046,2.814578056335449,0.8931875824928284,4.164529323577881,-7.054393291473389,-6.320602893829346,8.341618537902832,8.29156494140625,4.369888782501221,4.024410724639893,4.127518653869629,4.053310871124268,0.5487796664237976,5.671106338500977,1.3878092765808105,6.376579284667969,-19.840539932250977,-19.637056350708008,18.70642852783203,18.62451934814453,15.617496490478516,15.696258544921875,15.691362380981445,15.695196151733398,-0.6086286306381226,0.7348252534866333,0.3432822823524475,1.1065902709960938,-6.678945541381836,-4.644293308258057,7.727657318115234,6.966364860534668,5.5566253662109375,4.961644172668457,5.50026273727417,5.04489803314209
16,-1.264655351638794,3.1260650157928467,1.762701153755188,4.429527759552002,-7.136733531951904,-5.6046061515808105,8.19766616821289,8.066542625427246,4.288880825042725,3.968518018722534,4.2070393562316895,3.9905238151550293,1.1156576871871948,8.377287864685059,3.9258980751037598,8.666160583496094,-19.897972106933594,-19.735483169555664,18.88235092163086,18.66849708557129,15.652142524719238,15.69066333770752,15.700008392333984,15.692824363708496,0.03595760092139244,0.8720254898071289,0.5006909966468811,1.2654273509979248,-6.995481491088867,-3.618133068084717,7.507133483886719,7.1286845207214355,5.2853546142578125,4.763294219970703,5.598406791687012,4.805798530578613
17,1.76287841796875,3.184333086013794,3.264707088470459,4.624065399169922,-7.068370342254639,-3.9565789699554443,7.992388725280762,8.0943603515625,4.212120056152344,3.8286519050598145,4.263257026672363,3.8830368518829346,1.7816739082336426,10.341842651367188,6.270264625549316,10.288060188293457,-19.772289276123047,-19.480270385742188,18.535768508911133,18.17438507080078,15.635295867919922,15.518529891967773,15.517394065856934,15.700013160705566,0.7830108404159546,0.9707908630371094,1.0208303928375244,1.4604661464691162,-6.573369979858398,-1.7580043077468872,7.087885856628418,7.215862274169922,5.279029369354248,4.343013286590576,5.765009880065918,4.5024285316467285
18,3.8679697513580322,3.2128593921661377,5.375720024108887,4.82358980178833,-6.664841651916504,-0.44908425211906433,8.172736167907715,8.451353073120117,4.202564716339111,3.6585638523101807,4.501142501831055,3.7696821689605713,0.9374737739562988,10.200072288513184,5.825558185577393,9.122639656066895,-19.72464370727539,-17.917343139648438,16.510822296142578,16.329402923583984,15.621942520141602,15.417092323303223,15.418838500976562,15.616107940673828,1.148681402206421,1.060854196548462,1.8532496690750122,1.6405088901519775,-4.986321449279785,1.1289995908737183,6.92669677734375,7.130983829498291,5.243521690368652,3.6146786212921143,5.93557596206665,4.293221950531006
19,3.0959722995758057,5.290346622467041,8.654075622558594,5.694975852966309,-4.258696556091309,14.290094375610352,9.486384391784668,9.517349243164062,4.1791791915893555,3.4833943843841553,4.667931079864502,3.8271095752716064,2.5869646072387695,13.11870002746582,9.466187477111816,11.524884223937988,-19.352210998535156,-14.378888130187988,16.50349998474121,16.43307113647461,15.676324844360352,15.675756454467773,15.514846801757812,15.636961936950684,0.5190891027450562,2.1538290977478027,3.032438278198242,1.8345715999603271,-1.5859322547912598,3.8226027488708496,6.610849857330322,6.2706451416015625,5.134944438934326,3.3167335987091064,6.181914329528809,4.384643077850342
20,-1.1813514232635498,4.704644680023193,7.881466865539551,4.677998065948486,9.897648811340332,22.771909713745117,8.418964385986328,7.885832786560059,4.351463317871094,1.8489724397659302,4.386248588562012,3.803704023361206,2.985474109649658,15.855520248413086,12.169459342956543,12.776030540466309,-16.087440490722656,-7.59725284576416,16.539106369018555,16.299985885620117,15.686151504516602,9.449769020080566,15.619630813598633,15.684672355651855,-0.7962149381637573,1.7952884435653687,2.651085138320923,1.4847661256790161,4.88642692565918,5.720552921295166,4.3224921226501465,3.5761194229125977,6.359597206115723,0.8197903633117676,5.153182506561279,4.386158466339111
21,-8.471823692321777,2.027858257293701,2.888807773590088,1.7947601079940796,23.646869659423828,22.03643035888672,3.3063108921051025,3.1255948543548584,0.9178832173347473,-15.030557632446289,4.070262432098389,3.7161645889282227,-0.29958149790763855,17.03791618347168,12.048998832702637,11.321281433105469,-8.045581817626953,4.397818088531494,15.68404769897461,15.391231536865234,6.222546577453613,-15.699995994567871,15.58713436126709,15.565705299377441,-2.6815690994262695,0.316946417093277,0.08352227509021759,0.028725221753120422,7.531542778015137,5.306959629058838,-0.03881125897169113,-0.04322800785303116,-1.2803047895431519,-9.419854164123535,4.61160135269165,4.2432966232299805
22,-5.477012634277344,-2.046663999557495,-0.10568085312843323,1.1285604238510132,23.902193069458008,12.071274757385254,-2.0179708003997803,0.6406956315040588,-16.2391300201416,-3.7360854148864746,3.888181686401367,3.6741111278533936,-3.35394549369812,15.887882232666016,11.262056350708008,9.727950096130371,3.4699487686157227,7.18173360824585,13.781233787536621,14.031455039978027,-15.700000762939453,-15.555201530456543,15.589762687683105,15.533658981323242,-0.824737548828125,-1.0228222608566284,-0.6763798594474792,0.18730007112026215,6.931035995483398,2.6033935546875,-1.4665392637252808,-0.4735448658466339,-16.68724250793457,-7.692893028259277,4.206429481506348,3.884403944015503
23,5.409054756164551,-9.574610710144043,-9.744856834411621,-1.5010014772415161,15.935430526733398,11.693763732910156,-0.028786055743694305,-1.4433261156082153,-3.562648296356201,-4.504476070404053,3.6844053268432617,3.8408212661743164,-4.222620964050293,11.399242401123047,7.3553643226623535,6.229678630828857,6.943808555603027,10.17793083190918,12.302546501159668,12.271267890930176,-15.699999809265137,-15.60831069946289,15.648271560668945,15.569206237792969,2.5949110984802246,-2.0325727462768555,-2.5867817401885986,-0.6229425668716431,4.492056369781494,3.9691758155822754,0.17038381099700928,-0.5048906803131104,-5.28035831451416,-7.914867401123047,3.8683722019195557,4.474977493286133
24,6.563108921051025,-9.666824340820312,-10.673348426818848,0.21927328407764435,14.434627532958984,10.193205833435059,0.25578048825263977,-3.40338397026062,-4.070070743560791,-4.608282089233398,3.661821126937866,3.693779945373535,-4.313474655151367,7.195433139801025,3.8275632858276367,3.6129956245422363,10.291129112243652,12.85389518737793,10.976140022277832,10.262238502502441,-15.700000762939453,-15.614631652832031,15.664185523986816,15.589215278625488,1.3019646406173706,-1.55605947971344,-2.0312633514404297,0.24363543093204498,5.433355808258057,3.6977076530456543,0.14687705039978027,-0.6793415546417236,-6.1066155433654785,-6.972193241119385,4.17504358291626,3.950713872909546
25,0.8343567848205566,-4.147781848907471,-9.451835632324219,1.4010149240493774,12.523750305175781,8.194339752197266,-2.3055307865142822,-5.816937446594238,-4.320370674133301,-4.616240501403809,3.740677833557129,3.5828614234924316,-5.627292156219482,3.542113780975342,0.8566061854362488,1.670738935470581,13.254175186157227,13.713531494140625,9.378338813781738,8.08057975769043,-15.700004577636719,-13.84512710571289,15.659646034240723,15.600966453552246,-0.5263528823852539,-0.18107369542121887,-1.7250277996063232,0.4956703782081604,5.3994975090026855,3.095254421234131,-0.6244808435440063,-1.1457964181900024,-6.4034104347229,-6.610167503356934,4.436273574829102,3.8180887699127197
26,-4.213504791259766,2.5863614082336426,-8.245635032653809,1.324187159538269,10.89072036743164,6.572667121887207,-7.08135986328125,-8.119383811950684,-4.476884365081787,-6.279783248901367,3.806443214416504,3.3485419750213623,-7.871030330657959,-0.7961562871932983,-1.519187569618225,0.34166327118873596,15.880276679992676,10.292160034179688,7.095670223236084,5.77276086807251,-15.696532249450684,-8.959954261779785,15.651521682739258,15.608505249023438,-1.9257481098175049,1.4695298671722412,-1.6151320934295654,0.2553035616874695,5.743389129638672,2.2812297344207764,-1.6376585960388184,-1.6160842180252075,-6.8062639236450195,-5.837654113769531,4.5205864906311035,3.3413643836975098
27,-6.939879894256592,8.43482494354248,-6.6803741455078125,0.35608476400375366,9.311402320861816,6.522092342376709,-9.298651695251465,-9.004059791564941,-4.546290397644043,-10.464095115661621,3.8935670852661133,3.1158640384674072,-3.530266284942627,-1.4245635271072388,-2.24285626411438,-1.0274379253387451,8.748701095581055,10.02337646484375,9.330667495727539,8.200868606567383,-4.962640285491943,-11.874423027038574,-0.00027942657470703125,-0.03633388876914978,-2.705265760421753,2.5794928073883057,-1.3089849948883057,-0.06688113510608673,5.834392070770264,1.7735430002212524,-1.8830589056015015,-1.7403028011322021,-6.830986976623535,-4.752684593200684,4.714717388153076,3.0258636474609375
28,-12.029260635375977,13.507025718688965,-3.220944881439209,-1.2325804233551025,14.325345993041992,4.833240032196045,-12.040885925292969,-7.199235916137695,-15.932160377502441,-7.2902703285217285,14.549156188964844,11.244025230407715,-3.1843929290771484,-1.0502017736434937,-3.106921434402466,-1.5279988050460815,7.820685863494873,8.880362510681152,7.125170707702637,6.922291278839111,-8.050104141235352,-11.76461124420166,0.008908847346901894,0.002288099378347397,-4.075448036193848,3.9102976322174072,-0.22219419479370117,-0.4750139117240906,6.326615810394287,1.1143816709518433,-2.210265874862671,-0.8890259265899658,-7.159091472625732,-4.364137649536133,2.774456739425659,1.9820424318313599
29,-12.20052433013916,14.317408561706543,-1.3424137830734253,-0.9532033205032349,14.253424644470215,2.189570665359497,-9.099261283874512,-5.613035202026367,-12.613587379455566,-7.498246669769287,13.725838661193848,10.51114273071289,-3.171522617340088,-0.4727040231227875,-3.3734920024871826,-1.6503995656967163,7.878574848175049,7.164241313934326,5.547870635986328,6.0115838050842285,-9.893804550170898,-11.903022766113281,0.013456900604069233,0.043783966451883316,-3.121089220046997,3.3719778060913086,-0.03493988513946533,-0.16464178264141083,5.071165084838867,0.06913638859987259,-1.256058692932129,-0.7737237215042114,-6.757870674133301,-4.896550178527832,2.982264518737793,2.145122766494751
30,-11.818140029907227,13.45967960357666,-1.3403053283691406,-0.3840468227863312,12.988125801086426,1.9897903203964233,-7.139161109924316,-4.054210662841797,-10.769722938537598,-7.4940185546875,12.448009490966797,9.496536254882812,-3.548060417175293,-0.32688748836517334,-3.6740968227386475,-1.744160532951355,8.560874938964844,5.803066253662109,4.3310980796813965,5.4110894203186035,-11.371321678161621,-12.32774829864502,0.014854488894343376,0.000494126696139574,-2.905170202255249,2.888597249984741,-0.30399373173713684,-0.0015513449907302856,4.089625835418701,0.457763135433197,-1.0452502965927124,-0.5200735926628113,-7.150559902191162,-5.061929702758789,2.543489456176758,1.8625259399414062
31,-11.070112228393555,12.647260665893555,-1.7849299907684326,0.2176879197359085,11.03635311126709,2.1712067127227783,-5.011964797973633,-2.780296564102173,-9.297586441040039,-7.24769926071167,11.230907440185547,8.303525924682617,-4.038863658905029,-0.30183595418930054,-4.040914535522461,-1.7789090871810913,9.236510276794434,5.080575942993164,3.4906582832336426,5.019923210144043,-12.3018798828125,-12.949275970458984,0.019113950431346893,0.021090790629386902,-2.6784565448760986,2.6537399291992188,-0.4780762791633606,0.12279297411441803,3.219236135482788,0.5509250164031982,-0.6610822081565857,-0.3355434238910675,-7.433065414428711,-5.297516822814941,2.241305351257324,1.553102970123291
32,-10.300347328186035,11.986431121826172,-2.148000955581665,0.8181321620941162,9.11865234375,2.1137986183166504,-3.446408271789551,-2.1187424659729004,-8.375223159790039,-6.790448188781738,9.876365661621094,6.804111003875732,-4.527811050415039,0.10784495621919632,-4.382809162139893,-1.6685987710952759,9.829732894897461,4.825092792510986,2.9268953800201416,4.761204242706299,-12.973896026611328,-13.612582206726074,0.013722708448767662,-0.00015232589794322848,-2.5054259300231934,2.4992921352386475,-0.5585640668869019,0.23024161159992218,2.5535809993743896,0.49081873893737793,-0.4465596675872803,-0.29145291447639465,-7.661782264709473,-5.500740051269531,1.8927949666976929,1.1879246234893799
33,-9.578166007995605,11.1456880569458,-2.3889284133911133,1.4430773258209229,7.4065961837768555,1.825193166732788,-2.450753688812256,-1.8466745615005493,-7.694523334503174,-6.261983871459961,8.060124397277832,4.5196757316589355,-5.006680965423584,1.0243983268737793,-4.690398216247559,-1.3954044580459595,10.32656192779541,4.948305606842041,2.522317409515381,4.530517578125,-13.488105773925781,-14.24510669708252,0.033150095492601395,0.022690871730446815,-2.349813222885132,2.3174426555633545,-0.6045194864273071,0.35342806577682495,2.0293972492218018,0.3863396942615509,-0.33331018686294556,-0.2897346317768097,-7.779919147491455,-5.6978607177734375,1.4113911390304565,0.6016428470611572
34,-8.96272087097168,10.048471450805664,-2.6523284912109375,2.294156074523926,5.9259443283081055,1.2884825468063354,-1.964693546295166,-1.6555989980697632,-7.146012783050537,-5.726804733276367,5.016595840454102,0.6116668581962585,-5.495724201202393,1.8126494884490967,-5.023903846740723,-0.9631426334381104,10.704493522644043,5.049469947814941,2.1706676483154297,4.314131736755371,-13.877089500427246,-14.47342586517334,0.06155635416507721,-2.9666349291801453e-05,-2.234947919845581,2.1066606044769287,-0.6791894435882568,0.5510446429252625,1.5994864702224731,0.22434496879577637,-0.30688875913619995,-0.26736167073249817,-7.726625442504883,-5.858644008636475,0.6028306484222412,-0.3994581401348114
35,-8.370159149169922,9.140237808227539,-3.2616190910339355,3.1015994548797607,4.758993625640869,0.6443692445755005,-2.1057844161987305,-1.5406945943832397,-6.6695051193237305,-5.521890640258789,-1.085059404373169,-5.75610876083374,-5.774274826049805,2.2297780513763428,-5.302773475646973,-0.7962140440940857,10.955565452575684,4.803040027618408,1.8332786560058594,7.63564395904541,-14.198817253112793,-14.423075675964355,-0.3730146288871765,-11.568120956420898,-2.1111838817596436,1.9614397287368774,-0.8968290686607361,0.7149389982223511,1.2905577421188354,0.0524904802441597,-0.414076566696167,-0.25757476687431335,-7.313665390014648,-5.814523696899414,-1.0475763082504272,-2.136242628097534
36,-6.959841728210449,9.688925743103027,-4.28109073638916,2.85052227973938,3.601012706756592,-0.25299784541130066,-1.2232379913330078,-3.0184690952301025,-6.132624626159668,-5.412694454193115,-10.768774032592773,-6.2508039474487305,-6.3564066886901855,2.52351975440979,-5.2057785987854,-0.5139453411102295,11.095669746398926,4.484958171844482,6.244454383850098,8.264120101928711,-14.562270164489746,-14.54469108581543,-15.63532829284668,-15.6427640914917,-1.5602341890335083,2.3745856285095215,-1.2380461692810059,0.5271627902984619,0.9138510227203369,-0.17604386806488037,-0.12247980386018753,-0.6265767812728882,-6.336177825927734,-5.197601318359375,-4.54634428024292,-6.534263610839844
37,-6.6616034507751465,9.753339767456055,-4.504178524017334,3.3727962970733643,2.5252113342285156,-0.9215608239173889,1.186972975730896,-4.732115268707275,-5.657535076141357,-5.1218461990356445,-3.6077725887298584,-4.047860145568848,-6.7777485847473145,3.140042781829834,-5.740771770477295,0.3896373212337494,11.226221084594727,4.146758079528809,6.216204643249512,7.3135881423950195,-14.747188568115234,-14.611854553222656,-15.625221252441406,-15.6349458694458,-1.742404580116272,2.3264782428741455,-1.1445828676223755,0.7412002086639404,0.5812334418296814,-0.23846450448036194,0.657210648059845,-0.9284513592720032,-6.215750694274902,-4.838805675506592,-5.848758220672607,-6.525544166564941
38,-6.675975322723389,9.120065689086914,-2.9973385334014893,2.6973752975463867,2.000134229660034,0.30947184562683105,-0.8271957039833069,-6.870178699493408,-5.399097442626953,-5.091300964355469,-4.099515438079834,-4.39199161529541,-7.199331760406494,3.507086992263794,-6.160521507263184,1.3153268098831177,11.290787696838379,4.264492511749268,5.760034084320068,5.84285831451416,-14.824321746826172,-14.622782707214355,-15.627450942993164,-15.634156227111816,-1.8337454795837402,2.1049370765686035,-0.5104290843009949,0.4703238606452942,0.5322645902633667,0.2267557680606842,-0.4294162392616272,-1.3862096071243286,-6.0599517822265625,-5.162825584411621,-5.8978166580200195,-6.660790920257568
39,-6.367122173309326,9.009038925170898,-1.9231126308441162,1.6370184421539307,1.5353796482086182,0.3589456081390381,-2.831711769104004,-8.364599227905273,-5.222156524658203,-5.041362762451172,-4.2949981689453125,-4.5357346534729,-7.606975078582764,5.963235378265381,-6.417111396789551,2.2824599742889404,11.406360626220703,4.522411346435547,4.850518703460693,4.0022430419921875,-14.910350799560547,-15.244635581970215,-15.538801193237305,-15.647128105163574,-1.7127734422683716,2.1866161823272705,-0.3126307725906372,0.20637334883213043,0.39462706446647644,0.09155387431383133,-0.7061404585838318,-1.66422438621521,-5.731544017791748,-4.989284515380859,-5.92080545425415,-6.720033168792725
40,-5.859974384307861,7.556546688079834,-0.7308043241500854,0.5098443031311035,0.862667441368103,0.050347574055194855,-5.045060634613037,-9.72167682647705,-5.025789260864258,-4.436668872833252,-4.474944591522217,-4.580298900604248,-8.290349960327148,1.2081952095031738,-7.083439826965332,2.7541637420654297,11.362713813781738,3.882758855819702,3.34338116645813,1.5257837772369385,-15.107208251953125,-13.416853904724121,-15.727469444274902,-15.625615119934082,-1.5521594285964966,1.8750652074813843,0.012792585417628288,-0.04435180127620697,0.13544730842113495,-0.036010079085826874,-1.1540284156799316,-2.0464909076690674,-5.432272911071777,-4.93498420715332,-5.994848251342773,-6.726025104522705
41,-5.5880537033081055,10.681913375854492,-0.38426530361175537,-0.8433007001876831,0.562689483165741,0.4807743430137634,-4.562988758087158,-8.900726318359375,-4.67410945892334,-6.009413242340088,-4.278618335723877,-4.6302103996276855,-5.51485538482666,7.064210414886475,-5.6561384201049805,6.307854175567627,10.393420219421387,3.819561719894409,1.3039541244506836,-1.0861586332321167,-15.349716186523438,-15.42945671081543,-15.623759269714355,-15.60129451751709,-1.58235764503479,2.7212507724761963,-0.04366636276245117,-0.3316419720649719,0.11612342298030853,0.17617475986480713,-0.797178328037262,-1.7572150230407715,-4.986321449279785,-4.706596374511719,-5.742101192474365,-6.7585225105285645
42,-8.031405448913574,7.616677284240723,1.604180932044983,-3.159226894378662,1.217010498046875,0.27746400237083435,-7.620541095733643,-10.301958084106445,-4.273199081420898,-4.133086204528809,-4.416125297546387,-4.6430535316467285,-6.680293083190918,8.503498077392578,-6.179149150848389,5.889040470123291,10.594534873962402,4.01237154006958,-0.8321099877357483,-3.7204830646514893,-14.840118408203125,-15.354612350463867,-15.54442310333252,-15.672537803649902,-2.4494152069091797,1.93623948097229,0.5192459225654602,-0.7745468616485596,0.5009906888008118,0.032333679497241974,-1.9996451139450073,-2.69378924369812,-4.598165512084961,-4.610483646392822,-5.9514288902282715,-6.589146137237549
43,-7.132587432861328,7.022685527801514,3.4920501708984375,-5.320497035980225,0.36872029304504395,-0.041824113577604294,-8.583540916442871,-10.7900972366333,-4.428316116333008,-4.145799160003662,-4.4776506423950195,-4.568442344665527,-8.767218589782715,5.193482875823975,-6.923510551452637,4.656166076660156,10.77602481842041,3.828676462173462,-3.3131327629089355,-6.74404239654541,-15.15275764465332,-15.347830772399902,-15.638991355895996,-15.640384674072266,-1.832122564315796,2.0577425956726074,0.7931467890739441,-1.1579155921936035,-0.05818815529346466,-0.05467604845762253,-2.0976521968841553,-3.043283224105835,-3.983684539794922,-4.512935638427734,-5.784982204437256,-6.6199049949646
44,-6.342170238494873,9.253745079040527,4.24828577041626,-6.560731887817383,-0.9635849595069885,0.20215819776058197,-8.28149700164795,-10.086004257202148,-3.8443069458007812,-4.038145065307617,-4.328187465667725,-4.600976943969727,-10.367677688598633,1.924452304840088,-6.646928310394287,3.7220284938812256,10.668233871459961,3.2824995517730713,-5.663064002990723,-9.437224388122559,-15.19713020324707,0.24144484102725983,-15.442813873291016,-15.467278480529785,-1.8506625890731812,2.6797399520874023,0.7718420624732971,-1.3354341983795166,-0.3128463327884674,0.0821356251835823,-2.0448734760284424,-3.061460494995117,-3.490285873413086,-4.233229637145996,-5.539905071258545,-6.6154255867004395
45,-5.8628716468811035,10.04957103729248,5.482926845550537,-7.212532997131348,-1.9692214727401733,0.5545184016227722,-8.448235511779785,-9.148283004760742,-3.298353433609009,-15.833511352539062,-4.447534561157227,-4.768579483032227,-11.55153751373291,1.9395391941070557,-5.928433418273926,2.5999741554260254,10.225960731506348,3.216453790664673,-8.07200813293457,-12.007890701293945,-15.254449844360352,-0.0070632100105285645,-15.636019706726074,-15.588655471801758,-1.8825652599334717,2.2437827587127686,1.0538519620895386,-1.4240646362304688,-0.39092978835105896,0.1766645610332489,-2.4216606616973877,-3.0881385803222656,-2.6981658935546875,-3.428255319595337,-5.324366092681885,-6.535938739776611
46,-5.449495315551758,10.595766067504883,4.933066368103027,-7.76166296005249,-3.3361151218414307,0.28788918256759644,-8.443168640136719,-8.88741397857666,-3.149289846420288,-13.599111557006836,-4.301499843597412,-4.625535488128662,-9.566967010498047,2.8463852405548096,-5.193984508514404,1.0727355480194092,8.360716819763184,3.43220853805542,-10.471285820007324,-14.482260704040527,0.3577875792980194,-0.004071434959769249,-15.516977310180664,-15.508398056030273,-1.8445340394973755,2.5733699798583984,0.782098114490509,-1.582923173904419,-0.6401181221008301,0.02445903979241848,-2.728343963623047,-3.815608263015747,-2.876126289367676,-2.715096950531006,-5.6394548416137695,-6.452080726623535
47,-4.9009504318237305,8.845215797424316,6.420027256011963,-8.534693717956543,-2.9630589485168457,0.5054614543914795,-8.61166763305664,-7.794894695281982,-3.2873384952545166,-10.449583053588867,-4.250254154205322,-4.424415111541748,-9.01176643371582,3.0316638946533203,-3.935422420501709,-0.6169744729995728,7.633220672607422,3.7112531661987305,-13.09318733215332,-16.973798751831055,-0.39051416516304016,0.09241034835577011,-15.556732177734375,-15.364885330200195,-1.2439656257629395,1.8340126276016235,1.3083456754684448,-1.8900978565216064,-0.4422626495361328,0.14724218845367432,-3.3265559673309326,-3.6115171909332275,0.6781395077705383,-1.746191382408142,-4.87034273147583,-5.072401523590088
48,-3.8216516971588135,7.207958698272705,6.625476837158203,-8.396023750305176,-4.353725433349609,0.9343544244766235,-8.10351276397705,-6.773441791534424,4.95858907699585,-7.352691650390625,-4.087927341461182,-4.3001508712768555,-6.856514930725098,3.243096351623535,-2.6746692657470703,-2.6123924255371094,6.081035614013672,3.8620777130126953,-15.749299049377441,-19.40681266784668,5.373140335083008,0.03984074294567108,-14.933403968811035,-14.503482818603516,-0.870140552520752,1.410050392150879,1.2518885135650635,-1.8481545448303223,-0.8578733205795288,0.2795135974884033,-3.5837697982788086,-3.8568344116210938,2.1996192932128906,-1.0639104843139648,-4.657381534576416,-4.558473110198975
49,-0.05068456754088402,4.191832542419434,5.872890472412109,-8.571842193603516,-5.706110954284668,1.9854531288146973,-7.305300712585449,-5.4647955894470215,10.57335376739502,0.42816299200057983,-4.408731937408447,-4.287748336791992,0.5885800123214722,3.132707118988037,-1.335280418395996,-4.744577407836914,2.152992010116577,4.405178070068359,-18.374507904052734,-20.834692001342773,15.551556587219238,0.06383910775184631,-14.237288475036621,-13.785537719726562,0.7107954621315002,0.49917325377464294,1.032935380935669,-2.1186652183532715,-1.1412019729614258,0.6207160949707031,-3.8953914642333984,-3.646667957305908,6.595327854156494,1.140755534172058,-4.132084369659424,-3.0857303142547607
50,6.072923183441162,-0.5564898252487183,4.7177734375,-7.856739521026611,-4.063292503356934,4.218870639801025,-6.25341796875,-4.029011249542236,4.3487548828125,9.173978805541992,-4.3991594314575195,-3.4436278343200684,3.6886322498321533,1.7481330633163452,-0.011774387210607529,-6.541938304901123,0.718611478805542,5.998330593109131,-20.30665397644043,-21.362003326416016,14.898155212402344,9.943595886230469,-13.396708488464355,-12.260804176330566,2.2262251377105713,-0.8021103143692017,0.7941142916679382,-1.9643511772155762,-0.6349093317985535,1.382210373878479,-4.111695766448975,-2.5312836170196533,9.165831565856934,3.5677361488342285,-3.148289680480957,-1.6716909408569336
51,8.156474113464355,-5.166864395141602,3.820831060409546,-6.3150529861450195,-5.863673686981201,5.128999710083008,-5.031242847442627,-2.3917908668518066,5.314844131469727,7.453580379486084,-3.691718101501465,-2.161231756210327,8.20356273651123,-1.4639662504196167,0.8786676526069641,-8.06352424621582,-2.6078438758850098,7.1873555183410645,-21.471513748168945,-21.298053741455078,15.319364547729492,15.697517395019531,-11.9174165725708,-9.566569328308105,2.479728937149048,-1.6220159530639648,0.6754066348075867,-1.4943820238113403,-1.4474657773971558,1.5278421640396118,-3.5738472938537598,-1.0167285203933716,7.3135199546813965,4.993730545043945,-1.7606457471847534,-0.3860163986682892
52,7.342408657073975,-7.3310441970825195,3.12036395072937,-5.243807315826416,-6.467944145202637,3.4751720428466797,-3.954274892807007,0.43800708651542664,4.863686561584473,3.6273813247680664,-2.339040756225586,5.452275276184082,11.285865783691406,-5.617524147033691,0.9379409551620483,-9.180126190185547,-5.909830093383789,6.551927089691162,-22.060871124267578,-21.055908203125,15.42013168334961,15.696772575378418,-9.270857810974121,0.7327959537506104,2.2906525135040283,-2.035975456237793,0.5648560523986816,-1.347449779510498,-1.6629912853240967,0.6722428798675537,-2.8370988368988037,1.210092544555664,6.3078131675720215,4.7019171714782715,-0.44031307101249695,2.1009511947631836
53,6.04338264465332,-7.616218090057373,2.418823480606079,-3.4366166591644287,-7.227643966674805,0.8190070986747742,-2.555760145187378,14.378523826599121,4.750214576721191,3.601759195327759,5.393029689788818,13.11255168914795,12.970388412475586,-10.107318878173828,-0.28283989429473877,-9.433124542236328,-9.997507095336914,4.6328325271606445,-22.7890682220459,-16.406410217285156,15.669515609741211,15.689373016357422,1.1514352560043335,15.162894248962402,1.9876854419708252,-2.251589298248291,0.4046446681022644,-0.6983069777488708,-2.2016637325286865,-0.2600076198577881,-1.38963782787323,3.2048590183258057,6.288989067077637,4.076009750366211,2.132671594619751,6.087105751037598
54,2.342482805252075,-4.937224388122559,5.2366437911987305,-1.9504417181015015,-8.927985191345215,-7.89271879196167,5.148906707763672,21.714008331298828,4.569064617156982,3.88861346244812,12.227067947387695,4.214162349700928,12.960881233215332,-13.330333709716797,-0.6675191521644592,-9.821141242980957,-13.260248184204102,-0.934542715549469,-20.98954200744629,-9.091424942016602,15.520694732666016,15.682903289794922,15.061148643493652,15.6852388381958,0.08292868733406067,-1.2584835290908813,1.4398282766342163,-0.28796708583831787,-4.012057781219482,-2.6754331588745117,2.4537055492401123,4.645873069763184,6.8291192054748535,5.0939531326293945,5.370306968688965,5.681344509124756
55,1.0217417478561401,-4.32661247253418,9.887649536132812,-1.439428687095642,-8.342540740966797,-10.156676292419434,21.249954223632812,20.657569885253906,4.7317047119140625,3.9464175701141357,4.132397651672363,3.9162776470184326,13.084640502929688,-14.534979820251465,1.1338742971420288,-8.520031929016113,-16.790258407592773,-6.966041564941406,-13.317180633544922,-2.9688503742218018,15.533266067504883,15.68531322479248,15.367972373962402,15.458802223205566,0.049309756606817245,-1.6636967658996582,2.831996202468872,-0.33398503065109253,-3.882310628890991,-2.9021620750427246,5.226681232452393,4.330248832702637,6.667287349700928,4.853952884674072,5.247671127319336,4.9417219161987305
56,0.11043089628219604,-2.978710174560547,9.964829444885254,-2.4546821117401123,-7.14445686340332,-8.841174125671387,23.73686408996582,19.507234573364258,4.731003761291504,3.947032928466797,4.164811611175537,4.172064304351807,12.422067642211914,-13.78653621673584,3.4983270168304443,-6.9894514083862305,-18.320966720581055,-11.044268608093262,-5.919709205627441,2.581745147705078,15.682106971740723,15.623433113098145,15.046364784240723,15.700005531311035,-0.17421600222587585,-0.8953253030776978,2.337214231491089,-0.8660712838172913,-4.294078826904297,-2.6990103721618652,5.323606014251709,5.286105155944824,6.732494354248047,4.785840034484863,5.048804759979248,4.905107498168945
57,-2.267019510269165,-1.3994739055633545,7.836774826049805,-3.1060879230499268,-6.615253448486328,-8.027344703674316,22.152795791625977,16.997955322265625,4.559818744659424,3.8941140174865723,4.475918292999268,3.9455835819244385,9.73869514465332,-13.044142723083496,4.186568260192871,-6.6544718742370605,-18.81003761291504,-13.834527015686035,0.23893773555755615,6.665210723876953,15.621367454528809,15.700010299682617,15.243465423583984,15.700044631958008,-0.5636501312255859,-0.09269607067108154,1.6384315490722656,-0.902930498123169,-4.472901344299316,-3.063873291015625,5.838162422180176,5.365024566650391,6.581780433654785,4.4057817459106445,4.725941181182861,4.795817852020264
58,-2.9920239448547363,0.4486057758331299,5.485775947570801,-2.541779041290283,-6.544948101043701,-7.471909046173096,19.56709098815918,14.901013374328613,4.590115070343018,3.7426984310150146,4.2887492179870605,3.9470319747924805,7.685397148132324,-11.25040340423584,4.725142478942871,-5.9715986251831055,-19.402021408081055,-15.926767349243164,5.245761871337891,9.685161590576172,15.606796264648438,15.69999885559082,15.700011253356934,15.699788093566895,-0.5419607162475586,0.4499843716621399,0.9546165466308594,-0.5508458614349365,-4.65985631942749,-3.414668560028076,6.3375020027160645,5.583181381225586,6.404388904571533,4.270410060882568,4.654730796813965,4.8138556480407715
59,-2.6924245357513428,3.902916193008423,4.143260955810547,-0.6957827210426331,-6.4816765785217285,-7.037834644317627,17.015222549438477,13.55331802368164,4.529471397399902,3.7157583236694336,3.8780975341796875,3.964775800704956,5.218708038330078,-9.11976432800293,4.263238906860352,-5.890908718109131,-19.992782592773438,-17.068635940551758,8.787981986999512,11.92559814453125,15.693840980529785,15.591394424438477,15.665940284729004,15.672043800354004,-0.41458889842033386,0.9167314767837524,0.7961860299110413,0.1458127647638321,-5.142433166503906,-3.7915267944335938,6.967249393463135,6.349896430969238,6.0263237953186035,4.292098522186279,4.65189790725708,4.878543376922607
60,-1.973161220550537,5.475368022918701,4.11679744720459,2.8191030025482178,-6.384946346282959,-6.764023303985596,14.973724365234375,12.497300148010254,4.330139636993408,3.828895330429077,3.937934637069702,4.009286403656006,4.178225517272949,-5.954789161682129,5.190186023712158,-4.106511116027832,-20.459314346313477,-18.28314208984375,11.228519439697266,13.57199478149414,15.674729347229004,15.59482192993164,15.700008392333984,15.699803352355957,-0.2748754918575287,1.0385000705718994,0.956378161907196,0.9129348397254944,-5.602557182312012,-3.9323978424072266,7.328093528747559,6.944852828979492,5.593632698059082,4.393216133117676,4.766555309295654,4.926115036010742
61,0.10079966485500336,6.043012619018555,4.8893046379089355,5.950883865356445,-6.31904935836792,-5.751294136047363,13.349352836608887,11.52193546295166,4.206599235534668,3.8139889240264893,3.9354758262634277,3.950573444366455,4.651147365570068,-2.1652448177337646,7.307281017303467,-1.1567130088806152,-20.810203552246094,-19.306419372558594,12.768579483032227,14.563413619995117,15.698103904724121,15.641059875488281,15.624480247497559,15.693973541259766,0.26350560784339905,1.1433948278427124,1.3671646118164062,1.4780023097991943,-6.075281143188477,-3.226818561553955,7.183168888092041,6.944288730621338,5.149528980255127,4.328375339508057,4.827716827392578,4.76893949508667
62,2.7698659896850586,6.845234394073486,6.55518102645874,6.861348628997803,-6.047558784484863,-2.7861328125,12.170470237731934,10.777812004089355,4.141659259796143,3.632960081100464,4.04395866394043,3.8599908351898193,6.542950630187988,2.1768617630004883,10.456263542175293,2.2488410472869873,-20.969449996948242,-19.585575103759766,13.690258026123047,15.03016471862793,15.700003623962402,15.66763687133789,15.590415000915527,15.65654468536377,1.095862865447998,1.5054150819778442,2.2566258907318115,1.559053897857666,-5.584329605102539,-0.6405282020568848,6.799313545227051,6.5858564376831055,5.20982551574707,3.9174039363861084,4.938313007354736,4.476194381713867
63,2.6630074977874756,8.560005187988281,7.765196800231934,6.414175510406494,-3.846402645111084,11.397200584411621,10.99422550201416,9.775201797485352,4.179596900939941,3.364271879196167,4.115993976593018,3.739888906478882,8.451860427856445,6.796642780303955,13.70280647277832,5.233912467956543,-20.505916595458984,-16.070436477661133,14.28593921661377,15.176548957824707,15.675150871276855,15.652324676513672,15.562437057495117,15.62634563446045,0.7025923728942871,2.4170455932617188,3.2452447414398193,1.476426362991333,-1.682438850402832,4.1707072257995605,5.59359884262085,5.065546989440918,5.466018199920654,3.4130756855010986,5.0349812507629395,4.112899303436279
64,-6.025750160217285,9.746213912963867,7.565093994140625,6.563988208770752,12.045855522155762,24.054153442382812,8.632238388061523,6.003075122833252,4.410236835479736,2.9743032455444336,3.9867680072784424,3.6176247596740723,7.787662029266357,11.22896671295166,16.039377212524414,7.2953410148620605,-16.210041046142578,-8.788347244262695,14.58439826965332,14.810063362121582,15.688945770263672,12.876639366149902,15.595934867858887,15.66927433013916,-2.1626453399658203,3.4928743839263916,3.6224167346954346,1.8085284233093262,6.224431037902832,7.357723236083984,3.2079837322235107,1.4797248840332031,6.5471882820129395,2.7296903133392334,4.423895359039307,3.8649888038635254
65,-14.380523681640625,9.339284896850586,1.569357991218567,1.5906144380569458,25.398523330688477,25.152395248413086,0.9300274848937988,-5.3922905921936035,2.444974184036255,-12.717124938964844,3.9427084922790527,3.32173752784729,3.1988461017608643,14.939602851867676,15.156011581420898,6.33372163772583,-8.178152084350586,3.8158299922943115,13.215118408203125,12.242613792419434,10.003820419311523,-12.877260208129883,15.699995994567871,15.69717788696289,-3.8689115047454834,4.070428371429443,-0.7377548217773438,-0.36029738187789917,9.64551830291748,8.006814002990723,-1.6544044017791748,-3.2563602924346924,1.066094160079956,-7.892257213592529,4.58124303817749,3.3385589122772217
66,-11.673413276672363,4.9478349685668945,-3.2088000774383545,1.3489514589309692,25.592193603515625,16.25425910949707,-7.204860210418701,-13.755208015441895,-14.318293571472168,-5.505614757537842,3.896503448486328,3.2813644409179688,-2.239222526550293,15.118796348571777,13.187165260314941,5.073761463165283,4.423102378845215,8.947179794311523,10.326053619384766,8.107121467590332,-15.700008392333984,-15.662823677062988,15.681650161743164,15.596776962280273,-2.128547191619873,1.322141170501709,-1.1837502717971802,0.28992146253585815,9.083333969116211,4.770827293395996,-2.0263373851776123,-3.191943407058716,-14.29028606414795,-6.260888576507568,4.766046524047852,3.5503756999969482
67,-1.1782758235931396,1.4105736017227173,-9.254581451416016,0.8382554054260254,17.01711654663086,11.37944507598877,-3.0398108959198,-8.475590705871582,-3.351642370223999,-3.763763666152954,3.7778611183166504,3.5364205837249756,-3.0342397689819336,2.5254812240600586,9.780606269836426,3.3054280281066895,7.673336982727051,2.8782925605773926,8.499267578125,5.271607398986816,-14.878429412841797,-5.583102703094482,15.39593505859375,15.713014602661133,0.9973127841949463,-0.3658508360385895,-1.9680030345916748,0.1082933098077774,5.8021697998046875,3.410290241241455,-0.08689839392900467,-0.9340771436691284,-5.44608211517334,-4.910674095153809,4.243720531463623,4.05847692489624
68,-1.9529367685317993,6.84335994720459,-12.496726036071777,-2.213960647583008,15.464812278747559,14.75788402557373,0.7077250480651855,-7.413983345031738,-4.682703495025635,-12.593123435974121,4.1982741355896,3.591383457183838,2.025538682937622,0.4660230278968811,6.136595249176025,0.7997367978096008,2.6197433471679688,3.3157079219818115,8.025286674499512,5.723536968231201,-6.1094489097595215,-11.010902404785156,15.662463188171387,8.530557632446289,-0.5568180680274963,2.274533271789551,-2.4970972537994385,-0.8072357177734375,7.07623291015625,4.057561874389648,0.6343352198600769,-1.2407673597335815,-5.856945514678955,-4.584650993347168,5.01524543762207,4.296942710876465
69,-10.346356391906738,10.371556282043457,-9.713495254516602,-0.6126263737678528,18.495718002319336,13.539671897888184,-1.432016372680664,-3.8565261363983154,-13.592377662658691,-7.513848304748535,3.8498783111572266,9.612482070922852,0.286033570766449,-0.31120970845222473,3.1232590675354004,-1.5013972520828247,3.844835042953491,4.518050193786621,7.444999694824219,7.809841632843018,-9.834223747253418,-12.619587898254395,15.616758346557617,-0.00285220704972744,-3.4528791904449463,2.807934522628784,-1.4788670539855957,0.06706662476062775,5.86988639831543,3.378645420074463,-0.5103489756584167,-0.23912331461906433,-6.310539245605469,-3.9468116760253906,4.38424825668335,4.230956554412842
70,-11.543432235717773,12.289674758911133,-8.269539833068848,0.5228490233421326,14.388154029846191,9.328989028930664,-2.559786796569824,-0.0736524686217308,-10.330732345581055,-6.446744918823242,3.8447766304016113,15.772150039672852,-1.6315232515335083,-0.8022770285606384,1.5743755102157593,-2.842151403427124,5.4493207931518555,4.705713748931885,11.337973594665527,7.948721885681152,-12.34128189086914,-13.021364212036133,-0.0003141527995467186,-0.00133811729028821,-2.8128695487976074,3.0006442070007324,-1.4674708843231201,0.24579598009586334,3.222322702407837,1.7006169557571411,-0.5356270670890808,0.4136204421520233,-6.513669490814209,-4.675654411315918,4.381106376647949,3.5965921878814697
71,-11.097955703735352,12.947010040283203,-7.676327705383301,2.000598192214966,10.421408653259277,3.3920795917510986,-4.142581462860107,0.5568727850914001,-8.070718765258789,-6.1767258644104,15.017878532409668,13.8938627243042,-3.2777438163757324,-1.1271933317184448,0.0300147607922554,-3.294755458831787,6.843395233154297,3.652635097503662,10.659383773803711,8.143781661987305,-13.583059310913086,-13.201484680175781,0.01807275600731373,0.03827223926782608,-2.6309170722961426,2.901768445968628,-1.4796617031097412,0.5453642010688782,2.1877965927124023,-0.1233561560511589,-0.7353551983833313,0.2602963149547577,-7.2275848388671875,-4.623455047607422,3.067892074584961,2.8258934020996094
72,-8.78160572052002,11.890192031860352,-5.291589260101318,2.0824227333068848,7.2162556648254395,0.7359215617179871,-4.971859931945801,-0.6739854216575623,-6.846134662628174,-6.22734260559082,13.335975646972656,12.776251792907715,-3.0025718212127686,-2.62045955657959,-0.7803556323051453,-3.2148451805114746,6.588456630706787,2.311171054840088,9.728034973144531,7.992824077606201,-13.270812034606934,-13.147976875305176,-0.043003857135772705,0.042907752096652985,-1.8040542602539062,2.3081226348876953,-0.79702228307724,0.3827679753303528,1.461928129196167,-0.2571567893028259,-0.8312167525291443,-0.2780386209487915,-7.116281509399414,-5.055777072906494,2.7128818035125732,2.6685376167297363
73,-8.505226135253906,11.934781074523926,-4.675243854522705,2.653132200241089,5.997808456420898,0.37690308690071106,-4.438615798950195,-1.5810604095458984,-7.180403232574463,-6.419183731079102,12.744696617126465,12.676270484924316,-3.275205373764038,-1.0475928783416748,-1.2222141027450562,-2.7093312740325928,7.0938520431518555,2.852053165435791,8.903463363647461,7.739867687225342,-14.181002616882324,-14.795215606689453,-0.012294139713048935,0.03670961782336235,-1.9381203651428223,2.298851728439331,-0.9061117768287659,0.5512878894805908,1.350172758102417,0.02440888248383999,-0.6323994398117065,-0.3463350832462311,-6.977539539337158,-5.21339750289917,2.7299766540527344,2.8250460624694824
74,-7.838850021362305,10.1167573928833,-4.280365943908691,2.8446614742279053,4.097748756408691,-0.47844207286834717,-3.8161652088165283,-2.7201409339904785,-6.203090190887451,-4.962871551513672,12.103931427001953,11.980118751525879,-3.455705404281616,0.3352423906326294,-1.6995621919631958,-2.181166887283325,7.090014457702637,2.8064684867858887,8.165518760681152,7.2608537673950195,-14.38776969909668,-15.019556045532227,0.024256238713860512,0.027497950941324234,-1.7487616539001465,1.8907736539840698,-0.8565779328346252,0.5528393983840942,0.7701057195663452,-0.20023173093795776,-0.5367356538772583,-0.5572735667228699,-6.871337413787842,-5.313936710357666,2.563791275024414,2.524618148803711
75,-7.4538469314575195,8.618587493896484,-3.917419910430908,3.1447641849517822,3.1025149822235107,-0.39401718974113464,-2.7967491149902344,-2.9914891719818115,-5.945396423339844,-4.848464488983154,11.525691032409668,11.332528114318848,-3.573075771331787,0.5589072704315186,-2.269979953765869,-1.6795638799667358,6.869032859802246,2.777869462966919,7.586489677429199,6.682816028594971,-14.492201805114746,-14.848164558410645,0.028702719137072563,0.023394303396344185,-1.7051438093185425,1.6684046983718872,-0.7966212034225464,0.6332636475563049,0.6419545412063599,-0.0618702694773674,-0.34124287962913513,-0.516944169998169,-6.673994064331055,-5.596127986907959,2.4291045665740967,2.3633244037628174
76,-7.259399890899658,8.251213073730469,-3.520211935043335,3.0838725566864014,2.659188985824585,-0.022475196048617363,-2.9683852195739746,-3.589721918106079,-5.799883842468262,-5.068913459777832,10.890910148620605,10.63961410522461,-3.7394862174987793,0.551002562046051,-2.8389110565185547,-1.1342720985412598,6.7185139656066895,2.899366855621338,6.954635143280029,5.972647666931152,-14.687417984008789,-14.820650100708008,0.023801054805517197,0.02924915961921215,-1.6925519704818726,1.7122918367385864,-0.7211399078369141,0.5856715440750122,0.6107733845710754,0.04119736701250076,-0.49881595373153687,-0.662175178527832,-6.558250904083252,-5.662796497344971,2.255424976348877,2.181917428970337
77,-7.003449440002441,8.179348945617676,-3.047389268875122,2.7842214107513428,2.3627851009368896,0.010300697758793831,-3.4517507553100586,-4.20688533782959,-5.567574501037598,-5.108625411987305,10.194125175476074,9.944465637207031,-3.6799798011779785,1.276666283607483,-3.305699110031128,-0.4901205897331238,6.54355001449585,3.004779815673828,6.2146806716918945,5.162181377410889,-14.754188537597656,-15.05172348022461,0.048784006386995316,0.02447275072336197,-1.6296716928482056,1.730491042137146,-0.6174618601799011,0.5068749189376831,0.5571037530899048,0.006543061230331659,-0.6221322417259216,-0.7856800556182861,-6.472222805023193,-5.6231489181518555,2.0725209712982178,2.014277935028076
78,-6.913379669189453,7.653388977050781,-2.4653189182281494,2.550783157348633,2.179117441177368,0.09192287921905518,-3.8548200130462646,-4.6003546714782715,-5.458519458770752,-4.887097358703613,9.193528175354004,9.18529224395752,-3.661407470703125,-0.35082384943962097,-3.8868918418884277,0.05382673442363739,6.381891250610352,3.093031883239746,5.378331661224365,4.201711177825928,-14.873147010803223,-14.509492874145508,-0.011236147955060005,0.04477893188595772,-1.6204807758331299,1.6137739419937134,-0.4761483669281006,0.480557382106781,0.5247529745101929,0.03251964598894119,-0.6962372660636902,-0.8500671982765198,-6.31793212890625,-5.616113185882568,1.7933979034423828,1.824010968208313
79,-6.843203544616699,8.894299507141113,-2.2705438137054443,1.975650429725647,2.2676451206207275,0.14796653389930725,-3.8290956020355225,-4.716161251068115,-5.312067985534668,-5.381807804107666,7.977018356323242,8.765986442565918,-4.201261520385742,-1.122847557067871,-5.540281295776367,0.021980365738272667,5.646834850311279,2.6272802352905273,4.314037799835205,2.932213544845581,-14.907599449157715,-15.047112464904785,0.024514013901352882,0.09569637477397919,-1.606569528579712,1.9732712507247925,-0.5017074346542358,0.32559454441070557,0.5911073684692383,0.041356392204761505,-0.6611849665641785,-0.8655576705932617,-6.271563529968262,-5.483057975769043,1.4753493070602417,1.7832412719726562
80,-7.224844455718994,10.20214557647705,-1.1857385635375977,1.7426409721374512,3.9109435081481934,1.3123688697814941,-4.836881160736084,-5.866978645324707,-5.255358695983887,-4.796802520751953,6.361940383911133,7.801941394805908,-3.6623058319091797,-3.4190382957458496,-6.148720741271973,0.6393218040466309,5.666679382324219,1.9664256572723389,3.1976518630981445,1.647146224975586,-14.839851379394531,-14.296590805053711,-0.08812470734119415,0.05397368222475052,-1.850156307220459,2.2670347690582275,-0.13681656122207642,0.3178967237472534,1.2496205568313599,0.45875421166419983,-0.9914817214012146,-1.2595765590667725,-6.209046363830566,-5.273509979248047,1.0787864923477173,1.4896501302719116
81,-8.142477989196777,12.87890625,-0.9361791610717773,1.09615957736969,4.509806156158447,2.3903069496154785,-4.5113677978515625,-5.720827102661133,-5.31618595123291,-5.425602912902832,4.896372318267822,7.611998558044434,-4.562362194061279,-1.919948935508728,-6.04496955871582,1.616103172302246,6.76223087310791,1.2980605363845825,2.3629934787750244,0.7197725772857666,-15.195329666137695,0.08343526721000671,-0.11850278079509735,0.07860882580280304,-2.099978446960449,2.847594976425171,-0.1985260248184204,0.1408359557390213,1.2378875017166138,0.6651486754417419,-0.8030280470848083,-1.1156741380691528,-6.211978912353516,-5.085151195526123,0.7828532457351685,1.5530976057052612
82,-8.278924942016602,11.840656280517578,-0.6247074604034424,1.0044682025909424,3.908355951309204,3.567707061767578,-5.517829418182373,-4.338213920593262,-4.967499732971191,-18.538524627685547,2.112562894821167,6.714937686920166,-1.2984092235565186,-0.5816847085952759,-5.884795188903809,2.592937469482422,5.224277019500732,2.29000186920166,1.0934038162231445,-0.056925829499959946,-14.236422538757324,0.05089954286813736,0.029855117201805115,-0.0424591489136219,-2.1561214923858643,2.345228433609009,-0.10371339321136475,0.20462258160114288,0.9523308873176575,0.9131682515144348,-1.1862045526504517,-0.6941002607345581,-6.300163269042969,-4.845404624938965,0.0500604547560215,1.2586965560913086
83,-10.210930824279785,11.378020286560059,-0.3115081191062927,0.08390136063098907,3.9319794178009033,3.5259737968444824,-6.797781944274902,-5.038166046142578,-5.887665271759033,-17.337247848510742,-4.589231967926025,4.031268119812012,-4.717444896697998,-0.7318447828292847,-6.242342948913574,2.5324134826660156,6.753107070922852,2.3329601287841797,1.5785636901855469,-1.0224965810775757,-15.511335372924805,0.10509172827005386,-5.627945899963379,0.09063610434532166,-2.458051919937134,2.4329845905303955,-0.024844588711857796,-0.11094506084918976,0.9255915284156799,0.7821131944656372,-1.5591241121292114,-1.1394630670547485,-6.014455795288086,-4.101689338684082,-1.905452847480774,0.4433843195438385
84,-8.09026050567627,11.849051475524902,-1.3016895055770874,0.5167481899261475,3.044031858444214,2.684882402420044,-4.220509052276611,-2.982611894607544,-4.429531574249268,-16.21702766418457,-9.0713472366333,-2.425795793533325,-1.8534140586853027,-1.1065113544464111,-5.8715386390686035,2.839099168777466,5.404625415802002,2.0812511444091797,3.665005922317505,-0.5448064804077148,-14.574148178100586,0.03178797662258148,-15.557746887207031,-3.450627326965332,-1.8675795793533325,2.6052963733673096,-0.49764853715896606,0.17591328918933868,0.6784802079200745,0.4628019332885742,-0.4636302590370178,-0.35682031512260437,-5.275834560394287,-3.6729936599731445,-4.72784948348999,-1.3796371221542358
85,-10.91032600402832,12.537522315979004,-1.2957178354263306,0.48145729303359985,5.0365705490112305,3.5408618450164795,-2.4328689575195312,-0.15615642070770264,-5.276625633239746,-15.798168182373047,-3.7466022968292236,-8.737483978271484,-3.7995171546936035,0.17139144241809845,-6.391722202301025,2.0234627723693848,7.2615861892700195,2.7567362785339355,3.184126853942871,3.421037435531616,-1.351274013519287,0.04254321753978729,-15.66076374053955,-15.49283504486084,-2.922511577606201,2.7703702449798584,-0.31808891892433167,0.1019866019487381,1.5799490213394165,0.8903992772102356,-0.18833905458450317,0.35935285687446594,-5.343769073486328,-3.7345998287200928,-5.4986724853515625,-3.8953869342803955
86,-8.737503051757812,11.998690605163574,-0.30201494693756104,-1.2756848335266113,4.4957170486450195,2.260960578918457,-5.3109331130981445,-1.5339399576187134,-16.99068260192871,-15.315492630004883,-3.990583658218384,-3.540454149246216,-1.753607988357544,-0.8856384754180908,-6.891484260559082,1.9680136442184448,5.88763952255249,2.1576266288757324,1.7118281126022339,2.9818081855773926,0.05049556493759155,0.19555990397930145,-15.453174591064453,-15.477453231811523,-1.8768866062164307,2.6625311374664307,0.08682698011398315,-0.4708922505378723,1.180769681930542,0.3229600489139557,-1.3475298881530762,-0.439199835062027,-4.523334503173828,-3.535194158554077,-5.373230457305908,-5.185388088226318
87,-9.930317878723145,12.574530601501465,0.11479629576206207,-1.884525179862976,5.128816604614258,2.0606062412261963,-4.278511047363281,-2.2112042903900146,-16.755720138549805,-14.998942375183105,-4.257463455200195,-3.8795619010925293,-1.868836760520935,0.5053076148033142,-6.991318702697754,1.822648286819458,6.341738700866699,2.932527780532837,0.599484384059906,2.5920653343200684,0.05490024387836456,-0.25187259912490845,-15.455137252807617,-15.523789405822754,-2.362255811691284,2.7345285415649414,0.0822700560092926,-0.43145453929901123,1.37307870388031,0.40908193588256836,-0.7144986391067505,-0.4887346923351288,-3.798285722732544,-3.4069645404815674,-5.128549098968506,-4.704765796661377
88,-9.70524787902832,11.855612754821777,0.49199891090393066,-2.033860683441162,4.4538164138793945,1.8189055919647217,-3.1653823852539062,-2.786759614944458,-15.905387878417969,-14.636648178100586,-4.29581880569458,-4.019853591918945,-1.7422831058502197,0.1343672275543213,-6.7068095207214355,2.315201759338379,6.75681734085083,2.2094502449035645,-0.5372339487075806,1.9412908554077148,-0.0495365709066391,0.2428964376449585,-15.478066444396973,-15.630561828613281,-2.1889231204986572,2.6362733840942383,0.12065929174423218,-0.4043905735015869,1.0477771759033203,0.3765888214111328,-0.4965924620628357,-0.5900963544845581,-3.650564432144165,-3.4835431575775146,-5.162886142730713,-4.884982585906982
89,-10.08945369720459,12.150309562683105,0.6382649540901184,-2.437044620513916,4.148183822631836,2.7651612758636475,-2.5465500354766846,-2.983487367630005,-15.49240779876709,-15.115395545959473,-4.293910503387451,-4.0296173095703125,-1.6379966735839844,3.2184293270111084,-6.352762222290039,2.4492504596710205,6.928918838500977,3.6615757942199707,-1.3879417181015015,1.3120931386947632,0.03452743589878082,-0.36007121205329895,-15.599069595336914,-15.555501937866211,-2.373112678527832,2.73150372505188,0.12077909708023071,-0.5005128383636475,1.0476230382919312,0.7318979501724243,-0.4518533945083618,-0.5952976942062378,-3.6560115814208984,-3.553032159805298,-5.176875591278076,-5.017815113067627
90,-10.101946830749512,10.590418815612793,1.0450421571731567,-2.7069435119628906,3.691955089569092,1.9691206216812134,-2.141975164413452,-3.680176019668579,-15.216169357299805,-14.767095565795898,-4.215583801269531,-4.179984092712402,-1.9473577737808228,1.2619655132293701,-6.463555335998535,2.082463502883911,7.21367073059082,3.1504693031311035,-2.299375295639038,0.37852832674980164,0.045175887644290924,0.29608508944511414,-15.497721672058105,-15.595783233642578,-2.3009541034698486,2.5491645336151123,0.21820113062858582,-0.5349850654602051,0.8961758613586426,0.35002821683883667,-0.403786301612854,-0.8097043633460999,-3.5373921394348145,-3.585505962371826,-5.29295015335083,-5.178286075592041
91,-10.050230026245117,11.885565757751465,1.1508173942565918,-3.073751449584961,3.092212677001953,2.410285472869873,-1.8622807264328003,-3.7686946392059326,-14.935019493103027,-15.226899147033691,-4.318007946014404,-4.2067036628723145,-1.8657342195510864,3.3275434970855713,-6.12716007232666,1.9305469989776611,6.7431960105896,4.005738735198975,-3.1049959659576416,-0.5413956642150879,-0.07694526761770248,-0.354459285736084,-15.322509765625,-15.516037940979004,-2.3314857482910156,2.8623344898223877,0.2008599042892456,-0.6282329559326172,0.7217795252799988,0.6017060875892639,-0.3734845817089081,-0.7774499654769897,-3.452989101409912,-3.544708251953125,-5.261759281158447,-5.312463283538818
92,-9.862713813781738,10.808950424194336,1.3363244533538818,-3.2460951805114746,2.8208773136138916,1.8339848518371582,-1.9110069274902344,-4.259439945220947,-14.30825138092041,-14.6434965133667,-4.495657444000244,-4.312280654907227,-1.812175989151001,1.5041627883911133,-6.338306427001953,1.3115546703338623,6.309736251831055,3.8308706283569336,-3.9555695056915283,-1.7829878330230713,-0.004207242280244827,0.09153351187705994,-15.46397590637207,-15.545132637023926,-2.224562883377075,2.6444332599639893,0.24400481581687927,-0.6373801231384277,0.6740940809249878,0.34686124324798584,-0.44273465871810913,-0.9628125429153442,-3.228073835372925,-3.496588945388794,-5.299776554107666,-5.33201265335083
93,-9.995895385742188,12.060368537902832,1.5298068523406982,-3.4695754051208496,2.8058414459228516,2.043184995651245,-1.9966461658477783,-4.119513511657715,-13.897858619689941,-14.78187370300293,-4.364025592803955,-4.307445526123047,-2.6118202209472656,3.0958058834075928,-5.974619388580322,0.9505277276039124,6.851574420928955,4.2615156173706055,-4.797513484954834,-2.942718505859375,-0.04167422652244568,-0.3148402273654938,-15.267687797546387,-15.417776107788086,-2.3139402866363525,2.9442155361175537,0.2735012173652649,-0.7067895531654358,0.703850269317627,0.5001923441886902,-0.48383772373199463,-0.8918583393096924,-3.102261781692505,-3.412972927093506,-5.289656162261963,-5.3783040046691895
94,-9.514442443847656,11.380682945251465,1.8411349058151245,-3.8094899654388428,1.9091147184371948,1.665419101715088,-2.4432597160339355,-4.768032550811768,-12.996256828308105,-14.313720703125,-4.543937683105469,-4.434834957122803,-3.266038417816162,3.2917191982269287,-5.886245250701904,0.3055660128593445,6.9708709716796875,4.378633499145508,-5.7935791015625,-4.387592315673828,-0.004266229458153248,-0.1754469871520996,-15.229900360107422,-15.387235641479492,-2.2029616832733154,2.8364646434783936,0.34419000148773193,-0.7951640486717224,0.3512342870235443,0.3351122736930847,-0.6667789220809937,-1.2033307552337646,-2.7690443992614746,-3.3612053394317627,-5.2613749504089355,-5.364619731903076
95,-9.079852104187012,11.523139953613281,2.2815134525299072,-4.303320407867432,1.3243333101272583,1.5363502502441406,-3.208209991455078,-5.284064769744873,-11.756921768188477,-14.087759017944336,-4.567816734313965,-4.4501261711120605,-3.647139310836792,3.4650683403015137,-5.609100818634033,-0.399849534034729,6.9868268966674805,4.444042682647705,-7.036805629730225,-6.019672393798828,-0.03682945668697357,-0.19518277049064636,-15.104260444641113,-15.268903732299805,-2.142979383468628,2.9587481021881104,0.4324979782104492,-0.9399763345718384,0.24514608085155487,0.34121495485305786,-0.9494748711585999,-1.397028923034668,-2.364537477493286,-3.2242162227630615,-5.224168300628662,-5.29612398147583
96,-8.83401870727539,11.686461448669434,2.676288366317749,-4.763274192810059,0.7488120198249817,1.4688162803649902,-4.118032455444336,-5.659064292907715,-9.921627044677734,-13.572283744812012,-4.6729512214660645,-4.509521484375,-3.6847143173217773,2.6481032371520996,-5.46067476272583,-1.3499324321746826,6.720703601837158,4.180076599121094,-8.574722290039062,-7.833176136016846,-0.023885952308773994,0.08963270485401154,-15.212373733520508,-15.342686653137207,-2.1268622875213623,3.040689706802368,0.4993949234485626,-1.0586727857589722,0.09527282416820526,0.33526235818862915,-1.2934694290161133,-1.5912845134735107,-1.832968831062317,-3.035353660583496,-5.1916327476501465,-5.11022424697876
97,-8.95630931854248,12.4135103225708,3.0734758377075195,-5.106497287750244,0.20218974351882935,1.599141001701355,-5.0723185539245605,-5.86270809173584,-6.936954021453857,-12.781052589416504,-4.563072681427002,-4.349662780761719,-3.7280144691467285,2.2571823596954346,-5.112049579620361,-2.3993780612945557,6.5228376388549805,4.053887367248535,-10.415841102600098,-9.745491981506348,-0.013311488553881645,0.012121923267841339,-15.263007164001465,-15.36809253692627,-2.2115721702575684,3.18975567817688,0.5691503286361694,-1.1615182161331177,-0.04325304925441742,0.3901391625404358,-1.7206681966781616,-1.7788889408111572,-1.0047904253005981,-2.6678621768951416,-5.180517196655273,-4.852747917175293
98,-9.154244422912598,12.742866516113281,3.451846122741699,-5.170746803283691,-1.238091230392456,1.4921706914901733,-5.946476459503174,-6.262393474578857,-1.7694261074066162,-10.756454467773438,-4.504103660583496,-4.1476054191589355,-3.8623838424682617,2.0437729358673096,-4.762274265289307,-3.5819740295410156,6.093538761138916,4.0217061042785645,-12.552924156188965,-11.847455978393555,-0.0017780287889763713,0.0032249093055725098,-15.496315002441406,-15.554885864257812,-2.2868990898132324,3.1914422512054443,0.6406397223472595,-1.1844964027404785,-0.37469226121902466,0.3277311325073242,-2.2409732341766357,-2.1728532314300537,0.33640238642692566,-1.9991990327835083,-5.148870944976807,-4.382410049438477
99,-8.926392555236816,12.350831985473633,3.9632246494293213,-4.977442741394043,-2.934359550476074,1.1374180316925049,-6.570776462554932,-6.733240604400635,6.793678283691406,-6.714240550994873,-4.2487473487854,-3.6803719997406006,-2.917469024658203,1.9844521284103394,-4.026433944702148,-4.771735191345215,5.215606212615967,4.0530476570129395,-14.86463737487793,-14.115591049194336,6.9813642501831055,-0.006213810294866562,-15.58120346069336,-15.608635902404785,-2.160738229751587,2.8993113040924072,0.7535763382911682,-1.1569238901138306,-0.6825243830680847,0.20782208442687988,-2.849045991897583,-2.739689588546753,2.786827564239502,-0.812387228012085,-5.02066707611084,-3.7096803188323975
100,-8.042597770690918,10.18506908416748,5.021888256072998,-5.116349697113037,-4.463534832000732,0.8277944922447205,-6.829337120056152,-6.934324264526367,10.396442413330078,2.4902312755584717,-3.8392601013183594,-2.9097750186920166,-0.2984541654586792,2.6226205825805664,-2.80059552192688,-5.848879337310791,3.463266372680664,4.395655632019043,-17.327377319335938,-16.700183868408203,15.513028144836426,2.4473977088928223,-15.114737510681152,-14.380637168884277,-1.6701281070709229,1.9767777919769287,1.0367060899734497,-1.306056022644043,-0.9556913375854492,0.1438692808151245,-3.5408618450164795,-3.3401386737823486,8.085979461669922,1.809282898902893,-3.972174644470215,-2.362870931625366
101,-5.528469085693359,5.737728118896484,5.011602401733398,-4.763137340545654,-3.8383240699768066,1.5354273319244385,-6.708948612213135,-6.11785888671875,4.5626444816589355,9.782013893127441,-3.3669888973236084,-2.4266960620880127,1.0060451030731201,2.9502251148223877,-1.6444387435913086,-6.872774124145508,2.2145297527313232,5.189090251922607,-19.754573822021484,-19.197795867919922,15.68974494934082,12.296711921691895,-13.795610427856445,-12.20925521850586,-0.6785130500793457,0.6452884078025818,0.9504991173744202,-1.1843864917755127,-0.6441795825958252,0.47337979078292847,-4.4520583152771,-3.288839101791382,10.078470230102539,4.260909080505371,-2.4592292308807373,-1.1294176578521729
102,-0.9820983409881592,0.09560898691415787,4.456809043884277,-3.4114902019500732,-4.800770282745361,1.589774250984192,-5.774299144744873,-4.24423360824585,4.652021884918213,6.250363826751709,-2.426349401473999,-0.89376300573349,1.4775196313858032,-0.14289140701293945,-0.5726514458656311,-7.451104164123535,0.04022657871246338,3.38261342048645,-21.000581741333008,-20.28664207458496,15.59564208984375,15.636008262634277,-11.400999069213867,-8.220602035522461,0.42891982197761536,-0.8106615543365479,0.8050947785377502,-0.6903086304664612,-1.0486853122711182,0.4015522599220276,-4.498485565185547,-2.2264859676361084,8.236242294311523,5.561532974243164,-0.7757554054260254,0.3815865218639374
103,3.9354732036590576,-5.632686138153076,4.0587992668151855,-1.9970730543136597,-5.837961673736572,1.0991694927215576,-4.562473297119141,-1.9247807264328003,4.773399353027344,3.9378466606140137,1.2306734323501587,12.333133697509766,3.7701575756073,-3.3677175045013428,-0.3675433397293091,-6.405025482177734,-1.6845500469207764,2.5013794898986816,-21.72752571105957,-21.66605567932129,15.537115097045898,15.682693481445312,-5.514882564544678,9.645289421081543,1.5612523555755615,-2.0157859325408936,0.7710597515106201,-0.2956245541572571,-1.3859785795211792,0.15671098232269287,-3.212273359298706,-0.40654441714286804,7.286837577819824,5.247140407562256,1.3309082984924316,3.9431440830230713
104,4.734930038452148,-6.475109100341797,3.5697388648986816,-1.0267324447631836,-7.717041492462158,-0.17247916758060455,-2.846775531768799,2.0235610008239746,4.824502468109131,3.9932751655578613,14.475601196289062,8.064594268798828,6.546079635620117,-6.335587978363037,-0.9405725002288818,-6.124100208282471,-5.855587482452393,0.8614915609359741,-22.4730224609375,-19.94485855102539,15.699398040771484,15.686267852783203,13.026972770690918,15.677119255065918,1.283470630645752,-1.75263249874115,0.6485745906829834,-0.08088783919811249,-2.0720531940460205,-0.21834975481033325,-1.4428802728652954,1.2051117420196533,7.113569736480713,5.034646511077881,4.950425624847412,5.954179286956787
105,2.3714287281036377,-5.650613307952881,6.690357685089111,0.9252738952636719,-8.695096015930176,-4.279292583465576,2.1867213249206543,14.303447723388672,4.560771465301514,4.082334041595459,5.494789123535156,3.9031965732574463,8.173796653747559,-8.67163372039795,1.1812419891357422,-5.634281158447266,-8.602042198181152,-2.555481195449829,-19.746797561645508,-13.88318157196045,15.528883934020996,15.667462348937988,15.668142318725586,15.671896934509277,0.2888045608997345,-1.4586735963821411,1.7717316150665283,0.4313918948173523,-2.7980153560638428,-1.4060004949569702,1.8755179643630981,3.0906877517700195,6.452540874481201,5.260551452636719,5.015366077423096,5.499025821685791
106,0.9008876085281372,-4.091427326202393,7.614286422729492,-0.06598313897848129,-10.002997398376465,-8.504968643188477,16.881216049194336,18.969432830810547,4.773481369018555,4.145939826965332,4.050365447998047,4.09345817565918,9.326944351196289,-9.605921745300293,3.4014997482299805,-4.973231315612793,-11.553579330444336,-7.060349941253662,-12.533138275146484,-7.295833587646484,15.522226333618164,15.662586212158203,15.559102058410645,15.588382720947266,0.008176352828741074,-0.9751979112625122,1.8694806098937988,-0.12960512936115265,-3.9590635299682617,-2.8470377922058105,3.96252179145813,3.867567300796509,6.971988677978516,5.30013370513916,6.180643558502197,5.4215216636657715
107,-0.8631312847137451,-2.5797133445739746,7.735804557800293,-0.5272253751754761,-10.11418342590332,-9.654240608215332,20.916397094726562,19.659198760986328,4.787691116333008,4.140891075134277,4.368107318878174,4.163322448730469,9.121129989624023,-10.111345291137695,4.311360836029053,-4.541786193847656,-14.527510643005371,-11.434711456298828,-5.072333335876465,-1.0573842525482178,15.604124069213867,15.637818336486816,15.469298362731934,15.560912132263184,-0.38540729880332947,-0.498531311750412,1.956038236618042,-0.1998220831155777,-4.759441375732422,-3.4913535118103027,4.661745071411133,4.615869998931885,6.9194440841674805,5.178557872772217,5.980328559875488,5.065728187561035
108,-2.5807464122772217,-0.8852577805519104,6.9854817390441895,-0.6957858204841614,-9.220427513122559,-8.930891990661621,20.360824584960938,18.052968978881836,4.696984767913818,4.088855743408203,4.453845977783203,4.15570068359375,7.897313117980957,-9.945854187011719,4.225277900695801,-4.317584991455078,-17.32753562927246,-14.998922348022461,1.391094446182251,4.029147148132324,15.65584659576416,15.655486106872559,15.468413352966309,15.594691276550293,-0.575187087059021,0.06082947552204132,1.6156963109970093,-0.18903474509716034,-5.141505241394043,-3.756495714187622,5.3921427726745605,5.010837078094482,6.862346649169922,4.891865253448486,5.533780574798584,4.948551654815674
109,-3.5566277503967285,1.616201400756836,7.0030598640441895,-0.213031604886055,-7.7999067306518555,-7.760766983032227,18.220434188842773,16.007068634033203,4.586638927459717,3.9619014263153076,4.4037251472473145,4.142673969268799,5.699462413787842,-8.90643310546875,3.9295074939727783,-4.315030097961426,-19.450485229492188,-17.37251853942871,6.269546031951904,7.706267833709717,15.66163444519043,15.70141315460205,15.630819320678711,15.700338363647461,-0.6797645092010498,0.5856884717941284,1.6987378597259521,0.026355400681495667,-5.138271808624268,-3.9721732139587402,6.088339805603027,5.379397392272949,6.470245361328125,4.596691608428955,5.310906887054443,5.071805477142334
110,-3.526672601699829,3.790728807449341,7.371622562408447,2.250541925430298,-6.670862197875977,-6.894701957702637,16.005447387695312,14.57937240600586,4.4810261726379395,3.8354036808013916,4.216297149658203,4.091821670532227,4.037722587585449,-6.3633809089660645,5.284125804901123,-3.0023574829101562,-20.223054885864258,-18.75143814086914,9.794325828552246,10.589886665344238,15.678874015808105,15.649819374084473,15.630532264709473,15.700000762939453,-0.6162536144256592,0.8213478326797485,1.826676368713379,0.6942886114120483,-5.376684665679932,-4.242544651031494,6.72505521774292,6.180644989013672,5.994399547576904,4.45369815826416,5.25709867477417,5.240941524505615
111,-2.8669655323028564,4.047197341918945,6.655436992645264,5.194911956787109,-6.464313507080078,-6.085562705993652,14.024060249328613,13.255393028259277,4.302714824676514,3.831040859222412,4.195301055908203,4.089592933654785,3.0385360717773438,-3.5805728435516357,6.869307518005371,-1.0548123121261597,-20.747547149658203,-19.6363468170166,11.990347862243652,12.502909660339355,15.700003623962402,15.636075019836426,15.606294631958008,15.700019836425781,-0.4486190974712372,0.7294102907180786,1.6218540668487549,1.3479084968566895,-6.120175361633301,-3.915842056274414,6.94049596786499,6.785506725311279,5.380208969116211,4.403641700744629,5.220737934112549,5.14928674697876
112,0.019835475832223892,4.070817470550537,6.733742713928223,6.956991672515869,-6.32700252532959,-4.585338115692139,12.685543060302734,12.170671463012695,4.138162136077881,3.79518723487854,4.201539993286133,4.01103401184082,3.52986216545105,-0.4601873755455017,9.198469161987305,1.533590316772461,-21.093717575073242,-20.1256046295166,13.341817855834961,13.68913459777832,15.69498062133789,15.633952140808105,15.587624549865723,15.69265365600586,0.3450217545032501,0.7741553783416748,1.9342288970947266,1.6785544157028198,-6.5790886878967285,-2.443302631378174,7.062240123748779,6.8296613693237305,5.035635948181152,4.313889980316162,5.186501979827881,4.838082790374756
113,3.527698278427124,5.661491394042969,7.595769882202148,6.551502227783203,-5.823585033416748,-0.34406036138534546,11.636384963989258,11.152732849121094,4.170791149139404,3.653280019760132,4.252912998199463,3.8802340030670166,5.606412410736084,3.4010889530181885,12.415432929992676,4.41398286819458,-21.184993743896484,-19.640140533447266,14.139209747314453,14.32065486907959,15.700013160705566,15.686079025268555,15.555549621582031,15.654031753540039,1.3664157390594482,1.414922833442688,2.762385129928589,1.4491180181503296,-5.1988019943237305,1.4576138257980347,6.554288387298584,6.0820088386535645,5.405688285827637,3.9398934841156006,5.360815525054932,4.4585466384887695
114,2.2657952308654785,8.043896675109863,8.078319549560547,6.136131763458252,-2.636691093444824,19.563373565673828,10.521404266357422,9.695682525634766,4.240268707275391,3.4574291706085205,4.283904075622559,3.779428720474243,7.221713542938232,7.55737829208374,15.38760757446289,6.863430023193359,-20.460359573364258,-13.93344497680664,14.502964973449707,14.608381271362305,15.688467979431152,15.679173469543457,15.585649490356445,15.625872611999512,0.3962285816669464,2.4884777069091797,3.766775131225586,1.5280935764312744,-0.3731525242328644,6.24769401550293,5.35657262802124,4.379143714904785,5.713589668273926,3.674058198928833,5.303854465484619,4.2033491134643555
115,-8.434127807617188,9.926944732666016,6.809272766113281,5.754870891571045,16.28856658935547,26.357452392578125,7.773772239685059,3.987765073776245,4.5660529136657715,2.2274115085601807,4.077365875244141,3.582200050354004,5.511305332183838,11.507101058959961,16.996828079223633,8.242890357971191,-15.241695404052734,-5.707934856414795,14.325220108032227,13.850621223449707,15.687580108642578,10.901644706726074,15.567492485046387,15.658895492553711,-2.9839909076690674,3.9214160442352295,3.2428061962127686,1.5834649801254272,8.180246353149414,8.249521255493164,2.5886058807373047,0.1167391762137413,7.825505256652832,1.3166943788528442,4.615458011627197,3.7266178131103516
116,-15.172809600830078,8.63293170928955,1.0413594245910645,2.0612754821777344,26.493886947631836,24.100305557250977,-1.8659526109695435,-9.067209243774414,-8.932395935058594,-14.880128860473633,4.022247791290283,3.2792224884033203,-0.5624938607215881,0.2140064239501953,15.078527450561523,6.8158769607543945,-2.9165236949920654,-2.6633334159851074,11.464292526245117,9.868216514587402,-7.623377799987793,-3.1449966430664062,15.421585083007812,15.7566499710083,-4.2327189445495605,3.370804786682129,-1.07863187789917,-0.047749266028404236,10.021963119506836,7.647616863250732,-2.6783626079559326,-3.7280147075653076,-8.557464599609375,-10.058253288269043,4.614943027496338,3.252108097076416
117,-6.850410461425781,15.463896751403809,-9.475126266479492,-6.093836784362793,22.254465103149414,21.825815200805664,-3.9191696643829346,-15.682943344116211,-8.956681251525879,-11.141666412353516,4.0623555183410645,3.473572254180908,4.8890299797058105,1.8473511934280396,11.831993103027344,4.603457927703857,2.7346580028533936,3.021329164505005,9.210918426513672,5.615662097930908,-10.062586784362793,-12.888801574707031,15.624221801757812,15.499295234680176,-0.6205869317054749,4.151862621307373,-2.680389881134033,-2.1783766746520996,8.167234420776367,5.85999870300293,-0.7847028374671936,-3.7385847568511963,-6.509438514709473,-3.755284547805786,4.418944835662842,4.295473575592041
118,-14.541287422180176,13.751960754394531,-10.20711898803711,-2.580805540084839,18.89354705810547,17.16080093383789,-3.561086654663086,-11.320358276367188,-9.03068733215332,-5.47599983215332,3.8961117267608643,3.843064308166504,3.5979278087615967,0.2424607276916504,7.393591403961182,1.7080819606781006,4.2592597007751465,3.0905048847198486,8.00027084350586,3.053109884262085,-10.717576026916504,-10.944923400878906,15.65611457824707,15.628702163696289,-3.9778170585632324,3.237689256668091,-1.6671980619430542,-0.08366623520851135,6.87794303894043,4.96206521987915,-0.5327425599098206,-1.6725735664367676,-6.359165668487549,-4.175490379333496,4.571162223815918,4.449558258056641
119,-16.583919525146484,13.816753387451172,-8.73095703125,0.11564832180738449,15.894463539123535,15.643588066101074,-2.4371237754821777,-4.139822959899902,-8.980910301208496,-7.646211624145508,3.8897573947906494,3.9143199920654297,-0.1718989610671997,-0.6560574173927307,4.206819534301758,-0.031038638204336166,5.330440998077393,3.773507595062256,6.990242004394531,2.1424946784973145,-11.62950611114502,-11.432601928710938,15.653159141540527,15.616518020629883,-4.036990165710449,3.0589346885681152,-1.3994261026382446,0.33992111682891846,4.300487518310547,4.033035755157471,-0.2785595655441284,0.01919689029455185,-5.9563984870910645,-4.666160583496094,4.631608009338379,4.8631367683410645
120,-14.405616760253906,13.261662483215332,-8.066999435424805,2.195619821548462,13.085044860839844,11.661770820617676,-0.11096522957086563,-0.23883114755153656,-8.437506675720215,-7.497737407684326,3.9464972019195557,3.9841465950012207,-1.5373352766036987,-0.6588363647460938,2.2384324073791504,-1.3269513845443726,5.657467365264893,3.8771793842315674,6.50540018081665,6.0664825439453125,-11.66125202178955,-12.167299270629883,15.604726791381836,2.3542251586914062,-3.3118395805358887,2.743284225463867,-1.470911979675293,0.7203600406646729,3.276189088821411,2.2843148708343506,0.22687575221061707,0.42800310254096985,-6.387200832366943,-4.665631294250488,4.796404838562012,4.81398344039917
121,-12.691598892211914,12.867400169372559,-7.757288455963135,3.4482064247131348,10.864544868469238,8.873723983764648,0.4004996120929718,1.9211026430130005,-8.615492820739746,-7.066688537597656,3.9123034477233887,14.77236557006836,-2.720339059829712,-0.9106191396713257,0.5393515229225159,-1.701221227645874,6.330469131469727,3.9432640075683594,6.173847675323486,7.265132904052734,-12.573897361755371,-12.720438957214355,15.619306564331055,0.005903646815568209,-2.8232617378234863,2.740098476409912,-1.5132851600646973,0.8165398836135864,2.5679218769073486,1.686291217803955,0.18240633606910706,0.840584933757782,-6.66594934463501,-4.896337032318115,4.450693130493164,3.8754994869232178
122,-10.645097732543945,12.389338493347168,-6.630727291107178,3.5823428630828857,8.09282398223877,6.30390739440918,1.3039944171905518,2.5177998542785645,-7.7976579666137695,-6.6893768310546875,3.8938632011413574,15.756714820861816,-3.3663148880004883,-1.83523428440094,-0.5968735814094543,-1.6457149982452393,6.6882147789001465,3.058151960372925,6.051270008087158,7.821310997009277,-13.253143310546875,-12.59432601928711,15.600958824157715,0.021570352837443352,-2.2813825607299805,2.554622173309326,-1.2363744974136353,0.6949059963226318,1.702962040901184,1.0785253047943115,0.48036712408065796,0.7929221987724304,-6.853594779968262,-4.991240501403809,4.53516960144043,3.5878732204437256
123,-9.329937934875488,12.299169540405273,-5.8718061447143555,3.7411434650421143,6.265701770782471,5.276660919189453,1.2960779666900635,1.9205996990203857,-7.1274895668029785,-6.892885684967041,3.87890887260437,15.154097557067871,-3.937490940093994,0.14465665817260742,-0.6011754870414734,-1.4655418395996094,6.85014533996582,4.493314266204834,10.769956588745117,8.278822898864746,-13.74863052368164,-14.797593116760254,0.03744468837976456,-0.006318194791674614,-2.0644936561584473,2.4641616344451904,-1.1507906913757324,0.736270546913147,1.3551466464996338,1.0056350231170654,0.3225100636482239,0.4235810339450836,-6.822320938110352,-5.088972091674805,4.439497470855713,3.4751946926116943
124,-9.019261360168457,10.620267868041992,-5.2318620681762695,4.777581691741943,4.446480751037598,1.3751847743988037,-1.1166216135025024,0.7247982025146484,-6.649625778198242,-4.865272521972656,13.954962730407715,12.845719337463379,-4.253844738006592,-0.48856252431869507,-1.1390924453735352,-0.8080748915672302,6.934831142425537,3.7706053256988525,10.59170150756836,8.388978004455566,-14.223341941833496,-13.896621704101562,-0.009825430810451508,0.01945483684539795,-2.2074134349823,2.1499147415161133,-0.9953675866127014,1.0634105205535889,0.8540396690368652,-0.24450838565826416,-0.49220943450927734,-0.012720443308353424,-6.969687461853027,-5.017206192016602,2.5653836727142334,2.460415840148926
125,-7.456707954406738,10.34850025177002,-3.4150097370147705,3.5045957565307617,3.3093159198760986,0.26523828506469727,-3.1113550662994385,-1.7574551105499268,-6.116211891174316,-5.864083766937256,13.02342414855957,12.147468566894531,-4.027020454406738,1.8919137716293335,-1.0736932754516602,0.13879349827766418,6.981358051300049,3.7821810245513916,10.003433227539062,8.102043151855469,-14.547430038452148,-15.141878128051758,0.07001316547393799,0.005780884064733982,-1.5666513442993164,2.1011548042297363,-0.4729008972644806,0.5324879288673401,0.6703031063079834,-0.11448096483945847,-0.6618562340736389,-0.5945907831192017,-6.685341835021973,-5.534731388092041,2.7513182163238525,2.5695700645446777
126,-6.8914618492126465,8.201057434082031,-2.5596940517425537,3.1649744510650635,2.0701544284820557,-0.20320653915405273,-3.9263761043548584,-3.5827884674072266,-5.727082252502441,-4.7515459060668945,12.263513565063477,11.182792663574219,-5.3358354568481445,-4.3257927894592285,-2.7959351539611816,-0.17819476127624512,6.4355902671813965,3.123427152633667,8.977559089660645,6.9153218269348145,-15.031655311584473,-13.381648063659668,-0.18204770982265472,0.09655746817588806,-1.5477123260498047,1.6205819845199585,-0.4126054644584656,0.6081880331039429,0.32561853528022766,-0.10061944276094437,-0.6801684498786926,-0.7643939256668091,-6.47663688659668,-5.6080217361450195,2.6038453578948975,2.2686166763305664
127,-6.2586164474487305,13.200063705444336,-2.3943166732788086,2.0330636501312256,3.3429884910583496,0.5877030491828918,-4.449094295501709,-5.015918254852295,-5.258285999298096,-6.439529895782471,12.39237117767334,11.26885986328125,-4.347618103027344,-0.6220710873603821,-2.413924217224121,1.1513186693191528,6.5816192626953125,3.1684112548828125,8.03145694732666,6.025931358337402,-14.833423614501953,-15.117438316345215,-0.04041113331913948,0.05189350247383118,-1.5264263153076172,3.045313835144043,-0.528126060962677,0.2499835044145584,1.0764352083206177,0.24286867678165436,-0.7558431029319763,-0.9979493618011475,-6.800811767578125,-5.4584856033325195,2.720874071121216,2.493206024169922
128,-6.762644290924072,10.588885307312012,-1.61378014087677,1.6588373184204102,2.422912120819092,0.8906574845314026,-6.477499485015869,-6.421646595001221,-5.443694591522217,-4.738029479980469,11.398449897766113,10.23479175567627,-3.952075481414795,0.09234419465065002,-2.6746468544006348,1.985566258430481,6.35391092300415,2.912109851837158,6.668782711029053,4.733624458312988,-14.867988586425781,-14.72408390045166,-0.002946332097053528,0.04003956913948059,-1.6897180080413818,2.038130760192871,-0.23308628797531128,0.305888295173645,0.4682482182979584,0.2446008175611496,-1.278058409690857,-1.2696635723114014,-6.582942962646484,-5.346182346343994,2.3277125358581543,2.0277676582336426
129,-6.67464017868042,10.15499210357666,-1.3239692449569702,1.2611464262008667,2.5770204067230225,1.4706029891967773,-4.9891557693481445,-5.887622833251953,-5.377650737762451,-5.149822235107422,10.980293273925781,9.918213844299316,-3.459690809249878,0.8444114327430725,-2.8173317909240723,2.7848689556121826,6.265567779541016,2.9801888465881348,5.619446277618408,3.584733486175537,-14.889763832092285,-14.77530574798584,0.016230344772338867,0.029402434825897217,-1.5623555183410645,2.150668144226074,-0.25066912174224854,0.22025765478610992,0.6801029443740845,0.41102588176727295,-0.6844645142555237,-0.9971437454223633,-6.45742654800415,-5.531761646270752,2.3130946159362793,2.0684518814086914
130,-7.015477180480957,9.817206382751465,-1.0822992324829102,0.9367890357971191,2.6084814071655273,2.1257150173187256,-5.223937511444092,-5.80300235748291,-5.32713508605957,-5.112415313720703,9.728590965270996,9.16481876373291,-3.6393234729766846,-2.8257060050964355,-3.6755619049072266,3.0623104572296143,6.171525955200195,1.9121819734573364,4.473912239074707,2.2507004737854004,-15.025639533996582,-13.869648933410645,-0.13113175332546234,0.07663626968860626,-1.686571717262268,2.146430730819702,-0.20440438389778137,0.16413743793964386,0.6669635772705078,0.572163462638855,-0.9349365830421448,-1.0681618452072144,-6.367588043212891,-5.523324489593506,1.875214695930481,1.820203423500061
131,-7.258002758026123,12.860331535339355,-1.2363766431808472,0.04773201420903206,2.9836807250976562,3.457773208618164,-5.012118816375732,-5.802245140075684,-5.172271251678467,-5.932769775390625,8.59482192993164,9.095685958862305,-2.8594260215759277,1.3511043787002563,-3.5641963481903076,3.9305965900421143,6.2283782958984375,3.41845440864563,3.4092841148376465,1.2780019044876099,-14.907428741455078,-15.435364723205566,0.027026817202568054,0.02247823029756546,-1.7750513553619385,2.887996196746826,-0.3106943964958191,-0.11995302140712738,0.8200685977935791,0.9280823469161987,-0.8776282072067261,-1.1293773651123047,-6.343752384185791,-5.327478408813477,1.60809326171875,1.9198510646820068
132,-7.893198490142822,10.215888023376465,-0.5394845008850098,0.17604860663414001,2.9488613605499268,2.8014025688171387,-5.527881622314453,-5.6811323165893555,-5.243497371673584,-4.406067848205566,5.78963565826416,7.56316614151001,-3.0351696014404297,-0.4491126537322998,-3.930104970932007,4.340248107910156,6.346596717834473,2.274538993835449,2.3372228145599365,0.24673272669315338,-14.944770812988281,0.14715862274169922,0.08706465363502502,0.020449861884117126,-1.9041863679885864,2.133100986480713,-0.01620173640549183,0.06041516363620758,0.7451701164245605,0.5638170838356018,-1.0926159620285034,-1.117356777191162,-6.113555431365967,-5.2754597663879395,0.8016272187232971,1.3417773246765137
133,-8.375677108764648,11.013358116149902,-0.40834909677505493,-0.15001046657562256,3.577845573425293,4.60058069229126,-4.8687424659729,-3.4908061027526855,-5.199700832366943,-18.951894760131836,3.382768392562866,7.338904857635498,-2.9800875186920166,-0.29050350189208984,-4.374903202056885,4.505325794219971,6.5367937088012695,2.1743569374084473,1.3735452890396118,-0.4390518367290497,-14.980718612670898,0.13467498123645782,-0.04839561879634857,0.03940831869840622,-2.0655388832092285,2.3742997646331787,-0.07497137784957886,-0.07070602476596832,1.03175950050354,1.26735520362854,-0.8531637787818909,-0.4286936819553375,-6.1854705810546875,-5.073983192443848,0.3602134585380554,1.4869452714920044
134,-9.129888534545898,11.498143196105957,-0.28896793723106384,-0.9712514281272888,2.588345766067505,5.166494369506836,-6.5223517417907715,-5.262719631195068,-5.131567001342773,-17.807174682617188,-3.3238489627838135,4.272531509399414,-3.479832887649536,-0.1303078830242157,-4.691233158111572,4.477506160736084,6.669312000274658,2.3619208335876465,1.0002264976501465,-1.4257721900939941,-15.090060234069824,0.15121424198150635,-2.9273316860198975,0.10694523900747299,-2.3041317462921143,2.580695629119873,-0.050082385540008545,-0.26439863443374634,0.4994962513446808,1.2193435430526733,-1.5285505056381226,-1.3548734188079834,-6.035676956176758,-4.2734856605529785,-1.6254788637161255,0.44881966710090637
135,-8.967512130737305,11.596173286437988,-0.8160466551780701,-0.45463162660598755,2.4806556701660156,4.230740070343018,-4.474509239196777,-3.1557939052581787,-4.8173956871032715,-16.594669342041016,-10.051880836486816,-0.8540517091751099,-2.604083299636841,0.9702632427215576,-4.544959545135498,4.191360950469971,6.27387809753418,3.8496899604797363,4.230506420135498,-1.8575894832611084,-0.4866601824760437,-0.15262040495872498,-15.57276725769043,-0.0632740929722786,-2.171135663986206,2.555542230606079,-0.2774783968925476,-0.01927994191646576,0.6250566244125366,0.7953334450721741,-0.6153317093849182,-0.3930675685405731,-5.200955390930176,-3.7792887687683105,-4.468443393707275,-0.8635545969009399
136,-9.779363632202148,11.787805557250977,-0.9034290313720703,-0.7401996850967407,4.3355937004089355,3.184844732284546,-4.7790656089782715,-0.11838989704847336,-18.070329666137695,-15.802776336669922,-3.68919038772583,-9.202719688415527,-2.4050652980804443,-0.09291809797286987,-4.9594645500183105,3.230147361755371,6.520362377166748,2.495786428451538,3.0639522075653076,3.0558245182037354,-0.025077179074287415,0.36421164870262146,-15.534540176391602,-15.515121459960938,-2.4070279598236084,2.8151133060455322,-0.22598004341125488,-0.1638738363981247,1.4446898698806763,0.6085498929023743,-0.8277554512023926,0.4006030261516571,-4.711884498596191,-3.74377179145813,-5.642226696014404,-3.4896414279937744
137,-9.403284072875977,12.437644004821777,-0.8632668852806091,-1.927622675895691,4.698121547698975,3.0865418910980225,-3.528165340423584,-0.48600852489471436,-16.739519119262695,-15.372756004333496,-4.002688407897949,-3.2209084033966064,-2.860975980758667,-0.3119385242462158,-5.545836448669434,2.7818565368652344,7.106988430023193,2.417149543762207,2.180156707763672,2.9468801021575928,-0.01674078404903412,-0.06341377645730972,-15.581169128417969,-15.5392427444458,-2.1104929447174072,2.7988741397857666,-0.2027662694454193,-0.495466947555542,1.3010350465774536,0.6388526558876038,-0.5107159614562988,-0.13028153777122498,-3.753915786743164,-3.400604009628296,-5.024972915649414,-4.5158467292785645
138,-9.417679786682129,12.67077922821045,-0.15300367772579193,-2.2900710105895996,3.487521171569824,3.2748892307281494,-3.684429883956909,-2.0261013507843018,-16.073667526245117,-14.981854438781738,-4.118050575256348,-3.710361957550049,-2.4244165420532227,0.5508388876914978,-5.781036853790283,2.990659475326538,6.929406642913818,2.784851551055908,1.0794717073440552,2.4796650409698486,-0.005923621356487274,0.07030311226844788,-15.721729278564453,-15.703580856323242,-2.267188310623169,2.8240621089935303,0.07529443502426147,-0.4682105779647827,0.7279601693153381,0.7443603277206421,-0.7239060401916504,-0.5589340925216675,-3.7719335556030273,-3.544179916381836,-5.207546710968018,-4.71633768081665
139,-9.967827796936035,12.278401374816895,0.5377548336982727,-2.5819203853607178,3.5472588539123535,3.490372896194458,-3.2264325618743896,-2.756136178970337,-15.809884071350098,-15.167052268981934,-4.049598217010498,-3.7970669269561768,-2.1562397480010986,0.5338307619094849,-5.771200656890869,2.6885342597961426,6.359102249145508,3.1742191314697266,0.13198602199554443,1.9105513095855713,-0.05788533389568329,-0.024557054042816162,-15.643414497375488,-15.626577377319336,-2.419321298599243,2.782015800476074,0.1754607856273651,-0.5052847266197205,0.9396234154701233,0.8153796195983887,-0.5831385850906372,-0.606067955493927,-3.7700300216674805,-3.6079349517822266,-5.20690393447876,-4.813320159912109
140,-9.952223777770996,12.31148624420166,0.7988600134849548,-2.664463520050049,3.6556813716888428,3.4424774646759033,-2.6310336589813232,-3.009208917617798,-15.587124824523926,-15.077879905700684,-4.151093482971191,-3.9752676486968994,-2.634752035140991,1.545004963874817,-5.535606861114502,2.6425304412841797,6.769110679626465,3.4947452545166016,-0.7563373446464539,1.246769666671753,-0.04404402896761894,0.06911566853523254,-15.567566871643066,-15.482553482055664,-2.294318199157715,2.800584077835083,0.16336196660995483,-0.5041104555130005,0.9429965019226074,0.7769378423690796,-0.4593421220779419,-0.6070391535758972,-3.726454019546509,-3.578526258468628,-5.22367525100708,-4.8930888175964355
141,-9.639772415161133,11.752912521362305,0.8863034844398499,-2.754469394683838,3.0898542404174805,3.3636791706085205,-2.0875043869018555,-3.364975929260254,-15.299396514892578,-15.17065715789795,-4.237366199493408,-4.181803226470947,-2.9518332481384277,1.8548552989959717,-5.342072010040283,2.506406307220459,6.965407371520996,3.6341285705566406,-1.5714735984802246,0.4491366744041443,-0.13276581466197968,0.07152944803237915,-15.524918556213379,-15.411893844604492,-2.2495172023773193,2.7286264896392822,0.16022610664367676,-0.5200355648994446,0.7162880301475525,0.762005627155304,-0.3652304410934448,-0.7050063610076904,-3.5952608585357666,-3.595200777053833,-5.238572597503662,-5.012884616851807
142,-9.469847679138184,11.597369194030762,0.9473730325698853,-2.926788091659546,2.5875906944274902,3.3189773559570312,-1.7838093042373657,-3.6383070945739746,-14.880781173706055,-15.13518238067627,-4.285165309906006,-4.304358005523682,-3.102635145187378,2.125654458999634,-5.1272149085998535,2.3356308937072754,7.021736145019531,3.701387882232666,-2.3424174785614014,-0.46765267848968506,-0.13031254708766937,0.04734325408935547,-15.492338180541992,-15.362051010131836,-2.2483742237091064,2.741554021835327,0.16844812035560608,-0.5656970739364624,0.5938520431518555,0.7573241591453552,-0.3424530625343323,-0.7709614038467407,-3.4646224975585938,-3.569063663482666,-5.245059967041016,-5.115452289581299
143,-9.399832725524902,11.457110404968262,1.0293030738830566,-3.1152126789093018,2.148543119430542,3.271801710128784,-1.6997045278549194,-3.874361515045166,-14.430604934692383,-15.027558326721191,-4.320095062255859,-4.393820762634277,-3.1764845848083496,2.5023603439331055,-5.021899223327637,2.0301568508148193,6.990736961364746,4.108131408691406,-3.190398693084717,-1.5071088075637817,-0.09021720290184021,0.17048048973083496,-15.157812118530273,-15.338855743408203,-2.2511146068573,2.73266339302063,0.1859835684299469,-0.6067371964454651,0.4869302213191986,0.7464323043823242,-0.36416447162628174,-0.8427778482437134,-3.295980453491211,-3.5272462368011475,-5.249764919281006,-5.193761825561523
144,-9.372602462768555,11.303516387939453,1.2860897779464722,-3.3304548263549805,1.7572706937789917,2.9178688526153564,-1.786297082901001,-4.059210300445557,-13.87065315246582,-14.988321304321289,-4.635345458984375,-4.4490132331848145,-3.565478563308716,2.5369179248809814,-5.061161994934082,1.5344502925872803,6.988811492919922,4.0497517585754395,-3.9900925159454346,-2.703503370285034,0.004224603995680809,0.08371224999427795,-15.182510375976562,-15.34256362915039,-2.25363826751709,2.7387588024139404,0.2503705620765686,-0.6588355302810669,0.390213280916214,0.6327391862869263,-0.4214003086090088,-0.910891056060791,-3.086200714111328,-3.4748315811157227,-5.240966320037842,-5.258352279663086
145,-9.221658706665039,11.415426254272461,1.5943480730056763,-3.5814926624298096,1.2995169162750244,2.9249160289764404,-2.1842470169067383,-4.453163146972656,-13.169153213500977,-14.716594696044922,-4.613080024719238,-4.468989372253418,-4.01177978515625,1.191173791885376,-5.138935565948486,0.8850541710853577,6.961742401123047,3.4478673934936523,-4.928709030151367,-4.1010284423828125,-0.025000831112265587,0.07474401593208313,-15.229418754577637,-15.312100410461426,-2.2465977668762207,2.802389621734619,0.30843377113342285,-0.7256317138671875,0.25924476981163025,0.680720329284668,-0.5757999420166016,-1.0797133445739746,-2.829692840576172,-3.390577793121338,-5.245738506317139,-5.299474239349365
146,-9.178306579589844,12.349281311035156,1.7750463485717773,-3.8272454738616943,0.9417434930801392,3.5762038230895996,-2.7698023319244385,-4.696979999542236,-12.301243782043457,-14.4342041015625,-4.560369491577148,-4.499487400054932,-4.018677711486816,2.8404736518859863,-4.709684371948242,0.5032458901405334,6.986896514892578,4.271953582763672,-6.042465686798096,-5.50820779800415,-0.022742509841918945,-0.26804015040397644,-15.001235008239746,-15.18963623046875,-2.303401231765747,2.962524175643921,0.32392770051956177,-0.7923611402511597,0.18279053270816803,0.9067490100860596,-0.7752659916877747,-1.184748888015747,-2.581753969192505,-3.2883596420288086,-5.211013317108154,-5.267947673797607
147,-9.132401466369629,11.647846221923828,2.2811121940612793,-4.305848598480225,0.35052505135536194,3.026409149169922,-3.5700416564941406,-5.266454219818115,-10.906176567077637,-13.898642539978027,-4.759105205535889,-4.57431697845459,-4.22896146774292,1.9096510410308838,-4.779972553253174,-0.38632649183273315,6.757073402404785,3.990391969680786,-7.385260581970215,-7.182444095611572,-0.019403964281082153,0.09495963156223297,-15.256745338439941,-15.373697280883789,-2.2608392238616943,2.8888957500457764,0.45676806569099426,-0.9278252720832825,-0.011183606460690498,0.6410931348800659,-1.0651551485061646,-1.4697437286376953,-2.1325206756591797,-3.192972183227539,-5.1640448570251465,-5.107922077178955
148,-9.042379379272461,12.42269515991211,2.796133518218994,-4.7728800773620605,-0.1528821587562561,3.3409945964813232,-4.5141119956970215,-5.565463542938232,-9.115579605102539,-13.602448463439941,-4.509432315826416,-4.350485324859619,-4.3902907371521,2.348154067993164,-4.346186637878418,-1.2100317478179932,6.70150899887085,4.221484184265137,-9.025198936462402,-8.939067840576172,-0.014659009873867035,-0.02334478497505188,-15.227081298828125,-15.358466148376465,-2.261255979537964,3.0843441486358643,0.5437316298484802,-1.064825177192688,-0.10249902307987213,0.8218815326690674,-1.4419691562652588,-1.6406335830688477,-1.6502965688705444,-2.978048086166382,-5.1501641273498535,-4.973039150238037
149,-9.001754760742188,12.325952529907227,3.2472825050354004,-5.107234477996826,-1.4477640390396118,3.236128330230713,-5.440775394439697,-6.117258071899414,-6.145958423614502,-12.449219703674316,-4.527935028076172,-4.252555847167969,-4.672233581542969,2.0104689598083496,-4.156754493713379,-2.4203174114227295,6.284842014312744,4.199902057647705,-10.963435173034668,-10.945096969604492,-0.007226548157632351,0.01672177016735077,-15.470504760742188,-15.528546333312988,-2.2721338272094727,3.0563101768493652,0.6278354525566101,-1.1515605449676514,-0.37888070940971375,0.7473645806312561,-1.8880964517593384,-2.045973300933838,-0.8424717783927917,-2.58100962638855,-5.1297736167907715,-4.652379035949707
150,-8.837091445922852,12.480670928955078,3.7173478603363037,-5.199408054351807,-2.7597100734710693,3.12967848777771,-6.320624828338623,-6.702647686004639,-0.6638171076774597,-10.110078811645508,-4.286226749420166,-3.911632537841797,-4.716770172119141,1.7057421207427979,-3.62884783744812,-3.5934059619903564,5.794287204742432,4.13899040222168,-13.23841667175293,-13.205827713012695,-0.0005251946859061718,0.0013555139303207397,-15.604918479919434,-15.64089298248291,-2.2365810871124268,3.0381290912628174,0.7159042954444885,-1.2006487846374512,-0.6064660549163818,0.7160111665725708,-2.4864513874053955,-2.5826187133789062,0.6019782423973083,-1.786767840385437,-5.08778190612793,-4.18978214263916
151,-8.56573486328125,12.028950691223145,4.088291645050049,-4.952422618865967,-4.459049701690674,2.885854959487915,-6.773425102233887,-7.03275728225708,8.188673973083496,-5.70526123046875,-4.11086368560791,-3.507497549057007,-3.2880101203918457,1.750915288925171,-2.7877414226531982,-4.784154891967773,4.612791538238525,4.236228942871094,-15.614202499389648,-15.630831718444824,8.65390682220459,-0.004306357353925705,-15.598753929138184,-15.333555221557617,-2.1248693466186523,2.740886926651001,0.7879413366317749,-1.1427257061004639,-0.9549383521080017,0.6341800689697266,-3.081902265548706,-3.1840615272521973,3.2547106742858887,-0.5573345422744751,-4.912062168121338,-3.5381970405578613
152,-7.44876766204834,9.700667381286621,4.714692115783691,-5.0257086753845215,-5.428231716156006,2.8770484924316406,-6.731204986572266,-6.81833028793335,9.45672607421875,3.8029284477233887,-3.6578447818756104,-2.891651153564453,-0.42303669452667236,2.461113929748535,-1.606181263923645,-5.8165669441223145,3.022517204284668,4.969614505767822,-18.08335304260254,-18.241832733154297,15.482614517211914,3.7291646003723145,-14.872551918029785,-13.683735847473145,-1.4801496267318726,1.818709135055542,0.9652366638183594,-1.2721631526947021,-1.0895068645477295,0.6745606660842896,-3.6353671550750732,-3.6479604244232178,8.45998764038086,2.1701345443725586,-3.5655431747436523,-2.093405246734619
153,-4.45145845413208,5.6381144523620605,4.184634685516357,-4.772946834564209,-5.506320476531982,3.3033037185668945,-6.399001598358154,-5.698086261749268,4.621070384979248,9.70934009552002,-3.1874685287475586,-2.629272222518921,-0.635263204574585,2.925879716873169,-0.7384686470031738,-6.933765888214111,1.038689136505127,6.471180438995361,-20.020570755004883,-19.824541091918945,14.843243598937988,13.489241600036621,-13.391844749450684,-11.662444114685059,-0.3909061849117279,0.6780790090560913,0.7553116679191589,-1.200802206993103,-1.0578736066818237,0.8826419711112976,-4.467173099517822,-3.4336161613464355,9.282319068908691,4.445426940917969,-2.031320333480835,-1.1425836086273193
154,1.1481943130493164,0.5177052617073059,3.456080675125122,-3.544543504714966,-5.896615982055664,2.5465595722198486,-5.602522373199463,-4.190805435180664,5.490509510040283,5.440174579620361,-2.098142385482788,-1.0583728551864624,2.0330898761749268,-0.11365804076194763,0.1826336681842804,-7.262984752655029,0.8526614904403687,4.090047836303711,-21.084949493408203,-20.494173049926758,15.694685935974121,15.635128021240234,-10.672499656677246,-7.9396772384643555,0.9912493228912354,-0.6313086748123169,0.597959041595459,-0.7526900172233582,-1.2622933387756348,0.5563724040985107,-4.383814334869385,-2.33935284614563,7.520658016204834,5.714040756225586,-0.4622223973274231,0.25983235239982605
155,4.810583591461182,-3.872704029083252,2.506627082824707,-2.414348602294922,-7.718601703643799,1.6664865016937256,-4.523732662200928,-2.210268497467041,4.623676300048828,3.9909768104553223,4.6778130531311035,11.627288818359375,5.03885555267334,-2.320204019546509,-0.2521127462387085,-6.247104167938232,-2.817748546600342,3.6149556636810303,-21.820417404174805,-21.417991638183594,15.609834671020508,15.686866760253906,-1.1682002544403076,8.895416259765625,1.6323707103729248,-1.4133715629577637,0.3917717933654785,-0.44802552461624146,-1.8290679454803467,0.21045655012130737,-3.2327849864959717,-0.6764460802078247,7.075139999389648,5.300502777099609,1.9658511877059937,3.747542142868042
156,5.101301193237305,-5.3662896156311035,2.699183702468872,-1.2973828315734863,-7.820684909820557,0.0143527677282691,-2.7020201683044434,0.3644394874572754,4.704805374145508,4.061153888702393,13.578320503234863,8.582792282104492,8.04443359375,-4.737360954284668,-0.6692161560058594,-5.916846752166748,-6.6752166748046875,2.1197564601898193,-22.187345504760742,-20.259418487548828,15.66015625,15.685660362243652,15.395623207092285,15.680758476257324,1.3939359188079834,-1.4655685424804688,0.5586128830909729,-0.12145702540874481,-1.9856072664260864,-0.25194251537323,-1.2920645475387573,1.0096813440322876,6.914407730102539,5.249186992645264,5.486200332641602,6.023569583892822
157,2.110248565673828,-4.997348785400391,6.339456558227539,-0.009880762547254562,-8.203838348388672,-3.8002779483795166,1.0922342538833618,12.538512229919434,4.596075534820557,4.117644309997559,3.780972957611084,3.892249345779419,9.29802131652832,-6.888242721557617,1.5359200239181519,-5.7142767906188965,-9.26510238647461,-1.054703950881958,-19.68390464782715,-14.377199172973633,15.533039093017578,15.66522216796875,15.657533645629883,15.667573928833008,0.14308980107307434,-1.228921890258789,1.7924113273620605,0.21433822810649872,-2.5996711254119873,-1.2117465734481812,1.5758382081985474,2.7441790103912354,6.527743339538574,5.28725004196167,5.0026445388793945,5.508610248565674
158,0.6287208199501038,-3.7839174270629883,6.90438175201416,-0.19379906356334686,-9.353547096252441,-8.61047077178955,15.034198760986328,18.27837371826172,4.784642219543457,4.175166606903076,4.115545272827148,4.123575210571289,9.191045761108398,-8.8162260055542,2.6248180866241455,-5.824936866760254,-12.100517272949219,-5.599998950958252,-13.160611152648926,-7.842779159545898,15.522747039794922,15.666683197021484,15.58367919921875,15.645255088806152,-0.08075019717216492,-0.8541158437728882,1.6646147966384888,-0.0781046599149704,-3.7205193042755127,-2.7876267433166504,3.460069417953491,3.7655303478240967,7.117352485656738,5.358883857727051,6.209614276885986,5.559459686279297
159,-1.01082444190979,-2.4737603664398193,7.89851713180542,-0.44134852290153503,-9.556262969970703,-10.158106803894043,20.410720825195312,19.52416229248047,4.804627418518066,4.153848171234131,4.383347034454346,4.140944957733154,8.19494342803955,-10.056166648864746,3.095521926879883,-5.752727031707764,-14.686875343322754,-10.183649063110352,-5.790352821350098,-1.3808228969573975,15.522459983825684,15.671854972839355,15.541855812072754,15.636204719543457,-0.3802501857280731,-0.513945460319519,2.032102584838867,-0.15057410299777985,-4.573237895965576,-3.499999523162842,4.565646648406982,4.546750068664551,7.008105278015137,5.2039594650268555,6.073025226593018,5.147982120513916
160,-2.2538983821868896,-0.6340026259422302,7.329637050628662,-0.5776571035385132,-9.023124694824219,-9.326679229736328,20.34549331665039,18.05360221862793,4.794641017913818,4.103033065795898,4.415713787078857,4.106325149536133,8.65330696105957,-8.216951370239258,5.056090831756592,-3.8983154296875,-17.026010513305664,-13.884922981262207,0.9827686548233032,4.012034893035889,15.467866897583008,15.70073413848877,15.58364486694336,15.550545692443848,-0.4890325963497162,0.1491473913192749,1.6321196556091309,-0.16514919698238373,-5.116471767425537,-3.608647108078003,5.259946346282959,4.971968650817871,6.8987507820129395,5.045628070831299,5.611095905303955,4.979147434234619
161,-3.610297203063965,1.763298511505127,6.075009822845459,-0.44164037704467773,-8.051828384399414,-8.206415176391602,18.050451278686523,15.99019718170166,4.797605514526367,3.977614402770996,4.302127838134766,4.1886444091796875,6.3956828117370605,-7.56815242767334,4.465383052825928,-3.7564902305603027,-19.217641830444336,-16.726505279541016,5.951887607574463,7.7947611808776855,15.660947799682617,15.684760093688965,15.572717666625977,15.655817031860352,-0.7037174701690674,0.5917738676071167,1.3831075429916382,-0.07390283048152924,-5.363844871520996,-3.9013662338256836,5.728742599487305,5.419406890869141,6.541390419006348,4.734452247619629,5.293334007263184,5.059652805328369
162,-3.8992629051208496,3.4706342220306396,6.475188255310059,1.8034275770187378,-6.882018566131592,-7.033149719238281,15.962249755859375,14.442028999328613,4.499149322509766,3.9013869762420654,4.286008834838867,4.131836891174316,4.288702964782715,-5.6293439865112305,5.169802188873291,-2.8315281867980957,-20.011123657226562,-18.413124084472656,9.616544723510742,10.740994453430176,15.655965805053711,15.671744346618652,15.6458101272583,15.683424949645996,-0.7032953500747681,0.7459545135498047,1.622347354888916,0.6054165363311768,-5.496937274932861,-3.990000009536743,6.502788066864014,6.057295799255371,6.059762477874756,4.551745891571045,5.3046159744262695,5.225121021270752
163,-3.1976921558380127,3.9193737506866455,5.914711952209473,4.556861877441406,-6.646578311920166,-5.9826979637146,14.00119686126709,13.095000267028809,4.351949691772461,3.8609554767608643,4.19873571395874,4.1053361892700195,2.983872890472412,-3.15728759765625,6.369877815246582,-1.137319803237915,-20.535804748535156,-19.413471221923828,11.934831619262695,12.693735122680664,15.68217945098877,15.621522903442383,15.635672569274902,15.699999809265137,-0.506122350692749,0.7368191480636597,1.4072672128677368,1.1999850273132324,-6.196227073669434,-3.593353271484375,6.792466640472412,6.708757400512695,5.471498489379883,4.4983415603637695,5.273275852203369,5.153066635131836
164,-0.48630574345588684,3.550140142440796,6.101619720458984,6.307840347290039,-6.534198760986328,-4.369820594787598,12.661937713623047,12.045502662658691,4.17697286605835,3.857937812805176,4.214309215545654,4.026566505432129,3.129608392715454,-0.40892550349235535,8.341448783874512,1.1866180896759033,-20.96676254272461,-19.899316787719727,13.39550495147705,13.926369667053223,15.697066307067871,15.634703636169434,15.592132568359375,15.700007438659668,0.22587862610816956,0.6346168518066406,1.697852611541748,1.5217564105987549,-6.819858551025391,-2.19502854347229,7.0291972160339355,6.911768913269043,5.08174467086792,4.412036895751953,5.330465793609619,4.8974714279174805
165,3.5077831745147705,4.795361042022705,7.157884120941162,5.946089744567871,-6.158937454223633,-0.3513411283493042,11.62859058380127,11.112683296203613,4.1700849533081055,3.711829423904419,4.299312591552734,3.9076292514801025,4.9457597732543945,3.0152134895324707,11.283483505249023,3.8303287029266357,-21.12738609313965,-19.431800842285156,14.230697631835938,14.56882095336914,15.693431854248047,15.681995391845703,15.562479972839355,15.651037216186523,1.4042805433273315,1.172337532043457,2.474585771560669,1.2839643955230713,-6.0105509757995605,1.3299040794372559,6.702775001525879,6.3808512687683105,5.371431350708008,4.052859306335449,5.517565727233887,4.55346155166626
166,3.604412317276001,7.3092570304870605,8.090506553649902,5.730343341827393,-4.144660949707031,19.186864852905273,10.712793350219727,10.076597213745117,4.240599632263184,3.469902753829956,4.376425743103027,3.8275504112243652,6.706875801086426,6.810085296630859,14.222684860229492,6.177728652954102,-20.75550651550293,-13.915826797485352,14.663822174072266,14.883993148803711,15.654053688049316,15.630109786987305,15.52237319946289,15.601439476013184,0.927582859992981,2.2304606437683105,3.5393662452697754,1.403562068939209,-2.048896312713623,6.013408184051514,5.8479743003845215,5.141611099243164,5.680004119873047,3.636549711227417,5.6662163734436035,4.303049564361572
167,-6.346151828765869,9.810572624206543,7.689511775970459,6.094285011291504,11.876422882080078,26.19085693359375,8.653557777404785,5.70947790145874,4.547314643859863,2.375131845474243,4.263652801513672,3.678999423980713,5.8314032554626465,11.071206092834473,16.470775604248047,8.002695083618164,-16.529922485351562,-5.867784023284912,14.66859245300293,14.452540397644043,15.687485694885254,11.100035667419434,15.566190719604492,15.654204368591309,-2.522120237350464,3.8002545833587646,3.7826919555664062,1.7582542896270752,6.751088619232178,8.147768020629883,3.4098856449127197,1.185463786125183,7.293271064758301,1.5129095315933228,4.933931827545166,3.885823965072632
168,-14.086161613464355,8.556497573852539,1.5818949937820435,1.7811239957809448,25.47947120666504,24.50567054748535,0.6126630902290344,-5.894329071044922,1.09659743309021,-14.51982307434082,4.108147621154785,3.3249294757843018,1.0703359842300415,3.79742693901062,14.947075843811035,6.662056922912598,-8.082818031311035,0.025847434997558594,12.535318374633789,11.296738624572754,7.7922139167785645,-6.483554840087891,15.504878997802734,15.715519905090332,-3.982323169708252,3.2594010829925537,-0.7864146828651428,-0.2138349860906601,9.610214233398438,8.439664840698242,-1.9573625326156616,-3.278679609298706,-1.1013538837432861,-9.653071403503418,4.733249664306641,3.2799627780914307
169,-9.11203384399414,13.076469421386719,-7.682987213134766,-3.590711832046509,25.44090461730957,20.417936325073242,-5.0020904541015625,-15.436980247497559,-16.56698989868164,-9.692551612854004,4.19506311416626,3.3196640014648438,6.168895721435547,2.684708833694458,12.724733352661133,5.446708679199219,0.9705990552902222,0.8163702487945557,9.618728637695312,6.70561408996582,-9.187155723571777,-9.286909103393555,15.6216459274292,15.412923812866211,-1.3996632099151611,3.873642683029175,-2.356480836868286,-1.3385417461395264,8.905037879943848,6.218384265899658,-1.3743537664413452,-3.923907518386841,-12.177519798278809,-4.575370788574219,5.019237995147705,3.696640729904175
170,-16.347702026367188,12.806057929992676,-8.358224868774414,-1.7402275800704956,20.14972496032715,19.463796615600586,-4.810207366943359,-10.642351150512695,-8.999985694885254,-8.783944129943848,3.945753335952759,3.9435760974884033,2.019094228744507,0.8366910219192505,8.313284873962402,2.3665237426757812,3.188889980316162,1.7745176553726196,8.130014419555664,4.1589179039001465,-9.705486297607422,-10.32361125946045,15.645252227783203,15.674847602844238,-4.194389343261719,3.0618503093719482,-1.3063759803771973,-0.09920744597911835,7.117977142333984,5.726205348968506,-0.7505654692649841,-1.4487614631652832,-5.717159271240234,-4.608848571777344,4.460732460021973,4.810253620147705
171,-14.266660690307617,13.087520599365234,-8.347713470458984,-0.483391135931015,17.562562942504883,17.316375732421875,-2.18286395072937,-5.365340232849121,-9.558609008789062,-8.166674613952637,3.937765598297119,3.8788671493530273,-0.048787593841552734,-0.011360835283994675,5.244962692260742,0.5641943216323853,3.6841094493865967,2.224320650100708,7.177943706512451,2.9585249423980713,-9.596755981445312,-10.870274543762207,15.656518936157227,15.614190101623535,-2.997180700302124,2.9460833072662354,-1.4405593872070312,0.04709327220916748,5.196280002593994,4.44130277633667,-0.08685300499200821,-0.41193053126335144,-5.769532680511475,-4.353889465332031,4.701345920562744,4.842895030975342
172,-13.37910270690918,12.524055480957031,-7.983311653137207,1.6385833024978638,15.29542064666748,14.396926879882812,-0.7315099239349365,-0.967453122138977,-10.236034393310547,-7.9436421394348145,3.9380340576171875,4.00258207321167,-1.7870969772338867,-0.6399481892585754,2.8966457843780518,-0.4438839852809906,5.372065544128418,3.583256483078003,6.51137113571167,2.6039676666259766,-11.579435348510742,-12.19182014465332,15.621660232543945,15.614285469055176,-3.051213502883911,2.6195099353790283,-1.437248706817627,0.6199526190757751,3.886394739151001,3.117213249206543,0.03226911276578903,0.3354785740375519,-6.190634250640869,-4.594247817993164,4.719916343688965,4.867274284362793
173,-12.233253479003906,11.94832706451416,-7.392099857330322,3.4676671028137207,11.899761199951172,9.634462356567383,0.8058841824531555,1.6054946184158325,-8.57118034362793,-7.032525539398193,4.020571231842041,4.020682334899902,-2.730142831802368,-1.2758426666259766,1.495664119720459,-1.353309988975525,6.405065059661865,3.360841751098633,6.210394382476807,7.547885417938232,-12.486556053161621,-12.27784538269043,15.566418647766113,0.01752171665430069,-2.8541810512542725,2.4251549243927,-1.3795379400253296,0.9283263683319092,2.792497396469116,1.6356860399246216,0.4226696491241455,0.7086173295974731,-6.475561141967773,-4.901145935058594,4.895265579223633,4.830163955688477
174,-10.105690002441406,12.176928520202637,-7.52479362487793,3.9127821922302246,8.993393898010254,7.407871723175049,1.390119194984436,2.6045188903808594,-7.802535057067871,-7.157507419586182,3.978377103805542,16.596134185791016,-3.1358368396759033,-0.7490222454071045,0.2520451247692108,-1.2244302034378052,6.731561660766602,4.131275653839111,6.066566467285156,8.157855033874512,-12.786848068237305,-13.573490142822266,15.63522720336914,0.005160895641893148,-2.0999319553375244,2.5604281425476074,-1.5436489582061768,0.8001487851142883,1.9873625040054321,1.3580437898635864,0.448073148727417,0.9366040229797363,-6.67762565612793,-5.153399467468262,4.496457576751709,3.762103796005249
175,-8.379754066467285,11.349567413330078,-6.3608551025390625,3.5333714485168457,6.3069963455200195,4.674659252166748,1.9794809818267822,2.178391456604004,-7.599432945251465,-5.998061656951904,3.8989667892456055,15.450531959533691,-3.7662267684936523,-0.3667531907558441,0.06849443912506104,-1.2098749876022339,6.952235221862793,4.452206611633301,10.856742858886719,8.635150909423828,-13.634416580200195,-14.12031078338623,0.03260040283203125,-0.02774490788578987,-1.707639217376709,2.301670551300049,-1.170478343963623,0.636354923248291,1.2107678651809692,0.6993658542633057,0.5960232615470886,0.5349000096321106,-6.904788017272949,-5.050817966461182,4.556456089019775,3.444661855697632
176,-8.10742473602295,10.817278861999512,-5.766489505767822,4.233425140380859,4.417253494262695,1.5746113061904907,0.008198925293982029,1.033069372177124,-6.75701379776001,-5.5367889404296875,14.544259071350098,13.498397827148438,-4.439873695373535,-1.1630818843841553,-1.1451677083969116,-1.0898659229278564,6.682860374450684,3.6112256050109863,10.71548843383789,8.63697338104248,-14.102484703063965,-14.079856872558594,-0.004158728756010532,0.020829815417528152,-1.9457781314849854,2.2416303157806396,-1.0961805582046509,0.9153100848197937,0.8403129577636719,-0.10648011416196823,-0.3268035054206848,0.08445840328931808,-6.929604530334473,-5.149735927581787,2.7908012866973877,2.693272113800049
177,-6.8750996589660645,11.214982032775879,-2.9807794094085693,2.935537576675415,4.3222198486328125,1.1396381855010986,-4.1865739822387695,-2.6849191188812256,-6.24385404586792,-5.683649063110352,13.397451400756836,12.301576614379883,-4.120666027069092,-0.9281989932060242,-1.3026431798934937,-0.32982420921325684,6.6881537437438965,3.2494735717773438,9.83786392211914,8.038561820983887,-14.404328346252441,-14.22895622253418,-0.012697826139628887,0.015240643173456192,-1.501732587814331,2.352998733520508,-0.2660541534423828,0.402657687664032,1.1060181856155396,0.18537145853042603,-1.0478852987289429,-0.899401068687439,-6.717618942260742,-5.4474639892578125,2.8177084922790527,2.525387763977051
178,-6.31238317489624,10.940608978271484,-2.2931976318359375,2.425030469894409,3.6570584774017334,0.8604984283447266,-4.46897029876709,-4.371634483337402,-5.921816349029541,-5.5859551429748535,12.963706016540527,11.753490447998047,-3.6312367916107178,0.12829184532165527,-1.2282980680465698,0.6193609833717346,6.678393840789795,3.1064062118530273,8.91028881072998,7.168246269226074,-14.61556339263916,-14.589228630065918,0.014698505401611328,0.007778016850352287,-1.402803897857666,2.256911039352417,-0.38669079542160034,0.42299211025238037,0.8351813554763794,0.1489279866218567,-0.716550886631012,-0.882114827632904,-6.7293243408203125,-5.45159912109375,2.8318397998809814,2.4878642559051514
179,-6.195765972137451,10.167420387268066,-2.082991361618042,2.0361487865448,2.908034324645996,1.030226707458496,-4.6193437576293945,-5.024264812469482,-5.684232711791992,-5.281708240509033,12.457853317260742,11.162313461303711,-3.8760604858398438,-0.5674155950546265,-1.5474567413330078,1.2964978218078613,6.766025066375732,2.919252872467041,7.928016662597656,6.09305477142334,-15.015836715698242,-14.294210433959961,-0.024191394448280334,0.03827700763940811,-1.4146666526794434,2.121830701828003,-0.40528035163879395,0.37392961978912354,0.6224510669708252,0.2545585334300995,-0.745179295539856,-0.9035704731941223,-6.644230842590332,-5.542385578155518,2.687274694442749,2.327087163925171
180,-5.843130111694336,10.75961685180664,-2.1492109298706055,1.4385709762573242,2.5524723529815674,1.4229425191879272,-4.669782638549805,-5.358565330505371,-5.263589382171631,-5.590845108032227,12.035538673400879,10.700770378112793,-3.634554386138916,1.5380258560180664,-1.6102653741836548,2.189751625061035,6.779170989990234,3.103307008743286,6.943566799163818,5.081563472747803,-14.977593421936035,-15.038013458251953,0.043663837015628815,0.029393047094345093,-1.330604076385498,2.333205223083496,-0.4672154486179352,0.22408734261989594,0.6025151014328003,0.3728652000427246,-0.7634909152984619,-0.9574626684188843,-6.661346435546875,-5.57133150100708,2.574747323989868,2.2404253482818604
181,-6.023622512817383,9.313737869262695,-1.7157161235809326,1.198419451713562,2.1890714168548584,1.7033878564834595,-5.225582122802734,-5.690844535827637,-5.274906158447266,-4.888613224029541,11.216064453125,9.749152183532715,-3.516695976257324,-0.9364254474639893,-2.2752914428710938,2.643374443054199,6.466555118560791,2.705636501312256,5.807528972625732,3.8198297023773193,-14.913593292236328,-14.077972412109375,-0.052690062671899796,0.05567161738872528,-1.4321177005767822,1.9717594385147095,-0.30255499482154846,0.2305562049150467,0.5047235488891602,0.42410969734191895,-0.9346583485603333,-1.0456805229187012,-6.496732711791992,-5.610309600830078,2.3146238327026367,1.9260185956954956
182,-6.174287796020508,11.271427154541016,-1.7881426811218262,0.5125086307525635,2.5535659790039062,2.3772261142730713,-4.7639031410217285,-5.439035415649414,-5.332428455352783,-5.820678234100342,10.798502922058105,9.694487571716309,-3.1372833251953125,-0.5773985385894775,-2.60237193107605,3.295503616333008,6.391564846038818,2.6826720237731934,4.769526958465576,2.748434066772461,-14.939607620239258,-14.626991271972656,-0.04045877605676651,0.05002798140048981,-1.4623425006866455,2.5618865489959717,-0.40408849716186523,0.014957591891288757,0.7127824425697327,0.6210352182388306,-0.7718573212623596,-0.9733399152755737,-6.512933254241943,-5.577615737915039,2.248507261276245,2.061443328857422
183,-6.684132099151611,11.257152557373047,-1.3753798007965088,0.05077923461794853,2.534714460372925,2.8337416648864746,-5.426321983337402,-5.948795318603516,-5.278990268707275,-5.253054618835449,9.522252082824707,9.020343780517578,-2.942004442214966,-0.3960604667663574,-3.077188491821289,3.780726909637451,6.301178932189941,2.5719010829925537,3.60617733001709,1.5724101066589355,-14.951786994934082,-14.737244606018066,-0.0334605909883976,0.04751861095428467,-1.6159478425979614,2.4169371128082275,-0.24415278434753418,-0.05590854585170746,0.6430292725563049,0.6937294006347656,-1.0458375215530396,-1.198821783065796,-6.380696773529053,-5.446372032165527,1.8170994520187378,1.8014203310012817
184,-7.075267791748047,11.31679916381836,-1.0405361652374268,-0.3057449460029602,2.8614017963409424,3.4104928970336914,-4.970881462097168,-5.64312219619751,-5.224517822265625,-5.126383304595947,7.914730072021484,8.431052207946777,-2.709994316101074,-0.1588670015335083,-3.4439358711242676,4.184549331665039,6.361948013305664,2.5434837341308594,2.5567843914031982,0.4971637427806854,-14.943937301635742,-14.835893630981445,-0.027018636465072632,0.04228965938091278,-1.6880120038986206,2.4509775638580322,-0.18569910526275635,-0.09815959632396698,0.7844681739807129,0.836978018283844,-0.8647661805152893,-1.0794336795806885,-6.210275650024414,-5.420278072357178,1.4073817729949951,1.6792925596237183
185,-7.6862568855285645,11.425454139709473,-0.8144550323486328,-0.4633558690547943,3.1105751991271973,3.9615635871887207,-4.652094841003418,-5.109665870666504,-5.182983875274658,-5.011912822723389,5.571108341217041,7.607924461364746,-2.8075950145721436,-0.31836673617362976,-3.7573585510253906,4.533031463623047,6.463109493255615,1.5491113662719727,1.7066233158111572,-0.35407355427742004,-14.878405570983887,0.11986920237541199,-0.07609659433364868,0.037352897226810455,-1.861628770828247,2.514457941055298,-0.1520768404006958,-0.0993984192609787,0.841072678565979,0.9582493305206299,-0.8464502692222595,-0.974200963973999,-6.043262004852295,-5.375319004058838,0.8088915944099426,1.459712266921997
186,-8.483511924743652,11.255128860473633,-0.40861013531684875,-0.5629456043243408,3.726512908935547,5.576327323913574,-4.877216339111328,-3.4705042839050293,-5.2402801513671875,-19.01175880432129,2.5678837299346924,6.553277015686035,-2.946169853210449,-1.273112177848816,-4.262351989746094,4.541954040527344,6.7833027839660645,1.1281805038452148,0.7121135592460632,-1.0306123495101929,-14.963459968566895,0.24935024976730347,-0.09063132107257843,0.049152493476867676,-2.126668930053711,2.382012367248535,-0.033006906509399414,-0.10886694490909576,1.0742484331130981,1.4247627258300781,-0.9807845950126648,-0.5022897124290466,-6.098080635070801,-5.100890636444092,0.11093276739120483,1.197205662727356
187,-9.174781799316406,12.29478931427002,-0.47627702355384827,-1.364240050315857,2.629516363143921,6.1642045974731445,-6.1463165283203125,-5.0370612144470215,-5.120565414428711,-17.83380126953125,-4.5397772789001465,3.1247072219848633,-3.556262254714966,0.05420088768005371,-4.342744827270508,4.443315029144287,6.956805229187012,2.5214099884033203,1.4073750972747803,-1.9025925397872925,-15.06131362915039,0.022049114108085632,-5.991826057434082,0.05036021023988724,-2.3127939701080322,2.7128822803497314,-0.12272459268569946,-0.3304324746131897,0.5006550550460815,1.3900567293167114,-1.4284331798553467,-1.3026683330535889,-5.948526859283447,-4.199743747711182,-1.968828797340393,0.1687992513179779
188,-9.094837188720703,11.867437362670898,-1.1095532178878784,-0.43739956617355347,2.5524866580963135,4.259834289550781,-3.8998866081237793,-2.4089267253875732,-4.84291410446167,-16.457592010498047,-8.908771514892578,-4.024367809295654,-2.9789586067199707,0.11921904981136322,-4.22180700302124,3.803813934326172,7.002249240875244,2.5970704555511475,3.7668850421905518,0.09987203776836395,-0.8620376586914062,0.191358745098114,-15.659015655517578,-7.259429454803467,-2.2365610599517822,2.6356027126312256,-0.3589254915714264,0.031004562973976135,0.6582574844360352,0.7010185122489929,-0.4426305890083313,-0.16180041432380676,-5.234416961669922,-3.778311014175415,-4.811380386352539,-1.8450238704681396
189,-9.147660255432129,12.168547630310059,-1.1013588905334473,-1.3781238794326782,3.597490072250366,3.863943099975586,-4.541703224182129,-0.2557752728462219,-17.578176498413086,-15.907955169677734,-3.6783649921417236,-7.522241592407227,-2.3183891773223877,0.37611842155456543,-4.75308084487915,3.139782667160034,6.659028053283691,2.8236806392669678,2.5908114910125732,2.6628918647766113,0.11401908099651337,0.0686090886592865,-15.457301139831543,-15.485919952392578,-2.1468517780303955,2.76830792427063,-0.25437653064727783,-0.3577061891555786,1.1420204639434814,0.7972574830055237,-0.8581686615943909,0.2581450045108795,-4.595655918121338,-3.653670310974121,-5.534745693206787,-4.284804344177246
190,-9.086406707763672,12.193130493164062,-0.892516553401947,-2.140014886856079,4.235668182373047,3.0338826179504395,-3.6019649505615234,-0.824452817440033,-16.68892478942871,-15.122086524963379,-4.110957145690918,-3.487116813659668,-1.9203535318374634,1.2032095193862915,-4.7944746017456055,3.405687093734741,7.082883358001709,3.008110523223877,1.5461220741271973,2.4647722244262695,0.010096557438373566,0.02705007791519165,-15.384644508361816,-15.47163200378418,-2.0484540462493896,2.767958879470825,-0.18258097767829895,-0.4845324158668518,1.2142046689987183,0.5547043681144714,-0.5700736045837402,-0.2186480462551117,-3.6920289993286133,-3.4213483333587646,-5.08335018157959,-4.556411266326904
191,-9.669629096984863,11.688336372375488,-0.2769676148891449,-2.5121614933013916,3.5561585426330566,3.1084585189819336,-3.3460376262664795,-1.829967737197876,-15.88647174835205,-15.167280197143555,-4.316707134246826,-3.86348295211792,-1.171050786972046,2.858370304107666,-4.841785907745361,3.3144421577453613,6.248064041137695,4.01988410949707,0.6296133995056152,2.125889539718628,-0.03357633203268051,-0.353315532207489,-15.495725631713867,-15.534307479858398,-2.297233819961548,2.665170907974243,0.03150379657745361,-0.49571794271469116,0.833598792552948,0.7101622819900513,-0.6222640872001648,-0.4643324911594391,-3.687819242477417,-3.6172409057617188,-5.2158942222595215,-4.7136311531066895
192,-9.971240043640137,10.593151092529297,0.32577183842658997,-2.5946245193481445,3.946321725845337,2.545620918273926,-2.733720302581787,-2.3174562454223633,-15.503743171691895,-14.958301544189453,-4.281558513641357,-3.990386724472046,-2.084364891052246,0.9238112568855286,-5.133181571960449,2.9226136207580566,6.770228862762451,2.697553873062134,-0.3121645152568817,1.555168628692627,-0.004121946170926094,0.49916353821754456,-15.278763771057129,-15.457714080810547,-2.235814332962036,2.486978054046631,0.13750845193862915,-0.4798380732536316,1.0574489831924438,0.5209738612174988,-0.4697865843772888,-0.4978514015674591,-3.6516053676605225,-3.6454060077667236,-5.266507625579834,-4.840965747833252
193,-9.59012508392334,11.684746742248535,0.45034560561180115,-2.757676601409912,3.2986583709716797,3.6971404552459717,-2.2393898963928223,-2.7144200801849365,-15.235910415649414,-15.616189002990723,-4.5006818771362305,-4.164560794830322,-2.848053455352783,1.2115347385406494,-5.331109046936035,2.501641035079956,7.06000280380249,3.015150785446167,-1.0992740392684937,0.9033114910125732,-0.10169557482004166,-0.0982043668627739,-15.30571460723877,-15.38099479675293,-2.1987242698669434,2.727503538131714,0.09083858132362366,-0.5284520983695984,0.7612172365188599,0.975746750831604,-0.39820802211761475,-0.5745902061462402,-3.5651960372924805,-3.6333463191986084,-5.218267440795898,-4.965559482574463
194,-9.337596893310547,11.695185661315918,0.5914509296417236,-2.857301712036133,2.7063305377960205,3.6062443256378174,-1.9761505126953125,-3.3369550704956055,-14.853923797607422,-15.019140243530273,-4.484157562255859,-4.294097423553467,-3.1371331214904785,1.4699029922485352,-5.304174900054932,2.250563859939575,7.15143346786499,3.599890947341919,-1.8943006992340088,0.10236179828643799,-0.0943056046962738,0.06254753470420837,-15.29278564453125,-15.422564506530762,-2.214526414871216,2.7233364582061768,0.11621206998825073,-0.5466534495353699,0.6145609021186829,0.8021183609962463,-0.38281548023223877,-0.741868257522583,-3.4576475620269775,-3.5488240718841553,-5.227859020233154,-5.028645992279053
195,-9.23085880279541,11.600950241088867,0.7838937640190125,-2.952988624572754,2.1835293769836426,3.2758235931396484,-1.6483465433120728,-3.5632495880126953,-14.411931037902832,-15.043699264526367,-4.494804382324219,-4.302759170532227,-3.3547747135162354,2.251741886138916,-5.22619104385376,1.9907017946243286,7.151522636413574,3.8183517456054688,-2.640565872192383,-0.8374384045600891,-0.04476604983210564,0.044690653681755066,-15.196545600891113,-15.353597640991211,-2.209362506866455,2.7043635845184326,0.15521275997161865,-0.5668440461158752,0.4849584400653839,0.7112963199615479,-0.3133390545845032,-0.7582714557647705,-3.282945156097412,-3.527327299118042,-5.207854747772217,-5.117202281951904
196,-9.113286018371582,11.134458541870117,1.0913105010986328,-3.053081750869751,1.6558128595352173,3.1296138763427734,-1.7137911319732666,-3.9544894695281982,-13.84267807006836,-14.931138038635254,-4.586780548095703,-4.406588554382324,-3.7735941410064697,1.528681993484497,-5.382494926452637,1.5023131370544434,7.053689479827881,3.8838295936584473,-3.4048540592193604,-1.991896152496338,-0.042153872549533844,0.10593363642692566,-15.303624153137207,-15.402190208435059,-2.1908156871795654,2.629152536392212,0.2212565839290619,-0.5913223028182983,0.34268197417259216,0.703872799873352,-0.3925682008266449,-0.8929891586303711,-3.065455675125122,-3.493609666824341,-5.215789318084717,-5.19983434677124
197,-8.983277320861816,11.671259880065918,1.3384407758712769,-3.265336275100708,1.250788927078247,3.2443225383758545,-1.9370185136795044,-4.242761611938477,-13.28256893157959,-14.785959243774414,-4.486122131347656,-4.393152713775635,-3.911468029022217,2.3342597484588623,-5.133805274963379,1.2203726768493652,7.044286727905273,3.9937639236450195,-4.270322322845459,-3.260105609893799,-0.03446057066321373,0.04518014192581177,-15.127155303955078,-15.287556648254395,-2.204775094985962,2.7777698040008545,0.25473660230636597,-0.6591657400131226,0.25521209836006165,0.7705762386322021,-0.4792001247406006,-0.9863507747650146,-2.909296989440918,-3.4113919734954834,-5.2140583992004395,-5.265623569488525
198,-8.928717613220215,11.265883445739746,1.6732614040374756,-3.5167431831359863,0.7148367762565613,3.2158915996551514,-2.349713087081909,-4.667257308959961,-12.408740043640137,-14.550867080688477,-4.646790981292725,-4.509316444396973,-4.2937517166137695,1.2104231119155884,-5.248646259307861,0.5699753761291504,6.880956649780273,3.5809645652770996,-5.237563133239746,-4.728776931762695,-0.027287865057587624,0.09366777539253235,-15.27556037902832,-15.362621307373047,-2.198824167251587,2.6917948722839355,0.32561755180358887,-0.7174111008644104,0.09327827394008636,0.7454826235771179,-0.6251782774925232,-1.1620447635650635,-2.606637477874756,-3.349944829940796,-5.193191051483154,-5.246273517608643
199,-8.856687545776367,12.105804443359375,1.975187063217163,-3.895472526550293,0.3736230134963989,3.825418472290039,-3.066974639892578,-5.001934051513672,-11.39535140991211,-14.25961971282959,-4.502728462219238,-4.430417060852051,-4.183718681335449,2.536651611328125,-4.834435939788818,0.1735406517982483,6.81673526763916,4.1913743019104,-6.43843412399292,-6.255548000335693,-0.022728700190782547,-0.2541674077510834,-15.12826919555664,-15.304388999938965,-2.228330373764038,2.893420457839966,0.3708088994026184,-0.8323237299919128,0.037017032504081726,0.966334879398346,-0.882837176322937,-1.3133296966552734,-2.3174591064453125,-3.219492197036743,-5.183645725250244,-5.2004218101501465
200,-8.89229965209961,11.592281341552734,2.517777681350708,-4.417270660400391,-0.3262096643447876,3.539203643798828,-3.956678628921509,-5.54421854019165,-9.88197135925293,-13.682389259338379,-4.6292009353637695,-4.436588287353516,-4.695775032043457,1.0444141626358032,-4.978326320648193,-0.8584147095680237,6.58668327331543,3.616941213607788,-7.87491512298584,-8.045675277709961,-0.016971919685602188,0.06884154677391052,-15.47743034362793,-15.52172565460205,-2.2160470485687256,2.8394882678985596,0.5007493495941162,-0.9676848649978638,-0.1532919853925705,0.7992724776268005,-1.2086513042449951,-1.6008448600769043,-1.8689258098602295,-3.114847421646118,-5.146090984344482,-5.026591777801514
201,-8.680493354797363,12.631109237670898,2.9903671741485596,-4.825225830078125,-1.128989577293396,4.2108354568481445,-4.849610805511475,-5.858569622039795,-7.972545623779297,-13.2688627243042,-4.288222789764404,-4.179163932800293,-4.803410053253174,2.38557767868042,-4.409995079040527,-1.6628774404525757,6.415038585662842,4.399524211883545,-9.599013328552246,-9.888029098510742,-0.0008417796925641596,-0.27391940355300903,-15.397870063781738,-15.501709938049316,-2.19881272315979,3.035707473754883,0.5688387751579285,-1.0891159772872925,-0.2736094295978546,1.0649341344833374,-1.5745888948440552,-1.8176188468933105,-1.3789221048355103,-2.8708646297454834,-5.108156681060791,-4.88739013671875
202,-8.592516899108887,11.92879581451416,3.5218353271484375,-5.1259050369262695,-2.4920599460601807,3.7248191833496094,-5.802247047424316,-6.504770755767822,-4.379274845123291,-11.608894348144531,-4.349318981170654,-4.0495524406433105,-5.025810718536377,1.801435112953186,-4.163189888000488,-2.892606258392334,5.869218826293945,4.249311447143555,-11.666056632995605,-12.067112922668457,-0.004088845103979111,0.06053838133811951,-15.608732223510742,-15.639021873474121,-2.1808054447174072,2.8904306888580322,0.6866418719291687,-1.169874668121338,-0.5639350414276123,0.8243768215179443,-2.0919454097747803,-2.3384933471679688,-0.39685431122779846,-2.3348798751831055,-5.078884601593018,-4.452932834625244
203,-8.268203735351562,12.012657165527344,3.962094783782959,-5.194947719573975,-3.9039947986602783,3.736241579055786,-6.566537857055664,-6.9839253425598145,2.2269890308380127,-8.83198356628418,-4.128869533538818,-3.7133402824401855,-5.287320613861084,1.6234047412872314,-3.4262776374816895,-4.0998687744140625,5.420588493347168,4.17153263092041,-13.974332809448242,-14.40811824798584,1.9772688150405884,0.009660430252552032,-15.63649845123291,-15.646793365478516,-2.069382429122925,2.830658197402954,0.7571361660957336,-1.2189476490020752,-0.8234109878540039,0.8785656094551086,-2.7008659839630127,-2.919588327407837,1.3630788326263428,-1.406396508216858,-5.002492904663086,-3.9689342975616455
204,-7.525104522705078,10.94986629486084,4.426846504211426,-4.976705074310303,-5.863996505737305,3.4948458671569824,-6.866770267486572,-7.168304443359375,10.707345008850098,-2.6637444496154785,-3.9768810272216797,-3.29202938079834,-1.8271833658218384,1.4858492612838745,-2.4352171421051025,-5.216366767883301,3.464839220046997,4.132941246032715,-16.408384323120117,-17.044612884521484,13.948812484741211,-0.0071973539888858795,-15.578996658325195,-14.66657543182373,-1.8030122518539429,2.3277134895324707,0.8705427646636963,-1.1782655715942383,-1.2494010925292969,0.7793853878974915,-3.29366135597229,-3.5992822647094727,4.90379524230957,0.2869248390197754,-4.5714216232299805,-3.1294639110565186
205,-5.449204921722412,7.994564533233643,4.338546276092529,-5.321857929229736,-5.944461345672607,4.28156852722168,-6.730324745178223,-6.395747661590576,5.583424091339111,7.354925632476807,-3.4152491092681885,-2.90014910697937,0.29408809542655945,2.2153851985931396,-1.4109588861465454,-6.334990978240967,2.026282787322998,5.647305011749268,-18.97321128845215,-19.4007568359375,15.377388000488281,7.296867847442627,-14.339985847473145,-12.895821571350098,-0.7222722768783569,1.2915784120559692,0.8161170482635498,-1.419252872467041,-1.136008620262146,1.1349509954452515,-3.9475181102752686,-3.690800905227661,9.23142147064209,3.2356014251708984,-3.0553996562957764,-1.6654075384140015
206,-1.0244301557540894,3.8056015968322754,3.1945137977600098,-4.78049898147583,-6.391657829284668,4.3255228996276855,-6.118270397186279,-5.058660507202148,4.802441596984863,8.942326545715332,-2.983208417892456,-2.4211153984069824,2.226661205291748,1.4013817310333252,-0.7173460125923157,-7.274240970611572,3.1878817081451416,6.419154644012451,-20.630279541015625,-20.34156036376953,15.767057418823242,15.802745819091797,-12.469792366027832,-10.633432388305664,0.43659475445747375,0.2482542097568512,0.4836832880973816,-1.1843949556350708,-1.3189642429351807,1.1346346139907837,-4.617081165313721,-3.192260503768921,8.06509017944336,5.010005474090576,-1.4966148138046265,-0.829963207244873
207,2.5202584266662598,-0.43444928526878357,2.4034905433654785,-3.7105448246002197,-9.25021743774414,2.4861526489257812,-5.2746171951293945,-3.5612621307373047,4.524407863616943,3.69620943069458,-1.2355244159698486,0.37428152561187744,4.741994380950928,-0.2472514510154724,-0.2892199754714966,-7.609835147857666,-2.301572799682617,5.1304402351379395,-21.31300926208496,-20.504419326782227,15.687067985534668,15.696625709533691,-8.85800552368164,-5.561666011810303,1.0600833892822266,-0.6910375356674194,0.37645429372787476,-0.8322957754135132,-2.1231842041015625,0.34403806924819946,-4.261246681213379,-1.8546862602233887,7.290465354919434,5.650275230407715,0.3060770630836487,0.9994357824325562
208,5.837767124176025,-4.399497032165527,2.1167538166046143,-2.8294272422790527,-6.488804340362549,0.5336183905601501,-4.258954048156738,-1.508832573890686,4.585014820098877,3.929471969604492,9.87912368774414,15.01205062866211,7.712568759918213,-2.7881054878234863,-1.312898874282837,-6.4822611808776855,-6.170934677124023,3.9497594833374023,-22.35696792602539,-21.355894088745117,15.699162483215332,15.688116073608398,5.811075687408447,14.18204116821289,2.0713860988616943,-1.4693666696548462,0.3867340683937073,-0.6133188009262085,-1.2558248043060303,-0.2070569396018982,-2.967942714691162,-0.11305484920740128,6.691363334655762,4.98314905166626,3.1041016578674316,5.535176753997803
209,2.9680886268615723,-4.527647018432617,5.303548336029053,-1.4836446046829224,-7.396570205688477,-2.3586339950561523,-1.4877864122390747,5.348573207855225,4.567583084106445,4.076074123382568,9.960550308227539,4.83040189743042,9.439422607421875,-4.763848304748535,-0.03773412108421326,-6.442837715148926,-9.745461463928223,1.289869785308838,-21.721166610717773,-17.596647262573242,15.699075698852539,15.683023452758789,15.649812698364258,15.67158031463623,0.40729382634162903,-1.091006875038147,1.459594964981079,-0.12540782988071442,-2.3405826091766357,-0.7880827188491821,0.01735992729663849,1.75069260597229,6.7255120277404785,5.331333637237549,5.1618571281433105,5.649585247039795
210,1.2017126083374023,-4.943258762359619,7.586400985717773,-0.33900436758995056,-7.267888069152832,-6.387079238891602,7.018685340881348,15.178727149963379,4.61203670501709,4.132874488830566,3.837106704711914,4.022922992706299,9.731369972229004,-7.074305534362793,2.0207316875457764,-6.534884929656982,-11.413661003112793,-2.784482002258301,-17.257843017578125,-11.767345428466797,15.48230266571045,15.66301441192627,15.620718955993652,15.653382301330566,0.05150499567389488,-1.3263851404190063,1.9532350301742554,0.10835662484169006,-2.5710999965667725,-1.8540810346603394,2.2970128059387207,3.189311981201172,7.096828460693359,5.315295696258545,5.7063775062561035,5.6575541496276855
211,-0.3162212669849396,-3.2133564949035645,7.7945427894592285,-0.5709638595581055,-8.756204605102539,-9.744399070739746,18.005525588989258,19.59737777709961,4.855481147766113,4.164760112762451,4.267238616943359,4.157099723815918,8.928398132324219,-8.783541679382324,3.017504930496216,-6.552244663238525,-13.811066627502441,-7.565392971038818,-10.41572380065918,-4.888998508453369,15.521712303161621,15.672483444213867,15.52471923828125,15.627629280090332,-0.313552588224411,-0.6207597255706787,1.8673274517059326,-0.18568556010723114,-4.034389972686768,-3.1691458225250244,4.039496898651123,4.3399553298950195,7.064888954162598,5.280481338500977,6.283124923706055,5.422892093658447
212,-1.949608564376831,-1.5884860754013062,7.678036689758301,-0.6313133239746094,-8.92320442199707,-9.838346481323242,20.830839157104492,19.163293838500977,4.810207843780518,4.14880895614624,4.44908332824707,4.141709804534912,8.064164161682129,-9.146000862121582,3.350581169128418,-5.940227031707764,-16.34293556213379,-11.99109935760498,-3.471407175064087,0.9973852038383484,15.435338973999023,15.674144744873047,15.326401710510254,15.38499927520752,-0.47090861201286316,-0.18769428133964539,1.8156801462173462,-0.1718294471502304,-4.787531852722168,-3.4643828868865967,4.829338550567627,4.789731979370117,6.989063262939453,5.227281093597412,5.857110500335693,5.050288200378418
213,-2.9753358364105225,0.0023521860130131245,7.158327102661133,-0.6005458235740662,-8.101668357849121,-8.671245574951172,19.79194450378418,17.13224220275879,4.864817142486572,4.0732951164245605,4.5977959632873535,4.345959186553955,7.70735502243042,-7.41195821762085,5.10448694229126,-4.245582580566406,-18.381675720214844,-15.198372840881348,2.898238182067871,5.947240829467773,15.612713813781738,15.690567016601562,15.47423267364502,15.591519355773926,-0.5847316980361938,0.3000789284706116,1.6070148944854736,-0.14184711873531342,-5.028268337249756,-3.6390159130096436,5.430042266845703,5.023463249206543,6.727299213409424,4.934885025024414,5.470839023590088,5.030344486236572
214,-3.9839959144592285,2.381896495819092,6.074032306671143,0.5985230207443237,-7.206812858581543,-7.529845237731934,17.325624465942383,15.164342880249023,4.599964141845703,3.950706720352173,4.392045497894287,4.1741228103637695,5.323348522186279,-6.157124996185303,5.1219401359558105,-3.6421303749084473,-19.648515701293945,-17.408077239990234,7.35349178314209,9.333693504333496,15.583110809326172,15.700983047485352,15.613565444946289,15.579410552978516,-0.7507085204124451,0.6407869458198547,1.4045209884643555,0.27491939067840576,-5.297171115875244,-3.808929681777954,6.012259483337402,5.701918125152588,6.291342735290527,4.643252372741699,5.275874614715576,5.144102573394775
215,-3.530834674835205,3.0301713943481445,5.672779560089111,3.5436625480651855,-6.663220405578613,-6.464449882507324,15.205717086791992,13.731042861938477,4.505958080291748,3.87251877784729,4.237565517425537,4.214480876922607,3.5759212970733643,-4.179086685180664,5.92851448059082,-2.1866672039031982,-20.202754974365234,-18.813793182373047,10.458854675292969,11.798261642456055,15.637165069580078,15.579972267150879,15.66602611541748,15.699989318847656,-0.5800938010215759,0.586725115776062,1.3384618759155273,0.9985384941101074,-5.673776149749756,-3.6916353702545166,6.533106327056885,6.372198104858398,5.769471168518066,4.551730632781982,5.288486003875732,5.2323899269104
216,-2.262590169906616,2.8414297103881836,5.281089782714844,5.733100414276123,-6.5994086265563965,-5.101424217224121,13.536794662475586,12.539826393127441,4.291111469268799,3.929637908935547,4.186582088470459,4.064104080200195,2.7677628993988037,-1.962348222732544,7.132636070251465,-0.23067982494831085,-20.765331268310547,-19.60004425048828,12.455279350280762,13.415412902832031,15.685636520385742,15.587255477905273,15.673931121826172,15.699207305908203,-0.2743922173976898,0.4981178939342499,1.3138413429260254,1.4001152515411377,-6.446227073669434,-2.7736613750457764,6.930912017822266,6.871796607971191,5.2444167137146,4.478633880615234,5.320950031280518,5.028364181518555
217,1.8468549251556396,3.4722418785095215,5.997313976287842,6.033000469207764,-6.369292259216309,-2.3766467571258545,12.329276084899902,11.571370124816895,4.163880825042725,3.835817813873291,4.193289756774902,3.9733946323394775,3.845669984817505,0.9452568888664246,9.491118431091309,2.295535087585449,-21.08976936340332,-19.65404510498047,13.7274169921875,14.37978458404541,15.693094253540039,15.65287971496582,15.592254638671875,15.685140609741211,0.96076500415802,0.7604736089706421,1.8303253650665283,1.3164424896240234,-6.621009826660156,-0.45842811465263367,6.998485088348389,6.809470176696777,5.172171592712402,4.2628560066223145,5.387120246887207,4.7324748039245605
218,4.581953525543213,5.659743309020996,7.420869827270508,5.465408802032471,-5.518569469451904,11.504318237304688,11.262985229492188,10.642959594726562,4.220477104187012,3.5926613807678223,4.348604679107666,3.8621745109558105,5.89047908782959,4.466370582580566,12.4794282913208,4.80331563949585,-21.083818435668945,-16.0664119720459,14.468482971191406,14.8788423538208,15.681318283081055,15.678742408752441,15.538034439086914,15.588652610778809,1.5318878889083862,1.568906545639038,2.877584934234619,1.1992974281311035,-4.313606262207031,3.957554817199707,6.301841735839844,5.95634651184082,5.611612319946289,3.8150200843811035,5.727630138397217,4.427370548248291
219,-0.5569008588790894,9.062524795532227,8.272435188293457,6.243177890777588,0.27195945382118225,23.861371994018555,10.026908874511719,8.486701011657715,4.363523960113525,3.120802402496338,4.375109672546387,3.8242757320404053,6.7058210372924805,8.79179859161377,15.353816032409668,7.183663845062256,-19.661643981933594,-9.034001350402832,14.740402221679688,14.909605026245117,15.68327522277832,13.418038368225098,15.617215156555176,15.661828994750977,-0.8653117418289185,3.1775052547454834,4.028193473815918,1.7659945487976074,2.8021275997161865,7.070053577423096,4.936534404754639,3.34798264503479,6.193580150604248,2.8963143825531006,5.454278469085693,4.200299263000488
220,-9.524450302124023,9.426324844360352,4.953876972198486,3.419151544570923,22.441286087036133,25.540307998657227,6.156375885009766,2.099433660507202,4.647120952606201,-8.221020698547363,4.182491302490234,3.4617161750793457,4.188481330871582,0.9874477386474609,15.348627090454102,6.9099955558776855,-13.113860130310059,-2.234951972961426,13.886070251464844,13.352365493774414,14.811840057373047,1.8724775314331055,15.291399002075195,15.728086471557617,-2.8342854976654053,3.5832388401031494,1.539231300354004,0.5084792375564575,9.039246559143066,8.701446533203125,1.4956756830215454,-0.8604723215103149,8.242576599121094,-4.6169233322143555,5.002715587615967,3.4995949268341064
221,-14.446796417236328,15.62020492553711,-3.1055748462677,-0.44347861409187317,27.474058151245117,21.76892852783203,-3.0312533378601074,-12.844656944274902,-9.66971492767334,-16.14739418029785,4.443758964538574,3.3329646587371826,-1.2568354606628418,2.8126420974731445,13.960798263549805,6.186955451965332,0.11817806214094162,2.912766695022583,11.261181831359863,9.074254989624023,-10.772909164428711,-11.061925888061523,15.687749862670898,15.570188522338867,-3.8834688663482666,4.768441677093506,-2.177294969558716,-0.7247108221054077,10.008695602416992,6.463943004608154,-2.515597105026245,-4.562756061553955,-15.949377059936523,-7.117363929748535,5.02156400680542,3.607663869857788
222,-6.546066761016846,14.022021293640137,-11.408556938171387,-6.611536502838135,20.61949920654297,17.54473876953125,-5.5690107345581055,-16.484498977661133,-6.869992733001709,-6.569136142730713,3.880279064178467,3.5983238220214844,3.877040386199951,1.649431586265564,9.895073890686035,3.2741613388061523,2.5716559886932373,3.1404762268066406,8.943779945373535,4.8429083824157715,-7.952437877655029,-10.72200870513916,15.631714820861816,15.525651931762695,-0.5892298221588135,3.5540196895599365,-2.5467615127563477,-1.873268961906433,7.634540557861328,5.199549674987793,-1.093668818473816,-3.6105775833129883,-6.774496078491211,-3.4000940322875977,4.374012470245361,4.08724308013916
223,-12.664299011230469,13.367280960083008,-10.681224822998047,-2.5828912258148193,18.806907653808594,17.269493103027344,-3.2619571685791016,-8.642202377319336,-10.778983116149902,-7.589267253875732,3.924419403076172,3.8588287830352783,1.392881155014038,0.23530526459217072,5.763125419616699,0.5876837372779846,3.4701778888702393,3.7094571590423584,7.705743312835693,2.8423328399658203,-9.11983585357666,-10.989670753479004,15.643998146057129,15.652978897094727,-3.2717130184173584,3.003220796585083,-1.7123160362243652,-0.045265331864356995,6.288206577301025,5.3860321044921875,-0.2982771694660187,-0.8003180027008057,-5.827780723571777,-4.471403121948242,4.621158123016357,4.609476089477539
224,-14.106966018676758,13.498689651489258,-8.474138259887695,0.22637850046157837,15.8193359375,15.028213500976562,-3.574467420578003,-3.0227901935577393,-10.541275978088379,-7.637868404388428,3.8703391551971436,3.8864095211029053,-0.3284607529640198,-0.3042108118534088,3.148456573486328,-0.6943554878234863,4.795340538024902,4.426900863647461,6.370224952697754,2.100559711456299,-11.03558349609375,-11.720582962036133,15.64183235168457,15.590229034423828,-3.5472793579101562,2.999715566635132,-1.3336502313613892,0.38844382762908936,3.938789129257202,3.7990822792053223,-0.6168532371520996,0.0719381794333458,-6.147934913635254,-4.416198253631592,4.480390548706055,4.783322334289551
225,-13.643473625183105,12.618142127990723,-7.628003120422363,2.5116093158721924,12.456411361694336,10.808862686157227,-0.6765189170837402,0.753472626209259,-9.044318199157715,-7.2648539543151855,3.929520845413208,4.0235419273376465,-2.113677740097046,-0.4906194806098938,1.142138123512268,-1.3622946739196777,5.912899017333984,4.790956020355225,5.824381351470947,2.1551156044006348,-12.236593246459961,-12.557894706726074,15.635113716125488,15.618313789367676,-3.227069616317749,2.5816822052001953,-1.3929779529571533,0.7950380444526672,2.8634250164031982,2.0615906715393066,0.19344553351402283,0.6422308683395386,-6.401540756225586,-4.67768669128418,4.7410359382629395,4.883111953735352
226,-12.239455223083496,11.45871639251709,-7.036806583404541,4.195472240447998,9.651418685913086,7.055950164794922,0.636893093585968,2.8437602519989014,-7.9901251792907715,-6.7545318603515625,3.977036714553833,4.01332950592041,-2.7273786067962646,-0.6125097870826721,-0.023426223546266556,-2.0179169178009033,6.373422622680664,4.289578437805176,5.566552639007568,7.367832660675049,-12.593318939208984,-12.92371940612793,15.581045150756836,0.011605892330408096,-2.8547310829162598,2.250237464904785,-1.3772046566009521,1.0266287326812744,2.170138120651245,1.1287306547164917,0.33826345205307007,0.9247763156890869,-6.505899429321289,-4.967187881469727,4.809511184692383,4.817150592803955
227,-10.437342643737793,11.221447944641113,-6.864603519439697,4.48109769821167,7.413698196411133,5.581033229827881,0.9581100940704346,2.9589834213256836,-7.731172561645508,-6.627493381500244,3.889521360397339,16.34257698059082,-3.2933361530303955,-0.6770456433296204,-1.1621650457382202,-1.8288216590881348,6.646828651428223,4.215648651123047,5.399444103240967,8.00242805480957,-13.155607223510742,-13.527677536010742,15.629253387451172,0.010757431387901306,-2.2226970195770264,2.3380727767944336,-1.4284589290618896,0.8746360540390015,1.5918011665344238,1.0686860084533691,0.286896288394928,0.908759593963623,-6.708073616027832,-5.271570205688477,4.292862415313721,3.6148974895477295
228,-8.770557403564453,10.731880187988281,-5.457944869995117,3.7667698860168457,5.150618553161621,3.9994351863861084,1.4310929775238037,1.90395987033844,-7.215560436248779,-6.0850725173950195,3.824307680130005,15.199501037597656,-3.9341304302215576,0.021854877471923828,-1.1993714570999146,-1.7391839027404785,6.6948347091674805,4.683248519897461,10.192992210388184,8.409448623657227,-13.840495109558105,-14.455574989318848,0.018728312104940414,0.004596952348947525,-1.8411107063293457,2.1753265857696533,-0.9908077120780945,0.6274317502975464,0.9626675844192505,0.687315046787262,0.4257349967956543,0.3426884114742279,-6.8381147384643555,-5.1103339195251465,4.390107154846191,3.3670432567596436
229,-8.533199310302734,10.043062210083008,-4.7421441078186035,4.457641124725342,3.7920148372650146,1.1864129304885864,-1.0044969320297241,0.6467989087104797,-6.539346694946289,-5.231703758239746,13.726788520812988,12.961516380310059,-4.629711151123047,-0.4717487692832947,-2.300973892211914,-1.538814902305603,6.384675025939941,3.9397315979003906,9.854899406433105,8.31179141998291,-14.23018741607666,-14.469782829284668,0.07477647066116333,0.11364606767892838,-2.0859570503234863,2.0759096145629883,-0.9002110958099365,0.9437286853790283,0.750496506690979,-0.15181994438171387,-0.48435986042022705,-0.04660848528146744,-6.920428276062012,-5.122071743011475,2.4832165241241455,2.5074026584625244
230,-7.454300880432129,10.131780624389648,-2.1474225521087646,3.2999463081359863,3.746582269668579,0.7338621020317078,-4.170782089233398,-3.0638844966888428,-6.104304313659668,-5.319425106048584,12.70813274383545,11.732158660888672,-4.495884895324707,-1.5228898525238037,-2.5724706649780273,-0.8754192590713501,6.298925399780273,3.208406925201416,8.99337100982666,7.604387283325195,-14.488149642944336,-13.971556663513184,-0.04156768321990967,0.03473885357379913,-1.697779655456543,2.1176435947418213,-0.11655431985855103,0.4863243103027344,0.9474859237670898,0.09413719922304153,-0.9604499936103821,-0.9320025444030762,-6.687376976013184,-5.458433628082275,2.675936460494995,2.3914191722869873
231,-6.868364334106445,10.855805397033691,-1.593967318534851,2.5492029190063477,3.38948130607605,0.9118340015411377,-4.626931190490723,-4.617530345916748,-5.832458019256592,-5.827460289001465,12.363214492797852,11.388128280639648,-3.9732401371002197,0.08788904547691345,-2.382005214691162,0.1481332629919052,6.309596061706543,3.250499963760376,8.048293113708496,6.706707954406738,-14.645566940307617,-14.768635749816895,0.009772762656211853,0.02059115469455719,-1.5731239318847656,2.2771871089935303,-0.27125322818756104,0.4081491231918335,0.8025110960006714,0.22780196368694305,-0.7755258679389954,-0.9202094078063965,-6.732385158538818,-5.427611827850342,2.6648757457733154,2.4236204624176025
232,-6.792088508605957,9.69383430480957,-1.2279667854309082,2.0993754863739014,2.6070640087127686,1.0187467336654663,-5.071119785308838,-5.45851993560791,-5.6483845710754395,-5.081579208374023,11.726457595825195,10.650914192199707,-4.243461608886719,0.08862031251192093,-2.5879743099212646,0.858981728553772,6.383577346801758,3.097120523452759,7.0018463134765625,5.5718817710876465,-15.00516414642334,-14.554096221923828,-0.002013762481510639,0.04841415584087372,-1.5897194147109985,1.9709535837173462,-0.2122524082660675,0.3737509250640869,0.5302035212516785,0.24483129382133484,-0.8684991002082825,-1.0118134021759033,-6.621521949768066,-5.441783905029297,2.4706485271453857,2.1761345863342285
233,-6.388417720794678,9.793514251708984,-1.2376508712768555,1.6565288305282593,2.3823366165161133,1.440029263496399,-4.74206018447876,-5.511516094207764,-5.262678623199463,-5.315513610839844,11.188372611999512,10.100993156433105,-3.8236234188079834,0.5384191274642944,-2.7388358116149902,1.6335535049438477,6.162195205688477,3.1347126960754395,5.995786666870117,4.461045742034912,-14.836020469665527,-14.70659351348877,0.009717815555632114,0.03874199092388153,-1.4829463958740234,2.1088268756866455,-0.2738679051399231,0.28745371103286743,0.5708481669425964,0.38363730907440186,-0.755316436290741,-0.9685018062591553,-6.59713077545166,-5.523494720458984,2.340907573699951,2.07938814163208
234,-6.650625228881836,9.637056350708008,-1.0504781007766724,1.3280805349349976,2.3831138610839844,1.9318175315856934,-5.094255447387695,-5.6454548835754395,-5.418604373931885,-5.177122592926025,10.330216407775879,9.440038681030273,-3.5293169021606445,-0.1531534194946289,-3.081084728240967,2.2605490684509277,5.975490570068359,2.9959142208099365,4.911971569061279,3.2828421592712402,-14.869866371154785,-14.505457878112793,-0.019691724330186844,0.04471619427204132,-1.6077971458435059,2.088634490966797,-0.20479649305343628,0.24094964563846588,0.5989405512809753,0.5067253112792969,-0.9144341945648193,-1.0352587699890137,-6.5083513259887695,-5.513947486877441,2.079244375228882,1.89984130859375
235,-6.847846508026123,10.393316268920898,-0.9682967066764832,0.8436132073402405,2.603402853012085,2.47780179977417,-4.969123840332031,-5.6075544357299805,-5.3608784675598145,-5.356729507446289,9.312651634216309,9.01044750213623,-3.184351921081543,1.4459038972854614,-3.2439634799957275,2.965737819671631,5.946781158447266,3.5125508308410645,3.8664281368255615,2.2104315757751465,-14.901901245117188,-15.071810722351074,0.03708576038479805,0.026744253933429718,-1.6326732635498047,2.307713031768799,-0.2056189477443695,0.11682309210300446,0.688078761100769,0.6335175633430481,-0.8672990202903748,-1.0467745065689087,-6.423911094665527,-5.4465227127075195,1.807245135307312,1.8372817039489746
236,-7.144267559051514,9.561559677124023,-0.615215003490448,0.703848659992218,2.731198787689209,2.6183176040649414,-5.0954413414001465,-5.4534711837768555,-5.284487247467041,-4.794213771820068,7.3701982498168945,8.017375946044922,-3.2479395866394043,-2.3181099891662598,-3.986375093460083,3.195758581161499,5.933454513549805,1.6352519989013672,2.768789768218994,0.9580680131912231,-14.976987838745117,-14.053216934204102,-0.10381464660167694,0.06693241000175476,-1.6991963386535645,2.098392963409424,-0.08602327108383179,0.1386844664812088,0.7067283391952515,0.624841570854187,-0.9482010006904602,-1.0357615947723389,-6.236594200134277,-5.397390842437744,1.249434232711792,1.5231196880340576
237,-7.608457565307617,12.73751163482666,-0.9264110922813416,-0.02541152760386467,3.0511131286621094,4.739455223083496,-4.413633823394775,-5.154897212982178,-5.171785831451416,-5.725313663482666,5.725876331329346,8.011675834655762,-2.8331212997436523,-0.38904547691345215,-3.878875970840454,3.9492170810699463,6.009281158447266,2.5933384895324707,1.9501193761825562,0.17224913835525513,-14.844171524047852,0.03256058692932129,-0.05686502158641815,0.03492859750986099,-1.870530605316162,2.93231463432312,-0.2642853260040283,-0.11178235709667206,0.8211796879768372,1.3081070184707642,-0.7515644431114197,-1.0028560161590576,-6.137763500213623,-5.27422571182251,0.926093339920044,1.676779866218567
238,-8.522387504577637,11.182455062866211,-0.2977719306945801,-0.026683367788791656,3.35565185546875,4.693081855773926,-5.3349456787109375,-4.084671497344971,-5.314499855041504,-18.649213790893555,2.8160879611968994,7.112610816955566,-2.7316603660583496,0.5087259411811829,-4.125296592712402,4.272156238555908,6.210057735443115,3.142368793487549,0.8737788796424866,-0.5890248417854309,-14.930845260620117,0.03215603530406952,-0.013395983725786209,0.04963547736406326,-2.1343421936035156,2.263101100921631,0.02843761257827282,-0.004799827933311462,0.9017734527587891,1.0612963438034058,-1.153834581375122,-0.6926640272140503,-6.253673553466797,-4.8978776931762695,0.17660540342330933,1.338234782218933
239,-8.671638488769531,10.994304656982422,-0.3656824827194214,-0.6783875823020935,2.3064935207366943,4.5196533203125,-6.2179694175720215,-4.832034587860107,-5.1747660636901855,-17.548494338989258,-4.156134128570557,3.533308506011963,-3.2166757583618164,0.6330137848854065,-4.298921585083008,4.278822422027588,6.255565643310547,3.5976665019989014,1.251848578453064,-1.4910000562667847,-15.069557189941406,0.04604943096637726,-5.058384418487549,0.04277715086936951,-2.0445704460144043,2.457770347595215,-0.09569042921066284,-0.19498996436595917,0.4107001721858978,1.0128169059753418,-1.3848755359649658,-1.1221498250961304,-5.976771831512451,-4.211581230163574,-1.8508046865463257,0.23087343573570251
240,-8.700102806091309,11.282341003417969,-1.0767772197723389,-0.05013918876647949,2.4125397205352783,3.5184860229492188,-4.050882339477539,-2.263578176498413,-4.859644412994385,-16.424388885498047,-9.289826393127441,-3.2186477184295654,-3.0073342323303223,0.9884650111198425,-4.03001594543457,4.04883337020874,6.172468185424805,3.9647746086120605,3.688544511795044,-0.11607547849416733,-14.994637489318848,0.1357961893081665,-15.487638473510742,-5.685275077819824,-2.105865716934204,2.5823538303375244,-0.36294758319854736,0.06458045542240143,0.6314539909362793,0.6635466814041138,-0.49249839782714844,-0.13675710558891296,-5.297285556793213,-3.7693750858306885,-4.71442174911499,-1.6021826267242432
241,-9.793463706970215,11.371498107910156,-1.5192348957061768,0.17393872141838074,3.1579246520996094,3.60528826713562,-1.942580223083496,-0.03927494212985039,-4.826401710510254,-15.943260192871094,-3.7695560455322266,-8.279220581054688,-1.3167405128479004,0.05308365821838379,-4.71181058883667,3.416428804397583,5.400181293487549,3.161435842514038,3.1713273525238037,3.030374765396118,-0.00030281394720077515,0.13069075345993042,-15.607531547546387,-15.662909507751465,-2.5525479316711426,2.625375986099243,-0.41830432415008545,0.07284967601299286,0.9300773739814758,0.8607529401779175,-0.058290816843509674,0.30482402443885803,-5.166772842407227,-3.7117226123809814,-5.416740894317627,-4.346301555633545
242,-9.847186088562012,12.047473907470703,0.1376100778579712,-2.1310198307037354,4.769654750823975,3.678257465362549,-5.46063756942749,-1.0330595970153809,-18.15161895751953,-15.46731185913086,-4.0131144523620605,-3.4026331901550293,-2.237914562225342,1.0444239377975464,-4.746047019958496,3.3845248222351074,6.62216329574585,3.215416669845581,1.932332158088684,2.781597375869751,-0.1648375391960144,0.012616053223609924,-15.597583770751953,-15.433710098266602,-2.113647222518921,2.7242259979248047,0.2738489508628845,-0.669215202331543,1.4523369073867798,0.8247079849243164,-1.4613159894943237,-0.30803921818733215,-4.529524326324463,-3.568387746810913,-5.3204026222229,-4.81040620803833
243,-9.09062671661377,11.763321876525879,-0.18522246181964874,-2.530442953109741,3.6942338943481445,3.1765992641448975,-3.735792636871338,-2.579237222671509,-16.496126174926758,-14.937505722045898,-4.1215105056762695,-3.9076433181762695,-1.832959532737732,0.9668736457824707,-4.863840103149414,3.308627128601074,6.606109619140625,3.451263904571533,0.8770886063575745,2.2567903995513916,0.03371201455593109,0.013021290302276611,-15.60556697845459,-15.543113708496094,-2.015697717666626,2.7209932804107666,-0.08917346596717834,-0.5049852728843689,0.8117246031761169,0.641470730304718,-0.5134915709495544,-0.6663018465042114,-3.7654037475585938,-3.4288222789764404,-5.1594977378845215,-4.683391094207764
244,-9.501388549804688,11.872902870178223,0.022498786449432373,-2.807673215866089,3.5302343368530273,3.204756259918213,-2.8935089111328125,-2.6950297355651855,-16.068607330322266,-14.920978546142578,-4.161184787750244,-3.9682345390319824,-1.5738940238952637,1.7450443506240845,-4.891155242919922,3.1884803771972656,6.3491644859313965,3.467773675918579,-0.03406964987516403,1.6802666187286377,-0.06663074344396591,0.0020508691668510437,-15.617544174194336,-15.536120414733887,-2.213362455368042,2.7365128993988037,0.035776287317276,-0.5423091650009155,0.8864944577217102,0.7384138703346252,-0.4707035422325134,-0.5230283737182617,-3.7753257751464844,-3.5163257122039795,-5.190090179443359,-4.770994663238525
245,-9.712979316711426,11.403157234191895,0.3367900252342224,-2.912848949432373,3.562441110610962,3.385348081588745,-2.356227397918701,-3.0348572731018066,-15.643111228942871,-14.980585098266602,-4.1773295402526855,-4.064595699310303,-0.9800440073013306,0.882993221282959,-5.0641608238220215,2.8969762325286865,5.816999912261963,3.08502197265625,-1.0256956815719604,0.9255716800689697,-0.003647979348897934,0.03229862451553345,-15.288979530334473,-15.509320259094238,-2.2186083793640137,2.6480579376220703,0.09400087594985962,-0.5430708527565002,0.9131919145584106,0.8003926277160645,-0.41247719526290894,-0.6275618076324463,-3.710050582885742,-3.558074712753296,-5.226311206817627,-4.877153396606445
246,-10.245070457458496,11.999722480773926,0.5857460498809814,-3.015758752822876,3.8883681297302246,3.8984830379486084,-1.9705058336257935,-2.978060245513916,-15.50592041015625,-15.003049850463867,-4.495622634887695,-4.134895324707031,-1.9286754131317139,2.9332451820373535,-5.052180290222168,2.5858893394470215,6.481273174285889,4.2606730461120605,-1.7754027843475342,0.23941904306411743,-0.003520535072311759,-0.2757348120212555,-15.21139907836914,-15.449871063232422,-2.3391897678375244,2.7957093715667725,0.12853366136550903,-0.5685743689537048,1.0203746557235718,0.950487494468689,-0.36622709035873413,-0.5827876329421997,-3.681997776031494,-3.5427660942077637,-5.219577789306641,-4.9142746925354
247,-9.800154685974121,11.078219413757324,0.8659830093383789,-3.0765981674194336,3.2056539058685303,2.995635986328125,-1.544547438621521,-3.520014762878418,-15.151287078857422,-14.788545608520508,-4.587219715118408,-4.248551845550537,-2.7484941482543945,1.4571610689163208,-5.297664642333984,2.003469705581665,6.7686285972595215,3.7973108291625977,-2.469075918197632,-0.729722797870636,-0.1261056661605835,0.1173258125782013,-15.315237045288086,-15.448933601379395,-2.232374906539917,2.707611322402954,0.18041032552719116,-0.5805351734161377,0.7248233556747437,0.587073802947998,-0.27543210983276367,-0.7860991358757019,-3.5221219062805176,-3.5515635013580322,-5.276939868927002,-5.0699334144592285
248,-9.4629487991333,12.077292442321777,0.9575117826461792,-3.2561628818511963,2.6459360122680664,3.3198883533477783,-1.5602384805679321,-3.775418996810913,-14.680120468139648,-14.960661888122559,-4.4908952713012695,-4.299990653991699,-2.9762215614318848,2.8961219787597656,-5.073583126068115,1.7340779304504395,6.916312217712402,4.406800270080566,-3.2032599449157715,-1.7596887350082397,-0.11454049497842789,-0.2875269949436188,-15.15980339050293,-15.325333595275879,-2.228346586227417,2.919297456741333,0.17261111736297607,-0.6438906192779541,0.5963173508644104,0.8090108633041382,-0.348341703414917,-0.832713782787323,-3.3909711837768555,-3.480729579925537,-5.254329204559326,-5.175704479217529
249,-9.381452560424805,11.329354286193848,1.2449028491973877,-3.417602300643921,2.072866201400757,2.712883234024048,-1.7015825510025024,-4.123042106628418,-14.050261497497559,-14.53507137298584,-4.640869617462158,-4.4340410232543945,-3.15067720413208,2.058224678039551,-5.201410293579102,1.1727280616760254,6.761519908905029,4.101681232452393,-4.006782054901123,-3.033567190170288,-0.06531551480293274,0.09673584997653961,-15.211149215698242,-15.3494234085083,-2.2365882396698,2.767102003097534,0.2467762529850006,-0.6746812462806702,0.4432559907436371,0.5554092526435852,-0.4091531038284302,-0.9567874670028687,-3.1356008052825928,-3.437337636947632,-5.263950824737549,-5.168890953063965
250,-9.331865310668945,11.913765907287598,1.5135548114776611,-3.6822941303253174,1.8523130416870117,2.944490432739258,-2.1125035285949707,-4.2374067306518555,-13.342045783996582,-14.576860427856445,-4.592713832855225,-4.427242279052734,-3.4197757244110107,2.78792667388916,-4.971194744110107,0.7203435301780701,6.900934219360352,4.417913436889648,-4.928936958312988,-4.328149795532227,-0.03582417964935303,-0.22986438870429993,-15.0586519241333,-15.23863697052002,-2.242069959640503,2.9154956340789795,0.28849852085113525,-0.7570235133171082,0.43875470757484436,0.7181231379508972,-0.5610494613647461,-1.0018043518066406,-2.8960084915161133,-3.335864305496216,-5.260469913482666,-5.201161861419678
251,-9.245162010192871,11.725753784179688,1.8987762928009033,-4.10445499420166,1.2864285707473755,2.726207971572876,-2.7997825145721436,-4.725183963775635,-12.333718299865723,-14.062994003295898,-4.731784820556641,-4.513950347900391,-3.635262966156006,3.417496919631958,-4.808537483215332,0.07188965380191803,6.859749794006348,4.8022050857543945,-6.042130470275879,-5.78879976272583,-0.027511879801750183,-0.11209312081336975,-15.01275634765625,-15.222201347351074,-2.2431094646453857,2.931504487991333,0.37191277742385864,-0.8735349774360657,0.23804150521755219,0.6139907240867615,-0.7986910939216614,-1.2392067909240723,-2.5602452754974365,-3.238645315170288,-5.2404961585998535,-5.110522270202637
252,-9.06468677520752,11.662513732910156,2.4432661533355713,-4.6694536209106445,0.7584808468818665,2.426920175552368,-3.774064779281616,-5.279479026794434,-10.839685440063477,-13.736518859863281,-4.766240119934082,-4.48449182510376,-3.687776803970337,2.58601975440979,-4.730414867401123,-0.8390255570411682,6.652392864227295,4.504577159881592,-7.471442222595215,-7.489462375640869,-0.021137384697794914,0.05817835032939911,-15.134516716003418,-15.299922943115234,-2.1921753883361816,3.018829345703125,0.48668575286865234,-1.034704327583313,0.10492418706417084,0.5388634204864502,-1.1499816179275513,-1.4911255836486816,-2.1002094745635986,-3.086191177368164,-5.214834690093994,-4.9711012840271
253,-9.073711395263672,12.436649322509766,2.857927083969116,-5.119363784790039,0.28596749901771545,2.6532464027404785,-4.719120502471924,-5.616476058959961,-8.91009521484375,-13.155447959899902,-4.642650604248047,-4.3427510261535645,-3.820756673812866,2.563927412033081,-4.4204607009887695,-1.8508317470550537,6.552115440368652,4.585853576660156,-9.186808586120605,-9.297245025634766,-0.015063527040183544,0.010770902037620544,-15.181357383728027,-15.336518287658691,-2.2247297763824463,3.1973531246185303,0.5447930693626404,-1.1570990085601807,-0.008614497259259224,0.6593410968780518,-1.5130199193954468,-1.6899991035461426,-1.5831669569015503,-2.8291702270507812,-5.194336891174316,-4.786282062530518
254,-9.111268043518066,12.674820899963379,3.3151023387908936,-5.443231105804443,-0.8246652483940125,2.398059129714966,-5.633716583251953,-6.149931907653809,-5.482354640960693,-11.743112564086914,-4.58539342880249,-4.16981840133667,-4.12000036239624,2.3302266597747803,-4.180872440338135,-3.1657140254974365,6.23567533493042,4.619611740112305,-11.195239067077637,-11.328316688537598,-0.000687803840264678,0.003672618418931961,-15.37791633605957,-15.473246574401855,-2.2591965198516846,3.233269214630127,0.6381183862686157,-1.2605098485946655,-0.27500808238983154,0.5292263031005859,-1.9743505716323853,-2.0983822345733643,-0.6435509920120239,-2.3389883041381836,-5.157327175140381,-4.421349048614502
255,-8.969883918762207,12.766097068786621,3.7389352321624756,-5.415335655212402,-2.396541118621826,1.8790600299835205,-6.460676193237305,-6.753815650939941,0.9085436463356018,-8.849352836608887,-4.381448268890381,-3.8049168586730957,-4.243500709533691,1.9018592834472656,-3.713195323944092,-4.482510566711426,5.706668376922607,4.471600532531738,-13.517544746398926,-13.628286361694336,1.0862364768981934,-0.005183227360248566,-15.529402732849121,-15.587841987609863,-2.225264310836792,3.1729466915130615,0.7143502831459045,-1.2742927074432373,-0.5742965936660767,0.3634234070777893,-2.578730344772339,-2.6806535720825195,1.0515695810317993,-1.4265905618667603,-5.100517749786377,-3.8676416873931885
256,-8.410122871398926,12.115159034729004,4.187923431396484,-5.176230430603027,-4.209460258483887,1.5658386945724487,-6.88742733001709,-7.095676422119141,10.063693046569824,-3.000521659851074,-4.153737545013428,-3.3143723011016846,-2.2321670055389404,2.5677828788757324,-2.761979103088379,-5.688755512237549,4.1435160636901855,4.770319938659668,-15.911738395690918,-16.120590209960938,11.825889587402344,-0.03307484835386276,-15.522592544555664,-14.935791015625,-1.9885417222976685,2.7387521266937256,0.8129624128341675,-1.2490041255950928,-0.9266477227210999,0.3175320625305176,-3.2200605869293213,-3.349820852279663,4.352998733520508,0.1793525218963623,-4.800882816314697,-3.1225473880767822
257,-6.680150508880615,8.962532997131348,4.572969436645508,-5.341516494750977,-4.539125442504883,1.6079440116882324,-6.877301216125488,-6.725399971008301,7.320592880249023,7.310189247131348,-3.5810351371765137,-2.7563984394073486,0.4183340072631836,3.098073720932007,-1.6353156566619873,-6.759120464324951,2.754645824432373,5.427387714385986,-18.501893997192383,-18.741443634033203,15.261638641357422,7.312072277069092,-14.628737449645996,-13.135422706604004,-1.1204441785812378,1.601016879081726,0.9103527665138245,-1.426774024963379,-0.8678823113441467,0.3926272988319397,-3.897615909576416,-3.7193331718444824,9.276389122009277,3.2779901027679443,-3.2582595348358154,-1.681060552597046
258,-3.895681619644165,4.449435234069824,4.224760055541992,-4.605901718139648,-4.526515483856201,1.8837740421295166,-6.378284454345703,-5.380520343780518,4.921082496643066,9.143696784973145,-3.009399175643921,-2.307635545730591,2.3438024520874023,2.074767589569092,-0.7378510236740112,-7.6447343826293945,2.19193172454834,5.477652072906494,-20.426166534423828,-20.030298233032227,15.967755317687988,15.886075973510742,-12.943605422973633,-10.7656888961792,-0.3192210793495178,0.347489595413208,0.7844062447547913,-1.1225965023040771,-0.8598126173019409,0.5133154988288879,-4.683195114135742,-3.2608821392059326,8.667509078979492,5.34004545211792,-1.6582633256912231,-0.7971415519714355
259,0.37280648946762085,-0.7103033661842346,3.734569549560547,-3.418492555618286,-6.103601455688477,0.8268446326255798,-5.403491973876953,-3.670440673828125,4.333267688751221,3.7023696899414062,-1.3928920030593872,0.9785416722297668,3.239251136779785,-0.670576810836792,-0.013092249631881714,-7.845826148986816,-1.3461600542068481,3.2887935638427734,-21.071531295776367,-20.279611587524414,15.669634819030762,15.580229759216309,-9.50732707977295,-4.908588886260986,0.6512018442153931,-0.893433690071106,0.6856186985969543,-0.7415651679039001,-1.3819981813430786,0.030509119853377342,-4.293447494506836,-1.8454065322875977,7.494750022888184,5.9296159744262695,0.17249637842178345,1.1237339973449707
260,4.831331729888916,-5.136631488800049,2.9977951049804688,-2.3357203006744385,-4.982658863067627,-0.864618182182312,-4.332267761230469,-1.4135737419128418,4.624832630157471,4.099034309387207,9.525299072265625,14.918121337890625,5.632471084594727,-3.6910343170166016,-0.8204528093338013,-6.612569332122803,-4.446140289306641,1.6262943744659424,-22.174755096435547,-21.183298110961914,15.699475288391113,15.687576293945312,4.817557334899902,14.654390335083008,1.8392159938812256,-1.7377012968063354,0.5148515701293945,-0.4434018135070801,-0.994658350944519,-0.39552080631256104,-2.8888354301452637,0.01864822953939438,6.788861274719238,5.1078410148620605,3.0411880016326904,5.615238666534424
261,3.089218854904175,-4.96978759765625,5.047683238983154,-0.9166429042816162,-7.134815216064453,-2.9527316093444824,-1.441487193107605,5.674503326416016,4.563408851623535,4.131349563598633,10.625408172607422,4.459193706512451,7.561816692352295,-5.845879077911377,0.271770179271698,-6.441173076629639,-8.012736320495605,-1.0537737607955933,-21.662580490112305,-17.339414596557617,15.69933795928955,15.683001518249512,15.65037727355957,15.672062873840332,0.5473874807357788,-1.213931679725647,1.2682976722717285,0.029655352234840393,-2.2530713081359863,-0.8386530876159668,0.10087671130895615,1.766632080078125,6.634174346923828,5.466526985168457,5.273000240325928,5.614349842071533
262,1.796697974205017,-5.130828380584717,7.015798091888428,0.1625320166349411,-7.502367973327637,-6.163722515106201,7.996662616729736,15.32504940032959,4.591399669647217,4.1545867919921875,3.830535650253296,4.01644229888916,8.308387756347656,-8.150153160095215,2.118197441101074,-6.439589023590088,-10.386210441589355,-4.8546142578125,-16.770214080810547,-11.616414070129395,15.587409019470215,15.65810775756836,15.637728691101074,15.656814575195312,0.29350271821022034,-1.4078985452651978,1.786017894744873,0.2013787180185318,-2.5048117637634277,-1.8448461294174194,2.4892983436584473,3.2222330570220947,6.939373970031738,5.314225196838379,5.692687034606934,5.601245403289795
263,0.26388680934906006,-2.8079447746276855,7.43892765045166,-0.4354042112827301,-8.91659927368164,-9.168013572692871,17.952171325683594,19.215251922607422,4.723674297332764,4.196107864379883,4.251041412353516,4.14305305480957,9.087390899658203,-8.339343070983887,4.227385997772217,-5.439852714538574,-12.949416160583496,-9.287880897521973,-9.863349914550781,-4.921759605407715,15.465696334838867,15.70080280303955,15.690020561218262,15.583925247192383,-0.19855353236198425,-0.43576452136039734,1.8075242042541504,-0.2026120275259018,-3.857801675796509,-3.2143149375915527,3.9473259449005127,4.1457109451293945,6.965367317199707,5.360419273376465,6.2991485595703125,5.38450288772583
264,-1.6770524978637695,-1.3451895713806152,7.007989406585693,-0.5593926310539246,-9.071518898010254,-9.339765548706055,20.16297149658203,18.65927505493164,4.853281021118164,4.140188694000244,4.290237903594971,4.178378105163574,8.3806734085083,-8.410293579101562,4.77409553527832,-4.799276828765869,-15.58092212677002,-13.274856567382812,-2.8839118480682373,0.9352763891220093,15.607612609863281,15.616859436035156,15.415353775024414,15.56025505065918,-0.47964152693748474,-0.1068463921546936,1.7241311073303223,-0.15379749238491058,-4.497735977172852,-3.626887083053589,4.572891712188721,4.509672164916992,6.929131507873535,5.260140895843506,5.8729119300842285,5.051563739776611
265,-2.87566876411438,0.32415783405303955,6.308524131774902,-0.4217911958694458,-8.316632270812988,-8.366508483886719,19.048423767089844,16.843887329101562,4.679607391357422,4.140536785125732,4.524840831756592,4.19502592086792,6.954699516296387,-7.8363237380981445,4.770849227905273,-4.216146945953369,-18.004600524902344,-16.420578002929688,3.0049264430999756,5.59575080871582,15.645040512084961,15.665030479431152,15.461623191833496,15.591047286987305,-0.580980658531189,0.33310577273368835,1.457125186920166,-0.07623474299907684,-4.808781147003174,-3.8822665214538574,5.189822673797607,4.8888654708862305,6.741171360015869,4.961203575134277,5.52463960647583,5.083119869232178
266,-3.6757969856262207,2.5741615295410156,6.312588214874268,1.320861577987671,-7.214247703552246,-7.13642692565918,17.047056198120117,15.18864631652832,4.568793296813965,4.001643657684326,4.430342674255371,4.205158710479736,4.757599353790283,-6.47588586807251,4.739668369293213,-3.5222129821777344,-19.591520309448242,-18.454084396362305,7.291664123535156,8.951041221618652,15.604167938232422,15.700892448425293,15.588850975036621,15.570549011230469,-0.7005231976509094,0.6511623859405518,1.5552146434783936,0.4545108675956726,-4.963378429412842,-3.977036714553833,5.903256416320801,5.584754943847656,6.316123962402344,4.723451614379883,5.3652191162109375,5.253159999847412
267,-3.5397446155548096,2.998082399368286,6.344919681549072,4.078287124633789,-6.519896030426025,-6.129171371459961,15.099334716796875,13.861498832702637,4.490435600280762,3.902218818664551,4.29401969909668,4.25565767288208,3.351320743560791,-4.106417655944824,6.065761089324951,-1.7000436782836914,-20.25713348388672,-19.49905776977539,10.439932823181152,11.539643287658691,15.661951065063477,15.582144737243652,15.65246868133545,15.699995040893555,-0.62440025806427,0.5526292324066162,1.5654679536819458,1.0812180042266846,-5.3687520027160645,-3.8796918392181396,6.383810520172119,6.263238906860352,5.793961524963379,4.616890907287598,5.388652324676514,5.320681095123291
268,-2.1024837493896484,2.023469924926758,5.759539604187012,5.938989162445068,-6.40772819519043,-4.965732574462891,13.422539710998535,12.641554832458496,4.2720046043396,3.964468002319336,4.233327388763428,4.088973522186279,2.6477296352386475,-2.003474473953247,7.45127534866333,0.2961309552192688,-20.783977508544922,-20.014169692993164,12.430224418640137,13.210366249084473,15.699128150939941,15.612573623657227,15.616695404052734,15.700000762939453,-0.22323426604270935,0.2648303210735321,1.4440667629241943,1.429532766342163,-6.077502250671387,-2.910205841064453,6.7325897216796875,6.782680511474609,5.255997657775879,4.560919761657715,5.415104389190674,5.077966213226318
269,1.9530946016311646,2.7789676189422607,6.298648834228516,6.052036285400391,-6.187338352203369,-2.377885341644287,12.254411697387695,11.66500186920166,4.15820837020874,3.8442819118499756,4.279451370239258,3.987513303756714,3.672173261642456,0.6684791445732117,9.735254287719727,2.671748399734497,-21.062650680541992,-19.88155746459961,13.639520645141602,14.171895027160645,15.692947387695312,15.640342712402344,15.588719367980957,15.692481994628906,0.9800295829772949,0.6349408626556396,1.9301974773406982,1.321624755859375,-6.1137309074401855,-0.48730698227882385,6.858715057373047,6.746949195861816,5.194439888000488,4.311586856842041,5.469004154205322,4.750545024871826
270,4.411465167999268,5.186410903930664,7.501029014587402,5.494715213775635,-5.177499771118164,11.230846405029297,11.224956512451172,10.722297668457031,4.221487998962402,3.651092290878296,4.368941307067871,3.866304874420166,5.671184062957764,4.0409417152404785,12.685468673706055,5.100313186645508,-20.998611450195312,-16.27919578552246,14.391646385192871,14.716582298278809,15.682456970214844,15.682846069335938,15.538798332214355,15.595271110534668,1.4320114850997925,1.4664703607559204,2.8985183238983154,1.2218263149261475,-3.6920166015625,3.905573844909668,6.14372444152832,5.858431339263916,5.601755142211914,3.915961503982544,5.748907566070557,4.442922592163086
271,-1.0258082151412964,8.795957565307617,8.138038635253906,6.194648265838623,3.0019114017486572,23.793861389160156,9.891006469726562,8.46370792388916,4.378789901733398,3.261610746383667,4.367298126220703,3.813002109527588,6.32447624206543,8.224757194519043,15.43728256225586,7.357133388519287,-18.91216278076172,-9.28726577758789,14.652827262878418,14.775077819824219,15.684115409851074,13.66923713684082,15.609572410583496,15.660173416137695,-0.9712438583374023,3.0439743995666504,3.9238412380218506,1.7600648403167725,3.3666017055511475,7.0028204917907715,4.703149795532227,3.2554924488067627,6.293428897857666,3.177353858947754,5.391891002655029,4.170137405395508
272,-9.890363693237305,9.471443176269531,4.016941547393799,2.417581796646118,23.1787052154541,25.70081901550293,5.27782678604126,1.462796926498413,4.650943756103516,-8.644868850708008,4.188846111297607,3.4163126945495605,3.734640121459961,6.406498432159424,15.476791381835938,7.103427886962891,-12.387179374694824,-0.27699434757232666,13.77793025970459,13.314072608947754,14.876228332519531,-2.3745527267456055,15.383100509643555,15.63191032409668,-2.9413273334503174,3.5322630405426025,0.8834697604179382,0.07209570705890656,9.109883308410645,8.856788635253906,0.9123139977455139,-1.2811856269836426,8.217822074890137,-5.010859489440918,5.010470390319824,3.3888933658599854
273,-13.564666748046875,11.111897468566895,-2.885429859161377,-0.06875289231538773,27.224292755126953,20.426742553710938,-5.562844753265381,-12.80512809753418,-9.674202919006348,-13.33072566986084,4.270632743835449,3.3270504474639893,-1.8732274770736694,3.1344969272613525,13.710762023925781,6.04805850982666,0.4991222620010376,0.4483092427253723,10.58035659790039,9.018205642700195,-10.320385932922363,-7.654911518096924,15.6549711227417,15.578429222106934,-3.4380669593811035,3.4959609508514404,-1.8205846548080444,-0.4465002417564392,9.40145206451416,6.431155681610107,-2.9907517433166504,-4.180767059326172,-16.021148681640625,-7.673025608062744,4.707794666290283,3.453456163406372
274,-4.337908744812012,12.299454689025879,-10.996200561523438,-6.811095714569092,20.27153778076172,20.096330642700195,-4.20034122467041,-14.61894702911377,-7.054956436157227,-9.756547927856445,3.9168620109558105,3.609724283218384,3.072732925415039,1.8007081747055054,9.490792274475098,2.8357064723968506,2.7498362064361572,1.2675881385803223,8.877038955688477,5.3793206214904785,-9.376199722290039,-10.055501937866211,15.668522834777832,15.57040786743164,0.06706342101097107,3.065922498703003,-2.468714714050293,-1.9948244094848633,7.313783168792725,6.3166584968566895,-0.5293817520141602,-2.878998041152954,-6.311845302581787,-3.982481002807617,4.509099960327148,4.23790168762207
275,-10.885614395141602,12.061991691589355,-10.396607398986816,-2.5984745025634766,18.318641662597656,19.640972137451172,-5.573668956756592,-9.510045051574707,-9.463324546813965,-8.404864311218262,3.797191858291626,3.73478364944458,1.4125858545303345,0.3928021788597107,5.676475524902344,0.4705517590045929,4.471282482147217,2.609417200088501,6.999907493591309,3.1232659816741943,-10.477848052978516,-11.007471084594727,15.660161018371582,15.605191230773926,-3.038414716720581,2.7114672660827637,-1.697616457939148,-0.03538309037685394,5.82119083404541,6.37375020980835,-1.0368682146072388,-1.2159740924835205,-5.863950729370117,-4.5427398681640625,4.294010162353516,4.304091453552246
276,-13.441347122192383,12.234537124633789,-8.282964706420898,0.4999331533908844,14.797603607177734,16.82710075378418,-3.7727699279785156,-3.7582216262817383,-9.147371292114258,-7.763088226318359,3.816969156265259,3.8742034435272217,-0.9111844301223755,-0.3301805257797241,2.9552359580993652,-0.8812193274497986,5.487776756286621,3.993119478225708,5.694006443023682,2.2213809490203857,-11.518921852111816,-11.917350769042969,15.6470947265625,15.601210594177246,-3.487367868423462,2.678065538406372,-1.3012686967849731,0.4876668453216553,3.73158860206604,4.315130710601807,-0.44775933027267456,-0.05922267585992813,-5.964770317077637,-4.482457160949707,4.4760422706604,4.710495471954346
277,-12.648453712463379,11.684696197509766,-7.503809452056885,2.8144400119781494,11.763089179992676,12.314035415649414,-0.47105422616004944,0.14899490773677826,-8.506141662597656,-7.14120626449585,3.9021315574645996,3.9714548587799072,-2.353933572769165,-0.6412309408187866,1.0077842473983765,-1.4480319023132324,6.052548885345459,4.7337236404418945,5.227566719055176,2.1539924144744873,-12.11599063873291,-12.601673126220703,15.638612747192383,15.615614891052246,-2.9800350666046143,2.385530948638916,-1.387426495552063,0.8529894351959229,2.755733013153076,2.483981132507324,0.27640271186828613,0.5095988512039185,-6.323382377624512,-4.672090530395508,4.71566915512085,4.8064866065979
278,-11.522201538085938,10.615609169006348,-6.797421932220459,4.605632305145264,9.42494010925293,8.215344429016113,0.9749961495399475,2.3710293769836426,-8.078349113464355,-6.737802505493164,3.9666435718536377,3.9862289428710938,-2.946927070617676,-0.7335793972015381,-0.05776190757751465,-1.9711129665374756,6.426381587982178,4.53000545501709,5.072542667388916,7.294930458068848,-12.742914199829102,-12.979491233825684,15.601263999938965,0.003911904990673065,-2.6861960887908936,2.043372631072998,-1.3145842552185059,1.1209416389465332,2.1532437801361084,1.3961490392684937,0.44746851921081543,0.8385984301567078,-6.451267242431641,-4.979340553283691,4.816409111022949,4.77032995223999
279,-9.542475700378418,10.269412994384766,-6.680086612701416,4.906359672546387,7.248412609100342,6.376790523529053,1.5742079019546509,2.6593010425567627,-7.541697025299072,-6.588254928588867,3.870774269104004,16.196792602539062,-3.707170009613037,-0.4986083507537842,-1.0867276191711426,-1.638983130455017,6.964930057525635,4.800117015838623,5.07151985168457,7.871567726135254,-13.598838806152344,-13.740772247314453,15.641968727111816,0.01228355523198843,-1.9666893482208252,2.082103729248047,-1.3934580087661743,0.9622621536254883,1.5532474517822266,1.2296875715255737,0.4753812551498413,0.8382603526115417,-6.612422466278076,-5.282164573669434,4.2981858253479,3.5587284564971924
280,-7.727553367614746,9.659770011901855,-5.38442850112915,4.205822944641113,4.847708702087402,4.441951274871826,2.2134459018707275,1.5756322145462036,-6.741788387298584,-5.90199613571167,3.808891773223877,14.890056610107422,-4.499810218811035,-0.48734408617019653,-1.578704595565796,-1.7981098890304565,6.614346504211426,4.980239391326904,9.878746032714844,8.04735279083252,-13.946313858032227,-14.592730522155762,0.022383682429790497,0.0033577214926481247,-1.5846807956695557,1.9328373670578003,-0.9837647080421448,0.7211777567863464,0.8838455677032471,0.7674534916877747,0.638787567615509,0.2434214949607849,-6.843688488006592,-5.141254901885986,4.377163887023926,3.2365972995758057
281,-7.821964263916016,9.836928367614746,-4.248912334442139,4.888893127441406,4.625661373138428,2.6188039779663086,-0.4593505561351776,0.1647929549217224,-6.4139533042907715,-5.120964050292969,13.61706829071045,12.514684677124023,-4.729691505432129,-1.5319902896881104,-2.2585256099700928,-1.223459243774414,6.51436710357666,3.7286219596862793,9.705343246459961,7.919795036315918,-14.280925750732422,-13.719714164733887,-0.02721066027879715,0.021985922008752823,-2.0037269592285156,2.0868782997131348,-0.756346583366394,1.02174711227417,1.1580630540847778,0.34197571873664856,-0.47178739309310913,-0.2096424400806427,-6.863191604614258,-5.161919116973877,2.440199613571167,2.3675167560577393
282,-6.810135364532471,10.592352867126465,-2.1561312675476074,3.302039623260498,4.223890781402588,2.4137027263641357,-3.9874422550201416,-3.5948522090911865,-6.044660568237305,-6.0252509117126465,12.668712615966797,11.469433784484863,-4.370960235595703,0.8117634057998657,-1.8722423315048218,-0.02903476357460022,6.882187843322754,4.153383255004883,8.946511268615723,7.273475170135498,-14.68828010559082,-14.849339485168457,0.03826824575662613,0.010797698050737381,-1.5176284313201904,2.2208359241485596,-0.17922011017799377,0.4438965320587158,1.022208571434021,0.5018216967582703,-0.9726116061210632,-0.993187427520752,-6.680732250213623,-5.411681652069092,2.6482784748077393,2.33284068107605
283,-6.211679458618164,8.730440139770508,-1.4751349687576294,2.747769832611084,2.808506488800049,1.4934523105621338,-4.339929580688477,-4.809243679046631,-5.603744029998779,-4.988461017608643,11.961182594299316,10.432533264160156,-4.166774749755859,-1.3850922584533691,-2.3014237880706787,0.5334352254867554,6.433826923370361,3.129992961883545,7.978948593139648,6.132664203643799,-14.694220542907715,-13.885458946228027,-0.052830908447504044,0.03504134714603424,-1.3836530447006226,1.7197424173355103,-0.21366697549819946,0.4937736392021179,0.49677059054374695,0.2103155553340912,-0.7187018990516663,-0.9233244061470032,-6.629967212677002,-5.435263633728027,2.525808334350586,2.0732128620147705
284,-6.028990268707275,10.337554931640625,-1.508528470993042,2.1360366344451904,3.024996280670166,2.375856637954712,-4.3080878257751465,-5.021268844604492,-5.5923051834106445,-5.958106994628906,11.746882438659668,10.32656192779541,-3.7310357093811035,-0.47246426343917847,-2.2530195713043213,1.4803156852722168,6.381317138671875,3.2769863605499268,7.063621997833252,5.119967460632324,-14.863568305969238,-14.655224800109863,-0.024191558361053467,0.02947889268398285,-1.4039562940597534,2.2567427158355713,-0.3353104293346405,0.3595415949821472,0.8047616481781006,0.6571080684661865,-0.6940565705299377,-0.8843108415603638,-6.635672569274902,-5.543014049530029,2.5253775119781494,2.205186128616333
285,-6.215729236602783,9.940059661865234,-1.2450673580169678,1.606095552444458,2.66133713722229,2.582780599594116,-5.194035530090332,-5.832472324371338,-5.400007247924805,-5.2091569900512695,11.036462783813477,9.613729476928711,-3.525805950164795,0.1373634934425354,-2.3946571350097656,2.2741246223449707,6.273895263671875,3.3545870780944824,5.977687358856201,3.942134141921997,-14.953102111816406,-14.733489036560059,-0.008691076189279556,0.029579848051071167,-1.4790066480636597,2.0683798789978027,-0.23099744319915771,0.27342092990875244,0.6163090467453003,0.6160662770271301,-0.9614089131355286,-1.1264322996139526,-6.55146598815918,-5.449073791503906,2.2746479511260986,1.9319312572479248
286,-6.263408184051514,9.668685913085938,-1.0988978147506714,1.2764521837234497,2.718689441680908,2.8055431842803955,-4.9811787605285645,-5.651772499084473,-5.283502578735352,-5.146620273590088,10.273311614990234,9.067591667175293,-3.6881566047668457,2.0810630321502686,-2.4591822624206543,3.0646560192108154,6.528397560119629,4.013108253479004,4.9663920402526855,2.864000082015991,-15.135632514953613,-15.173187255859375,0.04953393340110779,0.03268181532621384,-1.4643958806991577,2.0543622970581055,-0.21867695450782776,0.23523129522800446,0.699668288230896,0.6705477237701416,-0.832988440990448,-1.0167173147201538,-6.44989013671875,-5.509895324707031,2.078951835632324,1.830544352531433
287,-6.214257717132568,8.528558731079102,-0.929854691028595,1.2281702756881714,2.6240670680999756,2.7248151302337646,-5.044148921966553,-5.379281520843506,-5.060220718383789,-4.734142780303955,8.63432502746582,7.93016242980957,-3.5514798164367676,-2.624734401702881,-3.2967400550842285,3.3231425285339355,6.279901027679443,1.5955114364624023,3.8526735305786133,1.5513854026794434,-14.977413177490234,-13.741947174072266,-0.12367727607488632,0.07142423093318939,-1.459963083267212,1.8487259149551392,-0.17842954397201538,0.2719976305961609,0.66336989402771,0.6307655572891235,-0.8999786972999573,-0.9851794242858887,-6.300675868988037,-5.539536952972412,1.5721752643585205,1.4843615293502808
288,-6.589818954467773,12.147578239440918,-1.3842722177505493,0.4008026421070099,3.0857958793640137,5.241147518157959,-4.485326766967773,-5.161963939666748,-5.196815013885498,-6.089619159698486,7.41438627243042,8.161154747009277,-3.00349497795105,1.6138936281204224,-3.166196346282959,4.20700740814209,6.457005023956299,3.9578027725219727,2.904080629348755,0.6826848387718201,-15.006795883178711,-15.51174545288086,0.02900141105055809,0.026922397315502167,-1.6058906316757202,2.7901504039764404,-0.38401931524276733,-0.03213806450366974,0.8625547289848328,1.4719477891921997,-0.7545723915100098,-0.9960432052612305,-6.239553451538086,-5.42736291885376,1.337181806564331,1.7473052740097046
289,-7.124431610107422,9.67603588104248,-0.7690885066986084,0.533219039440155,3.0094025135040283,3.7149224281311035,-5.158013343811035,-5.243147373199463,-5.115293979644775,-4.3365020751953125,4.208784103393555,6.22415018081665,-3.1528236865997314,-0.4280872941017151,-3.642859935760498,4.600283145904541,6.449765205383301,2.354318618774414,1.942197561264038,-0.3267472982406616,-14.958175659179688,0.20950913429260254,-0.09471765160560608,0.03959548473358154,-1.714012622833252,2.0369367599487305,-0.0792357325553894,0.14659316837787628,0.7638382315635681,0.69282066822052,-1.0552492141723633,-1.0726733207702637,-6.025694847106934,-5.246220588684082,0.4235709309577942,1.0002977848052979
290,-7.60107946395874,10.646778106689453,-0.6447140574455261,0.32679542899131775,3.7459757328033447,5.748489856719971,-4.474667549133301,-2.7388558387756348,-5.126772403717041,-18.995607376098633,0.7461710572242737,4.786446571350098,-2.9939699172973633,0.35612431168556213,-3.8467087745666504,4.970483303070068,6.77260684967041,3.052821159362793,1.0188897848129272,-0.844422459602356,-15.047293663024902,0.039807744324207306,-0.02799038589000702,0.03690271079540253,-1.8673410415649414,2.304400682449341,-0.12992799282073975,0.04593785107135773,1.0978909730911255,1.5636941194534302,-0.7810377478599548,-0.23959621787071228,-5.943960189819336,-5.056116104125977,-0.31489819288253784,0.7745715379714966
291,-8.44534683227539,10.795061111450195,-0.8073787689208984,-0.33490830659866333,2.5802905559539795,5.034861087799072,-5.999484062194824,-4.292585849761963,-4.9605712890625,-17.31768226623535,-7.744553089141846,-0.2890527844429016,-3.1717395782470703,2.159886360168457,-3.2574574947357178,5.320062637329102,6.776475429534912,4.725309371948242,4.028661727905273,-1.658817172050476,-15.149374008178711,-0.25534534454345703,-13.296714782714844,0.03856249898672104,-2.128491163253784,2.4395740032196045,-0.21090295910835266,-0.1472957581281662,0.47575125098228455,1.0535095930099487,-1.415161371231079,-1.123917579650879,-5.657220840454102,-4.00751256942749,-3.050985813140869,-0.7417253255844116
292,-9.24326229095459,10.108719825744629,-1.5542761087417603,0.44356676936149597,2.822730302810669,3.3702032566070557,-3.1560134887695312,-1.0091681480407715,-4.73895263671875,-16.203516006469727,-4.924407958984375,-9.328932762145996,-1.8153142929077148,1.618444561958313,-3.510948419570923,4.4991135597229,6.4264020919799805,4.234409809112549,4.101722240447998,3.1825408935546875,-0.43482017517089844,0.13732028007507324,-15.678733825683594,-15.569803237915039,-2.3775646686553955,2.351944923400879,-0.4589945673942566,0.2180810421705246,0.7773735523223877,0.5885735154151917,-0.15413761138916016,0.23304638266563416,-5.277054786682129,-3.8420655727386475,-5.364128589630127,-3.6616289615631104
293,-8.644657135009766,10.127673149108887,-0.5247843265533447,-1.6221566200256348,4.388032913208008,2.7408478260040283,-5.330926418304443,-0.688725471496582,-17.92942237854004,-15.76855754852295,-3.7779431343078613,-3.2753498554229736,-1.245428204536438,2.295552968978882,-3.8120272159576416,4.580881118774414,6.283724308013916,4.199042320251465,2.746002435684204,2.9393608570098877,0.05574667081236839,-0.1475611925125122,-15.402754783630371,-15.543301582336426,-1.7677960395812988,2.2789711952209473,0.034360021352767944,-0.5446711182594299,1.4153023958206177,0.5324070453643799,-1.2193806171417236,-0.06522325426340103,-4.58806037902832,-3.6045639514923096,-5.3059868812561035,-4.816908359527588
294,-8.825273513793945,10.139005661010742,-0.3466271758079529,-2.3678629398345947,4.214761734008789,2.4819605350494385,-4.359631061553955,-2.1973278522491455,-16.740142822265625,-15.06965446472168,-4.237074375152588,-3.740363836288452,-1.5006734132766724,2.00569224357605,-4.1583991050720215,4.351642608642578,6.612091064453125,3.927774429321289,1.6298216581344604,2.454463481903076,0.015052326023578644,0.11748847365379333,-15.35584545135498,-15.584931373596191,-1.9462425708770752,2.426431179046631,-0.05308890342712402,-0.4987342357635498,1.048770546913147,0.5385159254074097,-0.7115585803985596,-0.5872688293457031,-3.760159730911255,-3.5033352375030518,-5.194611072540283,-4.701735019683838
295,-8.819722175598145,10.501313209533691,-0.09470653533935547,-2.7195286750793457,3.7947773933410645,2.8014965057373047,-3.4090261459350586,-2.5898332595825195,-16.017940521240234,-15.193290710449219,-4.373086929321289,-3.914076805114746,-1.540558099746704,2.0306198596954346,-4.406683444976807,4.141353607177734,6.723938465118408,3.7060813903808594,0.6006907224655151,1.827335238456726,0.09849511831998825,0.046369194984436035,-15.226089477539062,-15.51982307434082,-1.9753130674362183,2.498291254043579,0.01628967933356762,-0.5201061964035034,0.9224408864974976,0.6944072246551514,-0.5477520823478699,-0.5335583090782166,-3.7394933700561523,-3.5681395530700684,-5.210018634796143,-4.815622806549072
296,-9.035970687866211,10.703930854797363,0.20035581290721893,-3.015320301055908,3.5211868286132812,3.2453205585479736,-2.884141445159912,-2.975036382675171,-15.742009162902832,-15.130328178405762,-4.535414218902588,-4.076584815979004,-2.0187020301818848,0.7920095920562744,-4.849799156188965,3.5842297077178955,6.5797014236450195,3.179675340652466,-0.30110934376716614,1.059480905532837,-0.13966768980026245,0.044542670249938965,-15.318942070007324,-15.445426940917969,-2.05915904045105,2.5497922897338867,0.0729140043258667,-0.5695114731788635,0.8728339672088623,0.8120647668838501,-0.5134132504463196,-0.6192024350166321,-3.700774669647217,-3.580111265182495,-5.223928928375244,-4.893824100494385
297,-8.950296401977539,11.651097297668457,0.2866555154323578,-3.143153190612793,3.4596102237701416,3.869987726211548,-2.371246814727783,-3.205885887145996,-15.33978271484375,-15.051687240600586,-4.461367130279541,-4.200692653656006,-0.7090094089508057,2.7312231063842773,-4.706762313842773,3.5430397987365723,5.778073310852051,4.115633010864258,-1.2092574834823608,0.31155768036842346,-0.0055222176015377045,-0.33547458052635193,-15.260092735290527,-15.515300750732422,-2.048717737197876,2.7283194065093994,0.058993130922317505,-0.5858312845230103,0.8814609050750732,0.9621121287345886,-0.42250895500183105,-0.6626815795898438,-3.653282880783081,-3.5387561321258545,-5.209704399108887,-4.947476863861084
298,-9.84532356262207,10.677092552185059,0.7771415710449219,-3.1198008060455322,3.9708824157714844,3.342949867248535,-1.9472538232803345,-3.129652261734009,-15.188372611999512,-14.796686172485352,-4.534067153930664,-4.155684947967529,-1.9053717851638794,1.575570821762085,-5.0149922370910645,2.9859790802001953,6.478262901306152,4.1025710105896,-1.9955418109893799,-0.5560725927352905,-0.0035239614080637693,0.12581560015678406,-15.331964492797852,-15.548337936401367,-2.2366011142730713,2.540239095687866,0.19120576977729797,-0.5585364699363708,1.0656472444534302,0.7194334268569946,-0.3575800657272339,-0.6232399940490723,-3.557572364807129,-3.572957754135132,-5.258060932159424,-4.931685447692871
299,-9.344063758850098,11.680338859558105,0.8805908560752869,-3.396674871444702,3.201016664505005,3.510535717010498,-1.7451711893081665,-3.5231611728668213,-14.925641059875488,-15.053461074829102,-4.475569725036621,-4.185924530029297,-2.4639732837677,2.7162771224975586,-4.85341739654541,2.6795694828033447,6.871886730194092,4.375661373138428,-2.760737657546997,-1.5097793340682983,-0.05568999424576759,-0.3190847933292389,-15.204236030578613,-15.454431533813477,-2.1124138832092285,2.8463470935821533,0.16206663846969604,-0.662224292755127,0.7097471952438354,0.8475862145423889,-0.35319089889526367,-0.7908598184585571,-3.467144012451172,-3.5165116786956787,-5.2677226066589355,-5.140488147735596
300,-9.10742473602295,11.162277221679688,1.0543591976165771,-3.5912764072418213,2.40691876411438,3.154703378677368,-1.8293942213058472,-4.0385284423828125,-14.322386741638184,-14.59657096862793,-4.600708484649658,-4.3039374351501465,-3.2104575634002686,1.2021652460098267,-5.211114406585693,1.926806092262268,6.888852596282959,3.6788105964660645,-3.551048517227173,-2.762873888015747,-0.0680646002292633,0.0655064582824707,-15.3892240524292,-15.463098526000977,-2.107072591781616,2.712130546569824,0.20213323831558228,-0.6921796798706055,0.49766215682029724,0.6934905052185059,-0.4233052134513855,-0.9514555931091309,-3.221982717514038,-3.4656434059143066,-5.270439147949219,-5.1662702560424805
301,-8.83531665802002,12.108290672302246,1.2095520496368408,-3.771097183227539,2.0081865787506104,3.7015769481658936,-2.120170831680298,-4.224409580230713,-13.687150001525879,-14.66094970703125,-4.423120498657227,-4.324024677276611,-3.309901237487793,3.1566574573516846,-4.843059062957764,1.6144285202026367,6.998682022094727,4.646405220031738,-4.456092357635498,-3.981997489929199,-0.053037695586681366,-0.29246458411216736,-15.19242000579834,-15.366292953491211,-2.104327440261841,2.8821847438812256,0.222789004445076,-0.7479631304740906,0.4536036550998688,0.92525315284729,-0.534999668598175,-0.9982926845550537,-3.019641637802124,-3.3742592334747314,-5.25236177444458,-5.230607509613037
302,-8.809776306152344,11.158024787902832,1.7123171091079712,-4.170679092407227,1.3525491952896118,2.8823587894439697,-2.6053709983825684,-4.7580246925354,-12.673856735229492,-14.173083305358887,-4.603683948516846,-4.403487682342529,-3.7775075435638428,2.142798662185669,-4.9625563621521,0.795285165309906,6.895445823669434,4.30264139175415,-5.518017292022705,-5.483088493347168,-0.03950149938464165,0.10858774185180664,-15.263666152954102,-15.386476516723633,-2.1123085021972656,2.7494075298309326,0.35486364364624023,-0.8562425374984741,0.24042044579982758,0.5767870545387268,-0.7040866017341614,-1.235314130783081,-2.655179738998413,-3.298297643661499,-5.235551834106445,-5.139459133148193
303,-8.551342010498047,11.955324172973633,2.095280647277832,-4.6688127517700195,0.994964063167572,3.226656913757324,-3.503610372543335,-5.15059232711792,-11.432793617248535,-14.049190521240234,-4.530943393707275,-4.368793487548828,-3.765552520751953,2.5950231552124023,-4.649269104003906,0.10726086795330048,6.821112632751465,4.482625961303711,-6.871892929077148,-7.091132640838623,-0.028798917308449745,-0.07299046218395233,-15.113264083862305,-15.28829574584961,-2.062718152999878,2.969236135482788,0.40390124917030334,-1.0033990144729614,0.19534634053707123,0.8083477020263672,-1.0388745069503784,-1.4088830947875977,-2.289541482925415,-3.134988307952881,-5.222253322601318,-5.0954766273498535
304,-8.61691951751709,11.961102485656738,2.5829625129699707,-5.1478681564331055,0.40754184126853943,3.180920124053955,-4.4195780754089355,-5.5992112159729,-9.776863098144531,-13.436758041381836,-4.65891170501709,-4.398872375488281,-4.003412246704102,2.5776374340057373,-4.540645599365234,-0.9553241729736328,6.638391494750977,4.603326320648193,-8.476204872131348,-8.878692626953125,-0.02024114318192005,0.04123207926750183,-15.259228706359863,-15.402335166931152,-2.1104838848114014,2.9961979389190674,0.5079299211502075,-1.1243464946746826,0.0035692881792783737,0.7501735687255859,-1.3749418258666992,-1.6686508655548096,-1.8224133253097534,-2.974494695663452,-5.178407192230225,-4.893418788909912
305,-8.505462646484375,12.234508514404297,3.196882963180542,-5.595446586608887,-0.4238574504852295,3.032322883605957,-5.341464519500732,-6.096583843231201,-7.226104259490967,-12.577188491821289,-4.504814624786377,-4.196878433227539,-4.288794994354248,1.9334640502929688,-4.308808326721191,-2.245039701461792,6.374231815338135,4.417411804199219,-10.392585754394531,-10.883936882019043,-0.011516431346535683,0.003569170832633972,-15.405237197875977,-15.49065113067627,-2.0834057331085205,3.0967841148376465,0.6314011216163635,-1.2725515365600586,-0.18611471354961395,0.7000598311424255,-1.7976139783859253,-2.0219337940216064,-1.12678062915802,-2.6295742988586426,-5.133945941925049,-4.638683795928955
306,-8.445794105529785,12.64841365814209,3.6801645755767822,-5.750090599060059,-1.7684457302093506,2.9652202129364014,-6.207878112792969,-6.64041805267334,-2.5526435375213623,-10.404306411743164,-4.347838878631592,-3.932443618774414,-4.398118019104004,1.6534276008605957,-3.883188009262085,-3.603940010070801,5.87455415725708,4.3826775550842285,-12.618578910827637,-13.123909950256348,-0.002535330131649971,-0.0058425962924957275,-15.562252044677734,-15.61402702331543,-2.10538387298584,3.1068060398101807,0.7080358266830444,-1.3354809284210205,-0.441455215215683,0.6859356164932251,-2.3464481830596924,-2.5342514514923096,0.11310537904500961,-1.889596700668335,-5.080412864685059,-4.173468589782715
307,-8.21142864227295,12.391463279724121,4.019242763519287,-5.555355072021484,-3.373628854751587,2.567026376724243,-6.7575459480285645,-7.020448207855225,5.695913791656494,-6.387686252593994,-4.164830207824707,-3.52316951751709,-3.860440254211426,2.1916565895080566,-3.0428833961486816,-4.936645030975342,5.190821647644043,4.6833672523498535,-14.977676391601562,-15.506345748901367,5.783870697021484,0.002282503992319107,-15.532552719116211,-15.397747039794922,-2.0058155059814453,2.882585287094116,0.7640754580497742,-1.307939052581787,-0.7526916861534119,0.5405023097991943,-2.9485137462615967,-3.168811321258545,2.4359164237976074,-0.7491347193717957,-4.967039585113525,-3.5356712341308594
308,-7.062268257141113,10.213441848754883,4.64409065246582,-5.461311340332031,-5.080677509307861,2.0185959339141846,-6.826498508453369,-6.982875823974609,10.77743148803711,2.3991661071777344,-3.8725314140319824,-2.9992470741271973,-0.6220866441726685,2.587808847427368,-1.967473030090332,-6.1724395751953125,3.180325508117676,5.018219947814941,-17.442472457885742,-18.160446166992188,15.493755340576172,2.4100759029388428,-15.187302589416504,-13.887430191040039,-1.4637809991836548,2.0432980060577393,0.9437224864959717,-1.3739584684371948,-1.0870741605758667,0.397193968296051,-3.5127103328704834,-3.7962043285369873,7.241569519042969,1.7252854108810425,-3.9743783473968506,-2.35856556892395
309,-4.533090591430664,6.561455726623535,4.475614547729492,-5.44303035736084,-4.357540607452393,2.597757577896118,-6.591584205627441,-5.913442134857178,4.474047660827637,10.063465118408203,-3.3086726665496826,-2.8301990032196045,1.265772819519043,2.9436392784118652,-0.8858194351196289,-7.239155292510986,1.7977290153503418,6.040672302246094,-19.819849014282227,-19.778093338012695,15.77995777130127,12.5816011428833,-13.814909934997559,-12.118315696716309,-0.4642501175403595,0.9363356828689575,0.847029983997345,-1.4562225341796875,-0.7420295476913452,0.7261504530906677,-4.327356338500977,-3.633523941040039,9.27446174621582,4.499144077301025,-2.4495859146118164,-1.3832929134368896
310,-0.32072913646698,1.8074390888214111,3.6177008152008057,-4.4619293212890625,-4.997656345367432,2.2889108657836914,-5.755304336547852,-4.483707904815674,4.462520599365234,6.157615661621094,-2.3864874839782715,-1.6946933269500732,2.084648609161377,-0.15807652473449707,-0.04925648868083954,-7.9951043128967285,-0.22449612617492676,3.515812397003174,-20.932300567626953,-20.273048400878906,15.668113708496094,15.559985160827637,-11.301239013671875,-8.99997329711914,0.5166428685188293,-0.2897309958934784,0.6147727370262146,-1.0630993843078613,-1.0643423795700073,0.5412452220916748,-4.577750205993652,-2.6093194484710693,7.593367099761963,5.836949348449707,-0.7452577352523804,-0.20092633366584778
311,4.513240814208984,-2.742898464202881,2.691671133041382,-3.3362197875976562,-4.940094470977783,1.7728806734085083,-4.738079071044922,-2.7276625633239746,4.60032844543457,4.125333786010742,1.8385274410247803,7.725948810577393,4.665946006774902,-1.8146404027938843,-0.04345192015171051,-7.510042190551758,-2.52205753326416,3.25051212310791,-21.68282127380371,-20.8366641998291,15.617131233215332,15.685784339904785,-4.6805830001831055,3.6714088916778564,1.7317278385162354,-1.2124382257461548,0.4283696115016937,-0.7369656562805176,-1.0472677946090698,0.28766167163848877,-3.4477124214172363,-1.0591793060302734,6.806159019470215,5.642493724822998,1.4580811262130737,2.5795071125030518
312,5.772734642028809,-5.64201545715332,2.138302803039551,-1.9170165061950684,-5.190541744232178,-0.639552891254425,-3.269043445587158,-0.172472283244133,4.663789749145508,4.084722995758057,14.88198184967041,11.79350757598877,7.490502834320068,-4.622006416320801,-1.084139108657837,-6.910390377044678,-5.637524127960205,1.587931752204895,-22.49232292175293,-20.515235900878906,15.699288368225098,15.687352180480957,14.269058227539062,15.678478240966797,1.701319932937622,-1.7046927213668823,0.35410547256469727,-0.2459481805562973,-1.2536917924880981,-0.4615304470062256,-1.9231336116790771,0.9394863843917847,6.817502021789551,5.2344560623168945,5.473046779632568,6.311519145965576
313,2.5451905727386475,-4.7658185958862305,6.065918922424316,-0.5395799279212952,-7.641869068145752,-4.380913257598877,-0.0324210524559021,12.310423851013184,4.49191951751709,4.142739295959473,4.543101787567139,3.7853810787200928,8.785232543945312,-6.718561172485352,1.116365909576416,-6.6195173263549805,-9.327888488769531,-1.755457878112793,-20.358131408691406,-14.332497596740723,15.698308944702148,15.674942016601562,15.632603645324707,15.663629531860352,0.2187264859676361,-1.0956950187683105,1.742682933807373,0.10713846981525421,-2.620518207550049,-1.3457753658294678,1.572044849395752,2.8071670532226562,6.199524879455566,5.366446495056152,4.82357931137085,5.400915622711182
314,1.2258254289627075,-3.6056036949157715,6.837249755859375,-0.6248713135719299,-8.275813102722168,-8.624723434448242,14.41858196258545,17.839731216430664,4.5775675773620605,4.184544086456299,4.086813449859619,4.085429668426514,8.711026191711426,-8.638792037963867,2.252018451690674,-6.717859268188477,-12.180822372436523,-6.316099643707275,-13.795783042907715,-7.841135501861572,15.60324764251709,15.653151512145996,15.622314453125,15.651756286621094,0.12526491284370422,-0.8042596578598022,1.6509008407592773,-0.17370687425136566,-3.1402556896209717,-2.783578395843506,3.359360933303833,3.6392247676849365,7.053587436676025,5.394767761230469,6.171263217926025,5.568490028381348
315,-0.13029608130455017,-2.2126376628875732,7.873845100402832,-0.6852220296859741,-8.688846588134766,-10.00751781463623,19.987194061279297,19.113086700439453,4.704550266265869,4.199820518493652,4.338730335235596,4.136463165283203,8.457684516906738,-9.311309814453125,3.1236557960510254,-5.989140033721924,-14.998032569885254,-11.045435905456543,-6.816072463989258,-1.6295982599258423,15.505746841430664,15.665690422058105,15.43855094909668,15.464493751525879,-0.26477286219596863,-0.41663047671318054,2.0032057762145996,-0.18732522428035736,-4.029813289642334,-3.550781726837158,4.3451337814331055,4.390799045562744,6.994907379150391,5.315860748291016,6.154795169830322,5.225924968719482
316,-2.0011255741119385,-0.41686663031578064,7.586806297302246,-0.7906630635261536,-8.186829566955566,-9.155900001525879,20.28347396850586,17.79029083251953,4.804868698120117,4.152483940124512,4.521818161010742,4.287659168243408,8.077848434448242,-8.076327323913574,4.72165584564209,-4.494666576385498,-17.38270378112793,-14.640922546386719,-0.03599308431148529,3.843994379043579,15.648543357849121,15.623644828796387,15.424484252929688,15.594402313232422,-0.5092350244522095,0.2127232849597931,1.7656465768814087,-0.21155180037021637,-4.500753879547119,-3.7805497646331787,4.96318244934082,4.758408069610596,6.889170169830322,5.1717529296875,5.649916172027588,5.062337398529053
317,-3.4484469890594482,1.7970060110092163,6.366884231567383,-0.3271430432796478,-7.308524131774902,-7.975531101226807,18.246675491333008,15.797868728637695,4.612853050231934,4.101399898529053,4.477204322814941,4.18558931350708,5.943173885345459,-7.105587005615234,4.722196578979492,-3.8899805545806885,-19.206092834472656,-17.363649368286133,5.199132442474365,7.780145168304443,15.628839492797852,15.700011253356934,15.591080665588379,15.657798767089844,-0.7031793594360352,0.5553286671638489,1.4310883283615112,0.0034189969301223755,-4.726153373718262,-3.994713068008423,5.48581075668335,5.2386040687561035,6.586363792419434,4.867584705352783,5.379498481750488,5.177921295166016
318,-3.7248306274414062,2.845484972000122,6.151689529418945,2.2484049797058105,-6.498330116271973,-6.65995454788208,16.11859703063965,14.289597511291504,4.542054176330566,3.9542741775512695,4.292238712310791,4.168875694274902,3.971914291381836,-5.2769880294799805,5.335755348205566,-2.7478015422821045,-19.979990005493164,-18.9410457611084,8.994097709655762,10.746312141418457,15.657999992370605,15.656891822814941,15.64732551574707,15.699995994567871,-0.6790585517883301,0.581384539604187,1.4715335369110107,0.7205641269683838,-4.945488452911377,-3.8598203659057617,6.167313575744629,5.95397424697876,6.110176086425781,4.7136030197143555,5.371007442474365,5.330544471740723
319,-2.984657049179077,2.330904722213745,5.475292682647705,4.7802653312683105,-6.344608306884766,-5.537030220031738,14.214486122131348,13.000105857849121,4.377567768096924,3.936399459838867,4.2336745262146,4.131383419036865,2.5621449947357178,-3.3748605251312256,6.165388584136963,-1.1213871240615845,-20.519519805908203,-19.68137550354004,11.423137664794922,12.71192741394043,15.684218406677246,15.583649635314941,15.676567077636719,15.700006484985352,-0.4656729996204376,0.3548046350479126,1.275935173034668,1.221423864364624,-5.56907844543457,-3.352517604827881,6.571971893310547,6.621708869934082,5.584229469299316,4.621038913726807,5.393550395965576,5.266017436981201
320,-0.09142386168241501,1.8474780321121216,5.549734115600586,6.026709079742432,-6.270601749420166,-3.9481348991394043,12.913372039794922,12.019362449645996,4.205892086029053,3.957869291305542,4.2217278480529785,4.06174373626709,2.719616174697876,-1.1625858545303345,7.872751712799072,1.0968092679977417,-20.950057983398438,-19.980953216552734,13.061921119689941,14.00676441192627,15.700011253356934,15.619606971740723,15.613592147827148,15.687474250793457,0.3239910900592804,0.2896771728992462,1.4867870807647705,1.392020583152771,-6.113096237182617,-1.9092499017715454,6.941806793212891,6.970746040344238,5.164823532104492,4.550112724304199,5.476683139801025,4.970534801483154
321,3.910297155380249,3.5670855045318604,6.649744033813477,5.379124164581299,-5.867686748504639,0.02386634051799774,11.788575172424316,11.095439910888672,4.199501991271973,3.794248342514038,4.326403617858887,3.949375867843628,4.521076679229736,1.8543369770050049,10.581743240356445,3.579131841659546,-21.063386917114258,-19.355030059814453,14.000429153442383,14.659576416015625,15.687673568725586,15.676627159118652,15.582892417907715,15.650960922241211,1.4923408031463623,0.9354757070541382,2.2233376502990723,1.1061285734176636,-5.298162460327148,1.582882285118103,6.60794734954834,6.498537063598633,5.463916778564453,4.181653022766113,5.6572465896606445,4.610942363739014
322,3.9361002445220947,6.356461524963379,7.833042144775391,5.359750747680664,-3.673651933670044,19.84174346923828,10.802088737487793,10.140058517456055,4.273355007171631,3.580399990081787,4.395290851593018,3.865542411804199,6.332273006439209,5.352153778076172,13.452474594116211,5.852018356323242,-20.642515182495117,-13.648894309997559,14.592333793640137,15.002677917480469,15.677573204040527,15.670855522155762,15.536166191101074,15.588630676269531,0.9849454164505005,1.8966615200042725,3.267009735107422,1.3167555332183838,-1.5600483417510986,6.008729457855225,5.7637619972229,5.341350078582764,5.753289222717285,3.8498775959014893,5.763983249664307,4.38551664352417
323,-5.678859233856201,9.69512939453125,7.469428539276123,5.531763553619385,13.273208618164062,26.356277465820312,8.605301856994629,6.203826904296875,4.5710930824279785,2.386589765548706,4.279482364654541,3.6975131034851074,5.520307540893555,9.479191780090332,15.593539237976074,7.528558254241943,-16.083166122436523,-5.551125526428223,14.629417419433594,14.641456604003906,15.687052726745605,11.133140563964844,15.56608772277832,15.652935028076172,-2.3621747493743896,3.5965170860290527,3.370569944381714,1.5296732187271118,7.060303211212158,8.3133544921875,3.3443610668182373,1.5401365756988525,7.662228584289551,1.4972628355026245,4.9841532707214355,3.8653552532196045
324,-13.148978233337402,8.842241287231445,0.9880215525627136,0.8341565132141113,25.716035842895508,24.540563583374023,0.12159198522567749,-4.758388042449951,0.36606279015541077,-14.547464370727539,4.101034641265869,3.2868528366088867,0.9105097055435181,3.0592100620269775,14.032901763916016,5.986316204071045,-7.334951400756836,0.05232739448547363,12.468456268310547,11.710307121276855,6.7700581550598145,-6.681507110595703,15.528667449951172,15.711243629455566,-3.68422532081604,3.1197011470794678,-1.139139175415039,-0.5472384691238403,9.487836837768555,8.864866256713867,-2.3198459148406982,-3.0988986492156982,-2.4193296432495117,-10.04144287109375,4.667332649230957,3.1808507442474365
325,-7.661571979522705,13.171130180358887,-8.850438117980957,-5.0456976890563965,24.926652908325195,20.825199127197266,-6.024993419647217,-14.900153160095215,-17.675928115844727,-9.57912540435791,4.124658584594727,3.3007054328918457,7.0410990715026855,2.3890726566314697,11.69421672821045,4.531670093536377,-0.019374847412109375,0.7838177680969238,9.383466720581055,7.218818664550781,-7.830637454986572,-9.39684009552002,15.641343116760254,15.387153625488281,-1.0127692222595215,3.841749906539917,-2.4964241981506348,-1.6115273237228394,8.422933578491211,6.72294282913208,-1.5006214380264282,-3.8101308345794678,-11.473801612854004,-4.6048808097839355,4.84644889831543,3.6783154010772705
326,-15.87059497833252,12.73471736907959,-8.37590217590332,-1.9319180250167847,20.786741256713867,19.94484519958496,-6.126152038574219,-10.694013595581055,-10.347243309020996,-8.810136795043945,3.8785996437072754,3.94584584236145,3.5726563930511475,0.6220182180404663,7.72886323928833,1.833616018295288,2.8388900756835938,2.1088526248931885,7.509287357330322,4.614130020141602,-10.161733627319336,-10.459342002868652,15.643739700317383,15.625323295593262,-4.087602615356445,3.00949764251709,-1.2334861755371094,0.0014497488737106323,7.038501739501953,6.088359355926514,-1.0036967992782593,-1.4931683540344238,-5.560083389282227,-4.7677531242370605,4.359890937805176,4.775180816650391
327,-15.153510093688965,13.0552978515625,-7.266450881958008,-0.20826955139636993,17.859371185302734,16.979896545410156,-1.7170428037643433,-5.376106262207031,-9.125935554504395,-8.04076862335205,3.9101877212524414,3.9504427909851074,-0.27132630348205566,-0.3734791874885559,4.670941352844238,-0.12526646256446838,3.549298048019409,3.859579086303711,6.748903274536133,3.343759775161743,-10.633764266967773,-11.797937393188477,15.600908279418945,15.659217834472656,-3.2271673679351807,2.9268596172332764,-1.1451053619384766,0.15850581228733063,5.286242961883545,4.208247661590576,0.16469645500183105,-0.40478596091270447,-5.5793137550354,-4.274867057800293,4.668886184692383,4.978421688079834
328,-12.378705978393555,12.910670280456543,-7.4993205070495605,1.617762804031372,15.40223503112793,13.108453750610352,-0.2585119307041168,-1.514390468597412,-9.22342300415039,-7.040130138397217,3.9701128005981445,3.9692063331604004,-1.4552578926086426,-0.6719846725463867,2.717512369155884,-0.8260155916213989,4.250451564788818,4.414764404296875,6.219144821166992,2.903446674346924,-11.217007637023926,-12.084492683410645,15.612152099609375,15.614645004272461,-2.5919787883758545,2.749241590499878,-1.4361447095870972,0.5659130811691284,3.887875556945801,2.8958194255828857,0.11286100000143051,0.16728082299232483,-6.20612096786499,-4.416380882263184,4.698966979980469,4.852088451385498
329,-11.461402893066406,11.92499828338623,-7.265819072723389,3.4931414127349854,12.6209135055542,9.41152572631836,0.7427514791488647,1.4075261354446411,-8.90440559387207,-7.0308098793029785,4.005819797515869,4.040544509887695,-2.3680858612060547,-0.9515889286994934,1.2834603786468506,-1.1360424757003784,5.490415573120117,4.4337897300720215,5.943732738494873,4.1675004959106445,-12.54830551147461,-12.575578689575195,15.599017143249512,11.852743148803711,-2.580477714538574,2.3702824115753174,-1.3954039812088013,0.9304401874542236,2.8857460021972656,1.7478796243667603,0.3408120274543762,0.7062624096870422,-6.366920471191406,-4.780137538909912,4.8336286544799805,4.895514965057373
330,-10.06197738647461,11.056206703186035,-7.010417461395264,4.48956823348999,9.490361213684082,6.45443868637085,1.4099336862564087,2.724209785461426,-7.672143459320068,-6.800980567932129,4.019105434417725,7.311329364776611,-3.2713327407836914,-1.2641639709472656,-0.16196802258491516,-1.7697139978408813,6.051504135131836,4.201213359832764,5.86199426651001,8.092053413391113,-13.260149955749512,-13.564325332641602,14.901546478271484,0.013355739414691925,-2.1781904697418213,2.1568336486816406,-1.3920072317123413,1.003770112991333,2.0266528129577637,1.070733904838562,0.4622783064842224,0.8556250333786011,-6.4496378898620605,-5.04083251953125,4.771555423736572,4.574245929718018
331,-8.47977352142334,11.295680046081543,-6.1738362312316895,4.327023506164551,7.781083106994629,5.505637168884277,1.2821124792099,1.898898720741272,-7.000782489776611,-6.024477005004883,4.539485454559326,16.192289352416992,-3.7032461166381836,-1.671356439590454,-0.6756993532180786,-1.7271592617034912,6.030082702636719,3.8754539489746094,9.725879669189453,8.399622917175293,-13.433940887451172,-13.622049331665039,1.6858081817626953,-0.027217905968427658,-1.7979469299316406,2.365957498550415,-1.1978627443313599,0.7928464412689209,1.779038667678833,1.1458306312561035,0.29687821865081787,0.44542816281318665,-6.520047664642334,-5.182348728179932,4.450343608856201,3.5838732719421387
332,-7.934663772583008,11.910173416137695,-4.858625411987305,4.059713840484619,6.415588855743408,3.558850049972534,-0.6220900416374207,0.2698107361793518,-6.912446022033691,-5.930422306060791,14.029704093933105,14.034177780151367,-3.4821150302886963,-0.4561293125152588,-0.6985381245613098,-0.81902676820755,6.37788200378418,4.017031669616699,10.161962509155273,8.511100769042969,-14.027894020080566,-14.116737365722656,0.004071591421961784,0.005459874868392944,-1.8353796005249023,2.536389112472534,-0.8378655314445496,0.7409812808036804,1.4171785116195679,0.5104231834411621,-0.3697766065597534,-0.22169533371925354,-6.854991912841797,-4.936250686645508,3.1575989723205566,2.8020217418670654
333,-6.830628871917725,10.711421966552734,-2.9613447189331055,2.629199743270874,4.669829845428467,1.7808932065963745,-3.561896800994873,-3.0287740230560303,-6.2964019775390625,-5.536803722381592,13.694985389709473,12.493345260620117,-3.499866485595703,-0.5615020990371704,-1.089808464050293,-0.3342423439025879,6.310431003570557,3.54496693611145,9.375980377197266,7.807984352111816,-14.457777976989746,-14.25627326965332,-0.002952217822894454,0.01217804104089737,-1.4091119766235352,2.1513302326202393,-0.34851157665252686,0.34186530113220215,0.9168602228164673,0.14046114683151245,-0.8335714340209961,-0.8459639549255371,-6.6883955001831055,-5.1656575202941895,2.8194754123687744,2.5114521980285645
334,-6.2050676345825195,10.521787643432617,-2.117872714996338,2.168971538543701,3.97310471534729,1.5620825290679932,-3.8808305263519287,-4.219079971313477,-5.841008186340332,-5.486456394195557,13.093154907226562,11.89509105682373,-3.042888879776001,0.09172506630420685,-0.9002755880355835,0.5590042471885681,6.360814094543457,3.432199478149414,8.606804847717285,7.003137588500977,-14.6828031539917,-14.40454387664795,0.00033052987419068813,0.01279546320438385,-1.346251368522644,2.180149555206299,-0.32878613471984863,0.37456750869750977,0.8963345289230347,0.3166601061820984,-0.635150134563446,-0.8097900748252869,-6.640569686889648,-5.348670959472656,2.838648557662964,2.5171220302581787
335,-6.079126834869385,9.94720458984375,-2.08390474319458,1.8082566261291504,3.082807779312134,1.552439570426941,-4.0584330558776855,-4.655972957611084,-5.595306396484375,-5.394669532775879,12.551305770874023,11.381898880004883,-3.0942134857177734,0.1940786987543106,-1.2277488708496094,1.11419677734375,6.193366050720215,3.2647054195404053,7.726649761199951,6.016173362731934,-14.887696266174316,-14.56344985961914,0.0030147386714816093,0.019182752817869186,-1.3543486595153809,2.0734641551971436,-0.4242086112499237,0.32867270708084106,0.6365395784378052,0.34863680601119995,-0.6617951989173889,-0.820618748664856,-6.590179443359375,-5.409346580505371,2.7010464668273926,2.3978588581085205
336,-6.024942398071289,9.954856872558594,-1.8874973058700562,1.4932831525802612,2.8898138999938965,1.9081456661224365,-4.372001647949219,-5.127458572387695,-5.366990566253662,-5.273475646972656,12.101079940795898,10.845287322998047,-3.1165220737457275,0.23231786489486694,-1.4772465229034424,1.7501041889190674,6.193508148193359,3.2086546421051025,6.808131217956543,4.970132827758789,-15.01856803894043,-14.560064315795898,-0.004617510829120874,0.035423099994659424,-1.3746106624603271,2.1473894119262695,-0.3702634871006012,0.27153313159942627,0.6967015862464905,0.48147332668304443,-0.745029628276825,-0.9328832626342773,-6.524558067321777,-5.451535701751709,2.5961129665374756,2.259315252304077
337,-6.008340358734131,10.076644897460938,-1.7893317937850952,1.1365962028503418,2.7293589115142822,2.2198445796966553,-4.585324287414551,-5.330839157104492,-5.217479705810547,-5.2913055419921875,11.582470893859863,10.341011047363281,-2.660705804824829,0.4356980323791504,-1.7569823265075684,2.393064498901367,5.906396389007568,3.2238755226135254,5.827150821685791,3.8941752910614014,-14.882445335388184,-14.662424087524414,0.000988708809018135,0.02537018060684204,-1.3768044710159302,2.196073293685913,-0.36559444665908813,0.19560857117176056,0.6647558808326721,0.5453005433082581,-0.7899985909461975,-0.9688327312469482,-6.477399826049805,-5.460987091064453,2.445328950881958,2.142746925354004
338,-6.3999433517456055,10.106497764587402,-1.535738468170166,0.8346962332725525,2.864428758621216,2.548452615737915,-4.770076274871826,-5.373382091522217,-5.334465026855469,-5.196617603302002,10.908577919006348,9.88761043548584,-2.5236144065856934,0.13714373111724854,-2.146212100982666,2.920307159423828,5.8255438804626465,3.1177995204925537,4.81961727142334,2.797287702560425,-14.993221282958984,-14.621224403381348,-0.012248335406184196,0.031852319836616516,-1.4949970245361328,2.214909791946411,-0.2931349277496338,0.14140434563159943,0.735662579536438,0.6237229704856873,-0.8424400687217712,-0.9902980327606201,-6.376732349395752,-5.452941417694092,2.2498257160186768,2.037527322769165
339,-6.655533313751221,10.532933235168457,-1.3768128156661987,0.48536771535873413,3.0386252403259277,2.9956586360931396,-4.712924003601074,-5.356302261352539,-5.193941116333008,-5.227746963500977,9.926989555358887,9.447044372558594,-3.003063440322876,0.6612187623977661,-2.5515236854553223,3.3814468383789062,6.159086227416992,3.316051721572876,3.843151807785034,1.740695595741272,-15.213188171386719,-14.88177490234375,5.995458923280239e-05,0.04840940982103348,-1.5381208658218384,2.334475517272949,-0.2770353853702545,0.05827032029628754,0.7880923748016357,0.7394235730171204,-0.8298106789588928,-1.0147156715393066,-6.280360221862793,-5.415804862976074,1.9584194421768188,1.9366438388824463
340,-6.606596946716309,10.378183364868164,-1.2253469228744507,0.31202229857444763,2.9833500385284424,3.3115508556365967,-4.664678573608398,-5.257684230804443,-4.937486171722412,-4.9633636474609375,8.210521697998047,8.571040153503418,-1.5472619533538818,-0.5153002738952637,-3.003394842147827,3.8336026668548584,5.341222286224365,2.664653778076172,2.8029632568359375,0.6426134705543518,-14.700423240661621,-14.68605899810791,-0.025605272501707077,0.008193476125597954,-1.5294402837753296,2.2922494411468506,-0.24884214997291565,0.04550279676914215,0.7543138265609741,0.8026539087295532,-0.8462100625038147,-1.0189745426177979,-6.1620354652404785,-5.372453689575195,1.4592022895812988,1.6691135168075562
341,-7.882458209991455,11.56801986694336,-1.0147576332092285,0.01634259521961212,3.8707005977630615,4.41436243057251,-4.3733601570129395,-4.711490154266357,-5.403127193450928,-5.11944580078125,6.381970405578613,8.421584129333496,-3.2832517623901367,-0.05169355869293213,-3.2217719554901123,4.227622985839844,6.501770973205566,2.545541524887085,2.0772011280059814,-0.10889783501625061,-15.354108810424805,-0.03924793004989624,-0.05177706107497215,0.06846886873245239,-1.8865529298782349,2.616892099380493,-0.1973487138748169,-0.04062657058238983,1.087461233139038,1.1400054693222046,-0.7894026637077332,-0.8852914571762085,-5.9634809494018555,-5.280570983886719,1.046847939491272,1.7378699779510498
342,-7.493075370788574,11.087124824523926,-0.9033812880516052,-0.11157342046499252,3.6167500019073486,5.107341289520264,-4.858273983001709,-3.8101511001586914,-4.759978771209717,-18.642614364624023,3.9599928855895996,7.470207214355469,-1.219679594039917,-1.4398804903030396,-3.675607204437256,4.512906551361084,5.420533180236816,0.9385223388671875,0.9964543581008911,-0.9147109985351562,-14.700215339660645,0.2686915993690491,-0.07249493896961212,0.0010310327634215355,-1.7754366397857666,2.351245641708374,-0.18702265620231628,-0.035108551383018494,0.9219607710838318,1.2421070337295532,-0.9960930943489075,-0.6639765501022339,-6.148040294647217,-4.95397424697876,0.46829932928085327,1.4166548252105713
343,-9.258673667907715,12.31228256225586,-0.6428974270820618,-1.1581777334213257,3.358182668685913,6.979966163635254,-6.021952152252197,-4.939281940460205,-5.410776615142822,-17.76389503479004,-1.3590893745422363,5.514697074890137,-3.733783483505249,0.04694086313247681,-4.252785682678223,4.35001802444458,6.586936950683594,2.888085126876831,-0.1309266835451126,-1.7788434028625488,-15.49717903137207,0.027378931641578674,-0.04825270548462868,0.08285009860992432,-2.253279685974121,2.704662799835205,-0.10923886299133301,-0.32318806648254395,0.7566261887550354,1.73201322555542,-1.3749688863754272,-1.2144924402236938,-6.071249008178711,-4.201211929321289,-0.9959569573402405,0.84797203540802
344,-7.819103717803955,11.51953125,-1.1587706804275513,-0.6499866247177124,2.809521198272705,4.392148494720459,-4.473137855529785,-3.484792947769165,-4.436230182647705,-16.40145492553711,-9.398767471313477,0.7913098931312561,-1.257332444190979,0.47951096296310425,-3.7105042934417725,4.231878757476807,5.258822441101074,3.5565741062164307,3.9795758724212646,-2.2922351360321045,-0.0418664924800396,0.03034573793411255,-15.502961158752441,-0.0212448351085186,-1.7677308320999146,2.4881980419158936,-0.3528279662132263,-0.055017098784446716,0.6570039987564087,0.6631858348846436,-0.7260833382606506,-0.5579521059989929,-5.258733749389648,-3.7626874446868896,-3.480684995651245,-0.47204819321632385
345,-9.72671127319336,11.901934623718262,-1.2187854051589966,-0.5072323083877563,4.90325927734375,3.642908811569214,-4.742813587188721,0.6071850061416626,-18.55329132080078,-15.748411178588867,-3.5263919830322266,-7.916199207305908,-0.6678637266159058,2.160896062850952,-3.910372495651245,3.4698410034179688,5.283127784729004,4.543264865875244,2.862705707550049,2.813908338546753,0.07954071462154388,-0.3091876208782196,-15.40900707244873,-15.547207832336426,-2.3773343563079834,2.7767419815063477,-0.2838048040866852,-0.07252036035060883,1.5552650690078735,0.73517245054245,-0.8050859570503235,0.6867412328720093,-4.752346992492676,-3.648519277572632,-5.611452579498291,-3.1460654735565186
346,-9.336841583251953,10.878096580505371,-1.3345355987548828,-1.2114537954330444,5.543381690979004,1.9346619844436646,-2.621760845184326,0.5819399356842041,-16.751190185546875,-14.685691833496094,-4.027407169342041,-3.0507895946502686,-0.7533619999885559,1.4738216400146484,-4.175441265106201,3.7071776390075684,5.980848789215088,3.8223793506622314,2.024749517440796,2.8365235328674316,0.03559286147356033,0.08741328120231628,-15.297772407531738,-15.640137672424316,-1.9313023090362549,2.5074784755706787,-0.3264351487159729,-0.3032039403915405,1.4977089166641235,0.20886406302452087,-0.2396998405456543,0.13879570364952087,-3.6922695636749268,-3.3450214862823486,-5.0393452644348145,-4.4190778732299805
347,-9.777827262878418,11.315317153930664,-0.734208345413208,-1.8411206007003784,4.540797710418701,2.6683619022369385,-2.9625508785247803,-0.5408130884170532,-16.06683921813965,-15.052916526794434,-4.342156410217285,-3.5547008514404297,-1.484532356262207,1.2145601511001587,-4.557822227478027,3.3794171810150146,6.571375370025635,3.3561527729034424,1.2673296928405762,2.673365592956543,-0.054987892508506775,0.004810765385627747,-15.404470443725586,-15.537941932678223,-2.221696615219116,2.653447151184082,-0.07965521514415741,-0.4025599956512451,1.0076223611831665,0.7206172347068787,-0.6094599962234497,-0.25057682394981384,-3.7608633041381836,-3.561976909637451,-5.205043315887451,-4.661602020263672
348,-9.355748176574707,11.525811195373535,-0.45979923009872437,-2.349576711654663,3.729005813598633,3.2156097888946533,-2.500408172607422,-1.6453546285629272,-15.722389221191406,-14.952383041381836,-4.326508522033691,-3.895530939102173,-1.5101549625396729,1.9130536317825317,-4.840183734893799,3.2028417587280273,6.657107830047607,3.7603769302368164,0.42683589458465576,2.284566640853882,0.05105125904083252,0.057578980922698975,-15.290813446044922,-15.521380424499512,-2.0668702125549316,2.6720707416534424,-0.06695881485939026,-0.4873114228248596,0.8435340523719788,0.8066762089729309,-0.43088752031326294,-0.43908819556236267,-3.7524399757385254,-3.5239622592926025,-5.188673496246338,-4.7566328048706055
349,-9.51081657409668,11.19199275970459,-0.06146208941936493,-2.6397154331207275,3.4661765098571777,3.21714448928833,-1.9710217714309692,-2.2697527408599854,-15.624645233154297,-15.025882720947266,-4.465450286865234,-4.031659126281738,-1.505719780921936,1.253129482269287,-5.106479644775391,2.896589994430542,6.102630138397217,3.8203840255737305,-0.33524590730667114,1.7169246673583984,-0.10436734557151794,0.03127935528755188,-15.301794052124023,-15.52039909362793,-2.1671388149261475,2.6252377033233643,0.04783487319946289,-0.5156865119934082,0.8567913770675659,0.7492095232009888,-0.3284364342689514,-0.503644585609436,-3.710176944732666,-3.5517919063568115,-5.189363479614258,-4.821470737457275
350,-9.580488204956055,11.680609703063965,0.1888272613286972,-2.8386569023132324,3.6430459022521973,3.441413402557373,-1.661990761756897,-2.6706976890563965,-15.393004417419434,-14.928696632385254,-4.469680309295654,-4.097316741943359,-0.8437498807907104,2.307965040206909,-5.156501770019531,2.655951738357544,5.671205520629883,4.106640815734863,-1.0640674829483032,1.078004240989685,-0.004130564630031586,-0.23965385556221008,-15.243833541870117,-15.492669105529785,-2.168348550796509,2.743370771408081,0.06358212232589722,-0.5475060343742371,0.9421877861022949,0.8323025107383728,-0.30152130126953125,-0.5635947585105896,-3.6871449947357178,-3.5008888244628906,-5.1937031745910645,-4.880394458770752
351,-10.115103721618652,11.11233901977539,0.6985489726066589,-2.8217697143554688,3.8388888835906982,3.3609001636505127,-1.3836302757263184,-2.8919615745544434,-15.240124702453613,-14.754140853881836,-4.536325454711914,-4.148256778717041,-2.008042097091675,0.9983924627304077,-5.44406270980835,2.139253854751587,6.346928596496582,3.5790867805480957,-1.725368857383728,0.29185688495635986,-0.00839884951710701,0.06814280152320862,-15.29231071472168,-15.485475540161133,-2.2897372245788574,2.630859613418579,0.17735272645950317,-0.5211876034736633,0.9814549684524536,0.7787831425666809,-0.2542649507522583,-0.5969688892364502,-3.580322265625,-3.533200979232788,-5.218893051147461,-4.880004405975342
352,-9.619068145751953,12.085526466369629,0.7570483684539795,-3.037400722503662,3.154383420944214,3.962458372116089,-1.244525671005249,-3.3515074253082275,-15.009559631347656,-14.907624244689941,-4.493288516998291,-4.203648567199707,-2.564164638519287,3.085000514984131,-5.281674385070801,1.892268180847168,6.723933696746826,4.678739547729492,-2.3429408073425293,-0.5596758127212524,-0.13475847244262695,-0.2774430215358734,-15.221613883972168,-15.415263175964355,-2.194706916809082,2.873584270477295,0.13421759009361267,-0.6028387546539307,0.7070220708847046,0.9947425127029419,-0.24905520677566528,-0.740238606929779,-3.5043485164642334,-3.4853203296661377,-5.2096028327941895,-5.025238513946533
353,-9.43465805053711,10.995765686035156,1.104544997215271,-3.1555190086364746,2.4493017196655273,2.9962337017059326,-1.1862552165985107,-3.8091115951538086,-14.427123069763184,-14.601018905639648,-4.569223880767822,-4.292229175567627,-3.120480537414551,1.410200834274292,-5.504886150360107,1.3019812107086182,6.757297039031982,4.027928829193115,-3.0113532543182373,-1.7256500720977783,-0.13344351947307587,0.10779145359992981,-15.28649616241455,-15.379805564880371,-2.213933229446411,2.672112226486206,0.22791960835456848,-0.6149981021881104,0.5204244256019592,0.5859513282775879,-0.253012478351593,-0.8606767654418945,-3.288280487060547,-3.4735167026519775,-5.242575168609619,-5.041870594024658
354,-9.188384056091309,12.024932861328125,1.2321501970291138,-3.3914976119995117,2.0889806747436523,3.514460325241089,-1.5426218509674072,-3.982619285583496,-13.918697357177734,-14.685919761657715,-4.5094218254089355,-4.356902122497559,-2.932265043258667,3.154764175415039,-5.228087902069092,1.0610032081604004,6.6833906173706055,4.803003787994385,-3.7979984283447266,-2.9261934757232666,-0.07949122786521912,-0.28160953521728516,-15.10906982421875,-15.306324005126953,-2.187270164489746,2.8875200748443604,0.22209256887435913,-0.6927496790885925,0.47904327511787415,0.8899325132369995,-0.400820791721344,-0.9016745686531067,-3.1256492137908936,-3.3768866062164307,-5.233077049255371,-5.127594470977783
355,-9.385873794555664,11.135825157165527,1.7044126987457275,-3.672703742980957,1.6346971988677979,2.8323230743408203,-1.9900097846984863,-4.287836074829102,-13.07125473022461,-14.212943077087402,-4.679823398590088,-4.4130144119262695,-3.476498603820801,2.2031335830688477,-5.333733081817627,0.3555814027786255,6.703529357910156,4.447099208831787,-4.698145389556885,-4.318077564239502,-0.04449276626110077,0.09962692856788635,-15.164480209350586,-15.308473587036133,-2.2586750984191895,2.7368509769439697,0.34579700231552124,-0.7555413842201233,0.34186121821403503,0.5853796005249023,-0.5328453183174133,-1.036354422569275,-2.7948176860809326,-3.3166823387145996,-5.243005275726318,-5.032273769378662
356,-9.072016716003418,11.895051956176758,2.026296377182007,-4.164648532867432,1.2541208267211914,3.1582882404327393,-2.866088628768921,-4.697149753570557,-12.025428771972656,-14.109943389892578,-4.6268181800842285,-4.404040813446045,-3.487593173980713,2.7227845191955566,-5.067856788635254,-0.23847028613090515,6.667112827301025,4.681512355804443,-5.879942417144775,-5.816061019897461,-0.03307856619358063,-0.18276970088481903,-15.03589916229248,-15.223896026611328,-2.1754677295684814,2.9561965465545654,0.38096922636032104,-0.9101985096931458,0.2579071819782257,0.7933725118637085,-0.8371531963348389,-1.221449851989746,-2.4731452465057373,-3.162170171737671,-5.235315322875977,-5.024343967437744
357,-9.166238784790039,11.889381408691406,2.5031397342681885,-4.6580071449279785,0.6714473962783813,3.011549472808838,-3.8544368743896484,-5.18744421005249,-10.576828956604004,-13.485794067382812,-4.738245964050293,-4.426238059997559,-3.516496181488037,2.6435487270355225,-4.9357194900512695,-1.117720127105713,6.467310428619385,4.733663558959961,-7.3568501472473145,-7.506145477294922,-0.02371821366250515,0.039899542927742004,-15.100446701049805,-15.282247543334961,-2.2446892261505127,2.994786500930786,0.48636582493782043,-1.0325628519058228,0.07237477600574493,0.6997548341751099,-1.1673294305801392,-1.4570536613464355,-2.0443408489227295,-3.0220000743865967,-5.1994242668151855,-4.835813999176025
358,-9.167677879333496,12.235113143920898,3.04929780960083,-5.168140411376953,0.11186204850673676,2.870387077331543,-4.854883670806885,-5.6508708000183105,-8.419361114501953,-12.861465454101562,-4.663642883300781,-4.285655975341797,-3.684427499771118,2.4805045127868652,-4.650193214416504,-2.190058708190918,6.322657585144043,4.737944602966309,-9.149950981140137,-9.367182731628418,-0.015192816033959389,0.01241748034954071,-15.165682792663574,-15.327568054199219,-2.2316486835479736,3.116788625717163,0.5906744599342346,-1.1877806186676025,-0.06751154363155365,0.6642379760742188,-1.5577183961868286,-1.7256693840026855,-1.440691590309143,-2.736318349838257,-5.161959171295166,-4.617227077484131
359,-9.156601905822754,12.549184799194336,3.557027816772461,-5.537927627563477,-1.1222991943359375,2.5436110496520996,-5.832290172576904,-6.314199447631836,-4.5646772384643555,-11.127728462219238,-4.58818244934082,-4.084194183349609,-3.9138636589050293,1.9069693088531494,-4.447552680969238,-3.588090181350708,5.8963165283203125,4.615235805511475,-11.271567344665527,-11.504209518432617,-0.005119767505675554,-0.0014625489711761475,-15.390594482421875,-15.4747896194458,-2.251659393310547,3.1809284687042236,0.6824715733528137,-1.3079147338867188,-0.3286905884742737,0.5546858906745911,-2.058771848678589,-2.199556589126587,-0.39976319670677185,-2.130305767059326,-5.12891960144043,-4.228931427001953
360,-8.999842643737793,12.813250541687012,3.956556558609009,-5.524198055267334,-2.584069013595581,2.2357711791992188,-6.6398162841796875,-6.956369876861572,2.3904247283935547,-7.820166110992432,-4.35640287399292,-3.6934518814086914,-4.001227378845215,2.0193822383880615,-3.853292226791382,-4.9336113929748535,5.361299991607666,4.711785316467285,-13.657386779785156,-13.862226486206055,2.597191095352173,-0.00017660297453403473,-15.448188781738281,-15.532610893249512,-2.2060611248016357,3.1294009685516357,0.7444255948066711,-1.3285720348358154,-0.5998351573944092,0.4793716073036194,-2.677335500717163,-2.829710006713867,1.4500070810317993,-1.1463351249694824,-5.067041873931885,-3.674482583999634
361,-8.27386474609375,11.72985553741455,4.440253257751465,-5.333811283111572,-4.40546178817749,1.760528564453125,-7.080765724182129,-7.328986644744873,10.844836235046387,-0.6986936926841736,-4.153243541717529,-3.164752721786499,-1.4147108793258667,2.3350062370300293,-2.9631025791168213,-6.225043773651123,3.5659127235412598,4.907710075378418,-16.170907974243164,-16.51589012145996,14.356645584106445,-0.028008952736854553,-15.487496376037598,-14.714376449584961,-1.898361325263977,2.6046478748321533,0.862023115158081,-1.324198842048645,-0.9719889760017395,0.344280481338501,-3.393594980239868,-3.5961968898773193,5.375543594360352,0.8180260062217712,-4.5625529289245605,-2.8076012134552
362,-6.300076484680176,8.668320655822754,4.424344539642334,-5.428107261657715,-4.398114204406738,2.083009719848633,-6.9992523193359375,-6.6985297203063965,5.289195537567139,9.45358943939209,-3.434508800506592,-2.6813437938690186,0.46711939573287964,2.9089739322662354,-1.946150302886963,-7.309429168701172,2.23002028465271,5.817685127258301,-18.826242446899414,-19.011045455932617,15.398884773254395,9.465263366699219,-14.494120597839355,-12.898097038269043,-0.9437665939331055,1.5054423809051514,0.826172411441803,-1.477348804473877,-0.8203980326652527,0.5538477301597595,-4.12247896194458,-3.7872581481933594,9.421248435974121,3.9796030521392822,-2.9414308071136475,-1.5353236198425293
363,-3.2756459712982178,4.032464504241943,4.036346912384033,-4.546931743621826,-4.701991081237793,2.0954976081848145,-6.33530330657959,-5.31403112411499,4.803511142730713,8.28598690032959,-2.701141595840454,-2.1398589611053467,1.7095952033996582,0.9551738500595093,-1.1580207347869873,-8.182684898376465,1.7369043827056885,4.968339920043945,-20.590167999267578,-20.062755584716797,15.892387390136719,15.848073959350586,-12.51595687866211,-10.333735466003418,-0.19386792182922363,0.23517683148384094,0.7325707077980042,-1.1094467639923096,-0.9475514888763428,0.5363249778747559,-4.801880836486816,-3.2720720767974854,8.037322044372559,5.8100128173828125,-1.2649226188659668,-0.6606266498565674
364,1.4170074462890625,-0.4474412798881531,3.226205587387085,-3.5167078971862793,-5.903879165649414,0.7631253600120544,-5.3395256996154785,-3.694579839706421,4.385769844055176,3.8570916652679443,-0.6872230768203735,2.829801559448242,3.099839448928833,-0.4748813509941101,-0.5834265947341919,-8.06984806060791,-1.7298961877822876,3.649559736251831,-21.2033634185791,-20.34294891357422,15.687931060791016,15.664908409118652,-8.466259956359863,-2.6787164211273193,0.9433228969573975,-0.7459429502487183,0.5323298573493958,-0.8173253536224365,-1.3097926378250122,-0.04167764633893967,-4.25382661819458,-1.8614648580551147,7.147526264190674,5.999245643615723,0.6926982998847961,1.4669451713562012
365,5.487298011779785,-5.142813682556152,2.7530479431152344,-2.5241072177886963,-4.611801624298096,-1.9703675508499146,-4.261260509490967,-1.3536393642425537,4.58167839050293,4.116038799285889,12.590575218200684,14.446158409118652,5.778725624084473,-3.45766282081604,-1.5375216007232666,-6.869368076324463,-4.633909225463867,1.4087622165679932,-22.264055252075195,-20.908931732177734,15.69951057434082,15.687246322631836,8.7669095993042,15.676127433776855,1.942285180091858,-1.7620950937271118,0.48775240778923035,-0.5075815320014954,-0.8975185751914978,-0.7130523920059204,-2.859800100326538,0.08529641479253769,6.694635391235352,5.294888973236084,3.895280122756958,5.919445514678955
366,3.0223238468170166,-4.987972259521484,5.987292289733887,-1.0499862432479858,-7.260047435760498,-4.3314900398254395,-1.0001156330108643,6.807279586791992,4.510458946228027,4.180819988250732,8.288551330566406,3.6449503898620605,7.683045864105225,-5.614545822143555,0.35740578174591064,-6.689687252044678,-8.225044250488281,-1.8851312398910522,-21.054189682006836,-16.530147552490234,15.699233055114746,15.680037498474121,15.64400863647461,15.66769790649414,0.4323866069316864,-1.2076302766799927,1.5974812507629395,0.006338074803352356,-2.396008014678955,-1.1684616804122925,0.6457437872886658,2.0099456310272217,6.337843894958496,5.521787166595459,5.068060398101807,5.425966262817383
367,1.9621461629867554,-4.542694091796875,7.13765287399292,-0.49724334478378296,-7.5826520919799805,-7.097879409790039,9.676280975341797,15.632073402404785,4.576962947845459,4.185728549957275,3.9539568424224854,4.034719467163086,8.595890045166016,-7.506187438964844,2.30313777923584,-6.627388954162598,-10.707864761352539,-5.979193687438965,-15.796009063720703,-10.701940536499023,15.566991806030273,15.668776512145996,15.632816314697266,15.620414733886719,0.38031747937202454,-1.1314319372177124,1.7213456630706787,-0.0317160040140152,-2.560145854949951,-2.102121591567993,2.6626036167144775,3.270214557647705,6.993670463562012,5.3529887199401855,5.973980903625488,5.6182475090026855
368,0.22338815033435822,-2.2323780059814453,7.438255310058594,-0.800071120262146,-8.8518648147583,-9.424004554748535,18.13801383972168,18.89999771118164,4.736151695251465,4.213066101074219,4.308755874633789,4.17338752746582,8.952418327331543,-7.77203893661499,4.055207252502441,-5.887009143829346,-13.472054481506348,-10.38114070892334,-8.785903930664062,-4.05665922164917,15.620267868041992,15.616493225097656,15.469634056091309,15.584299087524414,-0.24728533625602722,-0.24699029326438904,1.8056108951568604,-0.2570004463195801,-3.883314371109009,-3.4016971588134766,3.915478467941284,4.100242614746094,6.941267013549805,5.432436466217041,6.335333824157715,5.341497898101807
369,-1.774294376373291,-0.8034009337425232,6.997896194458008,-0.6816055774688721,-8.73481559753418,-9.19758415222168,19.689510345458984,18.09807777404785,4.685671329498291,4.250771522521973,4.536194324493408,4.187051773071289,8.155641555786133,-7.571396827697754,4.696190357208252,-5.15794563293457,-16.045080184936523,-14.194999694824219,-1.9369622468948364,1.695169448852539,15.620601654052734,15.635174751281738,15.445281028747559,15.558369636535645,-0.4994133412837982,0.03551974892616272,1.6912944316864014,-0.14569337666034698,-4.381438255310059,-3.743802547454834,4.50331449508667,4.421567440032959,6.920352935791016,5.346469879150391,5.91522741317749,5.094025135040283
370,-3.1240923404693604,1.041646957397461,6.351780414581299,-0.3210655450820923,-7.939661502838135,-8.072091102600098,18.44967269897461,16.298725128173828,4.6598968505859375,4.161780834197998,4.526015281677246,4.221482753753662,6.599132537841797,-6.802371501922607,4.759080410003662,-4.499654769897461,-18.31590461730957,-17.15593719482422,3.7716503143310547,6.170138359069824,15.654850006103516,15.66214656829834,15.462395668029785,15.611905097961426,-0.6409615278244019,0.42297571897506714,1.4771147966384888,-0.016176745295524597,-4.653026580810547,-3.942044258117676,5.124716281890869,4.8243021965026855,6.710174560546875,5.064937114715576,5.608604907989502,5.168820381164551
371,-4.000052452087402,2.5937039852142334,6.392154216766357,1.9571324586868286,-6.948223114013672,-6.758965969085693,16.51519012451172,14.79940128326416,4.548374652862549,4.058928966522217,4.475255012512207,4.219521522521973,4.60211181640625,-5.281466960906982,5.111380577087402,-3.4798803329467773,-19.703882217407227,-19.040433883666992,8.001870155334473,9.548255920410156,15.642642974853516,15.700892448425293,15.54297161102295,15.489246368408203,-0.7727364301681519,0.5974231958389282,1.584865927696228,0.6228179931640625,-4.869593620300293,-3.9084537029266357,5.859098434448242,5.588264465332031,6.266576766967773,4.870588779449463,5.514228343963623,5.359002590179443
372,-3.9297714233398438,2.314394235610962,6.275091171264648,4.542819499969482,-6.39486837387085,-5.631441116333008,14.60152816772461,13.456634521484375,4.438917636871338,3.955674409866333,4.3889079093933105,4.359567165374756,2.827399253845215,-3.3931965827941895,6.05448579788208,-1.8631916046142578,-20.22865867614746,-19.779296875,10.804691314697266,11.865456581115723,15.62982177734375,15.531359672546387,15.638410568237305,15.696906089782715,-0.7039860486984253,0.37502095103263855,1.5623091459274292,1.1529160737991333,-5.2922186851501465,-3.572336435317993,6.362363815307617,6.259181976318359,5.748773574829102,4.731801986694336,5.538815975189209,5.377144813537598
373,-1.5681664943695068,1.25617516040802,5.892160415649414,6.1757731437683105,-6.3835368156433105,-4.36428165435791,13.183846473693848,12.424627304077148,4.29662561416626,4.055025100708008,4.3070759773254395,4.109284400939941,2.3328888416290283,-1.4927669763565063,7.517470359802246,0.19930176436901093,-20.754121780395508,-20.06774139404297,12.64175796508789,13.40943431854248,15.66203784942627,15.531981468200684,15.634220123291016,15.679146766662598,-0.023355457931756973,0.11380365490913391,1.4996718168258667,1.4389913082122803,-5.994049072265625,-2.384775161743164,6.784048557281494,6.809629440307617,5.250088691711426,4.640744686126709,5.605784893035889,5.107443809509277
374,2.7812767028808594,2.5859596729278564,6.4954833984375,5.806286334991455,-6.080848693847656,-1.1624603271484375,12.074309349060059,11.494505882263184,4.2253851890563965,3.935779333114624,4.329284191131592,4.012967109680176,3.793158531188965,1.2460594177246094,10.126386642456055,2.7542946338653564,-21.04572868347168,-19.711366653442383,13.84266471862793,14.350326538085938,15.690340042114258,15.655492782592773,15.595605850219727,15.678291320800781,1.2229934930801392,0.6753457188606262,2.017977476119995,1.1981923580169678,-5.688423156738281,0.5368427038192749,6.751187801361084,6.645726203918457,5.345170974731445,4.323146343231201,5.6742844581604,4.748436450958252
375,4.447673797607422,4.945146083831787,7.537045478820801,5.379923343658447,-4.625118255615234,16.020414352416992,10.986040115356445,10.517765045166016,4.2561259269714355,3.674769163131714,4.407504081726074,3.8940043449401855,5.619190216064453,4.30258321762085,12.897154808044434,5.011913299560547,-20.868066787719727,-14.853731155395508,14.514067649841309,14.823492050170898,15.669633865356445,15.649733543395996,15.531189918518066,15.589332580566406,1.3286285400390625,1.4339613914489746,2.9738962650299072,1.221370816230774,-2.8057680130004883,4.980305194854736,5.938182353973389,5.700489044189453,5.699514389038086,3.9951188564300537,5.844149112701416,4.485290050506592
376,-3.324894905090332,9.046501159667969,7.880941867828369,6.127668857574463,8.474508285522461,25.21685218811035,9.462065696716309,7.818823337554932,4.497447490692139,3.1296939849853516,4.368027210235596,3.7941322326660156,5.617772579193115,8.460715293884277,15.467752456665039,7.134065628051758,-17.454238891601562,-7.334675312042236,14.712244033813477,14.80588436126709,15.68454360961914,12.84154987335205,15.540821075439453,15.642786026000977,-1.6806228160858154,3.2744038105010986,3.691005229949951,1.735878825187683,5.049994468688965,7.557432174682617,4.255754470825195,2.7240684032440186,6.956938743591309,2.7990047931671143,5.283341884613037,4.080654144287109
377,-11.534340858459473,9.05935287475586,1.835263729095459,0.3799929916858673,24.596698760986328,25.291767120361328,2.540321111679077,-1.3042300939559937,4.516404151916504,-12.476273536682129,4.256246566772461,3.351013660430908,2.01084566116333,0.9599647521972656,14.198823928833008,5.649537563323975,-10.516509056091309,-2.252936363220215,13.00529670715332,12.593557357788086,13.79698657989502,-2.562304735183716,15.579291343688965,15.709757804870605,-3.3311119079589844,3.2160003185272217,-0.5831153392791748,-0.8225258588790894,9.280640602111816,9.351619720458984,-0.7873641848564148,-2.5757546424865723,6.55042028427124,-8.281061172485352,5.031859874725342,3.22320294380188
378,-10.546707153320312,14.805694580078125,-7.555815696716309,-4.068936347961426,26.616111755371094,22.537595748901367,-4.904541969299316,-14.394462585449219,-9.732406616210938,-12.702404975891113,4.1826605796813965,3.2445313930511475,7.718329906463623,1.5934585332870483,12.063522338867188,4.362470626831055,0.7859219312667847,1.233397364616394,9.990155220031738,8.008214950561523,-5.662546157836914,-10.624003410339355,15.68187427520752,15.347256660461426,-2.1350672245025635,4.336498737335205,-2.404663324356079,-1.2361104488372803,8.985759735107422,7.184504985809326,-1.901526927947998,-4.030069828033447,-14.27477741241455,-5.392764091491699,5.044645309448242,3.470829725265503
379,-16.830102920532227,14.483285903930664,-8.880988121032715,-3.0309956073760986,20.125762939453125,20.039588928222656,-6.104764461517334,-13.299241065979004,-10.354299545288086,-7.5688557624816895,3.895010232925415,3.8257088661193848,3.1340222358703613,0.23572027683258057,7.8891377449035645,1.503543734550476,2.879946708679199,1.9734268188476562,7.871664524078369,4.654130458831787,-9.432855606079102,-10.43740177154541,15.651056289672852,15.615472793579102,-3.806715726852417,3.6499669551849365,-1.4754379987716675,-0.42681819200515747,7.073917388916016,6.61899995803833,-1.0903438329696655,-2.320101499557495,-6.066992282867432,-4.3394622802734375,4.3968071937561035,4.358706951141357
380,-15.13579273223877,14.213746070861816,-7.398222923278809,-0.8701494932174683,17.891651153564453,17.931930541992188,-2.6986610889434814,-6.24072265625,-9.202947616577148,-7.985107421875,3.9135584831237793,3.9092228412628174,-0.11243897676467896,-0.30941784381866455,4.921778678894043,-0.34822195768356323,3.4940009117126465,2.45497465133667,6.877864837646484,3.251129388809204,-9.771154403686523,-10.889923095703125,15.644092559814453,15.644782066345215,-3.201098918914795,3.129068613052368,-1.1298872232437134,0.07673133909702301,5.393111228942871,4.77493143081665,-0.10195497423410416,-0.4020434319972992,-5.470245361328125,-4.302628040313721,4.62961483001709,5.010076522827148
381,-13.140027046203613,13.407186508178711,-7.280607223510742,1.4572598934173584,15.533617973327637,15.366089820861816,-1.4571242332458496,-1.8682048320770264,-9.78901481628418,-7.7813568115234375,3.915938138961792,3.9870762825012207,-1.3428763151168823,-0.8394483327865601,2.8019697666168213,-1.1859644651412964,3.626032829284668,3.1341278553009033,6.080568313598633,2.7113564014434814,-10.15660285949707,-11.58497428894043,15.607251167297363,15.61894702911377,-2.8829967975616455,2.80503249168396,-1.3393440246582031,0.593838095664978,3.9415807723999023,3.580745220184326,-0.11015758663415909,0.15869608521461487,-6.084958553314209,-4.411083698272705,4.62870454788208,4.9471588134765625
382,-12.139435768127441,12.444310188293457,-6.899062156677246,3.4998974800109863,13.069607734680176,11.95058822631836,0.10693565756082535,1.1518903970718384,-9.822348594665527,-7.403330326080322,3.989899158477783,4.063619136810303,-2.8437275886535645,-1.9644404649734497,0.7961914539337158,-1.7657296657562256,5.137849807739258,3.427373170852661,5.694075584411621,2.7112810611724854,-12.425963401794434,-12.408122062683105,14.961316108703613,15.286676406860352,-2.7540688514709473,2.4711947441101074,-1.3018202781677246,0.942773699760437,2.9425206184387207,2.406019926071167,0.20294153690338135,0.650915801525116,-6.249184608459473,-4.674803733825684,4.782061576843262,4.992498874664307
383,-11.288357734680176,12.316654205322266,-5.934694766998291,4.931905746459961,10.504977226257324,9.146763801574707,0.7381752729415894,2.3462436199188232,-7.723774433135986,-6.894054412841797,4.610394477844238,4.360693454742432,-3.012582302093506,-1.2839765548706055,0.12707415223121643,-1.903774619102478,5.873828887939453,3.7762436866760254,5.276430606842041,7.680235385894775,-12.81810474395752,-13.114874839782715,15.569040298461914,0.025333404541015625,-2.73242449760437,2.437021493911743,-1.1056705713272095,1.1249091625213623,2.438699245452881,1.7370938062667847,0.28595030307769775,0.6957496404647827,-6.34632682800293,-4.961418628692627,4.860104560852051,4.887388229370117
384,-9.482343673706055,11.711905479431152,-6.021427631378174,4.965298652648926,8.21480655670166,7.198892116546631,1.3709683418273926,2.0432240962982178,-7.4254865646362305,-6.375611305236816,3.959285020828247,16.544601440429688,-3.3971245288848877,-1.3943321704864502,-0.9378013610839844,-1.5778948068618774,6.0444416999816895,3.850040912628174,5.194991111755371,8.021394729614258,-13.258219718933105,-13.494963645935059,15.213330268859863,0.014214875176548958,-1.955740213394165,2.389174461364746,-1.2569358348846436,0.9481511116027832,1.7957981824874878,1.4082707166671753,0.4339686632156372,0.5734149217605591,-6.511828899383545,-5.067146301269531,4.449382781982422,3.69144606590271
385,-8.259110450744629,11.715227127075195,-4.64176082611084,4.183076858520508,6.525149822235107,5.9450602531433105,1.7057627439498901,0.9779057502746582,-7.057961463928223,-6.031477451324463,4.246490478515625,15.377579689025879,-3.726151704788208,-1.0535094738006592,-0.7246254086494446,-1.1920443773269653,6.2112250328063965,4.1014251708984375,9.855196952819824,8.201983451843262,-13.82081413269043,-13.922561645507812,-0.005999565124511719,0.0038688331842422485,-1.7786643505096436,2.4301540851593018,-0.8053180575370789,0.707544207572937,1.4007521867752075,1.2002174854278564,0.46707168221473694,0.07864885777235031,-6.725347518920898,-4.959318161010742,4.506248474121094,3.418517589569092
386,-8.040096282958984,11.640623092651367,-4.250039577484131,4.431853771209717,5.093908786773682,3.2733590602874756,-0.831929624080658,-0.24492616951465607,-6.532558917999268,-5.627692699432373,14.423504829406738,13.326635360717773,-3.787147283554077,-0.5435559749603271,-1.0839887857437134,-0.4003031849861145,6.261593818664551,3.9083356857299805,9.646564483642578,8.086014747619629,-14.221639633178711,-14.163408279418945,-0.00038575869984924793,0.011910755187273026,-1.9170448780059814,2.458176374435425,-0.8210740685462952,0.9019583463668823,1.0688759088516235,0.3549885153770447,-0.4855054020881653,-0.2421317994594574,-6.870680809020996,-4.9224677085876465,2.7398836612701416,2.6370937824249268
387,-6.8109049797058105,10.873760223388672,-2.1450085639953613,2.7907941341400146,3.917659044265747,2.1308655738830566,-3.852238655090332,-3.5378143787384033,-6.094208240509033,-5.507232189178467,13.243556022644043,12.183741569519043,-3.467865467071533,-0.15852990746498108,-1.0091207027435303,0.4755783975124359,6.269503116607666,3.6295502185821533,8.862968444824219,7.354671478271484,-14.557826042175293,-14.287923812866211,-0.0047565242275595665,0.016880489885807037,-1.4148344993591309,2.2104361057281494,-0.16112667322158813,0.35029900074005127,0.8007800579071045,0.31143319606781006,-0.8996977806091309,-0.9152910709381104,-6.639557838439941,-5.242074489593506,2.7748982906341553,2.497729539871216
388,-6.203344345092773,10.283347129821777,-1.6867173910140991,2.1200525760650635,2.943697690963745,1.8205037117004395,-3.9476256370544434,-4.302240371704102,-5.734017848968506,-5.462778568267822,12.752639770507812,11.68002700805664,-3.042665719985962,0.373165100812912,-1.0850257873535156,1.2166783809661865,5.914163589477539,3.467569589614868,8.011883735656738,6.449342250823975,-14.64548110961914,-14.609654426574707,0.01065315306186676,0.008622867986559868,-1.332824945449829,2.1183834075927734,-0.2854069769382477,0.3514605164527893,0.5827906131744385,0.36425817012786865,-0.6313487887382507,-0.7879588007926941,-6.6248064041137695,-5.351325035095215,2.76409649848938,2.4777591228485107
389,-6.296785831451416,9.948286056518555,-1.4145479202270508,1.7429131269454956,2.6723265647888184,2.118166446685791,-4.336986541748047,-4.934066295623779,-5.623617172241211,-5.201982021331787,12.309648513793945,11.168896675109863,-3.0845696926116943,0.22555774450302124,-1.0576778650283813,1.9986481666564941,6.017855644226074,3.348098039627075,7.146819114685059,5.465131759643555,-15.022095680236816,-14.411709785461426,-0.013809328898787498,0.031560175120830536,-1.4439196586608887,2.128237247467041,-0.25670647621154785,0.3187198042869568,0.6163528561592102,0.5241296887397766,-0.7412191033363342,-0.90448397397995,-6.53729248046875,-5.410387992858887,2.656259775161743,2.3423349857330322
390,-6.02541446685791,10.136923789978027,-1.5837221145629883,1.2138795852661133,2.2764992713928223,2.328584909439087,-4.407424449920654,-5.11881685256958,-5.222108364105225,-5.414215087890625,11.859062194824219,10.765969276428223,-2.9667203426361084,1.2793707847595215,-1.2938017845153809,2.6412341594696045,5.827943801879883,3.5402543544769287,6.209729194641113,4.4369425773620605,-14.981093406677246,-14.912705421447754,0.02204110473394394,0.02838616818189621,-1.3388909101486206,2.2113029956817627,-0.3521310091018677,0.19133280217647552,0.5069752931594849,0.5567340850830078,-0.7365146279335022,-0.9136239290237427,-6.513757705688477,-5.431063175201416,2.526258707046509,2.2649190425872803
391,-6.1830878257751465,9.521259307861328,-1.259369969367981,0.9729185104370117,2.2837953567504883,2.5491840839385986,-4.816037178039551,-5.380949974060059,-5.240561485290527,-4.947443008422852,11.162837982177734,10.087644577026367,-2.8255860805511475,-2.6814746856689453,-1.9667742252349854,2.953542709350586,5.5612664222717285,2.080775737762451,5.167187690734863,3.1790153980255127,-14.959745407104492,-13.90967845916748,-0.13089093565940857,0.06525956094264984,-1.4341775178909302,2.0785233974456787,-0.21995168924331665,0.18223024904727936,0.5674096345901489,0.6171793341636658,-0.8655532002449036,-1.0004302263259888,-6.400516510009766,-5.44687032699585,2.3157389163970947,2.0504839420318604
392,-6.475304126739502,12.817375183105469,-1.7244945764541626,0.1056797206401825,2.5778822898864746,4.126184940338135,-4.765257358551025,-5.450623989105225,-5.258987903594971,-5.890206813812256,10.72467041015625,10.348633766174316,-2.993910551071167,1.5034446716308594,-1.933285117149353,3.757063150405884,5.887330055236816,3.7435739040374756,4.187169551849365,2.2593770027160645,-15.216958999633789,-15.471317291259766,0.014935590326786041,0.04964566230773926,-1.518181324005127,2.923807382583618,-0.44084811210632324,-0.10315768420696259,0.6811460256576538,1.1126692295074463,-0.8319538235664368,-1.0344115495681763,-6.435097694396973,-5.36335563659668,2.2116925716400146,2.2766785621643066
393,-6.616682052612305,9.84786605834961,-0.947389543056488,0.163845032453537,2.318190097808838,3.200561761856079,-5.328965187072754,-5.944968223571777,-4.956544876098633,-4.372231960296631,8.90248966217041,8.931558609008789,-1.2812682390213013,1.4392606019973755,-2.1986663341522217,4.296343803405762,5.067028999328613,3.666034698486328,3.046189069747925,1.0824065208435059,-14.55580997467041,-15.522459030151367,0.020690448582172394,-0.009617638774216175,-1.5502240657806396,1.9983121156692505,-0.0914764404296875,0.04678212106227875,0.5413864850997925,0.6311385035514832,-1.0334593057632446,-1.2121466398239136,-6.223825454711914,-5.282252311706543,1.609066367149353,1.6667795181274414
394,-7.708617210388184,10.04329776763916,-0.7241566181182861,0.17370030283927917,3.392181634902954,3.6793856620788574,-4.173501968383789,-4.370480537414551,-5.569586753845215,-4.3377556800842285,7.238265514373779,8.796770095825195,-3.325930595397949,-0.12277430295944214,-2.732518434524536,4.436061382293701,6.002742290496826,0.8894405364990234,2.369230270385742,0.2871192395687103,-15.332740783691406,0.010696180164813995,-0.08512961864471436,0.0759396106004715,-1.7852942943572998,2.30171799659729,-0.1254480481147766,0.04257999360561371,0.9897290468215942,0.9208040237426758,-0.6435503363609314,-0.6735123991966248,-6.010965347290039,-5.3860697746276855,1.256462574005127,1.8233002424240112
395,-7.060485363006592,11.011897087097168,-0.9222229719161987,-0.0872948095202446,3.625009775161743,6.799955368041992,-4.531283378601074,-4.1957268714904785,-4.796923637390137,-18.85604476928711,5.5551934242248535,8.5763578414917,-0.7066208124160767,1.618383526802063,-2.8047423362731934,5.04590368270874,5.047260284423828,3.4886374473571777,1.3385028839111328,-0.4873940646648407,-14.46621036529541,-0.22800478339195251,0.02667592465877533,-0.04675052687525749,-1.6352806091308594,2.4494171142578125,-0.2341315746307373,-0.0523790568113327,0.9794338345527649,1.8698259592056274,-0.9059429168701172,-0.8314231634140015,-6.193924427032471,-5.0798115730285645,0.8882377743721008,1.7774591445922852
396,-9.004973411560059,10.431615829467773,-0.4400574862957001,-0.8159423470497131,3.2029032707214355,5.3236541748046875,-5.8344807624816895,-5.069599628448486,-5.6807541847229,-17.51030158996582,0.8293226957321167,6.12886381149292,-2.6447577476501465,0.10172676295042038,-3.5543038845062256,4.801544189453125,5.965322494506836,2.730937957763672,0.2316684126853943,-1.5074394941329956,-15.351131439208984,0.1486842930316925,-0.041000645607709885,0.05497971177101135,-2.154743194580078,2.401822805404663,-0.026518525555729866,-0.22295527160167694,0.6837736964225769,1.0921623706817627,-1.3368632793426514,-1.1882195472717285,-6.1971540451049805,-4.280576229095459,-0.4622398018836975,0.9012349843978882
397,-8.00084114074707,11.238852500915527,-0.8672354817390442,-0.7240821123123169,2.6038362979888916,5.190585136413574,-4.479475498199463,-3.454334259033203,-4.658797264099121,-17.01371192932129,-6.205687999725342,2.9258999824523926,-2.4366447925567627,0.3737829327583313,-3.1208887100219727,4.8795599937438965,6.056396484375,3.0450944900512695,2.7958996295928955,-2.116483211517334,-11.51877212524414,0.08464080095291138,-10.784554481506348,0.11718735843896866,-1.7740371227264404,2.5011909008026123,-0.26335611939430237,-0.11500571668148041,0.5721937417984009,1.1207314729690552,-0.7430737018585205,-0.5272794365882874,-5.555722713470459,-4.033444404602051,-2.3647329807281494,0.16276130080223083
398,-9.095206260681152,11.464845657348633,-1.5443614721298218,-0.011428570374846458,3.3138084411621094,4.6667585372924805,-3.3766376972198486,-0.1673886775970459,-8.176641464233398,-16.1307315826416,-6.3390069007873535,-5.105632305145264,-0.6874395608901978,1.6768364906311035,-3.2914040088653564,4.284280776977539,5.138604164123535,4.024604320526123,3.559781551361084,1.6041910648345947,0.0433315634727478,-0.16040527820587158,-15.560606002807617,-11.555832862854004,-2.295971632003784,2.603219747543335,-0.44454383850097656,0.07999192178249359,0.963111937046051,0.9836506843566895,-0.43844884634017944,0.4260067045688629,-5.1496477127075195,-3.7271392345428467,-5.103057384490967,-2.238353967666626
399,-9.924104690551758,10.832117080688477,-0.9495489001274109,-1.228237271308899,5.146479606628418,2.900191307067871,-4.305861949920654,0.5414766669273376,-18.089740753173828,-15.183797836303711,-3.814310073852539,-5.202549457550049,-0.9683148860931396,1.4842971563339233,-3.75506854057312,3.8238792419433594,5.6699628829956055,3.97247052192688,2.5538361072540283,2.9656553268432617,0.06430931389331818,-0.03699052333831787,-15.551889419555664,-15.645583152770996,-2.2168071269989014,2.483891248703003,-0.1256715953350067,-0.35777783393859863,1.571576476097107,0.42482495307922363,-0.8817422986030579,0.2148090898990631,-4.423665523529053,-3.483513832092285,-5.370473861694336,-4.322695255279541
