step,tau_0,tau_1,tau_2,tau_3,tau_4,tau_5,tau_6,tau_7,tau_8,tau_9,tau_10,tau_11,vel_0,vel_1,vel_2,vel_3,vel_4,vel_5,vel_6,vel_7,vel_8,vel_9,vel_10,vel_11,act_0,act_1,act_2,act_3,act_4,act_5,act_6,act_7,act_8,act_9,act_10,act_11
0,-11.629150390625,9.845952033996582,8.824958801269531,-0.062075018882751465,-13.90579605102539,-13.521381378173828,-8.050233840942383,6.294672012329102,3.187441825866699,11.840411186218262,12.086325645446777,13.152376174926758,-2.693965435028076,2.7144556045532227,11.380359649658203,1.3232309818267822,-4.743675231933594,-6.688188552856445,-8.315742492675781,0.8432586193084717,2.6908466815948486,13.293559074401855,15.699987411499023,-0.6205635070800781,-5.50619649887085,4.060630798339844,3.4527132511138916,-0.020691804587841034,-11.682448387145996,-9.08440113067627,-3.0498974323272705,2.2570974826812744,1.0811553001403809,5.735454559326172,6.028398036956787,7.893501281738281
1,-4.8567280769348145,8.225732803344727,2.5112950801849365,-1.7688871622085571,-14.213323593139648,-12.97321605682373,-2.8359100818634033,2.845334053039551,4.5887908935546875,5.493505001068115,3.792213201522827,17.970178604125977,0.23104557394981384,6.222111225128174,7.993950843811035,2.703627347946167,-12.17324161529541,-12.169788360595703,-6.545415878295898,-0.776559591293335,9.263788223266602,15.700003623962402,3.904237747192383,1.648468017578125,-0.22766974568367004,1.7815918922424316,0.16941340267658234,-0.5591461062431335,-5.191426753997803,-5.154968738555908,-0.23298174142837524,0.13653020560741425,1.3797504901885986,5.408817291259766,6.736226558685303,6.1359686851501465
2,-2.650362730026245,4.736487865447998,1.4076930284500122,-2.077094554901123,-6.660661220550537,-10.1273193359375,-2.753133535385132,2.7846498489379883,5.668417930603027,3.848998546600342,15.59973430633545,16.793960571289062,2.133157730102539,7.656620025634766,4.766782283782959,3.148798942565918,-15.904289245605469,-16.243375778198242,-1.9601490497589111,-1.3018772602081299,15.691583633422852,15.699599266052246,0.7827724814414978,1.8721729516983032,-0.16557493805885315,0.7921828627586365,0.100528284907341,-0.41042134165763855,-1.5300788879394531,-4.391030311584473,-0.6544625163078308,0.5166297554969788,3.230823040008545,5.062546730041504,6.455377101898193,5.204785346984863
3,1.721618413925171,3.0369746685028076,-5.157952785491943,-3.6458959579467773,-3.032263994216919,-6.841581344604492,3.8021790981292725,0.3150273263454437,3.3321590423583984,3.998023271560669,19.572607040405273,16.692991256713867,2.1168551445007324,1.5616087913513184,2.047379732131958,2.623722791671753,-4.279361724853516,1.1584210395812988,-0.9773432016372681,-2.8490986824035645,-2.8732211589813232,0.41599607467651367,0.1840410828590393,1.5938000679016113,0.9823955297470093,0.5642815232276917,-1.8265479803085327,-0.8554057478904724,-0.6562458872795105,-3.0553154945373535,1.7335543632507324,-0.2615627646446228,4.9690985679626465,5.171876430511475,6.799509525299072,4.994021892547607
4,-0.994373083114624,7.46355676651001,-9.415167808532715,-5.330485820770264,-7.295267105102539,-14.075762748718262,6.15342378616333,6.001393795013428,19.645029067993164,16.775924682617188,21.10980224609375,17.946123123168945,2.576099395751953,2.784586191177368,1.973996877670288,0.5621883273124695,1.4413959980010986,-2.402554988861084,-1.0892560482025146,-2.6972522735595703,-2.125135660171509,1.8063029050827026,0.6154339909553528,1.9553985595703125,-0.5593627095222473,2.235522508621216,-2.574821949005127,-1.2210325002670288,-2.1084225177764893,-2.8374054431915283,1.5661804676055908,1.8817096948623657,4.979683876037598,4.022511959075928,7.908968448638916,6.083919048309326
5,-2.172184467315674,5.191816329956055,-11.22094440460205,-2.9971861839294434,0.524992823600769,-3.5813801288604736,9.154925346374512,3.42399001121521,20.52442169189453,16.231788635253906,20.657270431518555,18.117660522460938,2.2685203552246094,2.5941765308380127,1.4608286619186401,-1.7481285333633423,-1.094147801399231,-2.0024027824401855,-0.1403721272945404,-2.6917991638183594,1.6030075550079346,2.035324811935425,0.46631360054016113,3.1778688430786133,-0.5455436706542969,0.8671388030052185,-2.5613977909088135,-0.32752710580825806,1.353963017463684,0.511884331703186,2.322685480117798,0.31695228815078735,5.565352916717529,4.901967525482178,7.0985798835754395,6.277442932128906
6,-3.155393362045288,2.692309856414795,-12.117879867553711,-0.22924304008483887,3.6677744388580322,1.1633609533309937,8.341123580932617,5.698749542236328,17.681283950805664,16.1044921875,20.941307067871094,17.080522537231445,2.0044291019439697,2.4582772254943848,1.1195487976074219,-1.352113962173462,-0.700161874294281,-1.5203927755355835,0.14966681599617004,-1.2593532800674438,2.002647638320923,-0.11941814422607422,0.4268489480018616,2.531095027923584,-0.7167983055114746,0.21942578256130219,-2.7146718502044678,0.31162768602371216,1.1273212432861328,0.8931346535682678,1.6545649766921997,1.361512541770935,5.6816792488098145,4.7388596534729,7.347912788391113,6.2620158195495605
7,-2.7046964168548584,1.725404977798462,-12.488438606262207,1.2552239894866943,1.3928271532058716,5.4501423835754395,7.5418381690979,5.464145660400391,17.43950843811035,17.891069412231445,20.979225158691406,17.799110412597656,1.6029279232025146,1.2783244848251343,0.7365225553512573,-0.25984227657318115,-0.3218257427215576,-0.9391458034515381,0.7356899976730347,-0.34015917778015137,2.323273181915283,9.657112121582031,0.22487550973892212,0.6501824855804443,-0.4554634988307953,0.23364515602588654,-2.748168706893921,0.4341013431549072,-0.01816193386912346,1.6483352184295654,1.465212345123291,1.0688285827636719,5.566221714019775,4.60463285446167,7.234891414642334,6.242567539215088
8,-1.1825159788131714,1.8191949129104614,-12.623222351074219,1.8217684030532837,0.46278953552246094,0.5937210917472839,6.2012457847595215,5.262688636779785,17.307514190673828,9.160062789916992,21.25494956970215,19.41790008544922,1.455862283706665,1.2779005765914917,0.3491355776786804,0.31046539545059204,-0.22679468989372253,-0.4132668375968933,1.4292784929275513,-1.256458044052124,2.7274599075317383,3.4929025173187256,-0.022657915949821472,1.7408956289291382,-0.03613241761922836,0.3836299180984497,-2.788764238357544,0.4431993365287781,-0.028857748955488205,-0.5017227530479431,1.1295214891433716,1.0525829792022705,5.717256546020508,4.547227382659912,7.361652851104736,5.8279900550842285
9,-2.163959264755249,3.441542148590088,-11.945664405822754,2.3035809993743896,1.1827279329299927,-4.106499671936035,3.7435271739959717,6.444142818450928,17.048067092895508,11.970052719116211,21.264053344726562,17.738338470458984,1.2361645698547363,1.607168197631836,0.287031352519989,0.14208976924419403,-0.24949538707733154,-1.8902387619018555,1.7151092290878296,-0.46008920669555664,3.2275078296661377,4.35507869720459,-0.09802702814340591,1.2549158334732056,-0.5407170057296753,0.9577673673629761,-2.5067811012268066,0.5373687744140625,0.33078697323799133,-1.5150387287139893,0.4640025496482849,1.4088585376739502,5.8035359382629395,2.753844976425171,6.8361334800720215,5.272823810577393
10,-1.3567359447479248,3.2148540019989014,-12.374181747436523,2.9775073528289795,-0.4824443757534027,-0.7318136096000671,1.8840128183364868,5.627564430236816,16.001493453979492,10.885364532470703,21.06788444519043,17.914718627929688,1.2829331159591675,1.6733779907226562,0.22467856109142303,0.055259719491004944,-0.11316725611686707,-1.8412635326385498,2.1090033054351807,-0.443107008934021,3.481592893600464,3.9197306632995605,-0.25569388270378113,1.4352997541427612,-0.1592494249343872,0.6570941209793091,-2.801964521408081,0.6918181777000427,-0.3191663324832916,0.295259952545166,0.14197379350662231,1.0394450426101685,5.06886100769043,3.0771396160125732,6.558491230010986,5.219879150390625
11,-0.9671851992607117,3.2878329753875732,-12.464841842651367,3.497649669647217,-1.5675541162490845,-1.428538203239441,-0.0007493323646485806,5.558777332305908,15.404756546020508,10.131505012512207,21.056127548217773,17.25954246520996,1.0622179508209229,1.6046701669692993,0.1644885092973709,0.0814390555024147,-0.06997111439704895,-1.8259479999542236,2.39577317237854,-0.23402473330497742,3.671468734741211,4.2498650550842285,-0.377668559551239,1.4464592933654785,-0.13549110293388367,0.7130540609359741,-2.77209210395813,0.776121973991394,-0.4611000120639801,-0.40408530831336975,-0.26690012216567993,1.1070263385772705,4.924145698547363,2.572701930999756,6.461751461029053,4.86853551864624
12,-0.6230010986328125,3.5484719276428223,-12.709389686584473,3.8652758598327637,-2.2806031703948975,-1.9123365879058838,-1.9003456830978394,5.614675521850586,14.908952713012695,8.769906997680664,21.010421752929688,16.881656646728516,1.298940658569336,1.5771119594573975,0.21113868057727814,0.10236460715532303,-0.19079189002513885,-1.7192740440368652,2.540581226348877,-0.38938745856285095,3.9949967861175537,4.536253929138184,-0.366128534078598,1.6567193269729614,-0.07690898329019547,0.7926806211471558,-2.876065492630005,0.8333337903022766,-0.5547381043434143,-0.47736436128616333,-0.5897292494773865,1.1490607261657715,4.742575168609619,2.172419786453247,6.319294452667236,4.714941501617432
13,-0.6752167344093323,4.063953399658203,-12.985430717468262,4.156403541564941,-2.629401445388794,-2.863736391067505,-3.4471681118011475,6.023281097412109,14.344464302062988,7.245926856994629,20.857498168945312,16.33730125427246,1.0705697536468506,1.5575177669525146,0.1936182677745819,0.19597452878952026,-0.17446574568748474,-1.8567553758621216,2.514965534210205,-0.4698854088783264,4.061577796936035,4.766609191894531,-0.3637942969799042,1.8297975063323975,-0.13556349277496338,0.9422025084495544,-2.946654796600342,0.8836954236030579,-0.5801984667778015,-0.7471930384635925,-0.8335511088371277,1.269251823425293,4.6001410484313965,1.7087006568908691,6.221782684326172,4.538866996765137
14,-0.6658288240432739,4.574310302734375,-13.219313621520996,4.314029693603516,-2.8724358081817627,-3.546052932739258,-4.692206382751465,6.537657737731934,13.998590469360352,5.653999328613281,20.72623062133789,15.847097396850586,1.3651248216629028,1.614596962928772,0.23761513829231262,0.24713081121444702,-0.4146391749382019,-1.7693394422531128,2.5696911811828613,-0.48301079869270325,4.383601188659668,4.810120105743408,-0.259777307510376,1.7877256870269775,-0.128047376871109,1.0534462928771973,-3.0137553215026855,0.9022788405418396,-0.6137016415596008,-0.8643780946731567,-1.0360771417617798,1.3922145366668701,4.432437896728516,1.2522482872009277,6.127414226531982,4.379990100860596
15,-0.9348019361495972,4.8983025550842285,-13.307729721069336,4.478880882263184,-2.9347891807556152,-4.305666923522949,-5.575244426727295,7.0333404541015625,13.439167022705078,4.273664474487305,20.472808837890625,15.53701114654541,1.118220329284668,1.5458216667175293,0.17570041120052338,0.3423013985157013,-0.41940581798553467,-1.8377519845962524,2.294419050216675,-0.7736246585845947,4.371148109436035,4.934442043304443,-0.12028689682483673,2.174525737762451,-0.21249833703041077,1.1018790006637573,-3.0004119873046875,0.938628613948822,-0.6101068258285522,-1.0374959707260132,-1.1577129364013672,1.497862696647644,4.281665325164795,0.8956019878387451,6.005850315093994,4.217538356781006
16,-0.95621258020401,5.110196113586426,-13.260136604309082,4.440033435821533,-3.0509166717529297,-4.8786749839782715,-6.103000640869141,7.573312759399414,13.13663101196289,2.936389446258545,20.215368270874023,14.83751392364502,1.3634790182113647,1.5920279026031494,0.18252737820148468,0.318039208650589,-0.6821350455284119,-1.8585777282714844,2.2705421447753906,-0.9338573217391968,4.6513776779174805,4.9160027503967285,0.06294025480747223,2.357917308807373,-0.1881883144378662,1.126579761505127,-2.9771249294281006,0.905964195728302,-0.6384704113006592,-1.1441030502319336,-1.2328712940216064,1.596957802772522,4.106811046600342,0.5509728193283081,5.934658050537109,4.04245662689209
17,-1.2719148397445679,5.269404888153076,-13.103378295898438,4.465683937072754,-3.1276235580444336,-5.4162774085998535,-6.386504173278809,7.967566967010498,12.59595012664795,1.8471145629882812,19.870981216430664,14.371894836425781,1.074226975440979,1.2994283437728882,0.04250841587781906,0.4050024449825287,-0.6870448589324951,-1.9088174104690552,1.860978603363037,-0.9315579533576965,4.581003189086914,5.100088596343994,0.2844337821006775,2.312110424041748,-0.2830120325088501,1.1592628955841064,-2.9045398235321045,0.9171084761619568,-0.658452570438385,-1.2608540058135986,-1.2522274255752563,1.6568489074707031,3.953134298324585,0.29667460918426514,5.798466205596924,3.922330856323242
18,-1.3475189208984375,5.474706172943115,-12.762773513793945,4.303685188293457,-3.2037084102630615,-5.8293962478637695,-6.2954888343811035,8.280228614807129,12.411376953125,0.7686772346496582,19.498977661132812,14.097723960876465,1.2853142023086548,1.5127413272857666,0.03077612817287445,0.393282413482666,-0.9458430409431458,-1.992806315422058,1.7830263376235962,-1.143615484237671,4.839156150817871,4.963357925415039,0.5182071924209595,2.5113019943237305,-0.27175793051719666,1.1902216672897339,-2.802523136138916,0.8618767857551575,-0.6706768274307251,-1.3401834964752197,-1.2105815410614014,1.7196887731552124,3.857272148132324,0.017342641949653625,5.696698188781738,3.7937252521514893
19,-1.6925235986709595,5.444685459136963,-12.405098915100098,4.2267231941223145,-3.165417194366455,-6.349135398864746,-6.1049628257751465,8.53049373626709,11.941594123840332,-0.3336156904697418,19.092317581176758,13.613640785217285,0.990814208984375,1.5728247165679932,-0.12910409271717072,0.3323605954647064,-0.9561188220977783,-2.1147429943084717,1.344962239265442,-1.3743799924850464,4.776848316192627,4.443489074707031,0.779780387878418,2.7984461784362793,-0.3683443069458008,1.1717243194580078,-2.6917049884796143,0.8552246689796448,-0.6564675569534302,-1.4839727878570557,-1.1532610654830933,1.7444534301757812,3.7243502140045166,-0.22673998773097992,5.5667548179626465,3.6568541526794434
20,-1.8913098573684692,5.373733997344971,-11.892617225646973,4.138014793395996,-3.3488047122955322,-6.842647075653076,-5.731712341308594,8.711822509765625,11.725807189941406,-2.156081438064575,18.663623809814453,13.085160255432129,1.1618636846542358,2.848027229309082,-0.13871653378009796,0.36336851119995117,-1.18818998336792,-2.9341907501220703,1.2605586051940918,-1.4163422584533691,5.039079189300537,2.4605021476745605,1.0193721055984497,2.8715291023254395,-0.3948438763618469,1.1479238271713257,-2.5537660121917725,0.8323072791099548,-0.7227855920791626,-1.6064331531524658,-1.0789406299591064,1.7591612339019775,3.603217124938965,-0.5553253889083862,5.454122066497803,3.539228916168213
21,-2.550466775894165,4.670799732208252,-11.27279281616211,4.426564693450928,-3.5915963649749756,-7.3460307121276855,-5.520948886871338,8.478500366210938,11.250495910644531,-4.953136444091797,18.199081420898438,12.752354621887207,0.8739187121391296,4.604928016662598,-0.3021780252456665,0.34418147802352905,-1.208873987197876,-3.934194326400757,0.8491510152816772,-1.39479660987854,5.009224891662598,-2.4226937294006348,1.2685319185256958,2.829878807067871,-0.5773067474365234,0.9774965643882751,-2.3634085655212402,0.9483188390731812,-0.7926753759384155,-1.8173258304595947,-1.0520271062850952,1.6532814502716064,3.4757354259490967,-1.265061855316162,5.282202243804932,3.4387447834014893
22,-3.588496685028076,3.541719436645508,-10.433121681213379,5.095885753631592,-3.9344642162323,-7.745560169219971,-5.290635108947754,7.7206244468688965,11.178166389465332,-7.8711113929748535,17.731197357177734,12.537489891052246,0.8382182717323303,6.294949531555176,-0.4790055751800537,0.11712900549173355,-1.4311649799346924,-4.57811164855957,0.6664077639579773,-1.5289175510406494,5.144028663635254,-10.538268089294434,1.5115149021148682,2.8760063648223877,-0.8439472913742065,0.7113330364227295,-2.139446496963501,1.1428602933883667,-0.8778719305992126,-1.9968523979187012,-1.0245469808578491,1.421739101409912,3.4869511127471924,-2.642939567565918,5.143512725830078,3.3542051315307617
23,-5.072789192199707,2.0372977256774902,-9.144936561584473,5.927663803100586,-3.937537908554077,-7.526345252990723,-4.577828884124756,6.415186405181885,11.12122631072998,-6.438244342803955,17.344667434692383,12.170833587646484,0.5012646317481995,7.1776442527771,-0.7568557858467102,-0.01707978919148445,-1.4902889728546143,-6.33650541305542,0.14984425902366638,-1.4811714887619019,5.103710174560547,-15.688538551330566,1.8438583612442017,2.740391492843628,-1.2059355974197388,0.30156823992729187,-1.7718433141708374,1.330752968788147,-0.8403295874595642,-1.862524151802063,-0.814895749092102,1.0692737102508545,3.5474112033843994,-4.146109104156494,5.07798433303833,3.210392475128174
24,-4.6642327308654785,1.4109212160110474,-8.103578567504883,6.019836902618408,-3.332852602005005,-6.331282138824463,-3.677595376968384,4.896612167358398,11.058570861816406,-3.362492084503174,16.917984008789062,11.975041389465332,0.4141974449157715,7.5169291496276855,-0.8304544687271118,-0.04607533663511276,-1.6987749338150024,-8.773364067077637,-0.06164374202489853,-1.4880781173706055,5.266453742980957,-15.694884300231934,2.120095729827881,2.7316842079162598,-0.8814196586608887,0.2744135856628418,-1.5898041725158691,1.2400245666503906,-0.6211991310119629,-1.5427688360214233,-0.6263176202774048,0.7478911280632019,3.4654123783111572,-4.148925304412842,5.024729251861572,3.1176180839538574
25,-3.0449814796447754,1.214129090309143,-7.528903007507324,5.589910507202148,-2.4598400592803955,-4.963749408721924,-3.5180113315582275,3.7308459281921387,10.487557411193848,-2.8420939445495605,16.482572555541992,11.72829818725586,0.2640877366065979,8.043387413024902,-0.8684452176094055,-0.00956927239894867,-1.7914154529571533,-10.815614700317383,-0.39712825417518616,-1.6054089069366455,5.28543758392334,-15.279203414916992,2.3327059745788574,2.810899019241333,-0.39040103554725647,0.2927687168121338,-1.5237233638763428,1.0767143964767456,-0.402442991733551,-1.2980015277862549,-0.692119836807251,0.5654817819595337,3.1685454845428467,-2.505284070968628,4.895892143249512,3.0392282009124756
26,-1.9620113372802734,0.5402598977088928,-7.339478969573975,5.336884021759033,-2.277539014816284,-4.097449779510498,-4.130825996398926,3.0918290615081787,10.148972511291504,-2.2653989791870117,16.084985733032227,11.437021255493164,0.39466190338134766,8.222505569458008,-0.8326130509376526,0.02559402957558632,-1.9421894550323486,-12.728130340576172,-0.5255938768386841,-1.7736190557479858,5.36810302734375,-13.812472343444824,2.4552319049835205,2.9428441524505615,-0.24805912375450134,0.02999122254550457,-1.5396490097045898,1.0514081716537476,-0.4610993564128876,-1.2247214317321777,-0.9375620484352112,0.5063626766204834,3.0694963932037354,-1.4713799953460693,4.772411823272705,2.9613513946533203
27,-1.143308162689209,-0.2712162137031555,-7.615406513214111,5.19163179397583,-2.5600028038024902,-2.8630359172821045,-4.835764408111572,2.6637251377105713,9.848402976989746,-1.2845336198806763,15.811578750610352,11.305697441101074,0.13455729186534882,7.934513568878174,-0.8960883617401123,0.05503010004758835,-1.9117393493652344,-14.291790008544922,-0.8866521716117859,-1.9023027420043945,5.126206874847412,-11.142797470092773,2.617344379425049,3.0132741928100586,-0.11686829477548599,-0.16938479244709015,-1.6699066162109375,1.0371726751327515,-0.5924219489097595,-0.808736264705658,-1.1021980047225952,0.448486864566803,2.9925520420074463,-0.10794351994991302,4.69749116897583,2.9900777339935303
28,-0.3527335226535797,-0.7991211414337158,-7.996633052825928,4.814694881439209,-2.8482582569122314,-1.4763214588165283,-5.295784950256348,2.633327007293701,9.80587387084961,3.2039551734924316,15.610895156860352,11.304203987121582,0.3307625353336334,6.734940052032471,-0.8966521620750427,0.02636016346514225,-2.1241517066955566,-15.744157791137695,-1.0192245244979858,-2.156548261642456,5.2710394859313965,-3.750986099243164,2.754059076309204,3.208477258682251,0.033414192497730255,-0.18249304592609406,-1.7840825319290161,0.9268621206283569,-0.6531035900115967,-0.275892436504364,-1.1872352361679077,0.4919872283935547,2.9240474700927734,1.2657849788665771,4.705854415893555,3.0260701179504395
29,0.25220102071762085,-0.6196543574333191,-8.038838386535645,4.02833366394043,-1.943473219871521,1.2961894273757935,-5.157986164093018,3.0009450912475586,9.250267028808594,10.358426094055176,15.556621551513672,11.581958770751953,0.08418597280979156,4.973174095153809,-0.9659740328788757,0.04417233541607857,-2.1518394947052,-16.424192428588867,-1.3236507177352905,-2.300513982772827,5.236301422119141,9.940285682678223,2.9377434253692627,3.328508138656616,0.13185745477676392,-0.0844726413488388,-1.738077163696289,0.7060840725898743,-0.29186320304870605,0.6628438234329224,-1.0701711177825928,0.6065433621406555,2.6838066577911377,2.9778454303741455,4.789855480194092,3.2605679035186768
30,0.8445646166801453,-1.1997654438018799,-7.521902084350586,2.8418591022491455,-1.2314820289611816,10.161733627319336,-5.080455780029297,2.6905884742736816,8.704233169555664,6.653747081756592,15.320707321166992,11.946321487426758,0.1049872487783432,4.494935989379883,-1.134233832359314,-0.1879192441701889,-2.3481802940368652,-12.4284086227417,-1.3050380945205688,-2.291931629180908,5.551016807556152,15.691466331481934,3.071305990219116,3.339986801147461,0.24854212999343872,-0.2760179340839386,-1.5383580923080444,0.4121497869491577,-0.1633603423833847,2.23188853263855,-1.0780640840530396,0.46128374338150024,2.454057216644287,3.9620161056518555,4.6976141929626465,3.4429595470428467
31,1.780603051185608,-1.6076713800430298,-6.3236613273620605,2.3960447311401367,-1.9495235681533813,6.869684219360352,-5.542121410369873,3.1694552898406982,8.576369285583496,3.2633705139160156,14.969647407531738,11.635576248168945,-0.4220137894153595,4.307500839233398,-1.3372012376785278,-0.33166342973709106,-2.103860855102539,-9.640185356140137,-1.6287189722061157,-2.2788407802581787,5.113571643829346,15.687630653381348,3.281986713409424,3.3408217430114746,0.4843951165676117,-0.32951465249061584,-1.1783368587493896,0.4153326153755188,-0.5302246809005737,0.7504281401634216,-1.2512964010238647,0.6526209712028503,2.623985528945923,3.95762038230896,4.512684345245361,3.139739990234375
32,2.9295504093170166,-1.8503775596618652,-5.71860408782959,1.9131468534469604,-2.815276622772217,4.601468563079834,-5.275147438049316,3.501304864883423,8.806137084960938,3.4262747764587402,14.519783973693848,11.226099967956543,-0.15767118334770203,3.912804126739502,-1.3964717388153076,-0.40843111276626587,-2.332516670227051,-7.989040374755859,-1.7232359647750854,-2.3856236934661865,5.303434371948242,15.68555736541748,3.4188079833984375,3.4310402870178223,0.7305983901023865,-0.35373741388320923,-1.1405229568481445,0.3137400150299072,-0.732899010181427,0.5155248045921326,-1.1065329313278198,0.6973398327827454,2.592771291732788,3.972055673599243,4.361881732940674,2.9687604904174805
33,3.359170913696289,-2.184687614440918,-5.058145523071289,1.4140132665634155,-2.89615797996521,4.515974521636963,-4.751636028289795,3.073652505874634,8.608563423156738,3.4832093715667725,14.099584579467773,11.096390724182129,-0.6455135345458984,3.4585611820220947,-1.4684185981750488,-0.4423128068447113,-1.9899368286132812,-6.512584686279297,-2.067497491836548,-2.4602627754211426,4.770681858062744,15.684557914733887,3.700380802154541,3.4897701740264893,0.7346068620681763,-0.42981821298599243,-0.984290361404419,0.21286702156066895,-0.646956741809845,0.7307203412055969,-0.9491707682609558,0.5174074769020081,2.5478899478912354,3.946810722351074,4.196870803833008,3.0238218307495117
34,3.879840850830078,-2.5608248710632324,-4.367183208465576,0.9246209859848022,-3.093724250793457,4.423320293426514,-4.5064568519592285,2.823563575744629,8.757139205932617,3.474919319152832,13.561108589172363,10.96142864227295,-0.3349631428718567,2.8979599475860596,-1.502498745918274,-0.4636932611465454,-2.312208890914917,-5.230815410614014,-2.135667324066162,-2.572232723236084,5.065965175628662,15.68588638305664,3.7909178733825684,3.5884735584259033,0.8290650844573975,-0.5098435878753662,-0.8317310214042664,0.11775708943605423,-0.6905788779258728,0.7424483895301819,-0.9537973999977112,0.49213749170303345,2.47524356842041,3.8580942153930664,4.049505233764648,2.9834346771240234
35,3.792142152786255,-2.81549072265625,-3.6714227199554443,0.6012015342712402,-2.9910497665405273,4.055251598358154,-4.278562545776367,2.4897549152374268,8.477879524230957,3.444185733795166,13.13010025024414,10.852693557739258,-0.6898770928382874,2.306405544281006,-1.4902805089950562,-0.4640134871006012,-2.0164761543273926,-4.172392845153809,-2.4245355129241943,-2.634324789047241,4.590461254119873,15.683612823486328,4.032146453857422,3.625269651412964,0.7499858736991882,-0.5523506999015808,-0.6806701421737671,0.07586932927370071,-0.6422479748725891,0.6712802648544312,-0.9008006453514099,0.41764742136001587,2.448171615600586,3.7857296466827393,3.865396738052368,2.9802403450012207
36,3.9814679622650146,-3.010955333709717,-3.1183724403381348,0.19722719490528107,-3.0697364807128906,3.6808063983917236,-4.140754699707031,2.319228172302246,8.590750694274902,3.403604745864868,12.619190216064453,10.710091590881348,-0.3414938151836395,1.6850306987762451,-1.5322060585021973,-0.4695538878440857,-2.3570947647094727,-3.349630832672119,-2.4824304580688477,-2.775041341781616,4.925756931304932,15.684741973876953,4.091365814208984,3.744741439819336,0.8051502704620361,-0.5929157137870789,-0.581306517124176,-0.014199785888195038,-0.6692123413085938,0.6204976439476013,-0.8978932499885559,0.4060370922088623,2.386730909347534,3.7029225826263428,3.7325780391693115,2.9207065105438232
37,3.638640880584717,-3.0784847736358643,-2.57558536529541,-0.0838845744729042,-2.8559701442718506,3.1218254566192627,-3.9638397693634033,2.132521152496338,8.316526412963867,3.3560924530029297,12.21942138671875,10.553451538085938,-0.6798644661903381,1.0902183055877686,-1.465222954750061,-0.4455142021179199,-2.071469783782959,-2.746410846710205,-2.749800443649292,-2.847343683242798,4.444532871246338,15.683151245117188,4.329190254211426,3.810667037963867,0.6851180195808411,-0.6021460890769958,-0.4686809778213501,-0.05430477112531662,-0.5973823666572571,0.5073373913764954,-0.8486815690994263,0.36723774671554565,2.371380567550659,3.6240527629852295,3.5676519870758057,2.9019861221313477
38,3.6623990535736084,-3.1335601806640625,-2.1611013412475586,-0.4425382912158966,-2.8478102684020996,2.6008615493774414,-3.885423183441162,2.0972368717193604,8.445432662963867,3.301856517791748,11.725994110107422,10.357670783996582,-0.26104333996772766,0.40753889083862305,-1.5576754808425903,-0.49977847933769226,-2.4743871688842773,-1.9792183637619019,-2.821398973464966,-3.007810592651367,4.865365505218506,3.6702189445495605,4.364351749420166,3.9215810298919678,0.7196978330612183,-0.6229274272918701,-0.39633458852767944,-0.13840705156326294,-0.6096739768981934,0.4210261106491089,-0.8587681651115417,0.37914931774139404,2.317552328109741,3.5286858081817627,3.4454524517059326,2.8308277130126953
39,2.1956748962402344,-1.8770318031311035,-1.5636422634124756,-0.555992603302002,-2.8105688095092773,3.6752729415893555,-3.7825355529785156,1.7953211069107056,7.935580253601074,10.83218002319336,11.617677688598633,10.16441535949707,-0.3602136969566345,0.19540002942085266,-1.2525502443313599,-0.24267396330833435,-2.298853635787964,-1.6063423156738281,-2.8975565433502197,-3.09274959564209,4.7255330085754395,4.268089294433594,4.537732124328613,4.07433557510376,0.24829557538032532,-0.21426327526569366,-0.24699492752552032,-0.1286005675792694,-0.6165101528167725,0.8405683040618896,-0.8296215534210205,0.2889706492424011,2.1913836002349854,2.6551754474639893,3.4750778675079346,2.7949321269989014
40,0.039849646389484406,-1.5381884574890137,-0.8355761170387268,-0.8554041981697083,-2.461127996444702,5.795377731323242,-4.275259017944336,1.8867701292037964,7.743168830871582,10.336874008178711,11.411358833312988,10.529399871826172,0.12065459042787552,-0.042870525270700455,-1.274086594581604,-0.18440967798233032,-2.7483999729156494,-0.7989506721496582,-2.6498966217041016,-3.168478488922119,5.599148273468018,3.913402795791626,4.391477108001709,4.276834964752197,-0.27743515372276306,-0.26276835799217224,-0.07076068222522736,-0.21221229434013367,-0.4815828502178192,1.415411353111267,-1.0368834733963013,0.35335832834243774,2.110558271408081,2.9406063556671143,3.4427502155303955,3.103677988052368
41,-0.8602514863014221,-1.6042559146881104,-0.34978917241096497,-0.8217059373855591,-2.483879804611206,5.830532073974609,-4.761801719665527,1.9397677183151245,6.947717666625977,10.374861717224121,11.444231986999512,10.42822265625,0.029385626316070557,0.016337094828486443,-0.9831544756889343,-0.036102645099163055,-2.750199317932129,-1.1459605693817139,-2.714698314666748,-3.0964083671569824,5.7467570304870605,4.726092338562012,4.573483467102051,4.33502197265625,-0.2912282347679138,-0.33229824900627136,-0.005502326413989067,-0.16067206859588623,-0.5584855079650879,1.1841223239898682,-1.1310818195343018,0.3575672507286072,1.9693084955215454,2.8500306606292725,3.412745714187622,3.0092601776123047
42,-1.1785529851913452,-2.0473473072052,-0.1405455768108368,-0.6962764263153076,-2.7512195110321045,6.018977165222168,-5.189809799194336,1.884947657585144,6.446589946746826,9.701383590698242,11.138262748718262,10.355425834655762,0.2852616012096405,0.016838841140270233,-1.0764644145965576,0.005368837155401707,-3.014817714691162,-1.2410353422164917,-2.435793399810791,-3.114793062210083,6.3740057945251465,5.160290241241455,4.396613121032715,4.480198383331299,-0.2785511910915375,-0.4694277048110962,0.0002695489674806595,-0.12216220051050186,-0.6489202380180359,1.20090913772583,-1.2327383756637573,0.3362787365913391,1.8108129501342773,2.8022282123565674,3.31318998336792,2.979896306991577
43,-1.3787031173706055,-2.4368784427642822,0.09657562524080276,-0.5940077304840088,-2.885864734649658,5.822854518890381,-5.5487895011901855,1.6879216432571411,5.786685943603516,9.227721214294434,10.959019660949707,10.200700759887695,0.13738173246383667,-0.0717947706580162,-0.7866302132606506,0.10180241614580154,-3.035315752029419,-1.2618975639343262,-2.631697177886963,-3.0174193382263184,6.488426685333252,5.469780921936035,4.6812920570373535,4.492637634277344,-0.29866743087768555,-0.5413888692855835,0.05045445263385773,-0.1050364151597023,-0.6698105931282043,1.1112513542175293,-1.282814383506775,0.2823329567909241,1.6916255950927734,2.715039014816284,3.1564903259277344,2.9514718055725098
44,-1.354693055152893,-2.663296699523926,0.2400592565536499,-0.6096083521842957,-3.0253448486328125,5.605423450469971,-5.716294288635254,1.5639959573745728,5.352946758270264,8.794315338134766,10.459044456481934,10.105828285217285,0.3587607145309448,-0.030586687847971916,-0.9075275659561157,0.15011674165725708,-3.325505256652832,-1.4638091325759888,-2.372915267944336,-3.0737996101379395,7.110087871551514,5.947790622711182,4.5073065757751465,4.669743537902832,-0.26770052313804626,-0.5679003000259399,0.06555388867855072,-0.12335927039384842,-0.6990439891815186,1.0655436515808105,-1.3163821697235107,0.2701781392097473,1.5610978603363037,2.6131365299224854,3.038641929626465,2.912398099899292
45,-1.5148539543151855,-2.9863593578338623,0.4833158254623413,-0.6372283697128296,-3.0667238235473633,5.495900630950928,-5.9276933670043945,1.2857277393341064,4.767527103424072,8.263823509216309,10.157915115356445,9.970035552978516,0.1943124234676361,-0.12211786955595016,-0.6158906817436218,0.23102864623069763,-3.3514599800109863,-1.508899450302124,-2.6524455547332764,-2.9714057445526123,7.196763038635254,6.241581439971924,4.860955238342285,4.6544575691223145,-0.3196907639503479,-0.6445201635360718,0.1252269595861435,-0.13038164377212524,-0.7058485746383667,1.0466551780700684,-1.3453835248947144,0.1994519680738449,1.4507124423980713,2.5193374156951904,2.8534767627716064,2.9207661151885986
46,-1.4549262523651123,-3.1381256580352783,0.5865792632102966,-0.7644374370574951,-3.144442558288574,5.329579830169678,-5.954456329345703,1.1228784322738647,4.380706310272217,7.836700916290283,9.579374313354492,9.914022445678711,0.38545575737953186,-0.12367785722017288,-0.7672164440155029,0.26269713044166565,-3.6724164485931396,-1.687960147857666,-2.4121620655059814,-3.0704450607299805,7.8290910720825195,6.6350932121276855,4.687657833099365,4.8688154220581055,-0.28260326385498047,-0.6559424996376038,0.1290823072195053,-0.16840147972106934,-0.7254999279975891,1.0080986022949219,-1.3549562692642212,0.18521301448345184,1.3262827396392822,2.418407917022705,2.7404696941375732,2.884993314743042
47,-1.6038309335708618,-3.367933511734009,0.8114834427833557,-0.9006595611572266,-3.117222547531128,5.304616928100586,-6.070618152618408,0.8634238243103027,3.849104166030884,7.3945231437683105,9.236783027648926,9.779337882995605,0.20762726664543152,-0.18233604729175568,-0.4896634519100189,0.32489871978759766,-3.7111899852752686,-1.8554832935333252,-2.7471022605895996,-2.960780143737793,7.915338516235352,7.0242438316345215,5.089675426483154,4.8233795166015625,-0.3356744349002838,-0.7125648260116577,0.18722783029079437,-0.19658827781677246,-0.7171905636787415,1.0130250453948975,-1.3664189577102661,0.12493090331554413,1.2196729183197021,2.3419768810272217,2.5574514865875244,2.903346300125122
48,-1.5773038864135742,-3.473632574081421,0.8927392959594727,-1.0956099033355713,-3.160367250442505,5.3233561515808105,-6.003376483917236,0.7225358486175537,3.469240665435791,6.961027145385742,8.623300552368164,9.780683517456055,0.35850828886032104,-0.19252042472362518,-0.6764966249465942,0.32069769501686096,-4.062142372131348,-2.031019687652588,-2.517493486404419,-3.088655710220337,8.573616027832031,7.329381942749023,4.914862155914307,5.06359338760376,-0.31148096919059753,-0.7195942401885986,0.1874070018529892,-0.24246931076049805,-0.7341350317001343,1.0172877311706543,-1.358803629875183,0.1148323267698288,1.0870094299316406,2.2553529739379883,2.4426653385162354,2.8850560188293457
49,-1.7255433797836304,-3.6250832080841064,1.1064326763153076,-1.3020395040512085,-3.094297409057617,5.421816349029541,-6.047944068908691,0.5266488790512085,2.99759578704834,6.564391613006592,8.240389823913574,9.653860092163086,0.16471178829669952,-0.23652635514736176,-0.42958852648735046,0.35310423374176025,-4.125550270080566,-2.275247812271118,-2.8905045986175537,-2.9646353721618652,8.68753719329834,7.7403106689453125,5.351327896118164,4.981736183166504,-0.3602484166622162,-0.7566352486610413,0.2437959760427475,-0.2852661907672882,-0.717217743396759,1.041169285774231,-1.3555155992507935,0.07150737941265106,0.9951812624931335,2.1591055393218994,2.2557871341705322,2.9094512462615967
50,-1.7101538181304932,-3.6724913120269775,1.1728583574295044,-1.5405791997909546,-3.1248695850372314,5.574672222137451,-5.915496349334717,0.4646906554698944,2.6709797382354736,6.104952335357666,7.61143159866333,9.711978912353516,0.2602218985557556,-0.28878870606422424,-0.6529538631439209,0.30481064319610596,-4.501471042633057,-2.4264116287231445,-2.6676957607269287,-3.1093316078186035,9.372000694274902,7.969475269317627,5.174541473388672,5.23474645614624,-0.3401772081851959,-0.7538010478019714,0.2413819283246994,-0.336370050907135,-0.736086905002594,1.0684523582458496,-1.3361808061599731,0.0773305743932724,0.8823326230049133,2.05547833442688,2.1413652896881104,2.9059481620788574
51,-1.786004662513733,-3.702921152114868,1.3352513313293457,-1.797527551651001,-3.013967752456665,5.722175598144531,-5.962796688079834,0.34998688101768494,2.311434507369995,5.715886116027832,7.183278560638428,9.571446418762207,0.04337030649185181,-0.3778778612613678,-0.4463648796081543,0.2964842915534973,-4.596543788909912,-2.6454498767852783,-3.029679298400879,-2.973862409591675,9.524639129638672,8.340055465698242,5.557275772094727,5.118252754211426,-0.36417970061302185,-0.7592567801475525,0.2817901372909546,-0.39103996753692627,-0.7037090063095093,1.093355655670166,-1.3438252210617065,0.04933778941631317,0.8259111642837524,1.9379758834838867,1.946549415588379,2.9190115928649902
52,-1.7102844715118408,-3.5864899158477783,1.3195055723190308,-2.0705080032348633,-2.9506993293762207,5.88112735748291,-5.84971809387207,0.3383503556251526,2.0915651321411133,5.2800421714782715,6.555820941925049,9.645931243896484,0.08389931917190552,-0.44093552231788635,-0.7021267414093018,0.20272433757781982,-5.004476547241211,-2.830380916595459,-2.8541955947875977,-3.1310336589813232,10.249323844909668,8.57788372039795,5.4339704513549805,5.369139194488525,-0.3337414860725403,-0.7177174091339111,0.25941768288612366,-0.4475172758102417,-0.6932923197746277,1.1164970397949219,-1.3301972150802612,0.06034998595714569,0.7551421523094177,1.8352587223052979,1.8169944286346436,2.9127917289733887
53,-1.6744437217712402,-3.5282723903656006,1.3942769765853882,-2.3276731967926025,-2.722648859024048,6.060197830200195,-5.949918270111084,0.2865985929965973,1.8616585731506348,4.887785911560059,6.012637138366699,9.48621940612793,-0.15065345168113708,-0.6189563870429993,-0.5486553907394409,0.15853185951709747,-5.145010948181152,-2.8607423305511475,-3.2472915649414062,-2.995857000350952,10.45462417602539,8.760161399841309,5.856372833251953,5.226661205291748,-0.32942500710487366,-0.7147567272186279,0.28113648295402527,-0.4991939663887024,-0.627905011177063,1.1479346752166748,-1.3605921268463135,0.04547618329524994,0.743576169013977,1.7128119468688965,1.5983948707580566,2.9143667221069336
54,-1.5376964807510376,-3.25264048576355,1.3244740962982178,-2.627455711364746,-2.5145492553710938,6.097715377807617,-5.890616416931152,0.3685136139392853,1.7688324451446533,4.527590274810791,5.323148727416992,9.55447006225586,-0.14999429881572723,-0.6761325597763062,-0.8145506978034973,0.02978934533894062,-5.598960876464844,-3.303396463394165,-3.0831291675567627,-3.1720309257507324,11.250906944274902,9.212565422058105,5.743680477142334,5.475621223449707,-0.2928837239742279,-0.633352518081665,0.25216376781463623,-0.5656653046607971,-0.5784839987754822,1.1393916606903076,-1.361399531364441,0.07711271941661835,0.7292026281356812,1.5989763736724854,1.4505060911178589,2.8984999656677246
55,-1.4233914613723755,-3.217888355255127,1.3668174743652344,-2.8726537227630615,-2.1999330520629883,6.382367134094238,-6.060863018035889,0.3357917368412018,1.6419193744659424,4.0845232009887695,4.60703182220459,9.364511489868164,-0.37006184458732605,-0.7338277101516724,-0.7055939435958862,-0.037599921226501465,-5.826777935028076,-3.3140227794647217,-3.5043764114379883,-3.049943685531616,11.578262329101562,9.091202735900879,6.168628692626953,5.3204522132873535,-0.27108266949653625,-0.6587669253349304,0.2704642415046692,-0.6115402579307556,-0.4983488619327545,1.2000125646591187,-1.411393642425537,0.05657486617565155,0.7598062753677368,1.4938361644744873,1.1729267835617065,2.885145664215088
56,-1.2247841358184814,-2.9859282970428467,1.28459894657135,-3.1608235836029053,-1.8709713220596313,6.426567554473877,-6.0315022468566895,0.43068212270736694,1.6568199396133423,3.76975154876709,3.8141629695892334,9.415654182434082,-1.10299551486969,-0.7078368067741394,-0.791702151298523,-0.05610768869519234,-2.3534843921661377,-3.461855173110962,-3.535832643508911,-3.4008796215057373,-0.06946064531803131,8.823921203613281,6.124754905700684,5.684245586395264,-0.22277387976646423,-0.5842611193656921,0.2411627173423767,-0.6769259572029114,-0.41407904028892517,1.1875426769256592,-1.4164600372314453,0.08985958993434906,0.8151476383209229,1.324397087097168,0.9893722534179688,2.8616485595703125
57,-0.1367582082748413,-1.5020675659179688,-0.05876549705862999,-3.9336354732513428,-1.1189320087432861,7.512973785400391,-5.684634685516357,0.3874903619289398,2.99969220161438,4.030155658721924,3.6385884284973145,8.584080696105957,-1.210841178894043,-0.6556981205940247,-0.729215681552887,-0.09318448603153229,-2.6499009132385254,-3.313981056213379,-3.992445707321167,-3.365974187850952,-0.0006554004503414035,8.384315490722656,6.55744743347168,5.579265117645264,0.1180419996380806,-0.10469192266464233,-0.1875738948583603,-0.9026259183883667,-0.09528039395809174,1.5255239009857178,-1.2667373418807983,0.0639142245054245,0.4759557247161865,1.530482292175293,1.0273866653442383,2.494145154953003
58,0.4030301868915558,-1.217492938041687,-0.4970114827156067,-3.8885157108306885,-0.5767549872398376,7.148870944976807,-5.263693809509277,0.9700546860694885,3.3748817443847656,3.915070056915283,3.5733282566070557,8.467886924743652,-1.222400188446045,-0.6023233532905579,-0.9066058397293091,-0.18672069907188416,-2.8290810585021973,-3.2098474502563477,-3.914350986480713,-3.6252036094665527,-9.589866385795176e-05,8.12092399597168,6.500003337860107,5.89197301864624,0.14812517166137695,-0.2099091112613678,-0.1618005782365799,-0.7818661332130432,-0.04896704480051994,1.2788677215576172,-1.1887558698654175,0.24462930858135223,0.7322109937667847,1.3157103061676025,1.0900495052337646,2.532156467437744
59,0.6103765368461609,-1.2743268013000488,-0.46162283420562744,-3.9022138118743896,-0.22161735594272614,7.13578987121582,-5.068413734436035,1.281564712524414,3.898252010345459,3.637489080429077,3.361286163330078,8.129679679870605,-1.2138845920562744,-0.5784207582473755,-0.8147234320640564,-0.21662740409374237,-2.937915325164795,-2.9334464073181152,-4.274399280548096,-3.602385997772217,-0.00010282084986101836,7.738297939300537,6.868261814117432,5.8231940269470215,0.14390429854393005,-0.2677913010120392,-0.09075064957141876,-0.7963113188743591,0.0027883239090442657,1.3247418403625488,-1.1556072235107422,0.26521819829940796,0.8588759303092957,1.16317880153656,0.962698221206665,2.47922945022583
60,0.7976977229118347,-1.2901495695114136,-0.4488248825073242,-3.933197021484375,0.1216266080737114,7.031915664672852,-4.836579322814941,1.574180245399475,4.602740287780762,3.257735013961792,2.9846134185791016,8.02072525024414,-1.1832958459854126,-0.5783935785293579,-0.9809576869010925,-0.3086966872215271,-2.9824717044830322,-2.460327625274658,-4.18505334854126,-3.7898454666137695,-0.00012300870730541646,7.176594257354736,6.806953430175781,6.035424709320068,0.17746850848197937,-0.26537781953811646,-0.0903204083442688,-0.8048015832901001,0.06955642998218536,1.308885931968689,-1.123119592666626,0.3166101574897766,1.0306845903396606,0.9660980701446533,0.859052300453186,2.4268689155578613
61,1.0323669910430908,-1.4355822801589966,-0.36202138662338257,-3.941359043121338,0.48832225799560547,6.827712059020996,-4.853555202484131,1.862321376800537,5.481754302978516,2.7005958557128906,2.4932899475097656,7.735323429107666,-1.1234711408615112,-0.6034104228019714,-0.9109292030334473,-0.34927523136138916,-2.9599194526672363,-1.7013211250305176,-4.498727321624756,-3.7533745765686035,-0.00014007629943080246,5.874607086181641,7.124687671661377,5.954666614532471,0.22905036807060242,-0.3129741847515106,-0.06323468685150146,-0.8070102334022522,0.1333605796098709,1.2803630828857422,-1.1499191522598267,0.36462754011154175,1.2416455745697021,0.6994419097900391,0.6568993330001831,2.3611724376678467
62,1.310589075088501,-1.4976649284362793,-0.33032217621803284,-3.929914712905884,0.8249690532684326,6.41197395324707,-4.6772918701171875,2.194579601287842,6.538949012756348,1.889891266822815,2.0110721588134766,7.653872966766357,-1.0189474821090698,-0.6808416843414307,-1.004859447479248,-0.44267112016677856,-2.880018949508667,-0.5667765736579895,-4.454470634460449,-3.900139570236206,-0.0001627736201044172,3.917569637298584,7.134801387786865,6.108524322509766,0.28906556963920593,-0.31474268436431885,-0.06365188956260681,-0.8020876049995422,0.19123493134975433,1.2072783708572388,-1.1011313199996948,0.4310843348503113,1.4974288940429688,0.33070892095565796,0.5385907292366028,2.3255348205566406
63,1.600182294845581,-1.6172140836715698,-0.22306101024150848,-3.8305559158325195,1.180344581604004,5.709076404571533,-4.511534690856934,2.5455026626586914,7.820688247680664,0.2980644404888153,1.5554124116897583,7.475993633270264,-0.8659817576408386,-0.8986108303070068,-1.007949709892273,-0.49923136830329895,-2.7485694885253906,1.3436875343322754,-4.77382230758667,-3.867277145385742,-0.0001942550006788224,0.6087760925292969,7.429646015167236,6.015706539154053,0.3481062948703766,-0.34841006994247437,-0.03150464594364166,-0.772656261920929,0.25920459628105164,1.0771315097808838,-1.0489003658294678,0.4927993416786194,1.820980429649353,-0.2330055683851242,0.389618843793869,2.2985517978668213
64,1.857413411140442,-1.6245851516723633,-0.1551719605922699,-3.732142925262451,1.6883002519607544,4.4655303955078125,-3.7609829902648926,2.86130428314209,9.438566207885742,-4.110948085784912,1.465069055557251,7.405476093292236,-0.7014299035072327,-0.8801699280738831,-1.1451035737991333,-0.6615439653396606,-2.5492703914642334,5.7533416748046875,-4.8877458572387695,-3.9580981731414795,-0.00022839376470074058,-11.518659591674805,7.5608038902282715,6.042598247528076,0.39638879895210266,-0.33815622329711914,-0.022747589275240898,-0.7530430555343628,0.3728218376636505,0.8191152811050415,-0.791340708732605,0.5471693873405457,2.263576030731201,-1.4211382865905762,0.4550352990627289,2.249533176422119
65,2.754903554916382,-2.622023344039917,-0.021380504593253136,-3.3338823318481445,1.7109448909759521,3.7837107181549072,-1.12042236328125,3.1653480529785156,12.271020889282227,-5.696392059326172,3.5384366512298584,6.98469352722168,-0.34913134574890137,-1.1660276651382446,-1.1520832777023315,-0.7085246443748474,-2.3320679664611816,7.660702228546143,-5.311831951141357,-3.9316132068634033,-0.000300259911455214,-15.700039863586426,8.07912540435791,5.936447620391846,0.660983145236969,-0.6818003058433533,0.013997780159115791,-0.6340745091438293,0.32000699639320374,0.9487326741218567,0.15016108751296997,0.5976231098175049,3.276320219039917,-5.660768985748291,1.6464149951934814,2.0403215885162354
66,3.472245931625366,-3.0271408557891846,0.16704179346561432,-3.3421428203582764,1.4133687019348145,2.709040641784668,1.6983872652053833,3.74228572845459,13.735459327697754,-3.919408082962036,5.177351474761963,7.106910705566406,0.1466408669948578,-1.5961750745773315,-1.1976603269577026,-0.7376983761787415,-2.1425576210021973,8.156013488769531,-5.50963830947876,-4.039391040802002,-0.0003446370246820152,-15.697815895080566,8.361979484558105,6.0447163581848145,0.7926181554794312,-0.6945899724960327,0.05659417808055878,-0.6913396120071411,0.22710900008678436,0.5906780958175659,0.6639410853385925,0.7362819314002991,3.45377779006958,-6.855252265930176,2.298970937728882,2.1744489669799805
67,2.9909591674804688,-1.5169155597686768,0.08566559106111526,-3.4097113609313965,1.6593180894851685,0.5594086050987244,3.07051682472229,4.020493507385254,13.612509727478027,-4.152516841888428,5.701427459716797,7.14243221282959,0.6366251111030579,-1.716080665588379,-1.0984400510787964,-0.6832910180091858,-1.884924054145813,8.265594482421875,-5.60123348236084,-4.051267147064209,-0.0003390545607544482,-15.70003890991211,8.555163383483887,6.0119147300720215,0.5466613173484802,-0.11409154534339905,0.006011294201016426,-0.7142114639282227,0.3420555591583252,-0.2289251983165741,0.6773119568824768,0.746483564376831,3.0836336612701416,-5.759222984313965,2.2622973918914795,2.2111949920654297
68,2.103362798690796,-1.308790683746338,0.7399505376815796,-3.2941641807556152,1.8085980415344238,-0.6839503049850464,3.8536226749420166,3.9465596675872803,13.238815307617188,-4.168994903564453,5.626233100891113,7.24135160446167,0.9906064867973328,-1.8101083040237427,-1.0860830545425415,-0.6585606932640076,-1.583092212677002,8.135651588439941,-5.720439910888672,-4.132506847381592,-0.00032768637174740434,-15.696279525756836,8.684667587280273,6.050652980804443,0.3159985840320587,-0.24929195642471313,0.22715775668621063,-0.6618503928184509,0.36150872707366943,-0.28151237964630127,0.7430787086486816,0.6917778253555298,2.9249181747436523,-5.396994113922119,2.094032049179077,2.238455057144165
69,1.1397874355316162,-1.1495994329452515,1.2897446155548096,-3.1349997520446777,2.1033377647399902,-1.6643537282943726,4.235504150390625,3.888929843902588,12.992199897766113,-4.122949600219727,5.252699851989746,7.292768478393555,1.1885288953781128,-1.8979848623275757,-0.9873542189598083,-0.5998876690864563,-1.2112643718719482,7.802648067474365,-5.722283363342285,-4.109106540679932,-0.00031849934021010995,-15.699899673461914,8.761536598205566,5.969410419464111,0.10636837035417557,-0.2228294461965561,0.320250928401947,-0.6225665211677551,0.44042983651161194,-0.36593055725097656,0.7597134113311768,0.6807564496994019,2.8785507678985596,-5.145442485809326,1.8720616102218628,2.261413335800171
70,0.21358399093151093,-1.0068434476852417,1.7620909214019775,-2.999532699584961,2.3661720752716064,-2.2237064838409424,4.45820951461792,3.784045457839966,12.830065727233887,-4.032243251800537,4.698178291320801,7.406263828277588,1.2236772775650024,-1.9932729005813599,-1.004469633102417,-0.5888225436210632,-0.7764042615890503,7.329131603240967,-5.805267333984375,-4.168890476226807,-0.00030759983928874135,-15.695261001586914,8.828814506530762,5.991657733917236,-0.08303054422140121,-0.19522598385810852,0.40372151136398315,-0.5960004329681396,0.49358686804771423,-0.4150241017341614,0.7812533974647522,0.6581792235374451,2.848512649536133,-4.873209476470947,1.604355812072754,2.2866899967193604
71,-0.7233407497406006,-0.9612921476364136,2.2561497688293457,-2.826772928237915,2.546743392944336,-2.666046142578125,4.638175010681152,3.7806782722473145,12.780442237854004,-3.926168441772461,4.0355658531188965,7.5345635414123535,1.1348373889923096,-2.0471549034118652,-1.2562587261199951,-0.5518622398376465,-0.18378013372421265,6.811519622802734,-0.5735604763031006,-3.9135901927948,-0.00030701892683282495,-15.655779838562012,-2.9016900062561035,5.662772178649902,-0.26161274313926697,-0.19999514520168304,0.5021825432777405,-0.5555606484413147,0.5264739394187927,-0.4808792173862457,0.8043758273124695,0.667431652545929,2.855701208114624,-4.595635414123535,1.3238717317581177,2.3536925315856934
72,-2.3452816009521484,-0.3809024691581726,3.137995481491089,-2.3909265995025635,1.8477859497070312,-3.1109538078308105,4.056326866149902,2.6929898262023926,13.291279792785645,-3.713671922683716,-0.02384636178612709,7.710727214813232,0.8426467180252075,-2.005678176879883,-0.9366704225540161,-0.49330970644950867,0.22352756559848785,6.09613561630249,0.9076315760612488,-3.780834197998047,-0.00032363663194701076,-15.699134826660156,-5.405414581298828,5.3242573738098145,-0.6650835275650024,0.0010290872305631638,0.7185320854187012,-0.42862141132354736,0.28149962425231934,-0.5624260306358337,0.8165074586868286,0.3522699475288391,3.1140666007995605,-3.954357862472534,-0.9841053485870361,2.320033073425293
73,-3.9708306789398193,-0.626468300819397,4.061944484710693,-1.524150013923645,2.5302724838256836,-2.5535943508148193,2.131770610809326,1.9239965677261353,13.917673110961914,-3.3919217586517334,-6.843879699707031,8.498429298400879,0.33711472153663635,-1.9865888357162476,-0.8553476929664612,-0.3683592677116394,0.7884969115257263,5.449859619140625,4.482500076293945,-3.5375545024871826,-0.0003261881647631526,-15.699995994567871,-15.659886360168457,4.963820457458496,-1.001091480255127,-0.1693108230829239,0.9231743216514587,-0.191877543926239,0.6082307696342468,-0.3703550696372986,0.20207732915878296,0.25225508213043213,3.331940174102783,-3.450535774230957,-3.755523681640625,2.680736541748047
74,-5.9424004554748535,-0.4248097836971283,5.668440341949463,-0.7861739993095398,3.6432883739471436,-0.016422323882579803,-2.2600924968719482,1.9044158458709717,14.7317476272583,-2.3896896839141846,-3.7850472927093506,9.708258628845215,-0.5065333843231201,-1.9590026140213013,0.21206682920455933,-0.24358594417572021,1.5095012187957764,5.357656002044678,3.8367159366607666,-3.5360965728759766,-0.00034196756314486265,-15.697578430175781,-15.669883728027344,4.947774887084961,-1.4920130968093872,-0.062120720744132996,1.347791314125061,-0.05870174616575241,0.9187300205230713,0.27882760763168335,-0.9620009064674377,0.34073466062545776,3.643632411956787,-1.6458278894424438,-8.913758277893066,3.1608471870422363
75,-4.709735870361328,0.6848983764648438,3.291672945022583,-0.5888660550117493,3.948747158050537,-2.0868029594421387,-0.8918967843055725,3.299027919769287,15.124605178833008,-1.67025625705719,-4.321254730224609,9.597444534301758,-1.1488895416259766,-1.6705011129379272,0.8786554336547852,-0.09026861190795898,2.281742572784424,4.719737529754639,3.4965643882751465,-3.586108922958374,-0.00034957699244841933,-15.699338912963867,-15.656036376953125,5.147384166717529,-0.8215035200119019,0.27530717849731445,0.37086910009384155,-0.09177988022565842,0.8976619243621826,-0.5917487144470215,-0.0014018341898918152,0.7634970545768738,3.6826345920562744,-1.1125489473342896,-7.158390045166016,2.822742462158203
76,-4.256389617919922,1.340220332145691,2.3700757026672363,-0.6732838153839111,3.9812464714050293,-2.3423118591308594,-1.3413804769515991,4.291417598724365,15.14371395111084,-0.7400389909744263,-4.529417514801025,9.521685600280762,-1.7478604316711426,-1.2339266538619995,1.4230444431304932,0.05594734847545624,3.0570104122161865,3.961932420730591,3.0869078636169434,-3.6780383586883545,-0.0003566569066606462,-15.66599178314209,-15.665441513061523,5.306241989135742,-0.8453868627548218,0.33809274435043335,0.3725548982620239,-0.1459938883781433,0.8922008872032166,-0.44002169370651245,-0.29550570249557495,0.8952333331108093,3.602987766265869,-0.1105426698923111,-6.9562530517578125,2.8854379653930664
77,-3.9028923511505127,1.9858629703521729,1.623512625694275,-0.9339880347251892,3.4906022548675537,-2.466827630996704,-1.7768305540084839,5.385508060455322,15.086311340332031,2.6556437015533447,-4.551786422729492,9.520554542541504,-2.296212673187256,-1.013044834136963,1.9365144968032837,0.26720425486564636,3.76047682762146,2.2966933250427246,2.617159843444824,-3.7323215007781982,-0.0003568000392988324,-11.450597763061523,-15.661603927612305,5.532576084136963,-0.7987276315689087,0.4681283235549927,0.24272893369197845,-0.22087299823760986,0.7264189124107361,-0.4581019878387451,-0.37776023149490356,1.1085283756256104,3.5660507678985596,0.9635275602340698,-6.610121250152588,2.937523365020752
78,-4.211306095123291,4.168673515319824,0.8626885414123535,-1.8310645818710327,2.9998087882995605,-1.5518302917480469,-2.7691030502319336,6.872623443603516,14.596224784851074,14.61927318572998,-4.572946071624756,9.653055191040039,-2.858510971069336,-1.546095371246338,2.5930562019348145,0.6939169764518738,4.475935459136963,-1.5994088649749756,2.0933656692504883,-3.891134023666382,-0.00035542837576940656,6.974169731140137,-15.67953872680664,6.1380157470703125,-0.9812465906143188,1.1101542711257935,0.08013312518596649,-0.4823700785636902,0.6283890008926392,-0.19005608558654785,-0.6382171511650085,1.4418635368347168,3.3110427856445312,3.391256809234619,-6.641374588012695,3.0994491577148438
79,-4.584245681762695,7.744147777557373,-2.3296754360198975,-2.1565263271331787,3.1452267169952393,3.5117833614349365,-4.846685886383057,9.391212463378906,13.866480827331543,8.215325355529785,-4.480106830596924,10.199926376342773,-3.741908550262451,-0.07501407712697983,2.5230400562286377,0.8875612616539001,5.249505996704102,-1.9225622415542603,1.1859122514724731,-3.8690185546875,-0.00033710681600496173,15.329123497009277,-15.685604095458984,6.47194242477417,-1.1002117395401,2.0360143184661865,-0.8469498157501221,-0.46213340759277344,0.7815890312194824,1.3388499021530151,-1.1959947347640991,2.08329701423645,3.0388410091400146,3.4758212566375732,-6.1123857498168945,3.760049819946289
80,-3.5284087657928467,5.628684043884277,-1.6577409505844116,-1.4652745723724365,0.2866722643375397,-3.6301465034484863,-5.036072731018066,9.679265975952148,14.225360870361328,3.381049156188965,-4.301933288574219,10.285873413085938,-4.832174301147461,0.8930549621582031,2.25231671333313,0.7697761058807373,5.384574890136719,-2.885073184967041,-0.01855340041220188,0.05669748783111572,-0.0003703151596710086,15.16106128692627,-15.700004577636719,-2.0517795085906982,-0.6722826361656189,0.9003092646598816,-0.22402751445770264,-0.19348692893981934,-0.37768426537513733,-1.823531150817871,-1.0268887281417847,1.83848237991333,3.3733627796173096,3.709230661392212,-5.375239372253418,3.7249908447265625
81,-1.784961462020874,4.574828147888184,-0.7462279796600342,-2.538438081741333,-1.115088939666748,-5.135435104370117,-3.209606170654297,7.600427150726318,14.738887786865234,3.782212972640991,-4.003818035125732,15.306060791015625,-5.246068477630615,1.8334206342697144,2.25309419631958,0.46901935338974,5.152717113494873,-4.409984111785889,-1.0682494640350342,-0.36573877930641174,-0.0003912796382792294,15.259846687316895,-15.657745361328125,1.0306084156036377,-0.17160537838935852,0.8315131068229675,-0.027488214895129204,-0.6391838192939758,-0.3623068332672119,-1.4177274703979492,-0.42566484212875366,1.4379267692565918,3.5773117542266846,3.9911863803863525,-4.524694919586182,2.934622287750244
82,-0.41826528310775757,3.631807804107666,-0.7999213337898254,-3.3471062183380127,-1.9146852493286133,-3.512852668762207,-3.31298565864563,8.398602485656738,14.95883560180664,3.83910870552063,-3.60768723487854,13.613693237304688,-5.587130069732666,2.3626291751861572,2.1604650020599365,0.0982125774025917,4.752635955810547,-5.322637557983398,-2.20524001121521,0.7741142511367798,-0.000407458923291415,15.206109046936035,-15.670463562011719,0.14288932085037231,0.11468098312616348,0.6648964285850525,-0.15555791556835175,-0.775527834892273,-0.4199381470680237,-0.6181853413581848,-0.7223869562149048,1.8390697240829468,3.585557222366333,4.052229881286621,-3.5809390544891357,3.4368953704833984
83,1.4355332851409912,2.8150827884674072,-1.2308375835418701,-3.235715627670288,-3.420576810836792,-2.800875425338745,-2.4062581062316895,7.5590949058532715,14.898110389709473,3.8760697841644287,-2.953543186187744,14.566079139709473,-5.482365131378174,2.7645065784454346,1.9740840196609497,-0.175258070230484,4.009547710418701,-6.046332836151123,-3.2215609550476074,1.4225270748138428,-0.00041986070573329926,15.17501163482666,-15.675612449645996,-6.29078276688233e-05,0.4727238118648529,0.5045687556266785,-0.2839192748069763,-0.6395488381385803,-0.7736470103263855,-0.5884576439857483,-0.4085359573364258,1.531874656677246,3.5020461082458496,3.895949125289917,-2.519702672958374,3.510881185531616
84,3.5530779361724854,1.4963302612304688,-1.428450584411621,-3.222259044647217,-3.64113450050354,-1.7539843320846558,-1.5376627445220947,6.795035362243652,14.971634864807129,3.874659776687622,-2.051267147064209,14.914365768432617,-4.93402624130249,2.9438726902008057,1.7182420492172241,-0.38237228989601135,3.169293165206909,-6.502047061920166,-4.0340070724487305,1.8057827949523926,-0.00042409938760101795,15.140501976013184,-15.685529708862305,6.21233084530104e-07,0.8495739698410034,0.14194674789905548,-0.29410630464553833,-0.6545502543449402,-0.6819007992744446,-0.2782774567604065,-0.2279677391052246,1.3813259601593018,3.556760311126709,3.8359696865081787,-1.3633559942245483,3.575920581817627
85,5.1850361824035645,0.014694247394800186,-1.5983504056930542,-3.1114299297332764,-3.991957426071167,-0.9122903347015381,-0.6267505884170532,6.1340742111206055,15.056414604187012,3.864156484603882,-0.9771902561187744,15.19381332397461,-4.053297996520996,2.8565409183502197,1.3641797304153442,-0.5317096710205078,2.2255148887634277,-6.76395320892334,-4.608640670776367,1.971455693244934,-0.0004268332850188017,15.120829582214355,-15.69363021850586,3.23591630149167e-05,1.1040505170822144,-0.21440725028514862,-0.3257952928543091,-0.6219422221183777,-0.7826300263404846,-0.09524817019701004,-0.011654190719127655,1.25311279296875,3.5880956649780273,3.7689692974090576,-0.24211308360099792,3.68050217628479
86,6.328326225280762,-1.6129114627838135,-1.7144654989242554,-3.0673861503601074,-4.147934913635254,-0.04735979065299034,0.48994818329811096,5.5332722663879395,15.18873405456543,3.839665174484253,1.6315330266952515,15.43001937866211,-3.0031025409698486,2.433468818664551,1.236802577972412,-0.4598323702812195,1.2210580110549927,-6.839038372039795,-5.450527667999268,1.5392428636550903,-0.00043086102232337,15.102605819702148,-12.88512134552002,0.000509444682393223,1.2970770597457886,-0.49503093957901,-0.34572798013687134,-0.6242991089820862,-0.813937246799469,0.13482898473739624,0.2383345365524292,1.1246020793914795,3.644465208053589,3.709538459777832,0.9129219055175781,3.7538042068481445
87,7.809428691864014,-2.908704996109009,-2.508488893508911,-3.0147268772125244,-4.191051483154297,1.16476309299469,3.4938700199127197,5.213712692260742,15.199297904968262,3.8138909339904785,14.478334426879883,15.504403114318848,-1.7756774425506592,1.7327135801315308,2.67514705657959,-0.3979129493236542,0.11999238282442093,-6.705287933349609,-8.134631156921387,0.517709493637085,-0.0004329464863985777,15.10428237915039,4.296539306640625,0.9581290483474731,1.6929572820663452,-0.7058908343315125,-0.5875181555747986,-0.6075206995010376,-0.8362880945205688,0.3250335454940796,0.9418204426765442,1.0596866607666016,3.6200904846191406,3.6532442569732666,3.25321888923645,3.7420742511749268
88,9.165762901306152,-7.482080459594727,-3.804069757461548,-1.2493468523025513,-3.829913377761841,5.4483184814453125,11.913762092590332,4.362410068511963,15.210424423217773,3.8557815551757812,10.985620498657227,13.461922645568848,-0.6090441942214966,0.15646889805793762,2.312727689743042,-0.6668500900268555,-0.7697328329086304,-5.546980381011963,-6.171872615814209,0.6047720313072205,-0.000437628710642457,15.104915618896484,14.594230651855469,0.511390745639801,2.060926914215088,-2.1351444721221924,-0.8524882793426514,-0.013828448951244354,-0.7406165599822998,1.3985618352890015,3.122506618499756,0.7533444762229919,3.624048948287964,3.7943084239959717,4.479816913604736,2.9932427406311035
89,7.568636894226074,-8.033747673034668,-0.8982877135276794,-2.0018668174743652,-3.628608465194702,5.028234004974365,9.995923042297363,1.9330168962478638,14.700902938842773,3.826031446456909,4.121851921081543,13.356395721435547,0.48746952414512634,-1.2750651836395264,1.6461151838302612,-0.48052236437797546,-1.5584392547607422,-4.58103609085083,-3.4143495559692383,0.09823321551084518,-0.00041832932038232684,15.1526517868042,15.690035820007324,-0.5657342672348022,1.3551667928695679,-1.804488182067871,0.18784599006175995,-0.5156551003456116,-0.7386736869812012,0.8296806216239929,1.5704270601272583,0.06572078168392181,3.3401901721954346,3.6828463077545166,3.852705717086792,3.050225257873535
90,6.502015590667725,-5.481186389923096,0.43786168098449707,-3.9542036056518555,-3.7737255096435547,3.7430248260498047,5.010157585144043,2.5919058322906494,13.886861801147461,3.718623161315918,3.5301907062530518,15.588284492492676,1.8136910200119019,-1.8907749652862549,1.549207329750061,-0.37478604912757874,-2.4285027980804443,-4.044633865356445,-2.276881456375122,0.8271357417106628,-0.00039459142135456204,15.211812019348145,15.700031280517578,-2.0701904296875,1.2420040369033813,-0.8514487147331238,0.2659066617488861,-1.0853794813156128,-0.8388777375221252,0.5188601613044739,0.3948303461074829,0.6071317791938782,3.0282461643218994,3.544926166534424,4.252886772155762,3.9535253047943115
91,5.126891613006592,-3.7709693908691406,0.150749072432518,-5.25184965133667,-2.9771006107330322,3.138744354248047,3.4431989192962646,3.073580503463745,13.935335159301758,3.5702641010284424,3.756470203399658,16.94768524169922,3.055129289627075,-1.3917319774627686,1.5176451206207275,-0.0482124499976635,-3.144648313522339,-2.918018102645874,-1.6781145334243774,0.615338921546936,-0.00037642807001248,9.944021224975586,15.697211265563965,-1.9287415742874146,0.9500666856765747,-0.5810309052467346,-0.008782757446169853,-1.26671302318573,-0.5513364672660828,0.4909440875053406,0.4686012864112854,0.7121574282646179,3.2165675163269043,3.3732359409332275,4.73467493057251,3.7218809127807617
92,3.3988468647003174,-3.02134108543396,0.11880215257406235,-6.294435501098633,-2.4897756576538086,3.2580795288085938,3.077420949935913,3.3632848262786865,13.716621398925781,6.997776508331299,3.8917341232299805,16.205486297607422,3.957214117050171,1.6549232006072998,1.7288693189620972,0.3875678479671478,-3.585984706878662,1.5932254791259766,-0.9983700513839722,0.40797165036201477,-0.00039537856355309486,-3.829704761505127,15.687716484069824,-1.498732566833496,0.5358256101608276,-0.5215707421302795,0.020513014867901802,-1.4354645013809204,-0.4968039095401764,0.6247760057449341,0.5472893118858337,0.7288894057273865,3.0957014560699463,3.0104377269744873,4.882018566131592,3.3524043560028076
93,1.1198471784591675,-4.892609119415283,0.6736842393875122,-6.830041408538818,-2.534679889678955,1.088520884513855,3.5132787227630615,3.8234493732452393,12.604401588439941,14.088443756103516,4.106391906738281,14.889586448669434,4.192521095275879,1.7897518873214722,1.851954460144043,0.7476471662521362,-3.9738614559173584,1.9066162109375,-0.2676067054271698,0.3424202799797058,-0.0003593980800360441,-3.7367374897003174,15.700867652893066,-1.1478543281555176,-0.07459355145692825,-1.1456657648086548,0.2217286378145218,-1.4515933990478516,-0.5915699601173401,-0.012899763882160187,0.7511729001998901,0.8431268334388733,2.6118838787078857,2.2522313594818115,5.540268898010254,2.9962716102600098
94,-1.0074069499969482,-4.386692523956299,-0.2025495320558548,-6.720563888549805,-3.114867925643921,1.6993237733840942,1.7262964248657227,5.632472991943359,11.878663063049316,13.800542831420898,4.279356956481934,14.019001960754395,3.8188135623931885,1.7806683778762817,1.6266263723373413,0.7706174850463867,-4.41245698928833,1.4161648750305176,0.022323867306113243,0.356506884098053,-0.00034085253719240427,-2.358978271484375,15.700089454650879,-0.8957658410072327,-0.46820491552352905,-0.7685942053794861,-0.15896205604076385,-1.3204785585403442,-0.8207941651344299,0.4528965353965759,0.11698674410581589,1.4243582487106323,2.4879114627838135,2.5164270401000977,6.090290546417236,2.8890373706817627
95,-2.118391990661621,-3.9159953594207764,-0.8459662199020386,-6.651000022888184,-3.1044116020202637,1.737593173980713,-0.04301793500781059,5.975574970245361,12.183016777038574,12.818598747253418,4.375895023345947,12.324665069580078,3.0884227752685547,1.6100835800170898,1.1858875751495361,0.6453068852424622,-4.827817440032959,1.4297151565551758,-0.08733447641134262,0.7543756365776062,-0.00034607824636623263,-1.9440816640853882,15.693717956542969,-1.3460708856582642,-0.5107311606407166,-0.6851699352264404,-0.24230428040027618,-1.3210217952728271,-0.7401278614997864,0.36663639545440674,-0.2426886260509491,1.287351131439209,2.7544543743133545,2.4791388511657715,6.221196174621582,2.340684413909912
96,-2.1748149394989014,-3.4721591472625732,-1.3240443468093872,-6.546500205993652,-2.8297128677368164,1.2806613445281982,-1.5478060245513916,5.865197658538818,12.898066520690918,12.351278305053711,4.427098751068115,10.579663276672363,1.9502662420272827,1.44339919090271,0.7033718824386597,0.4159598648548126,-3.777616262435913,1.4306931495666504,-0.5308682918548584,0.8542974591255188,-0.32139623165130615,-1.656053066253662,15.686758995056152,-1.316599726676941,-0.40784624218940735,-0.6090366840362549,-0.31809115409851074,-1.3041757345199585,-0.642374575138092,0.20518770813941956,-0.5137414932250977,1.2261080741882324,3.0372979640960693,2.416778564453125,6.261443138122559,1.8172751665115356
97,-1.8344998359680176,-3.020700693130493,-1.612119436264038,-6.369649410247803,-3.366506576538086,0.6985586285591125,-2.624847412109375,6.305397033691406,13.6525239944458,12.103043556213379,4.463468074798584,8.827017784118652,1.1773195266723633,1.3309608697891235,0.1836489886045456,0.3622918128967285,1.6965535879135132,1.3633328676223755,-1.0935758352279663,1.0388667583465576,-1.2128446102142334,-1.0862067937850952,15.676875114440918,-1.3885371685028076,-0.3117554783821106,-0.5235317945480347,-0.3559339642524719,-1.2697439193725586,-0.8427619934082031,0.06520720571279526,-0.6885671019554138,1.4011492729187012,3.1642251014709473,2.4184622764587402,6.333688735961914,1.486944556236267
98,-2.272318124771118,-2.612441062927246,-0.9634501934051514,-5.587206840515137,-8.237699508666992,-0.7082704901695251,-3.052091360092163,7.193876266479492,13.979292869567871,12.198586463928223,4.491736888885498,8.71474552154541,0.9610023498535156,1.1047022342681885,-0.18634700775146484,0.2699770927429199,1.7312233448028564,1.3499300479888916,-1.743922233581543,1.4582172632217407,-0.953230619430542,-0.592888593673706,15.69798755645752,-1.9264968633651733,-0.5011024475097656,-0.45098748803138733,-0.10918112099170685,-1.0181764364242554,-2.2419800758361816,-0.32416239380836487,-0.7046899199485779,1.687342643737793,2.9316608905792236,2.6040518283843994,6.375420093536377,1.680607795715332
99,-2.423644781112671,-2.76438307762146,-1.1735014915466309,-4.84256649017334,-8.91816234588623,0.011943008750677109,-3.5155651569366455,6.65104341506958,14.00393009185791,12.291242599487305,4.480933666229248,7.61941385269165,0.710609495639801,0.773287832736969,-0.6515105962753296,-0.13466408848762512,1.524259328842163,1.1280694007873535,-2.395394802093506,1.5990147590637207,-0.173252671957016,0.24043786525726318,15.686267852783203,-1.751955509185791,-0.493116557598114,-0.5578693747520447,-0.266207218170166,-0.8736640214920044,-1.8631073236465454,0.09452473372220993,-0.8301640748977661,1.3742878437042236,3.0725455284118652,2.6985976696014404,6.398709774017334,1.2599223852157593
100,-2.7982969284057617,-2.6294844150543213,-0.9635196924209595,-3.8023874759674072,-9.4864501953125,0.11210113018751144,-3.668329954147339,6.380795478820801,13.444954872131348,12.15748405456543,4.49807596206665,6.839343547821045,0.44572240114212036,0.4827665388584137,-1.0225050449371338,-0.34678345918655396,1.4071743488311768,1.0476717948913574,-3.0539183616638184,2.123772144317627,0.3168938159942627,0.7960377335548401,15.694063186645508,-2.4104273319244385,-0.6013581156730652,-0.5008929371833801,-0.1709124594926834,-0.6370961666107178,-1.9974873065948486,0.03715559095144272,-0.8397534489631653,1.3502676486968994,3.0164358615875244,2.799936056137085,6.404032230377197,1.1949012279510498
101,-3.1524057388305664,-2.551717519760132,-0.8192147016525269,-2.9638493061065674,-9.802350044250488,0.3070521652698517,-3.678175210952759,5.755777359008789,13.040996551513672,12.178934097290039,4.483731746673584,6.249429702758789,0.2893085777759552,0.2646484076976776,-1.636455774307251,-0.5532757043838501,1.2424006462097168,0.999512255191803,-1.8507088422775269,2.346813678741455,0.8502093553543091,1.1604664325714111,9.777873992919922,-2.567687749862671,-0.6755821704864502,-0.497175395488739,-0.15141494572162628,-0.49199044704437256,-2.0361132621765137,0.09052404016256332,-0.8419924378395081,1.1905628442764282,2.9851372241973877,2.9087729454040527,6.349015235900879,1.0376163721084595
102,-3.532184362411499,-1.1689426898956299,-1.508410096168518,-1.9922897815704346,-9.779607772827148,0.14442260563373566,-3.4065334796905518,5.722235202789307,12.416662216186523,12.071325302124023,10.579506874084473,5.85930871963501,0.32881051301956177,0.311689555644989,-2.341555118560791,-0.532775342464447,1.5792900323867798,1.0804061889648438,0.6014100909233093,2.511697769165039,0.3959168493747711,1.0810203552246094,0.00017937098164111376,-2.8190841674804688,-0.7585157155990601,-0.05139528214931488,-0.4197538495063782,-0.277066707611084,-1.9935808181762695,0.007377706468105316,-0.6685759425163269,1.2732677459716797,2.863994836807251,2.8989241123199463,6.46115779876709,1.0025947093963623
103,-3.504819393157959,-0.13470381498336792,-4.25059175491333,0.4629463851451874,-8.152546882629395,1.326061725616455,-2.1316065788269043,5.6818695068359375,13.08302116394043,12.724053382873535,20.488019943237305,4.093556880950928,-0.02322179079055786,0.23968610167503357,-3.053326368331909,-0.6486712694168091,3.1505260467529297,1.1373863220214844,0.2837432622909546,2.5643155574798584,-4.588068008422852,0.9800128936767578,-0.0018372636986896396,-2.821606397628784,-0.694178581237793,0.11007966101169586,-1.3604636192321777,0.4233859181404114,-1.3670727014541626,0.43983888626098633,-0.21280112862586975,1.268858790397644,3.1045081615448,3.1873648166656494,6.223354816436768,0.505775511264801
104,-3.868959903717041,-1.2406092882156372,-6.786059379577637,4.154420375823975,-4.3012261390686035,4.176127910614014,-0.615324079990387,5.003538131713867,18.044233322143555,13.611486434936523,19.986600875854492,0.3428680896759033,0.041365768760442734,-0.14963127672672272,-4.307746887207031,-0.07587308436632156,2.455075740814209,1.0906161069869995,0.40406739711761475,4.741237640380859,-0.581925094127655,1.306858777999878,-0.001197566045448184,-5.952614784240723,-0.8371309041976929,-0.39340922236442566,-2.018389940261841,1.3292856216430664,-0.2653585374355316,1.2951339483261108,0.07546063512563705,1.0119661092758179,3.751274347305298,3.5112154483795166,5.678466320037842,-0.3792029023170471
105,-5.507159233093262,-3.0262656211853027,-6.7285919189453125,6.393198013305664,-4.687255859375,4.357024669647217,-1.1285877227783203,3.056727647781372,15.595542907714844,13.233037948608398,19.625,-3.332458972930908,-0.3903195559978485,-0.5612502098083496,-5.62650203704834,1.127851963043213,2.8326306343078613,1.3311896324157715,0.3965359330177307,8.666643142700195,-0.9686589241027832,1.0554451942443848,0.00042953179217875004,-15.620621681213379,-1.3531266450881958,-0.8591296076774597,-1.6783924102783203,1.647826075553894,-0.9376804828643799,0.9406190514564514,-0.2903042435646057,0.4818248152732849,3.711712598800659,3.242520809173584,5.50700044631958,-1.688337802886963
106,-6.570497512817383,-5.3937530517578125,-6.052133083343506,8.751896858215332,-4.212718486785889,5.631412982940674,-1.2854259014129639,0.7440450191497803,16.792512893676758,12.955824851989746,19.526948928833008,-2.440791606903076,-0.782008707523346,-0.8376672863960266,-2.832599639892578,2.354483127593994,2.8571081161499023,1.4070745706558228,3.087918996810913,9.354702949523926,-1.024193525314331,1.2591103315353394,-3.493964195251465,-15.66573429107666,-1.538336992263794,-1.4729623794555664,-1.481372594833374,2.360987663269043,-0.7109942436218262,1.4013177156448364,-0.2747313380241394,-0.13550134003162384,4.133606433868408,3.0315616130828857,5.557404518127441,-3.615010976791382
107,-4.673985481262207,-3.8930304050445557,-8.281009674072266,7.919548988342285,-4.105835914611816,5.715296745300293,-1.608705997467041,0.14585289359092712,16.9580078125,13.16046142578125,23.075611114501953,-2.2481274604797363,-0.9392480850219727,-1.1276936531066895,-1.309985876083374,4.054877281188965,2.5421361923217773,1.5255504846572876,7.424689292907715,9.462797164916992,-0.5632846355438232,0.8333299160003662,-9.459404945373535,-15.354384422302246,-0.7174984812736511,-0.6053173542022705,-2.2029130458831787,1.7250207662582397,-0.7427026629447937,1.2409813404083252,-0.31766337156295776,-0.06878431141376495,3.984055280685425,3.3162333965301514,5.73850679397583,-2.071336269378662
108,-0.9185282588005066,-0.9639033675193787,-10.522804260253906,5.457486629486084,-1.6611181497573853,5.441020488739014,0.7342187762260437,-0.9802936911582947,17.23941993713379,14.036365509033203,28.76702308654785,-1.5972963571548462,-1.1128462553024292,-1.2358781099319458,-1.4635556936264038,5.555048942565918,2.2658464908599854,1.3377424478530884,5.354949474334717,9.357696533203125,-0.39908623695373535,0.8845760226249695,-6.169013977050781,-15.477770805358887,0.3242967426776886,0.20024360716342926,-2.7147862911224365,0.9703919887542725,-0.010598104447126389,1.1325149536132812,0.5215428471565247,-0.27714473009109497,4.380706310272217,3.565605640411377,5.570577144622803,-0.9113772511482239
109,0.19173456728458405,0.22396405041217804,-10.146607398986816,3.634648561477661,1.3254718780517578,5.799266338348389,2.0236549377441406,-0.28579896688461304,17.62863540649414,13.847253799438477,24.998676300048828,-0.8259033560752869,-1.2736895084381104,-1.3763062953948975,-1.5939944982528687,6.61445951461792,2.1229546070098877,1.2446556091308594,5.553520679473877,9.556231498718262,-0.09494944661855698,1.1897836923599243,-6.329440116882324,-15.645437240600586,0.1881484091281891,0.20536379516124725,-2.244567632675171,0.6488882899284363,0.6868728399276733,1.2902607917785645,0.6956124901771545,0.026770159602165222,4.574728012084961,3.3462564945220947,5.182557106018066,-0.29715079069137573
110,0.8564625978469849,0.9969870448112488,-8.860326766967773,2.1917612552642822,-0.5214852690696716,4.957685947418213,1.2531310319900513,0.11226396262645721,17.020828247070312,13.319482803344727,25.275667190551758,-0.014421907253563404,-1.2875722646713257,-1.40550696849823,-1.6702558994293213,7.597918510437012,2.1058831214904785,1.308730959892273,5.424947738647461,9.540946006774902,0.011163920164108276,1.1638425588607788,-6.008020401000977,-15.064013481140137,0.24947839975357056,0.28947919607162476,-1.7766144275665283,0.34265536069869995,-0.3541611135005951,0.9264610409736633,0.18409818410873413,0.08390657603740692,4.1803412437438965,3.2083961963653564,5.442286014556885,0.46093934774398804
111,0.9487967491149902,1.0674989223480225,-7.507915019989014,0.6973356604576111,-1.1019197702407837,5.351757049560547,0.5872281789779663,0.27148935198783875,16.769954681396484,13.126368522644043,24.9473819732666,6.674005031585693,-1.0781210660934448,-1.175379991531372,-1.5578434467315674,7.567861557006836,2.0674688816070557,0.9748385548591614,5.240383148193359,6.481520175933838,-0.05591225624084473,1.6670708656311035,-5.6703596115112305,-3.903097629547119,0.19384267926216125,0.21298526227474213,-1.4462110996246338,-0.06361233443021774,-0.2786647379398346,1.2009425163269043,0.03389234095811844,0.110582634806633,4.164400100708008,3.160498857498169,5.388193607330322,1.3126416206359863
112,1.3006823062896729,2.2156982421875,-5.659670352935791,-3.909616470336914,-2.3959391117095947,5.738077640533447,-0.8019962906837463,1.6463271379470825,16.55968475341797,12.881646156311035,24.209829330444336,12.940762519836426,-0.8249086737632751,-0.9820168614387512,-1.4754161834716797,5.289112091064453,1.5559966564178467,0.7419756054878235,5.052608489990234,1.1812114715576172,-0.012968836352229118,1.945979118347168,-5.416195869445801,15.69631290435791,0.29764899611473083,0.5777181386947632,-0.942075252532959,-1.1905791759490967,-0.613460123538971,1.2600539922714233,-0.3237133026123047,0.6504983305931091,4.032135486602783,3.2655045986175537,5.087334632873535,3.7279186248779297
113,1.6086289882659912,1.8372865915298462,-4.908991813659668,-4.248196601867676,-0.016801461577415466,6.509594917297363,-1.6143029928207397,0.9535816311836243,15.559168815612793,12.368379592895508,23.772274017333984,3.0628855228424072,-1.3198699951171875,-1.4553849697113037,-2.071578025817871,1.8262133598327637,1.573411226272583,1.0084855556488037,5.403180122375488,2.585259437561035,-0.000507845776155591,1.7475950717926025,-5.668896198272705,-0.8018178939819336,0.35515353083610535,0.3092009425163269,-0.9370855093002319,-0.7953816056251526,0.2939838469028473,1.4811828136444092,-0.3704465329647064,0.051096245646476746,3.5183279514312744,3.0631303787231445,5.0630412101745605,3.9805877208709717
114,0.5383029580116272,2.511237382888794,-4.933111667633057,-0.3479157090187073,-2.7905828952789307,4.7767014503479,-3.207914352416992,3.5475926399230957,15.25684642791748,12.738195419311523,24.539154052734375,15.048349380493164,-1.1663761138916016,-1.2713327407836914,-1.9557477235794067,-2.0323548316955566,0.9993907809257507,0.8907775282859802,5.287374019622803,5.050544738769531,-0.00042492966167628765,1.8864682912826538,-5.497320175170898,-5.9214701652526855,-0.036866627633571625,0.5639305710792542,-1.097139835357666,0.3732146620750427,-0.892428457736969,0.7642124891281128,-0.7280331254005432,1.1858413219451904,3.57065749168396,3.265411615371704,5.524204254150391,3.4654998779296875
115,0.8199848532676697,1.4083094596862793,-5.725385665893555,-0.9118354320526123,-1.2768312692642212,6.4792094230651855,-5.522284984588623,2.5634877681732178,14.943087577819824,12.58841323852539,24.144269943237305,14.643197059631348,-0.5958977937698364,-0.7934565544128418,-1.5155431032180786,-1.5240538120269775,0.5561602711677551,0.3594065308570862,4.9178266525268555,3.3416833877563477,-0.000398488889914006,2.458315134048462,-5.042457580566406,-3.273125171661377,0.19448411464691162,0.1310577094554901,-1.3724417686462402,-0.2825582027435303,-0.05834190174937248,1.628853440284729,-1.2304599285125732,0.5113335251808167,3.461066961288452,3.182037115097046,5.181240558624268,1.9433408975601196
116,-0.10469391942024231,1.3310428857803345,-6.3024582862854,-1.1487805843353271,-0.982864499092102,6.941727161407471,-6.3429484367370605,3.54555606842041,14.640844345092773,12.068546295166016,23.758394241333008,12.18349838256836,-0.47999465465545654,-0.5731215476989746,-1.3249741792678833,-1.3317145109176636,0.2323707938194275,0.23121210932731628,4.441871643066406,2.973417282104492,-0.00038627354661002755,2.5223026275634766,-4.534056186676025,-2.8929526805877686,-0.14089778065681458,0.2523628771305084,-1.4391226768493652,-0.2732757329940796,-0.1569627970457077,1.500626802444458,-1.2176250219345093,0.9307112097740173,3.3652236461639404,3.122305393218994,5.283165454864502,2.116428852081299
117,-0.9256024360656738,1.461719036102295,-6.8165059089660645,-0.9282660484313965,-1.592603325843811,6.741965293884277,-6.689690589904785,3.6875,14.501531600952148,11.886018753051758,23.32381248474121,11.25149917602539,-0.6629350781440735,-0.5584145188331604,-1.3470485210418701,-1.3802506923675537,-0.21574272215366364,0.0834600180387497,4.069491863250732,2.4186184406280518,-0.0003870378131978214,2.3267157077789307,-4.083970546722412,-2.3241915702819824,-0.2996983826160431,0.30565157532691956,-1.5452855825424194,-0.16247031092643738,-0.3990860879421234,1.3651034832000732,-1.2444820404052734,0.8409821391105652,3.355376958847046,3.0712311267852783,5.3063063621521,1.9927116632461548
118,-0.6390442848205566,1.9310009479522705,-7.164420127868652,-1.0192408561706543,-1.3095815181732178,6.723336696624756,-6.508627414703369,3.7125983238220215,14.49166488647461,11.897347450256348,22.946269989013672,10.305800437927246,-0.8673247694969177,-0.5810268521308899,-1.5252948999404907,-1.537877082824707,-0.6279351115226746,1.044698715209961,3.4439427852630615,2.033832311630249,-0.00038702256279066205,0.0687839686870575,-3.5388221740722656,-2.0234622955322266,-0.09241025894880295,0.4419872760772705,-1.6093909740447998,-0.22675251960754395,-0.22913961112499237,1.3797733783721924,-1.15669846534729,0.8079667687416077,3.379945993423462,3.0348079204559326,5.331381320953369,1.8587381839752197
119,-0.2627749741077423,2.3029870986938477,-7.044442176818848,-1.1915152072906494,-1.1316319704055786,6.393839359283447,-5.717413425445557,3.715149164199829,14.542082786560059,13.117061614990234,22.508508682250977,9.691275596618652,-1.0463889837265015,-0.6073669791221619,-1.6051974296569824,-1.6582262516021729,-0.5873231887817383,0.9244294762611389,3.0683629512786865,1.6273397207260132,-0.09550201892852783,0.19820636510849,-3.1198577880859375,-1.7037575244903564,-0.0030656978487968445,0.5022504329681396,-1.5248186588287354,-0.2764451205730438,-0.209514781832695,1.3444852828979492,-0.95875483751297,0.7974234223365784,3.409282684326172,2.917963981628418,5.382633686065674,1.784091591835022
120,0.18692655861377716,2.6087591648101807,-7.023865699768066,-1.1205476522445679,-1.0633207559585571,6.567626476287842,-5.283675670623779,3.809077262878418,14.731650352478027,13.040193557739258,22.25196075439453,9.581796646118164,-1.0683356523513794,-0.5665541291236877,-1.6864759922027588,-1.7191100120544434,-0.21542540192604065,0.9226213693618774,2.5388004779815674,1.2333627939224243,-0.17569053173065186,0.035012371838092804,-2.6951472759246826,-1.3993699550628662,0.09630519896745682,0.5536839365959167,-1.5362539291381836,-0.22804886102676392,-0.20752958953380585,1.4168217182159424,-0.9260417819023132,0.8192080855369568,3.4638006687164307,2.97887921333313,5.480551242828369,1.8618274927139282
121,0.18419043719768524,2.720965623855591,-6.663400650024414,-0.9258027076721191,-1.4375923871994019,6.467260360717773,-4.722703456878662,3.989549398422241,14.930437088012695,13.180807113647461,21.880752563476562,9.491456031799316,-0.9176837205886841,-0.4626673460006714,-1.633952260017395,-1.7173669338226318,0.31692934036254883,1.1078191995620728,2.219850778579712,0.8263065814971924,-0.2490994930267334,-1.180161952972412,-2.368868112564087,-1.0643465518951416,0.03520680218935013,0.551798939704895,-1.4040215015411377,-0.16924971342086792,-0.3386389911174774,1.356980562210083,-0.820705235004425,0.8592100739479065,3.5141308307647705,2.993657112121582,5.462587356567383,1.8732672929763794
122,-0.09275698661804199,2.5659914016723633,-6.331635475158691,-0.7589099407196045,-2.237597942352295,6.443304061889648,-4.266909122467041,4.117767810821533,15.054157257080078,14.023451805114746,21.576662063598633,9.387242317199707,-0.5863795280456543,-0.35108137130737305,-1.5086650848388672,-1.5666440725326538,0.9270995259284973,0.6936534643173218,1.8571124076843262,0.4535100758075714,-0.4673037528991699,-0.711395263671875,-2.056555986404419,-0.6927449107170105,-0.05561082810163498,0.4880358576774597,-1.324485182762146,-0.13739821314811707,-0.5474967360496521,1.3784797191619873,-0.7502076029777527,0.8663459420204163,3.5214552879333496,3.0070302486419678,5.458175182342529,1.8831523656845093
123,-0.6391559839248657,2.248695135116577,-6.228315353393555,-0.5011348128318787,-2.9970035552978516,6.760417938232422,-4.185144901275635,4.28727912902832,15.221519470214844,13.892099380493164,21.31977081298828,9.38709831237793,-0.37696585059165955,-0.13145104050636292,-1.302168846130371,-1.3848857879638672,0.8973011374473572,0.6319074630737305,1.759156346321106,0.153891921043396,-0.47760435938835144,-0.6386371850967407,-1.8566654920578003,-0.3002985715866089,-0.204657644033432,0.40496936440467834,-1.3271617889404297,-0.06891094893217087,-0.6785890460014343,1.4599025249481201,-0.7915319800376892,0.897161066532135,3.509237289428711,3.0838887691497803,5.495297908782959,1.9390393495559692
124,-1.1236146688461304,1.8261409997940063,-6.163475036621094,-0.34726741909980774,-3.275225877761841,6.695788860321045,-4.548023223876953,4.481342315673828,15.164308547973633,13.856366157531738,21.113628387451172,8.997315406799316,-0.2043018341064453,0.037519581615924835,-1.1532278060913086,-1.2192937135696411,0.8523524403572083,0.5227880477905273,1.592961311340332,-0.10358545184135437,-0.4611366093158722,-0.3695892095565796,-1.6804753541946411,0.06628845632076263,-0.29275235533714294,0.3101470470428467,-1.3057150840759277,-0.05085384100675583,-0.6771243810653687,1.396864652633667,-0.9182136654853821,0.9331462979316711,3.4729373455047607,3.0559329986572266,5.46621561050415,1.8325899839401245
125,-1.6136640310287476,1.4729398488998413,-6.179502487182617,-0.14151032269001007,-3.5132205486297607,6.635669231414795,-4.967718124389648,4.665839195251465,14.999588966369629,13.636503219604492,20.93603515625,8.5324125289917,-0.049403779208660126,0.1425318717956543,-1.0331850051879883,-1.1246358156204224,0.8809916377067566,0.2594544589519501,1.5500508546829224,-0.30805447697639465,-0.44650647044181824,0.030251339077949524,-1.5428409576416016,0.34358254075050354,-0.39074620604515076,0.24939976632595062,-1.316309928894043,-0.0006261393427848816,-0.7203575968742371,1.3771755695343018,-1.0152586698532104,0.96260005235672,3.4053375720977783,3.034139394760132,5.4637861251831055,1.7479742765426636
126,-1.9325615167617798,1.390725016593933,-6.235733985900879,0.07525906711816788,-3.7522130012512207,6.6020588874816895,-5.264378547668457,4.731841564178467,14.887564659118652,13.333500862121582,20.769174575805664,8.086999893188477,0.013436386361718178,0.19332115352153778,-1.0115605592727661,-1.0732829570770264,0.9268271327018738,0.1807011216878891,1.3384286165237427,-0.5163764953613281,-0.5472081899642944,0.12574250996112823,-1.3530129194259644,0.610550582408905,-0.4298148453235626,0.26943832635879517,-1.3301101922988892,0.04384870082139969,-0.7663611769676208,1.3558242321014404,-1.0572612285614014,0.9542215466499329,3.3840348720550537,3.023977279663086,5.434159755706787,1.667846441268921
127,-2.1634392738342285,1.3984065055847168,-6.197007179260254,0.2347789704799652,-3.9339425563812256,6.482711315155029,-5.301621437072754,4.738829612731934,14.873431205749512,13.188132286071777,20.549718856811523,7.618165493011475,0.002161179669201374,0.21438643336296082,-0.9577914476394653,-1.0456684827804565,0.8993891477584839,0.11379377543926239,1.2937126159667969,-0.6640834808349609,-0.6206098198890686,0.22780466079711914,-1.2106119394302368,0.7989161610603333,-0.4642299711704254,0.28317856788635254,-1.3093738555908203,0.0658963993191719,-0.7935293912887573,1.3196449279785156,-1.0411326885223389,0.940815269947052,3.359766721725464,2.990776300430298,5.411957263946533,1.5788401365280151
128,-2.2197265625,1.4014086723327637,-6.213804721832275,0.380967378616333,-3.950700044631958,6.3593010902404785,-5.4091386795043945,4.670920372009277,14.858866691589355,13.03349494934082,20.37837791442871,7.157559871673584,0.04664727300405502,0.21554359793663025,-0.9814176559448242,-1.0335360765457153,0.8359198570251465,0.029533816501498222,1.0815931558609009,-0.7694544196128845,-0.47734928131103516,0.3195606470108032,-1.0307117700576782,0.9333755970001221,-0.45292261242866516,0.28316986560821533,-1.3178237676620483,0.09251151233911514,-0.7768329977989197,1.2896502017974854,-1.0700689554214478,0.913508951663971,3.342939615249634,2.9639456272125244,5.392967700958252,1.4846211671829224
129,-2.35807204246521,1.4257405996322632,-6.1366424560546875,0.5656024813652039,-3.9911794662475586,6.271226406097412,-5.370003700256348,4.603392124176025,14.7061128616333,12.871804237365723,20.17331314086914,6.721295356750488,0.05653267726302147,0.21784985065460205,-0.946375846862793,-1.0265556573867798,0.8851342797279358,0.006251072511076927,1.0456856489181519,-0.9273965954780579,-0.5814918279647827,0.3310633599758148,-0.9111688733100891,1.1234016418457031,-0.4906400144100189,0.290850430727005,-1.290215015411377,0.1332208216190338,-0.7903334498405457,1.2714730501174927,-1.0537207126617432,0.897627055644989,3.33097243309021,2.931227684020996,5.374905109405518,1.3954066038131714
130,-2.3938522338867188,1.4766845703125,-6.122836112976074,0.7375950217247009,-4.054927349090576,6.153085708618164,-5.358339309692383,4.514535903930664,14.757558822631836,12.77939224243164,20.026260375976562,6.281246662139893,0.006481559481471777,0.20737287402153015,-0.9834068417549133,-1.0269434452056885,0.840306282043457,-0.05374239757657051,0.8495481014251709,-1.0246798992156982,-0.6387197971343994,0.3963538706302643,-0.7477560639381409,1.2324366569519043,-0.4842378795146942,0.30477333068847656,-1.2930679321289062,0.1649138331413269,-0.8029753565788269,1.2426369190216064,-1.0522150993347168,0.8712230324745178,3.329402208328247,2.9095957279205322,5.356179237365723,1.310984492301941
131,-2.4380292892456055,1.4726029634475708,-6.057509899139404,0.9404200315475464,-3.926100492477417,6.081997394561768,-5.2999267578125,4.401671409606934,14.760438919067383,12.630706787109375,19.843914031982422,5.783895015716553,0.03346554562449455,0.1939382255077362,-0.9582725763320923,-1.0241345167160034,0.7758956551551819,-0.08352948725223541,0.8388993144035339,-1.0777902603149414,-0.47743654251098633,0.4273834526538849,-0.6594302654266357,1.3143694400787354,-0.49574992060661316,0.2963383197784424,-1.2748603820800781,0.20816466212272644,-0.7543563842773438,1.230501651763916,-1.0445551872253418,0.8439280390739441,3.314648389816284,2.8743393421173096,5.343459606170654,1.1918505430221558
132,-2.4937355518341064,1.4850250482559204,-6.033008098602295,1.2108433246612549,-3.88173246383667,5.919133186340332,-5.294669151306152,4.247046947479248,14.634848594665527,12.48843765258789,19.721424102783203,5.219128131866455,0.026549628004431725,0.18230970203876495,-0.9994467496871948,-1.0365915298461914,0.8226255774497986,-0.11458252370357513,0.6644079089164734,-1.20400869846344,-0.5708060264587402,0.444903165102005,-0.528773307800293,1.459272861480713,-0.507282018661499,0.3009198307991028,-1.2723827362060547,0.26937565207481384,-0.7586535811424255,1.1824268102645874,-1.0467455387115479,0.8070135712623596,3.3169479370117188,2.8358118534088135,5.317079067230225,1.0574755668640137
133,-2.5691723823547363,1.4926166534423828,-5.997317314147949,1.5706853866577148,-3.8148136138916016,5.765310287475586,-5.134776592254639,4.066070079803467,14.686149597167969,12.34335708618164,19.569562911987305,4.507315635681152,-0.10552455484867096,0.16133351624011993,-0.9828589558601379,-1.0360395908355713,0.8256819248199463,-0.11902694404125214,0.6845245957374573,-1.1932045221328735,-0.8487343788146973,0.46387431025505066,-0.46712782979011536,1.459129810333252,-0.5256885886192322,0.3016970157623291,-1.2667169570922852,0.3506472110748291,-0.7392545342445374,1.1498531103134155,-1.0027559995651245,0.7631670832633972,3.311332941055298,2.7951109409332275,5.305369853973389,0.885940432548523
134,-2.4983725547790527,1.4201467037200928,-6.054593086242676,1.9922726154327393,-3.467898368835449,5.55610466003418,-5.104498386383057,3.7336652278900146,14.869866371154785,12.17001724243164,19.46949577331543,3.6270172595977783,-0.0323752760887146,0.12708619236946106,-1.0411263704299927,-1.07737135887146,0.7101945877075195,-0.15027932822704315,0.5503255128860474,-1.2876659631729126,-0.42487984895706177,0.4947952330112457,-0.3831191658973694,1.5715938806533813,-0.49529150128364563,0.2760217785835266,-1.290714144706726,0.44082900881767273,-0.6338068246841431,1.0985232591629028,-1.0090358257293701,0.6805256009101868,3.3073477745056152,2.7439677715301514,5.276529788970947,0.6600005626678467
135,-2.6888809204101562,1.3882333040237427,-6.034670352935791,2.6627466678619385,-3.314983606338501,5.254122257232666,-4.912745475769043,3.504502773284912,14.571313858032227,11.94195556640625,19.3468074798584,2.6859042644500732,-0.059069834649562836,0.10500212758779526,-1.0229333639144897,-0.7173394560813904,0.7537118196487427,-0.10922871530056,0.549923300743103,-0.8859128355979919,-0.5323315858840942,0.3821868896484375,-0.3300902545452118,1.2044237852096558,-0.5656861066818237,0.2746453881263733,-1.2798192501068115,0.6034067869186401,-0.6332873702049255,1.0205183029174805,-0.9556693434715271,0.6454306244850159,3.31160569190979,2.676304578781128,5.251595973968506,0.45122814178466797
136,-2.5380311012268066,1.3096641302108765,-6.1151838302612305,3.0762810707092285,-3.01825213432312,5.073857307434082,-4.5533061027526855,2.8528048992156982,14.755958557128906,11.814313888549805,19.233776092529297,1.591620683670044,-0.17530927062034607,0.07428295910358429,-1.055742859840393,0.03463100269436836,0.6546132564544678,-0.03903643786907196,0.3776698708534241,-0.28757765889167786,-0.6400374174118042,0.22442781925201416,-0.2108801305294037,0.7430660724639893,-0.4905438721179962,0.25244277715682983,-1.3095204830169678,0.6631597876548767,-0.552224338054657,1.0030572414398193,-0.856626033782959,0.47728317975997925,3.3671247959136963,2.624661445617676,5.209008693695068,0.1759474277496338
137,-2.352027416229248,1.0312023162841797,-5.979358196258545,3.3215084075927734,-2.328566551208496,4.930260181427002,-4.110986232757568,2.103163719177246,14.957806587219238,11.639351844787598,19.035274505615234,0.48551976680755615,-0.1047506034374237,0.08726274967193604,-1.015960931777954,1.1376436948776245,0.5072636008262634,-0.11158064007759094,0.3480737805366516,0.45086273550987244,-0.2951710820198059,0.25951436161994934,-0.14264261722564697,0.15730373561382294,-0.4509108364582062,0.16942466795444489,-1.2502015829086304,0.7132467031478882,-0.36781391501426697,0.9812350869178772,-0.7637866735458374,0.3254404664039612,3.409508466720581,2.539050340652466,5.152686595916748,-0.057705171406269073
138,-2.2249228954315186,0.7196519374847412,-5.681745529174805,3.4423952102661133,-1.7950140237808228,4.838203430175781,-3.655860424041748,1.3545938730239868,14.867982864379883,11.372426986694336,18.85536003112793,-0.3844243288040161,-0.10831758379936218,0.09540876746177673,-1.0297261476516724,2.3522653579711914,0.4939117133617401,-0.07096810638904572,0.20096054673194885,1.315761685371399,-0.3318564295768738,0.12827043235301971,-0.05174999684095383,-1.3577884435653687,-0.42998573184013367,0.10276404023170471,-1.1566433906555176,0.7556027173995972,-0.28490298986434937,0.9635369181632996,-0.667807936668396,0.18071846663951874,3.4688117504119873,2.4775612354278564,5.078922271728516,-0.19448071718215942
139,-2.10931658744812,0.32165083289146423,-5.250760555267334,3.3843674659729004,-1.364924430847168,4.8566508293151855,-3.1786975860595703,0.6757118701934814,15.043574333190918,11.23102855682373,18.652456283569336,-1.1917322874069214,-0.14766454696655273,0.08870363235473633,-1.0039877891540527,3.614678144454956,0.4039965569972992,-0.056175634264945984,0.20546355843544006,2.3102500438690186,-0.2707500457763672,0.0853610411286354,-0.015065979212522507,-3.798893451690674,-0.4089815616607666,0.011325312778353691,-1.04511296749115,0.7531222701072693,-0.2124054878950119,0.9866049885749817,-0.573492169380188,0.052176281809806824,3.5151126384735107,2.4263830184936523,5.015020847320557,-0.3760109543800354
140,-1.993469476699829,-0.15165969729423523,-4.750906944274902,3.256247043609619,-0.956088662147522,4.969892978668213,-2.929683208465576,0.13330644369125366,15.10716438293457,11.040007591247559,18.492691040039062,-1.7660781145095825,-0.13628633320331573,0.0834418311715126,-1.0270191431045532,4.927700042724609,0.3623844385147095,-0.06989149004220963,0.14832063019275665,3.33791184425354,-0.17822779715061188,0.09281834214925766,-0.005089208483695984,-6.790354251861572,-0.38637587428092957,-0.09344014525413513,-0.9251464605331421,0.7503595948219299,-0.1354610174894333,1.0233869552612305,-0.5514412522315979,-0.04608519375324249,3.5423200130462646,2.3712379932403564,4.946645259857178,-0.5583216547966003
141,-1.994489312171936,-0.5887568593025208,-4.037927150726318,2.951601266860962,-0.8600969910621643,5.20078182220459,-2.6911628246307373,-0.23571710288524628,15.092358589172363,10.841659545898438,18.356285095214844,-1.8250362873077393,-0.1339033842086792,0.08411954343318939,-1.004961371421814,6.224167346954346,0.3922092318534851,-0.06926370412111282,0.1746533364057541,4.192756652832031,-0.21844953298568726,0.09904295206069946,0.002111894078552723,-9.521133422851562,-0.4017227590084076,-0.17562955617904663,-0.7443726658821106,0.6879175901412964,-0.15755723416805267,1.0871422290802002,-0.5066326260566711,-0.08999176323413849,3.5482513904571533,2.3251869678497314,4.881154537200928,-0.6327542066574097
142,-1.9688913822174072,-0.9114537239074707,-3.087317943572998,2.226038932800293,-0.9771513342857361,5.5223541259765625,-2.585630178451538,-0.4012865126132965,15.118953704833984,10.788314819335938,18.18564224243164,-1.2061330080032349,-0.14798425137996674,0.08961305767297745,-1.011012315750122,7.322746753692627,0.39298349618911743,-0.11936628818511963,0.15351827442646027,4.597092151641846,-0.2549479007720947,0.187483549118042,-0.015155613422393799,-10.96347713470459,-0.3930016756057739,-0.22485870122909546,-0.5092259645462036,0.4663851857185364,-0.20834855735301971,1.1682043075561523,-0.5017396807670593,-0.08912701904773712,3.5343751907348633,2.336941957473755,4.787282943725586,-0.39810287952423096
143,-1.8503583669662476,-1.022117257118225,-1.8092830181121826,0.9502161145210266,-1.2425453662872314,5.951880931854248,-2.591196060180664,-0.05468176305294037,15.061367988586426,10.941737174987793,17.96970558166504,-0.062469176948070526,-0.11061903089284897,0.10253230482339859,-0.9905872941017151,7.997885227203369,0.4006763696670532,-0.1579234004020691,0.17174950242042542,4.497706890106201,-0.21235835552215576,0.26385587453842163,-0.007538970559835434,-10.540260314941406,-0.3568256199359894,-0.2186635583639145,-0.1983121782541275,0.044390566647052765,-0.28056570887565613,1.2716478109359741,-0.5186826586723328,0.031151339411735535,3.4885144233703613,2.432187080383301,4.654809474945068,0.2603413462638855
144,-1.6834996938705444,-0.8385800123214722,-0.4147925078868866,-1.1793044805526733,-1.5579060316085815,6.450553894042969,-2.745612621307373,0.5070555806159973,14.938274383544922,11.385416030883789,17.65424919128418,5.670895099639893,-5.6313350796699524e-05,0.20531195402145386,-0.8985111117362976,7.228827953338623,0.43042558431625366,-0.2609671950340271,0.10235390067100525,2.1360039710998535,-0.2847895622253418,0.4025956690311432,0.0285053551197052,-1.7670936584472656,-0.3157772719860077,-0.14274382591247559,0.10667119920253754,-0.4796633720397949,-0.34958580136299133,1.3874592781066895,-0.569036066532135,0.20516614615917206,3.4570624828338623,2.612562894821167,4.490298271179199,1.2891390323638916
145,-1.0050218105316162,-0.12749753892421722,1.3006447553634644,-6.025430679321289,-1.9581936597824097,6.800833702087402,-3.00087571144104,3.0438239574432373,15.064840316772461,12.414501190185547,17.174524307250977,11.538496017456055,-0.02426590770483017,0.20627164840698242,-0.9377047419548035,3.8538155555725098,0.4475095272064209,-0.2832449972629547,0.028743505477905273,-1.9432827234268188,-0.33715885877609253,0.4555529057979584,0.17332278192043304,14.993263244628906,-0.10973324626684189,0.06922484934329987,0.47982943058013916,-1.5490542650222778,-0.43981608748435974,1.4348490238189697,-0.6367648839950562,1.0287432670593262,3.5170276165008545,3.051656723022461,4.257568836212158,3.6165924072265625
146,-0.8426170349121094,-0.44748809933662415,2.283403158187866,-7.250189781188965,-0.3214110732078552,6.716333866119385,-2.8252553939819336,3.080230951309204,14.282048225402832,12.60893440246582,16.493654251098633,3.5495193004608154,-0.4290408194065094,-0.18962165713310242,-1.3725954294204712,1.514629602432251,0.49728870391845703,-0.01959209516644478,0.3635687828063965,-1.8411287069320679,-0.13825303316116333,0.2391548901796341,-0.12526379525661469,15.696175575256348,-0.14714384078979492,-0.13129709661006927,0.5725620985031128,-1.5482932329177856,0.1518969088792801,1.3552783727645874,-0.5445156097412109,0.5298665165901184,3.0768015384674072,2.9444735050201416,4.003735065460205,4.024747848510742
147,-0.8975654244422913,-0.0776442289352417,2.386014938354492,-3.595456123352051,-1.0950778722763062,5.282346248626709,-3.1036620140075684,1.4910523891448975,14.509299278259277,12.226235389709473,16.658737182617188,3.596832275390625,-0.4554542601108551,-0.21295586228370667,-1.470441460609436,0.7699512243270874,0.5902537703514099,0.12772342562675476,0.4556996822357178,-1.904566764831543,-0.19107283651828766,0.08622761070728302,-0.2104586958885193,15.694541931152344,-0.1911804974079132,0.03321404755115509,0.46692603826522827,-0.2844429612159729,-0.3173476755619049,0.8827078938484192,-0.6499778628349304,0.08258669078350067,3.4344780445098877,2.6547374725341797,4.096291542053223,4.824069976806641
148,-0.9076970815658569,-0.6778108477592468,2.418513298034668,-2.6212329864501953,-0.9797752499580383,5.484597206115723,-2.709772825241089,0.20129522681236267,14.763437271118164,12.564146041870117,16.734806060791016,3.7552833557128906,-0.48116299510002136,-0.21948961913585663,-1.4749101400375366,0.07761450111865997,0.6459664702415466,0.08878052234649658,0.6324574947357178,-0.22516465187072754,-0.23671317100524902,0.22674855589866638,-0.4100632071495056,-1.556117057800293,-0.18590527772903442,-0.21728329360485077,0.4658815860748291,-0.39646244049072266,-0.17675648629665375,1.1548271179199219,-0.48259270191192627,-0.12427099049091339,3.4720728397369385,2.865434408187866,4.121702194213867,4.610012054443359
149,-1.6504743099212646,-1.0781720876693726,1.428304672241211,-1.5442829132080078,-1.7535405158996582,6.71527624130249,-4.483255386352539,1.2063696384429932,14.650287628173828,12.77489948272705,17.103261947631836,13.885814666748047,-0.11527326703071594,0.11143270879983902,-1.1207524538040161,-1.194400429725647,0.5572704672813416,-0.22295895218849182,0.4428179860115051,-0.07489732652902603,-0.21713703870773315,0.5931993722915649,-0.24650272727012634,-0.14563602209091187,-0.4374687373638153,-0.2713128328323364,0.14646057784557343,-0.17273414134979248,-0.44543763995170593,1.5661556720733643,-1.128973364830017,0.3746870160102844,3.347264528274536,2.9634199142456055,4.2551188468933105,2.1344008445739746
150,-1.2742856740951538,-1.5863147974014282,1.4495885372161865,-4.246559143066406,-0.801886796951294,7.417369842529297,-4.721405982971191,3.4151694774627686,14.213315963745117,13.07699203491211,17.214548110961914,12.037148475646973,0.04512409865856171,0.2738240361213684,-0.9354647397994995,-1.099010944366455,0.46953848004341125,-0.3672696352005005,0.2186397761106491,-0.9340270161628723,-0.20058442652225494,0.7261286973953247,-0.0449887216091156,1.1159956455230713,-0.2028825581073761,-0.38285359740257263,0.2846532464027405,-1.3008666038513184,-0.03354422375559807,1.6171960830688477,-0.9794555306434631,0.990308940410614,3.159740686416626,3.1788597106933594,4.370988368988037,2.4700686931610107
151,-1.7325512170791626,-1.3570051193237305,1.4700212478637695,-4.703120708465576,-1.789220929145813,7.283494472503662,-5.145914554595947,4.1932573318481445,13.836320877075195,12.903146743774414,16.98976707458496,11.015048027038574,0.03022722154855728,0.34583279490470886,-0.8343437314033508,-0.9928757548332214,0.3260248303413391,-0.387384295463562,0.029861971735954285,-1.2505494356155396,-0.26571521162986755,0.6430802345275879,0.18107202649116516,1.414385437965393,-0.40710970759391785,-0.2377312034368515,0.2892618179321289,-1.054875135421753,-0.48397502303123474,1.462277889251709,-1.1023179292678833,0.9127631783485413,3.0621283054351807,3.023847818374634,4.26419734954834,2.5082807540893555
152,-1.6588010787963867,-1.0156288146972656,1.2947001457214355,-4.755937099456787,-2.096482753753662,6.943338871002197,-5.166126728057861,4.153546333312988,13.781941413879395,12.821358680725098,16.738834381103516,10.38464641571045,-0.01712532341480255,0.43503981828689575,-0.7465270757675171,-0.9698267579078674,0.4978545904159546,-0.37172892689704895,-0.2074829638004303,-1.3915386199951172,-1.1915147304534912,0.4656272232532501,0.36626994609832764,1.5714691877365112,-0.3222217857837677,-0.1554511934518814,0.23001526296138763,-1.0035192966461182,-0.45788392424583435,1.3625417947769165,-1.0566089153289795,0.7944965958595276,3.0855915546417236,2.9717800617218018,4.23734712600708,2.3460469245910645
153,-1.674746036529541,-0.9045074582099915,1.2762879133224487,-4.6534295082092285,-2.031700611114502,6.6653618812561035,-4.9410881996154785,3.9626495838165283,14.344664573669434,12.8878755569458,16.453838348388672,9.936118125915527,0.08112643659114838,0.5340056419372559,-0.6218129396438599,-0.8572373390197754,0.38356322050094604,-0.38650864362716675,-0.42641931772232056,-1.7958475351333618,-1.0707621574401855,0.344058096408844,0.6229498386383057,1.9972014427185059,-0.3381973206996918,-0.16339372098445892,0.24739079177379608,-0.9601677060127258,-0.3905751407146454,1.3138545751571655,-0.984476625919342,0.7367773652076721,3.0745980739593506,2.9741547107696533,4.164529800415039,2.2640724182128906
154,-1.8361119031906128,-0.8647227883338928,1.3635319471359253,-4.609736919403076,-2.1528666019439697,6.366195201873779,-4.794645309448242,4.14277982711792,14.237977027893066,12.917755126953125,16.09217071533203,9.516158103942871,0.37460705637931824,0.6322000026702881,-0.523901641368866,-0.8149870038032532,0.21926987171173096,-0.38785481452941895,-0.656493067741394,-1.9340465068817139,-0.3050612211227417,0.2033022940158844,0.8040528297424316,2.160663366317749,-0.38784345984458923,-0.1644006222486496,0.2795872688293457,-0.9533732533454895,-0.4434177577495575,1.2456574440002441,-0.9713966250419617,0.8059776425361633,3.0748422145843506,2.95951771736145,4.098459243774414,2.240896463394165
155,-2.1480798721313477,-0.7952001690864563,1.4609894752502441,-4.634896755218506,-2.6935391426086426,6.173725605010986,-4.576959609985352,4.178042411804199,13.799623489379883,12.961387634277344,15.758467674255371,9.246509552001953,0.47447824478149414,0.7357187867164612,-0.3950267732143402,-0.6869714856147766,0.23668396472930908,-0.4072492718696594,-0.848890483379364,-2.3296451568603516,-0.43263742327690125,0.12050160765647888,1.0372726917266846,2.6002070903778076,-0.4645752012729645,-0.1463746875524521,0.3009512424468994,-0.9688038229942322,-0.6113405227661133,1.220369815826416,-0.9228782057762146,0.7948188185691833,3.117734670639038,2.9456636905670166,4.013551712036133,2.1910135746002197
156,-2.2457809448242188,-0.7722896337509155,1.478736162185669,-4.776087760925293,-2.882340908050537,6.0977020263671875,-4.365122318267822,4.267931938171387,13.941055297851562,13.007028579711914,15.404473304748535,8.876720428466797,0.46892645955085754,0.8160428404808044,-0.31344759464263916,-0.6561009883880615,0.17893287539482117,-0.45143386721611023,-1.0203262567520142,-2.4005441665649414,-0.6174280643463135,0.13012762367725372,1.1902577877044678,2.7228047847747803,-0.4555072486400604,-0.14749060571193695,0.2954493761062622,-1.0092600584030151,-0.5999810099601746,1.2193849086761475,-0.8836662173271179,0.8047803640365601,3.1295158863067627,2.951063394546509,3.952815294265747,2.1574721336364746
157,-2.458791732788086,-0.8497829437255859,1.5767018795013428,-4.8220953941345215,-2.8447225093841553,5.9620890617370605,-4.297807216644287,4.2209320068359375,14.050376892089844,12.989660263061523,15.074000358581543,8.556068420410156,0.6353746056556702,0.9007562398910522,-0.2030544877052307,-0.5277363657951355,0.08556103706359863,-0.5036184191703796,-1.169800877571106,-2.7517220973968506,-0.34445375204086304,0.14876753091812134,1.3915935754776,3.133742570877075,-0.5142767429351807,-0.1753503531217575,0.32606202363967896,-1.0066108703613281,-0.56401526927948,1.1800076961517334,-0.8946110606193542,0.782014787197113,3.1107048988342285,2.947300910949707,3.8590495586395264,2.0629608631134033
158,-2.7561936378479004,-0.8635486960411072,1.736255407333374,-4.913934707641602,-3.064393997192383,5.772825241088867,-4.226868152618408,4.446909427642822,13.864969253540039,12.942024230957031,14.688058853149414,8.22333812713623,0.701987624168396,0.9623579382896423,-0.14182916283607483,-0.519096851348877,0.15047335624694824,-0.5207923054695129,-1.315355658531189,-2.8012382984161377,-0.48057466745376587,0.13561388850212097,1.5213720798492432,3.2449910640716553,-0.5798530578613281,-0.16924528777599335,0.36756086349487305,-1.0259255170822144,-0.6455433964729309,1.1307318210601807,-0.8830251693725586,0.8459382653236389,3.1138827800750732,2.9322285652160645,3.765794515609741,2.049098014831543
159,-3.0341129302978516,-0.8811807632446289,1.8705463409423828,-4.981668949127197,-3.2221877574920654,5.6423563957214355,-4.104583263397217,4.362857818603516,13.937030792236328,12.940803527832031,14.327033042907715,7.948179244995117,0.7125853300094604,1.0041991472244263,-0.07178851217031479,-0.414082407951355,0.10368221998214722,-0.5793759226799011,-1.4408633708953857,-3.103504180908203,-0.5325183868408203,0.19241565465927124,1.711564064025879,3.6160569190979004,-0.6322115063667297,-0.1729104369878769,0.39154499769210815,-1.0394339561462402,-0.6657083630561829,1.112051248550415,-0.8536083102226257,0.7946973443031311,3.1038928031921387,2.9343793392181396,3.657900333404541,1.9686359167099
160,-3.204347610473633,-0.9007240533828735,2.030153274536133,-5.097519874572754,-3.2205820083618164,5.50705623626709,-4.027730464935303,4.479826927185059,13.935783386230469,12.888198852539062,13.91686725616455,7.628854751586914,0.758948028087616,1.0199379920959473,-0.05420216545462608,-0.44757080078125,0.051369816064834595,-0.5913795232772827,-1.553052544593811,-3.098443031311035,-0.40722617506980896,0.19044151902198792,1.8159960508346558,3.6694161891937256,-0.652240514755249,-0.17678062617778778,0.4280506372451782,-1.0648494958877563,-0.6463990807533264,1.080121397972107,-0.8468359708786011,0.830036461353302,3.0901029109954834,2.92863392829895,3.557483673095703,1.940961480140686
161,-3.475687026977539,-0.9105756878852844,2.23795223236084,-5.147019863128662,-3.3103697299957275,5.351733207702637,-3.939472198486328,4.374110698699951,13.831974983215332,12.858255386352539,13.521964073181152,7.398636341094971,0.7723843455314636,1.0328242778778076,-0.018059521913528442,-0.3635220527648926,0.10031875967979431,-0.6192260980606079,-1.6734254360198975,-3.3728044033050537,-0.5117881894111633,0.1922251284122467,1.9963765144348145,4.006538391113281,-0.7182422280311584,-0.17744235694408417,0.4762231111526489,-1.0705578327178955,-0.6783101558685303,1.0460673570632935,-0.8290602564811707,0.7877716422080994,3.0878727436065674,2.916560649871826,3.4289491176605225,1.8700857162475586
162,-3.625955104827881,-0.8991135358810425,2.4418296813964844,-5.273448467254639,-3.381504774093628,5.21712064743042,-3.7883803844451904,4.439600944519043,13.87247085571289,12.846054077148438,13.060735702514648,7.160105228424072,0.7227482199668884,1.0178226232528687,-0.027784641832113266,-0.4282158613204956,0.067542165517807,-0.6125937700271606,-1.7667292356491089,-3.3386313915252686,-0.5705168843269348,0.1674036830663681,2.088984251022339,4.029376983642578,-0.7322531938552856,-0.17240820825099945,0.5176812410354614,-1.102461576461792,-0.6876585483551025,1.0198822021484375,-0.7906681895256042,0.8098910450935364,3.076948881149292,2.91725754737854,3.30838942527771,1.8671962022781372
163,-3.8107211589813232,-0.9259908199310303,2.6708552837371826,-5.339408874511719,-3.317246675491333,5.080455303192139,-3.6834981441497803,4.267344951629639,13.875656127929688,12.848771095275879,12.60572624206543,6.959927082061768,0.7423964142799377,0.9832202196121216,-0.014208167791366577,-0.35137879848480225,0.0028029829263687134,-0.5664136409759521,-1.8815102577209473,-3.5807876586914062,-0.4244694113731384,0.08755453675985336,2.2666304111480713,4.334776401519775,-0.7760668992996216,-0.18275491893291473,0.5668140649795532,-1.114179015159607,-0.6581724882125854,0.992611825466156,-0.7765311598777771,0.7545414566993713,3.0651979446411133,2.912959098815918,3.159477472305298,1.7920230627059937
164,-3.967545986175537,-0.9572955965995789,2.9817955493927,-5.511272430419922,-3.356290578842163,4.910536289215088,-3.5344550609588623,4.345863342285156,13.744701385498047,12.87192440032959,12.056461334228516,6.7855658531188965,0.6781203150749207,0.9351134896278381,-0.08193027228116989,-0.4699222147464752,0.03851594403386116,-0.6791204214096069,-1.8838790655136108,-3.4782915115356445,-0.44676774740219116,0.3215954303741455,2.292263984680176,4.316563606262207,-0.8021997213363647,-0.18968068063259125,0.6416337490081787,-1.159562110900879,-0.6820988059043884,0.9556868672370911,-0.7410286068916321,0.7897909283638,3.0563042163848877,2.901895761489868,3.00714373588562,1.8080675601959229
165,-4.1385064125061035,-1.0797282457351685,3.4227702617645264,-5.496593952178955,-3.5552101135253906,4.731016159057617,-3.5482912063598633,4.1119232177734375,13.62260627746582,12.703509330749512,11.421138763427734,6.640857696533203,0.5740225911140442,0.8431288599967957,-0.1493435949087143,-0.4463620185852051,-0.01334398239850998,-0.7480372190475464,-1.9535588026046753,-3.614274501800537,-0.34753188490867615,0.5311659574508667,2.4803287982940674,4.54490327835083,-0.8417203426361084,-0.225636288523674,0.7466596364974976,-1.1395573616027832,-0.7422002553939819,0.9107971787452698,-0.7657538056373596,0.7163105010986328,2.9966909885406494,2.8987772464752197,2.7663702964782715,1.7417724132537842
166,-4.202198028564453,-1.2487516403198242,3.989720582962036,-5.575451374053955,-3.7462663650512695,4.408676624298096,-3.5218982696533203,4.052060127258301,13.362730979919434,12.543564796447754,10.585286140441895,6.476312160491943,0.4851682484149933,0.7354916930198669,-0.23205944895744324,-0.6026555299758911,-0.11516045778989792,-0.7763007879257202,-1.9767141342163086,-3.5020902156829834,-0.12537699937820435,0.6470616459846497,2.562340021133423,4.510378837585449,-0.8438277244567871,-0.26556485891342163,0.8782930374145508,-1.165258765220642,-0.7830526828765869,0.8254221081733704,-0.7572394013404846,0.7200047969818115,2.9303033351898193,2.8898937702178955,2.5244908332824707,1.7377574443817139
167,-4.275791168212891,-1.429567575454712,4.5878777503967285,-5.635268211364746,-3.884737253189087,4.11506462097168,-3.43821120262146,3.708367347717285,13.031024932861328,12.429938316345215,9.55849838256836,6.375351428985596,0.3780808448791504,0.6048279404640198,-0.3315281867980957,-0.5973382592201233,-0.16925257444381714,-0.7308362126350403,-2.1367781162261963,-3.663625717163086,-0.03885579854249954,0.6085200309753418,2.813652992248535,4.73129415512085,-0.8623968362808228,-0.30361461639404297,1.003219485282898,-1.1868149042129517,-0.8080297112464905,0.7704593539237976,-0.7302660942077637,0.6286575794219971,2.8782944679260254,2.875540018081665,2.1874489784240723,1.6946545839309692
168,-4.296921253204346,-1.675410509109497,5.430020332336426,-5.949759483337402,-3.9876976013183594,3.7948334217071533,-3.1499719619750977,3.506962299346924,12.745810508728027,12.393194198608398,8.129140853881836,6.4143476486206055,0.24477538466453552,0.5118255615234375,-0.3974002003669739,-0.7677570581436157,-0.18835484981536865,-0.7624547481536865,-2.228638172149658,-3.617406129837036,-0.03896813094615936,0.5842239856719971,2.9495322704315186,4.730340003967285,-0.8630485534667969,-0.3621216416358948,1.2092456817626953,-1.287989616394043,-0.8251699805259705,0.7053264379501343,-0.643566906452179,0.6025052666664124,2.805377960205078,2.853240728378296,1.7696888446807861,1.7819093465805054
169,-4.367199897766113,-1.9689892530441284,6.429559707641602,-6.3511505126953125,-3.9741721153259277,3.528168201446533,-2.767091751098633,3.0202796459198,12.510758399963379,12.309776306152344,6.076530456542969,6.645535469055176,0.13895165920257568,0.41884320974349976,-0.5744061470031738,-0.7483457326889038,-0.21033410727977753,-0.698579728603363,-2.486722469329834,-3.822561502456665,-0.08433780074119568,0.3925836980342865,3.2723259925842285,4.973996162414551,-0.8886137008666992,-0.4275436997413635,1.442821741104126,-1.4033704996109009,-0.8061805963516235,0.6572692394256592,-0.5464770793914795,0.4835907816886902,2.7390713691711426,2.817267894744873,1.1354392766952515,1.8723719120025635
170,-4.661009311676025,-2.5388965606689453,8.190988540649414,-7.158694744110107,-3.910691022872925,3.1948485374450684,-2.0967252254486084,2.525867462158203,12.261147499084473,12.151040077209473,2.831482410430908,7.122223854064941,0.0033817850053310394,0.30076804757118225,-0.560808539390564,-0.9216772317886353,-0.19463010132312775,-0.6088546514511108,-2.443864583969116,-3.678391456604004,-0.11860691010951996,0.21879824995994568,3.243377447128296,4.845432281494141,-0.9830219745635986,-0.5794598460197449,1.9355759620666504,-1.6417537927627563,-0.7867782115936279,0.584995687007904,-0.3641285300254822,0.38846272230148315,2.6557605266571045,2.7041966915130615,0.17799094319343567,2.1321470737457275
171,-5.471092224121094,-3.30733585357666,10.492086410522461,-8.272303581237793,-3.430040121078491,3.3668534755706787,-1.2715566158294678,1.5587804317474365,12.273005485534668,11.679302215576172,-3.3341753482818604,8.1878080368042,-0.11711998283863068,0.130830317735672,1.0026606321334839,-0.7711911201477051,-0.11700625717639923,-0.4399428069591522,-1.658185362815857,-3.290984869003296,-0.11376688629388809,0.15066120028495789,-0.882644772529602,4.350316047668457,-1.2323673963546753,-0.7643320560455322,2.597381830215454,-1.974159836769104,-0.629429042339325,0.6886006593704224,-0.15662476420402527,0.16424565017223358,2.7019336223602295,2.4939534664154053,-1.4523811340332031,2.562277317047119
172,-7.213104724884033,-3.4857561588287354,12.407028198242188,-10.864350318908691,-3.735835313796997,3.5498037338256836,2.7024104595184326,1.68728768825531,12.698180198669434,11.403867721557617,-9.635310173034668,10.496586799621582,-0.4335353374481201,-0.1624147742986679,1.8426846265792847,-1.1643009185791016,-0.02195488102734089,-0.28584203124046326,3.292560338973999,-2.380354642868042,0.13328294456005096,0.2428773045539856,-15.599076271057129,3.348964214324951,-1.7625960111618042,-0.7259944081306458,3.392655611038208,-2.8975985050201416,-0.7973862886428833,0.7320722937583923,1.0556952953338623,0.3222965598106384,2.902210235595703,2.4575536251068115,-3.5109565258026123,3.597431182861328
173,-8.962203025817871,-3.839993715286255,14.514731407165527,-12.137224197387695,-4.788763046264648,4.6939778327941895,4.292001247406006,1.3523986339569092,12.925522804260254,11.99444580078125,-3.8372714519500732,13.234213829040527,-0.7665694355964661,-0.5345970988273621,4.132743835449219,-1.148910641670227,-0.011044269427657127,-0.10622335225343704,3.7571702003479004,-1.7647145986557007,0.34723466634750366,0.23349225521087646,-15.556697845458984,2.5767929553985596,-2.2164511680603027,-0.8327932953834534,4.389679431915283,-3.1073434352874756,-1.117983341217041,1.1032789945602417,1.2968145608901978,0.21511368453502655,3.0061442852020264,2.8073360919952393,-8.002946853637695,4.53445291519165
174,-5.312164783477783,-2.4311301708221436,10.956313133239746,-12.128616333007812,-1.4938565492630005,2.3869266510009766,1.466221570968628,2.152886390686035,13.25492000579834,11.769865036010742,-4.245272159576416,14.140156745910645,-0.9894252419471741,-0.7388638257980347,6.098654747009277,-1.543595552444458,0.10290837287902832,0.32126596570014954,3.707643747329712,-1.167754888534546,0.4186621308326721,-0.22886906564235687,-15.60261344909668,1.9486329555511475,-0.6079405546188354,-0.31070488691329956,2.349865198135376,-2.8140528202056885,0.1408749371767044,0.17294615507125854,-0.08411561697721481,0.5128057599067688,3.166924238204956,2.582564115524292,-5.907402515411377,4.075730323791504
175,-3.663228750228882,-0.9009907841682434,8.3441743850708,-11.37130355834961,-0.2686312198638916,1.7082383632659912,-0.7116772532463074,3.0066754817962646,12.859648704528809,11.776097297668457,-4.096652030944824,14.598362922668457,-0.9782078266143799,-0.7545447945594788,7.9296345710754395,-1.3233635425567627,0.24722638726234436,0.47435906529426575,3.112548589706421,-1.0800118446350098,0.25694867968559265,-0.3836315870285034,-15.581841468811035,1.772923469543457,-0.5381196141242981,0.022124124690890312,1.890568733215332,-2.5339794158935547,0.11003543436527252,0.25867903232574463,-0.4358334541320801,0.6987437605857849,2.8984200954437256,2.506761312484741,-4.7924370765686035,3.9536914825439453
176,-2.549797534942627,0.5150673985481262,5.914900302886963,-10.431905746459961,0.376012921333313,1.6337203979492188,-2.572120189666748,4.11343240737915,12.208277702331543,11.541526794433594,-3.5969581604003906,14.421306610107422,-0.9014075994491577,-0.6430354714393616,9.517086029052734,-1.4707634449005127,0.6697118282318115,0.5356400012969971,2.1202540397644043,-0.7415236234664917,-0.2475557178258896,-0.3466142416000366,-15.626169204711914,1.4376106262207031,-0.37423932552337646,0.29101699590682983,1.314829707145691,-2.183746099472046,0.16213537752628326,0.32358092069625854,-0.6976183652877808,0.9504812359809875,2.6098923683166504,2.4147839546203613,-3.397237777709961,3.7531495094299316
177,-2.078094720840454,1.5648047924041748,3.8521230220794678,-8.954005241394043,0.2952995300292969,1.4078209400177002,-3.5907986164093018,5.059236526489258,11.506575584411621,11.176908493041992,-2.605093479156494,14.197818756103516,-0.7262358665466309,-0.48474621772766113,10.883118629455566,-1.199049472808838,0.6013686656951904,0.535880982875824,0.8351836204528809,-0.8169525861740112,-0.012122854590415955,-0.19222429394721985,-15.625029563903809,1.5124363899230957,-0.36341267824172974,0.44502049684524536,0.8150982856750488,-1.7611624002456665,0.05012475326657295,0.2567135691642761,-0.8154439330101013,1.1381428241729736,2.309422254562378,2.325173854827881,-1.8700311183929443,3.530702590942383
178,-1.601188063621521,2.2798781394958496,1.9865717887878418,-7.553931713104248,-0.13519412279129028,0.9533764719963074,-3.8796353340148926,6.353415489196777,10.0440092086792,10.753559112548828,-1.0737019777297974,13.607559204101562,-0.5533983707427979,-0.3138921558856964,12.173901557922363,-1.2052050828933716,0.7306540608406067,0.554138720035553,-1.1604450941085815,-0.5943085551261902,-0.10446222126483917,-0.13077524304389954,-13.322728157043457,1.3437663316726685,-0.261561781167984,0.5460819005966187,0.2864624857902527,-1.407896637916565,-0.08446033298969269,0.13247722387313843,-0.8192272782325745,1.4476001262664795,1.9324713945388794,2.2413041591644287,-0.04725721478462219,3.331007480621338
179,-1.2336065769195557,2.8694536685943604,0.42265811562538147,-6.276066780090332,-1.3457945585250854,0.14877812564373016,-3.147080659866333,7.464516639709473,7.953214645385742,10.522577285766602,7.770780086517334,13.154549598693848,-0.3622875511646271,-0.13376596570014954,14.440594673156738,-0.9506205320358276,0.7939809560775757,0.5091193914413452,-6.212786674499512,-0.9664052724838257,-0.18335944414138794,-0.01488465815782547,1.3081748485565186,1.8053004741668701,-0.200254887342453,0.6515898704528809,-0.1784055233001709,-1.152882695198059,-0.42141976952552795,-0.07890558987855911,-0.5908657312393188,1.6837763786315918,1.3336271047592163,2.2152860164642334,2.389918088912964,3.1306252479553223
180,2.530928611755371,4.315341472625732,-6.206146240234375,-4.439332008361816,-3.2336554527282715,-0.763516902923584,0.5623344779014587,9.15246295928955,5.030803203582764,11.245445251464844,13.601146697998047,11.314129829406738,-0.21984250843524933,0.02821560762822628,14.406877517700195,-0.9063372015953064,0.9113883972167969,0.4546195864677429,-9.661053657531738,-1.0261222124099731,-0.5070790648460388,0.03027275577187538,15.693634986877441,1.979194164276123,1.016740083694458,1.0716297626495361,-1.5460951328277588,-0.660640299320221,-0.885320782661438,-0.2707807719707489,0.5949692130088806,2.1113429069519043,0.610220730304718,2.5841081142425537,6.9042205810546875,2.468878746032715
181,1.6181060075759888,2.451136589050293,-8.140458106994629,-2.3321735858917236,-4.6562066078186035,0.7539792060852051,1.3939961194992065,9.49601936340332,0.960018515586853,12.138955116271973,3.9362332820892334,9.328476905822754,-0.19663214683532715,-0.0029744282364845276,11.655455589294434,-0.9412349462509155,0.7103331089019775,0.37129727005958557,-8.862653732299805,-1.114302158355713,0.13716313242912292,0.23429933190345764,15.68432903289795,2.015869140625,0.20213857293128967,0.24520115554332733,-1.3087328672409058,-0.19041559100151062,-1.106374979019165,0.3559685945510864,0.2899794578552246,1.9895102977752686,-0.353244423866272,2.8623886108398438,6.217577934265137,1.8873244524002075
182,-2.8335835933685303,1.122840166091919,-1.9169821739196777,-2.919589042663574,-7.13201379776001,0.38715845346450806,1.8802554607391357,8.933404922485352,-3.8526389598846436,12.428006172180176,4.352182865142822,9.667356491088867,-0.6505822539329529,-0.06998639553785324,10.457306861877441,-1.0624233484268188,1.1108033657073975,0.48506680130958557,-8.23703670501709,-0.6518586874008179,-2.249201774597168,0.1456906646490097,15.69427490234375,1.4553765058517456,-1.189696192741394,0.04711981117725372,0.273733526468277,-0.688891589641571,-1.8035504817962646,0.028592757880687714,0.34409624338150024,1.7199829816818237,-1.4441384077072144,2.885838747024536,6.930202007293701,2.388852119445801
183,-2.4915883541107178,-1.1372580528259277,-2.801424026489258,-2.0349831581115723,-7.424854755401611,2.9210004806518555,2.139307737350464,8.611553192138672,-9.982863426208496,12.80599594116211,4.532312393188477,8.820714950561523,-1.9641730785369873,-0.2161320596933365,9.128108978271484,-1.1865273714065552,4.046971797943115,0.515249490737915,-7.645004749298096,-0.6279479265213013,-15.665742874145508,-0.012346822768449783,15.684115409851074,1.2784398794174194,-0.4701434075832367,-0.5319262146949768,-0.5107851028442383,-0.3017157316207886,-1.5075106620788574,0.9500816464424133,0.3669552803039551,1.7359251976013184,-3.9747369289398193,2.9615700244903564,7.161032199859619,1.8235208988189697
184,-0.27798059582710266,-2.755021810531616,-4.445596218109131,-1.3234339952468872,-6.239820957183838,3.086517095565796,4.624868392944336,8.182583808898926,-3.866685628890991,13.850007057189941,4.633375644683838,7.691937446594238,-2.402710199356079,-0.49847716093063354,7.490546226501465,-1.5121759176254272,2.835413694381714,0.7748115062713623,-6.397998809814453,0.06465201079845428,-15.666296005249023,-0.1952977031469345,15.691643714904785,0.4367828369140625,0.24063202738761902,-0.7800795435905457,-0.8696212768554688,-0.1780746579170227,-0.8891440629959106,0.655121386051178,1.021194577217102,1.6078379154205322,-7.819674491882324,3.3749778270721436,7.290811061859131,1.521364688873291
185,-0.6397460699081421,-1.5387895107269287,-6.594442367553711,-1.050694227218628,-7.041371822357178,1.6399776935577393,2.1102120876312256,8.094908714294434,-4.195591926574707,14.17992877960205,4.592879772186279,6.7746500968933105,-2.9569318294525146,-0.8380162715911865,5.586504936218262,-1.8520302772521973,1.3556050062179565,1.0122491121292114,-5.732752323150635,0.33786672353744507,-15.631756782531738,-0.4244604706764221,15.684698104858398,0.03714209794998169,-0.1922033131122589,-0.15162698924541473,-1.3405158519744873,-0.18515366315841675,-1.4565954208374023,0.14244335889816284,0.08835876733064651,1.706649661064148,-6.012204647064209,3.282179594039917,6.720749378204346,1.2411587238311768
186,0.6033411026000977,-1.0400166511535645,-7.975524425506592,-0.8913245797157288,-6.45395040512085,1.0317877531051636,1.9570631980895996,7.502662658691406,-4.328792572021484,14.174327850341797,4.573398590087891,4.644826889038086,-3.3331263065338135,-1.2030912637710571,3.5850744247436523,-2.354259729385376,-0.12151888012886047,1.2363272905349731,-5.086792469024658,1.018013596534729,-15.630483627319336,-0.5519528388977051,15.689423561096191,0.02264404296875,0.2761405408382416,-0.1480223387479782,-1.5970362424850464,-0.16915768384933472,-1.2277655601501465,0.13149112462997437,0.31642404198646545,1.4962087869644165,-5.834465503692627,3.1567275524139404,6.620483875274658,0.6315376162528992
187,2.011453151702881,-1.0330053567886353,-8.337940216064453,-0.49080890417099,-5.790820121765137,0.9290571808815002,1.5560303926467896,6.2669219970703125,-4.348076343536377,14.192121505737305,4.538671970367432,2.43269419670105,-3.3798930644989014,-1.4883180856704712,1.7411978244781494,-2.639420747756958,-1.6061288118362427,1.3768775463104248,-4.538040637969971,2.3325023651123047,-15.644268989562988,-0.5559625625610352,15.692534446716309,-0.872908353805542,0.5326594114303589,-0.21618328988552094,-1.6513336896896362,-0.050851814448833466,-1.1362890005111694,0.18068033456802368,0.22467035055160522,1.1742228269577026,-5.719882011413574,3.1549553871154785,6.486856937408447,0.19146126508712769
188,3.3626251220703125,-1.637069582939148,-8.58342170715332,0.374295175075531,-4.650296211242676,1.1258472204208374,0.8840673565864563,4.435266494750977,-4.316061973571777,14.086429595947266,4.503252029418945,-0.7117286324501038,-3.143209218978882,-1.7141681909561157,0.04261637479066849,-2.4752986431121826,-2.958371877670288,1.4712648391723633,-4.132969856262207,4.7666544914245605,-15.643778800964355,-0.43339842557907104,15.695799827575684,-5.42181396484375,0.773162841796875,-0.4318179488182068,-1.793548822402954,0.18579727411270142,-0.8721078634262085,0.26437026262283325,0.07861066609621048,0.7439228296279907,-5.591775417327881,3.11549973487854,6.351822376251221,-0.5756168961524963
189,4.7156500816345215,-2.7077476978302,-8.936722755432129,2.100659132003784,-2.863072395324707,1.8764756917953491,0.1830536425113678,1.872471809387207,-4.218716621398926,13.573017120361328,4.492598533630371,-4.231490612030029,-2.528024911880493,-1.7777132987976074,-2.303814649581909,-1.6327775716781616,-3.9170897006988525,1.5317630767822266,1.1228753328323364,8.538885116577148,-15.672628402709961,-0.23240803182125092,-0.0024527646601200104,-15.657464027404785,1.036661148071289,-0.7333516478538513,-2.0064351558685303,0.6044398546218872,-0.40438541769981384,0.502230703830719,-0.04878299683332443,0.10056786239147186,-5.182088375091553,2.9295942783355713,6.3882927894592285,-1.9358843564987183
190,5.651795387268066,-2.7812089920043945,-10.347661972045898,4.842920303344727,-0.7539939284324646,4.34335994720459,1.1605483293533325,0.613097608089447,-3.7951853275299072,12.364585876464844,21.053386688232422,-2.4556164741516113,-1.3988929986953735,-1.5536335706710815,-2.2590723037719727,-0.46203112602233887,-4.50054407119751,1.3472280502319336,2.817811965942383,8.86538028717041,-15.700008392333984,0.308926522731781,-0.9344345331192017,-15.702263832092285,1.1936811208724976,-0.6057559847831726,-2.849738121032715,1.304970622062683,0.13445700705051422,1.2940998077392578,0.38121330738067627,-0.01133759319782257,-3.948011636734009,2.5193076133728027,7.1304121017456055,-3.4664900302886963
191,4.527266979217529,-2.050016164779663,-11.985153198242188,5.711321830749512,-0.23422475159168243,7.37339973449707,-0.9926672577857971,2.2889018058776855,-3.1991984844207764,13.455166816711426,21.11518669128418,-2.5598487854003906,-0.7300184965133667,-1.5473145246505737,-1.8279848098754883,1.0785154104232788,-5.105404376983643,1.0103833675384521,6.833700180053711,9.502552032470703,-15.700004577636719,0.7338355779647827,-9.217622756958008,-15.555621147155762,0.7532670497894287,-0.32695192098617554,-3.265889883041382,1.2942465543746948,0.023771900683641434,2.0905652046203613,-0.4648098945617676,0.9814017415046692,-2.9108328819274902,3.4261386394500732,5.641058444976807,-2.6919238567352295
192,4.549717426300049,0.22785265743732452,-12.961792945861816,4.270752429962158,1.0432170629501343,7.657415866851807,-0.02876215986907482,2.3635644912719727,-2.3252973556518555,13.782831192016602,28.742189407348633,-2.2855193614959717,-0.2060171365737915,-1.7088831663131714,-2.0696675777435303,2.565291166305542,-5.514158248901367,1.05670166015625,5.4620680809021,10.159273147583008,-15.700000762939453,0.4322379231452942,-6.933537483215332,-15.53684139251709,0.9152296781539917,0.3611584007740021,-3.3403284549713135,0.7323612570762634,0.334595263004303,1.6800191402435303,0.11323422938585281,0.7244095206260681,-1.6673214435577393,3.460803508758545,5.502810001373291,-1.9185353517532349
193,3.403465986251831,2.393611431121826,-12.384899139404297,2.253613233566284,2.6883327960968018,8.92668342590332,0.6464566588401794,2.0220139026641846,-1.136748194694519,14.524340629577637,25.33464813232422,-1.595051646232605,0.10416261106729507,-1.8539700508117676,-2.1164796352386475,3.443997383117676,-5.417196750640869,1.0734940767288208,5.667642593383789,10.961563110351562,-14.955718040466309,0.6388775110244751,-7.209184646606445,-15.693743705749512,0.5368341207504272,0.7319719791412354,-2.9180753231048584,0.23078089952468872,0.6424121260643005,2.1693365573883057,0.2666684687137604,0.5594884753227234,-0.31680500507354736,3.6189768314361572,4.873606204986572,-1.0146455764770508
194,4.158878326416016,2.665609359741211,-12.139220237731934,1.3160802125930786,4.404398441314697,8.224907875061035,0.3563227355480194,0.8319804072380066,-0.2637300193309784,13.781959533691406,25.256498336791992,-1.1277709007263184,0.7196961641311646,-1.9354658126831055,-2.331380605697632,4.2054338455200195,-4.973779678344727,1.033115267753601,5.514239311218262,11.41976547241211,-13.671356201171875,0.6987838745117188,-6.733738422393799,-15.66970157623291,0.9532555341720581,0.5373097658157349,-2.8980867862701416,0.16696709394454956,0.9541577696800232,1.677251935005188,0.04102475196123123,0.02920953929424286,0.351765513420105,3.174044370651245,4.957841396331787,-0.7897928357124329
195,3.4766931533813477,2.7405622005462646,-11.239476203918457,0.9355375170707703,5.496464729309082,8.489344596862793,-0.2949918806552887,-0.8366418480873108,6.637110710144043,13.292241096496582,24.083681106567383,-0.5956912040710449,2.0628349781036377,-2.107147216796875,-2.4400794506073,4.766599655151367,-5.881843090057373,0.9197670221328735,5.477106094360352,11.57543659210205,-4.215091228485107,1.0784292221069336,-6.430973529815674,-15.65865707397461,0.6346728801727295,0.5257173180580139,-2.5419843196868896,0.16440922021865845,1.0939937829971313,1.888639211654663,-0.14167940616607666,-0.37745195627212524,1.5031945705413818,3.06350040435791,4.592409610748291,-0.21620133519172668
196,1.1765986680984497,2.2705185413360596,-9.360503196716309,1.4820550680160522,9.003286361694336,9.436501502990723,-0.7796292304992676,-6.1189751625061035,14.880999565124512,12.163247108459473,22.37492561340332,1.4029518365859985,3.7897233963012695,-2.236983060836792,-2.7046003341674805,4.66284704208374,-7.18752908706665,1.0020501613616943,5.539093017578125,8.969161033630371,13.595479011535645,0.4092453718185425,-6.295477867126465,-10.521687507629395,-0.053861103951931,0.36472201347351074,-1.862779140472412,0.4432833790779114,1.9930312633514404,2.2250723838806152,-0.18672418594360352,-1.4352813959121704,4.684576511383057,2.7148492336273193,3.9872400760650635,0.6286821961402893
197,-1.4147921800613403,3.512495994567871,-6.9811224937438965,1.8120430707931519,5.9654412269592285,7.559072017669678,-1.7172855138778687,-3.9458096027374268,5.1661858558654785,11.883727073669434,21.059221267700195,10.604433059692383,3.4667844772338867,-1.9939264059066772,-2.3720624446868896,3.6914050579071045,-5.98868989944458,0.981467068195343,5.032137870788574,3.182981252670288,15.673645973205566,0.41567325592041016,-5.55023717880249,6.918981075286865,-0.5903686285018921,0.8149786591529846,-1.2256572246551514,0.4816259741783142,0.6042831540107727,1.3440830707550049,-0.39645087718963623,-0.42522233724594116,4.997058391571045,2.55493426322937,3.6948654651641846,2.4037158489227295
198,1.6186940670013428,6.1095147132873535,-6.801526069641113,-0.7284233570098877,1.007763385772705,5.7138519287109375,-3.5281589031219482,-3.48836350440979,3.8455867767333984,12.000053405761719,20.763334274291992,7.700279712677002,3.815328359603882,-1.5997321605682373,-2.3436758518218994,2.713953971862793,-5.935328483581543,1.0476003885269165,4.880506992340088,-0.6830634474754333,15.663537979125977,0.5289996266365051,-5.642673492431641,15.676251411437988,0.7845494747161865,1.5254459381103516,-1.4860316514968872,-0.5041015148162842,-0.3626132905483246,0.9385074973106384,-0.8225122094154358,-0.6503767967224121,5.045428276062012,2.740619421005249,4.065200328826904,3.532310962677002
199,0.5152915716171265,7.031947135925293,-5.520747184753418,-1.684066891670227,1.5803706645965576,5.336456298828125,-1.9959992170333862,-3.6392664909362793,3.896470546722412,12.324187278747559,20.947778701782227,3.268026351928711,3.6458165645599365,-1.3822681903839111,-2.2452330589294434,2.1211063861846924,-5.663423538208008,1.4825961589813232,4.356839656829834,-2.133362054824829,15.7000093460083,-0.23504629731178284,-4.843238830566406,15.654532432556152,-0.047224901616573334,1.511765480041504,-1.0272339582443237,-0.429606556892395,0.32848626375198364,1.0737333297729492,-0.16953817009925842,-0.8291173577308655,4.689231872558594,2.9070048332214355,4.059790134429932,4.31843900680542
200,-1.2258087396621704,7.655455112457275,-4.584625244140625,-1.5714160203933716,2.0453691482543945,4.829338550567627,-0.37817177176475525,-2.89066743850708,3.815919876098633,13.270524024963379,20.708925247192383,3.736095666885376,3.093092679977417,-1.2035462856292725,-2.407197952270508,1.6624854803085327,-5.201671123504639,1.675146222114563,4.351982116699219,-3.211811065673828,15.700014114379883,-0.5586501359939575,-4.910482883453369,15.672355651855469,-0.4444570243358612,1.6096103191375732,-0.8626950979232788,-0.28369641304016113,0.3987676501274109,0.9695149064064026,0.1189093068242073,-0.5429579615592957,4.461707592010498,3.0516505241394043,4.259511470794678,4.924196243286133
201,-1.080897331237793,7.741369724273682,-4.276862621307373,-1.7273086309432983,2.142704963684082,4.488171100616455,-0.1157556027173996,-2.9545786380767822,3.7421681880950928,13.559855461120605,21.04108428955078,3.86307692527771,2.3189644813537598,-1.7004809379577637,-2.4245314598083496,-2.4054179191589355,-4.64913272857666,1.46554434299469,4.328298091888428,0.7478905916213989,15.70001220703125,-0.5205006003379822,-4.653393745422363,-1.8455920219421387,-0.1810307800769806,1.5602267980575562,-0.8998221755027771,-0.35055238008499146,0.3802916407585144,0.9184677004814148,0.010336168110370636,-0.6926495432853699,4.282930374145508,2.998605966567993,4.321615695953369,4.779646873474121
202,-1.008913278579712,7.019705772399902,-5.0247650146484375,-0.30825182795524597,2.4383692741394043,4.777873992919922,-2.548499584197998,-2.0687429904937744,3.880218505859375,13.212841987609863,20.786026000976562,14.458192825317383,2.486783504486084,-1.1816881895065308,-1.981770396232605,-2.301405429840088,-4.247000217437744,0.8819118142127991,4.189310550689697,3.7768335342407227,15.663756370544434,0.16576999425888062,-4.6760172843933105,-4.320898532867432,-0.18164867162704468,1.2510117292404175,-1.229110836982727,0.10659647732973099,0.46192988753318787,1.0579614639282227,-0.7351542711257935,-0.23205013573169708,4.869289875030518,2.833786725997925,4.23817253112793,2.2130727767944336
203,1.1408765316009521,5.130531311035156,-6.206269264221191,-1.2925348281860352,2.439462423324585,5.352202415466309,-4.917031288146973,-2.350313425064087,3.940216064453125,12.598356246948242,20.414813995361328,11.298009872436523,3.0854599475860596,-0.5625389814376831,-1.2670174837112427,-1.8741282224655151,-3.965909957885742,0.617667019367218,3.6275079250335693,1.6833233833312988,15.675549507141113,0.2741999924182892,-4.006296634674072,-1.6186105012893677,0.5418273210525513,0.7663828134536743,-1.5386042594909668,-0.4229821562767029,0.43220362067222595,1.1932563781738281,-1.1649686098098755,-0.42812973260879517,4.764612674713135,2.8103346824645996,4.035861015319824,1.3710429668426514
204,-0.5926968455314636,5.317845344543457,-6.487804412841797,-1.9895484447479248,2.2452473640441895,4.459353923797607,-4.50430965423584,-0.8214194774627686,3.914008617401123,12.216666221618652,19.559255599975586,9.965437889099121,3.0854437351226807,-0.2165205478668213,-1.1019716262817383,-1.5335546731948853,-3.6802470684051514,0.4433267414569855,3.3709001541137695,1.119594693183899,15.661343574523926,0.3263862133026123,-3.7793750762939453,-1.0926105976104736,-0.3456345796585083,1.101603627204895,-1.4128847122192383,-0.5227559208869934,0.3770497143268585,0.7897765040397644,-0.7712964415550232,0.01913289725780487,4.667133331298828,2.6962833404541016,3.955432415008545,1.9370739459991455
205,-1.4023808240890503,5.1947245597839355,-6.69393253326416,-2.5415902137756348,1.875632405281067,3.2523372173309326,-4.01543664932251,-0.14824563264846802,3.8773128986358643,11.701725006103516,19.513774871826172,9.647266387939453,2.8261168003082275,0.007556024938821793,-0.9081788063049316,-1.3436548709869385,-3.4692447185516357,0.3728073537349701,2.9415194988250732,0.5869512557983398,15.671245574951172,0.24359703063964844,-3.2166786193847656,-0.49607664346694946,-0.35298123955726624,1.039808988571167,-1.4580955505371094,-0.6132473349571228,0.2929604947566986,0.49510449171066284,-0.6722449064254761,0.05608157813549042,4.516861438751221,2.5334599018096924,4.0957255363464355,1.920341968536377
206,-1.7767252922058105,4.941099166870117,-6.623769283294678,-2.968336582183838,1.641940712928772,2.541830539703369,-3.630999803543091,0.2528633773326874,3.7936692237854004,11.346237182617188,19.063621520996094,9.217403411865234,2.4462108612060547,0.14704371988773346,-0.6946553587913513,-1.1476837396621704,-3.3040733337402344,0.2918475568294525,2.463897466659546,0.09977854043245316,15.67691421508789,0.1871601790189743,-2.584803819656372,-0.014178082346916199,-0.37258777022361755,0.9734479784965515,-1.3892669677734375,-0.6833823323249817,0.2682032287120819,0.4188806414604187,-0.6247657537460327,0.10503880679607391,4.333601474761963,2.4405477046966553,4.070896625518799,1.8714805841445923
207,-1.8888505697250366,4.710782527923584,-6.433659553527832,-3.3422021865844727,1.4449325799942017,1.913815975189209,-3.1525492668151855,0.6445752382278442,3.7113311290740967,10.947795867919922,18.582311630249023,8.843099594116211,2.0003106594085693,0.22266770899295807,-0.7764832377433777,-1.1540478467941284,-3.1733763217926025,0.2679726481437683,2.2800447940826416,-0.20875835418701172,15.682242393493652,0.05077972263097763,-2.415849208831787,0.31655657291412354,-0.36647164821624756,0.9309785962104797,-1.3180702924728394,-0.7502667307853699,0.23790623247623444,0.30143624544143677,-0.5325732231140137,0.18127720057964325,4.18370246887207,2.324944257736206,4.089437484741211,1.8340247869491577
208,-1.8963972330093384,4.408364295959473,-6.040796756744385,-3.5956995487213135,1.2612639665603638,1.3884769678115845,-2.7184247970581055,0.8746680617332458,3.641080141067505,10.571074485778809,18.468835830688477,8.41399097442627,0.9949197769165039,0.4464762806892395,-0.6625149846076965,-0.9579620361328125,1.6595170497894287,0.3804834485054016,1.8554588556289673,-0.8373076915740967,-0.0011393905151635408,-0.4815070927143097,-1.988713026046753,0.8905478715896606,-0.3605292737483978,0.8586451411247253,-1.215206503868103,-0.7904289364814758,0.20685650408267975,0.2094477117061615,-0.45521801710128784,0.20344559848308563,4.0779337882995605,2.208561658859253,4.0957841873168945,1.7476950883865356
209,-0.7615506052970886,4.521065711975098,-6.5766987800598145,-4.069265842437744,2.5478837490081787,2.3278586864471436,-0.7349169850349426,0.7692635655403137,15.283641815185547,11.466032981872559,18.652233123779297,8.21307373046875,0.7923389673233032,0.47131139039993286,-0.5712896585464478,-0.9595316052436829,2.154461622238159,0.20355017483234406,1.5281161069869995,-0.9382960200309753,-0.00034373789094388485,-0.24299181997776031,-1.4210305213928223,1.025215744972229,-0.008631385862827301,0.9502906799316406,-1.4600225687026978,-0.9138128757476807,0.7531012892723083,0.6023703813552856,0.10620398074388504,0.13369815051555634,3.3425204753875732,2.541130542755127,4.425388813018799,1.8093479871749878
210,-1.5078582763671875,3.469236373901367,-6.666253089904785,-2.5827956199645996,4.79786491394043,1.7655290365219116,-1.5850650072097778,2.05646014213562,15.125420570373535,11.431232452392578,18.580636978149414,8.93649959564209,0.3788527846336365,0.5184108018875122,-0.6259767413139343,-0.8891214728355408,3.087120294570923,0.17510861158370972,1.5676783323287964,-1.2446885108947754,-0.00031863071490079165,-0.14523696899414062,-1.447992205619812,1.432257890701294,-0.39234569668769836,0.5656377077102661,-1.409210443496704,-0.3294145464897156,1.4033105373382568,0.2784871757030487,-0.41157692670822144,0.5677167773246765,3.5566766262054443,2.4786555767059326,4.564362049102783,2.127593994140625
211,-1.348904013633728,3.2061033248901367,-6.624624729156494,-2.3724329471588135,3.750153064727783,1.3079934120178223,-2.0754282474517822,2.918760299682617,14.80130672454834,11.494528770446777,18.72822380065918,8.93671989440918,-0.046006713062524796,0.5305483937263489,-0.5607393383979797,-0.9142941236495972,3.8153374195098877,0.12759624421596527,1.4014997482299805,-1.2643036842346191,-0.00031932321144267917,-0.033096686005592346,-1.1576614379882812,1.5321013927459717,-0.24838542938232422,0.621097207069397,-1.3880740404129028,-0.46063870191574097,0.7092109322547913,0.20166611671447754,-0.4578741192817688,0.6729410290718079,3.4124038219451904,2.512974500656128,4.536636829376221,2.077686071395874
212,-1.0297656059265137,3.0786631107330322,-6.665548324584961,-2.366955041885376,2.6861112117767334,0.9117055535316467,-2.3984992504119873,3.1689162254333496,14.629552841186523,11.582274436950684,18.479108810424805,8.717354774475098,-0.412993460893631,0.5426151156425476,-0.6374830603599548,-0.8530935049057007,4.319187641143799,0.08729582279920578,1.3553529977798462,-1.5630685091018677,-0.00032474263571202755,0.01167362555861473,-1.0954601764678955,1.8760766983032227,-0.16623163223266602,0.6131163239479065,-1.4021520614624023,-0.48951101303100586,0.4697307050228119,0.1298089623451233,-0.502814531326294,0.6440116763114929,3.389639377593994,2.5588736534118652,4.504423141479492,1.9707190990447998
213,-0.68491131067276,3.0167181491851807,-6.6722636222839355,-2.4178621768951416,1.7733937501907349,0.5455511808395386,-2.5518853664398193,3.474127769470215,14.510865211486816,11.686638832092285,18.445880889892578,8.384927749633789,-0.7418673634529114,0.5367195010185242,-0.594866931438446,-0.8881421089172363,4.637176036834717,0.08930838108062744,1.1248383522033691,-1.5702940225601196,-0.0003282225807197392,-0.046926114708185196,-0.7790456414222717,1.9094867706298828,-0.0939800962805748,0.6095744967460632,-1.4071929454803467,-0.5059270858764648,0.280363529920578,0.060304395854473114,-0.5104014277458191,0.7005265355110168,3.3627912998199463,2.589815855026245,4.5182366371154785,1.925803303718567
214,-0.3644612431526184,2.954078435897827,-6.773868083953857,-2.389681577682495,1.1211140155792236,0.3652198612689972,-2.517228603363037,3.5684986114501953,14.44018840789795,11.854035377502441,18.176294326782227,8.155278205871582,-1.009100079536438,0.5341395139694214,-0.6836428642272949,-0.8395140171051025,4.814301013946533,0.087918221950531,1.0230835676193237,-1.8833385705947876,-0.0003284189151600003,-0.13937373459339142,-0.6778959035873413,2.224393844604492,-0.03196556121110916,0.5961329340934753,-1.4378323554992676,-0.490769624710083,0.1657642275094986,0.04915229231119156,-0.48497265577316284,0.6951970458030701,3.350395917892456,2.625950574874878,4.516744136810303,1.8627532720565796
215,-0.05163537338376045,2.9063785076141357,-6.802399158477783,-2.4080278873443604,0.4875487685203552,0.24108846485614777,-2.4362845420837402,3.839738368988037,14.370102882385254,12.023228645324707,18.110427856445312,7.90538215637207,-1.2363529205322266,0.5113356709480286,-0.6559008955955505,-0.8797280788421631,4.870594501495361,0.10155576467514038,0.7849873900413513,-1.8853981494903564,-0.0003308088635094464,-0.30229347944259644,-0.38311976194381714,2.2319414615631104,0.03201446682214737,0.5883206725120544,-1.4424123764038086,-0.4992634654045105,0.016753990203142166,0.03175782412290573,-0.4633551239967346,0.7588629126548767,3.328155755996704,2.653287887573242,4.531156063079834,1.8521593809127808
216,0.23502524197101593,2.8113465309143066,-6.902897834777832,-2.364989757537842,-0.007635689340531826,0.25211963057518005,-2.300663709640503,3.8850724697113037,14.314306259155273,12.2340669631958,17.856054306030273,7.707927703857422,-1.4001274108886719,0.537870466709137,-0.7192992568016052,-0.8188309669494629,4.8288984298706055,0.10043655335903168,0.6818287372589111,-2.189739465713501,-0.000340848695486784,-0.34463080763816833,-0.27684301137924194,2.5346217155456543,0.08238279074430466,0.5614476203918457,-1.4703154563903809,-0.48347991704940796,-0.0795818418264389,0.0520872101187706,-0.4344698190689087,0.7429981827735901,3.3134591579437256,2.683469533920288,4.52682638168335,1.7867227792739868
217,0.494090735912323,2.679030418395996,-6.938289165496826,-2.35081148147583,-0.7336931824684143,0.2411242574453354,-2.2156496047973633,4.129128932952881,14.237701416015625,12.36649227142334,17.770401000976562,7.500355243682861,-1.5254594087600708,0.5487110018730164,-0.679537296295166,-0.8421210050582886,4.654292106628418,0.09867119044065475,0.4808836579322815,-2.1754941940307617,-0.00035076052881777287,-0.4141134023666382,-0.03258955478668213,2.5348801612854004,0.1273072063922882,0.5301712155342102,-1.4750932455062866,-0.482377827167511,-0.2100168913602829,0.04691564291715622,-0.42438167333602905,0.8032930493354797,3.284881591796875,2.7109508514404297,4.531247615814209,1.7865222692489624
218,0.7171669602394104,2.480944871902466,-7.041279315948486,-2.297360897064209,-1.1101559400558472,0.3081929385662079,-2.101384401321411,4.093194961547852,14.185891151428223,12.501666069030762,17.542917251586914,7.271818161010742,-1.5998916625976562,0.5729072690010071,-0.7142559885978699,-0.765290379524231,4.405974388122559,0.06783396750688553,0.3943837583065033,-2.4541728496551514,-0.0003604254452511668,-0.4227598309516907,0.06807003915309906,2.8234755992889404,0.16464149951934814,0.48029881715774536,-1.5027488470077515,-0.46715396642684937,-0.23639236390590668,0.07081665843725204,-0.40154457092285156,0.7659267783164978,3.2737925052642822,2.7334611415863037,4.518529415130615,1.700225591659546
219,0.882915198802948,2.279256582260132,-7.070948600769043,-2.255603313446045,-1.5147401094436646,0.34781140089035034,-2.0555336475372314,4.271217346191406,14.10261058807373,12.570893287658691,17.434410095214844,7.050270080566406,-1.6557822227478027,0.5886756181716919,-0.6697831153869629,-0.7781352996826172,4.086787700653076,0.0382293239235878,0.24061241745948792,-2.408297300338745,-0.0003575021983124316,-0.40351468324661255,0.2634294927120209,2.807451009750366,0.1885426640510559,0.4388293921947479,-1.5029689073562622,-0.45779353380203247,-0.31270501017570496,0.074977807700634,-0.40151160955429077,0.8155210614204407,3.2412116527557373,2.7454893589019775,4.5072550773620605,1.6949361562728882
220,1.0294601917266846,2.029292106628418,-7.150562763214111,-2.170816421508789,-1.7143911123275757,0.40348437428474426,-2.0122225284576416,4.195145130157471,14.026141166687012,12.597538948059082,17.220949172973633,6.7928338050842285,-1.6794724464416504,0.5877331495285034,-0.697678804397583,-0.7081419825553894,3.723937511444092,-0.014158722013235092,0.177365243434906,-2.648583173751831,-0.00036047137109562755,-0.39198780059814453,0.35141560435295105,3.0700066089630127,0.21362736821174622,0.3809584379196167,-1.5232399702072144,-0.4354569911956787,-0.3275013267993927,0.08819656819105148,-0.3958281874656677,0.7751761078834534,3.218895673751831,2.751316785812378,4.480906963348389,1.5973811149597168
221,1.140337586402893,1.813348412513733,-7.1472392082214355,-2.0988545417785645,-1.9226019382476807,0.4304219186306,-2.0152244567871094,4.304899215698242,13.925151824951172,12.587594985961914,17.09051513671875,6.525620460510254,-1.6942496299743652,0.6078714728355408,-0.6680053472518921,-0.7297490835189819,3.3239049911499023,-0.045757122337818146,0.05759130418300629,-2.57047438621521,-0.0003651627339422703,-0.2927587926387787,0.510571300983429,3.025676965713501,0.23010367155075073,0.34111517667770386,-1.5141324996948242,-0.4204690158367157,-0.3698108494281769,0.08955102413892746,-0.40261968970298767,0.808890163898468,3.1827523708343506,2.7430803775787354,4.453356742858887,1.5710235834121704
222,1.260113000869751,1.5477341413497925,-7.174925327301025,-1.9729944467544556,-1.9394168853759766,0.4389139413833618,-1.998915195465088,4.154013633728027,13.839588165283203,12.496673583984375,16.88043212890625,6.192721843719482,-1.6846749782562256,0.6027441620826721,-0.7121372222900391,-0.6888957023620605,2.9099442958831787,-0.08098345249891281,0.005089085549116135,-2.7669506072998047,-0.0003599771298468113,-0.248651385307312,0.5914103984832764,3.239598035812378,0.25389161705970764,0.2802819311618805,-1.5213428735733032,-0.38829678297042847,-0.3547309339046478,0.08873050659894943,-0.39886486530303955,0.7545793652534485,3.159735918045044,2.7300562858581543,4.4153876304626465,1.44757080078125
223,1.3513191938400269,1.3329473733901978,-7.107302665710449,-1.8365108966827393,-1.9547053575515747,0.4093174338340759,-1.983748435974121,4.1661152839660645,13.746374130249023,12.394150733947754,16.727352142333984,5.851548194885254,-1.6655619144439697,0.581810712814331,-0.7096454501152039,-0.7299875617027283,2.490906000137329,-0.09771209210157394,-0.10051555186510086,-2.6647441387176514,-0.00036423327401280403,-0.22679249942302704,0.7267574667930603,3.1581473350524902,0.267792671918869,0.24299313127994537,-1.4967682361602783,-0.3575953543186188,-0.3619712293148041,0.07764708250761032,-0.396059513092041,0.7682746052742004,3.1298792362213135,2.7013442516326904,4.374881267547607,1.393101692199707
224,1.4449033737182617,1.106706976890564,-7.068157196044922,-1.6523467302322388,-1.8145029544830322,0.38085809350013733,-1.9286009073257446,3.9204013347625732,13.676563262939453,12.27140998840332,16.514612197875977,5.4021806716918945,-1.6243025064468384,0.5372247695922852,-0.7695320844650269,-0.7176147699356079,2.0900633335113525,-0.11397950351238251,-0.14720046520233154,-2.8120806217193604,-0.00035956630017608404,-0.2592819035053253,0.7984134554862976,3.30975079536438,0.2861076891422272,0.19492720067501068,-1.4903583526611328,-0.31433600187301636,-0.3214552104473114,0.07211833447217941,-0.38140082359313965,0.6968627572059631,3.113507032394409,2.665736436843872,4.328122615814209,1.2342220544815063
225,1.4925813674926758,0.9202578067779541,-6.955358028411865,-1.4209129810333252,-1.68739914894104,0.3131575584411621,-1.8751723766326904,3.793712854385376,13.597711563110352,12.13923454284668,16.350200653076172,4.900137901306152,-1.5772103071212769,0.5239441394805908,-0.7797014713287354,-0.7651172876358032,1.7139217853546143,-0.1036096066236496,-0.2301013171672821,-2.686988115310669,-0.0003582959179766476,-0.23140712082386017,0.9062349796295166,3.190950870513916,0.289868026971817,0.1619216650724411,-1.4592543840408325,-0.2596805989742279,-0.3029220402240753,0.05337759107351303,-0.37088876962661743,0.681042492389679,3.088007688522339,2.6177408695220947,4.280877113342285,1.1219712495803833
226,1.546087622642517,0.6773364543914795,-6.877351760864258,-1.1128472089767456,-1.449394702911377,0.21559424698352814,-1.7790513038635254,3.421154022216797,13.538336753845215,11.946006774902344,16.144075393676758,4.240730285644531,-0.7600332498550415,0.5386336445808411,-0.8145757913589478,-0.7452877759933472,0.79506915807724,-0.030407927930355072,-0.30848026275634766,-2.834652900695801,-0.024686967954039574,-0.44362619519233704,0.9664920568466187,3.2995805740356445,0.30129316449165344,0.10486508905887604,-1.4456270933151245,-0.18664008378982544,-0.24695216119289398,0.03002180904150009,-0.346962571144104,0.5873561501502991,3.0741379261016846,2.566685199737549,4.227728366851807,0.9096270799636841
227,1.1820592880249023,0.6238980889320374,-6.650957107543945,-0.7965199947357178,-0.5497169494628906,0.20518946647644043,-1.4264953136444092,2.9734766483306885,13.689276695251465,11.829866409301758,15.946649551391602,3.6049888134002686,0.45951443910598755,0.5961174964904785,-0.7635642886161804,-0.7190887331962585,0.07370718568563461,0.0348161906003952,-0.4133491516113281,-2.772831439971924,-0.25497931241989136,-0.6316366791725159,1.0585427284240723,3.199711799621582,0.18853572010993958,0.11986991763114929,-1.375234842300415,-0.12002401798963547,0.004318017512559891,0.03968111425638199,-0.24160045385360718,0.48883503675460815,3.1535654067993164,2.4937148094177246,4.155961990356445,0.7726518511772156
228,0.3668111562728882,0.5882136225700378,-6.27513313293457,-0.34122398495674133,0.18268994987010956,0.09381208568811417,-1.001211166381836,2.372873306274414,14.023136138916016,11.717347145080566,15.655723571777344,3.0687122344970703,0.45571473240852356,0.5387496948242188,-0.809634268283844,-0.7264328002929688,0.01034399215131998,-0.0451861247420311,-0.3851509392261505,-2.733121395111084,-0.012765387073159218,-0.4428222179412842,1.0860965251922607,3.180655002593994,-0.029560737311840057,0.1153537780046463,-1.2643331289291382,-0.007626079022884369,0.1324905902147293,0.003975920379161835,-0.1462622582912445,0.3626177906990051,3.21543288230896,2.4416897296905518,4.047707557678223,0.6457095742225647
229,0.03615009784698486,0.3096601068973541,-6.092718124389648,0.20580963790416718,-0.030277281999588013,-0.16834531724452972,-1.0905691385269165,2.099428653717041,13.801338195800781,11.406989097595215,15.47247314453125,2.5925686359405518,0.4651428461074829,0.5476897358894348,-0.7739627957344055,-0.7176411747932434,0.03642283007502556,-0.04673983156681061,-0.34886494278907776,-2.5926735401153564,-0.01051122322678566,-0.2952542304992676,1.0930771827697754,3.0767829418182373,-0.03743188828229904,0.025088338181376457,-1.2577714920043945,0.11361873894929886,-0.034508030861616135,-0.06872712820768356,-0.2330721616744995,0.35251885652542114,3.151768922805786,2.3929708003997803,3.996675968170166,0.5425682663917542
230,-0.051836047321558,-0.027654876932501793,-6.061661243438721,0.6242291927337646,-0.07263367623090744,-0.4065794050693512,-1.1175649166107178,1.7025264501571655,13.816128730773926,11.122932434082031,15.328774452209473,1.9881702661514282,0.4484049677848816,0.5151758193969727,-0.8301892876625061,-0.7622352838516235,0.04879903048276901,-0.0446540005505085,-0.33244287967681885,-2.5415444374084473,0.014517266303300858,-0.23957568407058716,1.0948777198791504,3.0146656036376953,-0.021910004317760468,-0.051096051931381226,-1.2690272331237793,0.17651933431625366,-0.020146500319242477,-0.11327937990427017,-0.22977882623672485,0.2661648392677307,3.1711819171905518,2.342175006866455,3.9472057819366455,0.3727205693721771
231,-0.08950109034776688,-0.38819000124931335,-6.060368537902832,1.1109941005706787,-0.0293194018304348,-0.5923469662666321,-1.0709729194641113,1.3430875539779663,13.807587623596191,10.886977195739746,15.219771385192871,1.3554996252059937,0.3975834548473358,0.4428941607475281,-0.8309456706047058,-0.7638661861419678,0.04942358657717705,-0.038814395666122437,-0.32357680797576904,-2.3818745613098145,0.03696531802415848,-0.2597854733467102,1.1090495586395264,2.845870018005371,-0.022589661180973053,-0.12362633645534515,-1.2784966230392456,0.280224084854126,-8.453056216239929e-05,-0.14349201321601868,-0.2103622555732727,0.20396403968334198,3.172279119491577,2.290177583694458,3.912543773651123,0.21876978874206543
232,-0.040637630969285965,-0.6653528809547424,-6.1310906410217285,1.5621538162231445,0.11184509098529816,-0.6952298879623413,-0.9682019352912903,0.9223660230636597,13.81763744354248,10.712028503417969,15.103860855102539,0.6844918727874756,0.365113228559494,0.4172862768173218,-0.8970494866371155,-0.5634286999702454,0.11299048364162445,0.004162744618952274,-0.34271666407585144,-2.139092206954956,-0.06765145063400269,-0.26143503189086914,1.131698489189148,2.5630505084991455,-0.001610971987247467,-0.1677517294883728,-1.3031470775604248,0.364082932472229,0.04124699905514717,-0.15299957990646362,-0.1819407343864441,0.11980085074901581,3.1835482120513916,2.2475521564483643,3.8721957206726074,0.05318545550107956
233,0.01982387714087963,-0.9100385904312134,-6.097068786621094,1.902177095413208,0.3214936852455139,-0.7971049547195435,-0.8108056783676147,0.48420166969299316,13.951666831970215,10.587167739868164,14.964526176452637,-0.014370271936058998,0.3548164665699005,0.373766154050827,-0.9000906348228455,-0.025089722126722336,0.13190898299217224,0.03768637776374817,-0.3496971130371094,-1.8259837627410889,-0.08639968186616898,-0.30235055088996887,1.1512812376022339,2.1264772415161133,0.012036837637424469,-0.21191447973251343,-1.2852020263671875,0.42039376497268677,0.0926431268453598,-0.1729258894920349,-0.1429288685321808,0.036728307604789734,3.2099287509918213,2.226505756378174,3.8206942081451416,-0.11061305552721024
234,0.09790600836277008,-1.0505646467208862,-5.948674201965332,2.046384572982788,0.5895252227783203,-0.8685919046401978,-0.6860372424125671,0.10876018553972244,14.057764053344727,10.535927772521973,14.78549575805664,-0.7965033650398254,0.26791638135910034,0.2916260361671448,-0.9735118746757507,0.6086133718490601,0.10864026099443436,0.05549690127372742,-0.3677269220352173,-1.1382564306259155,-0.020607348531484604,-0.35110145807266235,1.1713162660598755,0.31178081035614014,0.030349411070346832,-0.22638869285583496,-1.2336726188659668,0.4338245093822479,0.15440155565738678,-0.1829950213432312,-0.12204199284315109,-0.026096954941749573,3.2450973987579346,2.2174794673919678,3.74739933013916,-0.23857107758522034
235,0.17777453362941742,-1.1249580383300781,-5.7377519607543945,2.075892686843872,0.8303148150444031,-0.8968899250030518,-0.602321445941925,-0.24905478954315186,14.10837459564209,10.532303810119629,14.627415657043457,-2.1919777393341064,0.19799232482910156,0.22954687476158142,-1.0047913789749146,1.384487509727478,0.12277138233184814,0.13129308819770813,-0.3182143568992615,0.32628631591796875,-0.004610516130924225,-0.3859621286392212,1.1325868368148804,-4.132887840270996,0.04658203572034836,-0.23322172462940216,-1.1832863092422485,0.4348567724227905,0.19894354045391083,-0.1828378140926361,-0.11073064059019089,-0.0999680906534195,3.2760112285614014,2.2175819873809814,3.6991021633148193,-0.6271519064903259
236,0.23076671361923218,-1.1614022254943848,-5.618858814239502,2.1811022758483887,1.0836230516433716,-0.9237629771232605,-0.4913230538368225,-0.7542397975921631,14.18160343170166,10.553841590881348,14.574578285217285,-4.395966529846191,0.04929773509502411,0.09569592028856277,-1.146718978881836,2.420191764831543,0.149692565202713,0.2339913547039032,-0.27031445503234863,2.9801290035247803,0.015036972239613533,-0.47823527455329895,1.0822535753250122,-12.61603832244873,0.05351773649454117,-0.23584669828414917,-1.1706531047821045,0.48126456141471863,0.2518180310726166,-0.1873176097869873,-0.0842304602265358,-0.21435321867465973,3.300095796585083,2.2237119674682617,3.6831552982330322,-1.6186175346374512
237,0.11037851125001907,-1.3127577304840088,-5.8025383949279785,2.6736156940460205,1.3206984996795654,-1.0090504884719849,-0.4815227687358856,-1.3870209455490112,14.318763732910156,10.382615089416504,14.77547836303711,-3.981060028076172,0.07153408974409103,0.08017586916685104,-1.0990206003189087,3.409850597381592,0.13828742504119873,0.22814083099365234,-0.23083356022834778,3.6621639728546143,0.06340531259775162,-0.4933326542377472,1.052814245223999,-15.582032203674316,0.005880571901798248,-0.2828584909439087,-1.2654476165771484,0.6687703132629395,0.29775598645210266,-0.21126428246498108,-0.09576564282178879,-0.3217034935951233,3.362396001815796,2.135439157485962,3.80574631690979,-3.281161069869995
238,-0.127909317612648,-1.1668450832366943,-5.086609840393066,2.1157784461975098,0.9560161232948303,-0.9992403388023376,-0.5667502880096436,-1.214435338973999,14.524713516235352,9.97951889038086,14.724626541137695,-2.7314698696136475,0.13636130094528198,0.16104140877723694,-1.079244613647461,4.2120537757873535,0.18275153636932373,0.202370747923851,-0.264737069606781,3.356206178665161,-0.03287621960043907,-0.39613088965415955,1.0686092376708984,-15.55557918548584,-0.05727946013212204,-0.21358232200145721,-0.9689756631851196,0.4087372422218323,0.14321394264698029,-0.1971878707408905,-0.12562179565429688,-0.19273443520069122,3.4603850841522217,2.0085220336914062,3.718402624130249,-2.9895787239074707
239,-0.18700149655342102,-0.8063232898712158,-3.9121623039245605,0.9314560890197754,0.1470525860786438,-1.0310291051864624,-0.6195406317710876,-0.4974856376647949,14.79078197479248,9.45285701751709,14.565738677978516,-2.300661563873291,0.21376946568489075,0.20545071363449097,-0.9903647303581238,4.7994065284729,0.21715764701366425,0.19612707197666168,-0.23435132205486298,3.1489198207855225,-0.08227003365755081,-0.3652348220348358,1.052985429763794,-15.532379150390625,-0.04503994435071945,-0.1121993362903595,-0.6527996063232422,0.04285905510187149,-0.07874755561351776,-0.20928955078125,-0.13223016262054443,-0.004832401871681213,3.5153439044952393,1.8864588737487793,3.646198034286499,-1.8741148710250854
240,-0.0937839075922966,-0.5516502857208252,-3.058715581893921,-0.0676615983247757,-0.5431285500526428,-1.1891733407974243,-0.7215300798416138,0.159895122051239,14.946041107177734,8.856395721435547,14.621912002563477,-1.5495458841323853,0.22556662559509277,0.20605087280273438,-1.0387412309646606,5.2032294273376465,0.2544716000556946,0.18700945377349854,-0.215207040309906,3.0384650230407715,-0.14192815124988556,-0.38305696845054626,0.9732469320297241,-15.511748313903809,-0.0062197670340538025,-0.07570576667785645,-0.5152941942214966,-0.163919597864151,-0.19959275424480438,-0.25752994418144226,-0.1591196060180664,0.11922852694988251,3.5377535820007324,1.7385685443878174,3.7094779014587402,-0.9328623414039612
241,0.03609762713313103,-0.4120998680591583,-2.1779792308807373,-1.5134830474853516,-1.1010733842849731,-1.3167846202850342,-0.7872906923294067,0.8534712195396423,15.166998863220215,8.109993934631348,14.783010482788086,-0.5638748407363892,0.21653392910957336,0.18829354643821716,-0.9892929792404175,5.24674654006958,0.27959364652633667,0.2527655065059662,-0.14674443006515503,3.042461395263672,-0.13431362807750702,-0.38057568669319153,0.9542562961578369,-15.500442504882812,0.024539954960346222,-0.06338176131248474,-0.33078351616859436,-0.42350006103515625,-0.2924259305000305,-0.2790152430534363,-0.16743192076683044,0.293001651763916,3.610285997390747,1.546445608139038,3.7605226039886475,0.08625214546918869
242,0.22168225049972534,-0.32499048113822937,-1.2201074361801147,-2.8169174194335938,-1.69610595703125,-1.561785340309143,-0.9256259202957153,1.7623804807662964,15.370501518249512,7.13872766494751,14.945372581481934,3.959913969039917,0.25679856538772583,0.24626992642879486,-1.0652191638946533,4.452221870422363,0.3015105128288269,0.24991770088672638,-0.15867409110069275,1.3563790321350098,-0.18715226650238037,-0.37855029106140137,0.8815038800239563,-9.082518577575684,0.06958524137735367,-0.053085893392562866,-0.11977280676364899,-0.6313087344169617,-0.4156666696071625,-0.3423769176006317,-0.20445439219474792,0.5291680693626404,3.68986439704895,1.3068844079971313,3.8286116123199463,1.0952048301696777
243,0.9802162051200867,-0.4958743155002594,0.2431962490081787,-5.009984016418457,-3.004866600036621,-2.1299209594726562,-0.904735267162323,4.970749855041504,15.680107116699219,6.122917175292969,14.843664169311523,14.335918426513672,0.6150951981544495,0.46586817502975464,-0.7105026841163635,1.7543166875839233,-0.36481791734695435,0.08809123933315277,-0.26568031311035156,-3.4664294719696045,-0.002697233110666275,-0.2366924285888672,1.0743422508239746,11.49011516571045,0.3001859784126282,-0.120914027094841,0.24673055112361908,-1.1578367948532104,-0.774558961391449,-0.49949538707733154,-0.17924204468727112,1.5250593423843384,3.7989661693573,1.0881037712097168,3.6927132606506348,3.5363104343414307
244,1.7226791381835938,-1.8397026062011719,0.007910879328846931,-4.002109050750732,-0.20299500226974487,-2.5640511512756348,-0.38886451721191406,5.802525043487549,14.955732345581055,5.192300796508789,13.808483123779297,5.619166374206543,0.5825580954551697,0.355823814868927,-0.9621949791908264,0.5819441676139832,-0.39328670501708984,0.20440784096717834,-0.10667939484119415,-3.3968513011932373,-0.0003948960220441222,-0.2296237051486969,0.8303787708282471,15.692527770996094,0.45580896735191345,-0.5406800508499146,-0.02874205820262432,-0.683419942855835,0.32871517539024353,-0.5733661651611328,-0.00950516015291214,1.0579001903533936,3.4062387943267822,0.920924961566925,3.2159440517425537,3.6621294021606445
245,2.725710153579712,-2.1817593574523926,-0.20092280209064484,-2.838921308517456,-1.0232031345367432,-3.7380831241607666,-0.6096433401107788,4.883232116699219,14.874978065490723,4.640548229217529,13.725937843322754,3.609334707260132,0.8231071829795837,0.29635927081108093,-0.8380946516990662,0.23066158592700958,-0.6196626424789429,0.3946794867515564,0.0162664707750082,-2.505831718444824,-0.000382350932341069,-0.4810014069080353,0.7996617555618286,15.701778411865234,0.6970862150192261,-0.47885143756866455,-0.07022158801555634,-0.4252886474132538,-0.31867244839668274,-0.9078726768493652,-0.15167951583862305,0.7758769392967224,3.49029541015625,0.8544037342071533,3.2695627212524414,5.173207759857178
246,2.980846881866455,-2.7565181255340576,-0.10804829746484756,-2.0969595909118652,-0.15191321074962616,-4.087048053741455,-0.4021410048007965,2.885007619857788,15.209880828857422,4.31245756149292,13.586125373840332,3.94179630279541,1.1978482007980347,0.3062094449996948,-0.9540708661079407,0.08114581555128098,-0.7210873365402222,0.42242369055747986,0.0750393271446228,-2.1583263874053955,-0.0003801031270995736,-0.5714851021766663,0.595517635345459,15.697428703308105,0.6551607251167297,-0.6260548233985901,-0.009373290464282036,-0.3228341341018677,0.08654089272022247,-0.8591096997261047,-0.05240187793970108,0.30311107635498047,3.69899320602417,0.7997300624847412,3.23834490776062,5.366175174713135
247,2.6245501041412354,-3.456925868988037,0.27194371819496155,-1.5878504514694214,0.664858341217041,-3.915421724319458,0.10413569211959839,0.915360689163208,15.503597259521484,3.524622917175293,13.220205307006836,4.032437801361084,1.5306305885314941,0.4225197732448578,-0.7370500564575195,-0.006495552137494087,-0.6647918224334717,0.4349393844604492,0.11613693833351135,-2.247209310531616,-0.0003790847258642316,-0.6115492582321167,0.6398241519927979,15.7041597366333,0.5044156312942505,-0.7839416861534119,0.10269834101200104,-0.25062933564186096,0.23731674253940582,-0.7556347250938416,0.08839891105890274,-0.07040496170520782,3.7938783168792725,0.5837938785552979,3.0077178478240967,5.149150848388672
248,2.2272963523864746,-4.346370220184326,0.46118780970573425,-1.0032516717910767,1.1942684650421143,-3.868744134902954,0.4375125765800476,-0.7428179979324341,15.790122032165527,1.6551698446273804,12.701944351196289,4.019867897033691,1.7858866453170776,0.6138985753059387,-0.8549631834030151,-0.04550940543413162,-0.524453341960907,0.6259995102882385,0.09892581403255463,-2.674027442932129,-0.00038796174339950085,-0.9527865052223206,0.49862468242645264,15.68828010559082,0.4188707768917084,-0.9866974949836731,0.11493264138698578,-0.1233735904097557,0.30333390831947327,-0.7630147337913513,0.13251803815364838,-0.3823063373565674,3.8971478939056396,0.0784776359796524,2.8661625385284424,4.980401039123535
249,2.1426894664764404,-5.418120384216309,0.5856632590293884,-0.6728307604789734,1.5950568914413452,-4.034976482391357,1.0055255889892578,-2.0504369735717773,16.187070846557617,-2.538271903991699,12.694153785705566,3.9773106575012207,1.9101628065109253,-0.5086793899536133,-1.0603491067886353,-0.4275701642036438,-0.41742944717407227,0.4968588054180145,-0.14290069043636322,-0.39331960678100586,-0.0003801022539846599,-3.5091450214385986,0.5524391531944275,-1.788496971130371,0.44774529337882996,-1.225484848022461,0.1298402100801468,-0.09083204716444016,0.36753275990486145,-0.8172425627708435,0.27804335951805115,-0.6471434831619263,4.076853275299072,-1.1233351230621338,2.913318157196045,4.7701239585876465
250,2.027697801589966,-5.800379753112793,0.35584884881973267,-1.1509500741958618,1.047887921333313,-2.8716349601745605,2.0715930461883545,-1.8391598463058472,16.823755264282227,-8.91364574432373,13.334603309631348,15.8023099899292,2.4400947093963623,-0.9021885395050049,-0.8618139624595642,-0.8840703964233398,-0.5114669799804688,3.3973898887634277,-0.7754676342010498,-0.9336167573928833,-0.0003977204323746264,-15.699286460876465,1.088426947593689,0.39998719096183777,0.4190942943096161,-1.2901782989501953,0.03864912688732147,-0.2997373342514038,0.13552357256412506,-0.4157124161720276,0.5553257465362549,-0.32162410020828247,4.405038833618164,-3.9901554584503174,3.281304359436035,2.6589436531066895
251,-1.3985610008239746,-7.180442810058594,1.599241852760315,-0.1396213173866272,3.6161482334136963,0.5553650259971619,3.7954587936401367,-1.59841787815094,17.972497940063477,-3.857358932495117,14.16018295288086,12.973114013671875,2.0549232959747314,-2.1324567794799805,-1.0578449964523315,-0.9110087752342224,0.06446349620819092,3.173020124435425,-1.2371797561645508,-1.4233778715133667,-0.00040417019044980407,-15.698715209960938,1.3910255432128906,0.8902444243431091,-0.7256189584732056,-1.7584617137908936,0.474011093378067,0.10774142295122147,1.0653119087219238,0.5883966088294983,0.9720985293388367,-0.30180710554122925,5.129205226898193,-8.598310470581055,3.8349719047546387,2.7552638053894043
252,-0.436087965965271,-3.0613107681274414,0.39826732873916626,-1.9914997816085815,2.4590158462524414,-3.0243542194366455,5.594387531280518,-0.47019246220588684,17.551767349243164,-4.246312141418457,14.041035652160645,11.928561210632324,2.0240471363067627,-2.6096370220184326,-0.8427861928939819,-0.8244000673294067,0.4347918927669525,2.2858972549438477,-1.4100639820098877,-1.7595205307006836,-0.0004045537207275629,-15.699981689453125,1.584320068359375,1.1744391918182373,0.03641930967569351,-0.11128850281238556,-0.07905589044094086,-0.6698716282844543,0.34796836972236633,-1.0107494592666626,1.332405924797058,0.05543677508831024,4.415043830871582,-6.470726013183594,3.6053307056427,2.6432385444641113
253,-1.4004219770431519,-2.700521945953369,1.069697380065918,-1.7443777322769165,0.4676860570907593,-3.5020411014556885,5.569231033325195,-0.9729637503623962,16.785293579101562,-4.27175235748291,13.417861938476562,11.047630310058594,1.9112532138824463,-3.0529117584228516,-0.8715702295303345,-0.7755565643310547,0.4381783902645111,1.223365068435669,-1.868899941444397,-1.997013807296753,-0.0004002795903943479,-15.697882652282715,1.8724620342254639,1.3380126953125,-0.38381680846214294,-0.5488104224205017,0.29594510793685913,-0.3245270848274231,-0.17046694457530975,-0.7258763909339905,1.0752407312393188,-0.2789798378944397,4.0079827308654785,-5.712714195251465,3.2960898876190186,2.446514844894409
254,-2.143892288208008,-2.016528606414795,1.246118187904358,-1.8828692436218262,-0.21689844131469727,-3.3838613033294678,5.785749435424805,-1.3166460990905762,16.398672103881836,-4.171637535095215,12.895402908325195,10.205886840820312,1.691996693611145,-3.3923985958099365,-0.651747465133667,-0.6473408937454224,0.33897775411605835,0.13161751627922058,-1.9579514265060425,-2.4397594928741455,-0.00039193039992824197,-15.699983596801758,1.9147202968597412,1.730053424835205,-0.49887028336524963,-0.35446709394454956,0.2652232348918915,-0.4060963988304138,-0.13457094132900238,-0.6541102528572083,1.1276544332504272,-0.33284181356430054,3.957109212875366,-5.184131145477295,3.2241640090942383,2.2348716259002686
255,-2.76914119720459,-1.2103828191757202,1.1857861280441284,-2.0240120887756348,-0.9297098517417908,-2.915649175643921,5.554330348968506,-1.247112512588501,16.06293296813965,-3.9518086910247803,12.414802551269531,9.3656005859375,1.3626512289047241,-3.6133391857147217,-0.6950517892837524,-0.60944002866745,0.12329583615064621,-0.9187056422233582,-2.4006612300872803,-2.6775670051574707,-0.0003872819943353534,-15.697861671447754,2.203666925430298,1.9136924743652344,-0.6085138916969299,-0.1555463671684265,0.2255844622850418,-0.4330316185951233,-0.27827197313308716,-0.5364084243774414,1.0281213521957397,-0.2646227478981018,3.8446998596191406,-4.508358001708984,3.0424654483795166,2.0852134227752686
256,-3.4172780513763428,-0.4869614541530609,1.2191108465194702,-2.312211751937866,-1.4018224477767944,-2.2372889518737793,5.444133758544922,-1.0451619625091553,15.811103820800781,-3.6110408306121826,11.857837677001953,8.504449844360352,0.9046590328216553,-3.7132484912872314,-0.51053386926651,-0.5016077160835266,-0.15230447053909302,-1.8582127094268799,-2.4429244995117188,-3.0746066570281982,-0.0003847381449304521,-15.69998836517334,2.223484992980957,2.2773420810699463,-0.7464019060134888,-0.002580994740128517,0.242659792304039,-0.5128914713859558,-0.34339675307273865,-0.3830265402793884,1.0001493692398071,-0.20157934725284576,3.7736403942108154,-3.7324373722076416,2.9427525997161865,1.8581887483596802
257,-3.802150249481201,0.4947729706764221,1.1543309688568115,-2.681001663208008,-1.7698564529418945,-1.4235502481460571,4.9615654945373535,-0.6626854538917542,15.610737800598145,-3.12162709236145,11.36706256866455,7.503863334655762,0.37313035130500793,-3.6177890300750732,-0.5843298435211182,-0.5025426149368286,-0.4838595688343048,-2.6493990421295166,-2.8070015907287598,-3.2428555488586426,-0.0003816175740212202,-15.69809341430664,2.458312511444092,2.4243693351745605,-0.8022001385688782,0.22076089680194855,0.21963994204998016,-0.5973418354988098,-0.4078257083892822,-0.19815891981124878,0.8671438097953796,-0.09307624399662018,3.714501142501831,-2.883082866668701,2.765399217605591,1.6303874254226685
258,-4.19389533996582,1.3819897174835205,1.1812806129455566,-3.030972719192505,-2.028550624847412,-0.48717308044433594,4.708568096160889,-0.3404005765914917,15.466692924499512,-2.4900102615356445,10.809846878051758,6.398411273956299,-0.22045591473579407,-3.3018441200256348,-0.39994359016418457,-0.3657178580760956,-0.8446469902992249,-3.2340915203094482,-2.8084559440612793,-3.590562105178833,-0.000379096542019397,-15.699996948242188,2.482139825820923,2.76505708694458,-0.8995100259780884,0.3531739413738251,0.23511384427547455,-0.6684241890907288,-0.4514329135417938,0.024231307208538055,0.8323531150817871,-0.028757408261299133,3.6770851612091064,-2.013490676879883,2.6513307094573975,1.3317958116531372
259,-4.377501487731934,2.1875526905059814,1.075914978981018,-3.3119635581970215,-2.2494359016418457,0.5903131365776062,4.24234676361084,-0.03623510152101517,15.324333190917969,-1.7104183435440063,10.219547271728516,5.161126136779785,-0.9115445613861084,-2.838106393814087,-0.5224623084068298,-0.4360661506652832,-1.2322520017623901,-3.542367458343506,-3.0426902770996094,-3.5905327796936035,-0.000380447949282825,-15.698347091674805,2.615194082260132,2.7593154907226562,-0.9295263290405273,0.49442416429519653,0.19955061376094818,-0.7119711637496948,-0.49842801690101624,0.2491389513015747,0.7248696684837341,0.03715340793132782,3.628056764602661,-1.1148014068603516,2.4434595108032227,1.0416572093963623
260,-4.357448101043701,2.802483081817627,0.9023116230964661,-3.347727060317993,-2.3772974014282227,1.616646647453308,4.136614799499512,0.07534584403038025,15.17300796508789,-0.8158561587333679,9.71108627319336,3.3398945331573486,-1.6881539821624756,-2.267479658126831,-0.45128440856933594,-0.3908885717391968,-1.623464584350586,-3.533834457397461,-2.939265251159668,-3.5674045085906982,-0.00038021040381863713,-15.698681831359863,2.611219882965088,2.6770825386047363,-0.9214988350868225,0.593970000743866,0.15411995351314545,-0.6902056336402893,-0.5197829604148865,0.4121215343475342,0.7409887909889221,0.02792470157146454,3.5742175579071045,-0.20125244557857513,2.3438527584075928,0.49446791410446167
261,-3.7765486240386963,3.2845711708068848,0.5919807553291321,-3.1238479614257812,-2.4094181060791016,2.2424356937408447,4.003215789794922,0.03021940402686596,14.954761505126953,1.4551068544387817,9.293052673339844,0.5531899929046631,-2.4833250045776367,-1.768912672996521,-0.7110325694084167,-0.6138218641281128,-2.006913423538208,-3.5853869915008545,-2.8718671798706055,-3.1797566413879395,-0.00037578586488962173,-14.306723594665527,2.4284403324127197,2.175638437271118,-0.7405784130096436,0.6814246773719788,0.07616321742534637,-0.605383574962616,-0.5205414295196533,0.47772473096847534,0.7203677892684937,3.032386302947998e-05,3.4859766960144043,0.7786076068878174,2.224670648574829,-0.3039473295211792
262,-2.97917103767395,3.7254574298858643,0.2573188543319702,-2.65437650680542,-1.9363282918930054,2.7564258575439453,4.051392078399658,-0.044176533818244934,14.54013729095459,12.297805786132812,8.934449195861816,-4.640578746795654,1.7563717365264893,-2.5004541873931885,-0.5781349539756775,-0.4258326292037964,-0.17300134897232056,-6.103560447692871,-2.4410946369171143,-0.24446828663349152,2.9580206871032715,0.42891746759414673,2.023879051208496,-7.250106334686279,-0.5514110326766968,0.7725099325180054,0.00602869875729084,-0.4829100966453552,-0.35264137387275696,0.5560151934623718,0.7529363632202148,-0.020067289471626282,3.3092081546783447,2.495061159133911,2.09167218208313,-1.5328145027160645
263,-5.942327976226807,4.590208530426025,-0.6025971174240112,0.10045662522315979,-3.351045846939087,5.807701587677002,3.2045977115631104,-1.587241291999817,12.537307739257812,13.946149826049805,4.464944362640381,-6.870844841003418,0.2342669665813446,-2.5103919506073,-0.8055003881454468,-0.15784385800361633,2.014949083328247,-7.074646949768066,-1.5815768241882324,2.6133387088775635,-4.925923824310303,15.662842750549316,1.3990416526794434,-15.625336647033691,-1.4862631559371948,0.9565486311912537,-0.2385212928056717,0.39523184299468994,-0.856198787689209,1.3143447637557983,0.49677395820617676,-0.5290499329566956,3.487748384475708,5.25641393661499,0.3003958761692047,-3.59623122215271
264,-4.929959774017334,3.0280683040618896,0.49718350172042847,1.7244184017181396,-2.488480806350708,6.039424896240234,-0.7464703321456909,-4.712383270263672,18.477964401245117,3.6612446308135986,-2.1880064010620117,-3.2071659564971924,0.12251923978328705,-1.104012370109558,-1.1540660858154297,-0.2049081176519394,2.3119425773620605,-5.1814656257629395,-0.006826311349868774,2.1433544158935547,-4.667753219604492,15.734335899353027,-2.543236494064331,-15.71323299407959,-0.8925798535346985,0.3673152029514313,0.24354587495326996,0.5612528920173645,-0.3285950720310211,1.001082181930542,-0.6621968746185303,-1.2613816261291504,3.5245044231414795,4.891922950744629,-1.3824341297149658,-4.284968376159668
265,-2.6846518516540527,-1.3730168342590332,5.510868549346924,1.0488693714141846,-7.640964031219482,3.3863439559936523,-1.302069902420044,-4.72612190246582,15.75305461883545,3.7663402557373047,-10.238076210021973,-2.6757657527923584,0.2049754559993744,-0.864788293838501,-1.040497899055481,-0.1625939905643463,2.973032236099243,-4.241727828979492,3.9363527297973633,1.367992639541626,-5.4149394035339355,15.633708000183105,-15.682563781738281,-15.645501136779785,-0.23921093344688416,-0.8571373820304871,1.7858130931854248,0.11856121569871902,-2.202561140060425,0.31145310401916504,-0.32961195707321167,-0.9034952521324158,2.4919302463531494,4.721374034881592,-4.835522174835205,-2.3574581146240234
266,-2.711684226989746,1.7167116403579712,6.267885208129883,1.283045768737793,-9.438278198242188,5.454342365264893,-1.0081686973571777,-3.9680378437042236,17.128957748413086,3.8338701725006104,-4.009332180023193,-1.444148063659668,0.07996299117803574,0.31316882371902466,0.3464494049549103,0.3453713059425354,3.0525219440460205,-2.835036039352417,3.7322258949279785,0.6631590127944946,-5.111578941345215,15.61515998840332,-15.682246208190918,-15.625482559204102,-0.5436906814575195,0.7526635527610779,1.3475874662399292,0.2868359684944153,-2.0355522632598877,1.2360776662826538,-0.12357061356306076,-0.6816577315330505,3.2149105072021484,4.421012878417969,-9.691000938415527,-0.5424993634223938
267,0.24940837919712067,-2.4066367149353027,5.900117874145508,1.4561468362808228,-8.314006805419922,1.2804063558578491,-3.0941386222839355,-2.196383476257324,16.53309440612793,3.817828893661499,-4.45633602142334,1.5164090394973755,0.721966028213501,0.43785879015922546,1.7522019147872925,0.6496608853340149,2.5882554054260254,-2.6642048358917236,2.8776707649230957,-1.044677972793579,-3.895636796951294,15.603899955749512,-15.669623374938965,-11.629383087158203,0.44378408789634705,-1.0327610969543457,1.2077093124389648,0.3213624358177185,-1.411839246749878,-0.24758535623550415,-0.806550920009613,-0.21041418612003326,2.9189672470092773,4.3431715965271,-7.637871742248535,1.1819461584091187
268,1.4725995063781738,-3.692866086959839,3.4373466968536377,1.1645878553390503,-8.569575309753418,1.3621360063552856,-3.263303756713867,2.488398551940918,14.712855339050293,3.7896945476531982,-4.604340553283691,17.262054443359375,2.5019452571868896,0.6746916174888611,2.9113473892211914,-0.6071189641952515,-0.2980197072029114,-2.679272174835205,1.7820409536361694,-8.561203002929688,1.7429803609848022,15.540725708007812,-15.663025856018066,15.690068244934082,0.4711584746837616,-0.9068121314048767,0.4218910336494446,0.20047438144683838,-1.6935598850250244,0.26136869192123413,-0.629545271396637,1.108276128768921,2.5819356441497803,4.264742374420166,-7.210172176361084,4.582941055297852
269,-0.4782642722129822,-4.6576972007751465,1.3437587022781372,1.4981704950332642,-5.923239231109619,3.2930495738983154,-6.89621114730835,3.447770118713379,10.920880317687988,3.9091639518737793,-4.549324989318848,2.9959349632263184,2.4664840698242188,-0.4951423406600952,3.2013602256774902,-0.47565793991088867,-1.8158392906188965,-2.037680149078369,0.04258140176534653,-7.532251834869385,4.648370742797852,15.590106964111328,-15.670639038085938,15.701027870178223,-0.34899890422821045,-1.0503488779067993,0.009240971878170967,0.33136075735092163,-0.9549461603164673,0.8502679467201233,-1.8652337789535522,0.5769870281219482,2.573301076889038,4.523788928985596,-6.336575508117676,3.75616192817688
270,1.0013788938522339,0.592930793762207,-1.306451678276062,-0.1815822422504425,-7.038834571838379,0.3943883180618286,-7.657334327697754,6.648111343383789,8.098899841308594,3.9583747386932373,-4.475239276885986,3.678187131881714,2.384023666381836,-0.44395098090171814,3.1540026664733887,-0.4049418866634369,-2.7060647010803223,-2.076590061187744,-1.9008347988128662,-6.033071994781494,5.498483657836914,15.65548324584961,-15.672101020812988,15.682157516479492,0.42360439896583557,0.8097746968269348,-0.5951329469680786,-0.25756341218948364,-1.7796937227249146,-0.28038960695266724,-1.758439302444458,1.4597797393798828,2.037468194961548,4.7530293464660645,-6.082363128662109,5.281988620758057
271,0.8646875619888306,0.5833172798156738,-2.6034302711486816,0.36378616094589233,-5.130180835723877,-0.33885204792022705,-6.626856327056885,4.084332466125488,7.017580032348633,3.950774669647217,-4.467601776123047,3.9576051235198975,1.404711127281189,-0.5215768814086914,2.825119972229004,-0.403323233127594,-0.6032664775848389,-2.327402114868164,-3.8922805786132812,-3.4104151725769043,-0.936943531036377,15.369580268859863,-15.66633129119873,2.889211654663086,0.16765812039375305,0.1138572245836258,-0.6318329572677612,0.14429736137390137,-0.8907352089881897,-0.17064642906188965,-1.376355528831482,0.4262961745262146,1.9160714149475098,4.804744243621826,-6.2039594650268555,5.222790718078613
272,0.044551700353622437,0.43427789211273193,-2.274352550506592,1.1757558584213257,-3.620457410812378,-0.48113977909088135,-3.962671995162964,4.33479642868042,8.731490135192871,4.129054069519043,-4.331536293029785,15.24209213256836,1.5948501825332642,1.047716736793518,2.777005672454834,0.31462812423706055,-0.19284218549728394,-1.2641977071762085,-5.331192970275879,2.025759696960449,-0.4160151183605194,2.5984134674072266,-15.643339157104492,-3.676114320755005,-0.10965096205472946,0.06565268337726593,-0.37969067692756653,0.3394646644592285,-0.48158493638038635,-0.12532156705856323,-0.5768024325370789,0.8534875512123108,1.5453107357025146,4.475887775421143,-5.461580276489258,4.564857006072998
273,-3.3678276538848877,-1.2119590044021606,-0.44833052158355713,-0.14114396274089813,-2.1895766258239746,3.1810667514801025,-3.379287004470825,2.45332932472229,8.454730033874512,14.349844932556152,-3.766232490539551,18.50212860107422,1.585096001625061,2.180739164352417,3.0721781253814697,0.7041146159172058,1.841645359992981,2.628511667251587,-6.337762832641602,0.6550747752189636,-2.1246941089630127,-5.403209686279297,-15.687098503112793,-1.3414770364761353,-1.0915632247924805,-0.4486728310585022,0.14044831693172455,-0.20137903094291687,-0.2421787530183792,1.1071794033050537,-0.7688385844230652,0.3583259582519531,1.7218477725982666,3.8013341426849365,-3.6521029472351074,3.286919593811035
274,-5.279245376586914,-0.7462970614433289,-1.6794533729553223,-0.9662469029426575,-2.59204363822937,4.5613484382629395,-2.660454034805298,4.402336120605469,5.001311779022217,19.045503616333008,-2.522763729095459,16.470457077026367,1.6499173641204834,2.145451068878174,2.790402889251709,0.8377091884613037,1.2985601425170898,1.266250491142273,-7.09196662902832,1.2916613817214966,-0.6009799242019653,-1.8387378454208374,-15.67410945892334,-1.825026512145996,-1.2756973505020142,-0.07580779492855072,-0.45465603470802307,-0.29648834466934204,-0.5225143432617188,1.2903531789779663,-0.5787013173103333,1.173149824142456,0.40410012006759644,3.232924461364746,-1.6370978355407715,3.6545486450195312
275,-7.327303886413574,-1.2079812288284302,-1.580390453338623,-1.2409167289733887,-3.4622881412506104,4.959525108337402,-1.0740940570831299,3.59618878364563,-0.9197368621826172,15.088126182556152,-1.0672780275344849,16.881328582763672,1.801377296447754,2.147383213043213,2.47210693359375,0.9155657887458801,1.1407771110534668,1.4029344320297241,-7.843921661376953,1.338701605796814,-0.17791713774204254,-1.7326042652130127,-14.515862464904785,-1.7051271200180054,-1.7196658849716187,-0.2834283709526062,-0.2792431712150574,-0.2768704295158386,-0.7879874110221863,1.0779131650924683,-0.019052021205425262,0.6566793322563171,-0.9310376048088074,2.9373490810394287,-0.08398917317390442,3.7219696044921875
276,-7.287812232971191,-1.407920241355896,-2.230120897293091,-2.593008041381836,-2.644082546234131,3.3375842571258545,2.0854122638702393,2.205901622772217,-9.649468421936035,14.294804573059082,8.261951446533203,16.328588485717773,-0.5233080983161926,1.935218095779419,3.090653657913208,0.9129428267478943,5.623635292053223,1.3626099824905396,-9.977925300598145,1.4964044094085693,-15.678755760192871,-1.499534010887146,-2.6030306816101074,-1.796022653579712,-1.406420350074768,-0.2880675196647644,-0.4959452152252197,-0.6826050281524658,-0.4076502025127411,0.47825074195861816,0.7449684739112854,0.26882749795913696,-3.7561891078948975,2.847113847732544,2.4474198818206787,3.4721157550811768
277,-7.710281848907471,-2.1400277614593506,-2.754401922225952,-0.8432633280754089,3.788409471511841,1.3913401365280151,12.4226655960083,1.0472832918167114,-3.7660109996795654,14.512274742126465,16.352046966552734,14.847634315490723,-2.6112477779388428,1.7815966606140137,3.8889615535736084,0.7617466449737549,6.552953243255615,1.4104727506637573,-9.634920120239258,2.018242359161377,-15.633617401123047,-0.9023736119270325,15.111408233642578,-2.1235623359680176,-1.779098629951477,-0.4968709349632263,-0.5604994297027588,0.06271899491548538,2.0061843395233154,0.019003920257091522,3.367748260498047,0.0595504492521286,-8.359453201293945,3.1447553634643555,6.695851802825928,2.836756944656372
278,-8.110753059387207,-4.345141887664795,-2.0905935764312744,0.623231053352356,-0.9225196242332458,2.760387659072876,10.188332557678223,1.2409875392913818,-4.318907737731934,14.686857223510742,4.2708330154418945,14.512679100036621,-4.739468574523926,1.49478280544281,2.71557354927063,0.6387709975242615,6.689723491668701,1.1540719270706177,-6.404833793640137,2.3690433502197266,-15.672415733337402,0.2767232060432434,15.696797370910645,-2.2612545490264893,-2.031982421875,-1.1200761795043945,-0.2844213843345642,0.3227693438529968,-0.8839842677116394,0.7780888676643372,1.3658305406570435,0.29684358835220337,-6.856327533721924,3.359945297241211,5.371058940887451,2.867295742034912
279,-5.818408966064453,-7.221816062927246,0.02696526236832142,-1.3113504648208618,-6.421055793762207,1.5973695516586304,7.08019495010376,0.4668384790420532,-4.404568672180176,13.015521049499512,4.144811630249023,15.256606101989746,-6.357298851013184,0.9464769959449768,2.1166138648986816,0.5216674208641052,5.519768714904785,0.7430586218833923,-4.40368127822876,2.7038049697875977,-15.650710105895996,1.3528525829315186,15.694958686828613,-2.4949488639831543,-1.1395806074142456,-1.8341730833053589,0.25698772072792053,-0.5153436064720154,-1.723452091217041,0.16761022806167603,0.9288451075553894,-0.008450254797935486,-6.292277812957764,2.821460247039795,6.054922580718994,3.2588891983032227
280,-3.7314083576202393,-7.576935768127441,-0.8498106598854065,-2.0981805324554443,-7.540629863739014,1.3947155475616455,4.726739883422852,-0.44303226470947266,-4.420729637145996,11.98965835571289,4.290849208831787,15.476251602172852,-6.100360870361328,0.2688234746456146,1.4465436935424805,0.42390164732933044,4.153810977935791,0.2120979130268097,-3.3167884349823,2.82981538772583,-15.312915802001953,2.2061028480529785,15.697293281555176,-2.6055736541748047,-0.660382866859436,-1.589215636253357,-0.2689044177532196,-0.5183569192886353,-1.4696714878082275,0.25544947385787964,0.5993219017982483,-0.2031945139169693,-5.965612411499023,2.822277784347534,6.014256000518799,3.1653363704681396
281,-3.000304937362671,-6.600688457489014,-1.7719957828521729,-2.3544487953186035,-6.997000694274902,2.223053455352783,3.7765915393829346,-1.1856573820114136,-4.690894603729248,11.410923957824707,4.296419620513916,15.144159317016602,-7.080924034118652,-0.1789558082818985,0.6636027693748474,0.38593927025794983,2.622908592224121,-0.17347320914268494,-2.512599468231201,2.811668872833252,-15.683454513549805,2.9390392303466797,15.694762229919434,-2.5161640644073486,-0.6272745132446289,-1.2285287380218506,-0.45917218923568726,-0.5008123517036438,-1.2270245552062988,0.558217465877533,0.5871546864509583,-0.30749189853668213,-5.6461310386657715,2.8695688247680664,5.7421650886535645,2.9752697944641113
282,-1.6661996841430664,-6.480716705322266,-2.4453506469726562,-2.4039530754089355,-5.635879993438721,2.5660042762756348,3.251777172088623,-1.3609964847564697,-4.23828125,10.824220657348633,4.240419864654541,14.515142440795898,-6.106943130493164,-0.6292591094970703,-0.12611639499664307,0.24039989709854126,0.8920613527297974,-0.5841061472892761,-1.9542150497436523,2.6528916358947754,-12.46054458618164,3.5772900581359863,15.69132137298584,-2.373944044113159,-0.2246929109096527,-1.3356914520263672,-0.5749525427818298,-0.4833027720451355,-0.9198102355003357,0.5544810891151428,0.5493376851081848,-0.270704984664917,-5.350191116333008,2.8110201358795166,5.438697338104248,2.80322265625
283,-1.5272411108016968,-5.641261577606201,-2.2938549518585205,-2.605557441711426,-4.441163063049316,3.2790350914001465,2.510117530822754,-1.2205175161361694,-6.768737316131592,10.486725807189941,4.19065523147583,13.988755226135254,-6.782557487487793,-0.8527444005012512,-0.7646753787994385,0.3696536421775818,0.6198329329490662,-0.8259913325309753,-1.5800647735595703,2.695798873901367,-15.634010314941406,4.001858234405518,15.69640827178955,-2.3562862873077393,-0.34879639744758606,-1.0693869590759277,-0.45019370317459106,-0.5476329922676086,-0.7529343962669373,0.7380384802818298,0.38639700412750244,-0.20805872976779938,-4.227360725402832,2.874875068664551,5.303393840789795,2.716977119445801
284,-0.007780441548675299,-5.890220642089844,-2.438418388366699,-2.976120948791504,-2.853978157043457,3.606506824493408,2.5690715312957764,-0.9963597655296326,-4.0715131759643555,10.295777320861816,4.207566261291504,13.557266235351562,-7.132388591766357,-1.1169012784957886,-1.3706376552581787,0.4422580301761627,-0.4165433943271637,-1.0903780460357666,-1.1733781099319458,2.571688175201416,-15.692785263061523,4.640571594238281,15.693487167358398,-2.1631152629852295,0.2523569166660309,-1.2833991050720215,-0.529082715511322,-0.6392631530761719,-0.35770943760871887,0.7474158406257629,0.5012595057487488,-0.15532179176807404,-5.163419723510742,2.9066178798675537,5.501722812652588,2.6170618534088135
285,0.73525470495224,-5.652468204498291,-2.0995330810546875,-3.610184669494629,-2.582869529724121,3.3312599658966064,1.083290696144104,-0.7015477418899536,-3.647905111312866,10.057280540466309,4.209528923034668,12.703702926635742,-7.280220985412598,-1.3787645101547241,-1.8393139839172363,0.5037418603897095,-1.4809961318969727,-1.4541610479354858,-1.1346267461776733,2.504885196685791,-15.69448184967041,5.321986198425293,15.69393253326416,-2.0766072273254395,0.19959446787834167,-1.172219157218933,-0.40060290694236755,-0.8016520142555237,-0.5020869374275208,0.6069279313087463,0.0220903679728508,-0.0935266762971878,-3.7568583488464355,2.9948203563690186,5.456428050994873,2.39202618598938
286,2.239835262298584,-5.581524848937988,-2.3317787647247314,-4.102444648742676,-1.4389618635177612,3.3853046894073486,-0.09673649072647095,-0.38658633828163147,-3.2054405212402344,9.839166641235352,4.24251127243042,11.682063102722168,-7.070896148681641,-1.6654188632965088,-2.271294116973877,0.5276722311973572,-2.353947401046753,-1.8744902610778809,-1.3502795696258545,2.447387933731079,-15.694952011108398,6.130370616912842,15.693496704101562,-1.9955263137817383,0.5241081118583679,-1.1920346021652222,-0.536876380443573,-0.8807516098022461,-0.1553165763616562,0.6519404053688049,-0.17260557413101196,-0.032785847783088684,-3.031312942504883,3.1029860973358154,5.619576930999756,2.1356427669525146
287,3.7710788249969482,-5.6643171310424805,-2.3526594638824463,-4.679291248321533,-0.1047743484377861,3.3853046894073486,-1.1448004245758057,0.08910753577947617,-2.5799849033355713,9.513395309448242,4.286414623260498,10.353042602539062,-6.472715377807617,-2.1050522327423096,-2.6421475410461426,0.7248390316963196,-2.967710494995117,-2.4504306316375732,-1.7809914350509644,2.1195695400238037,-15.692069053649902,7.444708824157715,15.693538665771484,-1.7010765075683594,0.7846348881721497,-1.2472392320632935,-0.5191882848739624,-1.0101748704910278,0.16396887600421906,0.6355538964271545,-0.38699132204055786,0.07992391288280487,-2.117187976837158,3.1964495182037354,5.773550510406494,1.8121163845062256
288,4.9357428550720215,-5.649873733520508,-1.9159857034683228,-5.466994285583496,1.402429223060608,3.3950302600860596,-2.0599558353424072,0.6914811134338379,-1.655992865562439,8.802879333496094,4.325178623199463,8.939247131347656,-5.676676273345947,-2.6585497856140137,1.4032518863677979,0.8567491173744202,-3.1312003135681152,-2.8625857830047607,4.747325420379639,2.25337290763855,-15.697739601135254,8.656510353088379,-6.956192970275879,-1.9443676471710205,0.9600386619567871,-1.2543853521347046,-0.36153867840766907,-1.1911898851394653,0.44197532534599304,0.6252327561378479,-0.5728464126586914,0.23521767556667328,-0.9658766388893127,3.2864181995391846,5.888436317443848,1.5446733236312866
289,3.2210302352905273,2.3723158836364746,-6.704483985900879,-6.661082744598389,2.048068046569824,1.5555349588394165,0.6921690702438354,1.140705943107605,-0.7962760329246521,7.997468948364258,25.391794204711914,8.245026588439941,-5.244497299194336,-1.9233194589614868,0.9702892303466797,0.573182225227356,-3.3359386920928955,-2.469393491744995,3.7083067893981934,1.9103424549102783,-15.185145378112793,7.1604695320129395,-4.784431457519531,-1.6028892993927002,0.362405925989151,1.5951037406921387,-1.961741328239441,-1.495639443397522,0.4495200216770172,0.054891638457775116,0.5686185956001282,0.31228142976760864,-0.20629346370697021,3.2607390880584717,4.8495192527771,1.451259970664978
290,4.31679630279541,2.471881866455078,-7.4525017738342285,-6.969192981719971,1.8814598321914673,7.120916366577148,0.7975802421569824,1.2243192195892334,-0.20803099870681763,10.1543607711792,21.53251075744629,9.461053848266602,-4.381134986877441,-0.7245704531669617,0.7736957669258118,0.6673828363418579,-3.7086193561553955,0.8976592421531677,3.648650646209717,1.4235817193984985,-13.960478782653809,-0.042036429047584534,-4.546994209289551,-1.249738335609436,0.8740312457084656,0.48555511236190796,-1.612950325012207,-1.4614366292953491,0.31771934032440186,2.1410372257232666,0.1937553584575653,0.2716631293296814,0.20257186889648438,4.272435665130615,4.060032844543457,2.0368077754974365
291,5.013781547546387,3.085906982421875,-6.735313415527344,-8.424580574035645,2.767275094985962,3.6204872131347656,0.7271158695220947,2.67409348487854,6.959589004516602,15.67007827758789,20.824687957763672,9.539469718933105,-2.1787588596343994,0.521914541721344,0.7114320397377014,0.6198350191116333,-5.314961910247803,1.1669760942459106,3.373579502105713,1.1800787448883057,-4.280361652374268,-0.00972355343401432,-4.0603413581848145,-0.997248649597168,0.9828231334686279,0.6997925639152527,-1.255221962928772,-1.938313364982605,0.5986235737800598,0.3672030568122864,0.15457352995872498,0.7680743932723999,1.5344252586364746,3.736083984375,4.177942276000977,1.9263248443603516
292,3.8255817890167236,1.9968899488449097,-4.902088642120361,-8.871275901794434,2.5080506801605225,1.263211727142334,0.3727755844593048,3.1906321048736572,15.386392593383789,14.229125022888184,20.01776123046875,9.715377807617188,0.941874623298645,1.2864793539047241,0.5035384297370911,0.4313947856426239,-8.292943954467773,0.6885684728622437,3.1155154705047607,1.1074268817901611,14.949950218200684,0.05165718495845795,-3.701937437057495,-0.9386035799980164,0.6089402437210083,0.2759091854095459,-0.7264942526817322,-1.894924521446228,0.3828989565372467,-0.05951971560716629,0.029621906578540802,0.738719642162323,4.949143886566162,3.0090878009796143,4.068585395812988,2.0004327297210693
293,-0.24867935478687286,1.0588828325271606,-2.3391852378845215,-7.178182601928711,1.17122483253479,2.829045534133911,0.6892296671867371,3.4591798782348633,4.005665302276611,13.290823936462402,17.557207107543945,10.931798934936523,0.5579293966293335,1.0915031433105469,0.23505306243896484,-0.018499746918678284,-8.128222465515137,0.5408310890197754,2.899073362350464,1.0917682647705078,15.682358741760254,0.1521836817264557,-3.4081649780273438,-0.9402909278869629,-0.5586421489715576,0.0977841168642044,-0.1284109503030777,-1.2270902395248413,0.021859485656023026,0.7974358201026917,0.20041245222091675,0.7609052062034607,4.614340305328369,2.8500030040740967,3.106196880340576,2.4464335441589355
294,0.5575023889541626,1.2859864234924316,-1.529563307762146,-7.1561713218688965,1.063429832458496,0.17258669435977936,0.34250712394714355,2.492455005645752,3.9486656188964844,13.789196014404297,16.72186851501465,10.583219528198242,0.5789888501167297,1.098069667816162,0.17329305410385132,0.11251817643642426,-7.998003005981445,0.44215184450149536,2.507112979888916,0.5726996064186096,15.687959671020508,-0.013429872691631317,-3.0350112915039062,-0.6094763278961182,0.22165915369987488,0.29770082235336304,-0.19926348328590393,-1.4914106130599976,0.15673281252384186,-0.3279868960380554,0.023830004036426544,0.38409894704818726,5.6694464683532715,3.3126049041748047,3.208745241165161,2.108290672302246
295,0.5067678689956665,0.9265701174736023,-0.594997227191925,-7.255584239959717,2.0832560062408447,-0.4268947243690491,0.5415177345275879,2.4555225372314453,4.120547771453857,13.995678901672363,15.939422607421875,10.209458351135254,0.5672828555107117,1.141269326210022,0.11581571400165558,0.051960140466690063,-7.592319965362549,0.28247979283332825,2.1414401531219482,0.28665924072265625,15.681668281555176,-0.026681555435061455,-2.6704208850860596,-0.44043996930122375,0.09651169925928116,0.14267785847187042,0.005164431408047676,-1.5041056871414185,0.43826091289520264,-0.1637369990348816,0.14641928672790527,0.4913299083709717,5.525426864624023,3.2414190769195557,3.0884745121002197,2.0810203552246094
296,0.42318615317344666,0.5798656344413757,0.20118404924869537,-7.421765327453613,2.7284767627716064,-0.5659564733505249,0.8333147168159485,2.539243459701538,4.161990642547607,13.895307540893555,15.313986778259277,9.95130443572998,0.5634638667106628,1.1550027132034302,0.22650328278541565,0.1907387673854828,-6.98639440536499,1.4278098344802856,1.912563681602478,-0.006789505481719971,15.700018882751465,-2.601259469985962,-2.377828598022461,-0.10039401054382324,0.07488373667001724,0.07269163429737091,0.14624638855457306,-1.5608030557632446,0.5088176131248474,-0.13083666563034058,0.22044578194618225,0.5229470133781433,5.360628128051758,3.1663248538970947,3.0140297412872314,2.044642925262451
297,0.875527560710907,0.4128373861312866,0.5125649571418762,-7.993958473205566,3.1803135871887207,-0.8906455039978027,0.7555796504020691,2.7535698413848877,4.116775989532471,15.30721378326416,15.134407043457031,9.562902450561523,0.7327451705932617,1.479780673980713,0.5159654021263123,0.48290500044822693,-6.243017196655273,1.2717342376708984,1.8854401111602783,-0.24274666607379913,15.700021743774414,-2.3021819591522217,-2.2584335803985596,0.3110603988170624,0.24010995030403137,0.06274493038654327,0.145268514752388,-1.7347134351730347,0.5727003216743469,-0.2088148593902588,0.14938047528266907,0.5787357687950134,5.175698757171631,3.0252013206481934,3.087041139602661,1.983322262763977
298,0.8419202566146851,-0.5012995004653931,0.532789945602417,-8.196557998657227,3.609990119934082,-1.3948445320129395,0.1567961722612381,3.202108144760132,4.077310085296631,14.48051929473877,15.273701667785645,9.324589729309082,0.8314469456672668,1.7680974006652832,0.8183491230010986,0.585162341594696,-5.390094757080078,1.134501576423645,1.9827282428741455,-0.2606762647628784,15.700011253356934,-1.8613739013671875,-2.247316598892212,0.6493262648582458,0.1687508523464203,-0.21666459739208221,0.11185498535633087,-1.7003947496414185,0.6567018628120422,-0.33328306674957275,-0.05182366818189621,0.6968317627906799,5.05710506439209,2.8189046382904053,3.1836605072021484,2.001183032989502
299,0.8682242631912231,-1.5063296556472778,0.3173736035823822,-8.234811782836914,3.586768388748169,-1.7348830699920654,-0.5996302962303162,3.5221424102783203,4.003857135772705,13.745976448059082,15.267436027526855,9.235382080078125,0.8768472671508789,2.0357048511505127,1.041916012763977,1.0301759243011475,-4.627781391143799,0.8757956624031067,2.0214641094207764,-0.5776273012161255,15.7000093460083,-1.1852755546569824,-2.181687116622925,1.1210631132125854,0.1826644241809845,-0.4115930199623108,0.03647090494632721,-1.6857222318649292,0.6189122200012207,-0.3796730637550354,-0.20996704697608948,0.7466533780097961,4.829405784606934,2.732227325439453,3.1440796852111816,2.0372087955474854
300,0.9293591976165771,-2.246039867401123,0.16605016589164734,-8.483680725097656,3.3811140060424805,-2.066531181335449,-1.0976035594940186,3.791097402572632,3.9105923175811768,12.965262413024902,15.083703994750977,9.111336708068848,1.0346027612686157,1.9667783975601196,1.1288740634918213,1.0967484712600708,-2.4828531742095947,0.24076180160045624,1.9924287796020508,-0.6400554180145264,2.948807716369629,0.10009807348251343,-2.067206382751465,1.2729161977767944,0.20015069842338562,-0.5135868787765503,0.013835625723004341,-1.7315884828567505,0.5740851163864136,-0.4478018879890442,-0.2681238651275635,0.7814398407936096,4.595628261566162,2.653642177581787,3.080953359603882,2.0681333541870117
301,0.34817832708358765,-1.0725905895233154,-0.38849037885665894,-8.453109741210938,4.313320636749268,-0.9331304430961609,-0.4162050485610962,3.3324670791625977,13.908005714416504,12.125364303588867,15.022299766540527,8.388718605041504,1.3293430805206299,1.8885529041290283,0.9871895909309387,0.7584341764450073,-0.2829117178916931,0.21607553958892822,2.0335350036621094,-0.26373520493507385,1.2212886810302734,0.6083101630210876,-1.8050382137298584,1.1156176328659058,-0.007441990077495575,-0.05510269105434418,-0.14779825508594513,-1.6947412490844727,0.9502111077308655,-0.04082924872636795,0.0070154741406440735,0.5948877930641174,3.617650032043457,2.689300298690796,3.113358736038208,1.779272437095642
302,-0.16892290115356445,-0.8222155570983887,-1.1001381874084473,-7.261751174926758,3.364269733428955,2.0170929431915283,0.6318468451499939,3.2308547496795654,13.196991920471191,11.55139446258545,15.089478492736816,8.85937213897705,2.2768993377685547,1.4938719272613525,0.6651768088340759,0.6682744026184082,1.3792364597320557,-0.28529757261276245,1.8890429735183716,-0.24839699268341064,-0.6621146202087402,1.7695012092590332,-1.4452120065689087,1.0125410556793213,-0.1020183190703392,-0.1236790269613266,-0.30557113885879517,-1.306259274482727,0.5826623439788818,0.8085386157035828,0.27824893593788147,0.6363806128501892,2.800518751144409,2.5764071941375732,3.2248878479003906,2.0542285442352295
303,-0.44003480672836304,0.025540262460708618,-0.051318999379873276,-6.9935197830200195,2.388420820236206,1.8819611072540283,1.152267575263977,2.566002130508423,13.767684936523438,10.743468284606934,14.001485824584961,9.20518684387207,1.5203877687454224,0.9579023122787476,0.3464387059211731,0.310453861951828,0.6926648020744324,0.692275881767273,1.7255054712295532,0.06625263392925262,0.7563251256942749,-0.17750903964042664,-1.0980257987976074,0.6459174156188965,-0.11481555551290512,0.11213572323322296,0.12532024085521698,-1.373949646949768,0.3908790051937103,0.35119205713272095,0.3199514150619507,0.4224281907081604,2.88358998298645,2.567222833633423,2.7970316410064697,2.1122288703918457
304,0.15635091066360474,0.7101043462753296,0.46881312131881714,-6.840251922607422,2.3427751064300537,1.428315281867981,1.3258177042007446,2.029254674911499,12.62346076965332,11.382400512695312,13.440287590026855,9.202978134155273,1.5421946048736572,0.8264517784118652,0.10960212349891663,0.13786736130714417,0.8009023070335388,0.6301679611206055,1.756075382232666,0.11443670094013214,0.6370450258255005,0.010732976719737053,-1.036545753479004,0.621482253074646,0.10945454984903336,0.2411099225282669,0.16485275328159332,-1.3831864595413208,0.4671016037464142,0.23894646763801575,0.30531972646713257,0.3391644358634949,2.921520233154297,2.3728764057159424,2.794926881790161,1.9876991510391235
305,0.1961195021867752,0.7345386743545532,1.1452407836914062,-6.5674333572387695,2.148449182510376,1.1974760293960571,1.1483567953109741,1.6818825006484985,12.769206047058105,11.0905122756958,12.789921760559082,9.264988899230957,1.2637639045715332,0.6866093277931213,-0.030155375599861145,-0.14718599617481232,0.5791239738464355,0.6616256237030029,1.7119253873825073,0.28159451484680176,1.1865899562835693,-0.008095502853393555,-0.8888514637947083,0.549469530582428,0.046949245035648346,0.15402109920978546,0.3204011917114258,-1.3092893362045288,0.4170898497104645,0.21291443705558777,0.21913430094718933,0.2919779419898987,2.99607253074646,2.378711462020874,2.5882153511047363,2.0379443168640137
306,0.3268844187259674,0.5555530786514282,1.4411371946334839,-6.187445640563965,2.045217275619507,1.072819471359253,1.0181348323822021,1.5318344831466675,12.455785751342773,10.842506408691406,12.30578899383545,9.34688663482666,1.4029567241668701,0.6503443717956543,0.022945765405893326,0.012656792998313904,0.6401770114898682,0.6643033027648926,1.5401898622512817,0.10914455354213715,1.10336172580719,-0.005289506632834673,-0.6022003889083862,0.6899117231369019,0.0861850306391716,0.08881427347660065,0.32716888189315796,-1.2281628847122192,0.4017986059188843,0.20269161462783813,0.1973596215248108,0.29069679975509644,3.007154703140259,2.300943613052368,2.523953676223755,2.049201488494873
307,0.25597018003463745,0.36934414505958557,1.7213941812515259,-6.013113021850586,1.927562952041626,0.9833254814147949,0.9913667440414429,1.483230710029602,12.557099342346191,10.627177238464355,11.650456428527832,9.500693321228027,1.2028731107711792,0.5741434693336487,-0.13262999057769775,-0.07713887840509415,0.42293548583984375,0.6497533917427063,1.5758546590805054,0.11759315431118011,1.596590280532837,0.03613763302564621,-0.5915355086326599,0.7195823192596436,0.044001318514347076,0.05003251135349274,0.3831228017807007,-1.199887752532959,0.3792591094970703,0.1890166997909546,0.2044677436351776,0.2904050946235657,3.0212972164154053,2.254788637161255,2.3847272396087646,2.1337409019470215
308,0.2634336054325104,0.15473075211048126,1.87037992477417,-5.815582275390625,1.79060959815979,0.8914092779159546,0.8355924487113953,1.5226212739944458,12.253382682800293,10.331709861755371,11.22285270690918,9.645954132080078,1.3493648767471313,0.649273693561554,-0.15352395176887512,-0.09709934890270233,0.4642525613307953,0.8749097585678101,1.483829379081726,0.050116635859012604,1.5496762990951538,-0.09806841611862183,-0.41390612721443176,0.8315572142601013,0.05567113310098648,0.002246452495455742,0.3919364809989929,-1.1654081344604492,0.34339234232902527,0.16969680786132812,0.15466377139091492,0.31150251626968384,3.023831605911255,2.176910877227783,2.291532039642334,2.1640069484710693
309,0.15665388107299805,-0.04826657846570015,2.0566792488098145,-5.657285213470459,1.7057374715805054,0.6777352094650269,0.8181486129760742,1.4242850542068481,12.327657699584961,10.092565536499023,10.677724838256836,9.780577659606934,1.162761926651001,0.5918712615966797,-0.08916334062814713,-0.2468191385269165,0.24720603227615356,0.819009006023407,1.3271945714950562,0.16661573946475983,2.0321459770202637,0.00040769483894109726,-0.13417255878448486,0.8040607571601868,0.018082238733768463,-0.036781832575798035,0.43502891063690186,-1.136082649230957,0.3359064757823944,0.11121875792741776,0.16936317086219788,0.27204447984695435,3.041978359222412,2.0966103076934814,2.1772193908691406,2.218437671661377
310,0.16395558416843414,-0.3362801969051361,2.0447678565979004,-5.3970818519592285,1.6348791122436523,0.5645614266395569,0.7239594459533691,1.3826689720153809,12.029206275939941,9.700358390808105,10.17457103729248,9.937299728393555,1.2990609407424927,0.6706123948097229,-0.19828557968139648,-0.11090625077486038,0.29029303789138794,0.8831636905670166,1.3316248655319214,-0.06106343865394592,1.9423099756240845,0.00824091024696827,-0.12374560534954071,1.0302726030349731,0.034981049597263336,-0.10364888608455658,0.40776389837265015,-1.075544834136963,0.31896668672561646,0.10039619356393814,0.13774758577346802,0.2735421061515808,3.045210123062134,2.0083017349243164,2.1042399406433105,2.247126817703247
311,0.12524668872356415,-0.6052005887031555,2.1960384845733643,-5.328113555908203,1.5626260042190552,0.4445790946483612,0.6980211734771729,1.3406485319137573,12.104947090148926,9.2806978225708,9.653636932373047,10.062139511108398,1.1315408945083618,0.7066229581832886,-0.11129456013441086,-0.13163256645202637,0.06945398449897766,0.977576494216919,1.1464637517929077,-0.035479456186294556,2.4182658195495605,-0.00812491588294506,0.19943580031394958,1.0325931310653687,0.020892955362796783,-0.15341870486736298,0.45682492852211,-1.0754289627075195,0.3065929114818573,0.07529868930578232,0.14250686764717102,0.26086360216140747,3.048879861831665,1.8983402252197266,1.956204891204834,2.3288326263427734
312,0.20467858016490936,-0.9482846260070801,2.1872620582580566,-5.141010761260986,1.5175178050994873,0.27440086007118225,0.6337149143218994,1.2915053367614746,11.828620910644531,8.68224811553955,9.107131004333496,10.256032943725586,1.2226343154907227,0.6797884106636047,-0.2488309144973755,-0.16482776403427124,0.10048750787973404,1.007728099822998,1.150998592376709,-0.1243819072842598,2.3344078063964844,0.008006734773516655,0.19527870416641235,1.1623574495315552,0.053440697491168976,-0.2300933450460434,0.43676552176475525,-1.02405846118927,0.2970248758792877,0.0334688201546669,0.12225273996591568,0.25184446573257446,3.0687901973724365,1.7289648056030273,1.881349802017212,2.37286376953125
313,0.224238783121109,-1.225318431854248,2.3229317665100098,-5.020629405975342,1.5117889642715454,0.11834896355867386,0.6099371314048767,1.1443369388580322,11.909577369689941,7.976526260375977,8.613848686218262,10.370231628417969,1.0563685894012451,0.6007709503173828,-0.16310334205627441,-0.28314265608787537,-0.11177597939968109,1.0265241861343384,0.9527055621147156,-0.024814318865537643,2.7650270462036133,0.006885248236358166,0.5224124193191528,1.1302062273025513,0.049556292593479156,-0.2761985659599304,0.4790533781051636,-1.0095226764678955,0.3032340109348297,0.0030012354254722595,0.12358338385820389,0.20801357924938202,3.0733368396759033,1.5573365688323975,1.7495973110198975,2.421268939971924
314,0.3361142873764038,-1.5276449918746948,2.2959659099578857,-4.803177356719971,1.5352838039398193,-0.07709869742393494,0.5874137878417969,0.9924176931381226,11.663846969604492,7.064975261688232,8.137823104858398,10.507320404052734,1.1379965543746948,0.49410775303840637,-0.2886255383491516,-0.17836982011795044,-0.09992331266403198,0.9812210202217102,0.9284674525260925,-0.2503279149532318,2.685516119003296,0.007689576596021652,0.5465142726898193,1.3447520732879639,0.08495799452066422,-0.3400750458240509,0.45543256402015686,-0.9561347365379333,0.3080612123012543,-0.04117953032255173,0.11767082661390305,0.1786690205335617,3.0928637981414795,1.325929880142212,1.6951783895492554,2.442126750946045
315,0.3897492289543152,-1.7639511823654175,2.421339988708496,-4.748226642608643,1.5802788734436035,-0.1980273276567459,0.5949252247810364,0.8314409255981445,11.71802043914795,5.935060024261475,7.704245090484619,10.54151725769043,1.0042424201965332,0.34241172671318054,-0.18762318789958954,-0.18963004648685455,-0.2927764058113098,0.9315172433853149,0.7203022837638855,-0.23731186985969543,3.0573172569274902,0.00046390853822231293,0.8874131441116333,1.3403760194778442,0.08858642727136612,-0.3796105980873108,0.4968107342720032,-0.9587528109550476,0.32157039642333984,-0.053986795246601105,0.12376687675714493,0.14269153773784637,3.083141565322876,1.0541175603866577,1.58321213722229,2.4914140701293945
316,0.4950401484966278,-2.0205492973327637,2.390636920928955,-4.584199905395508,1.6051384210586548,-0.36873483657836914,0.6050748229026794,0.6609436273574829,11.490296363830566,4.339459419250488,7.370203018188477,10.634164810180664,1.059610366821289,0.14729326963424683,-0.3222222328186035,-0.3130207359790802,-0.28967127203941345,0.8276747465133667,0.7169193625450134,-0.21812716126441956,2.999258518218994,0.008715945295989513,0.8713176250457764,1.378951072692871,0.11672433465719223,-0.4357903003692627,0.47376149892807007,-0.9121659994125366,0.3203805983066559,-0.09366429597139359,0.12481776624917984,0.10866604745388031,3.096489667892456,0.6591629981994629,1.5703356266021729,2.504929780960083
317,0.5007660388946533,-2.2294466495513916,2.469883918762207,-4.441605091094971,1.6315807104110718,-0.5527829527854919,0.7387690544128418,0.3283670246601105,11.55518913269043,2.055063009262085,7.220002174377441,10.637299537658691,0.9674733281135559,-0.05601891130208969,-0.19980163872241974,-0.18244752287864685,-0.4650372862815857,0.689187228679657,0.5026960372924805,-0.3797260522842407,3.3015105724334717,0.014479560777544975,1.2059012651443481,1.5140236616134644,0.10474637895822525,-0.4747619032859802,0.4996715784072876,-0.8915328979492188,0.32724714279174805,-0.13167548179626465,0.16968384385108948,0.02123187482357025,3.1062028408050537,0.10672904551029205,1.5406463146209717,2.4997847080230713
318,0.6392678022384644,-2.648955821990967,2.3210768699645996,-4.241572856903076,1.5618810653686523,-0.6523350477218628,1.006720781326294,0.09093616902828217,11.4644136428833,-1.5349080562591553,7.286816120147705,10.693105697631836,0.9607663750648499,-0.2799455225467682,-0.35341182351112366,-0.25738751888275146,-0.45207369327545166,1.26394784450531,0.44205912947654724,-0.4389750361442566,3.177525043487549,-2.416074275970459,1.2463726997375488,1.5670491456985474,0.15101274847984314,-0.5919294953346252,0.44407737255096436,-0.8326452374458313,0.2976325452327728,-0.14088794589042664,0.24057713150978088,-0.013532891869544983,3.1689352989196777,-0.7928299307823181,1.641492247581482,2.5581307411193848
319,0.7681503295898438,-3.2015860080718994,2.126156806945801,-3.829045534133911,1.3302009105682373,-0.10527495294809341,1.532021164894104,-0.25772860646247864,11.872844696044922,-7.482853412628174,8.2614107131958,10.704840660095215,0.6239708065986633,-0.289410799741745,-0.442157506942749,-0.4937180280685425,-0.5169793963432312,5.249945640563965,0.1212780624628067,-0.3764747977256775,3.0689032077789307,-15.6726655960083,1.6333593130111694,1.4370266199111938,0.1765090525150299,-0.7291553616523743,0.3939782381057739,-0.7240384221076965,0.23194517195224762,0.05135565251111984,0.3826192021369934,-0.09916944801807404,3.3407082557678223,-2.97306227684021,2.017946481704712,2.5530354976654053
320,1.558575987815857,-4.380337715148926,1.516780972480774,-2.311145305633545,1.6097685098648071,1.9297912120819092,3.074941396713257,-0.5018119215965271,13.01276969909668,-3.7327492237091064,11.646305084228516,10.210907936096191,0.6274521350860596,-0.7720457315444946,-0.5368198156356812,-0.4629889726638794,-0.5232468843460083,5.49452543258667,-0.024344049394130707,-0.47780540585517883,3.092348575592041,-15.686747550964355,1.8981842994689941,1.5456801652908325,0.4258878529071808,-1.0610687732696533,0.21823321282863617,-0.26857811212539673,0.3534579575061798,0.8002790808677673,0.8303451538085938,-0.13455362617969513,3.9792048931121826,-9.602482795715332,3.6379733085632324,2.2817790508270264
321,1.9098039865493774,-2.787968158721924,1.3094807863235474,-2.762298107147217,1.714422583580017,0.5105571150779724,4.308629035949707,-0.12020467221736908,13.015141487121582,-4.328533172607422,12.515619277954102,10.26890754699707,0.6678216457366943,-0.9180045127868652,-0.4109983742237091,-0.3936766982078552,-0.6617777943611145,5.480279445648193,-0.13408884406089783,-0.5307255983352661,3.3812294006347656,-15.674302101135254,2.15909743309021,1.6452125310897827,0.43921908736228943,-0.3648024797439575,0.22971834242343903,-0.6255260109901428,0.35135117173194885,-0.10349280387163162,1.040048360824585,0.0270414799451828,3.688072681427002,-7.540520668029785,3.412799596786499,2.4400367736816406
322,1.3336704969406128,-2.9686245918273926,1.6291700601577759,-2.320619821548462,1.5430411100387573,0.21790695190429688,4.027794361114502,-0.3630791902542114,12.45944595336914,-4.559445381164551,12.600881576538086,10.118879318237305,0.7678543925285339,-1.1258342266082764,-0.41982781887054443,-0.4015529751777649,-0.6534063220024109,5.389962673187256,-0.14580538868904114,-0.5143527984619141,3.390333414077759,-15.683274269104004,2.1667912006378174,1.678099274635315,0.19469350576400757,-0.6431400775909424,0.36493486166000366,-0.41077369451522827,0.2789249122142792,0.005528531968593597,0.7694247364997864,-0.10693128407001495,3.455198049545288,-7.296101093292236,3.326458215713501,2.373908042907715
323,0.6996117830276489,-2.8565096855163574,1.7335941791534424,-2.1436469554901123,1.6496638059616089,0.05479283258318901,3.7486767768859863,-0.5829428434371948,12.237823486328125,-4.617798805236816,12.634620666503906,9.945357322692871,0.789316713809967,-1.351583480834961,-0.2927854657173157,-0.2878938317298889,-0.7907267212867737,5.244036674499512,-0.20500148832798004,-0.6537795662879944,3.6146674156188965,-15.675206184387207,2.275294065475464,1.8389307260513306,0.05745401233434677,-0.5838848948478699,0.3563000559806824,-0.41174405813217163,0.3374706208705902,-0.013273455202579498,0.7143272757530212,-0.14846237003803253,3.401995897293091,-7.120211601257324,3.286970853805542,2.319556951522827
324,0.2388954609632492,-2.6963937282562256,1.704163908958435,-2.058727264404297,1.8374677896499634,-0.11774086952209473,3.5120913982391357,-0.6565619707107544,11.872686386108398,-4.620608806610107,12.497014045715332,9.73110294342041,0.8748220801353455,-1.6038110256195068,-0.3265266418457031,-0.2700134515762329,-0.8305604457855225,5.044674873352051,-0.25761887431144714,-0.7289553880691528,3.6745588779449463,-15.683857917785645,2.3343071937561035,1.9516626596450806,-0.01394728571176529,-0.5478548407554626,0.33518314361572266,-0.4041786193847656,0.3823705017566681,-0.042324282228946686,0.6698628067970276,-0.14468176662921906,3.326404571533203,-6.850803852081299,3.2418978214263916,2.289198398590088
325,-0.2538435161113739,-2.4683382511138916,1.7632838487625122,-2.0478768348693848,2.0036046504974365,-0.3248938024044037,3.2854490280151367,-0.7366818785667419,11.621417045593262,-4.565254211425781,12.353100776672363,9.531758308410645,0.8548611998558044,-1.8606420755386353,-0.2252882570028305,-0.26386308670043945,-0.9676703214645386,4.781557083129883,-0.33956414461135864,-0.7212545275688171,3.9067330360412598,-15.68127727508545,2.4695825576782227,1.971461534500122,-0.11495815962553024,-0.4944814145565033,0.3571062386035919,-0.41271430253982544,0.41226401925086975,-0.07939083129167557,0.6243924498558044,-0.1622343212366104,3.2441353797912598,-6.527500629425049,3.1962954998016357,2.2482619285583496
326,-0.647650420665741,-2.2501883506774902,1.7705402374267578,-2.0579962730407715,2.2183804512023926,-0.5049333572387695,3.036527156829834,-0.8269236087799072,11.237896919250488,-4.496759414672852,12.135367393493652,9.373207092285156,0.93108731508255,-2.115180492401123,-0.27539288997650146,-0.20451845228672028,-1.0305516719818115,4.443286895751953,-0.4101794958114624,-0.8886350393295288,3.980462074279785,-15.685144424438477,2.543201208114624,2.157789707183838,-0.17711547017097473,-0.4532482326030731,0.3538813591003418,-0.41763943433761597,0.45789751410484314,-0.10815701633691788,0.5693101286888123,-0.18183685839176178,3.1568734645843506,-6.186064720153809,3.1481504440307617,2.2057888507843018
327,-1.039608359336853,-2.0392229557037354,1.874862551689148,-2.144404649734497,2.391512155532837,-0.6717926859855652,2.796844720840454,-0.8647519946098328,10.957575798034668,-4.403896331787109,11.928586959838867,9.20031452178955,0.8870124816894531,-2.3783745765686035,-0.187425434589386,-0.22048239409923553,-1.1656564474105835,4.043021202087402,-0.5133130550384521,-0.8768671751022339,4.204381465911865,-15.685608863830566,2.7033474445343018,2.16910719871521,-0.25241202116012573,-0.4123796224594116,0.3858342170715332,-0.4441830515861511,0.4859338700771332,-0.13707000017166138,0.5215241312980652,-0.1841503530740738,3.068000555038452,-5.840422630310059,3.0866482257843018,2.1975960731506348
328,-1.3527501821517944,-1.8328055143356323,1.8976001739501953,-2.2073655128479004,2.571472644805908,-0.8060066103935242,2.5126123428344727,-0.920494556427002,10.566823959350586,-4.29754114151001,11.662995338439941,9.112006187438965,0.9503142833709717,-2.6372621059417725,-0.25812220573425293,-0.17355093359947205,-1.2442538738250732,3.562476396560669,-0.5919545888900757,-1.052283525466919,4.285999298095703,-15.686683654785156,2.7793216705322266,2.3590240478515625,-0.3039769232273102,-0.371675968170166,0.3817410469055176,-0.45475512742996216,0.5189873576164246,-0.15886437892913818,0.45702970027923584,-0.19734634459018707,2.9760935306549072,-5.485862731933594,3.0323641300201416,2.1736674308776855
329,-1.675403118133545,-1.6253124475479126,1.997912883758545,-2.3274283409118652,2.7200610637664795,-0.8933287262916565,2.226001501083374,-0.8985240459442139,10.26280689239502,-4.173889636993408,11.419614791870117,8.997334480285645,0.8879177570343018,-2.89900279045105,-0.17889054119586945,-0.20493946969509125,-1.3791733980178833,3.0289559364318848,-0.7142614126205444,-1.0456573963165283,4.507930278778076,-15.689187049865723,2.9646143913269043,2.3730852603912354,-0.36691540479660034,-0.3289934992790222,0.40989696979522705,-0.4855412244796753,0.5430178642272949,-0.17159712314605713,0.39924949407577515,-0.18403668701648712,2.881502389907837,-5.128612041473389,2.95871639251709,2.1804752349853516
330,-1.925707221031189,-1.4117543697357178,2.005545139312744,-2.4097187519073486,2.870284080505371,-0.9296609163284302,1.888179898262024,-0.8941361904144287,9.855813980102539,-4.025961399078369,11.110962867736816,8.95959758758545,0.940308153629303,-3.1475703716278076,-0.26895976066589355,-0.1672755777835846,-1.4738547801971436,2.428161859512329,-0.7962989807128906,-1.2256252765655518,4.6048383712768555,-15.688355445861816,3.039273738861084,2.5632259845733643,-0.40798088908195496,-0.2835630178451538,0.4014151990413666,-0.4984833002090454,0.5693339705467224,-0.17513009905815125,0.3242418169975281,-0.18472380936145782,2.7820138931274414,-4.749110698699951,2.8966386318206787,2.1695961952209473
331,-2.2232208251953125,-1.1592003107070923,2.09413480758667,-2.544513463973999,3.0201175212860107,-0.8956977128982544,1.5305838584899902,-0.8136290907859802,9.528308868408203,-3.8580703735351562,10.839089393615723,8.876943588256836,0.8695404529571533,-3.4978349208831787,-0.10650304704904556,-0.10750067234039307,-1.009244680404663,1.7355966567993164,-1.0923876762390137,-1.440689206123352,3.255739688873291,-15.812344551086426,3.2673628330230713,2.7120490074157715,-0.4707885682582855,-0.22339756786823273,0.42720919847488403,-0.5316688418388367,0.5969654321670532,-0.16372305154800415,0.2513628602027893,-0.15927381813526154,2.6856024265289307,-4.365776538848877,2.8136117458343506,2.1816835403442383
332,-2.4224400520324707,-0.2988205850124359,1.6877492666244507,-2.9974024295806885,3.4519214630126953,-0.8860467672348022,1.392208218574524,-0.6772651672363281,10.101961135864258,-3.540268659591675,10.626708030700684,8.643021583557129,0.6584871411323547,-3.6670804023742676,-0.10704249143600464,0.00538334995508194,0.5124751925468445,0.9742816686630249,-1.3678879737854004,-1.8935710191726685,-0.31875866651535034,-15.676527976989746,3.4623944759368896,3.12107515335083,-0.4992276132106781,0.05990932881832123,0.2842003405094147,-0.6659723520278931,0.7353684306144714,-0.16880834102630615,0.24923250079154968,-0.1240437775850296,2.6093013286590576,-3.9165008068084717,2.8253262042999268,2.104463815689087
333,-2.3005166053771973,0.7192403674125671,1.2870678901672363,-3.2069878578186035,3.3847053050994873,-0.7985205054283142,1.1842607259750366,-0.4075182378292084,11.747633934020996,-3.246082305908203,10.477750778198242,8.432551383972168,0.8854387998580933,-3.5417709350585938,0.07051627337932587,0.05478622764348984,0.21729184687137604,0.25870031118392944,-1.6170965433120728,-2.087285280227661,0.049645572900772095,-15.691054344177246,3.6827189922332764,3.28206729888916,-0.43776026368141174,0.2590540051460266,0.20338936150074005,-0.6722661256790161,0.7077538967132568,-0.146176278591156,0.19858509302139282,-0.05011911690235138,2.4462459087371826,-3.101149320602417,2.8258724212646484,2.1309282779693604
334,-2.66640305519104,0.8743029832839966,1.3138573169708252,-2.995305299758911,3.40659236907959,-0.6336138844490051,1.1622158288955688,-0.16376884281635284,11.0707368850708,-2.7293832302093506,10.172109603881836,8.472880363464355,0.9681863188743591,-3.355701446533203,0.0882752314209938,0.19391769170761108,0.10292308777570724,-0.43006354570388794,-1.8163650035858154,-2.4520599842071533,0.3491628170013428,-15.699931144714355,3.827820301055908,3.6257309913635254,-0.5659534931182861,0.17534954845905304,0.2682708501815796,-0.5719051957130432,0.6895828247070312,-0.10629173368215561,0.21676939725875854,-0.0006737262010574341,2.3317015171051025,-2.3764708042144775,2.7368533611297607,2.191117763519287
335,-3.343506097793579,1.654348373413086,1.206434965133667,-3.1729235649108887,3.5693836212158203,-0.3791237473487854,1.0289275646209717,0.0198531337082386,10.688170433044434,-2.2150650024414062,9.80613899230957,8.257970809936523,0.8744445443153381,-2.9287023544311523,0.2513716518878937,0.23691880702972412,0.36672350764274597,-1.011325478553772,-2.0320208072662354,-2.5796432495117188,0.11462214589118958,-15.691078186035156,4.060586452484131,3.760453462600708,-0.7404755353927612,0.392748087644577,0.227913960814476,-0.65645831823349,0.7424770593643188,-0.04444574564695358,0.1764785647392273,0.029582485556602478,2.3171639442443848,-1.8071132898330688,2.6191911697387695,2.1468122005462646
336,-3.7212483882904053,2.1263697147369385,0.9571917057037354,-3.277984380722046,3.4703967571258545,-0.1046830415725708,0.9993254542350769,0.15361140668392181,10.593143463134766,-1.6333918571472168,9.415349960327148,8.026501655578613,0.6876195073127747,-2.235879898071289,0.2108347862958908,0.3626793920993805,0.7517693638801575,-1.44460928440094,-1.638425350189209,-2.7078769207000732,0.0384845994412899,-15.672795295715332,3.295975685119629,3.8839235305786133,-0.7805883288383484,0.44884493947029114,0.16048209369182587,-0.6682465672492981,0.6986158490180969,0.01517508178949356,0.18275198340415955,0.04471556842327118,2.2605769634246826,-1.1621848344802856,2.5403945446014404,2.0733394622802734
337,-3.9696648120880127,2.2387795448303223,0.8372454643249512,-3.2876803874969482,2.8561289310455322,0.2178216278553009,0.6237112283706665,0.5459149479866028,10.521306991577148,-0.973912239074707,9.493657112121582,7.948916435241699,0.42401793599128723,-1.4308587312698364,0.5712292194366455,0.42965540289878845,1.102555513381958,-1.7050199508666992,0.4057759940624237,-2.4483630657196045,0.10288747400045395,-15.700000762939453,-0.6662918329238892,3.595874309539795,-0.8197207450866699,0.43754279613494873,0.15240345895290375,-0.653371274471283,0.5099955797195435,0.08373396843671799,0.07235977798700333,0.1481364220380783,2.2509617805480957,-0.48526668548583984,2.401918649673462,2.0974514484405518
338,-3.8288216590881348,2.5975213050842285,0.41706374287605286,-3.5267372131347656,1.9759188890457153,0.5498520135879517,0.4107358157634735,0.9514483213424683,10.457539558410645,-0.09998346865177155,10.450933456420898,8.047364234924316,0.12295800447463989,-0.48651784658432007,0.6331079006195068,0.6021606922149658,1.3476208448410034,-1.8304153680801392,0.10166814923286438,-2.534634828567505,0.016909470781683922,-15.699586868286133,0.013431359082460403,3.6643171310424805,-0.7473122477531433,0.5511981844902039,0.029290782287716866,-0.7317520976066589,0.29349157214164734,0.14579230546951294,0.0599176362156868,0.2266874760389328,2.257158041000366,0.4409171938896179,1.9640259742736816,2.079669952392578
339,-3.6296579837799072,2.4107067584991455,-0.08391878008842468,-3.8103160858154297,1.4224941730499268,0.9802929162979126,0.2716778814792633,1.554928183555603,10.383273124694824,6.163881778717041,9.93795108795166,8.049750328063965,-0.24295958876609802,-0.3842065930366516,0.7612879872322083,0.6342995762825012,1.5575331449508667,-2.256340742111206,0.21403062343597412,-2.3479971885681152,0.06954134255647659,-9.080289840698242,-0.007599949836730957,3.5562164783477783,-0.7068268060684204,0.4616464376449585,-0.08408989012241364,-0.7889073491096497,0.22308297455310822,0.2388545274734497,0.035353727638721466,0.36144763231277466,2.212651491165161,1.2421966791152954,2.0946714878082275,2.1058349609375
340,-3.414012908935547,3.145875930786133,-1.0667821168899536,-4.9993391036987305,1.1763941049575806,4.889424800872803,-0.43588748574256897,2.887643337249756,8.992256164550781,16.80748748779297,8.432327270507812,8.819698333740234,-0.8525132536888123,-1.0930968523025513,0.911247193813324,0.8951730728149414,1.9730101823806763,-1.293992280960083,0.48647281527519226,-2.2786529064178467,-0.00022123206872493029,8.774283409118652,-0.11822716891765594,3.5831284523010254,-0.6697765588760376,0.7247850894927979,-0.3364369869232178,-1.156781554222107,0.21512417495250702,1.4360194206237793,-0.18070542812347412,0.7069583535194397,1.6916946172714233,4.291341304779053,1.5362317562103271,2.463191509246826
341,-2.9498002529144287,3.4967708587646484,-1.549701452255249,-6.278345584869385,0.5761891007423401,7.704524040222168,-2.763960599899292,4.398482799530029,8.868964195251465,8.383637428283691,4.4716057777404785,10.385499000549316,-1.61543869972229,-0.4051482081413269,0.6134999394416809,0.7117562294006348,2.2252955436706543,1.6512352228164673,0.12466404587030411,-1.786208152770996,-0.00021555833518505096,15.5296630859375,0.00038415618473663926,3.1854608058929443,-0.5555949211120605,0.7160704731941223,-0.3633815050125122,-1.4213168621063232,0.04012473300099373,1.9624793529510498,-0.858376681804657,1.0216121673583984,1.8420075178146362,4.346580982208252,0.35861578583717346,3.203481674194336
342,-2.395589828491211,1.712041974067688,-0.7976837158203125,-4.9228339195251465,-0.13812099397182465,-0.9088404774665833,-2.688342571258545,3.5319571495056152,11.850532531738281,3.7301013469696045,0.9747081398963928,11.493942260742188,-2.0757246017456055,0.015973541885614395,0.38934609293937683,0.7633183598518372,2.1651127338409424,0.877569854259491,-0.3939286470413208,-1.8386095762252808,-0.0002911787014454603,15.459126472473145,-4.610599717125297e-06,3.0826029777526855,-0.4403296113014221,0.11322535574436188,-0.06003136932849884,-0.7976740002632141,-0.12511466443538666,-1.3046259880065918,-0.5320119261741638,0.5689385533332825,3.1767852306365967,4.538868427276611,-0.2681039869785309,3.334247589111328
343,-2.1884379386901855,1.777005672454834,0.11292771250009537,-3.673985004425049,-0.9605687856674194,-3.2946739196777344,-2.9516477584838867,3.7098569869995117,13.49237060546875,3.9945201873779297,-2.1679019927978516,11.62243366241455,-2.276151180267334,0.5634541511535645,0.33905625343322754,0.7916434407234192,1.9235930442810059,-0.819636344909668,-0.1738734394311905,-1.7500693798065186,-0.000344006868544966,15.39918327331543,-2.640784978866577,2.9235787391662598,-0.44733014702796936,0.36816030740737915,0.14241276681423187,-0.5557331442832947,-0.2818928062915802,-0.9655957818031311,-0.6439622044563293,0.7266175150871277,3.4129490852355957,4.742602825164795,-0.8621389865875244,3.1582884788513184
344,-3.033663034439087,2.167518138885498,0.17282527685165405,-2.726550579071045,-0.822638750076294,-1.6220146417617798,-1.9377790689468384,3.6979212760925293,14.478271484375,4.092586517333984,-6.016172409057617,11.985923767089844,-2.55871319770813,1.4247885942459106,-0.16137248277664185,1.001706600189209,1.7902601957321167,-1.7074939012527466,3.2295634746551514,-1.8871371746063232,-0.0003668976132757962,15.361703872680664,-14.576190948486328,3.006833553314209,-0.7878372073173523,0.5011193156242371,0.04301159083843231,-0.40883833169937134,-0.13829992711544037,-0.12899360060691833,-0.251146137714386,0.7039552927017212,3.595827341079712,4.615493297576904,-2.160512685775757,3.298107624053955
345,-3.957296133041382,3.5246148109436035,-0.17041386663913727,-2.1884894371032715,-0.8143950700759888,-1.1537044048309326,-1.7934842109680176,4.74269962310791,16.21109962463379,4.056292533874512,-4.003226280212402,12.348376274108887,-3.022361993789673,2.6762819290161133,-0.1726839691400528,1.1348384618759155,1.6495208740234375,-2.2926926612854004,3.1505892276763916,-1.723942756652832,-0.00040647259447723627,15.295390129089355,-15.69631290435791,2.8523948192596436,-1.0197783708572388,0.9515222907066345,-0.08042455464601517,-0.35243654251098633,-0.15318308770656586,-0.18546926975250244,-0.2803601622581482,1.0382319688796997,4.456655502319336,4.339111804962158,-5.750309467315674,3.501018524169922
346,-2.9747726917266846,2.549933671951294,-0.29452741146087646,-2.807056427001953,-0.6414251923561096,-1.3177052736282349,-1.61788010597229,5.091437339782715,16.592998504638672,4.045049667358398,-3.6869707107543945,12.622275352478027,-3.616819381713867,3.217291831970215,-0.3562326431274414,1.1157870292663574,1.5485467910766602,-2.8688011169433594,2.74912166595459,-1.5406832695007324,-0.00042340747313573956,15.262547492980957,-15.70000171661377,2.4839441776275635,-0.5278187990188599,0.44091707468032837,-0.07590456306934357,-0.6229109168052673,-0.10022513568401337,-0.3128325939178467,-0.27253884077072144,1.0261564254760742,4.2358527183532715,4.221261501312256,-4.9742512702941895,3.4960713386535645
347,-1.5857964754104614,2.147080898284912,-0.7033135890960693,-3.626924991607666,-0.802015483379364,-1.1021955013275146,-1.6505764722824097,5.705408573150635,16.561683654785156,4.034862995147705,-3.681088447570801,13.076151847839355,-4.234368324279785,3.3240914344787598,-0.7621831893920898,0.8428443670272827,1.4393889904022217,-3.2783005237579346,2.361665964126587,-0.14823418855667114,-0.00041874730959534645,15.236310005187988,-15.698521614074707,0.31114548444747925,-0.15994319319725037,0.4293665289878845,-0.1978655308485031,-0.8131006956100464,-0.17325614392757416,-0.2160760760307312,-0.30931514501571655,1.1920326948165894,4.1119704246521,4.191544055938721,-4.2566304206848145,3.571183919906616
348,-0.1313680112361908,1.77741277217865,-0.6254293918609619,-4.2895827293396,-0.6885063648223877,-0.8855762481689453,-1.4452011585235596,5.456828594207764,16.50374412536621,4.025511264801025,-3.465825080871582,14.762614250183105,-4.496275901794434,3.4389779567718506,-1.1014487743377686,0.7006932497024536,1.2999223470687866,-3.652200937271118,1.949271559715271,0.05719496309757233,-0.0004240745911374688,15.232674598693848,-15.692681312561035,-0.07661426067352295,0.18946054577827454,0.346108615398407,-0.1190197616815567,-0.9368214011192322,-0.11734943091869354,-0.16890326142311096,-0.2452499270439148,1.1063402891159058,4.0821123123168945,4.146658897399902,-3.635031223297119,3.5644583702087402
349,1.5906912088394165,1.2478543519973755,-0.5030288696289062,-4.745079040527344,-1.000220537185669,-0.255366712808609,-1.615473985671997,5.8234710693359375,16.375015258789062,4.0060296058654785,-3.0442147254943848,15.319289207458496,-4.41846227645874,3.4872891902923584,-1.3735471963882446,0.5443346500396729,1.068609356880188,-3.842806816101074,1.4502378702163696,-0.04733783379197121,-0.000420890748500824,15.200411796569824,-15.696921348571777,0.16815903782844543,0.483399897813797,0.20332200825214386,-0.0884985476732254,-1.0043591260910034,-0.2321815937757492,0.03563269227743149,-0.3275945782661438,1.2494665384292603,4.013701915740967,4.1192145347595215,-2.829616069793701,3.700917959213257
350,3.0611722469329834,0.4081154465675354,-0.345732718706131,-5.001367092132568,-1.2832382917404175,0.35219934582710266,-1.626129150390625,5.854842185974121,16.13205337524414,4.0079169273376465,-2.476167917251587,15.516555786132812,-4.021845817565918,3.420337200164795,-1.5660048723220825,0.5045764446258545,0.7468544840812683,-3.8970847129821777,0.865492582321167,0.5463365316390991,-0.0004182768752798438,15.196430206298828,-15.679908752441406,-0.968734860420227,0.7106158137321472,-0.03397767245769501,-0.05113856494426727,-1.0356682538986206,-0.28559020161628723,0.14290320873260498,-0.3153036832809448,1.1957573890686035,3.8930232524871826,4.076468467712402,-2.0474321842193604,3.8691978454589844
351,4.035332202911377,-0.8485355377197266,-0.031808312982320786,-5.324529647827148,-1.3708089590072632,0.7996460199356079,-1.3120986223220825,5.508190155029297,15.966432571411133,3.985325574874878,-1.7952115535736084,16.601757049560547,-3.2551662921905518,3.305011034011841,-1.6185911893844604,0.6036261916160583,0.33722397685050964,-3.9345157146453857,0.22733451426029205,0.39869561791419983,-0.00041339441668242216,15.209075927734375,-15.6770658493042,-0.9314104914665222,0.8394695520401001,-0.31600552797317505,0.03711794316768646,-1.110808253288269,-0.28097495436668396,0.1944616734981537,-0.21844786405563354,1.110816240310669,3.8508951663970947,4.033863544464111,-1.2490653991699219,3.890801429748535
352,4.383808135986328,-2.018733263015747,0.2553420066833496,-5.828408241271973,-1.3965203762054443,1.3768351078033447,-1.1159998178482056,5.5693511962890625,15.949101448059082,3.9491302967071533,-0.9227167963981628,16.692310333251953,-2.3492331504821777,3.062706470489502,-1.6113672256469727,0.789930522441864,-0.11066484451293945,-3.874800443649292,-0.462844580411911,0.12215768545866013,-0.00041461572982370853,15.184911727905273,-15.68364143371582,-0.751177191734314,0.853289008140564,-0.5066949725151062,0.08525387942790985,-1.2339671850204468,-0.2823391854763031,0.31194889545440674,-0.19927406311035156,1.1561365127563477,3.8809568881988525,3.992719888687134,-0.31138113141059875,3.914912462234497
353,4.221904754638672,-2.7548935413360596,0.4441624879837036,-6.711724758148193,-1.4100251197814941,1.567683219909668,-0.7470873594284058,5.9233245849609375,16.029014587402344,3.9308483600616455,0.24471767246723175,16.606822967529297,-1.5178571939468384,2.660200834274292,-1.5168945789337158,0.8127428889274597,-0.5610778331756592,-3.7900521755218506,-1.4592958688735962,0.0005087703466415405,-0.0004150396562181413,15.155695915222168,-14.400035858154297,-0.6017735004425049,0.7851755619049072,-0.5940994620323181,0.10824187099933624,-1.463743805885315,-0.28796282410621643,0.3010185658931732,-0.105251245200634,1.259228229522705,3.934976816177368,3.921380043029785,0.6112961769104004,3.921030044555664
354,3.809007406234741,-3.04133939743042,0.533126175403595,-7.699298858642578,-1.5068457126617432,1.6586534976959229,-0.05946945771574974,6.184086799621582,16.118938446044922,3.9117984771728516,9.16836166381836,16.433826446533203,-0.9300752878189087,2.0515525341033936,-0.2465835064649582,0.9729440808296204,-1.066493272781372,-3.7217600345611572,-5.28960657119751,-0.5601458549499512,-0.0004172191256657243,15.149723052978516,-1.0129238367080688,-0.17780143022537231,0.691496729850769,-0.6013224720954895,0.11299209296703339,-1.6970421075820923,-0.32363590598106384,0.3063008785247803,0.08034194260835648,1.3006153106689453,3.9715068340301514,3.8524391651153564,1.8512392044067383,3.874800443649292
355,3.9381284713745117,-4.227837562561035,0.2571195363998413,-7.888471603393555,-2.5410754680633545,3.609710216522217,5.301112174987793,6.9335103034973145,15.912565231323242,4.041065692901611,13.587886810302734,15.344074249267578,-0.5434306263923645,1.1280850172042847,1.1480867862701416,0.8304351568222046,-1.6646970510482788,-3.146277904510498,-8.090685844421387,-0.5205185413360596,-0.0004215879598632455,15.125293731689453,15.689081192016602,-0.37591952085494995,0.7974413633346558,-0.9598984718322754,0.017337070778012276,-1.6074490547180176,-0.6780758500099182,0.8847140073776245,1.5668293237686157,1.4926226139068604,3.8212714195251465,4.22559118270874,4.749034404754639,3.453921318054199
356,2.94244647026062,-5.738036155700684,0.5628188252449036,-7.038132190704346,-1.9623334407806396,6.058443546295166,5.21163272857666,5.738367080688477,15.978677749633789,4.140135765075684,3.5305325984954834,13.565104484558105,-0.44353920221328735,-0.09891302138566971,0.7208077907562256,0.5537428259849548,-2.0026330947875977,-1.9827970266342163,-6.763190746307373,-0.04726604372262955,-0.0004216726520098746,15.086997032165527,15.656685829162598,-1.0425349473953247,0.4554971158504486,-1.351935625076294,0.16110481321811676,-1.2960773706436157,-0.3417503237724304,1.4437978267669678,0.7749617695808411,0.9869502186775208,3.912649393081665,4.3069376945495605,4.915083408355713,2.6633212566375732
357,1.6661512851715088,-3.4377169609069824,2.8329620361328125,-8.736807823181152,-3.8507115840911865,1.8914605379104614,3.4341344833374023,5.003637313842773,15.841110229492188,4.132563591003418,3.908257246017456,13.739240646362305,-0.27286118268966675,-0.727308452129364,0.9183887839317322,0.29420822858810425,-2.742633581161499,-1.8364914655685425,-6.088337421417236,0.29702991247177124,-0.0004283435409888625,15.054372787475586,15.642535209655762,-1.4982216358184814,0.16201409697532654,-0.4133116602897644,0.9003239274024963,-2.070786476135254,-1.1187560558319092,-0.13986676931381226,0.3878994584083557,0.92491215467453,3.81196928024292,4.111103057861328,5.185341835021973,2.896615982055664
358,1.933737874031067,-2.2048110961914062,2.357379674911499,-8.794575691223145,-3.868136405944824,1.4135466814041138,2.9503235816955566,4.932010650634766,15.913050651550293,4.125694751739502,4.141263008117676,12.842432975769043,0.05761782079935074,-1.0048975944519043,1.0950144529342651,0.48023509979248047,-3.5088295936584473,-1.831350326538086,-5.583597660064697,0.05435514450073242,-0.00042769243009388447,15.054192543029785,15.656671524047852,-1.4535059928894043,0.42098328471183777,-0.293643057346344,0.42467957735061646,-1.8491346836090088,-0.8787161707878113,0.20761358737945557,0.44543781876564026,1.0095267295837402,3.889650821685791,4.063961029052734,5.542068004608154,2.439878463745117
359,1.6584458351135254,-1.6998755931854248,1.899462342262268,-8.592717170715332,-3.2644357681274414,1.1996568441390991,2.4640493392944336,5.031370639801025,15.969963073730469,4.0755205154418945,4.218377113342285,11.319109916687012,0.3303368389606476,-1.1966177225112915,1.1768804788589478,0.415432333946228,-4.157028675079346,-1.860768437385559,-5.201478481292725,0.1725979596376419,-0.0004229355836287141,15.051179885864258,15.653237342834473,-1.7510260343551636,0.2987618148326874,-0.28529131412506104,0.33340615034103394,-1.7324159145355225,-0.6687511205673218,0.19943585991859436,0.36637449264526367,1.0322871208190918,3.9071044921875,3.969525098800659,5.553750514984131,2.0448012351989746
360,1.1428697109222412,-1.2438884973526,1.5650991201400757,-8.366838455200195,-2.4758756160736084,0.9387592673301697,1.9714865684509277,4.915779113769531,15.959790229797363,4.012434482574463,4.258678436279297,9.321028709411621,0.5074130892753601,-1.3213757276535034,1.1879581212997437,0.16574907302856445,-4.655516624450684,-1.9309786558151245,-4.931715965270996,0.3549060821533203,-0.000415036513004452,15.044219970703125,15.623620986938477,-1.9437910318374634,0.16369977593421936,-0.1974332183599472,0.2804369628429413,-1.6928728818893433,-0.4663664400577545,0.14396598935127258,0.2835448384284973,0.9903828501701355,3.8866841793060303,3.856449842453003,5.557881832122803,1.4992566108703613
361,0.7376629710197449,-0.7661094665527344,1.1862021684646606,-8.066950798034668,-1.187442421913147,0.6641440391540527,1.6131058931350708,4.624095916748047,15.919913291931152,3.9430081844329834,4.299865245819092,6.536147117614746,0.40627408027648926,-1.3024555444717407,0.1839342713356018,0.1230321079492569,-4.936400413513184,0.23565149307250977,1.49066960811615,0.36091291904449463,-0.0004281593719497323,7.556405544281006,-3.463552474975586,-2.2831406593322754,0.0960436537861824,-0.0943896621465683,0.19458721578121185,-1.6370000839233398,-0.08523093163967133,0.09016590565443039,0.23807531595230103,0.9118083119392395,3.864621877670288,3.739147424697876,5.5469889640808105,0.8524897694587708
362,1.6773394346237183,2.090893507003784,0.4495481550693512,-8.835655212402344,4.7144880294799805,-3.083322525024414,3.9883923530578613,5.09401798248291,16.45915985107422,8.662416458129883,20.457277297973633,5.430418491363525,0.4086162745952606,-0.896289587020874,0.06257712841033936,-0.12213622033596039,-4.174787521362305,1.88910710811615,1.4693195819854736,0.4806431531906128,-0.00037333869840949774,0.01420504692941904,-3.302602529525757,-2.622931957244873,0.4682646691799164,0.7820330262184143,-0.013888223096728325,-1.971570372581482,1.5960206985473633,-1.1239506006240845,1.242061734199524,1.1151771545410156,4.223964691162109,2.8305275440216064,3.956254720687866,0.8395339250564575
363,1.0679197311401367,0.834360659122467,-0.2187124788761139,-7.8983845710754395,6.777276515960693,-2.413264513015747,6.757227897644043,4.162816524505615,15.726484298706055,14.10142707824707,19.0727481842041,3.5938634872436523,0.12402166426181793,-1.1206244230270386,-0.4457920789718628,-0.6428275108337402,-2.911518096923828,1.4971673488616943,1.3126981258392334,0.9154871106147766,-0.00034321926068514585,0.03552424907684326,-3.1301565170288086,-3.144632577896118,0.13420340418815613,0.0028552543371915817,-0.13309676945209503,-1.5212140083312988,1.4920778274536133,-0.3496440351009369,1.9066441059112549,0.7284547686576843,3.6310369968414307,3.307115316390991,3.781658887863159,0.41042956709861755
364,1.4110077619552612,0.5164999961853027,-0.5100878477096558,-7.017850875854492,5.1994476318359375,-2.2282533645629883,6.015040874481201,3.3932337760925293,15.51738452911377,14.163398742675781,18.104642868041992,-0.10607076436281204,-0.31963104009628296,-1.644458532333374,-0.9995043873786926,-2.323049783706665,-1.8907036781311035,1.2025058269500732,1.6179436445236206,2.053135633468628,-0.0003457886050455272,0.0031085852533578873,-3.4652814865112305,-4.80985164642334,0.3284667134284973,0.05795867741107941,-0.1435287743806839,-1.3704897165298462,0.7941932082176208,-0.4057960510253906,1.1730037927627563,0.6058430075645447,3.6796607971191406,3.30176043510437,3.612799644470215,-0.46725553274154663
365,1.5860298871994019,0.4527055621147156,-0.9034090042114258,-4.744200229644775,5.781155109405518,-1.4959083795547485,6.122462749481201,0.7859334945678711,15.323349952697754,14.317657470703125,18.405784606933594,-4.8518877029418945,-0.744124174118042,-2.1847054958343506,-1.439148187637329,-3.11773419380188,-0.7520800828933716,1.0470460653305054,1.9543660879135132,5.294944763183594,-0.00033518613781780005,0.01432801503688097,-3.704313278198242,-14.65104866027832,0.33477386832237244,0.07669670879840851,-0.24266056716442108,-0.7641869187355042,1.2068886756896973,-0.19657227396965027,1.3544654846191406,-0.18556423485279083,3.61586594581604,3.3550775051116943,3.8008100986480713,-2.2721779346466064
366,1.2605518102645874,-0.5500504970550537,-0.8597512245178223,-2.138540506362915,7.267283916473389,-0.7808918356895447,6.934513568878174,-1.9868024587631226,15.771546363830566,14.579947471618652,19.01470375061035,-3.721754550933838,-0.8950414061546326,-2.5332884788513184,-1.8427027463912964,-3.7641420364379883,0.578150749206543,0.9201197028160095,1.788528323173523,5.1526336669921875,-0.0003341356641612947,0.003684745170176029,-3.5820932388305664,-15.668744087219238,0.2009204924106598,-0.2551838159561157,-0.17646507918834686,-0.10977201908826828,1.7097415924072266,-0.0597580149769783,1.6770344972610474,-0.6803699731826782,3.9305131435394287,3.473294734954834,4.013944149017334,-5.119076728820801
367,1.5282561779022217,-0.975556492805481,0.2798210382461548,-0.844322144985199,5.060459136962891,-1.5148829221725464,7.432063102722168,-2.6097710132598877,16.135229110717773,14.484996795654297,18.813432693481445,-3.5040500164031982,-0.7802794575691223,-2.7469985485076904,-1.7882676124572754,-4.030694961547852,1.4560316801071167,0.589468777179718,2.0364279747009277,4.479714393615723,-0.00036344461841508746,0.00038218923145905137,-3.8050951957702637,-15.697077751159668,0.331236869096756,-0.27630698680877686,0.20841901004314423,-0.003580726683139801,0.7816303372383118,-0.39025843143463135,1.7176460027694702,-0.519601583480835,4.0479655265808105,3.358839273452759,3.8692641258239746,-4.490196228027344
368,1.6150946617126465,-1.2999333143234253,1.0004527568817139,0.15790991485118866,3.564366102218628,-1.6611144542694092,7.708827018737793,-3.0907888412475586,16.47780990600586,14.457357406616211,18.788421630859375,-3.5277671813964844,-0.4800794720649719,-2.0661113262176514,-1.871145486831665,-3.916292190551758,2.042891025543213,-0.6598091125488281,1.7519794702529907,3.60213565826416,-0.00038667116314172745,-0.13886159658432007,-3.624378204345703,-15.644152641296387,0.32740679383277893,-0.33536797761917114,0.2799561619758606,0.17516815662384033,0.5632562041282654,-0.3477092981338501,1.7834725379943848,-0.6029723286628723,4.178194522857666,3.364755392074585,3.787195920944214,-4.030606746673584
369,1.3578674793243408,-2.284388303756714,1.5970592498779297,1.5402249097824097,2.3367843627929688,-1.0305097103118896,8.341625213623047,-3.2112035751342773,16.722084045410156,14.558062553405762,18.540693283081055,-3.4236032962799072,0.8277339935302734,0.7916438579559326,-0.6065940856933594,-2.2286651134490967,0.5017545223236084,6.856213569641113,2.4714291095733643,3.0064749717712402,1.39668607711792,-13.268322944641113,-3.90696120262146,-15.21218490600586,0.23580974340438843,-0.6306089162826538,0.37608402967453003,0.43698635697364807,0.3368120491504669,-0.13401028513908386,1.955492615699768,-0.6005237698554993,4.251261234283447,3.3714041709899902,3.774409055709839,-3.577371120452881
370,-0.5288006663322449,-5.789888858795166,0.48976343870162964,0.9254146814346313,2.135345935821533,-3.0388283729553223,6.848443984985352,-3.7071361541748047,15.36793041229248,23.209075927734375,18.833484649658203,-3.2811241149902344,-0.2804243266582489,0.5567711591720581,-0.5912294387817383,-1.9877970218658447,4.58920431137085,4.225821018218994,2.9971137046813965,2.7793657779693604,-7.8896894454956055,-7.392754077911377,-3.8261215686798096,-15.762941360473633,-0.3504038453102112,-1.6140674352645874,-0.040450140833854675,0.10550404340028763,0.39048680663108826,-0.6894410252571106,1.3413296937942505,-0.7473313212394714,4.049414157867432,3.119044065475464,3.8321988582611084,-2.7151429653167725
371,1.1022388935089111,-6.311624050140381,-2.907158851623535,1.577582597732544,2.5264172554016113,-0.8722706437110901,4.271885871887207,-4.065746784210205,22.310251235961914,19.02147674560547,19.396711349487305,-2.0718586444854736,-0.37568625807762146,-0.0038978252559900284,-0.8004578351974487,-1.9268131256103516,3.648557424545288,3.836709499359131,3.5957748889923096,2.229001760482788,-4.839507102966309,-5.510012626647949,-4.004830837249756,-15.71375560760498,0.43386951088905334,-1.3493537902832031,-1.0706218481063843,0.3792227804660797,0.7094336152076721,0.07505195587873459,0.5896957516670227,-0.7988950610160828,3.7868435382843018,3.1815598011016846,4.152438163757324,-1.4554983377456665
372,2.9694337844848633,-3.881822347640991,-4.67750358581543,1.2361681461334229,1.6523993015289307,-1.2557872533798218,2.870117425918579,0.007997353561222553,18.8718318939209,17.13178825378418,20.302719116210938,-0.40360260009765625,-0.25066423416137695,-0.06883913278579712,-0.799997091293335,-1.499893307685852,3.2260406017303467,3.27547550201416,3.963623523712158,2.3964171409606934,-3.1240200996398926,-3.6328999996185303,-4.039404392242432,-15.685964584350586,0.8408586978912354,-0.4693966507911682,-1.233968734741211,0.19005542993545532,0.2295026034116745,-0.2695818543434143,0.4553484618663788,0.5010431408882141,3.438763380050659,2.9671013355255127,4.448863983154297,0.6719759106636047
373,3.4942142963409424,-2.4450178146362305,-5.731795787811279,0.8884751796722412,0.8136904835700989,-2.3973419666290283,1.5164366960525513,1.3235467672348022,17.4041805267334,15.85531234741211,20.704402923583984,7.157443523406982,-0.05501493439078331,0.006612494587898254,-0.5813013911247253,-1.8877373933792114,2.6275439262390137,2.842402219772339,4.197147369384766,0.12453560531139374,-1.3024461269378662,-2.2375311851501465,-3.9881250858306885,-5.648857116699219,0.7709147930145264,-0.2996360659599304,-1.3586832284927368,0.12722599506378174,0.05308223143219948,-0.5750322341918945,0.1475839614868164,0.47985416650772095,3.5374577045440674,3.0490777492523193,4.490428447723389,1.651919960975647
374,3.9466280937194824,-1.009631633758545,-6.158202648162842,-0.5293034911155701,-2.724412202835083,-4.3967461585998535,-1.0274579524993896,4.406039714813232,15.283157348632812,14.937996864318848,20.813514709472656,13.66392993927002,0.4177066385746002,0.3995971381664276,-0.2179950624704361,-3.216478109359741,2.5026614665985107,2.1992642879486084,4.330586910247803,-3.295685052871704,-0.7007156610488892,-0.6815062761306763,-3.900881052017212,12.319354057312012,0.8605853915214539,-0.009720252826809883,-1.3434860706329346,-0.30149340629577637,-0.9702965617179871,-1.0689057111740112,-0.5357363820075989,1.3164211511611938,3.189531087875366,3.0594751834869385,4.493185520172119,3.581413745880127
375,3.382885456085205,-0.34313109517097473,-7.696037769317627,0.46966278553009033,-2.816913366317749,-3.482105016708374,-2.1139206886291504,1.2940442562103271,12.368292808532715,13.614715576171875,20.710933685302734,5.3930463790893555,0.40595388412475586,0.23340588808059692,-0.17946667969226837,-3.005903720855713,1.8731707334518433,1.8206309080123901,4.4430365562438965,-3.732801914215088,0.9070898294448853,0.3851396441459656,-3.8044652938842773,15.616800308227539,0.6218432188034058,0.021709633991122246,-1.8346295356750488,0.2168898582458496,-0.5351025462150574,-0.5484952330589294,-0.4976341724395752,-0.20125551521778107,2.2220981121063232,2.923980236053467,4.438834190368652,3.9669687747955322
376,4.264812469482422,1.0915478467941284,-9.727873802185059,1.030561089515686,-2.7413859367370605,-3.5807435512542725,-1.3426116704940796,2.447977304458618,11.08405876159668,12.853358268737793,20.789669036865234,3.768338441848755,0.5080716609954834,0.2706778645515442,-0.17573434114456177,-2.295470714569092,1.545676827430725,1.3942533731460571,4.483349323272705,-3.034173011779785,1.9841725826263428,1.5854473114013672,-3.6176743507385254,15.588095664978027,0.9983912706375122,0.4129030704498291,-2.4223575592041016,0.25600674748420715,-0.515560507774353,-0.697921097278595,-0.14361315965652466,0.5732774138450623,2.484220027923584,2.9461476802825928,4.546751022338867,5.27423620223999
377,4.441300868988037,1.5699236392974854,-10.430154800415039,1.109031319618225,-2.5819671154022217,-3.5201375484466553,-0.791688084602356,2.9741785526275635,10.166698455810547,12.162066459655762,20.507530212402344,4.131525993347168,0.46107062697410583,0.07439107447862625,-0.16978830099105835,-1.6643003225326538,0.985885739326477,1.19648277759552,4.619905948638916,-2.248229503631592,3.3960351943969727,2.252150297164917,-3.511319160461426,15.565227508544922,0.9418436288833618,0.38221973180770874,-2.3759491443634033,0.2187083661556244,-0.47613659501075745,-0.6758522391319275,-0.07370146363973618,0.61368727684021,2.402287244796753,3.0071218013763428,4.431229114532471,5.589209079742432
378,4.312675476074219,1.6484575271606445,-10.63038158416748,1.153118371963501,-2.21614933013916,-3.611872673034668,-0.43689802289009094,2.0007572174072266,9.17348575592041,11.67440414428711,20.292482376098633,4.248847961425781,0.5406667590141296,0.16984295845031738,-0.12771232426166534,-0.43610307574272156,0.6050689816474915,0.7415057420730591,4.667836666107178,4.523739814758301,4.471716403961182,3.4323978424072266,-3.354548931121826,-3.9110097885131836,0.8672927618026733,0.34021759033203125,-2.3407979011535645,0.22701680660247803,-0.38872459530830383,-0.7148171663284302,-0.03438114374876022,0.2605907917022705,2.355595588684082,2.96071195602417,4.384820461273193,5.404045104980469
379,3.4456026554107666,1.5695239305496216,-10.34460163116455,0.5972228050231934,-0.551131010055542,-3.114290475845337,-1.2727081775665283,1.338034987449646,9.450905799865723,10.979940414428711,20.089656829833984,20.218860626220703,0.3722224235534668,0.6682460308074951,0.3943372964859009,0.03499773144721985,2.788853168487549,0.43521058559417725,4.354126930236816,4.028245449066162,-0.5222581624984741,3.518449068069458,-3.0805511474609375,-3.3039352893829346,0.5886315107345581,0.30623722076416016,-2.1817562580108643,0.050539739429950714,0.1060430258512497,-0.5524975061416626,-0.31725847721099854,0.2769920825958252,2.900918960571289,3.0178253650665283,4.373116970062256,3.7520065307617188
380,2.515709400177002,-0.19812731444835663,-8.893343925476074,-0.5645391941070557,1.0003695487976074,-0.2503095865249634,-2.297985076904297,-1.6486855745315552,10.10254955291748,10.990206718444824,19.893354415893555,16.316383361816406,0.9335099458694458,1.0760618448257446,0.7336469292640686,0.46085047721862793,2.249879837036133,-0.24962325394153595,4.0507493019104,3.451784610748291,-0.03244724124670029,4.413841247558594,-2.8162918090820312,-2.7481577396392822,0.3820922374725342,-0.2753801643848419,-1.6000300645828247,-0.2667396664619446,0.44083139300346375,0.32351797819137573,-0.5244467854499817,-0.6997806429862976,1.7355443239212036,3.0391106605529785,4.414024829864502,2.6676268577575684
381,1.6009799242019653,-0.4142224192619324,-9.303937911987305,-0.9725870490074158,0.9444460272789001,0.43718692660331726,-2.5801186561584473,-0.7438108325004578,9.678586959838867,10.328252792358398,19.745498657226562,15.39340591430664,1.1175596714019775,1.206080436706543,0.8850886225700378,0.5542564392089844,2.0434656143188477,-0.4899515211582184,3.7406017780303955,2.991752862930298,0.026670224964618683,4.510681629180908,-2.5185282230377197,-2.1797866821289062,0.2112547755241394,-0.10748390853404999,-1.9639214277267456,-0.24434226751327515,0.19335392117500305,0.17751365900039673,-0.4921407699584961,-0.02855147421360016,2.0247514247894287,2.9808528423309326,4.454905986785889,2.9935173988342285
382,1.145147442817688,-0.13096246123313904,-9.875947952270508,-1.2726140022277832,0.7838994264602661,0.8018471598625183,-2.5653533935546875,-0.04204374924302101,9.576749801635742,10.192022323608398,19.73008155822754,14.809038162231445,1.2203171253204346,1.3347258567810059,0.9534075856208801,0.7407517433166504,1.904636263847351,-0.7519160509109497,3.445659637451172,2.444828510284424,-0.018003370612859726,4.701313018798828,-2.2240822315216064,-1.6559195518493652,0.17622110247612,0.011351032182574272,-2.119885206222534,-0.2891762852668762,0.1442774534225464,0.20531976222991943,-0.4588378667831421,0.07623086869716644,2.0247011184692383,2.9523746967315674,4.59504508972168,2.996922016143799
383,0.9323537349700928,0.06367681175470352,-10.267228126525879,-1.5014411211013794,0.6879684925079346,1.131664752960205,-2.442830801010132,0.482622355222702,9.49532699584961,10.010330200195312,19.686372756958008,14.417030334472656,1.0871888399124146,1.597981572151184,0.6258862018585205,0.3384960889816284,1.7430365085601807,1.6981334686279297,3.000392436981201,2.1971383094787598,-0.0002348156995140016,-0.4017409682273865,-1.889427900314331,-1.5702087879180908,0.16541120409965515,0.039000317454338074,-2.1826014518737793,-0.3223501145839691,0.13271664083003998,0.2631019055843353,-0.42757511138916016,0.18028341233730316,1.9955241680145264,2.9345972537994385,4.677743434906006,3.012807607650757
384,1.1780177354812622,0.5560335516929626,-9.647867202758789,-2.1355483531951904,0.5992321968078613,0.8109848499298096,-1.3575973510742188,0.9669488668441772,9.134261131286621,12.703399658203125,19.624591827392578,14.008790016174316,1.0998475551605225,1.2652355432510376,0.41759780049324036,0.2971351742744446,1.6090145111083984,1.2273998260498047,2.58573317527771,1.660178303718567,-0.0002262112102471292,-0.09342587739229202,-1.5387810468673706,-1.264051914215088,0.27814459800720215,0.18695028126239777,-1.9242819547653198,-0.5105481147766113,0.11411872506141663,0.13932064175605774,-0.11928292363882065,0.2779815196990967,1.8730491399765015,2.6602187156677246,4.7874274253845215,2.8636152744293213
385,1.5637338161468506,0.8802905082702637,-9.27625560760498,-2.4542975425720215,0.4073385000228882,1.5020369291305542,-0.9455772638320923,1.912818193435669,9.010939598083496,12.524126052856445,19.442394256591797,14.188526153564453,1.1662317514419556,1.030439853668213,0.21910837292671204,0.11823360621929169,1.4733678102493286,0.9599621295928955,2.258803129196167,1.3419822454452515,-0.00022212410112842917,0.0071576498448848724,-1.2888147830963135,-1.1066702604293823,0.37887680530548096,0.22819025814533234,-1.8844830989837646,-0.5307737588882446,0.05864186957478523,0.408391535282135,-0.1256828010082245,0.5380865335464478,1.879959225654602,2.778993844985962,4.81728458404541,3.0999960899353027
386,1.713173508644104,1.2294716835021973,-8.627492904663086,-2.556389808654785,0.4727807939052582,1.8982360363006592,-0.43047142028808594,2.5672850608825684,9.23820972442627,12.548583984375,19.177927017211914,14.257977485656738,1.2800065279006958,0.8370937705039978,0.05384146049618721,-0.1733609139919281,1.378406047821045,0.762610912322998,1.9711201190948486,1.1299728155136108,-0.0002303241053596139,0.02806207537651062,-1.0670936107635498,-0.8992429971694946,0.37848612666130066,0.30224475264549255,-1.7063567638397217,-0.5269518494606018,0.10834483802318573,0.44613975286483765,-0.017371051013469696,0.6295021772384644,1.988679051399231,2.8172943592071533,4.74724817276001,3.1114306449890137
387,1.6993224620819092,1.452744722366333,-7.9821391105651855,-2.459501266479492,0.5199564099311829,2.1352908611297607,0.03745383024215698,3.0421109199523926,9.642248153686523,12.666655540466309,18.875722885131836,14.28520679473877,1.4534127712249756,0.7324591279029846,-0.042640283703804016,-0.10088253766298294,1.305950403213501,0.6111838221549988,1.7007803916931152,0.6799106597900391,-0.0002400808734819293,-0.0023485003039240837,-0.8610225915908813,-0.6594843864440918,0.3546399176120758,0.3288959860801697,-1.5698274374008179,-0.4867978096008301,0.11537803709506989,0.4703938364982605,0.06675360351800919,0.7004512548446655,2.114236831665039,2.8627281188964844,4.68103551864624,3.1587600708007812
388,1.6400150060653687,1.5528379678726196,-7.348861217498779,-2.4160194396972656,0.5214095711708069,2.2425310611724854,0.41702789068222046,3.526599645614624,10.098753929138184,12.812515258789062,18.55729103088379,14.314245223999023,1.6246106624603271,0.6518402099609375,-0.1206694096326828,-0.17585161328315735,1.2589632272720337,0.43064430356025696,1.472062349319458,0.4675649404525757,-0.00025389983784407377,0.14673997461795807,-0.6932409405708313,-0.5702308416366577,0.33835139870643616,0.33183252811431885,-1.4335739612579346,-0.479875385761261,0.10905088484287262,0.4724820852279663,0.14203375577926636,0.788581907749176,2.235123634338379,2.8979218006134033,4.6110615730285645,3.221405029296875
389,1.5372202396392822,1.6007697582244873,-6.7853875160217285,-2.32126784324646,0.4913789629936218,2.236422538757324,0.7329038977622986,3.870933771133423,10.594590187072754,12.870854377746582,18.257369995117188,14.428266525268555,1.7907075881958008,0.5818867683410645,-0.18240202963352203,-0.3623424172401428,1.222637414932251,0.33024728298187256,1.2703454494476318,0.33541733026504517,-0.0002654006239026785,0.07522623986005783,-0.5546119213104248,-0.39261746406555176,0.31233713030815125,0.3337518572807312,-1.3235749006271362,-0.45651400089263916,0.09828275442123413,0.4524860978126526,0.19804677367210388,0.8383708000183105,2.366621255874634,2.9478094577789307,4.538960933685303,3.2714147567749023
390,1.39156973361969,1.6261082887649536,-6.273324012756348,-2.1960957050323486,0.46487849950790405,2.173466444015503,1.026967167854309,4.080346584320068,11.03815746307373,13.07022762298584,17.982946395874023,14.4408540725708,1.9798277616500854,0.5074769854545593,-0.19555364549160004,-0.21888922154903412,1.1853845119476318,0.15392480790615082,1.0658416748046875,-0.07378951460123062,-0.00027426372980698943,0.036357730627059937,-0.4138745963573456,-0.16590233147144318,0.27686116099357605,0.335127592086792,-1.2223296165466309,-0.4308328926563263,0.0931553840637207,0.4312138557434082,0.2549106776714325,0.86066734790802,2.4720046520233154,2.992391347885132,4.471863269805908,3.3059604167938232
391,1.2538762092590332,1.6639951467514038,-5.809560775756836,-2.2110507488250732,0.38421371579170227,2.1361451148986816,1.2797415256500244,4.41024923324585,11.411724090576172,13.243488311767578,17.717391967773438,14.431307792663574,1.7637629508972168,0.4632740318775177,-0.21432377398014069,-0.23256441950798035,1.031059741973877,0.017224758863449097,0.9020126461982727,-0.21223288774490356,0.0046498943120241165,0.09584788978099823,-0.3036997318267822,-0.12185423821210861,0.25034287571907043,0.3436998128890991,-1.128858208656311,-0.44738155603408813,0.06871841847896576,0.4238432049751282,0.2996831238269806,0.9281924366950989,2.5579605102539062,3.0348548889160156,4.412949085235596,3.3566863536834717
392,1.3482811450958252,1.6871535778045654,-5.511299133300781,-2.349674940109253,0.3882373571395874,1.9986838102340698,1.4035987854003906,4.622574806213379,11.711836814880371,13.316886901855469,17.530481338500977,14.43730354309082,1.4429634809494019,0.463035523891449,-0.22368335723876953,-0.2295297533273697,0.8041179180145264,-0.017486434429883957,0.754601001739502,-0.4145779013633728,0.0014302972704172134,-0.019603192806243896,-0.20997530221939087,0.04944637417793274,0.29884910583496094,0.3461291193962097,-1.0897165536880493,-0.49417024850845337,0.08068190515041351,0.3811594545841217,0.3058549165725708,0.9564631581306458,2.6263623237609863,3.0615575313568115,4.388221740722656,3.3446807861328125
393,1.5550599098205566,1.6523377895355225,-5.287278175354004,-2.5310869216918945,0.4656268060207367,1.8407208919525146,1.4547699689865112,4.8740105628967285,11.937565803527832,13.462776184082031,17.387487411499023,14.293171882629395,1.0588572025299072,0.41182851791381836,-0.2387874573469162,-0.3598598837852478,0.48951256275177,-0.15420784056186676,0.6300228834152222,-0.3927094340324402,0.015088839456439018,0.05305894836783409,-0.13590015470981598,0.05736550688743591,0.3541622459888458,0.331462562084198,-1.0527722835540771,-0.5367708206176758,0.10588596761226654,0.3472038507461548,0.30489179491996765,1.0056395530700684,2.672663688659668,3.0732510089874268,4.369869709014893,3.3252477645874023
394,1.806235671043396,1.6364902257919312,-5.177257537841797,-2.7004215717315674,0.6027127504348755,1.7113703489303589,1.405709981918335,5.07640266418457,12.16009521484375,13.474569320678711,17.28484535217285,14.211623191833496,0.7811571955680847,0.4146319329738617,-0.2224646955728531,-0.1802479475736618,0.13911211490631104,-0.24732349812984467,0.49925899505615234,-0.8126389980316162,0.01636873185634613,0.04090204834938049,-0.06159783899784088,0.35644203424453735,0.40726539492607117,0.329850435256958,-1.0462498664855957,-0.5737945437431335,0.1404796987771988,0.3227686583995819,0.2799607813358307,1.046248435974121,2.7371559143066406,3.0897507667541504,4.359746932983398,3.289677143096924
395,2.048912763595581,1.564579963684082,-5.026723384857178,-2.927535057067871,0.760919451713562,1.57456636428833,1.3540929555892944,5.458916187286377,12.329413414001465,13.504002571105957,17.169910430908203,13.941227912902832,0.843818724155426,0.41548195481300354,-0.21962714195251465,-0.17328783869743347,0.08816661685705185,-0.3255562484264374,0.37856677174568176,-0.9124322533607483,-0.013624466955661774,0.013103855773806572,-0.00037063658237457275,0.35449740290641785,0.45295247435569763,0.3080258369445801,-1.0073773860931396,-0.6208978295326233,0.1732056587934494,0.293940931558609,0.26783183217048645,1.1246519088745117,2.7731165885925293,3.088268756866455,4.334434986114502,3.2746808528900146
396,1.9909940958023071,1.5907825231552124,-4.771578788757324,-3.0332939624786377,0.6568295359611511,1.3295214176177979,1.3282642364501953,5.713911533355713,12.554712295532227,13.593573570251465,17.016698837280273,13.926583290100098,1.0672670602798462,1.0304899215698242,0.002779141068458557,0.052414312958717346,0.08549870550632477,1.113903522491455,0.3918207883834839,-1.061437964439392,0.03501082584261894,-2.6046721935272217,0.028218969702720642,0.6512888669967651,0.4033264219760895,0.3266832232475281,-0.9393054246902466,-0.6279733777046204,0.11768396198749542,0.23038488626480103,0.26508399844169617,1.163050889968872,2.837839365005493,3.119518280029297,4.27802038192749,3.2785086631774902
397,1.708747386932373,1.0528838634490967,-4.709235191345215,-3.2349555492401123,0.1980629861354828,0.718906581401825,1.2269223928451538,5.7174272537231445,12.376680374145508,15.147074699401855,17.05191993713379,13.535993576049805,1.3557647466659546,1.2738651037216187,0.31582170724868774,0.3793448209762573,0.19496439397335052,0.728990912437439,0.48295730352401733,-1.1145836114883423,-0.01818757876753807,-1.7758458852767944,0.032825127243995667,0.868706226348877,0.3178819715976715,0.14837874472141266,-0.9410918951034546,-0.6742506623268127,-0.02162564918398857,0.07347773760557175,0.23520654439926147,1.1223081350326538,2.7307021617889404,3.008510112762451,4.348203182220459,3.1851248741149902
398,1.4651427268981934,0.3149222135543823,-5.3665690422058105,-3.375559091567993,-0.246738001704216,0.7392284274101257,0.6024905443191528,5.678726673126221,12.304265975952148,14.512035369873047,17.241092681884766,13.346152305603027,1.5471667051315308,1.5252145528793335,0.5560471415519714,0.46997255086898804,0.31927478313446045,0.41117554903030396,0.6193698048591614,-1.0063146352767944,-0.04958502575755119,-0.9351485967636108,0.002323940396308899,1.131045937538147,0.27552297711372375,-0.03574870526790619,-1.1657747030258179,-0.6854227185249329,-0.10821942985057831,0.15304166078567505,0.0383586660027504,1.1091002225875854,2.7096197605133057,3.010166883468628,4.470912456512451,3.2029504776000977
399,1.224616527557373,0.06332306563854218,-6.035360336303711,-3.372466802597046,-0.5921130776405334,0.4233398139476776,-0.020153870806097984,5.449497222900391,12.186716079711914,13.863449096679688,17.410594940185547,12.955080032348633,1.6543868780136108,1.5644865036010742,0.7063410878181458,0.7856460213661194,0.3922022879123688,0.21938158571720123,0.6775955557823181,-1.2209011316299438,-0.07220916450023651,-0.4719979763031006,0.022962167859077454,1.3909679651260376,0.22593197226524353,-0.02161102183163166,-1.299301028251648,-0.666839063167572,-0.16267769038677216,0.04205857962369919,-0.08823489397764206,1.0444669723510742,2.666701078414917,2.982728958129883,4.519911289215088,3.098923444747925
400,1.164764642715454,0.2081117480993271,-6.590239524841309,-3.590378522872925,-0.8330344557762146,0.0924445390701294,-0.45194998383522034,5.438414096832275,12.039448738098145,13.442728996276855,17.50136375427246,12.516706466674805,1.6889066696166992,1.6005609035491943,0.7654567360877991,0.8482713103294373,0.4328245520591736,0.029793323948979378,0.7061038017272949,-1.1763745546340942,-0.08027680218219757,-0.0025378167629241943,0.064419224858284,1.423039436340332,0.23891133069992065,0.06428416073322296,-1.3959059715270996,-0.7294002175331116,-0.19610048830509186,-0.02618623524904251,-0.14474603533744812,1.0564892292022705,2.6190500259399414,2.9449658393859863,4.558722019195557,3.004181146621704
401,1.1403545141220093,0.42399752140045166,-7.0015082359313965,-3.7453107833862305,-1.0200321674346924,-0.21471916139125824,-0.79579097032547,5.4220499992370605,11.920392990112305,13.038335800170898,17.535490036010742,12.221883773803711,1.6761159896850586,1.6874573230743408,0.7782227396965027,0.7165743708610535,0.4980924129486084,-0.19406205415725708,0.7221813797950745,-1.0972330570220947,-0.11787563562393188,0.5669575929641724,0.11157120764255524,1.593183159828186,0.23858484625816345,0.12002642452716827,-1.462884783744812,-0.7540826201438904,-0.22572161257266998,-0.08392763882875443,-0.20037156343460083,1.0601356029510498,2.592590808868408,2.9198641777038574,4.579288959503174,2.915999412536621
402,1.129414677619934,0.5499225854873657,-7.279353141784668,-3.7628588676452637,-1.1661207675933838,-0.4619399309158325,-1.065658450126648,5.397670745849609,11.832403182983398,12.602151870727539,17.524354934692383,11.86196231842041,1.61665940284729,1.5430469512939453,0.732514500617981,0.8607043027877808,0.48786354064941406,-0.1999676674604416,0.6558722853660583,-1.3359880447387695,-0.12588390707969666,0.49951475858688354,0.20331962406635284,1.7538676261901855,0.23778843879699707,0.1345231682062149,-1.5042566061019897,-0.7456262111663818,-0.24853436648845673,-0.12640872597694397,-0.24344050884246826,1.0576956272125244,2.5658340454101562,2.9058308601379395,4.580927848815918,2.843737840652466
403,1.2491973638534546,0.8815342783927917,-7.37631893157959,-4.030895233154297,-1.1613459587097168,-0.6559044718742371,-1.0752341747283936,5.606075286865234,11.75214958190918,12.53323745727539,17.483247756958008,11.513056755065918,1.47184157371521,1.4637010097503662,0.565786600112915,0.70567387342453,0.41486144065856934,-0.29991912841796875,0.5369020700454712,-1.3418937921524048,-0.10983669757843018,0.6479099988937378,0.31076478958129883,1.675748348236084,0.28089848160743713,0.2322334200143814,-1.5035096406936646,-0.8245882391929626,-0.22816835343837738,-0.15816500782966614,-0.21215355396270752,1.1153748035430908,2.547891855239868,2.863943576812744,4.602165222167969,2.7683932781219482
404,1.4512189626693726,1.205185890197754,-7.262899875640869,-4.18638801574707,-1.0607812404632568,-0.7537887096405029,-0.915023922920227,5.810923099517822,11.771543502807617,12.378751754760742,17.38274383544922,11.380082130432129,1.2597324848175049,1.2373979091644287,0.33222922682762146,0.3230917453765869,0.3604913055896759,-0.09024515748023987,0.3781972825527191,-1.3147200345993042,-0.1367114931344986,0.08195957541465759,0.4252452850341797,1.7166088819503784,0.33315348625183105,0.29877519607543945,-1.461510419845581,-0.8501365780830383,-0.196524515748024,-0.16582167148590088,-0.15941661596298218,1.1616896390914917,2.575482130050659,2.8567147254943848,4.585303783416748,2.72648024559021
405,1.6723484992980957,1.6076250076293945,-6.953153133392334,-4.320919990539551,-0.9107704162597656,-0.830524206161499,-0.5441859364509583,5.978506088256836,11.87369155883789,12.679452896118164,17.254661560058594,11.179435729980469,1.1253137588500977,1.1169337034225464,0.15668442845344543,0.36801713705062866,0.2569423019886017,0.026513122022151947,0.19980928301811218,-1.6008129119873047,-0.11472909152507782,-0.3126686215400696,0.5574340224266052,1.7753115892410278,0.37917521595954895,0.3908424973487854,-1.3802516460418701,-0.8901031613349915,-0.16054503619670868,-0.17623978853225708,-0.059282444417476654,1.1926690340042114,2.6086466312408447,2.839890956878662,4.565822124481201,2.675262451171875
406,1.8764342069625854,1.8479647636413574,-6.557270526885986,-4.534584999084473,-0.7711102366447449,-0.8326312899589539,-0.22730521857738495,6.355810165405273,11.97673225402832,12.89886474609375,17.078828811645508,11.088117599487305,1.0367414951324463,1.0290157794952393,-0.0016423044726252556,0.23159478604793549,0.17306829988956451,0.10357961058616638,0.01958712935447693,-1.6293270587921143,-0.09014946222305298,-0.5967931151390076,0.6453439593315125,1.699474811553955,0.4181504547595978,0.4172801375389099,-1.2888340950012207,-0.9354249835014343,-0.13489930331707,-0.16629928350448608,-0.0036109909415245056,1.2784714698791504,2.6449716091156006,2.8369059562683105,4.527856349945068,2.6824123859405518
407,1.920127272605896,1.9422550201416016,-6.172280311584473,-4.59113073348999,-0.7325095534324646,-0.8538557887077332,-0.0523352324962616,6.571188926696777,12.066462516784668,13.073305130004883,16.93052864074707,11.083852767944336,0.990760862827301,1.1147711277008057,-0.03739244490861893,-0.004745379090309143,0.17426742613315582,0.08963145315647125,0.09534839540719986,-1.5853413343429565,-0.11286381632089615,-0.4896884262561798,0.5929818153381348,1.8213979005813599,0.4039575755596161,0.4155232310295105,-1.2140648365020752,-0.9334666132926941,-0.14087165892124176,-0.17280054092407227,0.012673802673816681,1.3058669567108154,2.6710526943206787,2.8401849269866943,4.491153240203857,2.6685824394226074
408,1.8933924436569214,1.7605559825897217,-5.903085708618164,-4.457268238067627,-0.8310251235961914,-0.9470217823982239,-0.06618881225585938,6.650441646575928,12.169842720031738,13.037013053894043,16.87602424621582,10.979562759399414,1.0027239322662354,1.2110307216644287,-0.08638086169958115,0.1910771280527115,0.14659176766872406,0.00645805150270462,-0.12241703271865845,-1.860796570777893,-0.11242223531007767,-0.3366312086582184,0.7755695581436157,1.9669878482818604,0.3883437216281891,0.3418900966644287,-1.1707558631896973,-0.8889648914337158,-0.17838986217975616,-0.20140287280082703,-0.015019826591014862,1.3074438571929932,2.692737102508545,2.8556456565856934,4.436903953552246,2.663221597671509
409,1.89443838596344,1.5311025381088257,-5.647353649139404,-4.464221954345703,-0.8671910762786865,-1.0218291282653809,-0.04368211328983307,6.890910625457764,12.217425346374512,12.928579330444336,16.635095596313477,10.877595901489258,0.9997548460960388,1.2561954259872437,-0.07067752629518509,0.15754136443138123,0.11454515159130096,-0.030049026012420654,-0.013114571571350098,-1.8454221487045288,-0.09809692203998566,-0.2541388273239136,0.7000194191932678,1.9095804691314697,0.3931103050708771,0.2883545160293579,-1.1205724477767944,-0.894952654838562,-0.17758165299892426,-0.21479135751724243,-0.005822859704494476,1.3574011325836182,2.6981441974639893,2.8445723056793213,4.4043965339660645,2.6621310710906982
410,1.882590889930725,1.3604258298873901,-5.461818218231201,-4.44684362411499,-0.9309794306755066,-1.1898187398910522,-0.06613609939813614,6.943228721618652,12.265253067016602,12.86513900756836,16.612668991088867,10.836256980895996,0.969923198223114,1.2731224298477173,-0.16163307428359985,-0.04355381056666374,0.13071857392787933,-0.05732721835374832,-0.21326637268066406,-1.7849758863449097,-0.13164934515953064,-0.2121090590953827,0.8590786457061768,2.0340843200683594,0.3886766731739044,0.26078730821609497,-1.088811993598938,-0.8937063217163086,-0.19419531524181366,-0.2610560655593872,-0.016206972301006317,1.3514719009399414,2.715128183364868,2.8414828777313232,4.363971710205078,2.627246379852295
411,1.8407204151153564,1.1932249069213867,-5.284786701202393,-4.351675033569336,-0.9921165704727173,-1.304311990737915,-0.033808641135692596,6.952127456665039,12.330580711364746,12.815033912658691,16.41427993774414,10.677008628845215,0.9774370789527893,1.3046625852584839,-0.11208949983119965,0.1502363234758377,0.10552685707807541,-0.0911179929971695,-0.11573639512062073,-2.038386583328247,-0.12531830370426178,-0.17674240469932556,0.7976468801498413,2.1599831581115723,0.37516212463378906,0.22619213163852692,-1.0586997270584106,-0.8727288842201233,-0.2057468444108963,-0.2771199345588684,-0.002527974545955658,1.3514121770858765,2.725268602371216,2.8326234817504883,4.343738555908203,2.599942922592163
412,1.885823130607605,1.0593003034591675,-5.1565680503845215,-4.431931972503662,-1.0196986198425293,-1.4541386365890503,-0.009972219355404377,7.121179580688477,12.36698055267334,12.756256103515625,16.389286041259766,10.555801391601562,0.9652979373931885,1.300242304801941,-0.19830980896949768,0.1102253645658493,0.0678589791059494,-0.09583356231451035,-0.3328132629394531,-2.020946741104126,-0.11049019545316696,-0.200090229511261,0.9691977500915527,2.0989179611206055,0.3970460593700409,0.20310164988040924,-1.0331642627716064,-0.8997415900230408,-0.20713581144809723,-0.3124038279056549,0.0012030825018882751,1.3870248794555664,2.735442638397217,2.820044755935669,4.305124759674072,2.59348201751709
413,1.8531510829925537,0.9644017219543457,-4.998132228851318,-4.44607400894165,-1.0443542003631592,-1.5889883041381836,0.04434778168797493,7.1759185791015625,12.397758483886719,12.716444969177246,16.183948516845703,10.500137329101562,0.8640334606170654,1.2862104177474976,-0.18751978874206543,-0.09452587366104126,0.3640238642692566,-0.10183446854352951,-0.18166406452655792,-1.913050889968872,-0.6729066967964172,-0.15870609879493713,0.8789739608764648,2.1865475177764893,0.37912121415138245,0.18844230473041534,-1.0018855333328247,-0.8994495272636414,-0.21199381351470947,-0.3374593257904053,0.01595575362443924,1.3914878368377686,2.746317148208618,2.8015623092651367,4.284043788909912,2.55733585357666
414,1.8908202648162842,0.840031623840332,-4.884085178375244,-4.3474626541137695,-1.1907784938812256,-1.8151488304138184,-0.014305099844932556,7.152166843414307,12.754868507385254,12.65211296081543,16.191545486450195,10.352866172790527,0.8208971619606018,1.28752601146698,-0.3037916421890259,0.045933231711387634,0.3949931561946869,-0.22809399664402008,-0.36563679575920105,-2.100140333175659,-0.6766150593757629,0.14090347290039062,1.0561468601226807,2.2712807655334473,0.39455121755599976,0.1581772118806839,-0.9814167022705078,-0.8729748129844666,-0.2534946799278259,-0.3954925537109375,-0.010645709931850433,1.3836292028427124,2.744180679321289,2.79388427734375,4.251486301422119,2.5278594493865967
415,1.9487285614013672,0.5777629613876343,-4.595554351806641,-4.1786580085754395,-1.2534540891647339,-1.9776203632354736,-0.12044559419155121,7.335944652557373,12.711570739746094,12.364158630371094,15.942015647888184,10.260618209838867,0.7290735244750977,1.2336816787719727,-0.33879753947257996,-0.06784498691558838,0.32148537039756775,-0.4234777092933655,-0.18930567800998688,-1.9830390214920044,-0.5093372464179993,0.5717337727546692,0.9753751754760742,2.1215450763702393,0.40925946831703186,0.08419878780841827,-0.9031295776367188,-0.8174191117286682,-0.25578513741493225,-0.42253345251083374,-0.038724176585674286,1.4319100379943848,2.7218663692474365,2.753995895385742,4.1989827156066895,2.5254077911376953
416,2.0627682209014893,0.37445154786109924,-4.256855010986328,-3.9749557971954346,-1.3422504663467407,-2.224910020828247,-0.23625947535037994,7.262171268463135,12.59166145324707,12.000261306762695,15.83015251159668,10.246940612792969,0.6038974523544312,0.9962202906608582,-0.5437411665916443,-0.3510860502719879,0.34857526421546936,-0.4342685341835022,-0.38154181838035583,-1.8336856365203857,-0.48124420642852783,0.43122124671936035,1.1376714706420898,2.145773410797119,0.43881258368492126,0.04967595636844635,-0.8244709968566895,-0.7787211537361145,-0.27805009484291077,-0.4882725775241852,-0.062998466193676,1.396461009979248,2.7221648693084717,2.726881980895996,4.101083278656006,2.485025405883789
417,2.1139557361602783,0.33845674991607666,-3.839114189147949,-3.797269105911255,-1.4386414289474487,-2.4140055179595947,-0.16785256564617157,7.116235733032227,12.559536933898926,11.9710111618042,15.539461135864258,10.127874374389648,0.5391115546226501,0.8710942268371582,-0.5321704149246216,-0.23367883265018463,0.318662166595459,-0.2732752859592438,-0.25972238183021545,-2.0169219970703125,-0.4120192527770996,0.027101576328277588,1.09979248046875,2.1943283081054688,0.4384836256504059,0.06462414562702179,-0.7351422309875488,-0.755954921245575,-0.2973780035972595,-0.5176427364349365,-0.02496878057718277,1.3645174503326416,2.7185962200164795,2.691019058227539,4.0423264503479,2.453289031982422
418,2.174173593521118,0.30480459332466125,-3.48807430267334,-3.7612967491149902,-1.5178066492080688,-2.5887935161590576,-0.15098442137241364,7.161200523376465,12.50057315826416,12.05859661102295,15.391264915466309,10.097235679626465,0.5018071532249451,0.8076159954071045,-0.6699030995368958,-0.29504823684692383,0.2223595231771469,-0.2675367593765259,-0.4610568583011627,-1.9538509845733643,-0.27116823196411133,0.0476381778717041,1.2625126838684082,2.1030452251434326,0.45169559121131897,0.05796016752719879,-0.6667560935020447,-0.757796585559845,-0.3114676773548126,-0.5467107892036438,-0.02809884399175644,1.3812503814697266,2.7137959003448486,2.6404871940612793,3.9633662700653076,2.4721639156341553
419,2.1077115535736084,0.1460305005311966,-3.1188502311706543,-3.6387531757354736,-1.5730724334716797,-2.7055840492248535,-0.1614266335964203,7.121671199798584,12.406987190246582,11.892648696899414,15.097600936889648,10.13009262084961,0.49040260910987854,0.7278863787651062,-0.6008774042129517,-0.4550870656967163,0.223197340965271,-0.3277716338634491,-0.31267988681793213,-1.8414733409881592,-0.18775013089179993,0.19552618265151978,1.2051373720169067,2.1819636821746826,0.4204230010509491,0.008167101070284843,-0.5929599404335022,-0.7251953482627869,-0.32075515389442444,-0.5643102526664734,-0.03434004634618759,1.3720135688781738,2.7133429050445557,2.599989175796509,3.9028241634368896,2.4637203216552734
420,2.053335428237915,-0.02241234853863716,-2.833674430847168,-3.4967706203460693,-1.6681902408599854,-2.8856537342071533,-0.16308806836605072,6.976264476776123,12.37825870513916,11.671647071838379,14.942034721374512,10.061635971069336,0.5145854353904724,0.7264128923416138,-0.6824266910552979,-0.27643150091171265,0.13383111357688904,-0.33026203513145447,-0.5571799278259277,-2.104320764541626,-0.12379314005374908,0.13836342096328735,1.3736481666564941,2.3371148109436035,0.4110330045223236,-0.027302252128720284,-0.540860652923584,-0.6986135840415955,-0.34438052773475647,-0.6119289398193359,-0.033075518906116486,1.3344178199768066,2.7247707843780518,2.567580223083496,3.8136038780212402,2.455693006515503
421,1.997979998588562,-0.22192971408367157,-2.565100908279419,-3.505614757537842,-1.6194208860397339,-2.9634549617767334,0.013151698745787144,7.04712438583374,12.366182327270508,11.533061027526855,14.666604995727539,10.004363059997559,0.5486539602279663,0.7730780243873596,-0.5493717789649963,-0.2494455873966217,0.1474708765745163,-0.2907475233078003,-0.47697585821151733,-2.077296018600464,-0.1130724847316742,0.004197359085083008,1.3962796926498413,2.2779126167297363,0.40022918581962585,-0.06932060420513153,-0.49112915992736816,-0.7113583087921143,-0.3171095550060272,-0.6132438778877258,0.026277832686901093,1.3553677797317505,2.733057737350464,2.514894723892212,3.7735214233398438,2.475083827972412
422,1.912471055984497,-0.4013795554637909,-2.3930764198303223,-3.4977753162384033,-1.6779412031173706,-3.099329710006714,0.125876784324646,6.968862056732178,12.414241790771484,11.41632080078125,14.477396011352539,10.039937019348145,0.5805887579917908,0.7999471426010132,-0.6342068910598755,-0.35247522592544556,0.08990442752838135,-0.24949146807193756,-0.6745093464851379,-2.0344948768615723,-0.1055290549993515,-0.11546924710273743,1.4709895849227905,2.4204301834106445,0.37911534309387207,-0.1015654057264328,-0.4640767276287079,-0.7092556357383728,-0.34222331643104553,-0.6477457880973816,0.03958364576101303,1.3291007280349731,2.7531216144561768,2.46039080619812,3.7004683017730713,2.4702506065368652
423,1.7796144485473633,-0.597476065158844,-2.221467971801758,-3.4925074577331543,-1.637497901916504,-3.187788963317871,0.33917972445487976,6.87401008605957,12.477559089660645,11.300697326660156,14.310298919677734,9.93420124053955,0.6455628871917725,0.820249080657959,-0.4501039981842041,-0.12322910130023956,0.12197735905647278,-0.19161266088485718,-0.6054763197898865,-2.2837517261505127,-0.15278714895248413,-0.2301306128501892,1.5101399421691895,2.573355197906494,0.3457639515399933,-0.1418686956167221,-0.4326362609863281,-0.7131183743476868,-0.32207557559013367,-0.6584776043891907,0.09407267719507217,1.3099712133407593,2.774339199066162,2.415147542953491,3.674703359603882,2.4573419094085693
424,1.719146966934204,-0.720261812210083,-2.1876678466796875,-3.5749237537384033,-1.650600552558899,-3.3084042072296143,0.4630486071109772,6.959964275360107,12.567593574523926,11.170767784118652,14.151235580444336,9.88578987121582,0.6896117329597473,0.7382059097290039,-0.5259679555892944,-0.22347375750541687,0.0677892193198204,0.05222620069980621,-0.7897540926933289,-2.0984082221984863,-0.12110909074544907,-0.7186886072158813,1.5686089992523193,2.4915406703948975,0.3442743420600891,-0.15617458522319794,-0.4389938712120056,-0.7311970591545105,-0.3308420479297638,-0.6861081719398499,0.10709171742200851,1.332458257675171,2.789807081222534,2.364370346069336,3.6213624477386475,2.4810967445373535
425,1.4846512079238892,-0.6782095432281494,-2.1311187744140625,-3.6839420795440674,-1.6597671508789062,-3.4921133518218994,0.6139028668403625,6.8495025634765625,12.617609977722168,11.219902992248535,14.065118789672852,9.842036247253418,0.7792335748672485,0.8364024758338928,-0.3116031885147095,0.03270938992500305,0.08252385258674622,0.0036392956972122192,-0.6858370304107666,-2.4038448333740234,-0.10419226437807083,-0.6145626306533813,1.596107006072998,2.7755932807922363,0.2725493013858795,-0.1272018998861313,-0.4280693829059601,-0.7652408480644226,-0.33337870240211487,-0.7237415313720703,0.13892048597335815,1.304301381111145,2.810861349105835,2.3071653842926025,3.6275134086608887,2.429145336151123
426,1.390012502670288,-0.8650956749916077,-2.148324728012085,-3.7407431602478027,-1.6949186325073242,-3.5484304428100586,0.6012575030326843,6.989173889160156,12.605775833129883,11.023639678955078,13.934906959533691,9.709817886352539,0.8385439515113831,0.882874071598053,-0.3752201795578003,-0.063836008310318,0.011138767004013062,-0.07482046633958817,-0.8607730865478516,-2.2202703952789307,-0.025150060653686523,-0.5003209710121155,1.642664909362793,2.7061917781829834,0.2733639180660248,-0.1924130767583847,-0.4356396496295929,-0.7571776509284973,-0.3432319462299347,-0.7235201001167297,0.1162169799208641,1.3387482166290283,2.7973392009735107,2.2857487201690674,3.570091485977173,2.460340976715088
427,1.2285335063934326,-0.992202877998352,-2.172377586364746,-3.8011176586151123,-1.685925841331482,-3.63911771774292,0.7320370674133301,6.87401819229126,12.606367111206055,10.83080005645752,13.85689926147461,9.64162540435791,0.9032995700836182,0.9600927233695984,-0.16447296738624573,0.18964840471744537,0.11102453619241714,-0.02153458446264267,-0.7659767866134644,-2.53383469581604,-0.209554523229599,-0.6152421832084656,1.6640088558197021,2.9909908771514893,0.23117226362228394,-0.20922033488750458,-0.44515326619148254,-0.7785515189170837,-0.33697235584259033,-0.7492789626121521,0.15890711545944214,1.3033771514892578,2.8209006786346436,2.254704236984253,3.5705368518829346,2.4016246795654297
428,1.2149631977081299,-1.066190481185913,-2.3263189792633057,-3.9647772312164307,-1.6997820138931274,-3.7933895587921143,0.8351952433586121,7.0128984451293945,12.756768226623535,10.715394973754883,13.797220230102539,9.464208602905273,0.9330204129219055,0.9930376410484314,-0.25367113947868347,0.06252942979335785,0.09046737849712372,-0.11853106319904327,-0.9477200508117676,-2.339360475540161,-0.18661236763000488,-0.44466423988342285,1.7145280838012695,2.9028124809265137,0.24925217032432556,-0.21603934466838837,-0.48814094066619873,-0.8134508728981018,-0.3403986990451813,-0.7861952185630798,0.17668145895004272,1.3375298976898193,2.8276491165161133,2.205341100692749,3.554232120513916,2.413153886795044
429,1.1181795597076416,-1.1657235622406006,-2.4136204719543457,-4.00584077835083,-1.7107501029968262,-3.8758132457733154,0.9701521992683411,6.94394063949585,12.783308029174805,10.530665397644043,13.743593215942383,9.388570785522461,0.9692203402519226,1.012650728225708,-0.09276118129491806,0.2772376537322998,0.05249068886041641,-0.04407726973295212,-0.8316982984542847,-2.61210298538208,-0.16168101131916046,-0.5880393981933594,1.7265275716781616,3.1362032890319824,0.2177984118461609,-0.2386045902967453,-0.5013915300369263,-0.8152642846107483,-0.3433460295200348,-0.7984926104545593,0.20504704117774963,1.3188326358795166,2.840266704559326,2.1946308612823486,3.555245876312256,2.3549110889434814
430,1.1467543840408325,-1.1820850372314453,-2.5451292991638184,-4.144832611083984,-1.6934003829956055,-4.052418231964111,1.0350518226623535,7.077845096588135,12.802094459533691,10.396073341369629,13.69802474975586,9.205355644226074,0.9523822069168091,1.0004838705062866,-0.21680013835430145,0.10225456207990646,0.09412620961666107,-0.15299081802368164,-1.0113977193832397,-2.4009499549865723,-0.2004416584968567,-0.38326337933540344,1.7770071029663086,3.0263283252716064,0.24132147431373596,-0.23092345893383026,-0.5286659598350525,-0.8449843525886536,-0.3366420865058899,-0.8428904414176941,0.21047577261924744,1.3475492000579834,2.8487493991851807,2.1273434162139893,3.5366265773773193,2.3516674041748047
431,1.0953863859176636,-1.2149423360824585,-2.615615129470825,-4.15994119644165,-1.752301573753357,-4.177663326263428,1.1602070331573486,7.008039951324463,12.856648445129395,10.185779571533203,13.64430046081543,9.116146087646484,0.9532661437988281,1.0023411512374878,-0.09133872389793396,0.29277801513671875,0.08424903452396393,-0.04424819350242615,-0.8845447897911072,-2.6506495475769043,-0.19038815796375275,-0.5881289839744568,1.7821391820907593,3.221733331680298,0.21923020482063293,-0.23967890441417694,-0.5401632189750671,-0.8432859778404236,-0.35757431387901306,-0.8682990670204163,0.2400757372379303,1.3294458389282227,2.856315851211548,2.1174654960632324,3.5357425212860107,2.2888643741607666
432,1.162278652191162,-1.2128276824951172,-2.7151687145233154,-4.260042190551758,-1.7729144096374512,-4.392421245574951,1.2260481119155884,7.142083168029785,12.886960983276367,10.01877498626709,13.603860855102539,8.945060729980469,0.9231722950935364,0.9851315021514893,-0.22738102078437805,0.0921698659658432,0.05669272318482399,-0.12495812773704529,-1.0675756931304932,-2.4352753162384033,-0.17152619361877441,-0.42698928713798523,1.8396633863449097,3.107445478439331,0.24950769543647766,-0.23466084897518158,-0.559155285358429,-0.8631278276443481,-0.3570956289768219,-0.9179238677024841,0.24757903814315796,1.3593101501464844,2.867882013320923,2.0292017459869385,3.5172178745269775,2.2850356101989746
433,1.1202129125595093,-1.2677170038223267,-2.7344913482666016,-4.224582672119141,-1.8157118558883667,-4.526075839996338,1.3618870973587036,7.0528130531311035,12.913540840148926,9.755839347839355,13.539346694946289,8.840516090393066,0.9091054201126099,0.9644919633865356,-0.12351760268211365,0.2699583172798157,0.09888270497322083,-0.02616947889328003,-0.9301192760467529,-2.674417495727539,-0.2129507064819336,-0.617048978805542,1.834397554397583,3.2833640575408936,0.22535264492034912,-0.2529253363609314,-0.5579164028167725,-0.8505253791809082,-0.36912772059440613,-0.9408312439918518,0.279937207698822,1.3345063924789429,2.879127025604248,1.998769760131836,3.5128464698791504,2.216935634613037
434,1.200990080833435,-1.2766460180282593,-2.813046932220459,-4.283199787139893,-1.887049674987793,-4.759171009063721,1.4262031316757202,7.189605236053467,12.985339164733887,9.476027488708496,13.50289249420166,8.685111045837402,0.8709816932678223,0.93922358751297,-0.2637656033039093,0.060505397617816925,0.10009747743606567,-0.10440285503864288,-1.1155922412872314,-2.461409091949463,-0.20819194614887238,-0.45882537961006165,1.8932554721832275,3.1726465225219727,0.25897178053855896,-0.24889646470546722,-0.5770541429519653,-0.8630552887916565,-0.38618379831314087,-0.9964439272880554,0.2861388623714447,1.3683847188949585,2.8932039737701416,1.8858680725097656,3.493483781814575,2.2177679538726807
435,1.1640223264694214,-1.3781640529632568,-2.7971115112304688,-4.203127384185791,-1.9773372411727905,-4.914450168609619,1.5852464437484741,7.084464073181152,13.032297134399414,9.077831268310547,13.437052726745605,8.570613861083984,0.8534541130065918,0.9136418104171753,-0.17124749720096588,0.2253750115633011,0.06977622956037521,-0.002173677086830139,-0.966724693775177,-2.684499740600586,-0.18996970355510712,-0.6467841267585754,1.882554531097412,3.329566717147827,0.23464518785476685,-0.28088676929473877,-0.5667253136634827,-0.841079592704773,-0.4071604609489441,-1.0246751308441162,0.32559019327163696,1.3375632762908936,2.9082541465759277,1.8180958032608032,3.489715576171875,2.1465201377868652
436,1.2531464099884033,-1.4357550144195557,-2.83898663520813,-4.220216751098633,-2.0416934490203857,-5.168295860290527,1.673603892326355,7.174112319946289,13.095734596252441,8.558269500732422,13.408616065979004,8.412393569946289,0.8078959584236145,0.8859753012657166,-0.3137679100036621,0.0153326615691185,0.13044805824756622,-0.08056160807609558,-1.1505361795425415,-2.4683640003204346,-0.2413288801908493,-0.48088011145591736,1.9374027252197266,3.2140347957611084,0.2703750431537628,-0.28664612770080566,-0.5784006714820862,-0.8460116982460022,-0.4173125624656677,-1.0841786861419678,0.3372737765312195,1.3590173721313477,2.9344613552093506,1.644326090812683,3.472994089126587,2.1413631439208984
437,1.2251518964767456,-1.5985957384109497,-2.7948782444000244,-4.102622032165527,-2.2065439224243164,-5.386884689331055,1.9022036790847778,7.020578384399414,13.208600997924805,7.848590850830078,13.354174613952637,8.282215118408203,0.7837059497833252,0.8541286587715149,-0.22527548670768738,0.17198653519153595,0.1340244859457016,0.02522922307252884,-0.9921029806137085,-2.67671799659729,-0.24069863557815552,-0.6764878034591675,1.9225627183914185,3.3544154167175293,0.247915118932724,-0.33238762617111206,-0.5634258985519409,-0.8164449334144592,-0.46222901344299316,-1.1327241659164429,0.3954508900642395,1.3181092739105225,2.9580724239349365,1.4982733726501465,3.4732935428619385,2.0659189224243164
438,1.3183785676956177,-1.735049843788147,-2.8171041011810303,-4.070761680603027,-2.3467559814453125,-5.717891693115234,2.086512327194214,7.042849063873291,13.327311515808105,6.844370365142822,13.344159126281738,8.115442276000977,0.7434210777282715,0.8286488056182861,-0.36331072449684143,-0.032813288271427155,0.11223573982715607,-0.059807658195495605,-1.18265962600708,-2.465026378631592,-0.22991874814033508,-0.4879553020000458,1.9837431907653809,3.2433223724365234,0.28369250893592834,-0.3560190498828888,-0.5723522305488586,-0.8104106783866882,-0.4875897467136383,-1.2102468013763428,0.43021970987319946,1.3247694969177246,2.999990463256836,1.2111905813217163,3.463958501815796,2.0547666549682617
439,1.2963844537734985,-2.054070472717285,-2.7278261184692383,-3.897156000137329,-2.5359549522399902,-6.020074367523193,2.4644315242767334,6.771576404571533,13.470044136047363,5.439435005187988,13.303924560546875,7.935807704925537,0.7154160737991333,0.7908475995063782,-0.2815895676612854,0.11197309195995331,0.18359503149986267,0.04850704222917557,-1.0136997699737549,-2.6549229621887207,-0.2952600121498108,-0.696543276309967,1.960939645767212,3.361388683319092,0.26286202669143677,-0.4426937401294708,-0.5443593263626099,-0.7675361633300781,-0.5329366326332092,-1.279648780822754,0.5232471227645874,1.2528265714645386,3.049647808074951,0.8980550765991211,3.471958875656128,1.9625756740570068
440,1.4090664386749268,-2.4283156394958496,-2.724646806716919,-3.7882745265960693,-2.8008382320404053,-6.484336853027344,2.8446590900421143,6.63515567779541,13.734617233276367,3.343041181564331,13.31895637512207,7.75192403793335,0.6715773344039917,0.7495633363723755,-0.42269906401634216,-0.08835771679878235,0.19788357615470886,-0.062385737895965576,-1.222219705581665,-2.453601598739624,-0.3052598536014557,-0.4634031355381012,2.030953884124756,3.250906229019165,0.30432021617889404,-0.5243421196937561,-0.5511510372161865,-0.7440439462661743,-0.5942275524139404,-1.3931066989898682,0.604468822479248,1.2249162197113037,3.128922939300537,0.36968696117401123,3.4697344303131104,1.9457933902740479
441,1.4872355461120605,-3.1998777389526367,-2.631465435028076,-3.528999090194702,-3.1705586910247803,-6.794676303863525,3.5134294033050537,6.089206218719482,14.016962051391602,0.22647330164909363,13.26572036743164,7.518731594085693,0.6030476093292236,0.6723126769065857,-0.38501057028770447,0.001381799578666687,0.15454870462417603,0.22309531271457672,-1.0678812265396118,-2.6104342937469482,-0.30901527404785156,-0.7113533020019531,2.016467571258545,3.304326295852661,0.3150799572467804,-0.7310624718666077,-0.5251055955886841,-0.6812971234321594,-0.6835481524467468,-1.4507970809936523,0.7652036547660828,1.0825164318084717,3.222928762435913,-0.35768961906433105,3.469092607498169,1.8373509645462036
442,1.8206875324249268,-4.215662956237793,-2.727154016494751,-3.285639762878418,-3.4107582569122314,-7.101737022399902,4.222559452056885,5.4924116134643555,14.478255271911621,-4.674753189086914,13.255626678466797,7.2424821853637695,0.2606738209724426,-0.23780320584774017,-0.8236798048019409,-0.4931716322898865,0.06875307857990265,0.41650283336639404,-1.533511996269226,-2.456871509552002,-0.37203866243362427,-6.019931316375732,2.173163652420044,2.9838931560516357,0.41757526993751526,-0.9718541502952576,-0.5677151679992676,-0.6269365549087524,-0.7166339755058289,-1.4899766445159912,0.9207171201705933,0.9465915560722351,3.4042394161224365,-1.7176148891448975,3.4568443298339844,1.7733147144317627
443,1.7541977167129517,-4.820350646972656,-2.4032068252563477,-2.6702423095703125,-3.9056077003479004,-4.033730506896973,5.2897539138793945,3.5806379318237305,14.875697135925293,-8.772229194641113,13.10798168182373,6.60648775100708,-0.09295693039894104,-0.9806613326072693,-1.0950779914855957,-0.7059289216995239,-0.09477395564317703,2.461359739303589,-1.5741904973983765,-2.44796085357666,-0.39438068866729736,-15.703123092651367,2.19732403755188,2.522040367126465,0.3427254855632782,-1.0888409614562988,-0.4567068815231323,-0.46838629245758057,-0.855791449546814,-0.3871670365333557,1.1568659543991089,0.4307994246482849,3.4948818683624268,-4.586012840270996,3.4418833255767822,1.4775880575180054
444,2.1157660484313965,-5.113129615783691,-1.9712741374969482,-2.4921669960021973,-3.4242351055145264,-1.598890781402588,6.533514022827148,2.3242976665496826,15.912166595458984,-3.977257013320923,13.20820426940918,6.515607833862305,-0.47196993231773376,-1.979083776473999,-1.4698325395584106,-1.140856146812439,0.7910208702087402,1.890702724456787,-1.8785791397094727,-2.2424285411834717,-2.24668288230896,-15.540712356567383,2.309332847595215,2.2651607990264893,0.46869519352912903,-1.135534405708313,-0.35311996936798096,-0.4904828667640686,-0.6291877627372742,0.0378149077296257,1.4421052932739258,0.2754194140434265,4.00743293762207,-8.206345558166504,3.523102283477783,1.4980696439743042
445,1.964457631111145,-1.7337406873703003,-1.8537838459014893,-2.906189441680908,-3.306218385696411,-4.31358003616333,6.877850532531738,3.3469924926757812,16.969972610473633,-4.3000898361206055,13.100601196289062,6.367770195007324,-0.5778340697288513,-2.257319688796997,-1.558487057685852,-1.1495041847229004,0.7195487022399902,0.8929627537727356,-1.5395146608352661,-2.204782724380493,-1.8626630306243896,-15.535439491271973,2.1627769470214844,2.066666841506958,0.36420366168022156,0.08613415062427521,-0.3777024745941162,-0.671148955821991,-0.619406521320343,-1.17999267578125,1.3674157857894897,0.7582225203514099,3.560793161392212,-5.627056121826172,3.4781293869018555,1.4426888227462769
446,1.5235557556152344,-2.2860536575317383,-0.48048779368400574,-1.7728643417358398,-4.6119818687438965,-3.3578147888183594,6.154103755950928,3.0268354415893555,15.754205703735352,-4.295479774475098,12.766740798950195,6.000341415405273,-0.7060464024543762,-2.554041624069214,-1.8396453857421875,-1.4638614654541016,0.7968753576278687,0.046804629266262054,-1.5916732549667358,-1.9490535259246826,-1.700881838798523,-15.55138874053955,2.181865930557251,1.9147838354110718,0.24061211943626404,-0.5792788863182068,0.09096376597881317,-0.2118050456047058,-1.091080665588379,-0.5483457446098328,1.1084831953048706,0.5269578099250793,3.1812655925750732,-5.267211437225342,3.2199859619140625,1.3052109479904175
447,0.8924751281738281,-2.4177207946777344,0.5914334058761597,-0.8213210105895996,-5.269509315490723,-2.537163257598877,5.472576141357422,2.7119944095611572,15.210348129272461,-4.187776565551758,12.407909393310547,5.583714008331299,-0.798755407333374,-2.791815996170044,-1.8052953481674194,-1.4894129037857056,0.5819409489631653,-0.6820672154426575,-1.2059661149978638,-1.8096990585327148,-1.1770620346069336,-15.572389602661133,2.1265435218811035,1.7256617546081543,0.09137050062417984,-0.5536577105522156,0.25359851121902466,-0.042002253234386444,-1.1320199966430664,-0.41064029932022095,0.9653010368347168,0.4745941758155823,3.1527011394500732,-4.91139030456543,3.123567819595337,1.1904748678207397
448,0.557184636592865,-2.5821280479431152,1.4680877923965454,0.04086848348379135,-5.734928131103516,-1.6529066562652588,4.418497085571289,2.5789101123809814,14.492293357849121,-4.021223068237305,12.02943229675293,5.31666374206543,-0.8022691011428833,-3.0045135021209717,-2.0570263862609863,-1.579899549484253,0.5745395421981812,-1.303429365158081,-1.2191542387008667,-1.6488635540008545,-0.7178446650505066,-15.605327606201172,2.015536069869995,1.6299830675125122,0.06466168910264969,-0.599683940410614,0.3882378339767456,0.12811976671218872,-1.2174204587936401,-0.22615444660186768,0.7288532257080078,0.4728643298149109,3.064955711364746,-4.519223213195801,2.9697282314300537,1.1376280784606934
449,0.09589867293834686,-2.608417272567749,2.124110698699951,0.7143897414207458,-6.191771507263184,-0.9872123003005981,3.746206521987915,2.585693120956421,13.948206901550293,-3.7899956703186035,11.783105850219727,5.115243911743164,-0.7952041625976562,-3.211130380630493,-1.8164231777191162,-1.5757232904434204,0.3267202377319336,-1.863458514213562,-0.9817700982093811,-1.4610050916671753,-0.301078200340271,-15.616994857788086,2.0884275436401367,1.5097215175628662,-0.04123552888631821,-0.5894752144813538,0.47973501682281494,0.22122520208358765,-1.3078553676605225,-0.11849338561296463,0.6375698447227478,0.49459946155548096,3.020594835281372,-4.069429874420166,2.888030767440796,1.0998730659484863
450,-0.13219904899597168,-2.289374589920044,2.234584331512451,1.0335761308670044,-6.214676380157471,-0.2695823609828949,2.9594178199768066,2.4538631439208984,13.524282455444336,-3.501781940460205,11.398563385009766,4.864410877227783,-0.7001972198486328,-3.363638162612915,-1.979318618774414,-1.5030839443206787,0.35298508405685425,-2.3485803604125977,-1.0645229816436768,-1.5681309700012207,-0.10553383827209473,-15.627226829528809,1.9419515132904053,1.6614444255828857,-0.057719551026821136,-0.46946007013320923,0.4386410415172577,0.2370859980583191,-1.2691841125488281,0.041796229779720306,0.4768925905227661,0.4546486735343933,2.994654417037964,-3.5318894386291504,2.778324842453003,1.0270862579345703
451,-0.4247209131717682,-1.9085619449615479,2.293309450149536,1.1514146327972412,-6.320878028869629,0.4204697012901306,2.560530185699463,2.5926783084869385,13.2665433883667,-3.1349923610687256,11.232970237731934,4.705891132354736,-0.6058224439620972,-3.4861276149749756,-1.6018171310424805,-1.3692753314971924,0.23077885806560516,-2.7137720584869385,-0.9865288734436035,-1.5792533159255981,-0.1057480126619339,-15.641056060791016,2.0921316146850586,1.6703375577926636,-0.12687137722969055,-0.3753165602684021,0.437541663646698,0.23479098081588745,-1.2945873737335205,0.16840070486068726,0.44354236125946045,0.5114043354988098,2.960444450378418,-2.9515814781188965,2.7158026695251465,1.0247975587844849
452,-0.6141486763954163,-1.166986107826233,1.8727947473526,0.9600011110305786,-6.05393123626709,1.2903540134429932,2.1881508827209473,2.567072868347168,13.198302268981934,-2.651010513305664,10.870833396911621,4.439763069152832,-0.46685951948165894,-3.5021135807037354,-1.6823283433914185,-1.234889030456543,0.38375842571258545,-2.8906798362731934,-1.1518384218215942,-1.607802391052246,-0.34660932421684265,-15.650959014892578,1.9528807401657104,1.7437567710876465,-0.1509949266910553,-0.15351426601409912,0.3062469959259033,0.15991812944412231,-1.1946903467178345,0.3431497812271118,0.37730276584625244,0.48618775606155396,2.9521644115448,-2.279484510421753,2.63150691986084,0.942625880241394
453,-1.0181537866592407,-0.4172532260417938,1.6090062856674194,0.6976935863494873,-5.907147407531738,1.9266694784164429,2.1910629272460938,2.6276707649230957,13.274001121520996,-2.0377323627471924,10.72006893157959,3.998779773712158,-0.36573660373687744,-3.447143316268921,-1.309449553489685,-1.097009301185608,0.3667837381362915,-2.8871524333953857,-1.1185939311981201,-1.7404402494430542,-0.5952187776565552,-15.669535636901855,2.0851950645446777,1.8326793909072876,-0.26143231987953186,0.0185824166983366,0.2711571753025055,0.10098416358232498,-1.166593074798584,0.42932242155075073,0.4220721125602722,0.5082347989082336,2.9265120029449463,-1.5355710983276367,2.568976879119873,0.8223375082015991
454,-1.307430624961853,0.6155828237533569,1.0377745628356934,0.43858954310417175,-5.546965599060059,2.5026779174804688,2.175485849380493,2.6257741451263428,13.366430282592773,-1.2545026540756226,10.34598445892334,3.377225160598755,-0.28291499614715576,-3.179065704345703,-1.4033349752426147,-1.0069003105163574,0.5833989381790161,-2.6824393272399902,-1.240012288093567,-1.642298698425293,-0.9202917218208313,-15.661258697509766,1.9340360164642334,1.7129473686218262,-0.3037000596523285,0.24729643762111664,0.12835697829723358,0.05169803649187088,-1.0669841766357422,0.5290544033050537,0.41891008615493774,0.4966650605201721,2.9097278118133545,-0.6779033541679382,2.4698550701141357,0.6592558026313782
455,-1.815497875213623,1.287078619003296,0.9217621088027954,0.4413678050041199,-5.414124011993408,2.6608598232269287,2.4496333599090576,2.422518491744995,13.461895942687988,-0.3169333040714264,10.047456741333008,2.383934736251831,-0.26894885301589966,-2.7794811725616455,-1.1616259813308716,-0.9764281511306763,0.5426875352859497,-2.3454437255859375,-1.0507638454437256,-1.5256801843643188,-0.9075342416763306,-15.638199806213379,1.9710464477539062,1.5230720043182373,-0.43568333983421326,0.3148688077926636,0.16102884709835052,0.08594769984483719,-1.057178020477295,0.5119079351425171,0.5065170526504517,0.43600738048553467,2.8702738285064697,0.28229695558547974,2.3435897827148438,0.3740358054637909
456,-1.9801418781280518,1.6427761316299438,0.778884768486023,0.6920425295829773,-5.240778923034668,2.6084935665130615,2.4988553524017334,2.0492472648620605,13.266366004943848,5.625369548797607,9.4385986328125,1.0371171236038208,-0.16970516741275787,-2.86399245262146,-1.2545303106307983,-0.9652814865112305,0.5931225419044495,-3.1865711212158203,-0.9709591865539551,-1.0890204906463623,-0.6680546402931213,-8.877668380737305,1.7117177248001099,0.609390914440155,-0.42277148365974426,0.3467116951942444,0.1325892060995102,0.16655832529067993,-1.023717999458313,0.48258036375045776,0.4929600954055786,0.3444538116455078,2.806605100631714,1.2768036127090454,2.1435201168060303,0.026577137410640717
457,-2.428853750228882,2.6861014366149902,-0.06690937280654907,0.9780388474464417,-4.306461334228516,3.573227643966675,1.760440468788147,1.5036818981170654,12.147387504577637,16.185829162597656,7.74072790145874,-1.0812046527862549,0.1337045282125473,-3.7207744121551514,-0.7881008982658386,-0.21886895596981049,0.24325497448444366,-5.440223693847656,-0.5066807270050049,0.2242470383644104,0.21579450368881226,10.081368446350098,1.5372016429901123,-2.388979196548462,-0.5503103733062744,0.6206373572349548,-0.12329377233982086,0.22668534517288208,-0.7270975708961487,0.7609758973121643,0.24676012992858887,0.22384338080883026,2.419670343399048,4.133831024169922,1.4715629816055298,-0.5013114809989929
458,-3.370180606842041,3.026214361190796,-1.4179959297180176,2.406022071838379,-3.0581674575805664,6.2464704513549805,-1.028433918952942,1.1067105531692505,11.634636878967285,7.206948280334473,4.078811168670654,-0.987378716468811,0.21047046780586243,-3.245354175567627,-0.7009541392326355,0.5428494811058044,0.6289622783660889,-4.464371681213379,-0.3253340423107147,1.4271467924118042,-0.37407949566841125,15.298209190368652,1.2181825637817383,-5.2994184494018555,-0.8003906011581421,0.573562502861023,-0.47770261764526367,0.6744564175605774,-0.44948333501815796,1.3701539039611816,-0.5789820551872253,0.17826752364635468,2.5855915546417236,4.157031536102295,0.344663143157959,-0.23387670516967773
459,-2.6850743293762207,1.915488600730896,-1.0084367990493774,2.328540086746216,-4.48485803604126,3.311397075653076,-2.2067482471466064,-0.08394251018762589,12.544244766235352,3.882983446121216,-0.3522322177886963,-2.002516746520996,0.22211810946464539,-2.702664852142334,-0.6015663146972656,1.2351062297821045,0.6315191388130188,-3.683415651321411,-0.07471263408660889,2.752122640609741,-0.448849081993103,15.264214515686035,0.8675333261489868,-9.525626182556152,-0.4427447021007538,0.21740420162677765,-0.1500617414712906,0.473544180393219,-1.0784013271331787,0.25610971450805664,-0.607508659362793,-0.1754647046327591,2.8377795219421387,4.545868396759033,-0.7048801183700562,-0.7642205357551575
460,-2.5075812339782715,2.4818644523620605,-0.7807319164276123,1.60941481590271,-5.4530253410339355,3.462815046310425,-3.4860827922821045,-0.8812416791915894,13.128912925720215,4.100743293762207,-6.706202983856201,-2.8730385303497314,0.2597583532333374,-2.051039457321167,-1.4210103750228882,1.8695085048675537,0.9753527641296387,-2.9269614219665527,2.047051191329956,4.171680450439453,-0.9680874347686768,15.22527027130127,-8.908812522888184,-14.685626029968262,-0.47583261132240295,0.530830442905426,-0.12791861593723297,0.2434701919555664,-1.2213501930236816,0.6480035781860352,-0.87752765417099,-0.25871437788009644,2.9839580059051514,4.5865654945373535,-2.257443904876709,-1.5099214315414429
461,-4.064579963684082,4.729305267333984,1.1432559490203857,1.3492664098739624,-5.5128703117370605,2.5710010528564453,-3.800119638442993,-2.1378591060638428,14.96648120880127,4.106774806976318,-8.229850769042969,-1.7423913478851318,0.5206074118614197,-0.5562667846679688,-1.4834835529327393,2.5418107509613037,1.2990981340408325,-2.488436222076416,3.1127395629882812,3.977576732635498,-1.5348650217056274,15.267431259155273,-15.654842376708984,-15.60587215423584,-1.0274319648742676,1.1974728107452393,0.47170329093933105,0.2560218572616577,-1.0867812633514404,0.3704467713832855,-0.7257927060127258,-0.5203367471694946,3.6301329135894775,4.273330211639404,-6.211911678314209,-1.4831024408340454
462,-3.952087163925171,3.927839517593384,3.4584157466888428,1.0049458742141724,-5.41127872467041,1.3560547828674316,-3.758875846862793,-1.3277548551559448,16.33592987060547,3.9692330360412598,-4.220708847045898,-0.5268172025680542,0.8275989294052124,0.7772780656814575,-0.4728502631187439,3.1873435974121094,1.4908655881881714,-2.3539159297943115,2.0218701362609863,3.5903897285461426,-1.5863131284713745,15.3206787109375,-15.657634735107422,-15.370841979980469,-0.7643246650695801,0.7003123164176941,0.9664920568466187,0.17414253950119019,-1.0334941148757935,0.10509984940290451,-0.6655243039131165,-0.14061708748340607,3.820953130722046,4.01948356628418,-8.205004692077637,0.07646923512220383
463,-1.6930278539657593,1.145939826965332,2.4684014320373535,0.6652048826217651,-5.539012432098389,0.34865280985832214,-3.5848898887634277,0.6310617327690125,16.189666748046875,3.9289965629577637,-4.474112033843994,4.608868598937988,1.0991774797439575,1.5250532627105713,0.29004576802253723,3.197937250137329,1.430924415588379,-2.4960784912109375,0.8988212943077087,1.3537911176681519,-1.4567807912826538,15.425824165344238,-15.66395092010498,-7.34809684753418,-0.03125574439764023,-0.12213115394115448,0.37138277292251587,0.10166002064943314,-1.0864996910095215,-0.05921585112810135,-0.6700384020805359,0.39614951610565186,3.512744665145874,4.141268253326416,-6.895724773406982,1.2119591236114502
464,-0.39933913946151733,-0.7400040030479431,3.077031373977661,-1.4968658685684204,-6.78269100189209,0.48100370168685913,-4.580748558044434,4.290760517120361,15.218305587768555,3.7915308475494385,-4.49660062789917,14.620058059692383,1.419494867324829,1.507603406906128,1.154152512550354,1.618082046508789,1.6480300426483154,-1.3592619895935059,-0.6713371276855469,-4.24410343170166,-1.6065378189086914,-1.476104497909546,-15.665051460266113,15.42851734161377,0.0912846103310585,-0.3925251364707947,0.7171409130096436,-0.5527684688568115,-1.503922939300537,0.10495894402265549,-1.0519648790359497,1.4460365772247314,3.1180598735809326,3.9948809146881104,-6.370501518249512,3.9404280185699463
465,-2.196384906768799,-1.2435331344604492,3.507093667984009,-3.9170081615448,-6.132086753845215,5.9210920333862305,-5.937553882598877,5.343410968780518,14.340982437133789,16.504919052124023,-4.238011837005615,3.186971664428711,1.1534907817840576,2.036243438720703,2.2227933406829834,0.7276526689529419,1.0382264852523804,1.3500466346740723,-2.240311622619629,-2.84085750579834,0.20304229855537415,-1.6116819381713867,-15.68021297454834,15.693427085876465,-0.6519363522529602,-0.30124253034591675,0.8092852234840393,-1.0771160125732422,-1.0939419269561768,1.9309768676757812,-1.4781593084335327,0.9757686257362366,2.8342339992523193,3.450038194656372,-5.015761375427246,3.842623233795166
466,-3.3221511840820312,0.8648519515991211,1.8147224187850952,-2.680112361907959,-7.634094715118408,2.7754461765289307,-5.8596110343933105,5.6803879737854,11.927580833435059,15.74478816986084,-3.6820950508117676,3.788329601287842,0.9589017033576965,1.6397863626480103,2.905893087387085,0.17581261694431305,1.0366592407226562,1.1616764068603516,-4.030439853668213,-1.5537959337234497,0.9420074820518494,-0.2658301591873169,-15.678277015686035,15.690424919128418,-0.7943274974822998,0.4686442017555237,0.16695253551006317,-0.3774687349796295,-1.7629616260528564,0.21337050199508667,-1.3353418111801147,1.1268627643585205,2.4451515674591064,3.2394721508026123,-3.6126906871795654,5.7579169273376465
467,-3.9460620880126953,1.641661524772644,1.0206177234649658,-1.821964144706726,-6.968652248382568,1.8252480030059814,-4.784506320953369,3.3941595554351807,9.96174144744873,14.137068748474121,-2.767789602279663,4.042784690856934,0.8841211199760437,1.6219524145126343,3.5123119354248047,0.18621474504470825,2.0642731189727783,1.3329600095748901,-5.779083251953125,0.12874746322631836,-1.0592668056488037,-0.40545985102653503,-15.664285659790039,8.30173110961914,-0.8575294017791748,0.4564991593360901,0.1153266578912735,-0.25513142347335815,-1.293287754058838,0.245626300573349,-1.012680172920227,0.38463902473449707,1.9881904125213623,3.0857925415039062,-2.101283311843872,5.452995777130127
468,-5.056737899780273,1.1627967357635498,0.6623251438140869,-1.100845217704773,-5.599883556365967,0.9179120063781738,-3.5847525596618652,3.2577080726623535,8.881138801574707,14.095536231994629,-1.5498664379119873,10.8753023147583,1.1006805896759033,1.7659562826156616,4.161870002746582,0.4519146978855133,1.874752402305603,1.363900899887085,-7.506941795349121,1.6003061532974243,-0.5670766830444336,-0.1499970704317093,-14.33788776397705,-1.7457712888717651,-1.1499971151351929,0.1782599836587906,0.0993310958147049,-0.12320255488157272,-0.8580170273780823,0.06701689213514328,-0.7485558390617371,0.6646223068237305,1.4638943672180176,3.142564296722412,-0.6714845895767212,5.03347635269165
469,-6.436707973480225,0.13293324410915375,0.4208824932575226,-1.6737715005874634,-3.3634140491485596,2.0688023567199707,-1.8793504238128662,4.9486565589904785,6.765618324279785,13.628026962280273,3.567296266555786,18.80780601501465,0.7335473299026489,1.7666513919830322,5.391642093658447,0.7203966379165649,1.3963419198989868,1.1710991859436035,-9.910134315490723,2.2442874908447266,-0.02536737732589245,0.4449933171272278,-6.911452770233154,-2.381624937057495,-1.460113763809204,-0.11682097613811493,0.06283257901668549,-0.4047921895980835,-0.3573584258556366,0.5974695086479187,-0.24327576160430908,1.3412082195281982,1.0874470472335815,3.025308609008789,1.7061710357666016,4.085408687591553
470,-6.156116485595703,-1.154563069343567,-0.9294666051864624,-2.2433114051818848,-3.3399910926818848,3.170710325241089,2.4583487510681152,4.588390350341797,0.8892717957496643,12.984427452087402,16.9306583404541,18.33913803100586,-0.5797168612480164,1.501479983329773,7.6460981369018555,0.7542164325714111,0.8346402049064636,1.0746674537658691,-13.418749809265137,2.1119349002838135,-0.00024328462313860655,1.045798420906067,14.51402759552002,-2.0874412059783936,-1.2007261514663696,-0.3831943869590759,-0.3284115791320801,-0.5124444961547852,-0.6458459496498108,0.8189448714256287,0.9635972380638123,0.9693326354026794,-0.5842353701591492,2.9607770442962646,5.647579193115234,3.8260481357574463
471,-6.62831449508667,-4.912642002105713,-0.7545215487480164,-0.25613120198249817,-0.9427934885025024,5.493765354156494,9.313633918762207,2.9428014755249023,-7.216266632080078,12.607791900634766,4.571381568908691,15.611824035644531,-2.7658143043518066,1.2902274131774902,6.590086460113525,0.669536292552948,5.800055980682373,1.0656057596206665,-10.29537296295166,2.7300193309783936,-15.693192481994629,1.5171024799346924,15.697882652282715,-2.635399580001831,-1.5005242824554443,-1.459507703781128,-0.09547089040279388,0.20896431803703308,0.11982960999011993,1.508978009223938,2.015826463699341,0.39480358362197876,-2.819631814956665,3.0198864936828613,5.3506693840026855,2.825220823287964
472,-5.800127029418945,-4.96168851852417,0.383253276348114,-1.531495451927185,1.236959457397461,5.583545207977295,11.07822322845459,2.0677855014801025,-3.384868621826172,12.193021774291992,4.218279838562012,16.232322692871094,-4.323907852172852,1.115637183189392,5.84692907333374,0.6396517753601074,6.276074409484863,1.1031312942504883,-6.635004997253418,3.090984582901001,-15.698295593261719,2.217985153198242,15.695808410644531,-2.827338218688965,-1.2570112943649292,-0.9758023023605347,0.24400417506694794,-0.4676109552383423,0.6369192600250244,1.1949665546417236,2.006263494491577,0.3366051912307739,-6.824485778808594,2.9615728855133057,7.0424323081970215,3.380455493927002
473,-5.077549934387207,-5.819926738739014,0.7691851854324341,-1.7295278310775757,-4.595573902130127,4.732861518859863,7.591494560241699,2.27097487449646,-4.0257062911987305,11.660079002380371,4.448644161224365,16.416494369506836,-5.674081325531006,0.9225095510482788,5.403032302856445,0.529746413230896,5.508841514587402,1.2711883783340454,-4.4078474044799805,3.5509891510009766,-15.695505142211914,2.4992620944976807,15.697016716003418,-3.10843563079834,-1.1470776796340942,-1.2660326957702637,0.25302642583847046,-0.36549171805381775,-1.5230166912078857,0.8758413195610046,0.9870688319206238,0.5428194403648376,-6.2736992835998535,2.943704128265381,6.877800464630127,3.358086347579956
474,-3.294166088104248,-6.24985408782959,-1.0554225444793701,-1.6656321287155151,-5.579817771911621,4.471115589141846,5.56660270690918,1.4435843229293823,-4.276163578033447,11.234700202941895,4.547982215881348,15.851829528808594,-6.6996941566467285,0.8078031539916992,4.660102844238281,0.5399332046508789,4.368483066558838,1.1506086587905884,-2.949815273284912,3.611243963241577,-15.6801118850708,2.9832205772399902,15.695992469787598,-3.046403169631958,-0.5652669668197632,-1.3056597709655762,-0.42671895027160645,-0.3202980160713196,-1.083993911743164,0.9123219847679138,0.7966840863227844,0.2082422822713852,-6.210149765014648,2.8278868198394775,6.95212984085083,3.0105044841766357
475,-1.6143213510513306,-7.0370283126831055,-3.151265859603882,-1.4528875350952148,-4.41856575012207,4.3476128578186035,4.283738613128662,0.8276640772819519,-4.368091583251953,10.701508522033691,4.561533451080322,14.9268798828125,-7.525312900543213,0.6058813333511353,3.5235190391540527,0.4071284234523773,3.307410955429077,1.1980922222137451,-1.9390008449554443,3.8740835189819336,-15.692700386047363,3.162149429321289,15.697081565856934,-3.217155694961548,-0.1509709656238556,-1.527430772781372,-0.7978674173355103,-0.2577764391899109,-0.6616447567939758,0.8950325846672058,0.657311201095581,0.09529094398021698,-6.074630260467529,2.7569425106048584,6.735172748565674,2.771991729736328
476,-0.11902134865522385,-7.86084508895874,-3.9866907596588135,-1.6834074258804321,-3.052610397338867,3.7535691261291504,3.6049368381500244,0.5032647848129272,-4.337291240692139,10.417523384094238,4.534936428070068,14.108556747436523,-8.124555587768555,0.5362013578414917,2.3206441402435303,0.3722398579120636,2.3794748783111572,1.0419440269470215,-1.1713109016418457,3.806910276412964,-15.664149284362793,3.4576003551483154,15.695731163024902,-3.049006938934326,0.22413921356201172,-1.728798747062683,-0.8344570994377136,-0.36406904458999634,-0.4033101201057434,0.705588161945343,0.6121737957000732,0.06714014708995819,-5.801820755004883,2.7114808559417725,6.5159525871276855,2.548762798309326
477,2.098581075668335,-8.416407585144043,-4.340978145599365,-2.13015079498291,-2.413031578063965,3.4612228870391846,2.9364638328552246,0.49739930033683777,-4.295129299163818,10.257000923156738,4.503126621246338,13.072096824645996,-8.256369590759277,0.39156660437583923,1.1983530521392822,0.29077956080436707,1.4650840759277344,1.0993860960006714,-0.6241081357002258,3.9273622035980225,-15.68372917175293,3.4949917793273926,15.696187019348145,-3.0889225006103516,0.5748530030250549,-1.8139383792877197,-0.8776229023933411,-0.4815959930419922,-0.3795202374458313,0.6785642504692078,0.49238279461860657,0.11281292140483856,-5.487345218658447,2.7609503269195557,6.361481189727783,2.3366575241088867
478,4.171030044555664,-8.605182647705078,-4.657866954803467,-2.7889747619628906,-1.7106361389160156,3.147515296936035,1.743656039237976,0.8413155674934387,-4.181670188903809,10.43774127960205,4.485774517059326,11.916831016540527,-7.890670299530029,0.521875262260437,0.723633348941803,0.4173906445503235,0.6072846055030823,0.888538122177124,3.4406824111938477,3.7316172122955322,-15.659313201904297,3.7590925693511963,-2.704904794692993,-2.8245275020599365,0.8809004426002502,-1.8140265941619873,-0.9693213105201721,-0.6442168951034546,-0.2458028942346573,0.6143760085105896,0.19265678524971008,0.24682442843914032,-5.189119815826416,2.871600389480591,6.338109970092773,2.050229549407959
479,5.789332866668701,-3.978581666946411,-8.638492584228516,-3.749450445175171,-0.6940149664878845,2.1719231605529785,2.683655261993408,2.2011911869049072,-4.192384243011475,9.776996612548828,23.747291564941406,10.171184539794922,-7.220196723937988,0.45368316769599915,0.7769482135772705,0.330540269613266,-0.18700358271598816,0.9402181506156921,4.639883995056152,3.573943614959717,-15.687939643859863,3.5265798568725586,-4.791442394256592,-2.5755748748779297,1.1128782033920288,-0.17104403674602509,-2.404557704925537,-0.874366819858551,-0.009264927357435226,0.3108704686164856,0.7895838618278503,0.7140011191368103,-5.299100399017334,2.548433542251587,6.92539644241333,1.6609957218170166
480,7.3537421226501465,-0.8771264553070068,-13.091313362121582,-3.6162219047546387,0.3270581066608429,4.493226051330566,2.3333444595336914,3.7923614978790283,-4.069278717041016,11.417101860046387,24.881811141967773,11.517269134521484,-6.174736022949219,0.4890376031398773,0.8015859723091125,0.4291188716888428,-0.7961581945419312,0.5761283040046692,4.676675319671631,3.0797483921051025,-15.696386337280273,3.9927549362182617,-4.7052693367004395,-2.0613741874694824,1.4059137105941772,0.23359490931034088,-3.7747609615325928,-0.7044529914855957,0.19917066395282745,1.2782466411590576,0.517606258392334,1.1201503276824951,-4.920726299285889,3.5717809200286865,5.597863674163818,2.403247117996216
481,7.527838706970215,-0.09890182316303253,-14.696907997131348,-3.490354537963867,1.8320194482803345,4.209446907043457,1.5045781135559082,4.885467529296875,-3.9093103408813477,11.285807609558105,24.338882446289062,11.485695838928223,-5.143476486206055,0.49023666977882385,0.6896153092384338,0.2372479885816574,-1.023092269897461,0.5290926694869995,4.363324165344238,3.09169864654541,-15.69424819946289,3.9290735721588135,-4.358402252197266,-2.0202574729919434,1.325391173362732,0.08278198540210724,-3.6705009937286377,-0.6747704744338989,0.5541519522666931,0.8203464150428772,0.22614708542823792,1.2703871726989746,-4.504597187042236,3.30403208732605,5.5617356300354,2.2730541229248047
482,7.383056163787842,0.185957670211792,-15.195489883422852,-3.3502519130706787,2.64013409614563,3.839566707611084,0.7368968725204468,5.307463645935059,-3.7043704986572266,11.066604614257812,23.915491104125977,11.210619926452637,-4.096019744873047,0.44996023178100586,0.6152322888374329,0.2274479866027832,-1.0287749767303467,0.4257565140724182,4.554617881774902,2.700666904449463,-15.695683479309082,3.969183921813965,-4.536242485046387,-1.6671077013015747,1.301255702972412,0.07599486410617828,-3.6231143474578857,-0.6533543467521667,0.6166548132896423,0.7365131974220276,0.04976481944322586,1.2765212059020996,-4.040471076965332,3.0870509147644043,5.648178577423096,2.143550157546997
483,6.821906089782715,0.4762251079082489,-15.276130676269531,-3.117419481277466,3.0757062435150146,3.7328643798828125,0.05312341824173927,5.48779296875,-3.4347996711730957,10.772465705871582,24.003366470336914,10.975765228271484,-3.142035484313965,0.3733217418193817,0.4173619747161865,-0.03839799761772156,-0.88177490234375,0.3586716055870056,4.17521333694458,2.8464598655700684,-15.694808006286621,3.9633495807647705,-4.007080554962158,-1.8050800561904907,1.1853585243225098,0.13598378002643585,-3.5657236576080322,-0.5912387371063232,0.6551160216331482,0.7472723126411438,-0.09405796974897385,1.2495296001434326,-3.5292012691497803,2.9878931045532227,5.6012492179870605,2.160224437713623
484,6.20621919631958,0.7404454946517944,-15.112898826599121,-2.748518943786621,3.1844322681427,4.068637371063232,-0.622255802154541,5.357806205749512,-3.0856118202209473,10.56894302368164,23.343156814575195,11.100661277770996,-2.208054780960083,0.28543275594711304,0.32007235288619995,-0.08553073555231094,-0.6744789481163025,0.22781433165073395,4.384966850280762,2.4965829849243164,-15.695895195007324,4.074862003326416,-4.213194847106934,-1.5002949237823486,1.0917891263961792,0.18555082380771637,-3.504136323928833,-0.5067591667175293,0.6386271715164185,0.8777766823768616,-0.19060245156288147,1.1936558485031128,-2.952354907989502,2.927180051803589,5.503865718841553,2.1894209384918213
485,5.3298845291137695,0.9986780881881714,-14.898469924926758,-2.2123920917510986,3.1494107246398926,4.52399206161499,-1.0259430408477783,4.919955730438232,-2.652719020843506,10.378077507019043,23.2838077545166,11.278929710388184,-1.3868510723114014,0.21392518281936646,0.13144883513450623,-0.31544777750968933,-0.43518954515457153,0.12838894128799438,3.9563779830932617,2.63053035736084,-15.696846008300781,4.138658046722412,-3.605715274810791,-1.6335794925689697,0.9174016714096069,0.23631270229816437,-3.4277355670928955,-0.37341195344924927,0.6178227066993713,0.9846267104148865,-0.22580888867378235,1.0148084163665771,-2.347473382949829,2.9059650897979736,5.3357954025268555,2.309774398803711
486,4.566741466522217,1.0626308917999268,-14.577800750732422,-1.6561332941055298,2.931018114089966,5.333371162414551,-1.2044711112976074,4.268054485321045,-2.096538543701172,10.268759727478027,22.36354637145996,11.766560554504395,-0.6352120041847229,0.1317836195230484,0.05510950833559036,-0.3525828719139099,-0.2212749421596527,-0.06344105303287506,4.13562536239624,2.296764612197876,-15.696866035461426,4.328613758087158,-3.7746775150299072,-1.3330469131469727,0.8007760047912598,0.22247983515262604,-3.3408210277557373,-0.26233699917793274,0.5549277663230896,1.2032212018966675,-0.23564743995666504,0.8528369069099426,-1.6488447189331055,2.893319606781006,5.145074844360352,2.4214091300964355
487,3.6737184524536133,1.0033252239227295,-14.25556755065918,-0.9574217796325684,2.6849982738494873,6.1329779624938965,-1.113372802734375,3.3385071754455566,-1.433274745941162,10.158638000488281,22.100431442260742,12.126533508300781,-0.055139146745204926,0.05489937216043472,-0.08841454982757568,-0.5422000885009766,-0.029947295784950256,-0.14752361178398132,3.9372718334198,2.4064877033233643,-15.698983192443848,4.397017478942871,-3.402893543243408,-1.452867865562439,0.6207692623138428,0.19332309067249298,-3.2389559745788574,-0.09978174418210983,0.5051718354225159,1.3628158569335938,-0.1844480037689209,0.5841849446296692,-0.9213353395462036,2.9171760082244873,4.93100118637085,2.56793212890625
488,3.0331990718841553,0.8940683603286743,-13.875594139099121,-0.37353870272636414,2.3812954425811768,6.968002796173096,-0.83311527967453,2.466536283493042,-0.6431031227111816,10.173871994018555,21.289039611816406,12.517006874084473,0.4493153691291809,-0.02596191316843033,-0.23580951988697052,-0.5862135887145996,0.11723241209983826,-0.37513619661331177,3.525424003601074,2.1191611289978027,-15.698284149169922,4.617419242858887,-2.8688879013061523,-1.181844711303711,0.531769335269928,0.16426922380924225,-3.1370837688446045,0.002372361719608307,0.4388599991798401,1.549087405204773,-0.1150873526930809,0.41277581453323364,-0.10726451128721237,2.9507272243499756,4.718721389770508,2.6145477294921875
489,2.470557451248169,0.7349869012832642,-13.421956062316895,0.15635016560554504,2.144002676010132,7.659286022186279,-0.3542398512363434,1.7678765058517456,1.854345440864563,10.002263069152832,20.445865631103516,12.357892036437988,1.202830195426941,-0.1102638766169548,-0.32095715403556824,-0.6936659812927246,-0.061417948454618454,-0.4444109797477722,3.680272102355957,2.095820188522339,-13.046667098999023,4.7508769035339355,-2.9598422050476074,-1.1677221059799194,0.4335367977619171,0.12538732588291168,-3.006171226501465,0.1018558219075203,0.40124332904815674,1.6632534265518188,-0.007467381656169891,0.2767929434776306,0.746769905090332,2.918264627456665,4.59788179397583,2.5603768825531006
490,1.6718729734420776,1.2377341985702515,-12.676705360412598,0.2931152582168579,1.98944890499115,7.9448957443237305,0.32039570808410645,1.3402070999145508,12.34267807006836,9.898202896118164,20.126745223999023,12.001334190368652,3.361039161682129,-0.3148285448551178,-0.5041806697845459,-0.8810672163963318,-1.3194503784179688,-0.7736616134643555,3.50382661819458,2.178439140319824,1.3191128969192505,5.36447811126709,-2.533864974975586,-1.1676236391067505,0.24631381034851074,0.31362301111221313,-2.7409656047821045,0.0750620886683464,0.3756121098995209,1.6677407026290894,0.16402217745780945,0.2267758697271347,2.5879430770874023,2.914276123046875,4.430992603302002,2.417135715484619
491,0.09510048478841782,2.8746883869171143,-11.315569877624512,0.022096997126936913,2.082043409347534,7.382311820983887,0.6657952070236206,1.8035924434661865,10.995391845703125,9.166669845581055,19.460012435913086,11.061697959899902,4.682520389556885,-0.4350883960723877,-0.6025299429893494,-0.9133109450340271,-1.9124540090560913,-0.8615032434463501,3.406525135040283,2.033282995223999,13.807080268859863,5.6391777992248535,-2.2895352840423584,-0.95538330078125,-0.1966249942779541,0.7912737727165222,-2.293999433517456,-0.03104592114686966,0.4011209309101105,1.3947490453720093,0.2026245892047882,0.45747441053390503,3.4264423847198486,2.7048916816711426,4.343372344970703,2.102109432220459
492,-1.557209849357605,3.6982192993164062,-10.084037780761719,0.6384103298187256,0.35541003942489624,5.993865013122559,0.2770799696445465,1.5782583951950073,4.492231369018555,8.853604316711426,18.908903121948242,10.709832191467285,4.090120315551758,-0.4182165861129761,-0.6035224199295044,-0.896793782711029,-2.1572883129119873,-1.0496951341629028,3.0935447216033936,1.9437795877456665,15.671438217163086,5.9640607833862305,-1.9002586603164673,-0.8118286728858948,-0.4649762213230133,0.8448333740234375,-2.009705066680908,0.20380175113677979,-0.15461106598377228,0.9974282383918762,0.0036788657307624817,0.30538612604141235,3.959486246109009,2.6983511447906494,4.20373010635376,2.1528382301330566
493,-0.5668877959251404,3.300466537475586,-9.62149715423584,0.5546689629554749,0.0793604925274849,4.73871374130249,0.011907563544809818,1.275296688079834,3.5715508460998535,8.861989974975586,18.49264144897461,10.882198333740234,3.70141863822937,-0.23235295712947845,-0.47817662358283997,-0.8031183481216431,-2.400615692138672,-1.1524015665054321,3.180572032928467,1.7506183385849,15.691389083862305,6.0642991065979,-1.939652919769287,-0.5514510273933411,0.013319306075572968,0.6022845506668091,-2.0159456729888916,0.0969395712018013,-0.019872765988111496,0.7558467388153076,-0.03723558038473129,0.2289474457502365,4.544968128204346,2.8723785877227783,4.232938289642334,2.288489818572998
494,-0.10186005383729935,2.7342488765716553,-9.566946029663086,0.6209176182746887,0.45558956265449524,4.314462661743164,-0.3443225622177124,1.3383581638336182,3.702366590499878,8.814373970031738,18.464946746826172,10.881202697753906,3.4524409770965576,-0.11660227179527283,-0.37490561604499817,-0.6457798480987549,-2.5295560359954834,-1.416427493095398,2.9882261753082275,1.3621983528137207,15.677815437316895,6.338566780090332,-1.697403907775879,-0.13512232899665833,0.036308325827121735,0.4719831347465515,-2.0525991916656494,0.12981048226356506,0.13080602884292603,0.7817161679267883,-0.10559269040822983,0.29226571321487427,4.480356693267822,2.827003240585327,4.2167510986328125,2.303889513015747
495,0.04412253201007843,2.3851611614227295,-9.664671897888184,0.7327938079833984,0.8759657740592957,4.268078327178955,-0.7120890021324158,1.595743179321289,3.719318151473999,8.478448867797852,18.25528335571289,10.737532615661621,3.2050111293792725,0.00930291973054409,-0.29509079456329346,-0.5471732020378113,-2.521996259689331,-1.6126364469528198,2.8408448696136475,1.1160141229629517,15.690020561218262,6.570676326751709,-1.5462740659713745,0.12802980840206146,0.028707481920719147,0.43141937255859375,-2.0944526195526123,0.1585567593574524,0.21324039995670319,0.8127080798149109,-0.1744844913482666,0.36841315031051636,4.304373264312744,2.7123751640319824,4.227865219116211,2.3135876655578613
496,0.08707961440086365,2.161905527114868,-9.75161075592041,0.8029088973999023,1.1422673463821411,4.207103252410889,-0.9228366613388062,1.7577673196792603,3.654480218887329,8.122725486755371,18.14139175415039,10.62859058380127,2.945509433746338,0.06805562973022461,-0.2418031394481659,-0.4715154767036438,-2.4406087398529053,-1.868077039718628,2.680111885070801,0.8700013160705566,15.677772521972656,6.8463568687438965,-1.3746438026428223,0.39918726682662964,0.02584061771631241,0.4050635099411011,-2.1088216304779053,0.16727489233016968,0.24379701912403107,0.7950513958930969,-0.19482439756393433,0.38650089502334595,4.127333164215088,2.6127374172210693,4.237666606903076,2.313967227935791
497,0.09593179076910019,1.9830701351165771,-9.77346420288086,0.8061648011207581,1.2685506343841553,4.250697612762451,-0.9942402243614197,1.8707873821258545,3.5817484855651855,7.758686542510986,17.992340087890625,10.479549407958984,2.6736419200897217,0.1321517527103424,-0.21408794820308685,-0.4440573751926422,-2.3376264572143555,-2.0573513507843018,2.5194191932678223,0.7380192279815674,15.688749313354492,7.072442531585693,-1.1968345642089844,0.5508502125740051,0.02245185524225235,0.3749716877937317,-2.1006524562835693,0.15949499607086182,0.25084570050239563,0.8095929026603699,-0.1919902265071869,0.39972418546676636,3.9470033645629883,2.535337209701538,4.231179237365723,2.3067946434020996
498,0.10318461060523987,1.8073605298995972,-9.73820686340332,0.7674124836921692,1.300032138824463,4.293594837188721,-0.9632847309112549,1.9065892696380615,3.475982427597046,7.445557594299316,17.819005966186523,10.354887962341309,2.3259294033050537,0.36603042483329773,-0.42403843998908997,-0.5804249048233032,-2.307988166809082,1.373523473739624,2.196418523788452,0.438981831073761,15.651030540466309,-0.24142730236053467,-0.9354785680770874,0.7136445045471191,0.023569665849208832,0.34069710969924927,-2.081904411315918,0.14630162715911865,0.24588479101657867,0.8140361905097961,-0.17464810609817505,0.3955726623535156,3.768073558807373,2.4661319255828857,4.216885089874268,2.2886462211608887
499,0.6696337461471558,2.6904687881469727,-9.2866792678833,-0.21134109795093536,0.8086195588111877,3.629744529724121,0.3546704947948456,1.8459010124206543,3.374985933303833,10.8140869140625,17.772560119628906,10.25246810913086,2.2616961002349854,0.46387937664985657,-0.5296729803085327,-0.6192041039466858,-2.42651629447937,1.4031835794448853,1.6854469776153564,0.21384909749031067,15.700004577636719,-0.006551221013069153,-0.36763882637023926,0.8232652544975281,0.22698113322257996,0.6703272461891174,-1.9343554973602295,-0.1727440059185028,0.08950895071029663,0.7379159927368164,0.24627235531806946,0.3645344376564026,3.527026414871216,2.171241521835327,4.337713718414307,2.2892284393310547
