step,tau_0,tau_1,tau_2,tau_3,tau_4,tau_5,tau_6,tau_7,tau_8,tau_9,tau_10,tau_11,vel_0,vel_1,vel_2,vel_3,vel_4,vel_5,vel_6,vel_7,vel_8,vel_9,vel_10,vel_11,act_0,act_1,act_2,act_3,act_4,act_5,act_6,act_7,act_8,act_9,act_10,act_11
0,-9.663289070129395,8.360962867736816,3.301804542541504,-3.49277400970459,-10.794145584106445,-12.651609420776367,0.2733938694000244,9.68818187713623,13.485943794250488,12.426351547241211,12.015799522399902,13.630805969238281,0.5786787271499634,1.541201114654541,1.6547120809555054,0.05688504874706268,1.6241823434829712,-1.218906044960022,3.278331756591797,5.235719203948975,-2.7558155059814453,-2.3857953548431396,-3.949861526489258,-5.2439656257629395,-3.943836212158203,3.206545114517212,1.1214079856872559,-1.1889890432357788,-4.744503021240234,-6.852932929992676,0.09114270657300949,3.9595189094543457,8.941690444946289,6.493360996246338,5.941164970397949,9.586313247680664
1,-3.8503119945526123,3.8516428470611572,-7.928356170654297,7.176209449768066,-2.4032208919525146,3.535067319869995,-1.3402537107467651,-1.8373602628707886,19.341079711914062,11.026829719543457,21.72235870361328,23.441253662109375,1.5212923288345337,0.9065730571746826,1.9035885334014893,1.3503010272979736,1.6724729537963867,0.5239894986152649,3.564164161682129,5.076260566711426,-2.7733752727508545,-0.8688988089561462,-3.994729995727539,-4.08495569229126,0.029210425913333893,0.23857639729976654,-3.4587340354919434,3.324455499649048,0.6839455366134644,3.2568178176879883,-0.44061124324798584,-1.912462830543518,5.487968921661377,1.6985257863998413,8.440810203552246,7.8440446853637695
2,-8.860993385314941,5.3916754722595215,-12.322086334228516,8.415704727172852,-3.5306107997894287,2.634530782699585,-1.7651803493499756,4.915894508361816,20.485050201416016,13.240559577941895,23.688077926635742,24.642295837402344,1.431991457939148,1.3329881429672241,2.101621150970459,1.5568854808807373,1.3634421825408936,0.8926025629043579,3.401146411895752,4.5258283615112305,-2.025609254837036,0.13926953077316284,-3.5899946689605713,-3.0131635665893555,-2.5259010791778564,1.347516655921936,-3.3224267959594727,2.109436511993408,-0.8190889954566956,0.442035973072052,-0.3656848669052124,2.3598921298980713,5.086348533630371,3.4113168716430664,6.599026679992676,7.622349262237549
3,-7.041702747344971,5.605739116668701,-13.801156044006348,7.518062591552734,-2.4295523166656494,2.3966264724731445,1.7686760425567627,5.98866081237793,20.81142234802246,14.674511909484863,23.970205307006836,24.508800506591797,1.3981164693832397,1.3613464832305908,2.6464486122131348,1.414740800857544,1.421694278717041,0.361863911151886,3.5134470462799072,4.640085697174072,-1.0575822591781616,1.073925256729126,-3.7992186546325684,-3.488657236099243,-1.1377249956130981,1.2420800924301147,-3.1573948860168457,1.518649697303772,-0.32932621240615845,0.4673296809196472,0.8854292631149292,1.6226056814193726,5.585677623748779,3.967373847961426,6.499999523162842,7.810696601867676
4,-6.589999675750732,5.236700057983398,-14.55920124053955,7.0324907302856445,-2.916943311691284,4.715752124786377,2.9262664318084717,5.684781551361084,20.213058471679688,14.820971488952637,24.620651245117188,25.441125869750977,1.447945237159729,1.2743085622787476,2.4784176349639893,1.3424581289291382,1.3294517993927002,0.18404324352741241,2.781864643096924,4.773660182952881,0.011470019817352295,1.6670845746994019,-1.6382328271865845,-3.194511651992798,-1.2302560806274414,1.0639995336532593,-3.135941982269287,1.4467151165008545,-0.62216717004776,1.2934207916259766,0.8475289940834045,1.335286021232605,5.517358779907227,3.997527599334717,6.714618682861328,7.887131690979004
5,-6.681425094604492,4.622460842132568,-14.155502319335938,6.320096015930176,-3.6328837871551514,5.095733642578125,3.9139108657836914,5.949267387390137,19.09044075012207,14.98198413848877,22.56180191040039,25.32515525817871,1.1558488607406616,1.4124162197113037,1.801984429359436,1.1593005657196045,1.2596218585968018,0.15430611371994019,0.8143060207366943,5.062707901000977,0.43010514974594116,2.3480544090270996,0.24042010307312012,-3.1663904190063477,-1.3188143968582153,0.8880535960197449,-2.892357349395752,1.2497797012329102,-0.7958744168281555,1.0918350219726562,1.0110739469528198,1.5107265710830688,5.296894550323486,4.2134928703308105,6.730649471282959,7.960677623748779
6,-6.6006693840026855,2.420304536819458,-12.992937088012695,6.296919822692871,-3.0762293338775635,6.432118892669678,4.648127555847168,5.936306953430176,18.313825607299805,14.498432159423828,20.809019088745117,25.380233764648438,0.9010759592056274,1.6091866493225098,1.6487623453140259,1.0887389183044434,1.1470615863800049,1.196994662284851,0.9226536154747009,5.0707292556762695,1.2494326829910278,7.419619560241699,1.594611644744873,-2.9734063148498535,-1.3011404275894165,0.20304082334041595,-2.571787118911743,1.3358845710754395,-0.5224683880805969,1.5225961208343506,1.0338172912597656,1.4835203886032104,4.978941440582275,4.085291862487793,6.968402862548828,7.972361087799072
7,-6.842980861663818,1.2326527833938599,-12.447057723999023,5.9751362800598145,-1.0876480340957642,2.492183208465576,5.055107593536377,6.833977222442627,17.081640243530273,10.373291969299316,19.595409393310547,25.25859832763672,0.5201054215431213,0.8761118054389954,1.4018850326538086,0.667576014995575,1.074398159980774,0.4727061986923218,1.5506600141525269,5.5363287925720215,1.8887428045272827,10.030281066894531,1.6092491149902344,-2.560764789581299,-1.4077949523925781,0.09550891816616058,-2.5142440795898438,1.219912052154541,0.04444975033402443,0.0030965209007263184,1.1221868991851807,1.8825476169586182,4.693021297454834,4.089155673980713,7.240511894226074,8.102907180786133
8,-6.882122993469238,1.6569390296936035,-11.815082550048828,6.5115885734558105,0.8213332295417786,0.8330206274986267,4.478315830230713,6.51066780090332,15.904915809631348,8.063834190368652,19.70042610168457,24.8825740814209,0.21215137839317322,0.8264062404632568,0.9766103625297546,0.4650917947292328,1.160987138748169,-0.6896522045135498,2.287902355194092,5.761775016784668,2.1941287517547607,10.549007415771484,1.5658819675445557,-2.475102424621582,-1.410030722618103,0.3961699903011322,-2.372588634490967,1.436277985572815,0.42476052045822144,-0.0639527440071106,0.8889753222465515,1.6254063844680786,4.349308013916016,3.865443229675293,7.323032379150391,8.207115173339844
9,-5.667978286743164,2.420987129211426,-11.601046562194824,6.2346696853637695,0.7540571689605713,-0.6934690475463867,3.7337841987609863,5.546635150909424,14.884559631347656,7.415129661560059,19.666349411010742,24.743896484375,0.20143915712833405,1.2803659439086914,1.1787869930267334,0.1354086995124817,1.1418026685714722,-2.435147285461426,2.5592801570892334,5.957126617431641,2.5622220039367676,9.582051277160645,1.6599234342575073,3.4278011322021484,-0.9883899688720703,0.6055577397346497,-2.4376060962677,1.2517119646072388,0.14792031049728394,-0.350064218044281,0.723089337348938,1.2516026496887207,3.9598169326782227,3.654229164123535,7.0516533851623535,8.020393371582031
10,-3.860400676727295,1.7505464553833008,-12.07558822631836,6.296482563018799,-0.09139461815357208,2.2232677936553955,2.304497480392456,3.212817430496216,13.437323570251465,7.676934242248535,19.345121383666992,18.07953643798828,0.16019181907176971,1.4944124221801758,0.9780200123786926,0.7342865467071533,1.0564978122711182,-2.9462132453918457,3.09480619430542,6.032774925231934,2.8549532890319824,9.286270141601562,1.541752576828003,7.914975166320801,-0.5300403237342834,0.27785149216651917,-2.6155996322631836,1.2958431243896484,-0.1339622139930725,0.7875407338142395,0.3011692762374878,0.4216845631599426,3.3952155113220215,3.2465648651123047,6.696099281311035,7.5131425857543945
11,-0.6809888482093811,0.06411314010620117,-12.135204315185547,5.629505157470703,-0.4057883620262146,6.113315582275391,0.10279267281293869,-0.4934252202510834,12.092259407043457,7.242247104644775,19.16109275817871,13.130559921264648,1.5690289735794067,1.2919752597808838,1.0438735485076904,1.4270411729812622,-1.3254063129425049,-1.7252895832061768,3.2481346130371094,1.24497389793396,8.581931114196777,11.47321891784668,1.5840625762939453,-7.590293884277344,0.2858556807041168,-0.22145192325115204,-2.6062967777252197,1.0997388362884521,-0.1189609095454216,1.6459946632385254,-0.29802757501602173,-0.6757064461708069,2.9938392639160156,2.8341262340545654,6.338806629180908,7.441267490386963
12,0.7716838121414185,1.27445387840271,-12.684586524963379,4.360376358032227,-1.3075308799743652,1.7891169786453247,0.6068316102027893,3.1041641235351562,7.439413070678711,6.472607135772705,18.778905868530273,29.162731170654297,1.7997848987579346,1.437065601348877,0.916089653968811,0.243291974067688,-2.488670825958252,-2.6097028255462646,3.4042694568634033,0.13190460205078125,8.895256996154785,10.50167465209961,1.7466474771499634,7.537237644195557,0.36240825057029724,0.43612244725227356,-2.8133082389831543,0.7630620002746582,-0.4046456217765808,-0.17848175764083862,0.21161216497421265,1.1569887399673462,2.720608711242676,3.979283094406128,6.027829170227051,6.586770057678223
13,1.0298221111297607,-1.7358946800231934,-11.501702308654785,3.000549077987671,-2.2876737117767334,0.043698180466890335,1.245819091796875,2.6285433769226074,7.2572784423828125,7.09972620010376,18.353145599365234,12.696401596069336,-0.08160245418548584,0.6474869251251221,0.871715247631073,1.933595895767212,-1.8840227127075195,-3.616638660430908,3.12040376663208,0.8178121447563171,7.954366207122803,11.278850555419922,2.1911520957946777,3.8272013664245605,0.25681060552597046,-0.735764741897583,-2.241943359375,0.3989698886871338,-0.6530925035476685,-0.21235734224319458,0.37834593653678894,0.4496583938598633,2.9450018405914307,3.465160369873047,5.859121322631836,5.766812324523926
14,1.0004479885101318,-1.9057925939559937,-9.586101531982422,3.9827823638916016,-3.2636616230010986,3.225216865539551,-3.0905425548553467,0.6974512934684753,6.881166934967041,6.608870029449463,17.348215103149414,16.398740768432617,0.35499119758605957,0.142986461520195,0.8659849762916565,1.7126102447509766,-2.0877668857574463,-3.4387989044189453,3.4918479919433594,0.6171115636825562,7.9846014976501465,11.837384223937988,1.6599122285842896,4.197093486785889,0.1866370439529419,-0.4019579589366913,-1.685941457748413,1.0316542387008667,-0.8367408514022827,0.967844545841217,-1.1427029371261597,-0.11306016147136688,2.211735248565674,3.6243903636932373,5.308965682983398,6.083669662475586
15,0.7607832551002502,-1.7233774662017822,-9.211273193359375,3.6186935901641846,-2.1421360969543457,0.6654358506202698,-1.3075790405273438,1.996873378753662,6.367854595184326,6.367707252502441,17.534069061279297,15.839468955993652,0.271150678396225,-0.2899496853351593,0.805012583732605,1.8709144592285156,-2.115717887878418,-3.9751369953155518,2.886347770690918,0.2917228937149048,8.171191215515137,12.268664360046387,2.41135835647583,4.422128677368164,0.1236170306801796,-0.32349836826324463,-1.8295118808746338,0.7170214653015137,-0.30347374081611633,-0.18492776155471802,-0.017186172306537628,0.5869991183280945,2.1420888900756836,3.835650682449341,5.205687522888184,5.83001184463501
16,0.7062582969665527,-1.002934455871582,-8.640887260437012,2.6911964416503906,-3.7324817180633545,-0.6676012277603149,-1.0481370687484741,1.3268686532974243,5.856802463531494,6.055339336395264,16.45694351196289,15.3118896484375,0.5455895662307739,-0.256336510181427,0.8820171356201172,1.862095832824707,-2.1983578205108643,-4.581786632537842,2.7610015869140625,0.08736637979745865,8.175917625427246,12.584487915039062,2.4610378742218018,4.74421501159668,0.13494813442230225,-0.10888542234897614,-1.6794559955596924,0.4462544620037079,-1.0483659505844116,-0.33659619092941284,-0.16265186667442322,0.17487604916095734,1.9946485757827759,3.763474702835083,4.964930534362793,5.50497579574585
17,-0.3641471862792969,-1.0679042339324951,-7.755724906921387,2.3038899898529053,-3.8210432529449463,-0.9281108379364014,-1.3151218891143799,1.1771494150161743,5.740752220153809,5.889205455780029,16.176305770874023,14.757436752319336,0.551835298538208,-0.19697163999080658,0.8925597071647644,2.0586109161376953,-2.17490291595459,-5.03605842590332,2.545851230621338,-0.12910103797912598,8.275625228881836,12.931291580200195,2.6984200477600098,4.828081130981445,-0.2143937647342682,-0.22417013347148895,-1.4322855472564697,0.43725457787513733,-0.8478218913078308,-0.26263290643692017,-0.27432942390441895,0.21502800285816193,2.0291249752044678,3.8787412643432617,4.877223014831543,5.3450117111206055
18,-0.6320205926895142,-0.9300908446311951,-7.142784595489502,1.6606614589691162,-4.416856288909912,-1.5580376386642456,-1.2984464168548584,0.7745214104652405,5.529404640197754,5.706215858459473,15.675796508789062,14.389331817626953,0.7111448049545288,-0.11703090369701385,0.9503238797187805,1.9367618560791016,-2.4230921268463135,-5.468228340148926,2.2916605472564697,-0.3556976318359375,8.456984519958496,13.283946990966797,2.836275339126587,5.163022994995117,-0.15925303101539612,-0.16853441298007965,-1.3431068658828735,0.2670368552207947,-1.0546927452087402,-0.4793856739997864,-0.23865103721618652,0.09967599809169769,1.949391484260559,3.983889102935791,4.697999000549316,5.105767250061035
19,-1.1628389358520508,-1.0768623352050781,-6.486804485321045,1.2242673635482788,-4.615521430969238,-1.8645656108856201,-1.4656658172607422,0.637668788433075,5.396085739135742,5.539604187011719,15.315960884094238,13.803048133850098,0.7121196389198303,-0.10371417552232742,0.9043310284614563,2.1987059116363525,-2.3718676567077637,-5.898423194885254,2.075089454650879,-0.5685148239135742,8.522356033325195,13.739706993103027,3.049724817276001,5.22497034072876,-0.29630616307258606,-0.23572365939617157,-1.1963305473327637,0.19859430193901062,-1.0558308362960815,-0.5120362639427185,-0.29475137591362,0.10726390779018402,1.9602903127670288,4.140003681182861,4.586093902587891,4.9190263748168945
20,-1.4843368530273438,-1.0931322574615479,-5.912616729736328,0.578840970993042,-5.138454914093018,-2.1550261974334717,-1.6359094381332397,0.5923287868499756,5.258462429046631,5.285854816436768,14.920845985412598,13.459549903869629,0.7539734244346619,-0.22562222182750702,0.9287365078926086,1.9086565971374512,-2.672451972961426,-6.3249735832214355,1.8042073249816895,-0.7636213898658752,8.756860733032227,14.288744926452637,3.177284002304077,5.550957202911377,-0.3324303925037384,-0.22165937721729279,-1.0943046808242798,0.03369113802909851,-1.2165095806121826,-0.5927397608757019,-0.3290749788284302,0.10977329313755035,1.9001888036727905,4.302968978881836,4.486278533935547,4.719834327697754
21,-1.768012523651123,-1.1273187398910522,-5.352223873138428,0.19632390141487122,-5.367197513580322,-2.416973829269409,-1.8207242488861084,0.529421329498291,5.098865985870361,4.944342136383057,14.605551719665527,12.887845993041992,0.714152991771698,-0.3346307873725891,0.8145952820777893,2.227797746658325,-2.6206846237182617,-6.827193737030029,1.5776135921478271,-0.9343276023864746,8.824678421020508,14.952800750732422,3.3811490535736084,5.56402063369751,-0.3824402391910553,-0.23254553973674774,-0.9792479276657104,-0.013388842344284058,-1.2481931447982788,-0.6670670509338379,-0.36929118633270264,0.09460712969303131,1.8927170038223267,4.48731803894043,4.380681991577148,4.543623924255371
22,-1.9263907670974731,-1.0799846649169922,-4.806140899658203,-0.5057416558265686,-5.881157398223877,-2.699171781539917,-2.0049989223480225,0.5717845559120178,4.976792335510254,4.483028888702393,14.257431983947754,12.57085132598877,0.6714920401573181,-0.5769890546798706,0.8087736368179321,1.7742300033569336,-2.9594638347625732,-7.358713626861572,1.2809629440307617,-1.1070969104766846,9.100324630737305,15.700017929077148,3.521813154220581,5.87734317779541,-0.39822396636009216,-0.21274282038211823,-0.8776232004165649,-0.18500742316246033,-1.40216064453125,-0.7622803449630737,-0.4070282578468323,0.11603732407093048,1.8437851667404175,4.682920932769775,4.302763938903809,4.346201419830322
23,-1.9996697902679443,-1.0912913084030151,-4.197201728820801,-0.7183675765991211,-6.13335657119751,-3.049760103225708,-2.0995218753814697,0.545189619064331,4.836893081665039,3.9313743114471436,13.959177017211914,12.010767936706543,0.5554390549659729,-0.988487958908081,0.5005495548248291,2.0031256675720215,-2.9002394676208496,-8.14778995513916,0.9684315919876099,-1.2736639976501465,9.086421012878418,15.700592041015625,3.7370822429656982,5.782154083251953,-0.4020898640155792,-0.22542895376682281,-0.7446950674057007,-0.16340744495391846,-1.4530339241027832,-0.8905805349349976,-0.41835522651672363,0.10135586559772491,1.8564099073410034,4.934178829193115,4.210753440856934,4.18088436126709
24,-2.276463747024536,-0.9833642840385437,-3.1403636932373047,-0.9362273216247559,-6.337794780731201,-2.4485180377960205,-2.1962778568267822,1.0953333377838135,4.87457275390625,4.038299083709717,13.620804786682129,11.773677825927734,0.3343069851398468,-1.1780331134796143,0.3899928629398346,1.365973711013794,-3.2536537647247314,-8.577302932739258,0.6026220321655273,-1.4639657735824585,9.319212913513184,15.693456649780273,3.9180498123168945,6.045820713043213,-0.48599258065223694,-0.19067351520061493,-0.4864107668399811,-0.20227733254432678,-1.4777493476867676,-0.5838735103607178,-0.4420621991157532,0.28050822019577026,1.8839300870895386,5.207205295562744,4.139213562011719,3.995297431945801
25,-2.3189239501953125,-0.9213603138923645,-2.2205119132995605,-0.7473143935203552,-6.23192024230957,-2.400521993637085,-1.966934323310852,1.3250138759613037,4.873959064483643,4.1205973625183105,13.294825553894043,11.328679084777832,0.17299702763557434,-1.250810980796814,0.06228138506412506,1.6067720651626587,-3.2004036903381348,-9.021060943603516,0.2796741724014282,-1.5935333967208862,9.31832504272461,15.689276695251465,4.105862140655518,5.9603271484375,-0.4679955542087555,-0.18415643274784088,-0.31932756304740906,-0.12127643823623657,-1.437095046043396,-0.6760448217391968,-0.359767884016037,0.2814064621925354,1.9500354528427124,5.35146951675415,4.046947002410889,3.902496099472046
26,-2.133512258529663,-0.7866167426109314,-1.4184656143188477,-1.3538024425506592,-6.344361305236816,-2.2337100505828857,-1.695536732673645,1.5485320091247559,4.912060260772705,4.1701507568359375,13.0082368850708,11.16120719909668,0.06580877304077148,-1.4280451536178589,0.09471449255943298,1.0239238739013672,-3.5738332271575928,-9.430282592773438,-0.05317497253417969,-1.6737077236175537,9.624082565307617,15.686596870422363,4.350075721740723,6.144659519195557,-0.4022926390171051,-0.1457688957452774,-0.17965173721313477,-0.33364203572273254,-1.4820085763931274,-0.6191522479057312,-0.30328568816185,0.3222537636756897,1.9475460052490234,5.4215803146362305,3.9961869716644287,3.776801347732544
27,-2.1081929206848145,-0.5928879976272583,-0.7672072052955627,-1.1764897108078003,-6.338228225708008,-1.856846570968628,-1.5288625955581665,1.677812933921814,4.8377275466918945,4.220462799072266,12.641803741455078,10.826739311218262,-0.08858124911785126,-1.4037364721298218,-0.2540937662124634,1.3406963348388672,-3.5114316940307617,-9.781037330627441,-0.30444610118865967,-1.786027431488037,9.63218879699707,15.686136245727539,4.451974391937256,6.06745719909668,-0.41946539282798767,-0.09805716574192047,-0.06619968265295029,-0.2080378532409668,-1.499742031097412,-0.477685809135437,-0.28688815236091614,0.334283709526062,1.9860479831695557,5.561664581298828,3.903381109237671,3.695474863052368
28,-1.6988073587417603,-0.4788455665111542,-0.19024936854839325,-2.032489776611328,-6.631518840789795,-1.2763686180114746,-1.3326507806777954,1.8392438888549805,4.810975074768066,4.259551048278809,12.407793998718262,10.649007797241211,-0.09429363906383514,-1.3649988174438477,-0.06572072207927704,1.1420692205429077,-3.88903546333313,-9.958698272705078,-0.5845330357551575,-1.6121749877929688,9.998441696166992,15.691839218139648,4.7117791175842285,5.687055587768555,-0.28782060742378235,-0.08444313704967499,0.03801790624856949,-0.4987659156322479,-1.6028611660003662,-0.27002236247062683,-0.24476775527000427,0.36756402254104614,1.948717474937439,5.658383846282959,3.8357722759246826,3.562114715576172
29,-1.858380675315857,-0.2484394609928131,0.17985685169696808,-1.6691211462020874,-6.86255407333374,-0.6782765984535217,-1.2637649774551392,2.043571949005127,4.698584079742432,4.3007493019104,12.027250289916992,10.683119773864746,-0.2828683853149414,-1.2050532102584839,-0.4596529006958008,1.0967979431152344,-3.8166158199310303,-9.978111267089844,-0.7531481981277466,-1.9313887357711792,10.04198169708252,15.6842041015625,4.757015228271484,6.19003438949585,-0.39515915513038635,-0.01977791078388691,0.0854136124253273,-0.2769124507904053,-1.6959134340286255,-0.0857870876789093,-0.25033172965049744,0.41614824533462524,2.0002074241638184,5.82082986831665,3.74591064453125,3.440107583999634
30,-1.0986862182617188,-0.21780483424663544,0.44762617349624634,-2.645374059677124,-7.374144554138184,-0.2598634958267212,-0.8848373889923096,1.958206057548523,4.729872226715088,4.342287063598633,11.851181030273438,10.100674629211426,-0.31524989008903503,-1.0661125183105469,-0.22604236006736755,0.7745211124420166,-4.202047824859619,-9.911911964416504,-0.9628806114196777,-1.8853427171707153,10.467541694641113,15.682228088378906,5.037659645080566,6.2577314376831055,-0.12116708606481552,-0.04093166068196297,0.12306389957666397,-0.6403080224990845,-1.8548663854599,0.00557747483253479,-0.13070982694625854,0.3554292917251587,2.0234243869781494,5.903731822967529,3.6909232139587402,3.3539493083953857
31,-1.278754472732544,-0.03176368772983551,0.6951165795326233,-2.136414051055908,-7.741552829742432,0.4875703454017639,-0.9108426570892334,2.0988242626190186,4.637326240539551,4.384037971496582,11.463050842285156,9.899629592895508,-0.44549012184143066,-0.811385989189148,-0.5861710906028748,0.9407696723937988,-4.156899452209473,-9.707140922546387,-1.091700553894043,-1.9210538864135742,10.618497848510742,15.681078910827637,5.05518913269043,6.2058329582214355,-0.2832241356372833,0.019275201484560966,0.17126843333244324,-0.3546287417411804,-1.9830889701843262,0.17417222261428833,-0.1927495002746582,0.4140874743461609,2.0976381301879883,6.051413536071777,3.601698160171509,3.301058053970337
32,-0.7991915941238403,-0.14566388726234436,1.0532442331314087,-2.814786672592163,-8.211445808410645,0.7310900688171387,-0.6161442995071411,2.0388877391815186,4.644917964935303,4.403595447540283,11.311657905578613,9.78500747680664,-0.7558138370513916,-0.04489291086792946,-0.5103357434272766,0.5025733709335327,-4.509355545043945,-4.568066596984863,-1.3759253025054932,-1.871678352355957,10.91170597076416,-0.0017064358107745647,5.387320041656494,6.1781487464904785,-0.0981081947684288,-0.045510489493608475,0.2526266276836395,-0.6359696388244629,-2.106628179550171,0.135402649641037,-0.08766189962625504,0.37630975246429443,2.13027024269104,6.0658674240112305,3.548902750015259,3.2323813438415527
33,-1.4409221410751343,0.5798816680908203,1.504775047302246,-3.5007271766662598,-6.608804225921631,1.1699092388153076,-0.13630731403827667,2.894759178161621,5.256500720977783,18.986948013305664,11.142658233642578,9.742871284484863,-0.6570479273796082,0.2510495185852051,-0.9459147453308105,1.2491936683654785,-4.841108322143555,-4.321332931518555,-1.417565107345581,-1.1376688480377197,11.628463745117188,-0.0004650425398722291,5.390031814575195,3.4464316368103027,-0.38538017868995667,0.21311186254024506,0.3561592996120453,-0.7912051677703857,-1.3573440313339233,0.26515793800354004,0.03763290494680405,0.6571380496025085,2.820772647857666,4.856317520141602,3.65434193611145,3.231764078140259
34,-4.4752116203308105,1.7050256729125977,1.838350534439087,-3.108180522918701,-7.31753396987915,-0.3928261399269104,-0.9742497801780701,2.8268423080444336,5.105340003967285,17.549943923950195,11.297698020935059,11.195383071899414,-0.9597997069358826,0.38003161549568176,-0.7484093308448792,-0.7827314734458923,-5.178068161010742,-4.217406272888184,-1.4049532413482666,-1.614525318145752,12.269232749938965,-0.0004536757478490472,5.50501012802124,6.739659786224365,-1.3650882244110107,0.4977724254131317,0.3977683484554291,-0.5380151271820068,-1.979522466659546,-0.28868865966796875,-0.3222591280937195,0.54704749584198,2.8003411293029785,4.132602691650391,3.7543468475341797,2.969510078430176
35,-2.8599579334259033,1.6602383852005005,1.706298589706421,-3.2686009407043457,-7.343761444091797,-0.27381637692451477,-0.15233036875724792,1.837839961051941,4.900867938995361,16.788991928100586,11.016707420349121,8.995593070983887,-1.152543544769287,0.6119526028633118,-1.2367217540740967,-2.2733795642852783,-5.423935890197754,-4.132462978363037,-1.4774082899093628,-1.787481665611267,13.004591941833496,-0.0004262615693733096,5.613926410675049,7.5893235206604,-0.3755052387714386,0.33179059624671936,0.31780561804771423,-0.7264423370361328,-1.8894747495651245,-0.04498887062072754,0.08306574076414108,0.21839813888072968,2.9058339595794678,4.010807991027832,3.551162004470825,3.093073606491089
36,-1.696334719657898,1.8898520469665527,1.804099440574646,-3.103487968444824,-8.288618087768555,1.4999890327453613,-0.14387933909893036,1.3959197998046875,4.368648052215576,16.87861442565918,10.869478225708008,8.588384628295898,-1.2107243537902832,1.0484765768051147,-0.9103770852088928,-3.5967538356781006,-6.043481349945068,-3.730950355529785,-1.4687448740005493,-2.1311123371124268,14.065656661987305,-3.5283674151287414e-06,5.755256652832031,8.72788143157959,-0.19418087601661682,0.4199420213699341,0.3563273251056671,-0.6761903762817383,-2.3698818683624268,0.48379719257354736,-0.02913052588701248,0.20678618550300598,2.7243361473083496,4.273421287536621,3.5602176189422607,3.2232553958892822
37,-0.8302315473556519,1.7553595304489136,1.4888131618499756,-2.7997984886169434,-8.738129615783691,2.1444950103759766,-0.056195881217718124,0.9380636811256409,3.701503276824951,16.984373092651367,10.6851224899292,7.896219253540039,-1.4058064222335815,1.4997447729110718,-1.180768370628357,-4.667610168457031,-6.3466572761535645,-3.2456326484680176,-1.534461498260498,-2.6188249588012695,14.89256477355957,5.587935447692871e-09,5.793617248535156,9.868931770324707,-0.053160928189754486,0.3496711850166321,0.2508866488933563,-0.6158145666122437,-2.5107719898223877,0.4616219401359558,0.000481240451335907,0.11634747684001923,2.7439932823181152,4.322531223297119,3.5190014839172363,3.251598596572876
38,0.31800171732902527,1.6292214393615723,1.320643663406372,-2.946479558944702,-9.317272186279297,2.685850143432617,0.0151881268247962,0.33382025361061096,3.1722159385681152,17.13330841064453,10.635869026184082,7.162339210510254,-1.087141752243042,1.9229600429534912,-0.7677229046821594,-5.691739559173584,-7.001028537750244,-2.7367660999298096,-1.6801328659057617,-3.440105438232422,15.700404167175293,-0.027346376329660416,5.915585517883301,11.117986679077148,0.21676108241081238,0.32959607243537903,0.231102854013443,-0.7446157932281494,-2.755375623703003,0.5563269257545471,0.012694321572780609,-0.014438226819038391,2.7160518169403076,4.398418426513672,3.5272715091705322,3.2799909114837646
39,1.5171114206314087,2.0553131103515625,0.4323069751262665,-3.0591535568237305,-9.351634979248047,3.4932384490966797,0.2744821310043335,-0.2526850700378418,2.697620391845703,17.397844314575195,10.588520050048828,6.290481090545654,-0.5507561564445496,2.4294416904449463,-0.7635388374328613,-6.6379194259643555,-8.26837158203125,-2.1499435901641846,-1.9685568809509277,-4.4908037185668945,15.700021743774414,-0.0007407739758491516,5.995430946350098,12.2322416305542,0.4489276111125946,0.5051754713058472,-0.028921090066432953,-0.8001810312271118,-2.769190549850464,0.7504206299781799,0.0847393199801445,-0.1360817402601242,2.773073673248291,4.53189754486084,3.5684807300567627,3.2611136436462402
40,1.9457178115844727,2.752410888671875,-0.4739081561565399,-3.022240161895752,-8.23029613494873,3.581382989883423,0.4676610827445984,-0.885780930519104,2.774853229522705,17.659931182861328,10.51467227935791,5.464371681213379,-0.7273985147476196,3.0278573036193848,-0.33578363060951233,-7.483580112457275,-4.479767322540283,-1.6255030632019043,-2.2154297828674316,-6.001957893371582,-0.0012528704246506095,-0.00047685950994491577,6.008792400360107,13.981895446777344,0.44299551844596863,0.7106454968452454,-0.2184453308582306,-0.796981930732727,-2.331862211227417,0.6922258734703064,0.11167597025632858,-0.3094444274902344,2.9221389293670654,4.67717170715332,3.54323148727417,3.2015938758850098
41,-0.45373910665512085,4.399318218231201,-3.7920308113098145,-2.7180490493774414,-5.806283473968506,0.5559395551681519,1.7457878589630127,-2.1848623752593994,7.050990104675293,17.695384979248047,10.450285911560059,4.174117088317871,-0.7366083860397339,3.6122586727142334,-0.4968016743659973,-8.959183692932129,-5.571903705596924,-1.5540635585784912,-2.4045426845550537,-7.6097917556762695,-0.00023720413446426392,0.07276847958564758,6.146655082702637,15.700390815734863,-0.41080227494239807,1.2606277465820312,-1.2415313720703125,-0.6938332319259644,-0.7676107287406921,-0.27016276121139526,0.4852237105369568,-0.7778888940811157,0.6551854014396667,4.616045951843262,3.5043559074401855,3.106226682662964
42,-1.6156275272369385,3.320068359375,-3.5557003021240234,0.34381231665611267,-2.1774163246154785,1.5827932357788086,0.365620881319046,-2.1649253368377686,4.606161117553711,18.002182006835938,10.415053367614746,2.9022762775421143,-0.9972668886184692,4.1994242668151855,-0.5870167016983032,-8.259514808654785,-5.963654041290283,-1.3017226457595825,-2.2413511276245117,-8.244038581848145,-0.00013985377154313028,0.0012085725320503116,5.895317554473877,15.700000762939453,-0.4918431341648102,0.6088155508041382,-0.6989226937294006,0.5734695196151733,0.01885480061173439,0.4325851798057556,-0.10397271066904068,-0.6052694320678711,0.5985097885131836,4.906188488006592,3.576150417327881,2.9405863285064697
43,-1.1195642948150635,1.9614826440811157,-2.88006591796875,0.761945903301239,-1.254852056503296,1.8966213464736938,0.8010050654411316,-1.7333478927612305,2.606494665145874,17.998889923095703,10.400757789611816,2.887052059173584,-1.1951897144317627,4.559315204620361,-0.6419588327407837,-7.397984504699707,-6.193941593170166,-1.0279221534729004,-2.4226951599121094,-8.62746524810791,-8.043147681746632e-05,1.5981495380401611e-06,5.992738723754883,15.699942588806152,-0.16522327065467834,0.2570471465587616,-0.49893298745155334,0.16403475403785706,-0.16542977094650269,0.4063308835029602,0.203481525182724,-0.41043490171432495,0.2549276053905487,4.727437973022461,3.3963377475738525,2.9894638061523438
44,-0.7087516784667969,1.1215535402297974,-2.5978329181671143,1.0836118459701538,-0.7560465335845947,2.8525025844573975,0.9391663670539856,-1.5642294883728027,1.5839054584503174,18.027149200439453,10.39123821258545,2.8278212547302246,-1.3387949466705322,4.787359714508057,-0.6689864993095398,-6.462892532348633,-6.341129779815674,-0.5844908952713013,-2.392399311065674,-8.870969772338867,-4.928508133161813e-05,0.00019396640709601343,5.9050493240356445,15.689492225646973,-0.09164046496152878,0.1366918534040451,-0.49499043822288513,0.21036431193351746,-0.10867708176374435,0.6817774176597595,0.19044026732444763,-0.41368377208709717,0.1805248111486435,4.771206855773926,3.5075149536132812,2.872300386428833
45,-0.29852110147476196,0.5642591118812561,-2.4942166805267334,1.2333576679229736,-0.26067066192626953,3.4858765602111816,0.8486489057540894,-1.5336365699768066,0.7744409441947937,18.080827713012695,10.5596284866333,2.764465808868408,-1.4257655143737793,4.925444602966309,-0.731880247592926,-5.516062259674072,-6.410040378570557,-0.031665727496147156,-2.5237812995910645,-9.052693367004395,-2.461366239003837e-05,-1.073919702321291e-05,5.9320173263549805,15.670618057250977,-0.005731217563152313,0.047425370663404465,-0.4982358515262604,0.22263899445533752,0.01684385910630226,0.7791100144386292,0.14620748162269592,-0.43369603157043457,0.04696133732795715,4.806320667266846,3.570067882537842,2.772757053375244
46,0.10690227150917053,0.1945214867591858,-2.4463160037994385,1.181555151939392,0.22758688032627106,3.991373300552368,0.7689515948295593,-1.5467242002487183,-0.015711121261119843,18.166976928710938,10.611364364624023,2.689544677734375,-1.4669429063796997,4.999972343444824,-0.7556100487709045,-4.644308567047119,-6.396578311920166,0.6127620339393616,-2.4919238090515137,-9.201207160949707,-2.9652842385985423e-06,-0.00016783384489826858,5.837270736694336,15.650885581970215,0.07568464428186417,-0.011936979368329048,-0.4974881112575531,0.19759026169776917,0.1065937951207161,0.8833869099617004,0.13170114159584045,-0.4487552046775818,-0.10851484537124634,4.859723091125488,3.594602584838867,2.6504104137420654
47,0.5330957770347595,0.026625579223036766,-2.461993455886841,1.131101131439209,0.6071897149085999,4.212730407714844,0.47860702872276306,-1.6512246131896973,-0.8743135929107666,18.227872848510742,10.736233711242676,2.6064441204071045,-1.5156772136688232,5.06053352355957,-0.8108852505683899,-3.758709669113159,-5.715750217437744,1.2771310806274414,-2.6380422115325928,-9.382808685302734,-1.9718542098999023,-0.00040201895171776414,5.860313892364502,15.699702262878418,0.15588891506195068,-0.020367639139294624,-0.5094785094261169,0.19360318779945374,0.1419493556022644,0.913118302822113,0.052744679152965546,-0.4996812343597412,-0.2897094488143921,4.881854057312012,3.6145927906036377,2.5285415649414062
48,0.5126236081123352,0.03082887828350067,-2.6552984714508057,0.8647629022598267,0.8242366313934326,4.171206951141357,0.1813983917236328,-1.8581433296203613,-3.5691661834716797,18.291187286376953,10.742969512939453,2.4387154579162598,-1.881791353225708,5.072670936584473,-0.829041600227356,-2.9251368045806885,-3.0746545791625977,1.9011844396591187,-2.6950459480285645,-9.608556747436523,-10.216727256774902,-0.0004004723741672933,5.778375148773193,15.700089454650879,0.09491927176713943,0.00809590332210064,-0.575748085975647,0.12563052773475647,0.1641969084739685,0.8890966773033142,-0.00334138423204422,-0.5858179330825806,-1.2301098108291626,4.914716720581055,3.61673641204834,2.32826566696167
49,-0.8554092049598694,-0.41921189427375793,-3.3583498001098633,0.9439094662666321,-1.1771796941757202,5.049795150756836,-0.5563820600509644,-2.5364720821380615,-7.179274559020996,18.558917999267578,11.099714279174805,1.918159008026123,-2.436267614364624,4.901273727416992,-0.9681405425071716,-2.8662467002868652,-1.7891453504562378,2.689328908920288,-2.931079387664795,-9.554771423339844,-15.691335678100586,-0.010231176391243935,5.846767902374268,15.700193405151367,-0.36998677253723145,-0.12455452978610992,-0.7948051691055298,0.18436077237129211,-0.5316513180732727,1.2442209720611572,-0.22611096501350403,-0.8925642371177673,-7.620787620544434,5.128702163696289,3.853776216506958,1.491414189338684
50,0.22842927277088165,-3.2259910106658936,-4.146291255950928,1.5730171203613281,-1.0484927892684937,5.359184741973877,-1.6244522333145142,-3.2091784477233887,-4.324435710906982,18.290210723876953,11.14641284942627,1.5158263444900513,-2.765916109085083,4.08543586730957,-1.3025381565093994,-2.809777021408081,-2.3445544242858887,3.495762348175049,-3.0711731910705566,-9.898672103881836,-15.667065620422363,-0.009066173806786537,5.796339988708496,15.70041275024414,0.19220921397209167,-0.887310266494751,-0.9815928936004639,0.36477378010749817,-0.19688540697097778,1.273219347000122,-0.5205395817756653,-1.0895411968231201,-12.669321060180664,4.795926570892334,3.8386528491973877,1.1696079969406128
51,1.2340404987335205,-1.4909957647323608,-4.261101245880127,1.760550618171692,0.8466396927833557,5.353557586669922,-1.0201541185379028,-3.7635042667388916,-4.790761947631836,18.416370391845703,11.470233917236328,1.347777247428894,-3.023331642150879,3.5526773929595947,-1.6466631889343262,-1.3490040302276611,-2.555845022201538,4.39717435836792,-3.255427122116089,-5.086740493774414,-15.572081565856934,-0.011071201413869858,5.905040264129639,-0.002675184980034828,0.3491932451725006,-0.06770779192447662,-0.9251671433448792,0.345868855714798,0.41150158643722534,1.2639515399932861,-0.1387697160243988,-1.2725327014923096,-11.72512149810791,4.99757719039917,4.054673671722412,1.1581121683120728
52,-0.06794308125972748,-0.3917868733406067,-3.002181053161621,2.508427619934082,3.925692081451416,4.423187255859375,-0.4761485159397125,-1.9059491157531738,-5.0518598556518555,17.88593864440918,11.328588485717773,-0.3490786552429199,-3.252053737640381,3.6130480766296387,-1.6568979024887085,-0.6925755739212036,-2.0397253036499023,5.128781318664551,-3.3784773349761963,-5.368690490722656,-15.697942733764648,-0.013674292713403702,5.9625563621521,0.0010154142510145903,-0.17595019936561584,0.05823550745844841,-0.4663209617137909,0.5886361598968506,1.1222740411758423,0.9310198426246643,-0.02648787945508957,-0.01683203876018524,-10.704329490661621,4.525892734527588,3.90425705909729,-0.9546908140182495
53,0.8488244414329529,-1.3132461309432983,-2.713695526123047,2.142698049545288,4.883686542510986,2.54512882232666,-0.6949509978294373,-2.0300204753875732,-4.967711925506592,17.418569564819336,10.95930290222168,-3.8482489585876465,-3.4417660236358643,3.368262529373169,-1.8131440877914429,0.1995416283607483,-1.386523723602295,5.520740509033203,-3.5102458000183105,-3.273638963699341,-15.697940826416016,-0.014078695327043533,5.994541645050049,-7.329713344573975,0.26570603251457214,-0.3447282612323761,-0.5361153483390808,0.3788764774799347,1.0597233772277832,0.3325234055519104,-0.18985626101493835,-0.5198697447776794,-10.555930137634277,4.338919639587402,3.647254467010498,-1.265881896018982
54,0.7057973742485046,-1.3591753244400024,-2.4154438972473145,1.559477686882019,5.247421741485596,1.8677972555160522,-0.7102911472320557,-1.5798429250717163,-4.947460651397705,16.88236427307129,10.560818672180176,-7.367119789123535,-3.751459836959839,3.0315213203430176,-1.9831840991973877,0.898715615272522,-0.5976197719573975,5.820582866668701,-3.52482008934021,-0.8545159697532654,-15.697982788085938,-0.013985991477966309,5.9460248947143555,-15.69887924194336,0.10900328308343887,-0.25136783719062805,-0.4754684269428253,0.2442472279071808,1.0809473991394043,0.3540601134300232,-0.1637108325958252,-0.26172101497650146,-9.385221481323242,4.10114049911499,3.4510979652404785,-4.2071685791015625
55,1.9360642433166504,-1.9918920993804932,-2.2407660484313965,1.785588264465332,4.339066982269287,0.2290782779455185,-0.36804625391960144,-1.75479257106781,-4.89050817489624,16.438133239746094,9.941437721252441,-3.8949198722839355,-3.5077061653137207,2.8033015727996826,-2.0699849128723145,1.4068154096603394,-0.028292402625083923,5.701801776885986,-3.727313756942749,-1.4849915504455566,-15.698213577270508,-0.012861102819442749,6.029415607452393,-15.699670791625977,0.49116596579551697,-0.44152072072029114,-0.45834997296333313,0.40519705414772034,0.7557997107505798,-0.21045154333114624,-0.031746573746204376,-0.36641132831573486,-8.510865211486816,3.9533939361572266,3.0762007236480713,-8.132726669311523
56,2.801809549331665,-2.2214345932006836,-2.755186080932617,0.183933287858963,4.068699359893799,0.17244093120098114,-0.3056352734565735,1.093127727508545,-4.8068437576293945,16.09963035583496,10.253316879272461,-4.32853889465332,-3.302135467529297,2.318502426147461,-2.2363502979278564,1.3863611221313477,0.551490306854248,5.6414794921875,-3.750838041305542,-1.5655654668807983,-15.698470115661621,-0.011831320822238922,5.984127521514893,-15.698986053466797,0.6103329658508301,-0.4373643100261688,-0.6708954572677612,-0.18117818236351013,0.7951814532279968,0.03304773569107056,-0.06069887429475784,0.5911508202552795,-7.731558799743652,3.8540985584259033,3.553105592727661,-6.980985641479492
57,2.7033488750457764,-2.4062371253967285,-2.6609725952148438,0.18991844356060028,3.033747673034668,-0.5991183519363403,-0.7663647532463074,0.7440391182899475,-4.727529048919678,15.768622398376465,10.35513973236084,-4.467670917510986,-3.0216064453125,1.7630022764205933,-2.4504494667053223,1.409278392791748,0.8999109268188477,5.402309894561768,-3.9205451011657715,-1.7717851400375366,-15.698532104492188,-0.010717254132032394,6.033391952514648,-15.699821472167969,0.47910061478614807,-0.47537413239479065,-0.5664203763008118,0.04063686728477478,0.48990577459335327,-0.19666427373886108,-0.24553149938583374,0.09686703979969025,-7.271166801452637,3.736636161804199,3.4895131587982178,-6.704914093017578
58,3.1435768604278564,-2.9865899085998535,-2.1936304569244385,0.3270513415336609,2.772488832473755,-0.7100662589073181,-0.6742871999740601,1.1728435754776,-4.621319770812988,15.6300048828125,10.17219066619873,-4.4788007736206055,-2.5616114139556885,1.1069058179855347,-2.575592517852783,1.5419577360153198,1.201558232307434,5.117480754852295,-4.033954620361328,-1.9030210971832275,-15.698786735534668,-0.00981920212507248,6.033815383911133,-15.699244499206543,0.6312203407287598,-0.6466089487075806,-0.41380736231803894,0.08783712983131409,0.5429982542991638,-0.1334344744682312,-0.14173728227615356,0.2752283215522766,-6.6612348556518555,3.733276844024658,3.354182243347168,-6.400897979736328
59,3.1899025440216064,-2.6683239936828613,-2.140256404876709,0.4781661033630371,2.1380600929260254,-0.9542056918144226,-0.7041657567024231,1.080263614654541,-4.462884426116943,15.460272789001465,10.092118263244629,-4.425057888031006,-1.9434936046600342,0.5315588712692261,-2.7040586471557617,1.8180294036865234,1.352373480796814,4.7714924812316895,-4.271475315093994,-2.0938327312469482,-15.698751449584961,-0.008746393024921417,6.132853031158447,-15.699857711791992,0.6022763252258301,-0.4834116995334625,-0.46326568722724915,0.12227347493171692,0.36197537183761597,-0.19168704748153687,-0.1677495837211609,0.19109506905078888,-5.926906108856201,3.6665124893188477,3.3381271362304688,-6.035304069519043
60,2.994584083557129,-2.5235044956207275,-1.7619675397872925,0.6040529608726501,1.4374130964279175,-1.3489348888397217,-0.5970025658607483,0.9253248572349548,-4.263751983642578,15.365653038024902,9.906510353088379,-4.323609352111816,-1.2236392498016357,-0.011995106004178524,-2.7123262882232666,2.212738275527954,1.3240735530853271,4.335996627807617,-4.434259414672852,-2.352726936340332,-15.69905948638916,-0.007660098373889923,6.157895088195801,-15.699506759643555,0.5481613874435425,-0.4851294457912445,-0.3337821662425995,0.14714446663856506,0.20487970113754272,-0.27970951795578003,-0.12352079898118973,0.152964785695076,-5.257645130157471,3.6513423919677734,3.2753021717071533,-5.611756324768066
61,2.616380214691162,-1.8770021200180054,-1.4277843236923218,0.546427309513092,0.5612945556640625,-1.5803897380828857,-0.5626569986343384,0.5114321112632751,-3.979004144668579,15.37617301940918,9.86776065826416,-4.196952819824219,-0.4290311336517334,-0.4176345467567444,-2.7506601810455322,2.6958258152008057,1.0429414510726929,3.8525447845458984,-4.742349624633789,-2.755593776702881,-15.698893547058105,-0.006485628895461559,6.299714088439941,-15.69990062713623,0.4645030200481415,-0.2956778109073639,-0.26522544026374817,0.11089751124382019,-0.0049639297649264336,-0.30564743280410767,-0.1272222399711609,0.0427670031785965,-4.471510410308838,3.6797075271606445,3.2940104007720947,-5.210668563842773
62,2.1753997802734375,-1.4872260093688965,-0.8634009957313538,0.5932590961456299,-0.20282794535160065,-1.9178338050842285,-0.33196690678596497,0.2254224568605423,-3.6009466648101807,15.456706047058105,9.66409683227539,-4.043191432952881,0.4123668074607849,-0.7328411936759949,-2.6245405673980713,3.2848823070526123,0.5192442536354065,3.3015947341918945,-4.953639984130859,-3.2520296573638916,-15.699209213256836,-0.005318888463079929,6.365156173706055,-15.699919700622559,0.3805491626262665,-0.2525933086872101,-0.10754003375768661,0.13860884308815002,-0.14367276430130005,-0.3834020495414734,-0.04336924105882645,0.005591467022895813,-3.6790871620178223,3.7248010635375977,3.222059488296509,-4.797523021697998
63,1.8183609247207642,-0.7823795080184937,-0.4528040289878845,0.5421262383460999,-0.5920771360397339,-1.9455891847610474,-0.2808434069156647,0.0225821640342474,-3.076166868209839,15.579209327697754,9.552515983581543,-3.869351863861084,1.3048079013824463,-0.8724378347396851,-2.5646657943725586,3.981503963470459,-0.161244735121727,2.7526016235351562,-5.304854869842529,-3.827632427215576,-15.698951721191406,-0.0041588712483644485,6.534538269042969,-15.699946403503418,0.32909902930259705,-0.06621862947940826,-0.03865494579076767,0.11598667502403259,-0.16794556379318237,-0.3584226965904236,-0.059518881142139435,-0.020742222666740417,-2.7916879653930664,3.778817892074585,3.2034943103790283,-4.400826454162598
64,1.2996407747268677,-0.14069963991641998,0.25443676114082336,0.46588048338890076,-0.5136860609054565,-2.100860118865967,-0.11401502043008804,-0.048772651702165604,-2.423786163330078,15.715320587158203,9.341113090515137,-3.628373146057129,2.160454034805298,-0.8416978716850281,-2.28023099899292,4.764706611633301,-0.8362593054771423,2.1971075534820557,-5.517604827880859,-4.424012184143066,-15.699206352233887,-0.003077123314142227,6.624715328216553,-15.699955940246582,0.20716223120689392,0.058623652905225754,0.14433953166007996,0.0978422462940216,-0.09455876797437668,-0.40887027978897095,-0.0013137534260749817,-0.02134363353252411,-1.927557110786438,3.8317456245422363,3.152479887008667,-3.8768036365509033
65,0.9417062401771545,0.917026698589325,0.939541757106781,0.10761866718530655,-0.23218555748462677,-2.2102410793304443,-0.09701395779848099,0.1338983029127121,-1.6630675792694092,15.868500709533691,9.273276329040527,-3.3171932697296143,2.9999399185180664,-0.5350943207740784,-2.132652997970581,5.611203670501709,-1.4350974559783936,1.657352089881897,-5.8564133644104,-4.98492956161499,-15.698870658874512,-0.002025559078902006,6.798593521118164,-15.699973106384277,0.1570957601070404,0.31716081500053406,0.26013025641441345,-0.028967589139938354,-0.01074653398245573,-0.43118828535079956,-0.02114207297563553,0.04636533558368683,-1.0802792310714722,3.892648220062256,3.1763875484466553,-3.3150577545166016
66,0.3555181920528412,1.8711307048797607,1.724793553352356,-0.4754306972026825,-0.09162162244319916,-2.5090019702911377,0.034813325852155685,0.8914202451705933,-0.8960144519805908,15.912713050842285,9.144015312194824,-2.8911914825439453,3.662273406982422,-0.021644536405801773,-1.689851999282837,6.385594367980957,-1.95945405960083,1.1266019344329834,-6.0178399085998535,-5.298114776611328,-15.698925971984863,-0.0011049231979995966,6.906540393829346,-15.699995994567871,-0.0036454424262046814,0.49570176005363464,0.4215676188468933,-0.1506752073764801,-0.00022679101675748825,-0.5201495289802551,0.025553159415721893,0.23956377804279327,-0.3538080155849457,3.8824055194854736,3.1708943843841553,-2.6418449878692627
67,-0.22454732656478882,3.059422731399536,2.141618251800537,-1.2666637897491455,0.41476133465766907,-2.477593421936035,-0.08807192742824554,1.6036654710769653,-0.1770252287387848,15.911201477050781,9.185738563537598,-2.345550298690796,4.071680545806885,0.7336788773536682,-1.5753437280654907,7.0007734298706055,-2.256493091583252,0.672303318977356,-6.255606174468994,-5.372653484344482,-15.68714427947998,-0.00043071131221950054,7.034146785736084,-15.70000171661377,-0.11940553039312363,0.781059741973877,0.46265748143196106,-0.29528293013572693,0.14267539978027344,-0.4806625247001648,-0.04058010131120682,0.3532419800758362,0.27792248129844666,3.8708181381225586,3.2650718688964844,-1.9205611944198608
68,-0.990452229976654,3.703202724456787,2.574373960494995,-1.7165069580078125,0.7049542665481567,-2.77321720123291,-0.043852467089891434,2.4550986289978027,3.562243938446045,15.86120319366455,9.241523742675781,-1.6814237833023071,4.619381427764893,1.5960923433303833,-1.1284685134887695,7.422191143035889,-2.688479423522949,0.23410290479660034,-6.290484428405762,-5.079270362854004,-11.667462348937988,-0.0004262126749381423,7.134204864501953,-15.700006484985352,-0.26439860463142395,0.8673237562179565,0.5475401282310486,-0.32539162039756775,0.16674566268920898,-0.5888437628746033,-0.003775067627429962,0.5146453976631165,0.7819925546646118,3.8407034873962402,3.345301389694214,-1.1608080863952637
69,-0.014079326763749123,4.7546257972717285,2.277107000350952,-3.7179248332977295,4.2498779296875,-2.7795820236206055,-0.4192708730697632,4.6199798583984375,9.101470947265625,15.54664421081543,9.532906532287598,-0.7222373485565186,5.7374091148376465,2.593017816543579,-1.2401769161224365,7.123029708862305,-1.756115198135376,-0.08837013691663742,-6.255924701690674,-4.0179314613342285,-1.7539430856704712,-0.0004167467122897506,7.118766784667969,-15.622135162353516,0.11227748543024063,1.1924700736999512,0.4064387381076813,-0.8166009187698364,1.241095781326294,-0.5603327751159668,-0.16937309503555298,1.0573629140853882,1.7254817485809326,3.6653056144714355,3.6060574054718018,-0.07604405283927917
70,-3.3708438873291016,5.902993679046631,2.6847305297851562,-2.361537218093872,7.74229621887207,-4.446986198425293,-0.3282451927661896,7.919464111328125,12.099869728088379,14.839009284973145,9.863870620727539,7.616299629211426,5.738923072814941,4.011280536651611,-0.8200211524963379,6.17876672744751,0.992569088935852,-0.6889533400535583,-6.052145004272461,-2.9549968242645264,10.6531982421875,-0.00041542667895555496,7.195150852203369,-6.822929859161377,-0.9550321102142334,1.5361636877059937,0.5696271061897278,-0.23908454179763794,2.0369348526000977,-1.1408321857452393,-0.06745440512895584,1.8988710641860962,3.452850580215454,3.342123031616211,3.7639169692993164,1.9790654182434082
71,0.0738951712846756,5.033648490905762,3.3994460105895996,-4.9345550537109375,3.281473398208618,-2.6602883338928223,4.364589214324951,11.973501205444336,6.445101261138916,12.898801803588867,10.770194053649902,12.529508590698242,6.033692836761475,5.262985706329346,-0.8608756065368652,3.6351611614227295,1.8446401357650757,-0.997292160987854,-6.097626686096191,-0.9198583364486694,15.700000762939453,0.00039773076423443854,7.468607425689697,6.899772644042969,0.4089548885822296,1.0939412117004395,0.7660087943077087,-1.1314557790756226,0.15578234195709229,-0.3133211135864258,1.298625111579895,3.0787556171417236,3.714109420776367,2.54325270652771,4.649941444396973,2.850648880004883
72,-8.385292053222656,4.593936443328857,6.580751895904541,-4.507120132446289,-5.695635795593262,-2.4948489665985107,6.372232437133789,5.1128926277160645,3.5015645027160645,12.041064262390137,10.582019805908203,5.971359729766846,2.8554670810699463,5.874321937561035,-0.8737281560897827,1.0903455018997192,-0.7896508574485779,-1.2419424057006836,-5.704844951629639,-0.26808875799179077,15.700007438659668,0.00018442612781655043,7.405364990234375,13.861953735351562,-2.569140672683716,1.1011677980422974,1.7706193923950195,-0.8023022413253784,-2.439044713973999,-0.4989662766456604,1.3150185346603394,0.20013077557086945,4.582036972045898,2.507606029510498,4.256340026855469,1.8808385133743286
73,0.3739776611328125,1.1815539598464966,4.793468952178955,-3.705958366394043,2.3581807613372803,4.057000637054443,7.942368507385254,5.048562526702881,3.6179959774017334,13.557426452636719,11.05334758758545,4.016556739807129,2.388219118118286,6.198611259460449,-1.2064357995986938,-0.23893044888973236,-0.1583673357963562,-0.41706573963165283,-5.579477787017822,0.8487545847892761,15.700006484985352,0.0004411523404996842,7.324185371398926,15.581544876098633,1.0881025791168213,-0.2532104551792145,0.704953670501709,-0.6602510213851929,1.5337519645690918,1.7150700092315674,1.5756117105484009,1.0223180055618286,4.287940502166748,3.4069976806640625,4.729152679443359,3.7494804859161377
74,-4.0097336769104,2.82791805267334,6.276009559631348,-3.7124805450439453,-1.3546645641326904,-1.3121756315231323,7.701950550079346,1.6832804679870605,3.8347408771514893,12.63938045501709,10.99482536315918,3.1504194736480713,0.8019788861274719,6.610645771026611,-1.085277795791626,-1.33773934841156,-0.8830241560935974,-0.5977326035499573,-5.105402946472168,0.8775616884231567,15.70000171661377,2.2057065507397056e-07,7.0444746017456055,15.545292854309082,-1.3276357650756836,1.0064703226089478,1.4331070184707642,-0.7775580883026123,-0.7670682072639465,-0.97686368227005,1.3083736896514893,-0.08983604609966278,4.885475158691406,2.656395435333252,4.374460697174072,3.4901645183563232
75,0.3839896023273468,-0.7379848957061768,4.685468673706055,-1.1202633380889893,0.9695988893508911,1.0391484498977661,9.516599655151367,2.7992055416107178,3.8551738262176514,12.087149620056152,11.337247848510742,3.675936460494995,0.6911885142326355,6.543806552886963,-1.2453627586364746,-1.414330005645752,-0.8935925364494324,-0.5504646301269531,-5.203227996826172,1.3006892204284668,15.700008392333984,0.00017099930846598,7.088181495666504,15.572559356689453,0.630587100982666,-0.681270956993103,0.7082279920578003,0.10818818211555481,0.49741441011428833,0.5191543698310852,1.9506185054779053,0.7360993027687073,4.639013767242432,2.5734286308288574,4.549004554748535,4.646394729614258
76,-2.7119600772857666,0.47109681367874146,5.213000297546387,-0.8019099235534668,-0.8340215086936951,-0.7151367664337158,9.996710777282715,0.9980344772338867,3.9946742057800293,10.795660018920898,11.193338394165039,3.898308515548706,-0.2543458044528961,6.615668296813965,-1.022625207901001,-1.4967824220657349,-1.4221415519714355,-0.7801852822303772,-4.7723212242126465,1.1638336181640625,15.699623107910156,-1.4499382814392447e-06,6.818068981170654,15.557377815246582,-0.9489837884902954,0.2816708981990814,1.0844857692718506,-0.12419584393501282,-0.41316932439804077,-0.3794974386692047,1.8455942869186401,-0.036733075976371765,5.148746967315674,2.119915008544922,4.382570743560791,4.809728622436523
77,-0.740250825881958,-3.2098655700683594,4.608304500579834,0.34008821845054626,2.542513132095337,0.2183721512556076,10.079477310180664,0.9255889654159546,4.066210746765137,9.694025039672852,11.219096183776855,4.119351863861084,-0.7510715126991272,5.901650428771973,-1.2587248086929321,-1.3749033212661743,-0.9423443675041199,-0.9906727075576782,-4.849145889282227,1.0499086380004883,15.7000150680542,0.002385207684710622,6.771822929382324,15.590311050415039,0.10464201122522354,-0.9710088968276978,0.8265950679779053,0.22034689784049988,0.9360567927360535,0.16815119981765747,1.8541382551193237,0.1819484978914261,5.214539527893066,1.887189269065857,4.209173679351807,5.2407660484313965
78,-1.0263726711273193,-2.498762845993042,4.241448402404785,0.45568758249282837,0.04429250955581665,0.7724708914756775,10.788891792297363,0.6710558533668518,4.184206485748291,8.849174499511719,11.011958122253418,4.178652763366699,-1.2232623100280762,5.364114761352539,-1.0877797603607178,-1.218859076499939,-1.241685390472412,-1.0427800416946411,-4.4408793449401855,0.9020513892173767,15.699349403381348,1.2192685971967876e-06,6.491407871246338,15.583732604980469,-0.25157830119132996,-0.3461414873600006,0.7696206569671631,0.10207966715097427,-0.30983954668045044,0.22106781601905823,2.05977201461792,0.10341067612171173,5.632333755493164,1.7318904399871826,4.045771598815918,5.269947052001953
79,-0.4017220139503479,-3.1093037128448486,3.450911521911621,0.18131650984287262,2.5368947982788086,1.2655006647109985,10.076719284057617,0.027944594621658325,4.289701461791992,7.7623443603515625,10.959983825683594,4.298083782196045,-1.6359153985977173,4.665677547454834,-1.3348455429077148,-1.2367722988128662,-0.8361564874649048,-1.0057085752487183,-4.475665092468262,0.5834717750549316,15.700007438659668,0.0031113452278077602,6.380675315856934,15.616889953613281,0.0007719770073890686,-0.6044260263442993,0.5701366662979126,-1.7568469047546387e-05,0.8144588470458984,0.30843669176101685,1.7669187784194946,-0.08311383426189423,5.936017990112305,1.451905608177185,3.8744056224823,5.623749256134033
80,0.40639111399650574,-3.4864370822906494,3.162238836288452,0.09519964456558228,0.5676310658454895,0.7787777185440063,10.572854995727539,0.2089998722076416,4.395514488220215,6.359354019165039,10.589530944824219,4.335690975189209,-1.778307318687439,3.9006383419036865,-1.6193649768829346,-1.2755513191223145,-1.0006229877471924,-1.0452772378921509,-2.2770986557006836,0.3691149055957794,15.700006484985352,0.00870215892791748,0.5536665916442871,15.591462135314941,0.18440738320350647,-0.6585909128189087,0.5679950714111328,0.007246121764183044,-0.1407976746559143,0.08812618255615234,2.011733293533325,0.06720729172229767,6.322144508361816,1.1050562858581543,3.5756094455718994,5.745802402496338
81,-1.422194242477417,-2.368156909942627,2.446739673614502,-0.08076561987400055,1.0632390975952148,0.9041053652763367,11.611817359924316,-0.37792322039604187,4.534016132354736,5.121522426605225,14.010164260864258,4.399058818817139,-2.5224878787994385,3.2950515747070312,-1.3081002235412598,-1.7006347179412842,-0.8736168742179871,-0.8677341341972351,0.3226551413536072,0.2695104479789734,15.700002670288086,0.009181002154946327,-0.00297456793487072,15.413575172424316,-0.5578280687332153,-0.2967464029788971,0.37098297476768494,-0.040306538343429565,0.26966720819473267,0.1908791959285736,2.610025644302368,-0.15291975438594818,7.023991107940674,0.8696603178977966,3.12336802482605,5.800766944885254
82,-0.08926594257354736,-1.7574814558029175,1.473164677619934,2.0341389179229736,1.6286675930023193,-0.6397113800048828,8.578348159790039,-0.397494912147522,4.535755634307861,5.832198143005371,12.55569076538086,4.614691734313965,-2.559784412384033,3.021963119506836,-1.1860222816467285,-1.1954604387283325,-0.7425171732902527,-1.0853807926177979,0.8843061923980713,-0.010060095228254795,15.698939323425293,0.00015506299678236246,-0.0028425613418221474,15.525795936584473,0.1691283881664276,-0.248726025223732,0.16108933091163635,0.6572825908660889,0.39127421379089355,-0.3366430103778839,1.5000160932540894,-0.08155132830142975,6.608672142028809,1.2934863567352295,2.467902421951294,5.927556037902832
83,0.19736142456531525,-2.80690598487854,1.8107489347457886,1.2535377740859985,-0.2106897234916687,-0.7411977648735046,8.243532180786133,-0.9505912661552429,4.557582378387451,5.622131824493408,12.02389907836914,4.506226062774658,-2.573025703430176,2.441716194152832,-1.0618059635162354,-0.9744722843170166,-1.0689741373062134,-1.3544156551361084,2.01814603805542,-0.3875558376312256,15.699953079223633,-6.676665407212568e-07,-0.0029767625965178013,15.520182609558105,0.07362774759531021,-0.6430431604385376,0.3933764398097992,0.14521649479866028,-0.28337985277175903,-0.1685536503791809,1.751681923866272,-0.26472026109695435,6.7560625076293945,1.1166210174560547,2.559863328933716,5.857719421386719
84,1.2207975387573242,-1.679653286933899,0.4344031512737274,1.9180893898010254,0.11818136274814606,0.4402879476547241,5.759202003479004,-1.7092434167861938,4.564791679382324,5.72594690322876,11.832703590393066,4.534106254577637,-2.210279941558838,2.2523422241210938,-1.0290586948394775,-0.46980351209640503,-1.336103916168213,-1.3970624208450317,3.1058387756347656,-0.9643212556838989,15.699943542480469,2.547013195908221e-07,-0.0029753181152045727,15.508197784423828,0.35128656029701233,-0.1778510957956314,-0.09242548793554306,0.4600226581096649,0.0668497160077095,0.24318313598632812,0.9375323057174683,-0.45177775621414185,6.755910873413086,1.1834162473678589,2.5693414211273193,5.970526695251465
85,1.6558837890625,-2.166121244430542,1.2553850412368774,1.1343834400177002,-1.0680506229400635,-0.09027314931154251,3.298442840576172,-1.3337889909744263,4.578903675079346,6.03085470199585,10.607722282409668,4.551306247711182,-1.7500090599060059,1.9238908290863037,-0.7567349672317505,-0.08984924107789993,-1.88797926902771,-1.5775623321533203,3.646864652633667,-1.489396333694458,15.699938774108887,6.158777523523895e-07,-0.0032442021183669567,15.504988670349121,0.3649800717830658,-0.46614518761634827,0.34932318329811096,0.12462058663368225,-0.3886546492576599,-0.08774310350418091,0.40389448404312134,-0.2286197692155838,6.838932037353516,1.2773743867874146,2.0846660137176514,5.950610160827637
86,2.2952840328216553,-2.318499803543091,-0.07836337387561798,1.3895909786224365,-1.4553731679916382,0.4381571412086487,1.177059531211853,-2.1056196689605713,4.59080696105957,6.37001371383667,10.04804515838623,4.537867546081543,-1.1667261123657227,1.5693844556808472,-0.6969881057739258,0.3200071156024933,-2.530869960784912,-1.692203402519226,3.7760467529296875,-2.198326349258423,15.699934005737305,-6.300076051957149e-07,-0.003412235528230667,15.49965763092041,0.519480288028717,-0.4591499865055084,-0.18874743580818176,0.3133552372455597,-0.36932605504989624,0.15145355463027954,-0.04395086318254471,-0.5572834610939026,6.88828182220459,1.355604887008667,2.0565803050994873,5.851720333099365
87,2.304957389831543,-2.231999158859253,0.7745503783226013,0.4132613241672516,-2.0130014419555664,0.7010229229927063,-0.8503594398498535,-1.6262508630752563,4.611038684844971,6.524234771728516,9.015568733215332,4.547132968902588,-0.7891000509262085,1.0822112560272217,-0.503937840461731,-1.0535346269607544,-3.219836711883545,-1.6944292783737183,3.5408287048339844,0.1252453327178955,15.700016975402832,-0.0004211651103105396,-0.0035837143659591675,-5.117554664611816,0.4518131911754608,-0.41766491532325745,0.26333341002464294,-0.04549476504325867,-0.5277702808380127,0.16579371690750122,-0.4316444993019104,-0.28979575634002686,7.014427661895752,1.362322211265564,1.7405951023101807,5.907301425933838
88,2.6790642738342285,-6.231332778930664,-0.3309861421585083,3.9654359817504883,-4.746637344360352,-1.897730827331543,3.0717408657073975,4.929958343505859,4.544698238372803,3.2172977924346924,9.847175598144531,23.807584762573242,0.3372293710708618,0.3466423749923706,-0.2032690793275833,-0.5164295434951782,-4.516003608703613,-2.512437105178833,3.829972743988037,1.3875714540481567,15.671394348144531,-3.0407682061195374e-07,-0.0033248639665544033,-2.5019214153289795,0.5772331953048706,-1.8061190843582153,-0.21328970789909363,1.250085473060608,-1.530606746673584,-0.7655033469200134,1.2928112745285034,1.9960366487503052,6.456867218017578,0.20263759791851044,2.234304189682007,4.900650501251221
89,-2.2784440517425537,-4.876336097717285,-2.959486246109009,7.6204915046691895,2.8215701580047607,3.4345571994781494,-0.05487893894314766,1.9102606773376465,4.603748321533203,4.377870559692383,10.441933631896973,20.469995498657227,0.1563415378332138,-0.19786056876182556,-0.6156570911407471,-0.1573425829410553,-4.165835857391357,-2.1595304012298584,3.8075714111328125,0.26923102140426636,15.7000093460083,0.0001009032130241394,-0.0024505415931344032,-0.8564932942390442,-1.1198722124099731,-0.8129414319992065,-0.961512565612793,2.119316577911377,1.5838712453842163,1.3616361618041992,-0.4820796847343445,0.007451310753822327,6.862280368804932,1.0473235845565796,2.3441474437713623,4.601891994476318
90,1.3534358739852905,-7.630904674530029,-2.333122491836548,5.494540214538574,1.4623955488204956,3.357311248779297,-4.472554683685303,2.5608232021331787,4.578033447265625,4.649783611297607,8.012018203735352,18.71588897705078,0.46049368381500244,-1.3148189783096313,-0.7509962916374207,0.18661627173423767,-3.2388193607330322,-1.9546808004379272,2.773667573928833,0.010695742443203926,12.454837799072266,-0.053780436515808105,0.005636534653604031,-0.7060058116912842,0.760495662689209,-2.0361926555633545,-0.3976114094257355,0.8316341638565063,0.10108859091997147,0.6251880526542664,-1.3531352281570435,0.5974995493888855,6.8045573234558105,0.9801871180534363,1.3113181591033936,4.645691871643066
91,2.7250685691833496,-5.249406337738037,-4.604983806610107,3.860630750656128,1.231054663658142,5.334998607635498,-5.4639129638671875,2.9367871284484863,8.062129020690918,4.738420486450195,8.833501815795898,18.848052978515625,0.6505314111709595,-1.9246207475662231,-1.3555587530136108,0.5092732906341553,0.5114405155181885,-1.3566075563430786,1.6185942888259888,-0.7770947217941284,-0.00034120131749659777,-1.0350569937145337e-05,-0.006174430251121521,0.09910593181848526,0.7473030090332031,-0.8135708570480347,-1.287996530532837,0.568871259689331,0.19932502508163452,1.283174753189087,-1.1613298654556274,0.6386542916297913,7.192592620849609,0.9687685370445251,1.9878044128417969,4.938553810119629
92,2.0723953247070312,-5.599116325378418,-2.7949254512786865,4.09317684173584,2.6499216556549072,-0.624627411365509,-8.041483879089355,3.9121127128601074,20.295576095581055,0.1327536702156067,6.200756072998047,17.5330753326416,1.3275909423828125,-2.731741189956665,-1.424371600151062,0.8410289287567139,0.7495399713516235,-1.8736624717712402,-0.08881966769695282,-1.2365961074829102,-0.00048520322889089584,0.0005833107861690223,-0.007762817665934563,0.5512436032295227,0.3376501500606537,-1.2936807870864868,-0.3464943468570709,0.8800550699234009,0.7568555474281311,-0.8967166543006897,-1.987169861793518,0.8899945616722107,5.685724258422852,-0.5889125466346741,0.8989558815956116,4.396614074707031
93,3.843393087387085,-7.623828887939453,-4.869073867797852,2.3733510971069336,3.804001808166504,-3.2909445762634277,-5.768595218658447,4.297362804412842,19.47008514404297,-5.402327537536621,6.368791580200195,15.96358871459961,1.936410665512085,-3.7813377380371094,-2.375274896621704,0.8298215866088867,1.1474157571792603,-0.05729300528764725,-1.304987907409668,-1.7295113801956177,-0.0004562916001304984,-9.01699161529541,-0.007293300703167915,0.8595615029335022,1.0762454271316528,-2.1326208114624023,-1.3492987155914307,0.25896915793418884,0.9538348913192749,-1.1023638248443604,-0.9227479100227356,0.8774952292442322,5.230461120605469,-1.9182935953140259,1.3299956321716309,3.762072801589966
94,-2.26619815826416,-7.687989234924316,-3.26737117767334,0.8744129538536072,4.228971004486084,0.6526845097541809,-4.982863426208496,2.5831146240234375,20.12729835510254,-8.554397583007812,5.771160125732422,14.919376373291016,1.11151921749115,-5.267471790313721,-3.3636677265167236,0.38410547375679016,1.7691495418548584,1.7988473176956177,-2.336491584777832,-1.4090697765350342,-0.00047094258479774,-15.699711799621582,-0.005789457820355892,0.19699499011039734,-1.2763116359710693,-1.9117790460586548,-0.5028856992721558,-0.02580881118774414,0.958437979221344,0.6899821162223816,-0.9787117838859558,0.2641591429710388,6.366043567657471,-8.532506942749023,1.093489408493042,3.561816453933716
95,-3.4520535469055176,-7.082345008850098,-3.8320565223693848,0.09077884256839752,4.135927677154541,-0.5907542109489441,-5.001854419708252,0.5634874105453491,20.585979461669922,-4.376701831817627,4.046466827392578,15.70862865447998,0.117018923163414,-7.130944728851318,-4.503835678100586,0.002260342240333557,2.386171340942383,1.2188525199890137,-3.360729217529297,-1.4183965921401978,-0.00048052845522761345,-15.700055122375488,-0.006493287160992622,-0.09237313270568848,-0.8344687223434448,-1.7681578397750854,-0.9789986610412598,-0.08925369381904602,0.8889755606651306,-0.272979199886322,-1.1346474885940552,-0.14631859958171844,6.660317420959473,-11.45533275604248,0.5821841359138489,3.9227073192596436
96,-4.659677028656006,-4.182620048522949,-0.31983038783073425,-1.5607339143753052,2.232166051864624,-0.2793610095977783,-6.491919040679932,-0.031052948907017708,20.26929473876953,-4.746048927307129,-1.995018720626831,15.863333702087402,-0.7837437987327576,-8.30312442779541,-4.60722541809082,-0.2520640194416046,2.644420623779297,0.6802535057067871,-4.8721418380737305,-1.4955066442489624,-0.0004866652889177203,-15.699728012084961,-0.006394588388502598,-0.19722741842269897,-1.124293565750122,-0.687287449836731,0.45123404264450073,-0.5347615480422974,0.22239136695861816,-0.01517099142074585,-1.7954349517822266,-0.08264319598674774,5.9641618728637695,-10.337120056152344,-1.2320616245269775,3.8092336654663086
97,-4.2918500900268555,-4.889946937561035,3.2002735137939453,-1.0679038763046265,0.42445892095565796,-2.604447603225708,-4.070434093475342,-2.0614140033721924,20.376537322998047,-4.905314922332764,-7.774972438812256,15.99028491973877,-1.268123745918274,-9.427459716796875,-4.761587619781494,-0.11638742685317993,2.5686287879943848,-0.4338640570640564,-1.674086570739746,-1.6968638896942139,-0.0005043812561780214,-15.700066566467285,-13.600863456726074,-0.21359974145889282,-0.8594311475753784,-1.5766714811325073,0.9896702170372009,-0.15094372630119324,-0.16820555925369263,-0.8214268088340759,-0.6485503315925598,-0.724399983882904,6.2675580978393555,-10.717352867126465,-2.5503697395324707,3.853957414627075
98,-5.643044948577881,-2.8499813079833984,5.364079475402832,1.8295060396194458,-1.0131549835205078,-0.5983206033706665,0.2420184463262558,-2.7853291034698486,21.02261734008789,-4.924255847930908,-5.2982378005981445,17.598838806152344,-1.6339244842529297,-9.790748596191406,-3.681593179702759,0.25492143630981445,2.2519288063049316,-1.1746073961257935,-1.578930377960205,-1.9977692365646362,-0.0005254228599369526,-15.696833610534668,-15.586009979248047,0.06814432889223099,-1.4176900386810303,-0.4845787584781647,1.1991045475006104,0.7575691938400269,-0.3739975094795227,0.1372671127319336,0.7297694087028503,-0.6998110413551331,7.259459495544434,-9.458364486694336,-8.38526439666748,4.98354959487915
99,-4.688758850097656,0.10563895851373672,2.115738868713379,0.48127710819244385,-0.6880249977111816,-3.891944408416748,-2.7715399265289307,-0.851610541343689,20.689001083374023,-4.849864482879639,-4.405964374542236,17.233036041259766,-1.845563292503357,-9.746341705322266,-3.1197433471679688,0.6371023058891296,1.9392890930175781,-2.6278631687164307,-2.660067558288574,-2.704197883605957,-0.0005230725510045886,-15.699990272521973,-15.582660675048828,0.8217407464981079,-0.8771748542785645,0.5828303098678589,0.010863818228244781,-0.08120664954185486,-0.08892255276441574,-1.3013179302215576,-1.0213383436203003,0.08952458202838898,6.282840251922607,-8.049681663513184,-7.876721382141113,4.388899803161621
100,-4.285728931427002,0.5249091386795044,1.8809528350830078,-0.9763258099555969,-2.5224709510803223,-4.978154182434082,-1.855546474456787,0.16468262672424316,20.49469757080078,-4.754542350769043,-4.690154552459717,16.645687103271484,-2.0550777912139893,-9.740463256835938,-2.743304967880249,0.882522702217102,1.2852259874343872,-4.374272346496582,-3.5697317123413086,-3.098912477493286,-0.0005299919284880161,-15.698493957519531,-15.59486198425293,1.1501230001449585,-0.8706626892089844,0.12157140672206879,0.3172288239002228,-0.3842686712741852,-0.7099290490150452,-1.3110978603363037,-0.28884202241897583,0.17206598818302155,6.200145721435547,-7.3850297927856445,-7.735422134399414,4.471396446228027
101,-3.018620491027832,1.9696705341339111,0.9099300503730774,-1.9124963283538818,-3.166508913040161,-5.370382308959961,-1.755031704902649,1.119538426399231,20.268341064453125,-4.537115097045898,-4.789429664611816,16.58133888244629,-1.9966541528701782,-9.349115371704102,-2.5559141635894775,1.2378613948822021,0.4921046495437622,-6.212376117706299,-4.456408500671387,-3.7463932037353516,-0.0005241511389613152,-15.700002670288086,-15.588109016418457,1.7511107921600342,-0.47277167439460754,0.44448885321617126,0.050736285746097565,-0.49366888403892517,-0.701470673084259,-1.4079203605651855,-0.3932505249977112,0.3186853528022766,6.008131980895996,-6.040476322174072,-7.735152244567871,4.628058910369873
102,-1.8616318702697754,2.206667184829712,0.10667843371629715,-2.349566698074341,-3.0295889377593994,-5.459061622619629,-1.9673502445220947,2.646703004837036,20.14111328125,-4.195714473724365,-4.826436996459961,16.240259170532227,-1.7882436513900757,-8.894668579101562,-2.567544460296631,1.4391672611236572,-0.28772592544555664,-8.08691120147705,-5.3617472648620605,-4.075878620147705,-0.0005258616292849183,-15.697958946228027,-15.611905097961426,2.0588159561157227,-0.23284605145454407,0.3635433614253998,-0.07842113822698593,-0.5064679384231567,-0.5918143391609192,-1.5044867992401123,-0.506205141544342,0.6534207463264465,5.962757587432861,-4.862127780914307,-7.577211856842041,4.714696884155273
103,-1.312323808670044,4.011979103088379,-0.5646678805351257,-2.9459338188171387,-2.327738046646118,-5.146276950836182,-2.477090358734131,4.357234954833984,20.141878128051758,-3.6478564739227295,-4.777301788330078,16.214778900146484,-1.4627915620803833,-7.914669036865234,-2.674088478088379,1.8207234144210815,-0.9243983030319214,-9.852375030517578,-6.361014366149902,-4.709644794464111,-0.0005200441228225827,-15.69998836517334,-15.610649108886719,2.666071891784668,-0.19933798909187317,0.815886378288269,-0.21904435753822327,-0.6401983499526978,-0.38682490587234497,-1.4750409126281738,-0.7019312977790833,0.9792913794517517,6.026878356933594,-3.571202278137207,-7.239977836608887,4.873650074005127
104,-1.4804294109344482,4.3131022453308105,-0.15470737218856812,-3.542811393737793,-1.6445262432098389,-4.226820468902588,-2.421290159225464,6.413364887237549,20.332759857177734,-2.8398470878601074,-4.700315475463867,15.990501403808594,-0.2713094651699066,-6.880741596221924,-2.746377944946289,1.998781681060791,-2.252936363220215,-11.381376266479492,-7.337047100067139,-4.818495750427246,-0.019915347918868065,-15.680329322814941,-15.62657642364502,2.7991373538970947,-0.3332119286060333,0.7313028573989868,0.025713182985782623,-0.7448846101760864,-0.2524257302284241,-1.1804873943328857,-0.6251614689826965,1.3747864961624146,6.277419090270996,-2.277766466140747,-6.687352180480957,5.101861000061035
105,-2.8382644653320312,5.222814559936523,0.8616062998771667,-3.7167561054229736,1.121595859527588,-2.1339261531829834,-1.7612271308898926,7.994823932647705,20.80942153930664,-1.3571761846542358,-4.43624210357666,16.219581604003906,1.3544028997421265,-5.625582218170166,-2.6301281452178955,2.3660731315612793,-3.9511430263519287,-12.518564224243164,-8.086153984069824,-5.213649749755859,-0.058193475008010864,-14.46988582611084,-15.623723983764648,3.2142739295959473,-0.753612756729126,0.9754334688186646,0.2861803472042084,-0.7219659090042114,0.576928436756134,-0.3064262866973877,-0.3677073121070862,1.6189035177230835,6.860278129577637,-0.3299259543418884,-5.451080799102783,5.347204208374023
106,-5.044677257537842,4.972899913787842,2.4398045539855957,-3.550586223602295,5.017658710479736,1.1351574659347534,-1.3206185102462769,9.359983444213867,21.192930221557617,5.529072284698486,-3.99332594871521,15.961257934570312,1.8003931045532227,-4.15253210067749,-2.695051670074463,2.2838282585144043,8.38822078704834,-13.6565523147583,-7.541968822479248,-3.1051735877990723,-20.654516220092773,-4.202864170074463,-15.723464012145996,1.0221889019012451,-1.25636887550354,0.8385927677154541,0.6466906070709229,-0.6364279985427856,1.3774752616882324,0.7305893898010254,-0.291755735874176,1.8273082971572876,7.150711536407471,2.012944459915161,-4.169364929199219,5.3406195640563965
107,-7.908576965332031,2.8503730297088623,7.508208751678467,0.7135875821113586,2.921365976333618,12.898465156555176,0.32393258810043335,7.5452070236206055,40.6495475769043,9.232536315917969,-3.596029281616211,17.284883499145508,2.099003791809082,-2.0132594108581543,-0.660311758518219,2.6029672622680664,4.7401204109191895,-7.887834072113037,-4.423030376434326,-2.9430630207061768,-12.6793794631958,6.309635162353516,-15.663625717163086,2.096343994140625,-1.94815194606781,0.27661237120628357,2.1332454681396484,0.7014644145965576,0.765308141708374,3.3060717582702637,0.3276340365409851,1.2444134950637817,5.455816268920898,2.2796835899353027,-3.778812885284424,4.600039005279541
108,-10.341732025146484,7.377682209014893,0.5149788856506348,-0.21722351014614105,3.597365617752075,-3.577876567840576,-2.4448797702789307,10.575087547302246,23.860654830932617,7.466100215911865,-1.9141298532485962,15.079239845275879,2.3810384273529053,-0.15900591015815735,-0.6217316389083862,2.6128623485565186,4.477668762207031,-10.192997932434082,-4.9130167961120605,-1.7534091472625732,-10.859794616699219,15.461296081542969,-15.689126968383789,1.1910967826843262,-2.421208381652832,2.100604295730591,-0.7573384642601013,-0.1696750819683075,0.893875777721405,-3.2254021167755127,-1.004917860031128,2.5143728256225586,2.3898262977600098,2.945286750793457,-0.6972671151161194,3.8752079010009766
109,-7.034834861755371,4.482320785522461,7.9501142501831055,-5.195167064666748,4.692591190338135,6.547219753265381,3.7965967655181885,8.782196998596191,27.28831672668457,3.0043585300445557,-1.3087313175201416,16.525005340576172,2.470517635345459,1.9729604721069336,1.0276529788970947,2.961277484893799,3.882063627243042,-7.766036510467529,-3.7820630073547363,-1.0142664909362793,-8.751749038696289,15.39736270904541,-15.655230522155762,0.627985417842865,-0.8946906328201294,0.5669688582420349,2.8271517753601074,-1.6289865970611572,1.3004498481750488,2.4850969314575195,1.5210591554641724,1.5340850353240967,5.755431652069092,3.3997111320495605,-0.8450903296470642,4.775458812713623
110,-11.927079200744629,5.704281330108643,1.286271095275879,-0.6527206301689148,2.531939744949341,-2.9076669216156006,-2.66745924949646,7.99432373046875,24.819599151611328,3.4254424571990967,-0.5000540614128113,16.025081634521484,2.471928358078003,3.739800453186035,1.1979954242706299,2.6691174507141113,3.9056496620178223,-8.291590690612793,-4.843630313873291,-0.15105566382408142,-7.821039199829102,15.369438171386719,-14.860329627990723,0.024470508098602295,-3.234288215637207,1.4881101846694946,-0.5978540778160095,0.4405621886253357,0.23412030935287476,-2.085207939147949,-1.5011571645736694,1.5225173234939575,4.299515724182129,3.8303093910217285,0.041656821966171265,3.852269411087036
111,-7.215872764587402,1.627439260482788,5.559062480926514,-4.761914253234863,1.1570050716400146,7.344834804534912,6.605555057525635,6.663247585296631,24.499828338623047,3.710663318634033,7.818606853485107,15.989725112915039,2.2081615924835205,4.416374206542969,3.3230090141296387,2.7137980461120605,3.5908353328704834,-5.995241165161133,-4.680305004119873,0.5221974849700928,-6.429934024810791,15.402545928955078,-5.364587783813477,-0.595513641834259,-0.7596437931060791,-0.19458891451358795,1.840975284576416,-1.4205100536346436,0.05559629574418068,2.706071615219116,2.5200350284576416,1.2045248746871948,4.6825971603393555,4.13447380065918,1.8973190784454346,3.7774813175201416
112,-9.981711387634277,5.387909412384033,3.5229480266571045,-4.148061275482178,-2.15230393409729,-1.3809170722961426,1.1631791591644287,1.7396111488342285,20.247474670410156,3.779724359512329,11.139785766601562,16.362852096557617,2.2789478302001953,5.891180515289307,5.730494022369385,2.51277494430542,3.6062164306640625,-6.3555006980896,-6.97637414932251,0.9772512912750244,-5.944497585296631,15.45276927947998,8.768089294433594,-0.8069875240325928,-2.399552583694458,1.9638495445251465,0.550621509552002,-0.6900441646575928,-0.8266581892967224,-1.3810150623321533,-0.4242563843727112,-0.29427260160446167,3.1665329933166504,4.1061177253723145,2.556593656539917,3.8351552486419678
113,-8.057854652404785,0.772560715675354,5.915274620056152,-6.846811771392822,-2.097985029220581,7.13096284866333,6.259644031524658,1.4454975128173828,20.84151268005371,3.768327236175537,6.2746148109436035,16.75196647644043,1.921351671218872,5.994719982147217,7.345301151275635,2.497361421585083,3.3482792377471924,-4.4252214431762695,-6.106320381164551,1.5598633289337158,-4.856022357940674,15.45157527923584,15.692525863647461,-1.505995750427246,-1.2882962226867676,-0.5238882899284363,2.0238583087921143,-1.6654683351516724,-0.36887532472610474,2.376208782196045,1.62108314037323,0.2622295618057251,4.125842571258545,4.0821404457092285,2.8453752994537354,3.997437000274658
114,-11.849424362182617,2.78076434135437,4.803083896636963,-3.872368812561035,-6.153277397155762,-1.1371303796768188,-0.7828925848007202,-0.2428184598684311,19.31415557861328,3.5726678371429443,2.914978265762329,16.71687126159668,1.821129322052002,6.459911823272705,7.807888507843018,2.2121870517730713,3.4673378467559814,-4.7242021560668945,-6.416873455047607,1.8537760972976685,-4.659706115722656,15.379308700561523,15.692973136901855,-1.687348484992981,-3.0956051349639893,1.046310544013977,1.1670894622802734,-0.349974662065506,-1.6619384288787842,-1.2586619853973389,-1.020703673362732,-0.27647048234939575,3.6179018020629883,3.5350208282470703,3.498331308364868,3.611304521560669
115,-8.863747596740723,-3.9935386180877686,5.157747745513916,-3.6502158641815186,-7.138242244720459,6.281719207763672,4.619621753692627,-0.9128668308258057,19.464271545410156,3.6725833415985107,3.4558379650115967,15.346043586730957,1.192644715309143,3.8182008266448975,7.910516738891602,1.5656987428665161,3.4535021781921387,0.12579625844955444,-5.130943298339844,2.5960841178894043,-4.22227144241333,-2.3696377277374268,15.695127487182617,-2.4098575115203857,-1.3357330560684204,-1.6202120780944824,1.5257091522216797,-0.6610012054443359,-1.438631296157837,2.1206893920898438,1.4440168142318726,-0.2561083436012268,3.8894894123077393,3.8449127674102783,4.5164008140563965,2.99373459815979
116,-9.554342269897461,1.5758843421936035,0.5891338586807251,-4.9729509353637695,-2.8438491821289062,2.4781856536865234,-1.3860782384872437,-3.8426592350006104,18.59636878967285,17.82445526123047,3.3442537784576416,16.337419509887695,1.1975984573364258,2.5221922397613525,7.426209449768066,1.6645687818527222,2.94122314453125,1.3401955366134644,-5.470614433288574,2.6080331802368164,-2.962520122528076,-3.384699821472168,15.691132545471191,-2.3798773288726807,-2.0738701820373535,1.0574871301651,-0.6666167378425598,-1.1444060802459717,0.003071253187954426,0.10560643672943115,-1.08347487449646,-1.083314299583435,3.575533151626587,3.9396653175354004,3.5518863201141357,3.5072033405303955
117,-13.644882202148438,-0.9355620741844177,1.6640301942825317,-8.000645637512207,-10.425622940063477,9.809386253356934,7.084841251373291,0.21824966371059418,17.925935745239258,17.358774185180664,3.4469850063323975,17.263742446899414,0.4174727499485016,0.20727267861366272,6.585611820220947,1.0608232021331787,3.2005631923675537,3.7069661617279053,-3.3817620277404785,3.554790735244751,-2.281540870666504,-4.031899929046631,15.687990188598633,-3.329512119293213,-3.81030011177063,-0.5306297540664673,0.6336026191711426,-2.011247158050537,-3.2667129039764404,3.70565128326416,2.4130072593688965,0.5538745522499084,3.8272247314453125,3.2665977478027344,3.9430558681488037,3.9038023948669434
118,-12.989177703857422,1.3506380319595337,-1.0816559791564941,-5.7515058517456055,-9.849942207336426,9.03994083404541,0.4052096903324127,-2.7869420051574707,16.673614501953125,16.273162841796875,3.392169237136841,18.049503326416016,0.004023894667625427,-0.27184826135635376,5.51720666885376,0.5423612594604492,2.7873964309692383,3.2858760356903076,-3.155200719833374,4.068545341491699,-0.9895319938659668,-2.160571813583374,15.69076919555664,-3.553905725479126,-2.8153107166290283,0.5712276697158813,-0.5935007929801941,-0.8502038717269897,-1.7821813821792603,2.2190804481506348,-0.6826965808868408,-0.872607409954071,3.397547721862793,2.8373632431030273,3.6739909648895264,3.7272794246673584
119,-11.569665908813477,-1.4334774017333984,-0.8491578102111816,-3.731496572494507,-10.996295928955078,10.956232070922852,5.49288272857666,-4.727060317993164,14.87891960144043,14.945033073425293,3.5189452171325684,17.390674591064453,-0.3855277895927429,-0.7585254907608032,4.569366931915283,0.16087831556797028,2.5346460342407227,3.2325985431671143,-1.7399526834487915,4.63224983215332,-0.03555116057395935,-1.107452392578125,15.692472457885742,-3.857593536376953,-2.3194358348846436,-0.667975664138794,-0.12090256065130234,-0.4827466309070587,-2.3445537090301514,3.112062454223633,1.6763116121292114,-1.0740357637405396,3.120180606842041,3.060763359069824,4.104363441467285,3.3218467235565186
120,-10.05208969116211,-1.4800294637680054,-2.8385281562805176,-2.2234601974487305,-9.159889221191406,11.40172290802002,1.9851170778274536,-6.068131446838379,13.643017768859863,14.160638809204102,3.571254253387451,17.09678077697754,-0.6538295745849609,-1.1009160280227661,3.3938496112823486,-0.13282108306884766,2.274080514907837,3.2515320777893066,-1.2503207921981812,4.940796852111816,1.0113670825958252,-0.3579552173614502,15.692606925964355,-3.864987850189209,-1.9576187133789062,-0.31368955969810486,-0.7316418886184692,-0.24871835112571716,-1.525670051574707,2.953972101211548,-0.03735215216875076,-1.224700689315796,2.9991440773010254,3.036504030227661,4.110796928405762,3.2425377368927
121,-7.851073265075684,-2.8131542205810547,-2.8183398246765137,-1.8246033191680908,-8.656492233276367,12.581863403320312,2.3019449710845947,-7.262133598327637,12.652227401733398,14.304407119750977,3.714632749557495,16.776968002319336,-0.8466026186943054,-1.3437138795852661,2.3590571880340576,-0.45435047149658203,1.932244896888733,2.960571527481079,-0.7247380018234253,5.235987186431885,1.8688991069793701,0.7735222578048706,15.690842628479004,-3.748668670654297,-1.3536959886550903,-0.7779048681259155,-0.5177503228187561,-0.31648901104927063,-1.6172962188720703,3.5477514266967773,0.4882431924343109,-1.4198867082595825,2.9646499156951904,3.377162456512451,4.502768039703369,3.191514015197754
122,-6.4420647621154785,-3.1725237369537354,-3.549652338027954,-0.8828266263008118,-7.880699634552002,13.410684585571289,0.46331146359443665,-7.892696857452393,11.725428581237793,13.743708610534668,3.793905735015869,16.22918701171875,-0.8498376607894897,-1.3296281099319458,-2.7792882919311523,-0.37008386850357056,1.7192258834838867,2.894955635070801,0.8557845950126648,5.003686428070068,2.5465033054351807,1.1879082918167114,-5.944348335266113,-3.310014247894287,-1.1625921726226807,-0.7232511639595032,-0.766238808631897,-0.054429322481155396,-1.4386234283447266,3.682421922683716,-0.14392396807670593,-1.453978180885315,2.832925796508789,3.37041974067688,4.573062896728516,3.0487115383148193
123,-3.7712814807891846,-5.914581298828125,1.4640297889709473,-0.4038276970386505,-1.2102242708206177,15.408001899719238,7.381778240203857,-6.677248001098633,12.956094741821289,14.109289169311523,22.45777130126953,15.54119873046875,-0.8179671764373779,-1.3697330951690674,-0.9453252553939819,-0.347454696893692,1.1999857425689697,3.1430211067199707,6.712060928344727,4.894317150115967,3.5813851356506348,1.1915167570114136,-6.706161022186279,-2.716080904006958,-0.4108608663082123,-1.6890110969543457,0.8963594436645508,-0.01677069067955017,0.6091525554656982,4.999727725982666,2.7477192878723145,-1.028159260749817,3.9462361335754395,3.7103564739227295,4.421177864074707,2.9621784687042236
124,-1.597436785697937,2.423305034637451,-3.2249512672424316,-0.0027706706896424294,-2.1747844219207764,14.179743766784668,3.612672805786133,-5.046900749206543,12.930031776428223,12.045379638671875,19.75728988647461,16.87004280090332,-0.3407347798347473,-0.7153441309928894,-0.17323032021522522,0.09841330349445343,0.9391973614692688,3.0304195880889893,5.099531650543213,4.478820323944092,4.141063690185547,2.1970338821411133,-3.558124542236328,-1.8307479619979858,-0.02990659326314926,1.6638578176498413,-1.322365403175354,0.05358192324638367,-0.5469467043876648,3.557760238647461,0.5391353368759155,-0.6884997487068176,4.0327606201171875,2.4748833179473877,2.9658639430999756,3.856621026992798
125,-3.1630043983459473,-0.9081617593765259,-2.598651647567749,-0.1828509420156479,-4.171741008758545,14.177831649780273,2.032811164855957,-4.661672592163086,12.267107009887695,11.84776782989502,16.92042350769043,17.193586349487305,-0.1127171516418457,-0.637546718120575,0.009451979771256447,0.2703234553337097,0.7587206363677979,2.9973230361938477,5.385770797729492,4.278518199920654,4.657218933105469,3.0702643394470215,-3.844287872314453,-1.311876893043518,-0.8568330407142639,-0.6227529644966125,-0.42847850918769836,-0.06038126349449158,-1.0887128114700317,3.801323890686035,0.19600415229797363,-0.7809259295463562,3.6414852142333984,3.1155362129211426,3.2519586086273193,4.039045810699463
126,-2.3629302978515625,-1.5742868185043335,-2.8344311714172363,-0.5076354742050171,-3.7920429706573486,13.762734413146973,1.5134080648422241,-6.093172073364258,11.329789161682129,11.587098121643066,17.358732223510742,16.60334014892578,-0.008470606058835983,-0.5780423879623413,0.16199339926242828,0.3256409764289856,0.44754892587661743,3.0363497734069824,5.312986850738525,4.14480447769165,5.216197490692139,4.136447906494141,-3.4247944355010986,-0.8220575451850891,-0.36477193236351013,-0.41314247250556946,-0.5992473363876343,-0.14344951510429382,-0.6986350417137146,3.537964344024658,0.28843793272972107,-1.267065405845642,3.3159236907958984,3.2050957679748535,3.4496166706085205,3.712148427963257
127,-2.424262285232544,-2.1593713760375977,-2.74351167678833,-0.4582170248031616,-4.242790699005127,13.220138549804688,1.09524667263031,-6.543370246887207,10.45687198638916,11.081485748291016,16.979124069213867,16.191137313842773,0.13947199285030365,-0.5430631637573242,0.2811020016670227,0.5350666642189026,0.19009125232696533,3.2158315181732178,5.1952667236328125,3.8125388622283936,5.695103168487549,4.564403057098389,-3.0728635787963867,-0.32979610562324524,-0.49388304352760315,-0.5215673446655273,-0.5340901613235474,-0.08403095602989197,-0.9116320013999939,3.3257951736450195,0.19769075512886047,-1.2333706617355347,3.1386144161224365,3.2715585231781006,3.372382879257202,3.734614849090576
128,-2.244318962097168,-2.369468927383423,-2.6326346397399902,-0.9096450805664062,-4.637045383453369,12.23757553100586,0.8384321928024292,-6.899406909942627,9.617155075073242,11.083125114440918,16.73025894165039,15.68994426727295,0.16788765788078308,-0.5823413133621216,0.3551959693431854,0.5056003332138062,-0.07960538566112518,3.261892318725586,5.038149833679199,3.617924690246582,6.106497764587402,5.433901786804199,-2.6894757747650146,0.15441496670246124,-0.42246395349502563,-0.5128062963485718,-0.5075456500053406,-0.23767980933189392,-0.9930837750434875,2.93760347366333,0.16050592064857483,-1.3070863485336304,2.9163036346435547,3.418562412261963,3.3887293338775635,3.672687292098999
129,-2.2864863872528076,-2.5610721111297607,-2.38476300239563,-0.9216616153717041,-5.206361293792725,10.952437400817871,0.7874343395233154,-6.98042106628418,8.724807739257812,10.764947891235352,16.449647903442383,15.126819610595703,0.26871898770332336,-0.627890944480896,0.42935308814048767,0.6797471046447754,-0.35802391171455383,3.216428518295288,4.82373571395874,3.244011163711548,6.527137756347656,6.222747802734375,-2.271496295928955,0.6068280935287476,-0.46155017614364624,-0.5513136386871338,-0.4391533434391022,-0.18307015299797058,-1.1479589939117432,2.4732205867767334,0.1802208423614502,-1.2922475337982178,2.6351099014282227,3.5630478858947754,3.3860666751861572,3.5892460346221924
130,-2.3066184520721436,-2.610865354537964,-2.071044921875,-1.1493141651153564,-5.679990768432617,9.346673011779785,0.9455455541610718,-6.759057521820068,7.697539329528809,10.53258228302002,16.192548751831055,14.538273811340332,0.26493924856185913,-0.6923116445541382,0.46383121609687805,0.5979224443435669,-0.6110532283782959,3.0194754600524902,4.55868673324585,2.9904003143310547,6.8538408279418945,6.919654846191406,-1.8548831939697266,1.1009984016418457,-0.46036216616630554,-0.5430197715759277,-0.3671243488788605,-0.25403305888175964,-1.2486709356307983,1.956134557723999,0.24946781992912292,-1.2303208112716675,2.297490119934082,3.758927345275879,3.4085543155670166,3.490689992904663
131,-2.382730484008789,-2.7433295249938965,-1.6746023893356323,-1.1578972339630127,-6.293542385101318,7.792765140533447,1.1775932312011719,-6.619160175323486,6.516575813293457,10.346160888671875,15.955469131469727,13.896808624267578,0.3381853997707367,-0.7373301982879639,0.512218713760376,0.7516689300537109,-0.9079300761222839,2.6562938690185547,4.3202385902404785,2.586482048034668,7.244248867034912,7.470753192901611,-1.4216548204421997,1.5186841487884521,-0.48419153690338135,-0.5834172368049622,-0.27779683470726013,-0.22877085208892822,-1.4162309169769287,1.5452673435211182,0.31292012333869934,-1.2201563119888306,1.870571255683899,3.9568541049957275,3.4320333003997803,3.3885037899017334
132,-2.1754226684570312,-2.776557683944702,-1.2533700466156006,-1.494802474975586,-6.8854851722717285,6.561167240142822,1.497904658317566,-6.372448921203613,5.40029764175415,10.211148262023926,15.763073921203613,13.337204933166504,0.321133553981781,-0.769120991230011,0.5328772068023682,0.6440960168838501,-1.1534184217453003,2.19453501701355,4.033199787139893,2.2929389476776123,7.521951675415039,7.8964948654174805,-0.9784950613975525,2.0233683586120605,-0.403144508600235,-0.5772568583488464,-0.19101259112358093,-0.3353162109851837,-1.5654497146606445,1.274179458618164,0.3988943099975586,-1.1772875785827637,1.5513478517532349,4.128856182098389,3.481957197189331,3.3037261962890625
133,-2.0509819984436035,-2.8100473880767822,-0.8800835609436035,-1.6366275548934937,-7.6717352867126465,5.684586048126221,1.7833720445632935,-6.127893924713135,4.475244998931885,10.165597915649414,15.608247756958008,12.781015396118164,0.4041121006011963,-0.7522584199905396,0.5846904516220093,0.8154848217964172,-1.474892020225525,1.6716094017028809,3.7488152980804443,1.8869291543960571,7.9492926597595215,8.233841896057129,-0.5856276750564575,2.3977444171905518,-0.39050617814064026,-0.5847386717796326,-0.1239670142531395,-0.34025534987449646,-1.794986605644226,1.1042602062225342,0.45465758442878723,-1.1373074054718018,1.2907460927963257,4.336804389953613,3.5468060970306396,3.248631715774536
134,-1.8396679162979126,-2.7149288654327393,-0.541634202003479,-2.006291627883911,-8.331616401672363,5.047189235687256,2.098327875137329,-5.75747537612915,3.7390353679656982,10.138644218444824,15.520459175109863,12.318143844604492,0.3506445288658142,-0.7182058095932007,0.5971676707267761,0.6828716993331909,-1.7309504747390747,1.1370606422424316,3.4798264503479004,1.5836074352264404,8.23569107055664,8.5668363571167,-0.17303964495658875,2.915905475616455,-0.3350878357887268,-0.5461199283599854,-0.06180485337972641,-0.43874791264533997,-1.963408350944519,0.977631151676178,0.5265659689903259,-1.064568042755127,1.1306803226470947,4.507108211517334,3.6222434043884277,3.177290201187134
135,-1.8413578271865845,-2.6832435131073,-0.2544175684452057,-2.047581672668457,-9.043681144714355,4.500378131866455,2.233597755432129,-5.440748691558838,3.0826940536499023,10.099275588989258,15.403139114379883,11.743602752685547,0.4597632586956024,-0.645602285861969,0.6476529240608215,0.8630424737930298,-2.1058263778686523,0.5870000123977661,3.2276453971862793,1.1978212594985962,8.79201602935791,8.868446350097656,0.16926129162311554,3.2436771392822266,-0.36541301012039185,-0.5474709272384644,-0.012314312160015106,-0.40795859694480896,-2.1730282306671143,0.8558257222175598,0.5244455933570862,-1.0160977840423584,0.9290778636932373,4.7043375968933105,3.687047243118286,3.0965497493743896
136,-1.6843616962432861,-2.598874568939209,-0.0016211728798225522,-2.3785595893859863,-9.59206485748291,4.074575901031494,2.423982620239258,-5.022002696990967,2.590233087539673,10.043387413024902,15.364348411560059,11.290581703186035,-0.16614027321338654,-0.5562825798988342,0.8077869415283203,0.8683325052261353,0.986420750617981,0.10655371844768524,2.6685099601745605,0.4963051974773407,-4.070183753967285,8.267011642456055,0.5763952136039734,4.019720077514648,-0.3107718229293823,-0.5208907127380371,0.03273395448923111,-0.505742073059082,-2.332892656326294,0.7683706879615784,0.571092963218689,-0.9328175187110901,0.8485382795333862,4.869856357574463,3.774049758911133,3.0109877586364746
137,-3.20285701751709,-0.8275611996650696,-0.6554184556007385,-4.0405707359313965,-7.193368434906006,1.0987613201141357,3.1551003456115723,-5.355527400970459,-4.4467997550964355,10.729964256286621,15.043527603149414,10.34113597869873,-0.834324061870575,0.03244650363922119,0.8875932097434998,1.1564199924468994,1.2137387990951538,-0.8160462379455566,2.298187494277954,0.026325687766075134,-9.285083770751953,7.510875701904297,0.930924654006958,4.287774085998535,-0.8618743419647217,0.07306988537311554,-0.2126964032649994,-1.0163410902023315,-0.9596729278564453,-0.1866254210472107,0.7996180653572083,-1.1337342262268066,-2.7500224113464355,4.95563268661499,3.7169814109802246,2.8068015575408936
138,-1.4505634307861328,-2.5744376182556152,-0.3244052231311798,-5.9278764724731445,-5.9994330406188965,4.9999566078186035,2.5653059482574463,-6.781074047088623,-8.040945053100586,11.201008796691895,14.823390007019043,9.876852989196777,-1.4751085042953491,0.17508891224861145,0.8034834265708923,0.8525212407112122,1.921385407447815,-1.195806622505188,1.9645113945007324,-0.40804722905158997,-15.67884635925293,7.303107261657715,1.1816363334655762,4.878447532653809,-0.06789257377386093,-0.7511327266693115,-0.01993265002965927,-1.4209859371185303,-1.0088284015655518,1.5272114276885986,0.465702086687088,-1.6167888641357422,-6.994987487792969,4.593153476715088,3.75174880027771,2.734372854232788
139,0.19835735857486725,-4.76461935043335,-0.6473595499992371,-6.930929183959961,-5.729246616363525,9.725578308105469,3.3870255947113037,-5.6312785148620605,-4.367031574249268,11.35954475402832,14.762531280517578,9.422533988952637,-1.789739727973938,-0.2688974440097809,0.5606833100318909,1.0058666467666626,0.546578586101532,-0.7152562737464905,1.7505539655685425,-0.4242115020751953,-15.684452056884766,7.070776462554932,1.4416584968566895,4.589009761810303,0.2622241973876953,-1.2658798694610596,-0.16823282837867737,-1.5382000207901,-1.0430309772491455,2.743088722229004,0.8465622663497925,-1.0150272846221924,-12.710223197937012,4.667827129364014,3.823399305343628,2.75115966796875
140,0.6940572261810303,-2.5594611167907715,-0.48988568782806396,-7.360312461853027,-3.2157812118530273,7.812897205352783,3.8442461490631104,-5.569771766662598,-4.787289142608643,11.609110832214355,14.70029067993164,8.640190124511719,-1.9538241624832153,-0.36684414744377136,0.3924877345561981,0.4492085576057434,-0.3963252902030945,-0.7282376289367676,1.53324556350708,-0.7150629162788391,-15.686278343200684,7.2768778800964355,1.6759191751480103,5.173095703125,0.19326505064964294,-0.22941739857196808,-0.07624533027410507,-1.5269806385040283,-0.3353138566017151,1.3311409950256348,0.8878169655799866,-1.144046664237976,-11.923720359802246,4.733704090118408,3.8816978931427,2.226945638656616
141,1.0531257390975952,-2.645670175552368,-0.39735689759254456,-7.068108081817627,-3.646167755126953,6.507572650909424,3.0928795337677,-5.47283935546875,-4.955275535583496,11.339284896850586,14.56192398071289,7.239010334014893,-1.9629347324371338,0.01914691925048828,0.1657787263393402,0.6491906642913818,-1.5880519151687622,1.9257405996322632,1.2866178750991821,-0.881632387638092,-15.69524097442627,-0.01713581383228302,1.7752704620361328,4.918603897094727,0.24251201748847961,-0.5509427785873413,-0.06662824004888535,-1.4128222465515137,-0.8186619877815247,1.1212046146392822,0.5445001721382141,-1.137099027633667,-11.906359672546387,4.6071343421936035,3.875514030456543,1.846970796585083
142,1.4245574474334717,-1.8536019325256348,0.27016693353652954,-8.363500595092773,-0.683851420879364,6.174327850341797,2.5876657962799072,-6.744513511657715,-5.007059097290039,16.827144622802734,14.127547264099121,5.7895307540893555,-2.0626003742218018,-0.3107064962387085,-0.14135602116584778,-0.025335192680358887,-2.18376088142395,1.9032495021820068,1.02521550655365,-1.1929677724838257,-15.62260627746582,-0.042191535234451294,1.9491575956344604,5.333273410797119,0.31439170241355896,-0.2606329619884491,0.1428973376750946,-1.897156000137329,0.25223737955093384,1.3908278942108154,0.4680953025817871,-1.6310018301010132,-11.567051887512207,3.9651613235473633,3.6312100887298584,1.2871977090835571
143,0.15453371405601501,-2.895728588104248,1.139184594154358,-6.452208995819092,-2.122830390930176,6.667356491088867,1.0973893404006958,-7.6369547843933105,-5.106608867645264,15.354846954345703,13.797269821166992,3.700434446334839,-2.8163628578186035,-1.2068601846694946,-0.8107707500457764,-1.5655531883239746,-2.994912624359131,2.3882558345794678,1.1646641492843628,-0.1961531639099121,-15.700006484985352,0.06390160322189331,1.6017839908599854,-0.25459855794906616,-0.13013800978660583,-0.7342358231544495,0.3423355519771576,-1.079550862312317,-0.6712309718132019,1.546442985534668,0.01826649159193039,-1.8085860013961792,-11.147309303283691,3.330082416534424,3.596301794052124,0.6616836786270142
144,0.09214892983436584,-1.695588231086731,0.6862732768058777,-5.151122093200684,0.8503988981246948,4.590068817138672,2.047259569168091,-6.966204643249512,-5.009943962097168,14.239169120788574,13.77450942993164,0.1395900994539261,-3.374009847640991,-1.6551321744918823,-1.2722690105438232,-3.295699119567871,-3.187796115875244,2.6439833641052246,1.0100244283676147,-1.8151586055755615,-15.68761157989502,-0.0018211174756288528,1.6782559156417847,-0.004275906831026077,0.00880507379770279,-0.19879849255084991,0.07158181816339493,-0.9635013341903687,0.5657156109809875,0.7184413075447083,0.5610596537590027,-1.3099108934402466,-10.582484245300293,3.102336883544922,3.4701225757598877,-0.6297458410263062
145,0.3673469126224518,-0.8060558438301086,1.2453292608261108,-4.148983001708984,-0.5792101621627808,3.8188908100128174,1.2589199542999268,-5.824594497680664,-4.990579605102539,13.983136177062988,13.441230773925781,-4.30573844909668,-3.7358858585357666,-1.9745502471923828,-1.5581812858581543,-4.311679840087891,-3.732562303543091,2.7668309211730957,1.0850200653076172,-1.6338768005371094,-15.699529647827148,0.19614118337631226,1.4285928010940552,-4.78131628036499,0.09888605028390884,-0.04879944398999214,0.3096195161342621,-0.8372869491577148,-0.31955665349960327,0.7367714047431946,0.15030629932880402,-1.1538430452346802,-9.695082664489746,3.159040927886963,3.3741369247436523,-1.5031687021255493
146,1.2409937381744385,-0.9362937211990356,0.89457106590271,-3.323941230773926,1.2944202423095703,3.698274612426758,1.1039743423461914,-4.654239177703857,-4.862016677856445,13.779977798461914,12.787293434143066,-7.828696250915527,-4.0502119064331055,-2.3729822635650635,-1.9633878469467163,-4.7468695640563965,-3.836352825164795,3.093013286590576,1.110750675201416,0.7943897247314453,-15.698488235473633,-0.0001938347122631967,1.2490692138671875,-15.678362846374512,0.32446280121803284,-0.2204424887895584,0.12423250824213028,-0.6766500473022461,0.47182565927505493,0.8071690201759338,0.20820453763008118,-0.822297215461731,-7.9790143966674805,3.1871938705444336,2.9763333797454834,-3.3072423934936523
147,3.72280216217041,-0.9615105390548706,-1.4999897480010986,0.34786704182624817,1.7092939615249634,3.108797311782837,1.7811146974563599,-5.687920093536377,-4.649198532104492,14.056915283203125,12.998146057128906,-3.7264459133148193,-3.19175124168396,-2.2023439407348633,-1.7691444158554077,-4.565699100494385,-3.9851584434509277,3.077181577682495,1.008751630783081,-0.7678622603416443,-15.699769973754883,3.165785892633721e-05,1.188783884048462,-15.698813438415527,0.9596812725067139,-0.21447862684726715,-0.6524509787559509,0.6210411787033081,0.35246604681015015,0.6154206395149231,0.46526607871055603,-1.217563271522522,-6.474949836730957,3.2736520767211914,3.2029049396514893,-7.356418609619141
148,2.799245595932007,-1.8895037174224854,-1.637885570526123,-0.839031457901001,1.674852728843689,1.3178191184997559,2.646150827407837,-2.8462564945220947,-4.4900898933410645,13.653125762939453,13.069794654846191,-4.240867614746094,-2.817728042602539,-2.4386699199676514,-1.905336618423462,-4.849544525146484,-4.073801040649414,2.8296639919281006,0.831714928150177,-1.7664155960083008,-15.699325561523438,0.027430793270468712,1.2573156356811523,-15.698823928833008,0.40713682770729065,-0.5427829027175903,-0.3668433725833893,-0.3705148994922638,0.29124099016189575,0.027316629886627197,0.6705676913261414,-0.2348952740430832,-6.023590087890625,3.040116310119629,3.2000772953033447,-6.866690158843994
149,3.4990105628967285,-2.3055429458618164,-1.870865821838379,0.39141374826431274,-0.2860932946205139,1.0577359199523926,2.420492649078369,-2.8888940811157227,-4.20531702041626,13.820181846618652,12.930191993713379,-4.433385372161865,-2.0172479152679443,-2.544076919555664,-1.8895381689071655,-4.697926044464111,-4.757400989532471,2.5083353519439697,0.800236165523529,-2.8476665019989014,-15.69979476928711,0.0036174263805150986,1.1015958786010742,-15.70004653930664,0.7349823713302612,-0.567182719707489,-0.43498072028160095,0.2444615662097931,-0.30793577432632446,0.19355493783950806,0.46622735261917114,-0.6374436020851135,-4.968654155731201,3.2152297496795654,3.143465042114258,-6.7120232582092285
150,3.0279271602630615,-2.4974589347839355,-1.9975370168685913,1.900254726409912,0.8077216148376465,1.1211057901382446,2.397907257080078,-2.3657543659210205,-3.770113706588745,13.861371994018555,13.011926651000977,-4.470815181732178,-1.2457232475280762,-2.5298995971679688,-1.8303804397583008,-4.103075981140137,-5.112931728363037,2.2126753330230713,0.5994263887405396,-3.7658543586730957,-15.699309349060059,0.01305402722209692,1.1527832746505737,-15.700074195861816,0.5214446783065796,-0.5777299404144287,-0.44546714425086975,0.5048892498016357,0.2769307494163513,0.25225144624710083,0.49100810289382935,-0.4632808566093445,-3.8979721069335938,3.189753532409668,3.149829626083374,-6.441075801849365
151,3.1525661945343018,-2.0085833072662354,-1.9574859142303467,2.040086269378662,-0.1649208664894104,0.6544954180717468,1.9216811656951904,-2.317840099334717,-3.0217387676239014,13.976847648620605,13.097798347473145,-4.455646514892578,-0.2468363493680954,-2.2643983364105225,-1.6721187829971313,-3.336697578430176,-5.775979042053223,1.79477858543396,0.5397531390190125,-4.734155178070068,-15.69897747039795,0.01246047206223011,1.0162001848220825,-15.699150085449219,0.634554386138916,-0.3679772913455963,-0.4116140902042389,0.38011637330055237,-0.15928107500076294,0.07241088151931763,0.3256428837776184,-0.5370297431945801,-2.537518262863159,3.247593879699707,3.220942735671997,-6.242809772491455
152,2.4610910415649414,-2.246330976486206,-1.5002930164337158,2.999408483505249,1.4600147008895874,0.4468735158443451,1.5507073402404785,-2.0424234867095947,-2.0839436054229736,14.261839866638184,13.20691204071045,-4.346089839935303,0.6348398923873901,-1.824759602546692,-1.4807344675064087,-2.257744073867798,-5.886173248291016,1.3224576711654663,0.32682371139526367,-5.607743263244629,-15.698250770568848,0.008556008338928223,1.0861284732818604,-15.695653915405273,0.4110989272594452,-0.5194072723388672,-0.2518569529056549,0.6650539636611938,0.43605393171310425,0.06421691179275513,0.2651914358139038,-0.45605671405792236,-1.3775967359542847,3.3721261024475098,3.2024002075195312,-5.657870292663574
153,2.467540740966797,-1.7952327728271484,-0.9959797859191895,1.9644087553024292,0.6804139614105225,0.3465707302093506,1.2776046991348267,-1.679921269416809,-1.0121312141418457,14.71838092803955,13.382037162780762,-4.2187299728393555,1.620154619216919,-1.1767363548278809,-1.2712230682373047,-1.3578157424926758,-6.2666521072387695,0.731391429901123,0.27228522300720215,-6.445048809051514,-15.360098838806152,0.013191789388656616,0.9888026118278503,-15.68924617767334,0.5168317556381226,-0.3136186897754669,-0.13740411400794983,0.24933555722236633,0.026379767805337906,0.05747407674789429,0.22016757726669312,-0.3657737374305725,-0.2733329236507416,3.559114694595337,3.3224685192108154,-5.251349925994873
154,1.2266799211502075,-2.2010788917541504,-0.1580735146999359,2.620539426803589,3.2380900382995605,0.4240587055683136,0.6415209770202637,-1.0010364055633545,0.40004345774650574,15.254158973693848,13.608386039733887,-3.93300199508667,2.3043925762176514,-1.0169168710708618,-1.1584798097610474,-0.3489546477794647,-5.809321880340576,0.5230764746665955,0.12427647411823273,-7.047582149505615,-13.991119384765625,0.15630899369716644,1.0121040344238281,-15.695307731628418,0.09607372432947159,-0.5107319355010986,0.08466265350580215,0.5953273773193359,0.8258828520774841,0.0965537428855896,0.04357641190290451,-0.14936940371990204,0.7002097368240356,3.7668092250823975,3.3604462146759033,-4.353097915649414
155,1.2865188121795654,-0.9782101511955261,-0.13149680197238922,0.8974549174308777,1.9038671255111694,-0.48156243562698364,0.34104859828948975,-0.5232646465301514,7.980748176574707,15.641877174377441,13.991695404052734,-3.6795735359191895,3.9423351287841797,-1.0355209112167358,-1.1214067935943604,0.1498217135667801,-6.768091678619385,0.6369282007217407,0.1469823718070984,-7.568363666534424,-4.286613941192627,-0.12944059073925018,0.8917506337165833,-15.699953079223633,0.2919054925441742,-0.032054681330919266,-0.023581139743328094,-0.03860148787498474,0.17468756437301636,-0.21587985754013062,0.027837567031383514,-0.05791132152080536,1.5959316492080688,3.941128969192505,3.555135726928711,-3.9502618312835693
156,-4.1877031326293945,-0.9738855957984924,-0.19046466052532196,3.487485885620117,11.950729370117188,-0.6449395418167114,-0.4278358817100525,3.6050145626068115,12.441887855529785,16.534378051757812,14.105609893798828,-2.959296941757202,3.3897743225097656,-1.3212454319000244,-1.38541841506958,0.9425615668296814,-3.6178712844848633,1.3468413352966309,0.4095226526260376,-6.555106163024902,7.989319324493408,-1.097434639930725,0.7363970875740051,-15.690278053283691,-1.465742588043213,-0.20132900774478912,-0.047711990773677826,1.06803297996521,3.617173433303833,-0.14746183156967163,-0.18768030405044556,1.0694094896316528,3.2117998600006104,4.245617866516113,3.476149797439575,-2.4886844158172607
157,0.9160446524620056,1.0799742937088013,-1.4455335140228271,1.078170657157898,4.819422721862793,-2.886812448501587,-2.822465658187866,4.805548191070557,7.10701847076416,17.715839385986328,14.318103790283203,-2.1525168418884277,4.277514934539795,-0.9203920960426331,-0.9444127678871155,2.210686206817627,-2.7228453159332275,2.74446177482605,0.7639469504356384,-5.442809581756592,15.700018882751465,-3.230663299560547,0.4546603858470917,-15.59012508392334,0.8468449115753174,0.48100408911705017,-0.48038026690483093,-0.09632959961891174,0.13322263956069946,-0.8458630442619324,-0.8816226124763489,0.9437788724899292,2.8831474781036377,4.317544460296631,3.526825189590454,-1.5274242162704468
158,-3.3392629623413086,3.7948577404022217,-1.3377718925476074,3.1205644607543945,-1.208997130393982,-4.26353645324707,-2.714637517929077,5.95170783996582,2.91214919090271,18.074621200561523,14.570334434509277,-0.618412435054779,3.2816221714019775,-0.3682108223438263,-0.2544569969177246,4.460439682006836,-3.2754149436950684,1.7435857057571411,0.8524346947669983,-3.8701813220977783,15.700019836425781,-1.0002734661102295,0.5848870277404785,-15.662609100341797,-1.1337171792984009,1.1096471548080444,-0.25859197974205017,0.9885612726211548,-1.0330411195755005,-0.9465976357460022,-0.5132344365119934,1.1780080795288086,3.358982563018799,3.4662485122680664,3.528953790664673,0.3925897181034088
159,0.8496137261390686,1.926798939704895,-2.145118474960327,-0.5567976832389832,2.3777990341186523,-4.1535258293151855,-3.667069435119629,3.043874740600586,3.2226107120513916,15.821494102478027,14.849907875061035,0.4002572298049927,3.3994178771972656,0.07652070373296738,0.22976918518543243,5.378386974334717,-2.678741693496704,1.3688985109329224,0.9809316396713257,-3.5753562450408936,15.700002670288086,-0.20479880273342133,0.4925691783428192,-14.453741073608398,0.7131165266036987,0.14358077943325043,-0.5393434166908264,-0.6141736507415771,0.9029960632324219,-0.7952324748039246,-0.8446781039237976,0.22716672718524933,3.812689781188965,3.4625988006591797,3.7418711185455322,0.4456700384616852
160,1.616672396659851,2.4376626014709473,-3.7880585193634033,-1.5711265802383423,-0.7417555451393127,-3.787451982498169,-3.937082290649414,5.635557174682617,3.3828771114349365,15.328461647033691,15.493375778198242,8.196871757507324,3.88157320022583,0.588665783405304,0.7434419393539429,5.02427339553833,-3.169726848602295,0.8626606464385986,0.9232620000839233,-4.199495315551758,15.696932792663574,0.7003659605979919,0.6460323929786682,-4.447921276092529,0.48203983902931213,0.5635079741477966,-0.9785650968551636,-0.3804873824119568,-0.5599660277366638,-0.6889786720275879,-0.8031933903694153,1.3558632135391235,3.914414644241333,3.6326475143432617,4.008327007293701,1.619615912437439
161,0.5517927408218384,2.7453935146331787,-3.5064313411712646,-0.12854017317295074,1.8719109296798706,-5.2200608253479,-6.016345977783203,7.056185245513916,3.578594207763672,14.228903770446777,15.466547012329102,10.999366760253906,4.236898422241211,1.197978138923645,1.337253212928772,4.771324634552002,-2.8663980960845947,0.3910248577594757,0.832557201385498,-4.409456253051758,15.697781562805176,1.4252300262451172,0.6983251571655273,8.03036117553711,-0.03183921426534653,0.6109532713890076,-0.6433782577514648,0.14105114340782166,0.6777433753013611,-1.2362580299377441,-1.4848986864089966,1.4354854822158813,4.3057732582092285,3.3708479404449463,3.92152738571167,2.603053569793701
162,1.7232897281646729,0.8403071165084839,-4.300563335418701,-2.0166001319885254,1.8983813524246216,-3.6871399879455566,-6.64173698425293,4.8152899742126465,3.5857415199279785,13.55329704284668,15.3917875289917,6.229059219360352,4.49282693862915,1.28939688205719,1.4196279048919678,3.7733705043792725,-2.6466000080108643,0.3641127347946167,0.7383273243904114,-4.47224760055542,15.696863174438477,1.3216776847839355,0.8074734807014465,15.311494827270508,0.5871032476425171,-0.08164985477924347,-0.928168535232544,-0.568291425704956,0.3526241183280945,-0.5390193462371826,-1.4174875020980835,0.5772562623023987,4.089592456817627,3.380531072616577,3.875978708267212,2.464195489883423
163,-1.4702298641204834,2.057029962539673,-3.3246946334838867,-3.1819560527801514,0.9600980877876282,-3.7808661460876465,-4.1689910888671875,3.382528066635132,3.4974756240844727,13.099051475524902,15.50268840789795,2.926119089126587,3.5420618057250977,0.8350997567176819,0.9472160935401917,2.5789926052093506,-2.6925532817840576,0.8166853189468384,0.47584763169288635,-3.7915313243865967,15.667123794555664,0.37488362193107605,1.0328799486160278,15.43050765991211,-0.6989472508430481,0.6029647588729858,-0.5113077163696289,-0.7158945798873901,0.06306207925081253,-0.7666389346122742,-0.49650150537490845,0.4227901101112366,3.8228137493133545,3.1179709434509277,4.014075756072998,3.1186022758483887
164,-2.034271001815796,1.7635228633880615,-3.4408278465270996,-1.3518555164337158,1.7940199375152588,-4.560711860656738,-2.449718475341797,3.087012529373169,3.477433443069458,12.752425193786621,15.786287307739258,3.383991003036499,2.59063720703125,0.42381390929222107,0.5640101432800293,1.943001389503479,-2.5382046699523926,1.3688267469406128,0.3169373571872711,-3.2061591148376465,15.664637565612793,-0.5654633045196533,1.168145775794983,15.398591041564941,-0.4373839795589447,0.31855693459510803,-0.6936155557632446,-0.038057297468185425,0.4324544072151184,-0.9966642260551453,-0.26157718896865845,0.5233773589134216,3.800814151763916,2.733612537384033,4.286602020263672,3.9683902263641357
165,-0.7716290354728699,1.625821828842163,-2.5944037437438965,-2.399531364440918,1.9582078456878662,-5.743891716003418,-2.222827672958374,2.345531463623047,3.4914395809173584,12.125495910644531,15.579374313354492,3.651475429534912,2.0525646209716797,0.26686736941337585,0.3661944270133972,1.3455774784088135,-2.3311562538146973,1.5064761638641357,0.3149125874042511,-2.8940093517303467,15.700014114379883,-0.9854838848114014,1.1263220310211182,15.458525657653809,0.005852021276950836,0.3082752525806427,-0.4051147401332855,-0.5883753299713135,0.3832591772079468,-1.269300937652588,-0.41273391246795654,0.3416265845298767,3.8830652236938477,2.38372802734375,4.086177825927734,4.051881313323975
166,-0.9328861236572266,1.9200801849365234,-2.8883795738220215,-1.8977859020233154,1.6957930326461792,-6.421290874481201,-1.5438071489334106,2.1648342609405518,3.525731325149536,11.03271770477295,15.519240379333496,3.7410998344421387,1.5443464517593384,0.1766563504934311,0.29775065183639526,1.0597400665283203,-2.1593098640441895,1.6059532165527344,0.259804368019104,-2.604008197784424,15.700006484985352,-0.9665969610214233,1.2150365114212036,15.500946044921875,-0.19649451971054077,0.42705121636390686,-0.6151514649391174,-0.3054179251194,0.28418922424316406,-1.3411216735839844,-0.2161375880241394,0.3764874339103699,4.050312042236328,2.0546092987060547,4.047081470489502,4.1669158935546875
167,-0.2630244791507721,1.2896125316619873,-2.632720947265625,-2.538850784301758,1.1149821281433105,-6.838913917541504,-1.6614323854446411,1.7644648551940918,3.609489679336548,9.75059700012207,15.11173152923584,3.8461685180664062,1.1969494819641113,0.17884063720703125,0.2868281304836273,0.7334952354431152,-2.1164402961730957,1.4335598945617676,0.36968475580215454,-2.437103033065796,15.700004577636719,-0.7328613996505737,1.120469331741333,15.5601806640625,0.0330488458275795,0.1741875857114792,-0.49025973677635193,-0.5781903266906738,0.1369687020778656,-1.3877801895141602,-0.345985472202301,0.2783222794532776,4.230279445648193,1.7790416479110718,3.8480536937713623,4.429074287414551
168,-0.207433819770813,1.0217939615249634,-2.7634644508361816,-2.6249635219573975,0.5712283849716187,-6.665997505187988,-1.7766993045806885,1.3586260080337524,3.7041664123535156,8.297270774841309,14.936697959899902,3.9004340171813965,0.8626292943954468,0.1723290979862213,0.2876909375190735,0.44836175441741943,-2.183065891265869,1.4003239870071411,0.3582567274570465,-2.358764171600342,15.7000093460083,-0.5142838358879089,1.1784948110580444,15.60732364654541,-0.033142320811748505,0.16974405944347382,-0.5676122903823853,-0.5293996334075928,0.039188239723443985,-1.2865118980407715,-0.3661579489707947,0.20254965126514435,4.428556442260742,1.474524736404419,3.773592948913574,4.592144012451172
169,0.46238452196121216,0.3578348159790039,-2.846705198287964,-3.1356911659240723,0.4438944458961487,-6.64404821395874,-2.1036946773529053,1.0244497060775757,3.7924392223358154,6.895357131958008,14.570422172546387,3.944683074951172,0.6468366384506226,0.15245786309242249,0.2826414406299591,0.07710906863212585,-2.2673556804656982,1.256385326385498,0.4763842225074768,-2.367359161376953,15.700011253356934,-0.24463298916816711,1.0858222246170044,15.650486946105957,0.18537172675132751,-0.01708848960697651,-0.5778279304504395,-0.693203330039978,0.06680331379175186,-1.3000056743621826,-0.4604317545890808,0.1491362601518631,4.601716995239258,1.1990517377853394,3.636061906814575,4.746969223022461
170,0.9723544120788574,0.17956285178661346,-3.0240089893341064,-3.622924566268921,0.38116803765296936,-6.743284225463867,-2.6694509983062744,0.5341059565544128,3.8644354343414307,5.652248859405518,14.374958038330078,3.951744794845581,0.5336031913757324,0.16791334748268127,0.2656036615371704,-0.3470233976840973,-2.3606297969818115,1.2045773267745972,0.4557129740715027,-2.4938032627105713,15.70000171661377,-0.10912662744522095,1.142869234085083,15.682122230529785,0.2680562734603882,0.012172980234026909,-0.6263400912284851,-0.8002442121505737,0.06297580152750015,-1.3469054698944092,-0.6020311117172241,0.038387611508369446,4.734063148498535,0.9788965582847595,3.5529351234436035,4.789475440979004
171,1.5435103178024292,-0.3172297477722168,-3.1588339805603027,-3.934741735458374,0.44134968519210815,-6.99713659286499,-3.173474073410034,0.11593446880578995,3.91801118850708,4.5647382736206055,14.07213306427002,3.954507827758789,0.5213629603385925,0.10213670134544373,0.23451931774616241,-0.8105700016021729,-2.446127414703369,1.1523797512054443,0.5108212828636169,-2.7172415256500244,15.700011253356934,0.007769644260406494,1.0886763334274292,15.702759742736816,0.3922022879123688,-0.12925280630588531,-0.6483662128448486,-0.8543429374694824,0.08916626125574112,-1.4213528633117676,-0.6967256665229797,-0.030333921313285828,4.826739311218262,0.7757620215415955,3.4626028537750244,4.838814735412598
172,1.7867069244384766,-0.530571460723877,-3.147709608078003,-4.185007095336914,0.4091142416000366,-7.278223037719727,-3.7196178436279297,-0.3127998411655426,3.9586799144744873,3.571925640106201,13.941004753112793,3.9510488510131836,0.5554040670394897,0.18072395026683807,0.2036406248807907,-1.2734477519989014,-2.536696672439575,1.1356680393218994,0.4389180839061737,-3.0187628269195557,15.700002670288086,-0.044658124446868896,1.1857613325119019,15.70340347290039,0.3974961042404175,-0.13423289358615875,-0.6273298263549805,-0.914215087890625,0.07156030088663101,-1.4872992038726807,-0.8102965950965881,-0.12892071902751923,4.900773048400879,0.5888239145278931,3.4237241744995117,4.849438190460205
173,1.9723142385482788,-1.01528799533844,-3.174661874771118,-4.204644680023193,0.5561400651931763,-7.494185924530029,-4.012034893035889,-0.6984449625015259,3.9842612743377686,2.6881887912750244,13.759133338928223,3.9583358764648438,0.6029348969459534,0.02236074209213257,0.12966719269752502,-1.710512399673462,-2.6126248836517334,1.152524471282959,0.4033096432685852,-3.448143720626831,15.687533378601074,-0.07576438784599304,1.1957979202270508,15.532596588134766,0.4285542070865631,-0.2661900818347931,-0.6385596990585327,-0.9008934497833252,0.12054898589849472,-1.5238313674926758,-0.8392589688301086,-0.21306757628917694,4.937204360961914,0.41873663663864136,3.399327278137207,4.856396675109863
174,1.8918651342391968,-1.145722508430481,-2.943897247314453,-4.261085510253906,0.4499046504497528,-7.781867980957031,-4.258851051330566,-0.8581025004386902,4.016541481018066,1.7649147510528564,13.691059112548828,4.126797676086426,0.2942748963832855,0.4569600224494934,0.3209999203681946,-0.3681749105453491,1.9387646913528442,1.3936656713485718,-0.029191825538873672,-1.9379149675369263,-0.0005936563247814775,-0.756521463394165,1.5624022483825684,4.35943603515625,0.37639570236206055,-0.24728812277317047,-0.5592709183692932,-0.9326056241989136,0.06960741430521011,-1.5938093662261963,-0.8838717341423035,-0.21969352662563324,4.979364395141602,0.2286432832479477,3.3898258209228516,4.894896507263184
175,-0.6267688274383545,-1.9246224164962769,-2.2326695919036865,-6.882827281951904,-0.6022652983665466,-8.156932830810547,-3.69555926322937,3.472505569458008,18.53574562072754,1.360633134841919,12.81216812133789,14.189252853393555,0.11521616578102112,0.2071598768234253,0.410285085439682,0.4943583011627197,0.8414515852928162,1.0019505023956299,-0.47934994101524353,1.0951390266418457,0.4837171137332916,-0.38292235136032104,2.0474531650543213,-0.6535643339157104,-0.4658242464065552,-0.48096922039985657,-0.3461587727069855,-1.8039706945419312,-0.24402213096618652,-1.665748119354248,-0.677361011505127,1.2450302839279175,5.070077896118164,0.20275817811489105,3.0598700046539307,4.76947546005249
176,-4.64280366897583,-2.9019923210144043,-1.1386185884475708,-3.665781259536743,3.8378472328186035,-9.20419692993164,-4.034062385559082,5.564193248748779,16.483903884887695,-1.4508490562438965,9.569415092468262,17.68503189086914,-0.5317098498344421,0.31948235630989075,0.23485416173934937,0.07929021865129471,1.118722677230835,1.276540994644165,-0.8003353476524353,-0.16645367443561554,0.004570335149765015,-0.8076131939888,2.414294719696045,1.809586763381958,-1.5087099075317383,-0.7133678197860718,-0.07989528030157089,-0.273416131734848,1.4344565868377686,-2.0506978034973145,-0.8834897875785828,1.5429003238677979,3.828638792037964,-0.6724007725715637,1.7801942825317383,4.080676555633545
177,1.825243353843689,-4.452071189880371,-0.6351355910301208,-6.022402763366699,5.541275501251221,-9.586304664611816,-4.584193706512451,5.493746757507324,16.643924713134766,-7.1251959800720215,8.140358924865723,14.993221282958984,-0.3284953534603119,-0.6110034584999084,-0.06520801782608032,-0.1034790426492691,0.5480365753173828,1.9497348070144653,-1.294761061668396,-0.4749000370502472,0.7171953916549683,-9.718585968017578,2.730342388153076,1.605804204940796,1.2427051067352295,-1.1040171384811401,-0.060301803052425385,-1.5780634880065918,1.4349464178085327,-1.9884588718414307,-1.0398668050765991,1.069351315498352,4.090273380279541,-2.4859585762023926,1.7388451099395752,3.9217982292175293
178,-3.725764513015747,-5.115262031555176,1.5092260837554932,-2.862217903137207,4.740330696105957,-2.225325345993042,-5.21036958694458,1.8564791679382324,15.286439895629883,-7.878249645233154,6.796856880187988,12.89421272277832,-0.7374808192253113,-1.7158985137939453,-0.4401600956916809,-0.5832875370979309,-0.06172521784901619,3.0419421195983887,-1.898909091949463,-0.49358633160591125,0.06712386012077332,-15.67536735534668,3.1793482303619385,1.2078768014907837,-1.5484614372253418,-1.1770464181900024,0.5890823006629944,-0.1565442979335785,0.8512431979179382,0.5317801833152771,-1.2131792306900024,-0.11928217113018036,3.6605961322784424,-6.318497657775879,1.4312269687652588,2.7510218620300293
179,-0.35325366258621216,-5.036038875579834,-1.4392280578613281,-2.6703600883483887,7.4138970375061035,-4.704604625701904,-3.8733012676239014,3.411249876022339,16.327800750732422,-4.291207790374756,6.24654483795166,12.73475170135498,-0.8384501934051514,-2.997234344482422,-0.6754072904586792,-0.7984831929206848,1.8738758563995361,1.7372452020645142,-2.2109057903289795,-0.9306737184524536,-4.329035758972168,-15.631850242614746,3.494324207305908,1.6310256719589233,0.3823826014995575,-1.1038521528244019,-0.6926281452178955,-0.5269614458084106,1.9230616092681885,-1.1691360473632812,-0.6563266515731812,0.8853785395622253,4.190271854400635,-8.948653221130371,1.4714257717132568,2.997694730758667
180,-4.038541793823242,-2.9061129093170166,2.6401469707489014,-2.6432719230651855,5.740029335021973,-2.2205355167388916,-5.128555774688721,3.8270211219787598,19.9053897857666,-4.650418758392334,4.606035232543945,12.088228225708008,-1.094682216644287,-3.4526963233947754,-1.2286661863327026,-1.255820631980896,3.8399767875671387,0.9525063037872314,-2.048445701599121,-0.536644697189331,-7.488045692443848,-15.0242338180542,3.6893959045410156,1.4256254434585571,-1.3743468523025513,-0.3644959032535553,1.0737802982330322,-0.5444390773773193,1.0720841884613037,-0.13011735677719116,-1.3280797004699707,0.7974844574928284,4.044184684753418,-7.994213104248047,0.879490077495575,2.8979880809783936
181,-5.39156436920166,-4.72616720199585,3.6363284587860107,2.377440929412842,4.169109344482422,-1.6127148866653442,-5.032279968261719,4.3102216720581055,19.997356414794922,-5.4626240730285645,4.004129409790039,11.83317756652832,-1.2359586954116821,-4.168179512023926,-1.270532488822937,-1.3976019620895386,3.390963077545166,0.4651390612125397,-2.11088228225708,-0.5435467958450317,-6.491085052490234,-15.68898868560791,3.9678688049316406,1.5064479112625122,-1.3468056917190552,-1.3881865739822388,0.8287620544433594,1.144902229309082,0.783961832523346,-0.24137824773788452,-1.0805468559265137,0.9285019040107727,3.032132625579834,-8.353389739990234,0.9026579856872559,2.7746050357818604
182,-5.549280643463135,-3.4659199714660645,3.3052921295166016,2.7133495807647705,5.739418983459473,-0.20879220962524414,-5.304059028625488,5.223264694213867,18.106287002563477,-4.793163776397705,3.093501091003418,11.255803108215332,-1.3660012483596802,-4.588996410369873,-1.4975874423980713,-1.4810832738876343,2.8865134716033936,0.07081183046102524,-2.115082263946533,-0.5434916615486145,-5.2014970779418945,-15.668559074401855,4.096828937530518,1.695558786392212,-1.2089357376098633,-0.6330007314682007,0.5944625735282898,0.5626944303512573,1.575319528579712,0.1399359107017517,-1.2072609663009644,1.1691060066223145,2.9549033641815186,-8.20601749420166,0.6349706053733826,2.5924289226531982
183,-5.802121162414551,-2.464134454727173,3.2401037216186523,1.4472380876541138,5.571213245391846,-0.0679406002163887,-6.332381248474121,5.073524475097656,17.341840744018555,-4.8065032958984375,1.7505217790603638,10.885086059570312,-1.4710332155227661,-4.874853134155273,-1.4426968097686768,-1.5569398403167725,2.716886520385742,-0.282776802778244,-2.070827007293701,-0.47586631774902344,-4.615070343017578,-15.676260948181152,4.245181560516357,1.686183214187622,-1.2855229377746582,-0.43395665287971497,0.6093806624412537,0.11408385634422302,1.2182031869888306,0.004821598529815674,-1.5651861429214478,0.9915515780448914,3.1752748489379883,-7.846248626708984,0.2192186713218689,2.5692455768585205
184,-6.6220316886901855,-1.973739504814148,3.6062569618225098,1.4993969202041626,4.718597888946533,0.031347233802080154,-7.023310661315918,4.847454071044922,16.98053550720215,-4.758914470672607,-0.4149230122566223,10.729019165039062,-1.5308372974395752,-5.061052322387695,-1.5783771276474,-1.6336325407028198,2.5189571380615234,-0.6327422261238098,-2.055418014526367,-0.3250790238380432,-4.034186363220215,-15.688701629638672,4.3336591720581055,1.6117717027664185,-1.5658410787582397,-0.3983563482761383,0.7416617274284363,0.29167643189430237,0.9188314080238342,0.019389420747756958,-1.6732147932052612,0.938474714756012,3.173748016357422,-7.466818332672119,-0.40845221281051636,2.540708541870117
185,-7.5172505378723145,-1.5309369564056396,4.318143367767334,1.2180458307266235,4.622575759887695,0.2846619188785553,-7.727614402770996,4.816082954406738,16.53708267211914,-4.694010257720947,-4.048341751098633,10.452313423156738,-1.6352717876434326,-5.1505446434021,-0.9101136922836304,-1.6460041999816895,2.3872156143188477,-0.885590672492981,-2.6628217697143555,-0.029723159968852997,-3.405733585357666,-15.68858528137207,1.653152585029602,1.2843177318572998,-1.7940504550933838,-0.2998434603214264,0.9204100966453552,0.1951386034488678,1.0050601959228516,0.08880354464054108,-1.8488417863845825,0.9652873873710632,3.1483869552612305,-7.133716583251953,-1.082909345626831,2.4199585914611816
186,-8.887975692749023,-1.0820237398147583,3.874002456665039,0.8230791687965393,3.5872364044189453,-0.8149040937423706,-6.864231109619141,3.716714859008789,15.809853553771973,-4.633217811584473,-7.327249526977539,10.206096649169922,-1.7540203332901,-5.253311634063721,-0.8960587978363037,-1.7653058767318726,2.33891224861145,-1.4207297563552856,-0.6087340116500854,0.4715661108493805,-2.9372289180755615,-15.686702728271484,-8.862994194030762,0.6775954365730286,-2.2304749488830566,-0.18985094130039215,0.7117608785629272,0.10610690712928772,0.6298584342002869,-0.3175245523452759,-1.4484533071517944,0.6057307124137878,3.0293092727661133,-6.803524017333984,-1.9114751815795898,2.28346586227417
187,-11.385156631469727,-0.16347141563892365,5.146408557891846,1.9951212406158447,1.562859058380127,-1.242663025856018,-2.8598077297210693,4.144190311431885,15.704877853393555,-4.565117835998535,-8.070174217224121,12.177995681762695,-1.8401210308074951,-5.039898872375488,-0.479431688785553,-1.7668988704681396,2.3497519493103027,-2.049224853515625,0.9542917013168335,0.7990053296089172,-2.4868874549865723,-15.691637992858887,-15.693326950073242,0.41965252161026,-3.1907739639282227,0.10806046426296234,1.1892504692077637,0.526333212852478,0.045346084982156754,-0.3233022689819336,0.03110998123884201,0.9198781847953796,3.171966552734375,-6.473703384399414,-5.6291351318359375,3.1458351612091064
188,-12.039953231811523,3.092811346054077,3.248898506164551,2.984551429748535,2.003114938735962,-0.04340776056051254,-2.4080891609191895,4.721949100494385,16.1599063873291,-4.523029804229736,-4.089273929595947,13.55445384979248,-1.746356725692749,-3.75644588470459,0.19076570868492126,-1.6445807218551636,2.096529245376587,-2.309647560119629,0.41808390617370605,1.1268951892852783,-1.5902411937713623,-15.69587516784668,-15.699288368225098,0.3104952275753021,-3.019263505935669,0.921094536781311,0.4006034731864929,0.6933978796005249,0.5001850724220276,0.1584300398826599,-0.3897421956062317,1.0738545656204224,3.4931328296661377,-6.4136457443237305,-7.466499328613281,3.4404356479644775
189,-10.314208984375,0.9165793657302856,2.809842109680176,2.782386064529419,4.018339157104492,-2.4271628856658936,-2.1936845779418945,3.6242780685424805,14.836785316467285,-4.427096366882324,-4.383636474609375,13.200550079345703,-1.6818482875823975,-3.095174789428711,0.7222307920455933,-1.5475884675979614,1.8390530347824097,-3.370844841003418,-0.1855335831642151,1.3817729949951172,-0.7176582217216492,-15.69839096069336,-15.693018913269043,0.11961738765239716,-2.062985420227051,-0.08161105215549469,0.5182836055755615,0.5054773092269897,1.173841953277588,-0.880233108997345,-0.41104358434677124,0.6117507219314575,3.023257255554199,-5.9460320472717285,-6.813732624053955,2.9619081020355225
190,-10.828177452087402,2.7781922817230225,2.448486089706421,2.461564540863037,3.993657350540161,-0.08356944471597672,-2.6379947662353516,3.458158493041992,13.699999809265137,-4.129156112670898,-4.372574329376221,12.47796630859375,-1.5411148071289062,-1.697471022605896,1.3130860328674316,-1.386806607246399,1.7632510662078857,-3.6699867248535156,-0.8907778859138489,1.6509003639221191,-0.1489408314228058,-15.697309494018555,-15.699732780456543,0.04503128305077553,-2.5992021560668945,0.7370482683181763,0.46066105365753174,0.42982640862464905,0.8511402010917664,0.31964021921157837,-0.5995318293571472,0.7115364670753479,2.893521785736084,-4.77487850189209,-5.919641971588135,2.6441943645477295
191,-10.120664596557617,2.04107403755188,1.4509798288345337,2.2569217681884766,3.223039150238037,-1.3732659816741943,-2.6548101902008057,2.354536771774292,13.045059204101562,-3.890040159225464,-4.246201038360596,11.471077919006348,-1.4140911102294922,-0.5458152890205383,1.6685510873794556,-1.2373020648956299,1.6754053831100464,-4.4329915046691895,-1.7100075483322144,1.8216273784637451,0.35411539673805237,-15.697675704956055,-15.689888954162598,-0.01134955883026123,-2.168142557144165,0.30859407782554626,0.17130672931671143,0.4080355167388916,0.5769391655921936,-0.5107712149620056,-0.5606542229652405,0.34775030612945557,2.8603568077087402,-4.3500285148620605,-5.355114936828613,2.3330352306365967
192,-9.585599899291992,2.1748340129852295,1.133007526397705,2.461967945098877,2.7856245040893555,-0.7644317746162415,-2.43400239944458,2.250051259994507,12.45177936553955,-3.53135085105896,-3.9974262714385986,10.563724517822266,-1.2451146841049194,0.8058040738105774,2.0069262981414795,-1.0802407264709473,1.6182217597961426,-4.983911991119385,-2.5129847526550293,1.9732882976531982,0.7829146981239319,-15.697864532470703,-15.700024604797363,0.0250278078019619,-2.051543951034546,0.45584186911582947,0.1976611614227295,0.5024905204772949,0.5290153622627258,-0.09030336141586304,-0.49728065729141235,0.4677131175994873,2.7842812538146973,-3.5882582664489746,-4.528566360473633,2.1191489696502686
193,-9.036417007446289,1.7819143533706665,0.9367120265960693,2.2385058403015137,1.7254183292388916,-0.7523180842399597,-1.9115591049194336,1.4890493154525757,12.06287956237793,-3.060619831085205,-3.6530747413635254,9.838512420654297,-1.0710631608963013,2.096676826477051,2.277250051498413,-0.8838012218475342,1.574366807937622,-5.53672981262207,-3.244926691055298,2.063481569290161,1.185766577720642,-15.69703197479248,-15.690855979919434,0.09190727770328522,-1.897874116897583,0.3260185420513153,0.1746901273727417,0.40602290630340576,0.2146570086479187,-0.181096613407135,-0.3518039584159851,0.21198324859142303,2.778029441833496,-2.8168535232543945,-3.812842607498169,1.986269235610962
194,-8.66076946258545,1.1945223808288574,1.271770715713501,1.9779016971588135,0.4688272774219513,-0.3330410122871399,-0.5830467343330383,0.8839229345321655,12.048598289489746,-2.4097132682800293,-3.1461546421051025,9.402963638305664,-0.9065603017807007,3.2517058849334717,2.5594136714935303,-0.7478044033050537,1.5544300079345703,-5.918299674987793,-3.6895699501037598,2.2263715267181396,1.4579459428787231,-15.69542121887207,-15.698049545288086,0.06062684208154678,-1.8228018283843994,0.18395625054836273,0.3253224194049835,0.35302963852882385,-0.0782330259680748,-0.015823066234588623,0.06026285141706467,0.10387451946735382,2.9203343391418457,-1.912190318107605,-2.884040117263794,1.9381743669509888
195,-8.357755661010742,0.701829731464386,1.2798547744750977,1.785623550415039,-0.6370758414268494,0.2420317679643631,0.5793604254722595,0.039936065673828125,12.169754028320312,-1.6571060419082642,-2.4695985317230225,9.088540077209473,-0.7750064730644226,4.263794898986816,2.796781063079834,-0.5777461528778076,1.5523802042007446,-6.0525803565979,-3.8707005977630615,2.3395771980285645,1.7989983558654785,-15.694231986999512,-15.688446998596191,0.07521472871303558,-1.7519245147705078,0.09109388291835785,0.2831585705280304,0.3250986933708191,-0.2681814730167389,0.12186294794082642,0.2594289183616638,-0.11217658221721649,3.0256175994873047,-1.0781127214431763,-1.9631884098052979,1.8723336458206177
196,-7.967627048492432,-0.4647810459136963,1.2941250801086426,1.4529459476470947,-1.778398871421814,0.8608774542808533,1.5545295476913452,-0.9317648410797119,12.110179901123047,-0.9614399671554565,-1.671161413192749,8.787641525268555,-0.7087470889091492,4.673506259918213,2.940565586090088,-0.5563018321990967,1.4824451208114624,-6.010570049285889,-3.8193814754486084,2.526595115661621,2.0508944988250732,-14.853757858276367,-15.699898719787598,-0.04903717339038849,-1.6406354904174805,-0.24082531034946442,0.28942176699638367,0.24309930205345154,-0.4846643805503845,0.2120925784111023,0.39122217893600464,-0.29432255029678345,3.0514392852783203,-0.45768362283706665,-1.0575134754180908,1.8091062307357788
197,-7.528835296630859,-1.8109723329544067,1.0083132982254028,1.017196774482727,-2.464014768600464,1.4868764877319336,2.283751964569092,-1.8968857526779175,12.161872863769531,-0.23806145787239075,-0.8020628690719604,8.592105865478516,-0.7702385187149048,4.371477127075195,2.9292099475860596,-0.55331951379776,1.4915835857391357,-5.761166572570801,-3.644746780395508,2.690448522567749,2.298832893371582,-13.306037902832031,-15.445173263549805,-0.22737577557563782,-1.531721830368042,-0.4698036015033722,0.18236103653907776,0.14287903904914856,-0.5599290728569031,0.31804680824279785,0.49368637800216675,-0.46961164474487305,3.1372933387756348,0.2829882502555847,-0.20732849836349487,1.758694052696228
198,-7.2692975997924805,-2.3873133659362793,0.9178911447525024,0.4824709892272949,-3.2182445526123047,2.015158176422119,2.9364662170410156,-2.6431660652160645,12.152764320373535,4.353724479675293,0.14235205948352814,8.462321281433105,-0.8288546800613403,3.2798173427581787,2.9795587062835693,-0.697433590888977,1.315167784690857,-5.57143497467041,-3.4662184715270996,2.8177905082702637,2.6514062881469727,-7.171831130981445,-14.26108455657959,-0.3001363277435303,-1.5084238052368164,-0.4875868856906891,0.1900545060634613,0.024755775928497314,-0.714436948299408,0.3995141386985779,0.6062268614768982,-0.5783340334892273,3.1785778999328613,1.0100713968276978,0.5200644135475159,1.7191276550292969
199,-8.067069053649902,-1.365193247795105,1.4560601711273193,0.0028117340989410877,-1.881516456604004,4.8008809089660645,3.700788974761963,-2.8153045177459717,12.363037109375,5.643584251403809,7.044228553771973,9.58168888092041,-0.9165987372398376,2.663442373275757,4.18973970413208,-0.656302273273468,1.042497992515564,-4.010657787322998,-4.647522926330566,2.8964948654174805,3.3680052757263184,-0.7826815843582153,-4.921182155609131,-0.3385995626449585,-1.8621597290039062,-0.1324436217546463,0.40408942103385925,-0.06225588917732239,-0.19218361377716064,1.1470699310302734,0.7636176943778992,-0.5369213819503784,3.4145569801330566,1.0542017221450806,1.4021289348602295,2.174002170562744
200,-7.686923027038574,0.8068208694458008,-1.6863030195236206,1.1680338382720947,-2.646381139755249,6.607452869415283,7.373160362243652,-3.082958221435547,11.450258255004883,10.687931060791016,10.035265922546387,10.834449768066406,-0.8196434378623962,2.533651113510132,4.838669300079346,-0.6721989512443542,0.7213099002838135,-1.6054507493972778,-4.543789386749268,2.9196219444274902,4.166884899139404,10.634101867675781,6.054201602935791,-0.06252492964267731,-1.5952839851379395,0.4606577754020691,-0.7143405079841614,0.38150566816329956,-0.6157298684120178,1.4474730491638184,1.7650634050369263,-0.5973982810974121,3.0553600788116455,3.3439698219299316,2.306140661239624,2.5061185359954834
201,-7.417886734008789,-0.8927972912788391,-1.0180174112319946,4.257973670959473,-6.1689558029174805,3.0176846981048584,5.710957050323486,-3.6734888553619385,11.039173126220703,4.9402689933776855,7.454132080078125,12.433436393737793,-0.6355559825897217,2.384878158569336,5.214635372161865,-0.49624526500701904,0.8397267460823059,-0.7866125106811523,-4.4463019371032715,2.741070032119751,4.147839069366455,15.591842651367188,14.271316528320312,0.33612823486328125,-1.5373053550720215,-0.39342930912971497,-0.09498888999223709,1.2656359672546387,-1.7428820133209229,0.17763608694076538,0.810309648513794,-0.7474870681762695,3.2411231994628906,2.29826021194458,2.763183832168579,3.09100604057312
202,-8.943624496459961,-6.751940727233887,-1.8249270915985107,7.538074016571045,-7.515512943267822,-4.483396053314209,5.365354537963867,-4.431476593017578,10.25864315032959,2.83809494972229,3.8568029403686523,11.70948600769043,-0.9011660218238831,-0.017927246168255806,4.0015645027160645,-0.8130807280540466,0.7052685022354126,-3.1913859844207764,-3.468956708908081,2.5936930179595947,3.9117612838745117,15.60223388671875,15.672627449035645,0.2840384542942047,-2.171062469482422,-2.106117010116577,-0.4025284945964813,2.0348961353302,-1.704948902130127,-2.034827709197998,0.9078009724617004,-0.9189102053642273,2.7208948135375977,3.287328004837036,3.5947744846343994,2.537944793701172
203,-9.436460494995117,-5.751484394073486,-1.4260988235473633,6.724575042724609,-5.716259479522705,-2.5623927116394043,6.680886745452881,-3.38325572013855,10.402892112731934,3.142643928527832,3.4864237308502197,11.820623397827148,-1.2039133310317993,-1.819941759109497,2.8310763835906982,-1.1028878688812256,0.5483697056770325,-4.498044967651367,-1.888919711112976,2.5342905521392822,4.236776351928711,15.59743881225586,15.676736831665039,0.33001911640167236,-2.1656386852264404,-1.104004144668579,-0.2123359739780426,1.2205073833465576,-0.8976835608482361,-0.3422076106071472,1.4147608280181885,-0.4985983967781067,2.9034767150878906,3.5664994716644287,4.571203231811523,2.6609604358673096
204,-9.362521171569824,-2.5176947116851807,-2.237438678741455,6.930067539215088,-5.7698283195495605,-1.0266834497451782,2.295790195465088,-3.517814874649048,9.317109107971191,3.3371694087982178,3.737920045852661,11.297357559204102,-1.5836776494979858,-2.584564447402954,1.966991901397705,-1.0276683568954468,1.764431357383728,-5.245552062988281,-1.8138940334320068,1.8964436054229736,-0.40242570638656616,15.339078903198242,15.661687850952148,0.9044609069824219,-2.079726457595825,-0.1259482055902481,-0.5159235596656799,1.394909143447876,-1.167585849761963,-0.020181775093078613,-0.07866484671831131,-0.6707468032836914,2.4036312103271484,3.73933744430542,4.678440570831299,2.424402952194214
205,-8.288729667663574,-1.0653530359268188,-2.767090082168579,4.312156677246094,-4.701024532318115,3.4341859817504883,1.6555503606796265,-3.3533589839935303,11.694647789001465,3.750591516494751,3.793041944503784,11.377028465270996,-1.7120553255081177,-2.822770595550537,1.0661629438400269,-0.9753069877624512,1.5874407291412354,-4.281808853149414,-1.8047677278518677,1.590973138809204,-0.263217031955719,15.327481269836426,15.671002388000488,1.169670581817627,-1.6846226453781128,-0.031178968027234077,-0.5962859392166138,0.5004645586013794,-0.7305187582969666,1.1587014198303223,0.23264425992965698,-0.6225323677062988,2.4462008476257324,4.109886169433594,4.470466136932373,2.7030625343322754
206,-8.04068660736084,1.9453412294387817,-3.2017784118652344,3.478281021118164,-4.665781497955322,2.9218478202819824,-0.6260387897491455,-3.335298776626587,10.135759353637695,3.781825065612793,3.818155288696289,10.624889373779297,-1.7927498817443848,-1.988771915435791,0.35271182656288147,-0.7681589722633362,1.2237111330032349,-3.6122589111328125,-2.317866086959839,1.1140990257263184,-0.1812354028224945,15.363526344299316,15.672372817993164,1.7139122486114502,-1.7522413730621338,0.7546586394309998,-0.6893360018730164,0.5698415040969849,-0.8959487080574036,0.46422332525253296,-0.43139106035232544,-0.6392516493797302,1.903951644897461,3.929201602935791,4.525577545166016,2.3504226207733154
207,-6.042534351348877,2.0027732849121094,-2.299126148223877,0.7256758213043213,-3.691399335861206,5.77637243270874,-1.0322329998016357,-2.4755563735961914,10.641133308410645,3.844741106033325,3.91549015045166,10.6550874710083,-1.830611228942871,-1.4342625141143799,-0.21085502207279205,-0.692868173122406,1.123358964920044,-1.9964061975479126,-2.8106846809387207,1.0482828617095947,-0.18102803826332092,15.343049049377441,15.678618431091309,1.7072069644927979,-1.0207421779632568,0.3899681866168976,-0.3458218276500702,-0.21348947286605835,-0.5946096181869507,1.419745922088623,-0.2843344807624817,-0.3741399049758911,2.361978530883789,4.158030033111572,4.832302093505859,2.6205592155456543
208,-4.734821796417236,3.5980064868927,-2.6258206367492676,-0.265101820230484,-4.615131378173828,3.1900172233581543,-1.5006129741668701,-1.6908798217773438,10.592618942260742,3.9677681922912598,4.001669406890869,10.703672409057617,-1.9499534368515015,-0.8619425296783447,-0.9034931659698486,-0.9124014973640442,0.9914650321006775,-1.2499281167984009,-3.2879908084869385,1.7173008918762207,-0.10127769410610199,15.279861450195312,15.639634132385254,0.530718982219696,-0.8323754072189331,0.9053337574005127,-0.5813959836959839,-0.18489357829093933,-1.026066541671753,0.3099896311759949,-0.40359872579574585,-0.22654013335704803,2.2508134841918945,4.361806392669678,5.037548542022705,2.576772928237915
209,-3.137517213821411,2.7409472465515137,-2.1587350368499756,-0.6154083013534546,-4.179518222808838,3.3506758213043213,-1.1214467287063599,-2.0791988372802734,10.808436393737793,4.097128391265869,4.136984825134277,10.760039329528809,-1.8652584552764893,-0.5199027061462402,-1.4515953063964844,-1.147263765335083,1.0961477756500244,-0.5631477236747742,-3.673492431640625,2.3426339626312256,-0.2081742286682129,15.286703109741211,15.652301788330078,-0.5057283639907837,-0.44744038581848145,0.43150776624679565,-0.3901602625846863,-0.17545035481452942,-0.7621454000473022,0.6781488060951233,-0.1990867257118225,-0.43906843662261963,2.3666183948516846,4.462645530700684,5.301299571990967,2.2897145748138428
210,-3.0214407444000244,2.6766040325164795,-2.139735460281372,0.27575501799583435,-4.011870384216309,1.4543253183364868,-0.6851082444190979,-2.4846057891845703,11.110445022583008,4.135768890380859,4.177731037139893,10.894611358642578,-1.6684988737106323,-0.044145166873931885,-1.8895124197006226,-1.1417707204818726,1.3398449420928955,-0.5295146107673645,-3.9743893146514893,2.084115982055664,-0.33475005626678467,15.268115997314453,15.652145385742188,-0.21427734196186066,-0.6301161050796509,0.5239261388778687,-0.454053670167923,0.17324137687683105,-0.7572888135910034,0.04692898690700531,-0.0922635868191719,-0.5081053376197815,2.4263882637023926,4.506185531616211,5.358188629150391,2.220275640487671
211,-2.4360337257385254,1.6706146001815796,-1.66021728515625,0.9367157816886902,-3.9738271236419678,1.611855149269104,-0.870823860168457,-2.5807011127471924,11.610434532165527,4.157497882843018,4.200047016143799,10.528382301330566,-1.3275998830795288,0.13621899485588074,-2.218310832977295,-1.207727074623108,2.330840587615967,-0.46762269735336304,-4.316875457763672,2.082935094833374,-0.9901657104492188,15.199769020080566,15.636347770690918,-0.30488669872283936,-0.4313986897468567,0.2053656429052353,-0.2910899817943573,0.26569265127182007,-0.7585572600364685,0.3382304906845093,-0.2305719256401062,-0.4990357756614685,2.569046974182129,4.468350410461426,5.363304615020752,2.20397686958313
212,-2.667837619781494,1.254809021949768,-1.5458083152770996,2.0475809574127197,-5.313227653503418,0.3022785186767578,-0.48421499133110046,-2.775991439819336,12.305912017822266,4.22806978225708,4.18001127243042,10.894332885742188,-1.398872971534729,0.28867319226264954,-2.5096445083618164,-1.1949372291564941,1.8807618618011475,-0.7658223509788513,-4.573495864868164,2.0402181148529053,-0.49208179116249084,15.230186462402344,15.639565467834473,-0.4069686532020569,-0.5895184278488159,0.1978655606508255,-0.3205723464488983,0.5382070541381836,-1.1594865322113037,-0.11200174689292908,-0.05465836077928543,-0.5460739731788635,2.630594253540039,4.496116638183594,5.172403335571289,2.370638132095337
213,-1.778620958328247,0.4907386302947998,-1.3410365581512451,2.9288995265960693,-4.040439605712891,0.1648510843515396,-0.9689133167266846,-3.3302907943725586,12.514036178588867,4.152860164642334,4.11598014831543,10.783931732177734,-1.2648292779922485,0.4236350953578949,-2.477783679962158,-1.1547385454177856,1.7829996347427368,-1.1042556762695312,-5.053262233734131,2.3053138256073,-0.43440869450569153,15.225399017333984,15.483375549316406,-0.9261255264282227,-0.2498803436756134,-0.002904938766732812,-0.265448659658432,0.6812741756439209,-0.6135551929473877,0.013899773359298706,-0.30589622259140015,-0.6985514760017395,2.7972099781036377,4.335773468017578,4.981060981750488,2.2497799396514893
214,-1.6082377433776855,-0.1600964367389679,-1.4595555067062378,3.3999886512756348,-3.543057918548584,-1.0708593130111694,-0.9167328476905823,-3.429567337036133,13.170645713806152,4.145320415496826,4.167686939239502,11.033733367919922,-0.9619892239570618,0.7204753756523132,-1.8727915287017822,-0.8045184016227722,1.6485739946365356,-1.6953299045562744,0.8692288994789124,2.2347121238708496,-0.3466587960720062,15.251591682434082,-1.0994219779968262,-1.1190451383590698,-0.3113406002521515,-0.11871547996997833,-0.335660845041275,0.7214624881744385,-0.6113543510437012,-0.3928945064544678,-0.21504414081573486,-0.6501257419586182,3.02797532081604,4.35897970199585,4.732028007507324,2.2673187255859375
215,4.652870178222656,1.6364359855651855,-3.7373952865600586,3.7664425373077393,0.605211079120636,-1.72785484790802,1.4744598865509033,0.08074774593114853,14.480629920959473,4.472817897796631,19.836231231689453,13.566507339477539,-0.37886086106300354,1.9454386234283447,-0.21218179166316986,-0.26133325695991516,3.3124780654907227,-2.470543622970581,4.642799377441406,1.3856582641601562,-3.592374801635742,15.445340156555176,-6.294239044189453,0.1118655800819397,1.8114244937896729,0.5828752517700195,-1.1381256580352783,0.7936737537384033,0.6637941002845764,-0.463606059551239,0.6572442650794983,0.45523780584335327,3.594097375869751,5.647407531738281,5.385928153991699,3.348001003265381
216,-0.21590638160705566,5.430450439453125,-4.70018196105957,4.0657639503479,1.1784701347351074,3.0077221393585205,1.3734643459320068,2.981044054031372,17.442344665527344,4.398193359375,22.89324188232422,15.650358200073242,-0.11748112738132477,3.71329927444458,0.03374568745493889,0.01664765179157257,2.4300897121429443,-1.9400032758712769,3.523583173751831,1.0862767696380615,-1.8081097602844238,15.57184886932373,-4.063344478607178,0.8785879015922546,-0.6787348389625549,1.7940210103988647,-1.0642943382263184,0.8640755414962769,0.356711745262146,1.1958096027374268,0.3394657075405121,1.0469845533370972,3.606794834136963,5.512278079986572,4.0994343757629395,4.590513229370117
217,-0.34212881326675415,3.9060866832733154,-4.136368751525879,2.201122760772705,0.011174527928233147,0.06876751780509949,0.8569575548171997,2.6255393028259277,15.249308586120605,4.259423732757568,19.096622467041016,15.778463363647461,-0.056448765099048615,4.749203205108643,0.016643110662698746,-0.017568157985806465,2.2854959964752197,-1.982062816619873,4.1551289558410645,1.2678344249725342,-1.1057592630386353,15.66675853729248,-4.7807207107543945,0.7900619506835938,-0.08534469455480576,0.7166701555252075,-0.7524692416191101,0.19679275155067444,-0.172585129737854,-0.3497200906276703,0.10701673477888107,0.49309438467025757,3.0603389739990234,5.247985363006592,3.499744176864624,4.303224086761475
218,2.3217973709106445,0.7371582984924316,-3.1038055419921875,3.367948532104492,0.17973004281520844,-0.2169557809829712,0.5270548462867737,2.8126771450042725,14.585199356079102,4.260254859924316,19.511337280273438,15.322481155395508,-0.10612917691469193,5.11025333404541,0.03951311856508255,-0.006881676148623228,1.9678102731704712,-2.075446605682373,3.9491591453552246,1.5141000747680664,-0.35601064562797546,15.676959991455078,-4.230472087860107,0.6064190864562988,0.8267009258270264,-0.30276909470558167,-0.48484453558921814,0.8370893001556396,0.06321579962968826,-0.08603984117507935,0.07441740483045578,0.6191646456718445,3.138754367828369,5.708358287811279,3.7853410243988037,3.752335548400879
219,2.1694557666778564,-0.9952243566513062,-3.1281089782714844,3.49352765083313,0.36355355381965637,-0.13290943205356598,1.350347876548767,2.6599011421203613,13.8843412399292,4.324569225311279,19.353124618530273,15.151005744934082,-0.18729624152183533,4.921562671661377,-0.13381856679916382,-0.17682293057441711,1.8446117639541626,-2.12157940864563,4.024357795715332,1.8109792470932007,0.1245894581079483,15.632981300354004,-4.104946136474609,0.23166804015636444,0.4126748740673065,-0.40126705169677734,-0.6314966678619385,0.7210491895675659,0.10374493151903152,-0.016617655754089355,0.4378235340118408,0.5445042252540588,3.0810112953186035,5.909783363342285,3.95487380027771,3.6891558170318604
220,2.9835643768310547,-1.9474422931671143,-3.231358051300049,3.529061794281006,-0.05641317740082741,-0.7359282970428467,2.025667428970337,2.034067392349243,13.501042366027832,4.439033508300781,19.509458541870117,14.937517166137695,-0.4166814684867859,4.58407735824585,-0.2740607261657715,-0.30592426657676697,1.6600698232650757,-2.308953046798706,3.9545066356658936,2.126673936843872,0.5103274583816528,15.660476684570312,-3.817880153656006,-0.13126607239246368,0.7053753733634949,-0.4458176791667938,-0.6698946952819824,0.7091187238693237,-0.06958811730146408,-0.24509930610656738,0.575048565864563,0.3486270308494568,3.0887553691864014,6.143803596496582,4.032896518707275,3.4734690189361572
221,3.2466588020324707,-2.9971189498901367,-3.0877268314361572,3.7463607788085938,-0.08573018014431,-0.8866978287696838,2.6057469844818115,1.3780934810638428,13.19169807434082,4.456830978393555,19.407636642456055,14.654684066772461,-0.5386044383049011,4.308434009552002,-0.44061437249183655,-0.5196104645729065,1.6255033016204834,-0.40236520767211914,3.8294389247894287,2.2471764087677,0.6802518367767334,8.543373107910156,-3.575686454772949,-0.3275436758995056,0.6767323017120361,-0.6479038000106812,-0.6093186736106873,0.7753876447677612,-0.01999574527144432,-0.2147071361541748,0.6931647062301636,0.20584823191165924,3.075441837310791,6.2472662925720215,4.048404216766357,3.2863733768463135
222,3.5962772369384766,-3.000098466873169,-3.5135302543640137,3.4301674365997314,1.141579508781433,2.182584285736084,3.4030699729919434,0.36810410022735596,13.086593627929688,11.677681922912598,18.86397933959961,14.807454109191895,-0.8297669887542725,3.4976999759674072,-0.6389812231063843,-0.675314724445343,1.4951043128967285,2.5071654319763184,3.6609556674957275,2.4667108058929443,0.7959252595901489,0.002655230462551117,-3.213543653488159,-0.6097296476364136,0.7571922540664673,-0.5302525758743286,-0.7801836133003235,0.6333020925521851,0.414151132106781,0.855297863483429,0.9109673500061035,-0.06511829793453217,3.0902132987976074,6.200292110443115,3.836022138595581,3.4096314907073975
223,2.200025796890259,0.27517253160476685,-3.290787696838379,1.8411072492599487,1.9759058952331543,6.8392767906188965,4.6939697265625,-2.2013986110687256,11.738651275634766,18.624704360961914,17.80491828918457,14.61761474609375,-0.6282904744148254,3.0452587604522705,-0.5569133162498474,-0.5881201028823853,1.4075050354003906,3.5102152824401855,3.60074782371521,2.5334951877593994,1.2292770147323608,0.021185990422964096,-2.9275801181793213,-0.6037269830703735,0.24280962347984314,0.45512714982032776,-0.6493914127349854,0.15069296956062317,0.5344523787498474,2.385448694229126,1.2930949926376343,-0.7372472882270813,2.474128246307373,4.511745452880859,3.5179500579833984,3.205409288406372
224,1.5061419010162354,-0.5884312391281128,-2.137749195098877,2.575598955154419,-0.7098392248153687,6.93745231628418,4.92141056060791,-3.816348075866699,10.36311149597168,16.56821060180664,16.784128189086914,13.945477485656738,-0.4451979696750641,2.6429696083068848,-0.3613077998161316,-0.4060196876525879,1.4651341438293457,4.241067409515381,3.480285167694092,2.2522764205932617,1.076066255569458,0.04895922541618347,-2.6926610469818115,-0.1417226940393448,0.20644748210906982,-0.2197965532541275,-0.2780516445636749,0.6053099632263184,-0.5052040219306946,1.6925630569458008,1.1747201681137085,-0.9133957624435425,2.1971685886383057,3.626544237136841,3.2831382751464844,2.9586031436920166
225,1.3723665475845337,-1.2764663696289062,-2.75354266166687,2.3955538272857666,-2.0574190616607666,5.558354377746582,4.771762847900391,-3.5327401161193848,9.218607902526855,16.26047134399414,16.697607040405273,13.441059112548828,-0.28114646673202515,1.9517313241958618,-0.2099178582429886,-0.2286287248134613,1.601529598236084,4.417159557342529,3.3162970542907715,1.979477882385254,0.6973345875740051,0.027226710692048073,-2.491199493408203,0.13286617398262024,0.25432315468788147,-0.32039010524749756,-0.6425662040710449,0.4524506628513336,-0.5662809014320374,1.13088059425354,1.0713695287704468,-0.6300041079521179,1.867502212524414,3.945507049560547,3.4738337993621826,2.991600275039673
226,1.1571708917617798,-1.3206278085708618,-3.13380765914917,2.1960904598236084,-3.302717924118042,5.2955169677734375,4.642732620239258,-3.2594552040100098,7.690978050231934,16.23633575439453,16.933263778686523,13.16379451751709,-0.2475149929523468,1.1764211654663086,-0.1870325803756714,-0.2202294021844864,1.7797449827194214,4.237181186676025,3.0689282417297363,1.6774191856384277,0.20053774118423462,0.03279362991452217,-2.248398780822754,0.4939631223678589,0.2019631266593933,-0.2572023868560791,-0.6851516366004944,0.4124109745025635,-0.7910866141319275,1.2336726188659668,1.0362486839294434,-0.5841929316520691,1.396884799003601,3.9913136959075928,3.6494157314300537,2.98248028755188
227,1.1589624881744385,-0.880201518535614,-3.5735902786254883,1.7674980163574219,-4.349367618560791,5.5535664558410645,4.524366855621338,-3.288926124572754,6.149935245513916,16.23443603515625,17.193017959594727,13.080177307128906,-0.25505656003952026,0.5562436580657959,-0.19253700971603394,-0.19884289801120758,1.891890525817871,4.209870338439941,2.897428274154663,1.5495792627334595,-0.22694151103496552,-1.4040744304656982,-2.1047940254211426,0.529747724533081,0.2304929494857788,-0.1170274168252945,-0.7850905656814575,0.2946673631668091,-0.964031994342804,1.3640172481536865,0.9984186291694641,-0.6344875693321228,1.0242019891738892,4.003668785095215,3.8035786151885986,3.079371690750122
228,1.1422820091247559,-0.13013200461864471,-4.110504627227783,1.1554723978042603,-5.110504627227783,6.905975341796875,4.225178241729736,-3.719744920730591,4.788822650909424,17.28076934814453,17.434179306030273,13.373766899108887,-0.18638966977596283,0.08036017417907715,-0.13660061359405518,-0.18372178077697754,1.9042868614196777,3.3484134674072266,2.9412691593170166,1.511064052581787,-0.1581597775220871,-1.5244393348693848,-2.1323139667510986,0.6089006662368774,0.22446385025978088,0.07036082446575165,-0.9107621908187866,0.1487247347831726,-1.0735080242156982,1.9137015342712402,0.8974164128303528,-0.7706660628318787,0.7566280364990234,3.9332802295684814,3.9011619091033936,3.2123494148254395
229,1.3997031450271606,0.004247202537953854,-4.4911370277404785,0.9815643429756165,-5.795354843139648,9.116884231567383,3.786853790283203,-4.649597644805908,4.1167802810668945,17.19403839111328,17.572940826416016,13.650673866271973,-0.21051061153411865,-0.2773505449295044,-0.15134534239768982,-0.2912461757659912,1.8576087951660156,1.435968279838562,3.035458564758301,2.3893964290618896,-0.046801939606666565,1.889143466949463,-2.2138900756835938,-0.7080644965171814,0.3131342828273773,0.01845572702586651,-0.9656364917755127,0.17222827672958374,-1.2012261152267456,2.580160140991211,0.7827855348587036,-1.0198047161102295,0.7361207008361816,3.854861259460449,3.8878495693206787,3.322514295578003
230,1.893027901649475,-0.04356716200709343,-5.049373626708984,1.3005520105361938,-5.8175048828125,10.080001831054688,3.888777017593384,-5.126562595367432,4.435822010040283,14.726824760437012,17.802932739257812,14.456289291381836,-0.06952013075351715,-0.14346638321876526,-0.040007345378398895,-0.14514915645122528,2.297813653945923,1.6525561809539795,3.079695224761963,2.415475606918335,-0.7298213243484497,0.3795016407966614,-2.226522445678711,-0.7498785853385925,0.44245073199272156,-0.015225308015942574,-1.1102840900421143,0.2996870279312134,-1.1204679012298584,2.335574150085449,0.8926265835762024,-1.0080441236495972,0.943008542060852,4.073025226593018,3.954439640045166,3.1919620037078857
231,1.6211090087890625,0.08468251675367355,-6.2263898849487305,0.8731774091720581,-5.992089748382568,10.87353515625,3.501145839691162,-5.18965482711792,4.284542083740234,16.605270385742188,18.005647659301758,14.948752403259277,-0.1147887110710144,-0.16966436803340912,-0.015511068515479565,-0.1651342213153839,2.317458391189575,1.7047748565673828,3.2157022953033447,2.3959407806396484,-0.709149181842804,0.5338282585144043,-2.330650568008423,-0.5141621828079224,0.28883668780326843,0.033957164734601974,-1.4454877376556396,0.11794191598892212,-1.1473830938339233,2.6811063289642334,0.729203462600708,-0.9821566939353943,0.7955124378204346,4.4587788581848145,4.026952266693115,3.4526660442352295
232,2.131028890609741,-0.11835630238056183,-6.368305683135986,0.830108106136322,-6.313053607940674,11.319190979003906,3.2410099506378174,-6.205343723297119,3.588237762451172,16.32357406616211,18.057165145874023,15.013219833374023,-0.07407912611961365,-0.17227666079998016,-0.02605670876801014,-0.14832831919193268,1.7002477645874023,1.4816168546676636,3.2666890621185303,2.6094484329223633,-0.19677826762199402,0.9622931480407715,-2.310417890548706,-0.834358811378479,0.493803471326828,-0.05091517046093941,-1.3267240524291992,0.15938910841941833,-1.2395999431610107,2.738448143005371,0.69454425573349,-1.3081547021865845,0.6073909997940063,4.162038326263428,3.9640700817108154,3.479727029800415
233,2.4217400550842285,-0.48776260018348694,-6.6827192306518555,0.882546603679657,-5.52980375289917,11.746088027954102,2.941070556640625,-6.807517051696777,3.8733608722686768,15.983091354370117,18.018644332885742,15.40389633178711,-0.025520361959934235,-0.24464315176010132,-0.05910315737128258,-0.23901623487472534,1.2972724437713623,1.522396206855774,3.3411269187927246,2.6309328079223633,-0.07326946407556534,1.075365662574768,-2.3452372550964355,-0.6818346381187439,0.5243719816207886,-0.14770175516605377,-1.421797752380371,0.18275445699691772,-0.9769813418388367,2.811713695526123,0.6194440722465515,-1.3583683967590332,0.8248456716537476,4.21659517288208,3.95885968208313,3.512835741043091
234,2.5478198528289795,-0.6534174680709839,-6.954221248626709,1.0315965414047241,-4.913077354431152,11.84535026550293,2.6578452587127686,-7.2083940505981445,3.901411533355713,16.008522033691406,18.07766342163086,15.348700523376465,0.053731415420770645,-0.28889989852905273,-0.13513147830963135,-0.27479052543640137,0.9418638348579407,1.3908381462097168,3.3795902729034424,2.7447421550750732,-0.11355261504650116,1.218909740447998,-2.361402988433838,-0.9252897500991821,0.5286662578582764,-0.1542365401983261,-1.4776692390441895,0.22423061728477478,-0.8823623061180115,2.8023746013641357,0.5593115091323853,-1.4157193899154663,0.791710615158081,4.29905891418457,3.9814813137054443,3.510035276412964
235,2.5906856060028076,-0.6902247071266174,-7.034627437591553,1.328830361366272,-4.320931434631348,12.008366584777832,2.4808220863342285,-7.5725274085998535,3.7305521965026855,15.92353630065918,18.09971809387207,15.341206550598145,0.17360834777355194,-0.3761955201625824,-0.21079657971858978,-0.4119037985801697,0.5322076082229614,1.5810197591781616,3.4267375469207764,2.724212169647217,-0.08586156368255615,0.8332067728042603,-2.4020771980285645,-0.7512996196746826,0.5278933048248291,-0.14451386034488678,-1.4727814197540283,0.3028922975063324,-0.7755619883537292,2.8327465057373047,0.5352059006690979,-1.4760611057281494,0.7238955497741699,4.290396690368652,3.9795563220977783,3.39959454536438
236,2.6309101581573486,-0.7154186367988586,-7.10758113861084,1.5477945804595947,-3.6528942584991455,11.955348014831543,2.2249159812927246,-8.121082305908203,3.6591148376464844,16.23748779296875,18.07308006286621,15.152261734008789,0.265444815158844,-0.4484250545501709,-0.30308353900909424,-0.46031680703163147,0.10279081761837006,1.4640343189239502,3.4103009700775146,2.8506698608398438,-0.0647401362657547,1.0694291591644287,-2.3577167987823486,-1.0525909662246704,0.538357138633728,-0.14861874282360077,-1.4918885231018066,0.333952933549881,-0.6417919397354126,2.8245339393615723,0.4658241868019104,-1.618102788925171,0.7256109714508057,4.271144390106201,3.9439637660980225,3.406158685684204
237,2.69071102142334,-0.7953145503997803,-7.058218002319336,1.9651262760162354,-3.017878770828247,11.918079376220703,2.027834415435791,-8.512398719787598,3.630362033843994,15.954427719116211,17.992382049560547,14.972067832946777,0.40788257122039795,-0.5018966197967529,-0.3607919216156006,-0.5869888663291931,-0.30118322372436523,1.6885159015655518,3.4206042289733887,2.812161445617676,-0.04341845214366913,0.5929880142211914,-2.3589794635772705,-0.8594954609870911,0.554620623588562,-0.17259515821933746,-1.4682807922363281,0.4428951144218445,-0.5261322259902954,2.7769980430603027,0.42873239517211914,-1.6654150485992432,0.7261492013931274,4.213809490203857,3.932011365890503,3.218284845352173
238,2.6134262084960938,-0.8192041516304016,-7.122149467468262,2.2559235095977783,-2.3222649097442627,11.710460662841797,1.721375823020935,-8.959956169128418,3.6575469970703125,16.3253173828125,17.924556732177734,14.616080284118652,0.5914440155029297,-0.5216551423072815,-0.3975270688533783,-0.5757380127906799,-0.6339839100837708,1.5852322578430176,3.4354922771453857,2.9447195529937744,-0.03267422318458557,0.8020915389060974,-2.369232416152954,-1.1982593536376953,0.5233073234558105,-0.17012710869312286,-1.5012365579605103,0.48119452595710754,-0.3817349672317505,2.737884521484375,0.34304070472717285,-1.7744253873825073,0.7401160001754761,4.2174177169799805,3.903637647628784,3.1883368492126465
239,2.5463221073150635,-0.9210114479064941,-7.1031270027160645,2.722306966781616,-1.8857367038726807,11.541230201721191,1.480993628501892,-9.29105281829834,3.64311146736145,16.037981033325195,17.872661590576172,14.229959487915039,0.8768587708473206,-0.46728286147117615,-0.3478113114833832,-0.5860726237297058,-0.9504914879798889,1.780268669128418,3.437519073486328,2.5654053688049316,-0.02254185825586319,0.37819764018058777,-2.3752150535583496,-0.4356997311115265,0.5145888924598694,-0.20146216452121735,-1.485856056213379,0.5985836982727051,-0.3298789858818054,2.65803861618042,0.2987271547317505,-1.813375473022461,0.7316292524337769,4.146772861480713,3.885603666305542,2.9384829998016357
240,2.3186709880828857,-1.0548715591430664,-7.22590970993042,2.954946279525757,-1.3641537427902222,11.276586532592773,1.0379170179367065,-9.570358276367188,3.6167643070220947,16.386306762695312,17.750707626342773,13.618465423583984,1.2680968046188354,-0.3019218146800995,-0.20575155317783356,-0.34371569752693176,-1.2579082250595093,1.507824420928955,3.3350555896759033,2.347036361694336,-0.011229829862713814,0.8095779418945312,-2.241128444671631,-0.3400276303291321,0.4511473476886749,-0.23239053785800934,-1.5287611484527588,0.6134684085845947,-0.21284914016723633,2.609523296356201,0.16774117946624756,-1.9097659587860107,0.7249723672866821,4.17499303817749,3.8293185234069824,3.0044398307800293
241,1.9918124675750732,-1.4383699893951416,-7.3329925537109375,3.121753215789795,-1.1119755506515503,11.052823066711426,0.6339952945709229,-9.498851776123047,3.5081236362457275,16.0423583984375,17.572219848632812,13.16476821899414,1.630823016166687,-0.1482222080230713,-0.057844631373882294,-0.21915818750858307,-1.5840319395065308,1.644700527191162,3.2415902614593506,2.1136529445648193,-0.00018507838831283152,0.44802242517471313,-2.1292107105255127,0.018893666565418243,0.37550339102745056,-0.3420497477054596,-1.5392003059387207,0.6464130878448486,-0.1991252899169922,2.4899702072143555,0.08144193142652512,-1.851618766784668,0.6919832229614258,4.186789512634277,3.8172714710235596,2.8394389152526855
242,1.6153664588928223,-1.638690710067749,-7.581089496612549,2.938690662384033,-0.6330069303512573,10.576839447021484,0.21319948136806488,-9.555695533752441,3.4220874309539795,16.450944900512695,17.45769691467285,12.796704292297363,1.777880072593689,-0.11582604050636292,-0.03693971782922745,-0.15460611879825592,-1.7989859580993652,1.409693717956543,3.2035415172576904,1.9582358598709106,-9.547054651193321e-05,0.8366921544075012,-2.0955615043640137,0.16229213774204254,0.2924213111400604,-0.3558861315250397,-1.6072924137115479,0.563634991645813,-0.06799828261137009,2.357652187347412,-0.015422351658344269,-1.8982309103012085,0.6778582334518433,4.257565498352051,3.818618059158325,2.8473422527313232
243,1.6284865140914917,-1.7872710227966309,-7.600069522857666,3.1306374073028564,-0.28607726097106934,10.382341384887695,-0.15593351423740387,-9.698160171508789,3.2360119819641113,16.122207641601562,17.408369064331055,12.293412208557129,1.865572452545166,-0.14626501500606537,-0.05387834832072258,-0.20207710564136505,-1.9423997402191162,1.6155509948730469,3.14489483833313,1.9297575950622559,-8.326252282131463e-05,0.47770601511001587,-1.9945828914642334,0.2363777756690979,0.3498285710811615,-0.3793063461780548,-1.5807344913482666,0.6533970832824707,-0.012331421487033367,2.308359146118164,-0.07884282618761063,-1.949344277381897,0.6260679960250854,4.225302219390869,3.8118555545806885,2.6806163787841797
244,1.4423704147338867,-1.5989720821380615,-7.762722969055176,3.132187843322754,0.0486786775290966,9.936946868896484,-0.5599414110183716,-9.974303245544434,3.091170310974121,16.445085525512695,17.302165985107422,11.912890434265137,1.8406375646591187,-0.21420229971408844,-0.13608497381210327,-0.44259727001190186,-2.009791135787964,1.4891648292541504,3.152696371078491,1.9357061386108398,-8.218600123655051e-05,0.6500741839408875,-1.9877207279205322,0.6317878365516663,0.2821348011493683,-0.29676368832588196,-1.6412369012832642,0.6254812479019165,0.0558134950697422,2.1945548057556152,-0.15025067329406738,-2.0273962020874023,0.6021933555603027,4.241541862487793,3.802077531814575,2.60286021232605
245,1.5774528980255127,-1.6025235652923584,-7.785820007324219,3.657360076904297,0.41107264161109924,9.813460350036621,-1.0065406560897827,-10.552397727966309,3.080557107925415,16.216222763061523,17.206615447998047,11.324441909790039,1.877665638923645,-0.2781992256641388,-0.16963474452495575,-0.3897782564163208,-2.0199615955352783,1.6693317890167236,3.1494216918945312,2.428435802459717,-7.612498302478343e-05,0.43733203411102295,-2.003075361251831,-0.5719572305679321,0.35572052001953125,-0.32427945733070374,-1.6328433752059937,0.7940839529037476,0.12237829715013504,2.186527729034424,-0.2363060712814331,-2.2035698890686035,0.6182349920272827,4.176244258880615,3.7587435245513916,2.5026538372039795
246,1.3131386041641235,-1.4666213989257812,-7.99013614654541,3.7314770221710205,0.40324118733406067,9.144704818725586,-1.1357375383377075,-10.678730010986328,3.2569069862365723,16.29139518737793,17.244548797607422,10.909031867980957,1.8939635753631592,-0.2565698027610779,-0.17910099029541016,0.14319556951522827,-2.0311074256896973,1.5503157377243042,3.0970358848571777,3.398399829864502,-8.837335917633027e-05,0.49972525238990784,-1.9018431901931763,-5.4716596603393555,0.24302437901496887,-0.27855876088142395,-1.7069385051727295,0.7537389993667603,0.07458788901567459,1.9563114643096924,-0.22140198945999146,-2.101557493209839,0.679589033126831,4.12946081161499,3.7925331592559814,2.1072914600372314
247,0.7975517511367798,-1.182072639465332,-8.11569881439209,3.253662586212158,-0.11999831348657608,8.379631042480469,-0.47567951679229736,-8.629030227661133,4.033497333526611,15.961952209472656,17.44647216796875,9.131619453430176,1.9407070875167847,-0.18979451060295105,-0.08283775299787521,-0.24141013622283936,-2.1214983463287354,1.617052674293518,2.9459617137908936,1.8082224130630493,-0.00010153048788197339,0.4572495222091675,-1.6807260513305664,0.43569183349609375,0.09698174148797989,-0.20015890896320343,-1.723327875137329,0.6018364429473877,-0.09329038113355637,1.7278528213500977,-0.0066794827580451965,-1.2991093397140503,0.9218839406967163,3.9719419479370117,3.944582223892212,0.9920394420623779
248,0.5363703370094299,-0.705938994884491,-8.240082740783691,4.246513366699219,1.337660312652588,7.599552154541016,-1.6504404544830322,-10.345345497131348,3.092360496520996,16.047489166259766,16.985599517822266,8.525137901306152,1.8772131204605103,-0.11944542825222015,-0.04315159469842911,0.3986789584159851,-1.949184536933899,1.4544488191604614,2.980536699295044,2.4922878742218018,-7.150000601541251e-05,0.6041322946548462,-1.7617417573928833,-4.048609256744385,0.07763848453760147,-0.07784856855869293,-1.7412214279174805,0.9824082851409912,0.43492382764816284,1.55322265625,-0.4449199438095093,-2.4104537963867188,0.4948042929172516,4.078799724578857,3.7218265533447266,2.0727338790893555
249,0.3365204334259033,-1.4521584510803223,-8.341439247131348,3.1494557857513428,-0.45379751920700073,7.226058483123779,-1.8052033185958862,-8.551082611083984,3.460740327835083,15.74841022491455,17.040781021118164,7.041719436645508,1.793270230293274,-0.12216520309448242,-0.017543606460094452,0.2607368230819702,-2.1103944778442383,1.528187870979309,2.819575309753418,1.8824650049209595,-9.05213673831895e-05,0.48397397994995117,-1.5331101417541504,-2.9104676246643066,0.04319096356630325,-0.392166405916214,-1.760758638381958,0.5041379928588867,-0.32888704538345337,1.5100877285003662,-0.34771037101745605,-1.3686007261276245,0.7475026845932007,3.947126865386963,3.7800300121307373,0.7989246845245361
250,0.25056686997413635,-0.6354091167449951,-8.396291732788086,3.0804800987243652,0.10256235301494598,6.345874786376953,-1.875304102897644,-8.39858341217041,2.8770668506622314,15.682991027832031,16.871261596679688,6.453586101531982,1.7194925546646118,-0.056773848831653595,0.024459563195705414,-0.06266272068023682,-2.1640124320983887,1.3828059434890747,2.682220220565796,1.380323886871338,-7.366304635070264e-05,0.5628571510314941,-1.3725805282592773,0.8042913675308228,0.04096073657274246,-0.01827372796833515,-1.7651715278625488,0.613699197769165,0.09665698558092117,1.2443153858184814,-0.3532172441482544,-1.6459308862686157,0.4994591176509857,3.889188051223755,3.786799669265747,1.1180814504623413
251,-0.019526485353708267,-1.1834176778793335,-8.319221496582031,3.546783685684204,1.0180186033248901,6.39325475692749,-2.9449875354766846,-10.256592750549316,2.6595659255981445,15.681890487670898,16.50487518310547,6.721489429473877,1.5875332355499268,-0.05010756850242615,0.03253966197371483,0.20179466903209686,-2.070265769958496,1.4573657512664795,2.5733516216278076,1.2877187728881836,-6.047941860742867e-05,0.3642656207084656,-1.3263791799545288,-0.6575471758842468,-0.041683606803417206,-0.31060293316841125,-1.7240432500839233,0.7723636627197266,0.30422449111938477,1.3807249069213867,-0.6773703098297119,-2.4051105976104736,0.5048441886901855,3.9708938598632812,3.6518683433532715,1.646767497062683
252,0.37775883078575134,-1.8130500316619873,-8.352388381958008,2.6797688007354736,-0.07532796263694763,6.130928993225098,-3.2345008850097656,-9.196061134338379,2.9841465950012207,15.76826000213623,16.42706871032715,6.454984188079834,1.381951928138733,-0.12403924763202667,-0.07250256091356277,0.34827351570129395,-2.1676788330078125,1.3685154914855957,2.4407846927642822,1.5896891355514526,-7.964014366734773e-05,0.3207603991031647,-1.1542867422103882,-3.5055932998657227,0.1354309320449829,-0.44862809777259827,-1.7493352890014648,0.42854684591293335,-0.15365034341812134,1.2852513790130615,-0.636577308177948,-1.7027997970581055,0.6441072225570679,3.908007860183716,3.6812644004821777,1.173588752746582
253,0.41294267773628235,-0.816537082195282,-8.274096488952637,1.8737720251083374,-0.01490716077387333,5.82632303237915,-2.3219478130340576,-7.32078218460083,3.380599021911621,15.593178749084473,16.59174919128418,5.071423530578613,1.3185045719146729,-0.12338521331548691,-0.05957530066370964,0.003620326519012451,-2.231569528579712,1.4565212726593018,2.2495839595794678,0.5031131505966187,-9.757850784808397e-05,0.16797815263271332,-0.9405101537704468,0.23925113677978516,0.09111050516366959,-0.03116263635456562,-1.725844383239746,0.272492915391922,0.00543088186532259,1.201040267944336,-0.3191177546977997,-1.1653149127960205,0.7349082231521606,3.79573130607605,3.858548641204834,0.609134316444397
254,-0.5244179964065552,-0.27144551277160645,-7.987577438354492,2.722470998764038,0.9367684125900269,5.377974510192871,-3.1340274810791016,-8.0238676071167,3.0499885082244873,15.769177436828613,16.335161209106445,5.612677097320557,1.017742395401001,-0.13608014583587646,-0.07514557242393494,0.2939680814743042,-2.097395181655884,1.285679817199707,2.1973211765289307,1.283707618713379,-6.949114322196692e-05,0.35712331533432007,-0.8565283417701721,-3.0074539184570312,-0.22535118460655212,0.018467945978045464,-1.6235686540603638,0.6591259241104126,0.2932254672050476,1.0890507698059082,-0.6905849575996399,-1.7846049070358276,0.5686718225479126,3.881800413131714,3.7393434047698975,1.3540817499160767
255,0.16565534472465515,-0.7111935019493103,-8.082291603088379,1.2309190034866333,0.18660417199134827,5.012801170349121,-2.742479085922241,-7.124587059020996,3.7152976989746094,15.520065307617188,16.219871520996094,3.813209295272827,0.8493112325668335,-0.17815512418746948,-0.11389962583780289,-0.208616241812706,-2.1048707962036133,1.3891879320144653,2.0553736686706543,0.5792056322097778,-9.260386286769062e-05,0.19180528819561005,-0.6938645839691162,-0.12634757161140442,0.12416774779558182,-0.20192356407642365,-1.7047407627105713,0.05131527781486511,-0.05813499912619591,1.0070993900299072,-0.4646618962287903,-1.2544224262237549,0.8406152725219727,3.806455135345459,3.7311971187591553,0.34867653250694275
256,-0.5985607504844666,-0.22788123786449432,-7.9409685134887695,2.337048292160034,0.4711984097957611,4.699715614318848,-3.5040347576141357,-7.554538726806641,3.5589957237243652,15.530576705932617,16.152935028076172,3.7689828872680664,0.6466425657272339,-0.10464994609355927,-0.05876646563410759,-0.023147432133555412,-2.067168712615967,1.1766939163208008,1.9377412796020508,0.43907788395881653,-8.599729335401207e-05,0.4063810110092163,-0.5489237904548645,0.13592314720153809,-0.21705952286720276,0.018843872472643852,-1.6402013301849365,0.6113373041152954,0.12356913834810257,0.9571930766105652,-0.7590981125831604,-1.620892882347107,0.6959983110427856,3.7582244873046875,3.7766377925872803,0.814350962638855
257,-0.2939148247241974,-0.8737307786941528,-7.718039512634277,1.565452218055725,0.5808570384979248,4.473112106323242,-3.8025498390197754,-7.451211929321289,3.838545322418213,15.339550971984863,15.84101676940918,3.3487002849578857,0.4048466384410858,-0.15963129699230194,-0.09918974339962006,-0.07675036787986755,-2.008941173553467,1.2571148872375488,1.7991600036621094,0.24097654223442078,-9.095754649024457e-05,0.2530277371406555,-0.4251497983932495,0.12215375900268555,-0.018293224275112152,-0.2619655430316925,-1.5708894729614258,0.21209865808486938,0.12248391658067703,0.9057992100715637,-0.760069727897644,-1.5096310377120972,0.8129916191101074,3.7728285789489746,3.649120569229126,0.6281712055206299
258,-0.1193011999130249,-0.6175419688224792,-7.75162935256958,1.2006886005401611,0.29420748353004456,4.100729465484619,-3.9096665382385254,-7.000125885009766,4.164308547973633,15.35909366607666,15.86677074432373,2.862687110900879,0.18562956154346466,-0.16983282566070557,-0.1414446085691452,-0.24584516882896423,-1.9995489120483398,1.129685640335083,1.6694248914718628,-0.013509556651115417,-0.00010549306171014905,0.32679376006126404,-0.2517361640930176,0.1606978178024292,-0.000874839723110199,-0.09005196392536163,-1.6228997707366943,0.19074970483779907,0.019462887197732925,0.8138450980186462,-0.7599309086799622,-1.3734352588653564,0.8866636753082275,3.71830415725708,3.7641732692718506,0.512556791305542
259,-0.20095175504684448,-0.32534298300743103,-7.5892157554626465,1.1282905340194702,0.30717042088508606,4.029736042022705,-4.0058770179748535,-6.471805095672607,4.433709144592285,15.215103149414062,15.773477554321289,2.2611265182495117,-0.030882272869348526,-0.2267223447561264,-0.1765829175710678,-0.26961570978164673,-1.9833502769470215,1.1922334432601929,1.539466142654419,-0.1377209573984146,-0.00010793152614496648,0.2158476859331131,-0.1352212131023407,0.07258006185293198,-0.050879620015621185,-0.026285367086529732,-1.5595378875732422,0.21351200342178345,0.05924183502793312,0.8336642384529114,-0.7803294062614441,-1.2617628574371338,0.9347907304763794,3.6902995109558105,3.760066270828247,0.3765670359134674
260,-0.2774311602115631,0.04693417623639107,-7.492981910705566,0.7389010190963745,0.3660997152328491,3.6192729473114014,-4.1405229568481445,-6.099049091339111,4.740141868591309,15.19410514831543,15.700950622558594,1.3694179058074951,-0.26822429895401,-0.23461391031742096,-0.21108345687389374,-0.358843594789505,-1.9480717182159424,1.066705584526062,1.4246376752853394,-0.2939709722995758,-0.00011861149687319994,0.30753254890441895,0.02290012501180172,-0.05042015761137009,-0.0659470185637474,0.05915610119700432,-1.549530029296875,0.09490665793418884,0.07609114795923233,0.7031295895576477,-0.8150427341461182,-1.2047786712646484,1.0038729906082153,3.6482417583465576,3.761026620864868,0.15426775813102722
261,-0.33410561084747314,0.17095781862735748,-7.307378768920898,0.5582880973815918,0.1663212925195694,3.50248384475708,-4.376076698303223,-5.664742469787598,5.008611679077148,14.969520568847656,15.550765037536621,-0.022482363507151604,-0.5208406448364258,-0.3059157431125641,-0.2642509937286377,-0.5550056099891663,-1.9463053941726685,1.1457206010818481,1.3217259645462036,-0.5727262496948242,-0.00012238562339916825,0.1783534437417984,0.11008474975824356,0.18961282074451447,-0.07534750550985336,0.05033601447939873,-1.4966521263122559,0.08626776933670044,0.006274704821407795,0.713344395160675,-0.8776240944862366,-1.1101197004318237,1.0548746585845947,3.5830891132354736,3.740532159805298,-0.19086959958076477
262,-0.3775605857372284,0.40306535363197327,-7.16757345199585,0.3872576355934143,0.03991370648145676,3.196826934814453,-4.777976036071777,-5.387272357940674,5.2322540283203125,14.778616905212402,15.455567359924316,-1.6082438230514526,-0.7540649771690369,-0.30567821860313416,-0.28741639852523804,-0.6072987914085388,-1.9711995124816895,1.010392665863037,1.2148852348327637,-0.7663372755050659,-0.000132960471091792,0.2836979627609253,0.2495611160993576,0.1452774703502655,-0.08313032239675522,0.1104055792093277,-1.4758191108703613,0.053189635276794434,-0.00833165179938078,0.6273182034492493,-0.9826268553733826,-1.0868054628372192,1.095690131187439,3.4555530548095703,3.7305948734283447,-0.5302976369857788
263,-0.33754590153694153,0.1317184418439865,-6.901214599609375,0.1599755883216858,-0.0995623767375946,3.251162052154541,-5.100679397583008,-5.229215145111084,5.438013076782227,14.331281661987305,15.237105369567871,-3.7246029376983643,-1.0854625701904297,-0.4504739046096802,-0.40650954842567444,-0.422334223985672,-2.013566255569458,1.128132939338684,1.1379175186157227,-0.39294958114624023,-0.00013690971536561847,0.11028182506561279,0.300722599029541,-4.243241786956787,-0.06418260186910629,-0.009736614301800728,-1.3982863426208496,0.001571059226989746,-0.04051276668906212,0.6830201745033264,-1.0406789779663086,-1.0747212171554565,1.1366844177246094,3.316732168197632,3.6715025901794434,-1.0366772413253784
264,0.35172462463378906,-0.6928703188896179,-6.930450916290283,-0.9102585911750793,-1.319047212600708,3.457228899002075,-4.608963966369629,-4.190926551818848,5.534031391143799,13.857620239257812,15.085797309875488,-7.414211273193359,-1.5834295749664307,-0.7549018859863281,-0.7188584804534912,-0.22949722409248352,-2.234689235687256,1.1637107133865356,1.1589655876159668,2.5276832580566406,-0.00015434905071742833,0.06774953007698059,0.3461291193962097,-15.683943748474121,0.15938439965248108,-0.252093106508255,-1.457757830619812,-0.32918280363082886,-0.4584471583366394,0.7551704049110413,-0.8353367447853088,-0.7052561640739441,1.14152991771698,3.084285259246826,3.631626844406128,-2.9873836040496826
265,1.0297410488128662,-2.455702781677246,-7.467376708984375,-0.8680040836334229,-4.106052875518799,6.398523330688477,-2.5052530765533447,-5.3467302322387695,3.6559178829193115,14.470759391784668,15.971717834472656,-3.767951488494873,-1.8591246604919434,-1.0695298910140991,-0.9939076900482178,-0.7883578538894653,-2.9734859466552734,1.2211726903915405,1.0887624025344849,1.3080552816390991,-0.0001271778019145131,0.09775488078594208,0.4669812321662903,-15.690947532653809,0.2811633050441742,-0.7521957159042358,-1.6815741062164307,-0.16853490471839905,-1.3239039182662964,1.8264031410217285,-0.21212360262870789,-1.0975136756896973,0.48245128989219666,3.519695281982422,4.2479095458984375,-8.921781539916992
266,2.480633020401001,0.20310699939727783,-7.711964130401611,-1.3788397312164307,-1.878191351890564,3.6763291358947754,-3.333953857421875,-2.3962972164154053,3.8748559951782227,14.418741226196289,15.796642303466797,-4.306737422943115,-1.726264238357544,-1.080666184425354,-1.0454492568969727,-1.0358481407165527,-3.2978110313415527,1.22434663772583,1.1157584190368652,0.5534735321998596,-0.00012112161493860185,0.05426773428916931,0.46949708461761475,-15.690747261047363,0.6524994373321533,0.40220823884010315,-1.7100986242294312,-0.35603126883506775,-0.1033276841044426,0.39071327447891235,-0.7573619484901428,-0.10784940421581268,0.8121463060379028,3.3748531341552734,3.9494104385375977,-7.200614929199219
267,2.2173385620117188,-0.34501904249191284,-7.75456428527832,0.3636021018028259,-1.165585994720459,3.689633846282959,-3.2882115840911865,-2.6196024417877197,4.81331205368042,14.367766380310059,15.474607467651367,-4.485214710235596,-1.543324589729309,-1.086672306060791,-1.0229661464691162,-0.7721438407897949,-3.5111277103424072,1.2648943662643433,1.1334729194641113,-0.24327947199344635,-0.0001311279775109142,0.09059303253889084,0.4668990969657898,-15.697266578674316,0.38839417695999146,-0.14548726379871368,-1.682904601097107,0.30639174580574036,-0.1585182547569275,0.7781538367271423,-0.631659746170044,-0.5537832975387573,1.1078553199768066,3.337240219116211,3.767864942550659,-6.86765193939209
268,2.326939821243286,-0.5284772515296936,-7.700459003448486,0.9904723167419434,-0.37538841366767883,3.128898859024048,-4.219236373901367,-2.0893819332122803,6.048949718475342,14.551018714904785,15.33781909942627,-4.5307440757751465,-1.2888696193695068,-0.9589835405349731,-0.9271091818809509,-0.23624522984027863,-3.592813730239868,1.0543757677078247,1.0766130685806274,-0.9745551347732544,-0.0001589922176208347,0.3463658094406128,0.5431198477745056,-15.699195861816406,0.4596671164035797,-0.13507850468158722,-1.6506552696228027,0.2753470242023468,0.03288108482956886,0.578815758228302,-0.9451534152030945,-0.35986328125,1.4158624410629272,3.468832015991211,3.7612521648406982,-6.721796989440918
269,2.4512431621551514,-0.7731819152832031,-7.67432975769043,1.561775803565979,0.24703286588191986,2.961533308029175,-4.770997047424316,-1.8692909479141235,7.346778392791748,14.60775089263916,15.080385208129883,-4.489472389221191,-0.9772624969482422,-0.889788806438446,-0.8113422393798828,0.5093032121658325,-3.5750505924224854,1.102382779121399,1.0416595935821533,-1.700465440750122,-0.00018477681442163885,0.32760560512542725,0.5597670078277588,-15.699670791625977,0.49017342925071716,-0.19321466982364655,-1.6400306224822998,0.38866135478019714,0.13025814294815063,0.5906152129173279,-1.0084606409072876,-0.3638167977333069,1.7146068811416626,3.5597352981567383,3.674961805343628,-6.306662082672119
270,2.501128911972046,-0.8145061135292053,-7.665955543518066,1.8643298149108887,1.0414040088653564,2.344766139984131,-5.624410629272461,-1.2782795429229736,8.764518737792969,14.73342227935791,14.806191444396973,-4.380145072937012,-0.6293179392814636,-0.696001410484314,-0.6432870030403137,1.426463007926941,-3.4167773723602295,0.8668853640556335,0.9484642744064331,-2.3406734466552734,-0.00021399662364274263,0.5949265956878662,0.675934910774231,-15.700748443603516,0.49591246247291565,-0.17336751520633698,-1.6330324411392212,0.42669257521629333,0.28119128942489624,0.4030819535255432,-1.2249287366867065,-0.19413800537586212,2.06533145904541,3.568047523498535,3.567406415939331,-5.768097877502441
271,2.757268190383911,-1.0884228944778442,-7.473884582519531,1.7280179262161255,1.579750418663025,2.277939796447754,-6.3223371505737305,-0.6666303873062134,10.184600830078125,14.550426483154297,14.38910961151123,-4.179950714111328,-0.2641631066799164,-0.6227390766143799,-0.5081597566604614,2.349702835083008,-3.161325693130493,0.9005087614059448,0.8728815317153931,-2.8532357215881348,-0.00024346320424228907,0.5935319662094116,0.7226384282112122,-15.683919906616211,0.5801993012428284,-0.2597505450248718,-1.5490095615386963,0.352464884519577,0.3494320511817932,0.4587607979774475,-1.3545260429382324,-0.060307785868644714,2.419506549835205,3.552002429962158,3.4380838871002197,-5.049436092376709
272,2.9431838989257812,-1.1284496784210205,-7.059662342071533,1.2130216360092163,1.84163236618042,1.8832197189331055,-7.020532131195068,0.1048627495765686,11.37330150604248,14.220305442810059,14.014681816101074,-3.8539111614227295,0.10832491517066956,-0.4615171551704407,-0.36323997378349304,3.194471836090088,-2.854682683944702,0.6987338066101074,0.7689079642295837,-3.2051873207092285,-0.00027048413176089525,0.8129414916038513,0.8755768537521362,-15.66342544555664,0.615921139717102,-0.23573575913906097,-1.416757583618164,0.1968277394771576,0.36711519956588745,0.3349330425262451,-1.5065629482269287,0.12833841145038605,2.6939117908477783,3.3610751628875732,3.321802854537964,-4.132134437561035
273,3.05112361907959,-1.087975025177002,-6.657113075256348,0.5840657949447632,1.960078477859497,1.9096840620040894,-7.467679023742676,0.8727800846099854,12.198203086853027,13.619542121887207,13.648981094360352,-3.348550319671631,0.4351861774921417,-0.4996205270290375,-0.3228268027305603,3.837357997894287,-2.5373775959014893,0.8501281142234802,0.6490550637245178,-3.3822476863861084,-0.0002854336053133011,0.6022975444793701,0.954352617263794,-15.666266441345215,0.6355496644973755,-0.21481634676456451,-1.3225257396697998,0.04237404465675354,0.3753458857536316,0.39376842975616455,-1.5738327503204346,0.2503942847251892,2.8559255599975586,3.1922106742858887,3.2558860778808594,-3.1232376098632812
274,2.9505789279937744,-0.6455557942390442,-6.218002796173096,-0.09628559648990631,1.9997994899749756,1.4084513187408447,-7.809863567352295,1.703591227531433,12.880719184875488,13.0611572265625,13.483590126037598,-2.635979413986206,0.714347779750824,-0.4815819263458252,-0.31107455492019653,4.302191257476807,-2.218122720718384,0.8592807650566101,0.5460285544395447,-3.3677330017089844,-0.00030391558539122343,0.4486487805843353,1.067905306816101,-15.672749519348145,0.592792272567749,-0.07150067389011383,-1.223595142364502,-0.1156109869480133,0.37687593698501587,0.22261959314346313,-1.6410356760025024,0.4063381552696228,3.0257773399353027,2.9219272136688232,3.251610517501831,-2.100510597229004
275,2.876059055328369,0.002327445661649108,-5.848052978515625,-1.0228972434997559,1.9879837036132812,1.1265941858291626,-7.88746452331543,2.4005699157714844,13.56967544555664,12.494417190551758,13.443033218383789,-1.7669390439987183,0.9376664161682129,-0.6119041442871094,-0.3681679368019104,4.513389587402344,-1.8926881551742554,1.0893456935882568,0.42698389291763306,-3.1776795387268066,-0.0003175552701577544,0.08383600413799286,1.1404178142547607,-15.672444343566895,0.5858246088027954,0.0883009284734726,-1.1543142795562744,-0.287296861410141,0.37204509973526,0.19342440366744995,-1.6247450113296509,0.5175514817237854,3.2355923652648926,2.737215042114258,3.297480821609497,-1.1064302921295166
276,2.6181156635284424,0.842488706111908,-5.479416847229004,-1.4726192951202393,2.1116929054260254,0.48980703949928284,-7.931884288787842,3.0426344871520996,14.281228065490723,11.975783348083496,13.479905128479004,-0.7880666255950928,1.1491165161132812,-0.6171133518218994,-0.367836058139801,4.710683345794678,-1.5229740142822266,1.1244970560073853,0.3539275527000427,-2.788709878921509,-0.00033553713001310825,-0.030164644122123718,1.2351144552230835,-15.659832954406738,0.5099608302116394,0.2752431035041809,-1.0798125267028809,-0.3079756796360016,0.4164695143699646,0.014773011207580566,-1.6372135877609253,0.6333016753196716,3.468228816986084,2.5216667652130127,3.3380911350250244,-0.12362179160118103
277,2.4621191024780273,1.7477937936782837,-5.291773796081543,-2.0830886363983154,2.200000524520874,-0.024168696254491806,-8.037704467773438,3.6293725967407227,14.940114974975586,11.436934471130371,13.517641067504883,1.8990901708602905,1.4243286848068237,-0.6093005537986755,-0.3013433516025543,4.514013290405273,-1.132665991783142,1.1947232484817505,0.29727232456207275,-2.841053009033203,-0.0003499970189295709,-0.1174054816365242,1.2614847421646118,-12.901689529418945,0.4947952926158905,0.462284654378891,-1.0639188289642334,-0.4308560788631439,0.434346079826355,-0.07553249597549438,-1.6724998950958252,0.7464780211448669,3.680140733718872,2.3897900581359863,3.3780035972595215,0.8440965414047241
278,2.8996541500091553,3.1258015632629395,-4.830676078796387,-2.163425922393799,2.6765177249908447,-1.2374573945999146,-8.117804527282715,6.250864028930664,15.538690567016602,10.715947151184082,13.426820755004883,13.741226196289062,2.279561758041382,-0.08461200445890427,0.1618170142173767,2.997990608215332,-0.697259247303009,0.8310651183128357,0.060750871896743774,-4.96203088760376,-0.0003603323712013662,0.3111647367477417,1.511413335800171,3.727776527404785,0.6779098510742188,0.8005567789077759,-0.9239303469657898,-0.3878157436847687,0.5835919976234436,-0.39455628395080566,-1.6894203424453735,1.5110255479812622,3.881044864654541,2.1708121299743652,3.3132498264312744,2.994586706161499
279,4.270610332489014,3.7358217239379883,-5.283969402313232,-1.093468189239502,6.389672756195068,-3.226381778717041,-8.928631782531738,11.003573417663574,16.17206382751465,10.490890502929688,13.452163696289062,10.60068416595459,3.2724788188934326,0.3968704342842102,0.6461605429649353,2.6312522888183594,0.48278796672821045,0.6373929977416992,0.011822931468486786,-3.9290733337402344,-0.00034819392021745443,0.6266665458679199,1.5777788162231445,14.852920532226562,1.15718412399292,0.8421779870986938,-1.1221482753753662,-0.08064299821853638,1.824131965637207,-0.8986629247665405,-2.0131278038024902,2.6316182613372803,4.133267879486084,2.2988858222961426,3.4482269287109375,3.9499707221984863
280,1.753039836883545,4.709433555603027,-6.479922771453857,-1.159427285194397,5.683790683746338,-1.9214786291122437,-8.170961380004883,4.207703590393066,15.159419059753418,8.577385902404785,13.005047798156738,3.888392448425293,3.520634174346924,0.476917564868927,0.7054341435432434,2.674945831298828,1.5094317197799683,0.6381924152374268,-0.07748062163591385,-3.1817731857299805,-0.00032858335180208087,0.5897806882858276,1.705863356590271,15.699319839477539,0.039555735886096954,1.1145025491714478,-1.4589393138885498,-0.22298458218574524,1.113170862197876,-0.2087222933769226,-1.5927983522415161,-0.018886610865592957,3.3797104358673096,1.5882863998413086,3.1730685234069824,3.999455690383911
281,1.0105839967727661,1.569014310836792,-6.433567523956299,0.2594294846057892,3.4457459449768066,-2.9423768520355225,-8.64307689666748,3.3164608478546143,14.851430892944336,6.398473262786865,12.817092895507812,3.7548820972442627,3.5372965335845947,0.38957318663597107,0.6305486559867859,2.9702093601226807,2.0583949089050293,0.8920183181762695,-0.24973343312740326,-2.6033072471618652,-0.00033728586276993155,-0.006369203329086304,1.7960467338562012,15.69887924194336,0.11925611644983292,-0.10490681231021881,-1.2803397178649902,0.23727533221244812,0.4403122663497925,-0.7150096893310547,-1.8959933519363403,0.5054914355278015,3.432255506515503,1.0332138538360596,3.2069880962371826,5.1439619064331055
282,1.3347947597503662,0.6268517971038818,-6.24150276184082,-1.2298831939697266,4.057452201843262,-3.7179300785064697,-8.416463851928711,3.2393367290496826,15.24665641784668,3.9427998065948486,12.671101570129395,3.9527881145477295,3.433403968811035,0.20377807319164276,0.4390426576137543,2.6899445056915283,2.755180597305298,1.1888859272003174,-0.3897291123867035,-2.127478837966919,-0.00034588039852678776,-0.5391257405281067,1.941396713256836,15.704363822937012,0.3522477447986603,-0.0008795431349426508,-1.2267670631408691,-0.41215798258781433,0.9821245074272156,-0.8279268145561218,-1.7502291202545166,0.5970955491065979,3.7261786460876465,0.43613821268081665,3.1821675300598145,5.1379523277282715
283,0.5759773254394531,0.37259557843208313,-6.4627251625061035,-1.1845989227294922,3.7354695796966553,-5.442443370819092,-8.208779335021973,2.492140054702759,15.290315628051758,1.6948108673095703,12.414701461791992,3.95332407951355,3.183593988418579,-0.01099018007516861,0.24145789444446564,2.423845052719116,3.4041574001312256,1.2903388738632202,-0.502376139163971,-1.883739948272705,-0.0003472731332294643,-0.8096825480461121,2.0296883583068848,15.70162296295166,0.015039242804050446,0.0403699092566967,-1.3435885906219482,-0.21336352825164795,0.7974751591682434,-1.295609474182129,-1.7125383615493774,0.3791648745536804,3.659226417541504,0.024618789553642273,3.1133768558502197,4.843239784240723
284,0.5627347230911255,-0.2107350379228592,-5.999505519866943,-2.10019588470459,3.35547137260437,-6.463964462280273,-8.370975494384766,1.8183196783065796,15.367328643798828,-1.8241665363311768,12.163941383361816,3.914979934692383,2.842298746109009,-0.29559555649757385,-0.15187761187553406,1.6875499486923218,3.9075987339019775,1.9056202173233032,-0.7426534295082092,-1.9518910646438599,-0.00035638135159388185,-1.9093739986419678,2.201871633529663,15.698966979980469,0.12310776859521866,-0.12031497061252594,-1.1574569940567017,-0.5048360824584961,0.7184136509895325,-1.4087212085723877,-1.8138114213943481,0.2603248953819275,3.6939120292663574,-0.8632590174674988,3.042275905609131,4.683097839355469
285,0.5285201072692871,-2.032877206802368,-4.805647373199463,-1.4042763710021973,3.3258161544799805,-7.92734432220459,-8.182287216186523,0.5472685098648071,15.215655326843262,-7.871089935302734,11.773885726928711,3.7758517265319824,2.4981813430786133,-1.065584659576416,-0.7830832004547119,0.790399968624115,4.241637706756592,4.141000747680664,-1.203576683998108,-2.4992010593414307,-0.00034714379580691457,-14.29197883605957,2.386638879776001,15.699929237365723,0.11065850406885147,-0.6605530977249146,-0.8248018026351929,-0.18417897820472717,0.7765393853187561,-1.7331957817077637,-1.7362442016601562,-0.05685262382030487,3.5886611938476562,-2.9949088096618652,2.9336116313934326,4.2592973709106445
286,-2.882284641265869,-3.1960203647613525,-1.5383371114730835,-0.41617676615715027,4.162395000457764,-5.435138702392578,-7.616519451141357,-2.3425378799438477,15.096837043762207,-4.895016193389893,10.383549690246582,3.401573657989502,1.4767723083496094,-2.5658528804779053,-1.4746875762939453,-0.8785521388053894,4.832681655883789,3.3393070697784424,-1.5411653518676758,-2.5260894298553467,-0.0003292284091003239,-15.700603485107422,2.500657081604004,3.0257883071899414,-0.9788621664047241,-0.8395160436630249,0.11755112558603287,0.04212191700935364,1.1265466213226318,-0.6018311381340027,-1.5833104848861694,-0.9321064949035645,3.555757761001587,-9.092865943908691,2.3411943912506104,3.3779706954956055
287,-2.432830810546875,-2.822983741760254,-4.332801342010498,3.3467657566070557,0.06963658332824707,-4.032812595367432,-7.131597995758057,7.386835098266602,15.690635681152344,-4.462355613708496,9.710688591003418,13.71842098236084,0.9493902921676636,-3.480785369873047,-1.5289541482925415,-1.6855322122573853,4.6813554763793945,2.2404932975769043,-1.938985824584961,0.3485724925994873,-0.00037854653783142567,-15.694138526916504,2.807244300842285,-0.4251288175582886,-0.41927310824394226,-0.5899879932403564,-1.343517541885376,1.1610774993896484,-0.6219759583473206,-0.5758500695228577,-1.4962259531021118,2.945648193359375,3.936588764190674,-9.942473411560059,2.292250394821167,4.099242210388184
288,-4.131842613220215,1.5151376724243164,-5.252193450927734,0.2338295429944992,-2.8102941513061523,-3.4749393463134766,-8.457847595214844,6.572547912597656,16.180347442626953,-4.7557573318481445,7.820786952972412,16.014902114868164,0.10789285600185394,-3.4509048461914062,-1.565744161605835,-1.7495702505111694,3.5662970542907715,1.2532191276550293,-2.46612811088562,-0.6896272897720337,-0.00010380882304161787,-15.680209159851074,3.2312638759613037,0.9713184833526611,-1.0427391529083252,0.8741099834442139,-1.2667593955993652,-0.3604753315448761,-0.8302727341651917,-0.597249448299408,-2.149512529373169,1.3432819843292236,4.098536014556885,-9.500226974487305,1.6122150421142578,3.676482915878296
289,-2.4594743251800537,-0.044056486338377,-4.156909942626953,0.20285068452358246,-0.7014976739883423,-4.143337249755859,-7.863645076751709,7.98934268951416,16.450927734375,-4.874791622161865,5.621729850769043,14.769491195678711,-0.6218702793121338,-3.7257895469665527,-1.6124529838562012,-1.7925235033035278,2.467256784439087,0.06350064277648926,-2.8749256134033203,-1.1938729286193848,0.004987217951565981,-15.683206558227539,3.551631212234497,1.3585493564605713,-0.28317150473594666,-0.19778217375278473,-0.7297089695930481,0.034379154443740845,0.11523336917161942,-0.9057288765907288,-1.723035216331482,1.799986720085144,4.1482086181640625,-9.260889053344727,1.0376965999603271,3.691871404647827
290,-2.109344005584717,0.19812554121017456,-3.551666498184204,-0.21590685844421387,-0.31473276019096375,-3.4760591983795166,-7.560042858123779,8.216676712036133,16.449525833129883,-4.869178771972656,4.129429817199707,14.110909461975098,-1.3716063499450684,-3.8775458335876465,-1.6578242778778076,-1.8724080324172974,0.5602817535400391,-1.0312427282333374,-3.240091562271118,-1.2312735319137573,1.3816912174224854,-15.6550874710083,3.8770246505737305,1.3296079635620117,-0.39209607243537903,0.0654066652059555,-0.6707481741905212,-0.1021033227443695,-0.013338024728000164,-0.6296234130859375,-1.7165234088897705,1.6586021184921265,4.078454971313477,-8.499031066894531,0.7862870097160339,3.5091552734375
291,-1.5689693689346313,0.2429383099079132,-2.6849024295806885,-0.6989660859107971,1.1909451484680176,-3.00368070602417,-6.835093021392822,8.125661849975586,15.487147331237793,-4.845957279205322,2.5180320739746094,13.926009178161621,-2.2816131114959717,-3.9131827354431152,-1.6256102323532104,-1.8179186582565308,-0.8293429017066956,-2.0781941413879395,-3.43501615524292,-1.6622333526611328,-0.14544886350631714,-15.604837417602539,4.045233726501465,1.7396185398101807,-0.26104846596717834,0.048232655972242355,-0.4481261670589447,-0.21798911690711975,0.44461801648139954,-0.5771308541297913,-1.4864026308059692,1.6083203554153442,4.196570873260498,-7.808600425720215,0.37210696935653687,3.4718921184539795
292,-1.0135056972503662,0.9270447492599487,-0.9208601713180542,-1.1668734550476074,5.605414867401123,-1.563870906829834,-6.211543083190918,7.67147159576416,17.167728424072266,-4.746768951416016,0.29876407980918884,13.193513870239258,-1.7179758548736572,-3.1899478435516357,-1.794374942779541,-1.9590299129486084,4.258548736572266,-2.7265713214874268,-2.9946768283843994,-1.0168243646621704,-9.26953125,-15.168274879455566,4.014867782592773,1.304929256439209,-0.14640739560127258,0.24498949944972992,0.054378144443035126,-0.31505295634269714,1.7307788133621216,-0.14529865980148315,-1.3520623445510864,1.424566388130188,4.435975551605225,-6.643198490142822,-0.2917686104774475,3.268226146697998
293,-5.755324363708496,-0.5534535050392151,3.856736183166504,3.9676318168640137,-0.4525108337402344,0.7490859031677246,-6.976911544799805,7.023914813995361,21.78308868408203,-4.9172139167785645,-5.027231693267822,12.401969909667969,-1.7238757610321045,-2.450039863586426,-0.9421349763870239,-1.76099693775177,3.541626453399658,-2.6977834701538086,-2.8487133979797363,-0.8299030065536499,-7.30024528503418,-15.5817232131958,-0.7526522278785706,1.301993489265442,-2.001096487045288,-0.3162149488925934,1.3815011978149414,1.4517878293991089,-0.8692674040794373,0.4543460011482239,-1.7206454277038574,1.3298519849777222,3.066260814666748,-5.475055694580078,-1.4947285652160645,2.779785394668579
294,-5.157419204711914,-2.921721935272217,3.6524782180786133,5.793983459472656,1.1728647947311401,-3.496950626373291,-5.67633056640625,5.110270977020264,17.47311019897461,-4.519824028015137,-9.325913429260254,11.839533805847168,-1.3356235027313232,-2.399014949798584,-0.921851634979248,-1.5000369548797607,3.16003680229187,-4.0139994621276855,0.317329466342926,-0.3079530596733093,-6.153729438781738,-15.681733131408691,-14.645540237426758,0.8247580528259277,-1.0257333517074585,-0.992141842842102,0.7003793120384216,1.3650174140930176,0.49779945611953735,-1.4130854606628418,-1.0752438306808472,0.7583114504814148,2.4946630001068115,-6.119603157043457,-3.0318143367767334,2.719370126724243
295,-8.496066093444824,1.4717800617218018,2.113680601119995,7.1172685623168945,0.8807349801063538,-2.0771713256835938,-4.74685001373291,5.494497776031494,19.099231719970703,-4.3220672607421875,-4.670693397521973,14.200196266174316,-1.0002235174179077,-1.1149342060089111,-0.1261739283800125,-1.1454144716262817,2.935922384262085,-4.906877040863037,-0.4244341552257538,-0.4224727749824524,-5.239821434020996,-15.666903495788574,-15.695086479187012,1.2419557571411133,-2.4296391010284424,0.8889096975326538,0.21154943108558655,1.5877348184585571,0.1508306860923767,-0.2871250510215759,-0.7357674241065979,1.1736661195755005,3.8379993438720703,-5.562684535980225,-8.64526653289795,3.995201349258423
296,-6.522736549377441,-1.8053308725357056,2.128000497817993,8.571452140808105,3.4068901538848877,-3.11916184425354,-4.739882469177246,6.810292720794678,18.36109733581543,-4.187495708465576,-4.409350872039795,14.428072929382324,-0.7148422002792358,-0.6838857531547546,0.7372898459434509,-0.7698796987533569,2.558858871459961,-6.196532249450684,-1.6294506788253784,-0.12120407819747925,-4.249244689941406,-15.667624473571777,-15.695951461791992,1.167804479598999,-1.082303762435913,-0.8147403001785278,0.4341537654399872,1.9537557363510132,1.1495513916015625,-0.9347885251045227,-0.9906625151634216,1.5693286657333374,3.3918042182922363,-5.072640419006348,-8.351557731628418,3.8161163330078125
297,-7.180501937866211,0.4692153036594391,0.8842887282371521,7.9867634773254395,3.324763536453247,-1.757226824760437,-4.446483612060547,5.126720428466797,16.75779914855957,-3.5814759731292725,-4.607950210571289,13.836152076721191,-0.289969265460968,0.44699525833129883,1.353721261024475,-0.43727362155914307,2.444195032119751,-7.0435686111450195,-2.8063926696777344,-0.17514914274215698,-3.627772569656372,-15.6945161819458,-15.695201873779297,1.4029982089996338,-1.6125668287277222,0.4038916528224945,0.019615449011325836,1.548604130744934,0.7133012413978577,-0.24090486764907837,-0.9382334351539612,0.8146435618400574,3.0279855728149414,-3.3809189796447754,-7.648348808288574,3.2991836071014404
298,-7.041759014129639,-0.22554916143417358,0.7145332098007202,8.084028244018555,2.6820969581604004,-1.2396330833435059,-4.518793106079102,4.526600360870361,16.028501510620117,-3.13466477394104,-4.649387836456299,13.141654968261719,0.0070837512612342834,1.4019302129745483,1.894822597503662,-0.033045701682567596,2.336726665496826,-7.7691264152526855,-4.120370388031006,0.16051670908927917,-3.119021415710449,-15.676507949829102,-15.696982383728027,1.2472481727600098,-1.4321316480636597,-0.1352924257516861,0.12856033444404602,1.6865988969802856,0.49032801389694214,-0.24463051557540894,-1.0515475273132324,0.8277702927589417,3.046262264251709,-2.950791358947754,-7.260966777801514,3.151416540145874
299,-6.918649196624756,0.7301955223083496,-0.09537554532289505,7.508858680725098,1.9232113361358643,0.10205215960741043,-4.026336669921875,3.249889850616455,15.4937744140625,-2.4941110610961914,-4.563390254974365,12.52989387512207,0.36076903343200684,2.7083728313446045,2.2075440883636475,0.28369206190109253,2.2592077255249023,-8.03573989868164,-5.308058738708496,0.08923962712287903,-2.6263043880462646,-15.678047180175781,-15.695816993713379,1.5209226608276367,-1.3974109888076782,0.2852717339992523,-0.12969955801963806,1.4853209257125854,0.30624109506607056,0.24303239583969116,-0.9014062285423279,0.4908260107040405,3.015251398086548,-1.991949200630188,-6.471776008605957,2.8841843605041504
300,-6.722076892852783,-0.4376280605792999,-0.37580689787864685,7.584497928619385,1.203791856765747,1.2615020275115967,-3.49430251121521,3.0622718334198,15.021992683410645,-1.8030245304107666,-4.374496936798096,11.727496147155762,0.5958181023597717,3.6141183376312256,2.319500207901001,0.5866740942001343,2.2037227153778076,-7.904066562652588,-6.389815330505371,0.4006865918636322,-2.2011451721191406,-15.646529197692871,-15.69784927368164,1.384413480758667,-1.325979471206665,-0.23614777624607086,-0.10476317256689072,1.6125693321228027,0.15587186813354492,0.321580708026886,-0.7997921109199524,0.5912500023841858,2.985891819000244,-1.256417155265808,-5.574560642242432,2.7147505283355713
301,-6.733827590942383,-0.6263594627380371,-0.8505396842956543,6.373010635375977,-0.12640529870986938,2.477555751800537,-2.112708330154419,1.8977630138397217,14.881017684936523,-0.9192373156547546,-3.9850869178771973,11.378897666931152,0.7670096158981323,4.25081205368042,2.1290640830993652,0.7205703258514404,2.162160873413086,-7.416284084320068,-7.110777378082275,0.4887678623199463,-1.782358169555664,-14.794744491577148,-15.697646141052246,1.4499022960662842,-1.3514318466186523,-0.1329066902399063,-0.21669849753379822,1.1692136526107788,-0.21293646097183228,0.5234876275062561,-0.328901469707489,0.23179291188716888,3.072979688644409,-0.2920418977737427,-4.344842910766602,2.6247470378875732
302,-6.641697883605957,-2.473179340362549,-0.835146427154541,5.7008538246154785,-1.983354091644287,2.8067564964294434,-0.5583421587944031,1.4067810773849487,14.624347686767578,-0.04588259756565094,-3.326730728149414,10.769330978393555,0.6656889915466309,3.969989538192749,1.6768512725830078,0.7244905829429626,2.205864906311035,-6.879584312438965,-7.446196556091309,0.9038465023040771,-1.5198521614074707,-13.070368766784668,-15.698994636535645,1.1219905614852905,-1.31148099899292,-0.6519647836685181,-0.15475645661354065,1.0999151468276978,-0.60441654920578,0.49077659845352173,0.11395161598920822,0.22037969529628754,3.0584068298339844,0.4997847080230713,-3.0021309852600098,2.4369044303894043
303,-6.606695175170898,-1.9270172119140625,-0.8854427337646484,4.558372974395752,-3.1421148777008057,3.3250224590301514,1.59860098361969,0.18377724289894104,14.849980354309082,6.002567768096924,-2.4124317169189453,10.79482650756836,0.7488617300987244,3.2105281352996826,1.1766332387924194,0.770566463470459,2.0509033203125,-6.770163059234619,-7.132209300994873,1.085604190826416,-0.8568605184555054,-5.189228534698486,-15.699714660644531,1.0963120460510254,-1.3250510692596436,-0.27886679768562317,-0.17565765976905823,0.7854053974151611,-0.7350671291351318,0.6052160859107971,0.5268563628196716,-0.1275426596403122,3.243224620819092,1.2646681070327759,-1.7304465770721436,2.4679408073425293
304,-8.600334167480469,-1.2055751085281372,0.5729761123657227,4.152957439422607,-2.4910295009613037,5.151012897491455,1.293782114982605,-1.1252399682998657,15.015990257263184,6.490005016326904,-1.4427908658981323,12.036001205444336,0.750842809677124,2.7519376277923584,1.0623302459716797,0.8112487196922302,1.9231387376785278,-5.5954508781433105,-6.966794490814209,1.4409679174423218,-0.18888717889785767,2.1704540252685547,-15.58562183380127,0.8614138960838318,-2.0574235916137695,-0.13616831600666046,0.31104418635368347,0.8057172298431396,-0.3879113495349884,1.058401107788086,0.17785781621932983,-0.38816535472869873,3.4826197624206543,1.263814091682434,-0.7376821637153625,3.1034579277038574
305,-10.464362144470215,-1.4841514825820923,-0.6557717323303223,4.570939064025879,-3.4775516986846924,5.0265326499938965,2.2171199321746826,-2.08400559425354,14.248486518859863,8.379366874694824,-0.40008193254470825,12.143564224243164,0.6459136009216309,1.7387473583221436,0.568152129650116,0.7130661606788635,1.764148235321045,-4.51878547668457,-6.6482834815979,1.6920173168182373,0.3996639847755432,11.524890899658203,-14.610465049743652,0.7357823252677917,-2.4950063228607178,-0.30846723914146423,-0.29101482033729553,1.0129717588424683,-0.7858616709709167,0.8617026209831238,0.46216005086898804,-0.5202372670173645,3.2035717964172363,2.709137439727783,0.2869409918785095,2.8308656215667725
306,-11.32963752746582,-2.5342159271240234,0.40931233763694763,4.98584508895874,-5.227520942687988,0.15862588584423065,5.344717979431152,-3.0015358924865723,13.902259826660156,4.907196521759033,6.457139492034912,12.183469772338867,0.42053908109664917,0.7389674186706543,1.1245615482330322,0.5223132967948914,1.7711389064788818,-4.921513080596924,-6.793084621429443,1.9013149738311768,0.6498276591300964,15.538474082946777,-6.130247116088867,0.5389036536216736,-2.5629994869232178,-0.6208828687667847,0.22368654608726501,1.0953445434570312,-1.23806893825531,-0.5213000774383545,1.2477142810821533,-0.6869403719902039,3.2988779544830322,2.9123311042785645,1.5368845462799072,2.819749116897583
307,-10.663849830627441,-1.7279894351959229,0.10632540285587311,5.764120101928711,-6.424360275268555,-0.12918324768543243,7.93451452255249,-3.3188250064849854,13.426200866699219,3.264251470565796,8.121927261352539,12.926922798156738,0.31806352734565735,0.5861178040504456,1.6645565032958984,0.4301088750362396,1.5570026636123657,-5.031619071960449,-5.845369815826416,1.9492206573486328,1.0113804340362549,15.538086891174316,2.5179340839385986,0.5780923962593079,-2.168578624725342,-0.24296791851520538,-0.018807701766490936,1.3070788383483887,-1.4043920040130615,-0.06987255811691284,1.6373111009597778,-0.6660651564598083,3.1254312992095947,4.061339855194092,1.6389744281768799,3.137127637863159
308,-9.796380043029785,-2.331056594848633,0.30850252509117126,5.957381725311279,-7.832414150238037,0.7312095165252686,6.526749134063721,-3.9861013889312744,12.581864356994629,3.5459187030792236,7.063356876373291,12.876412391662598,0.2451791614294052,0.30762574076652527,2.1588094234466553,0.3896125257015228,1.6135166883468628,-4.872845649719238,-4.995026588439941,1.9998334646224976,1.0782667398452759,15.553290367126465,10.042946815490723,0.5486398935317993,-1.9308147430419922,-0.5396589040756226,0.09413955360651016,1.261934518814087,-1.7500481605529785,0.22960177063941956,0.9722914099693298,-0.8405175805091858,2.8798842430114746,4.109496116638184,1.9705500602722168,2.9981114864349365
309,-9.242154121398926,-2.4482662677764893,0.3737731873989105,6.476485729217529,-8.247554779052734,1.686996579170227,5.249898433685303,-4.9523539543151855,12.33433723449707,3.4915413856506348,4.940280437469482,12.727341651916504,0.27123475074768066,0.10445168614387512,2.4493608474731445,0.42298924922943115,1.3655627965927124,-4.446235656738281,-4.313116073608398,1.9836684465408325,1.395979881286621,15.55264663696289,15.286308288574219,0.6567026376724243,-1.8538066148757935,-0.5048947930335999,0.09068698436021805,1.4232735633850098,-1.6850192546844482,0.4014231562614441,0.7792409062385559,-1.066731333732605,2.8967537879943848,3.683537483215332,2.410498857498169,2.9191792011260986
310,-8.817907333374023,-2.6098551750183105,-0.16861242055892944,6.699758052825928,-7.6335649490356445,2.581331729888916,3.359323024749756,-5.8956098556518555,11.68702507019043,3.3477389812469482,2.911362886428833,12.170891761779785,0.30573615431785583,-0.10914581269025803,2.0424885749816895,0.4906386435031891,1.374472737312317,-3.8038489818573,-3.5322659015655518,1.928908109664917,1.4988758563995361,15.569232940673828,15.683359146118164,0.7371742725372314,-1.7698954343795776,-0.5462566614151001,-0.1056794598698616,1.4330445528030396,-1.433198094367981,0.5587260127067566,0.37989574670791626,-1.2534154653549194,2.7155821323394775,3.367499589920044,3.1546106338500977,2.716381311416626
311,-9.20602798461914,-2.9281625747680664,-0.39844176173210144,5.9751296043396,-7.786578178405762,2.9887232780456543,3.077697277069092,-6.543420314788818,11.22830581665039,3.315849781036377,3.088343858718872,11.905060768127441,0.2722042500972748,-0.5395990610122681,1.4853256940841675,0.44343551993370056,1.1684916019439697,-3.099778413772583,-2.856278419494629,1.9277063608169556,1.7600951194763184,15.564257621765137,15.685583114624023,0.8124464750289917,-1.9823455810546875,-0.636695384979248,-0.10360115021467209,1.14055335521698,-1.563805103302002,0.5876298546791077,0.5285987257957458,-1.3480957746505737,2.6086010932922363,3.459177255630493,3.689854383468628,2.7060422897338867
312,-9.453133583068848,-2.1449029445648193,-0.2911815643310547,5.182547569274902,-7.38886022567749,2.4783143997192383,2.126166582107544,-6.498517990112305,10.699947357177734,3.3139467239379883,3.247793674468994,11.743475914001465,0.21859517693519592,-0.756126344203949,1.0140904188156128,0.4140647053718567,1.1667543649673462,-2.6092891693115234,-2.5035557746887207,1.8233965635299683,1.8785793781280518,15.57215690612793,15.685957908630371,0.9272376894950867,-2.024190902709961,-0.336751252412796,-0.04274763911962509,0.9564487934112549,-1.4197009801864624,0.3961217701435089,0.2803691029548645,-1.2441483736038208,2.5044593811035156,3.464754343032837,3.672903299331665,2.692065715789795
313,-9.368217468261719,-1.6025618314743042,-0.14043666422367096,4.233267784118652,-7.58527946472168,2.7825562953948975,0.915277898311615,-6.049509525299072,10.286869049072266,3.434471607208252,3.3362491130828857,11.484017372131348,0.1833094209432602,-0.8656994104385376,0.6212475299835205,0.37789466977119446,0.9475133419036865,-2.083770513534546,-2.504236936569214,1.757969856262207,2.1391589641571045,15.572380065917969,15.690478324890137,1.053908109664917,-1.956847906112671,-0.2570004165172577,-0.00828801840543747,0.7353755235671997,-1.5383930206298828,0.5565256476402283,0.022746138274669647,-1.1070351600646973,2.410508632659912,3.7945282459259033,3.7383108139038086,2.6240243911743164
314,-8.947491645812988,-1.2502591609954834,-0.0709569975733757,3.329289674758911,-7.2732977867126465,2.598862648010254,-0.022268841043114662,-5.560819149017334,9.93921184539795,3.6161463260650635,3.4134104251861572,11.241865158081055,0.10922905802726746,-0.9021976590156555,0.2691381573677063,0.3152256906032562,0.9400856494903564,-1.6517657041549683,-2.7297523021698,1.6934081315994263,2.2572124004364014,15.582754135131836,15.68806266784668,1.1401628255844116,-1.8086422681808472,-0.21005307137966156,-0.005059443414211273,0.5541176795959473,-1.4183568954467773,0.47035127878189087,-0.12078923732042313,-1.0058724880218506,2.379520893096924,4.166748523712158,3.8630950450897217,2.581205368041992
315,-8.568004608154297,-1.1345338821411133,-0.0743551105260849,2.634241819381714,-7.483945369720459,2.4823999404907227,-0.5193989872932434,-4.900736331939697,9.65438175201416,3.812260389328003,3.5015709400177,10.947369575500488,0.049290623515844345,-0.9445333480834961,-0.07606852799654007,0.2747174799442291,0.7237604856491089,-1.2820912599563599,-3.0572361946105957,1.6151291131973267,2.523028612136841,15.585654258728027,15.691466331481934,1.230197787284851,-1.7345845699310303,-0.2183827906847,-0.015295825898647308,0.43909749388694763,-1.5308505296707153,0.4618217945098877,-0.1872606873512268,-0.8553609848022461,2.3128089904785156,4.589229106903076,4.018465042114258,2.4983761310577393
316,-8.17566204071045,-1.1258419752120972,0.037768129259347916,1.9911086559295654,-7.517355918884277,1.8829104900360107,-0.6372984647750854,-4.200262546539307,9.444456100463867,3.9702229499816895,3.593148946762085,10.577272415161133,-0.07763835787773132,-1.0069000720977783,-0.40981388092041016,0.1343565583229065,0.7275000810623169,-1.0704792737960815,-3.3704159259796143,1.6330835819244385,2.617147445678711,15.59113597869873,15.688461303710938,1.2421528100967407,-1.6467258930206299,-0.2316805124282837,0.02238396555185318,0.31533902883529663,-1.5312857627868652,0.2885890007019043,-0.16035079956054688,-0.715638279914856,2.3227288722991943,4.871487140655518,4.199408531188965,2.396580934524536
317,-7.952324390411377,-1.3757363557815552,0.2678777873516083,1.7508082389831543,-8.14865493774414,1.1007328033447266,-0.533210277557373,-3.533491849899292,9.396415710449219,4.074361801147461,3.680262565612793,10.237812042236328,-0.16926701366901398,-1.1324841976165771,-0.7034507989883423,0.0763491839170456,0.5305208563804626,-1.0478131771087646,-3.6477291584014893,1.5605823993682861,2.8635902404785156,15.587053298950195,15.69019889831543,1.274149775505066,-1.6318857669830322,-0.31996801495552063,0.0830787792801857,0.31878089904785156,-1.7499592304229736,0.11353421211242676,-0.10558641701936722,-0.5887615084648132,2.3367197513580322,5.045325756072998,4.3484649658203125,2.303678035736084
318,-7.753955364227295,-1.5222631692886353,0.5804579257965088,1.5932468175888062,-8.415013313293457,0.5741368532180786,-0.3605228364467621,-3.0494861602783203,9.380921363830566,4.135618686676025,3.740827798843384,9.946186065673828,-0.3228027820587158,-1.2806757688522339,-0.9434120059013367,-0.10857938230037689,0.5492039918899536,-1.1244728565216064,-3.853624105453491,1.6477227210998535,2.918329954147339,15.584630012512207,15.684962272644043,1.2200342416763306,-1.5947222709655762,-0.3380604088306427,0.15388506650924683,0.2983451187610626,-1.7754719257354736,0.04321810603141785,-0.05668962746858597,-0.5216361880302429,2.394322156906128,5.101233959197998,4.441473484039307,2.240661382675171
319,-7.766565799713135,-1.6858457326889038,0.6976742744445801,1.8947645425796509,-9.056867599487305,0.18604637682437897,-0.3631736934185028,-2.7498741149902344,9.295419692993164,4.1744279861450195,3.776329278945923,9.738353729248047,-0.41559550166130066,-1.4570423364639282,-0.25926947593688965,-0.16240423917770386,0.3617706000804901,-1.244358777999878,-4.052237510681152,1.6557904481887817,3.1873536109924316,15.580184936523438,12.321258544921875,1.151752233505249,-1.6407699584960938,-0.3768223226070404,0.1499144732952118,0.41743913292884827,-1.9701049327850342,-0.014194309711456299,-0.08414275199174881,-0.484200656414032,2.343353748321533,5.156693458557129,4.462247371673584,2.185072183609009
320,-7.407811164855957,-1.5684967041015625,0.14884158968925476,1.939276933670044,-8.824906349182129,-0.7842026948928833,2.111553192138672,-2.876720666885376,9.546679496765137,4.222553253173828,6.709077835083008,10.22540283203125,-0.5585538148880005,-1.5751709938049316,-0.3961888253688812,-0.35619911551475525,0.2977783679962158,-1.6026043891906738,3.509061813354492,1.5958362817764282,3.309919595718384,15.541434288024902,-2.7097692489624023,1.2704905271530151,-1.5066444873809814,-0.31513142585754395,-0.041007138788700104,0.39213666319847107,-1.8044865131378174,-0.29698091745376587,0.6805880069732666,-0.5639789700508118,2.5587875843048096,5.280454635620117,4.4891180992126465,2.428863286972046
321,-3.9150564670562744,-0.6907435059547424,0.11246070265769958,3.0022149085998535,-7.134952068328857,-1.0338655710220337,2.0511982440948486,-0.8901249766349792,9.07165241241455,4.245946884155273,18.82797622680664,11.269434928894043,-0.3313707411289215,-1.19800865650177,-0.19744065403938293,-0.13643527030944824,-0.07676592469215393,-2.0834274291992188,2.358635425567627,1.025089979171753,3.715803623199463,15.62392520904541,-0.43274861574172974,1.8957748413085938,-0.328691691160202,-0.02319123037159443,0.017323903739452362,0.73785400390625,-1.2189538478851318,-0.2551833391189575,0.5280366539955139,0.08180204033851624,2.269145965576172,5.151783466339111,3.927616834640503,2.8763246536254883
322,-4.36299467086792,-0.9526040554046631,2.828458786010742,2.6728293895721436,-5.731061935424805,3.3842756748199463,5.073643684387207,-0.40251848101615906,8.861008644104004,4.174795627593994,16.127967834472656,11.012229919433594,-0.11952453851699829,-0.3516874611377716,0.12562373280525208,0.2598206102848053,1.26800537109375,-0.6441041231155396,1.8127034902572632,0.5653122663497925,-0.1620492935180664,4.147713661193848,0.10199302434921265,2.4332168102264404,-0.9514296054840088,-0.23370419442653656,0.9339783191680908,0.49311065673828125,-0.9875101447105408,1.227856159210205,1.5826455354690552,-0.017046168446540833,2.3555846214294434,5.199281692504883,3.6365468502044678,2.71634840965271
323,-3.2229459285736084,3.2515957355499268,-0.7444875240325928,-1.5197726488113403,-4.931346893310547,5.633634567260742,6.141816139221191,-2.2462754249572754,7.98288631439209,14.846251487731934,15.031421661376953,9.644351959228516,0.2593107223510742,0.6245030760765076,0.7878908514976501,0.9690285325050354,1.1423068046569824,2.1306943893432617,1.7777718305587769,0.14473460614681244,-0.2964490056037903,-0.037558138370513916,0.26583677530288696,3.033212423324585,-0.4921814203262329,1.2310250997543335,-0.6254675984382629,-0.8667173385620117,-0.8194426894187927,1.461899757385254,1.4927059412002563,-0.687924325466156,1.2161785364151,5.068267345428467,3.4353368282318115,2.180990695953369
324,-2.7207887172698975,5.479239463806152,-1.3272647857666016,-6.1324687004089355,-6.363371849060059,4.143029689788818,6.0659661293029785,-3.533217430114746,6.437877178192139,15.953734397888184,14.879426956176758,9.706259727478027,0.4188845753669739,0.9875910878181458,1.1209712028503418,1.1905579566955566,0.4411613941192627,1.1248170137405396,1.6513911485671997,-0.14934523403644562,-0.13287529349327087,1.782490611076355,0.4455240070819855,3.536938190460205,-0.4692971408367157,1.483995795249939,-0.33283910155296326,-1.872685432434082,-1.4576390981674194,0.757286548614502,1.3104568719863892,-0.888558030128479,1.0773439407348633,3.2465944290161133,3.5701282024383545,2.579244613647461
325,-2.947674512863159,4.001120090484619,-0.9023324251174927,-5.751353740692139,-6.37973690032959,6.010895252227783,4.896168231964111,-2.8504207134246826,5.267910480499268,13.623860359191895,14.708942413330078,9.311441421508789,0.32739004492759705,1.2672749757766724,1.4080082178115845,1.7246495485305786,-0.4291006922721863,0.615654468536377,1.663612961769104,-0.4557187557220459,-0.08215595781803131,2.7982842922210693,0.4294663071632385,3.798861503601074,-0.6128488183021545,0.6367742419242859,-0.11754819005727768,-1.0701314210891724,-1.3114410638809204,1.5397450923919678,0.8772789835929871,-0.4877803921699524,0.9097249507904053,3.321967124938965,3.5562007427215576,2.4414682388305664
326,-2.1581172943115234,3.2772529125213623,-0.7991513013839722,-6.188687801361084,-4.867539405822754,5.508471488952637,4.69035005569458,-2.4195730686187744,4.391256809234619,13.066760063171387,14.597479820251465,8.962335586547852,0.10322348773479462,1.4356499910354614,1.5329219102859497,1.581972599029541,-1.1188726425170898,0.3945544362068176,1.6106406450271606,-0.6630468964576721,-0.04486200213432312,3.2169971466064453,0.53392493724823,4.303854465484619,-0.32451799511909485,0.591962456703186,-0.13852861523628235,-1.2415261268615723,-0.8157266974449158,1.0595226287841797,0.9780774116516113,-0.43823736906051636,0.7667466402053833,3.665940999984741,3.493800401687622,2.3574492931365967
327,-1.989336609840393,2.5415992736816406,-0.815217912197113,-5.944735050201416,-4.01761531829834,5.246509552001953,4.4991278648376465,-2.2642364501953125,3.8002986907958984,13.0879487991333,14.5642671585083,8.393197059631348,-0.18234598636627197,1.463050127029419,1.5547411441802979,1.8666383028030396,-1.738741159439087,0.362040638923645,1.4826194047927856,-0.8711957931518555,-0.034885771572589874,3.0628528594970703,0.6510145664215088,4.297323226928711,-0.37699946761131287,0.434693843126297,-0.15683713555335999,-1.123090147972107,-0.738535463809967,1.0388598442077637,0.9346573948860168,-0.4455057978630066,0.6856498718261719,3.85048246383667,3.547441244125366,2.2437045574188232
328,-1.5747679471969604,2.2559895515441895,-0.6671531796455383,-6.2016825675964355,-3.3924102783203125,5.046335697174072,4.411097526550293,-2.197816848754883,3.142887830734253,13.282057762145996,14.570050239562988,7.9128546714782715,-0.4878922700881958,1.2994638681411743,1.3566045761108398,1.390224814414978,-2.239309787750244,1.6642932891845703,1.2507072687149048,-1.0753748416900635,-0.03908514976501465,-0.05743850767612457,0.8301598429679871,4.600839614868164,-0.2640610933303833,0.43580785393714905,-0.10805251449346542,-1.2201542854309082,-0.647838294506073,1.008984088897705,0.9244863986968994,-0.44708704948425293,0.5426333546638489,3.8059897422790527,3.5915162563323975,2.052980899810791
329,-1.590924620628357,2.950408458709717,-1.0575395822525024,-6.445135593414307,-2.844827890396118,4.803380966186523,4.410988807678223,-2.1852571964263916,2.0985350608825684,15.564691543579102,14.465836524963379,7.305215835571289,-0.7159571051597595,1.2500613927841187,1.32576322555542,1.6824580430984497,-2.6142375469207764,1.48052978515625,1.095320463180542,-1.2378734350204468,-0.04428225755691528,0.03766883909702301,0.9540731906890869,4.469480037689209,-0.32832983136177063,0.7171919345855713,-0.252969890832901,-1.3076545000076294,-0.5468969345092773,1.0299792289733887,0.9273033738136292,-0.4550471305847168,0.28015878796577454,3.693685531616211,3.5875492095947266,1.9163988828659058
330,-1.522776484489441,2.6840686798095703,-0.5666717290878296,-6.784203052520752,-3.0408878326416016,5.541226387023926,4.033828258514404,-2.1985580921173096,0.8044077157974243,14.78795051574707,14.431123733520508,6.674929141998291,-0.9326202869415283,1.2131946086883545,1.1612882614135742,1.1731115579605103,-2.7696547508239746,1.5336111783981323,0.944313645362854,-1.4844043254852295,-0.6263463497161865,0.15315374732017517,1.0370420217514038,4.879746913909912,-0.30476805567741394,0.5244853496551514,-0.045999012887477875,-1.3567482233047485,-0.7054916024208069,1.2966148853302002,0.7890889048576355,-0.46361905336380005,-0.011715292930603027,3.3354597091674805,3.6153719425201416,1.6650243997573853
331,-0.9813119173049927,1.9873178005218506,-0.2332058548927307,-6.180788993835449,-2.3969855308532715,5.3612847328186035,3.6834897994995117,-2.1584229469299316,-0.9493486881256104,14.51004409790039,14.27392578125,5.903221607208252,0.5308531522750854,1.2447118759155273,1.1686820983886719,1.4942610263824463,-0.3982056677341461,1.6120820045471191,0.8134288191795349,-1.6463366746902466,-0.40994465351104736,-0.01062101498246193,1.137388825416565,4.779659271240234,-0.12961190938949585,0.3173595070838928,-0.002478860318660736,-1.1486375331878662,-0.4372067451477051,1.127105951309204,0.714905858039856,-0.45247530937194824,-0.43489864468574524,3.3823301792144775,3.544896364212036,1.5042322874069214
332,-1.96371328830719,2.539731502532959,-0.749605119228363,-6.273755073547363,-6.924589157104492,7.227456092834473,3.8048956394195557,-1.8221873044967651,-3.7468039989471436,14.508161544799805,14.751713752746582,6.353610038757324,-0.026881881058216095,1.1925275325775146,0.9812541604042053,0.9743071794509888,-0.5526288151741028,1.9966487884521484,0.5762307643890381,-1.9429510831832886,-4.162590503692627,0.03541401028633118,1.322387933731079,5.24765682220459,-0.510196328163147,0.6103999614715576,-0.21073147654533386,-1.226239562034607,-2.1201484203338623,1.8876094818115234,0.804244875907898,-0.3404152989387512,-1.1677708625793457,3.3590145111083984,3.915029287338257,1.8266983032226562
333,-0.6536993980407715,1.7136417627334595,-0.03405625373125076,-6.2263665199279785,-1.4139950275421143,5.140002727508545,3.3296613693237305,-2.453213930130005,-7.39610481262207,14.025838851928711,14.193036079406738,5.4834794998168945,-0.6217098832130432,1.196756362915039,1.0659661293029785,1.3870631456375122,2.624258041381836,1.8348381519317627,0.3530330955982208,-2.244428873062134,-15.69522762298584,0.036871328949928284,1.3998771905899048,5.256518840789795,0.03919712454080582,0.24175317585468292,0.08522740751504898,-1.2415369749069214,0.4569438695907593,0.8252456784248352,0.6136016249656677,-0.6207333207130432,-2.928680181503296,3.1501245498657227,3.5157291889190674,1.4032436609268188
334,-0.7788935899734497,0.4527004063129425,1.599199891090393,-7.43949031829834,-1.5891270637512207,6.9222731590271,3.520242691040039,-4.633989334106445,-3.833249568939209,14.333426475524902,13.9561185836792,3.0399081707000732,-0.9200426340103149,1.04159677028656,0.8842927813529968,0.9175277352333069,2.127220392227173,1.9592812061309814,0.11178936809301376,-2.567646026611328,-15.689248085021973,0.021192306652665138,1.568532109260559,5.751190185546875,-0.17795410752296448,-0.08077104389667511,0.5596655607223511,-1.6286371946334839,-0.29556018114089966,1.8072938919067383,0.74079430103302,-1.355857253074646,-11.113669395446777,3.4061996936798096,3.507873296737671,0.3837428390979767
335,-1.0462294816970825,1.0381416082382202,1.096825361251831,-7.187649726867676,-2.670034885406494,6.503348350524902,3.0345957279205322,-4.263179779052734,-4.539060115814209,14.786309242248535,13.96909236907959,1.2280728816986084,-1.3056730031967163,0.8915877342224121,0.8173829317092896,0.9305974245071411,1.3961697816848755,1.9464753866195679,0.0061575379222631454,-2.59371018409729,-15.693117141723633,-0.3965020775794983,1.6350624561309814,5.845832347869873,-0.2539430558681488,0.29598256945610046,0.15567633509635925,-1.4183155298233032,-0.6403048038482666,1.3736491203308105,0.5427666306495667,-0.8966600894927979,-10.3611421585083,3.582672119140625,3.6366140842437744,0.024629443883895874
336,-1.414857268333435,1.1534702777862549,1.4349219799041748,-8.403261184692383,-1.7138859033584595,6.7456746101379395,2.7376980781555176,-4.679728984832764,-4.7981672286987305,15.227574348449707,13.979296684265137,-1.6603121757507324,-2.3896639347076416,0.3442465364933014,0.15836267173290253,-0.9275705814361572,0.9167677164077759,1.5030370950698853,0.2840539813041687,-1.418560266494751,-15.509298324584961,-2.193610429763794,1.2594953775405884,-0.6086621284484863,-0.34975311160087585,0.2530904710292816,0.34158894419670105,-1.8815420866012573,-0.213611900806427,1.5282049179077148,0.5086077451705933,-1.1055136919021606,-9.871726989746094,3.5565309524536133,3.6397626399993896,-0.6624618768692017
337,-0.7092752456665039,1.1980242729187012,-0.6400865912437439,-6.060317039489746,-0.4560348093509674,8.359728813171387,1.9985405206680298,-2.805131196975708,-5.072470188140869,16.566448211669922,13.725662231445312,-5.816961288452148,-3.4428584575653076,-0.11972559243440628,-0.09010833501815796,-1.8380094766616821,0.8191453814506531,1.7931221723556519,0.8411024808883667,1.5749057531356812,-15.598241806030273,-1.2336031198501587,0.7603628039360046,-11.072233200073242,-0.05961509793996811,0.2456943243741989,-0.40994539856910706,-1.0128989219665527,0.07087511569261551,2.10103178024292,0.3078652024269104,-0.2988917827606201,-9.084454536437988,3.528099298477173,3.308654546737671,-1.9297903776168823
338,0.02769097313284874,2.364558696746826,-2.2807202339172363,-4.179566860198975,0.41812729835510254,8.147177696228027,2.030841112136841,-3.278649091720581,-4.890413761138916,14.952229499816895,13.625245094299316,-6.131082534790039,-4.0855607986450195,-0.2232276052236557,-0.19485002756118774,-2.4075896739959717,0.8269529342651367,1.7099498510360718,1.2104748487472534,2.4429938793182373,-15.640820503234863,-0.4947345554828644,0.4788092374801636,-15.643498420715332,0.11102906614542007,0.6271752119064331,-0.6823791265487671,-0.6542530059814453,0.20240730047225952,1.7973129749298096,0.4285804033279419,-0.6501428484916687,-7.575125217437744,3.0809249877929688,3.177314519882202,-5.159915924072266
339,1.9807828664779663,2.2129805088043213,-3.879714250564575,-2.999682903289795,-0.1084992066025734,7.612882614135742,2.2252469062805176,-3.531250238418579,-4.762521266937256,14.305376052856445,13.777069091796875,-3.994196891784668,-4.140772819519043,-0.15357109904289246,-0.08635366708040237,-2.8975136280059814,0.6029946804046631,1.5245296955108643,1.462188959121704,1.6127656698226929,-15.687431335449219,0.12084557861089706,0.27855077385902405,-15.686724662780762,0.5809803009033203,0.4193132519721985,-1.0120104551315308,-0.4951312243938446,-0.09252124279737473,1.5937721729278564,0.4960996210575104,-0.6779659390449524,-7.121601581573486,3.188950538635254,3.2521040439605713,-6.832509517669678
340,2.3111321926116943,1.320512294769287,-4.9951605796813965,-3.020230770111084,-0.8232107162475586,6.788559913635254,2.7436954975128174,-2.366558074951172,-4.663097858428955,13.666905403137207,13.77823543548584,-4.269648551940918,-4.27445125579834,-0.2426600605249405,-0.16929107904434204,-3.560131549835205,0.17221233248710632,1.5562626123428345,1.643163800239563,0.9624907970428467,-15.698936462402344,0.38463813066482544,0.1769343614578247,-15.693708419799805,0.4460078775882721,0.14509056508541107,-1.1729371547698975,-0.6840373277664185,-0.255185067653656,1.3427693843841553,0.6563635468482971,-0.31371229887008667,-6.977077484130859,3.107151985168457,3.1889395713806152,-6.3191633224487305
341,3.3246850967407227,0.5491181015968323,-6.203715801239014,-2.1790711879730225,-1.2038496732711792,6.173504829406738,2.8183839321136475,-2.473867654800415,-4.583133220672607,13.440146446228027,13.479852676391602,-4.3418121337890625,-4.1622114181518555,-0.2907519042491913,-0.20660772919654846,-4.064975261688232,-0.4372534453868866,1.511879563331604,1.8669850826263428,0.21872955560684204,-15.695056915283203,0.672196626663208,-0.034049682319164276,-15.69635009765625,0.7047697901725769,0.006401015445590019,-1.4565708637237549,-0.3790207505226135,-0.2917688488960266,1.2449204921722412,0.6126499176025391,-0.501471221446991,-6.608522415161133,3.1260907649993896,3.0304834842681885,-6.035517692565918
342,3.9573256969451904,-0.20464180409908295,-7.16756010055542,-1.4851939678192139,-0.7308835983276367,5.795894145965576,2.8302648067474365,-2.182149648666382,-4.497946262359619,13.10403823852539,13.175426483154297,-4.320432186126709,-3.926030158996582,-0.3887569308280945,-0.27780598402023315,-4.463259220123291,-1.0004093647003174,1.5312167406082153,2.0134992599487305,-0.5107554197311401,-15.699835777282715,0.8754311800003052,-0.12909185886383057,-15.699420928955078,0.777714729309082,-0.14155228435993195,-1.6369919776916504,-0.24306094646453857,-0.08762913197278976,1.190976858139038,0.6117560863494873,-0.40349555015563965,-6.197481155395508,3.06317138671875,2.8864681720733643,-5.758875370025635
343,4.614181995391846,-0.5914841294288635,-7.939713001251221,-0.9100730419158936,-0.5105505585670471,5.017780780792236,2.5561277866363525,-2.1608433723449707,-4.357344150543213,12.923224449157715,12.787992477416992,-4.275269508361816,-3.470440149307251,-0.4163722097873688,-0.32375773787498474,-4.726742744445801,-1.5903265476226807,1.5242688655853271,2.211888551712036,-1.3216311931610107,-15.685312271118164,1.0194084644317627,-0.3376066982746124,-15.693121910095215,0.9081867933273315,-0.17226649820804596,-1.7908611297607422,-0.1272575855255127,-0.07715349644422531,0.961790144443512,0.5128271579742432,-0.4451865553855896,-5.643150329589844,3.0692992210388184,2.7607314586639404,-5.583184242248535
344,4.922170639038086,-1.179246187210083,-8.439888000488281,-0.11221853643655777,0.060072045773267746,4.312549591064453,2.0418636798858643,-2.1611738204956055,-4.146108150482178,12.899620056152344,12.54994010925293,-4.213575839996338,-2.8710713386535645,-0.5519292950630188,-0.43283501267433167,-4.8946638107299805,-2.0916378498077393,1.611860990524292,2.254868745803833,-2.1996097564697266,-15.700011253356934,0.8913892507553101,-0.38732314109802246,-15.699767112731934,0.939175009727478,-0.3191891610622406,-1.8678982257843018,0.09810817241668701,0.0894436314702034,0.8174430727958679,0.37011653184890747,-0.46187013387680054,-4.892458915710449,3.117008686065674,2.6759376525878906,-5.343198776245117
345,5.029884338378906,-1.2542009353637695,-8.695151329040527,0.9267935156822205,0.6399668455123901,3.824333667755127,1.7901573181152344,-1.8712455034255981,-3.7522945404052734,13.280135154724121,12.482524871826172,-4.0771026611328125,-2.0927302837371826,-0.6201120018959045,-0.5388193130493164,-4.799860000610352,-2.48063063621521,1.7275766134262085,2.2861247062683105,-3.0472476482391357,-15.695538520812988,0.5436388850212097,-0.4893360435962677,-15.698424339294434,0.9551205635070801,-0.2667236626148224,-1.900317668914795,0.2838155925273895,0.19196075201034546,0.747465193271637,0.3518553376197815,-0.3723104000091553,-3.9304466247558594,3.258531332015991,2.698420286178589,-4.910981178283691
346,4.419827938079834,-0.8781697750091553,-8.612008094787598,1.531363606452942,0.9432371258735657,3.285613775253296,1.5103412866592407,-1.5409704446792603,-3.106593132019043,13.703872680664062,12.664087295532227,-3.8562090396881104,-1.3340544700622559,-0.7185857892036438,-0.6166495084762573,-4.503108501434326,-2.7797000408172607,1.9555079936981201,2.2199485301971436,-3.8246164321899414,-15.699468612670898,0.03703045845031738,-0.4486715793609619,-15.69927978515625,0.7721236944198608,-0.1285623461008072,-1.8345459699630737,0.3345257341861725,0.21083015203475952,0.626818835735321,0.2871677279472351,-0.30276423692703247,-2.7215065956115723,3.2925586700439453,2.7696006298065186,-4.309419631958008
347,3.7544476985931396,-0.28816869854927063,-8.4590482711792,2.063765048980713,1.2298003435134888,2.71799373626709,1.2336387634277344,-1.3311610221862793,-2.239710807800293,14.268177032470703,12.903717994689941,-3.533132791519165,-0.5975161194801331,-0.6894126534461975,-0.6102755069732666,-3.919398546218872,-2.9653048515319824,2.0493955612182617,2.235745668411255,-4.5482306480407715,-15.675734519958496,-0.23344562947750092,-0.5233007669448853,-15.685066223144531,0.6515095233917236,0.02114693634212017,-1.7914540767669678,0.4234401285648346,0.2593504786491394,0.5061387419700623,0.22619932889938354,-0.2800324559211731,-1.585456371307373,3.3635880947113037,2.8690361976623535,-3.6308178901672363
348,3.0725739002227783,0.5328342318534851,-8.333367347717285,2.1951117515563965,1.5907232761383057,1.9537858963012695,0.6862668395042419,-1.1043305397033691,-1.2852965593338013,14.710623741149902,13.258837699890137,-3.1401851177215576,0.06512892991304398,-0.6193472743034363,-0.5223823189735413,-3.1398489475250244,-2.987483024597168,2.1418068408966064,2.2056140899658203,-5.2109150886535645,-15.678335189819336,-0.42727750539779663,-0.49015119671821594,-15.686100006103516,0.527106523513794,0.21314267814159393,-1.7619624137878418,0.4090742766857147,0.33313482999801636,0.3117207884788513,0.06953304260969162,-0.23049549758434296,-0.5885062217712402,3.4520022869110107,2.9633021354675293,-2.9681012630462646
349,2.620579719543457,1.3763666152954102,-8.475570678710938,2.0175669193267822,1.6773700714111328,0.9169476628303528,0.12191632390022278,-0.5919905304908752,-0.4070058763027191,15.275961875915527,13.572978019714355,-2.636497735977173,0.7330255508422852,-0.48140010237693787,-0.38909995555877686,-2.259507417678833,-3.00244140625,2.1523633003234863,2.241771697998047,-5.7363691329956055,-15.181480407714844,-0.41464492678642273,-0.5542970895767212,-15.683450698852539,0.47533246874809265,0.3809169828891754,-1.8278796672821045,0.3506833612918854,0.3160397410392761,0.049528658390045166,-0.054994530975818634,-0.06519488990306854,0.16277071833610535,3.630037546157837,3.064958095550537,-2.2681095600128174
350,1.9057481288909912,2.0407915115356445,-8.694332122802734,1.9367071390151978,1.6016182899475098,-0.2078266590833664,-0.6255536079406738,0.14732947945594788,2.804021120071411,15.749388694763184,14.008800506591797,-2.041947364807129,1.6169015169143677,-0.3883383274078369,-0.2766464054584503,-1.3551828861236572,-3.4180383682250977,2.0904312133789062,2.25870943069458,-6.01847505569458,-11.211459159851074,-0.26426005363464355,-0.5121836066246033,-15.690114974975586,0.3013497292995453,0.4915238916873932,-1.8803155422210693,0.3575821816921234,0.2823328375816345,-0.19639235734939575,-0.2117484211921692,0.13674505054950714,0.7874342203140259,3.810844898223877,3.191960573196411,-1.5596879720687866
351,0.8591287732124329,2.8504703044891357,-9.120748519897461,2.0202088356018066,2.93243670463562,-0.36094775795936584,-2.110185146331787,1.3595219850540161,8.018255233764648,16.255855560302734,14.389938354492188,-1.3776211738586426,2.6603875160217285,-0.39467665553092957,-0.2533665597438812,-0.4936980605125427,-3.683138132095337,1.9415054321289062,2.35672664642334,-5.853286266326904,-2.0375146865844727,0.21703144907951355,-0.6076570749282837,-15.693532943725586,0.04219184070825577,0.6748315095901489,-2.007870674133301,0.40519478917121887,0.6885024905204773,-0.0866515040397644,-0.5795908570289612,0.3618747591972351,1.5564732551574707,4.077854633331299,3.32023024559021,-0.8682920932769775
352,0.17026124894618988,3.0873937606811523,-10.010543823242188,2.8530378341674805,6.860512733459473,0.26620930433273315,-4.265570163726807,4.579858779907227,11.356860160827637,16.78668785095215,14.734618186950684,-0.33040839433670044,3.5158650875091553,-0.5571735501289368,-0.3477155566215515,0.5076112747192383,-2.397461414337158,1.7513142824172974,2.5515894889831543,-4.498876094818115,10.161015510559082,0.7768808603286743,-0.6883955597877502,-15.696761131286621,-0.05880000442266464,0.6446014642715454,-2.3067517280578613,0.6826702356338501,1.7649332284927368,0.13989710807800293,-1.075270652770996,1.1493960618972778,3.151111364364624,4.5556864738464355,3.378863573074341,0.3371972143650055
353,1.27534019947052,7.14169454574585,-11.188091278076172,2.032275915145874,-0.7877479791641235,-0.17092618346214294,-4.191787242889404,7.357715606689453,6.098361015319824,17.05137062072754,15.350703239440918,7.3673481941223145,4.614595413208008,-0.31532326340675354,-0.11719145625829697,0.8868775963783264,-3.546337842941284,1.5849343538284302,2.2119104862213135,-3.857051372528076,15.689467430114746,0.8655765652656555,-0.3619869351387024,-7.3113837242126465,0.4578770101070404,2.0521528720855713,-2.685391426086426,0.31525102257728577,-1.1211050748825073,-0.09179621934890747,-0.767373263835907,1.6919163465499878,3.1386497020721436,4.872575759887695,3.6185922622680664,1.6439749002456665
354,0.5472447276115417,8.491583824157715,-10.839555740356445,2.245774984359741,-1.789470911026001,-2.2535104751586914,-6.655613422393799,5.194128036499023,3.1299095153808594,17.102609634399414,15.16407585144043,9.328655242919922,5.1856818199157715,0.11811211705207825,0.21564516425132751,1.2547475099563599,-4.636852264404297,1.6661419868469238,1.898271918296814,-4.138553619384766,15.66959285736084,-0.01131528615951538,-0.2077423483133316,2.814399003982544,0.022910036146640778,1.974819302558899,-2.282015323638916,0.49755004048347473,-0.5647329092025757,-0.6971259713172913,-1.6117857694625854,0.6860814690589905,3.781802177429199,4.731739044189453,3.5267670154571533,1.812888741493225
355,-0.2301357239484787,7.653692245483398,-9.843586921691895,2.2676069736480713,0.9267948865890503,-1.9309629201889038,-6.107038974761963,4.4600348472595215,3.3514883518218994,17.887479782104492,15.570388793945312,7.72005033493042,5.307452201843262,0.4060068726539612,0.4442034065723419,1.6588997840881348,-4.681893825531006,1.580593466758728,1.3475826978683472,-4.109607696533203,15.680503845214844,-0.33305639028549194,0.2258329689502716,11.047621726989746,-0.151668518781662,1.4886707067489624,-1.904794692993164,0.48190322518348694,0.5405257940292358,-0.3249732255935669,-1.1083455085754395,0.6981818079948425,3.873293876647949,4.691709995269775,3.813943386077881,2.2360899448394775
356,-2.173736572265625,6.982769012451172,-8.460573196411133,0.7529884576797485,1.9358664751052856,-3.030763626098633,-3.897526502609253,3.40828275680542,3.3683412075042725,17.716821670532227,15.333523750305176,5.036133766174316,4.473146438598633,0.4291016459465027,0.4252687394618988,1.64167320728302,-4.286500930786133,1.7175623178482056,1.1244614124298096,-3.848013162612915,15.700003623962402,-0.8040928840637207,0.53644198179245,15.360588073730469,-0.5929171442985535,1.372641682624817,-1.527651071548462,-0.0498652458190918,0.4527459144592285,-0.7215082049369812,-0.47919124364852905,0.4784699082374573,3.714796543121338,4.3533735275268555,3.7485454082489014,2.8381407260894775
357,-2.4777050018310547,5.966129302978516,-7.435267448425293,0.0924476608633995,1.7624965906143188,-5.0573344230651855,-1.9364819526672363,2.2714450359344482,3.281580924987793,17.159208297729492,15.507872581481934,3.145427703857422,3.4133589267730713,0.3109184801578522,0.3315962553024292,1.7955892086029053,-3.9246878623962402,2.005833387374878,0.9730291962623596,-3.3408031463623047,15.700006484985352,-1.179992437362671,0.7422532439231873,15.386115074157715,-0.4742610454559326,1.0929902791976929,-1.369727611541748,-0.07366693019866943,0.29126429557800293,-1.2387444972991943,-0.12487620860338211,0.2717819809913635,3.5000834465026855,3.859323501586914,3.986377000808716,3.5072267055511475
358,-2.199434280395508,5.296088695526123,-6.659377574920654,-0.44936132431030273,1.889744758605957,-5.779353141784668,-1.1051323413848877,2.0791008472442627,3.2163872718811035,16.402484893798828,15.674748420715332,3.453436851501465,2.4526898860931396,0.278830885887146,0.2808643579483032,1.834346055984497,-3.5313944816589355,1.908072829246521,0.9616258144378662,-2.927043914794922,15.700014114379883,-1.0383485555648804,0.8248438239097595,15.424060821533203,-0.3716281056404114,0.9912401437759399,-1.2464710474014282,-0.15444770455360413,0.3522077798843384,-1.1931724548339844,-0.10796160250902176,0.3559468388557434,3.4082562923431396,3.4898462295532227,4.098089694976807,3.8036816120147705
359,-1.0343708992004395,4.169375896453857,-6.201728343963623,-0.7701753377914429,1.9506698846817017,-5.7304863929748535,-1.246466875076294,1.3893544673919678,3.1724047660827637,15.223408699035645,15.545312881469727,3.5474154949188232,1.8596488237380981,0.2631600499153137,0.29251307249069214,1.8535767793655396,-3.168015718460083,1.9737433195114136,1.0393311977386475,-2.7680070400238037,15.700017929077148,-0.9295421838760376,0.7621957063674927,15.459614753723145,-0.05542515963315964,0.694277286529541,-1.194990873336792,-0.18553295731544495,0.35974669456481934,-1.0931494235992432,-0.2601545453071594,0.17263229191303253,3.3639888763427734,3.164060115814209,3.967557668685913,3.7854368686676025
360,-0.36755141615867615,3.849061965942383,-5.866894245147705,-1.0820002555847168,2.1158828735351562,-5.356558322906494,-1.5807666778564453,1.4740352630615234,3.173731565475464,14.19522476196289,15.505086898803711,3.6032910346984863,1.4757167100906372,0.3065299987792969,0.3081281781196594,1.8453260660171509,-2.7953011989593506,1.7657575607299805,1.0607376098632812,-2.6100986003875732,15.700013160705566,-0.6213898658752441,0.7727225422859192,15.489603042602539,0.01213664561510086,0.7392587661743164,-1.1393629312515259,-0.2431703507900238,0.40636152029037476,-0.9706957340240479,-0.348924458026886,0.28147250413894653,3.4107918739318848,2.916944980621338,3.924560070037842,3.8771188259124756
361,0.11784599721431732,3.3915627002716064,-5.50772762298584,-1.6183844804763794,1.5349831581115723,-4.860227584838867,-1.979210376739502,1.379239797592163,3.1930437088012695,13.246606826782227,15.275365829467773,3.665616989135742,1.2018049955368042,0.3016524314880371,0.33177661895751953,1.7011232376098633,-2.6095173358917236,1.8092936277389526,1.130820393562317,-2.4984891414642334,15.700002670288086,-0.5279210209846497,0.701616108417511,15.509207725524902,0.08747253566980362,0.6281306743621826,-1.0602058172225952,-0.3731836676597595,0.2130756378173828,-0.8698435425758362,-0.43478065729141235,0.24329181015491486,3.457819700241089,2.7501237392425537,3.8063652515411377,4.022710800170898
362,0.21735519170761108,3.425114393234253,-5.30164098739624,-1.8758870363235474,1.1425758600234985,-4.552279949188232,-2.155351400375366,1.4227774143218994,3.250901937484741,12.457125663757324,15.168444633483887,3.7550127506256104,0.9655430316925049,0.2940511405467987,0.30460456013679504,1.5057927370071411,-2.54229998588562,1.685545802116394,1.112381100654602,-2.397336959838867,15.700002670288086,-0.3930439352989197,0.7295711040496826,15.522989273071289,0.05894503742456436,0.7015661001205444,-1.0375571250915527,-0.3894158899784088,0.16326701641082764,-0.8277177214622498,-0.43879538774490356,0.26897865533828735,3.5863466262817383,2.5588321685791016,3.7601101398468018,4.2297587394714355
363,0.2937965393066406,3.3726022243499756,-5.087156772613525,-2.2026658058166504,0.6394204497337341,-4.268974304199219,-2.213367462158203,1.364316463470459,3.329632043838501,11.748723030090332,14.938982963562012,3.8596346378326416,0.7417786717414856,0.2573622465133667,0.30409565567970276,1.2411222457885742,-2.5994458198547363,1.7730443477630615,1.1416444778442383,-2.319146156311035,15.700013160705566,-0.42868390679359436,0.6979313492774963,15.53266429901123,0.0709972158074379,0.6786643266677856,-0.9941160678863525,-0.464004248380661,0.05635297670960426,-0.7821176052093506,-0.43576472997665405,0.24628467857837677,3.734379291534424,2.414867639541626,3.673084020614624,4.461621284484863
364,0.13604499399662018,3.509352207183838,-5.02114200592041,-2.207143783569336,0.5724165439605713,-4.36290979385376,-2.2274911403656006,1.0578486919403076,3.414823532104492,11.0333833694458,14.792499542236328,3.959782600402832,0.5132960677146912,0.23150436580181122,0.2578696608543396,1.0029921531677246,-2.6719095706939697,1.711714506149292,1.0903913974761963,-2.3278017044067383,15.700008392333984,-0.42288511991500854,0.7434744238853455,15.54606819152832,0.006023027002811432,0.7316079139709473,-1.000316858291626,-0.4280630946159363,0.09703517705202103,-0.8433251976966858,-0.43197864294052124,0.15896256268024445,3.8835034370422363,2.2151131629943848,3.6205625534057617,4.670323371887207
365,0.13030515611171722,3.3546669483184814,-4.83403205871582,-2.38431715965271,0.4899636209011078,-4.413207054138184,-2.197366952896118,0.743943452835083,3.497647285461426,10.366693496704102,14.591795921325684,4.042428970336914,0.2873941957950592,0.1953325718641281,0.2606007158756256,0.7447474598884583,-2.7535524368286133,1.8196172714233398,1.1112676858901978,-2.4013984203338623,15.700000762939453,-0.5114181637763977,0.7218791246414185,15.559035301208496,0.025591202080249786,0.6592297554016113,-0.9474976062774658,-0.4882599413394928,0.07975823432207108,-0.851756751537323,-0.421832799911499,0.09923823177814484,4.024622440338135,2.0677285194396973,3.562826633453369,4.854015350341797
366,0.2502657473087311,3.378040313720703,-4.823570251464844,-2.5116302967071533,0.5424670577049255,-4.679072380065918,-2.1518819332122803,0.32718679308891296,3.5689749717712402,9.644220352172852,14.520928382873535,4.10544490814209,0.11468882858753204,0.18620388209819794,0.22203072905540466,0.5072678327560425,-2.8167052268981934,1.7552800178527832,1.044995903968811,-2.5691893100738525,15.70000171661377,-0.5137579441070557,0.774925947189331,15.58017349243164,0.06655512005090714,0.6874737739562988,-0.9684710502624512,-0.5113464593887329,0.10568267852067947,-0.9258040189743042,-0.41005223989486694,0.008932068943977356,4.139462947845459,1.8746213912963867,3.5507094860076904,4.994544982910156
367,0.5795887112617493,3.2297778129577637,-4.711933612823486,-2.828680992126465,0.459458589553833,-4.6753387451171875,-2.1067192554473877,-0.07146303355693817,3.6255576610565186,9.04596996307373,14.436996459960938,4.1398515701293945,0.013651080429553986,0.1867959201335907,0.2545216977596283,0.24787068367004395,-2.8847103118896484,1.8377095460891724,1.0757615566253662,-2.805069923400879,15.700013160705566,-0.5688871145248413,0.7461485862731934,15.596217155456543,0.1603068709373474,0.6337600946426392,-0.9336098432540894,-0.6037677526473999,0.07378668338060379,-0.8949225544929504,-0.40296024084091187,-0.06645004451274872,4.226417064666748,1.7646112442016602,3.5452425479888916,5.089653968811035
368,0.864479124546051,3.257352828979492,-4.735559463500977,-2.983989953994751,0.4397425651550293,-4.825836658477783,-2.1460537910461426,-0.4165216088294983,3.6698126792907715,8.492362022399902,14.499436378479004,4.161377429962158,-0.007120497990399599,0.21814416348934174,0.24669736623764038,0.017756495624780655,-2.9490966796875,1.7395399808883667,1.0048437118530273,-3.103889226913452,15.700003623962402,-0.5234078168869019,0.7934958934783936,15.616151809692383,0.21085771918296814,0.6636220216751099,-0.9545373916625977,-0.6191900968551636,0.0777495875954628,-0.9393325448036194,-0.42031294107437134,-0.1427352875471115,4.295064926147461,1.640231966972351,3.579585552215576,5.1507954597473145
369,0.9703794717788696,3.1579322814941406,-4.591011047363281,-3.2201485633850098,0.3529977798461914,-4.649621963500977,-2.1384284496307373,-0.7502893209457397,3.709425210952759,8.126131057739258,14.54151439666748,4.168628692626953,-0.014268588274717331,0.25563737750053406,0.31009143590927124,-0.22832247614860535,-3.0149433612823486,1.7799795866012573,1.0470468997955322,-3.436347007751465,15.700008392333984,-0.5156450867652893,0.7577982544898987,15.627350807189941,0.20820322632789612,0.6269959211349487,-0.9027218818664551,-0.6828995943069458,0.05366388335824013,-0.8685295581817627,-0.41458719968795776,-0.21776346862316132,4.366074085235596,1.5975713729858398,3.6159474849700928,5.1982526779174805
370,1.1663941144943237,3.097229242324829,-4.594862937927246,-3.3158698081970215,0.28369295597076416,-4.650407314300537,-2.185457229614258,-1.0412664413452148,3.744680166244507,7.750152111053467,14.674917221069336,4.17954683303833,-0.4898211658000946,0.4720146358013153,0.4257362484931946,-0.16685530543327332,1.5976611375808716,1.785030484199524,0.8492652177810669,-3.9721879959106445,-0.0017046576831489801,-0.7768316268920898,0.8507265448570251,14.944153785705566,0.2595238983631134,0.6207051873207092,-0.9204334020614624,-0.6895431280136108,0.04308948293328285,-0.8879217505455017,-0.4292735457420349,-0.28061312437057495,4.430375099182129,1.5129024982452393,3.6610944271087646,5.245656967163086
371,-0.4579028785228729,3.1283187866210938,-4.289445877075195,-5.329477310180664,1.335592269897461,-3.9523932933807373,-1.9896894693374634,-1.8510328531265259,16.834177017211914,6.544614315032959,14.492897987365723,4.952633380889893,-0.5287704467773438,0.5923356413841248,0.6307346820831299,0.7997925281524658,1.7902199029922485,1.604791522026062,0.6658262610435486,1.5457146167755127,-0.00041167804738506675,-0.46730291843414307,1.1299775838851929,-0.8201498985290527,-0.3110581040382385,0.6469394564628601,-0.8114399909973145,-1.3791676759719849,0.43702566623687744,-0.6626297831535339,-0.36415866017341614,-0.5566747784614563,4.131331920623779,1.1131322383880615,3.5691306591033936,5.734117031097412
372,-6.36884880065918,-0.9831035137176514,-4.952948570251465,0.6108683943748474,2.852269172668457,-5.27491569519043,-2.7437667846679688,3.336859941482544,15.746739387512207,7.35764217376709,12.791412353515625,19.54543685913086,-1.5087978839874268,0.7304463386535645,0.7963423132896423,0.8008865118026733,2.245833396911621,1.1016225814819336,0.2720148265361786,1.2605226039886475,-0.0003557532327249646,0.24175024032592773,1.62955641746521,-0.04546701908111572,-2.2578752040863037,-0.7514697313308716,-1.071324348449707,0.935916543006897,0.8313823342323303,-1.1970515251159668,-0.6407232284545898,1.5063680410385132,3.557389259338379,1.6176300048828125,2.786583662033081,4.933192729949951
373,-0.8025802373886108,-2.4174156188964844,-4.142242908477783,-2.821505546569824,6.348750114440918,-5.4428558349609375,-7.52032995223999,6.379541873931885,15.728894233703613,6.5776591300964355,10.23110294342041,17.402301788330078,-1.6212304830551147,0.8122230768203735,0.8119546175003052,0.9004253149032593,3.161708354949951,1.0627243518829346,0.21408122777938843,0.3247451186180115,0.015293261967599392,0.15853717923164368,1.6676850318908691,1.601763367652893,0.5857333540916443,-0.6625163555145264,-0.7035282254219055,-1.0153021812438965,1.9941599369049072,-1.1022813320159912,-2.292414665222168,1.838881254196167,3.8002541065216064,1.292191505432129,2.0203444957733154,4.064395427703857
374,-0.21339307725429535,-1.3600746393203735,-5.012387275695801,-4.852867126464844,2.6520018577575684,-6.094000339508057,-7.9086713790893555,6.529286861419678,15.136090278625488,4.720345973968506,9.555983543395996,15.57306957244873,-1.4009417295455933,0.5372692942619324,0.6538612842559814,0.6687751412391663,3.014683246612549,1.1281952857971191,-0.17614604532718658,0.20037874579429626,0.0028516636230051517,-0.14209720492362976,2.066746711730957,1.7237170934677124,0.0374782457947731,-0.12679137289524078,-1.1089776754379272,-1.2316253185272217,0.07300857454538345,-1.2936789989471436,-1.6935557126998901,1.3481812477111816,3.4698657989501953,0.7034689784049988,2.1227591037750244,4.1480207443237305
375,0.26358920335769653,-0.8764628171920776,-5.541487693786621,-5.360301494598389,1.9561508893966675,-6.340920925140381,-7.092104911804199,5.958961486816406,14.991228103637695,2.6823456287384033,9.203067779541016,15.460953712463379,-1.0394810438156128,0.3722049593925476,0.4214450418949127,0.5318867564201355,2.4399282932281494,1.364370346069336,-0.5287448763847351,-0.02558337152004242,0.05663720518350601,-0.7868574857711792,2.427995443344116,1.8520011901855469,0.11405003815889359,-0.11047281324863434,-1.1813939809799194,-1.1416093111038208,0.3300652503967285,-1.283433198928833,-1.3682976961135864,1.1414926052093506,3.5131218433380127,0.2536846995353699,2.172883987426758,4.260459899902344
376,1.1844053268432617,-0.5778977870941162,-5.719167232513428,-5.644674301147461,3.062351942062378,-6.743155479431152,-6.292471408843994,5.367079257965088,14.946864128112793,1.1932228803634644,9.076457023620605,15.154949188232422,-0.7026138305664062,-0.11964152753353119,0.030400391668081284,0.02453131228685379,1.681781530380249,1.5891685485839844,-0.6888844966888428,0.1369517743587494,0.27242666482925415,-1.157546043395996,2.6024911403656006,1.6293845176696777,0.3486787974834442,-0.07547380030155182,-1.1811633110046387,-1.173507571220398,0.8294844031333923,-1.373117446899414,-1.2098463773727417,1.0025895833969116,3.545292615890503,0.027604147791862488,2.2268412113189697,4.115847587585449
377,1.3132822513580322,0.14527349174022675,-5.734236240386963,-5.409879207611084,4.181784629821777,-7.47544002532959,-5.359219551086426,4.264632225036621,14.84282112121582,-0.28155744075775146,9.27196979522705,15.05539608001709,-0.6775957345962524,-0.39372149109840393,-0.3463304340839386,-0.3499336540699005,0.6682074069976807,2.1451897621154785,-0.8119077682495117,0.9182121753692627,0.07370162010192871,-1.9067177772521973,2.7383522987365723,0.02285173535346985,0.27544111013412476,0.124373659491539,-1.1817467212677002,-1.0809330940246582,1.0491756200790405,-1.5618078708648682,-0.9885759949684143,0.7185860276222229,3.5789198875427246,-0.25293487310409546,2.353097915649414,3.9717013835906982
378,1.316078543663025,0.140511155128479,-5.117173194885254,-4.411806583404541,6.3486857414245605,-8.343689918518066,-4.545790672302246,3.025758981704712,15.192147254943848,-2.8713345527648926,9.304574966430664,15.985677719116211,-1.1257668733596802,-1.0346345901489258,-0.8825262784957886,-0.8959035277366638,1.861814260482788,0.9632852673530579,-0.974303662776947,0.8382548689842224,-2.435570001602173,-2.795497179031372,2.8928918838500977,0.07844901084899902,0.2581838369369507,0.026939494535326958,-0.9755582809448242,-0.7740944623947144,1.6368200778961182,-1.7226710319519043,-0.8346334099769592,0.4706721901893616,3.6812195777893066,-1.0341174602508545,2.3489224910736084,3.8120858669281006
379,0.2611024081707001,-1.755851149559021,-2.207631826400757,-1.760807991027832,5.975712299346924,-5.635384559631348,-4.310844421386719,2.5969667434692383,16.511856079101562,-5.921697616577148,8.600919723510742,15.193652153015137,-1.7369145154953003,-1.4151424169540405,-1.5083348751068115,-1.4795273542404175,2.5522103309631348,2.7039620876312256,-0.8522855043411255,0.957463800907135,-3.585426092147827,-11.570406913757324,2.9207749366760254,-0.017148353159427643,-0.08772771805524826,-0.628327488899231,-0.06787791103124619,-0.009781599044799805,1.2888920307159424,-0.7890593409538269,-0.871977686882019,0.47594529390335083,3.3450515270233154,-1.9796100854873657,2.030799627304077,3.4674036502838135
380,-0.009895275346934795,-3.1244099140167236,-0.616328775882721,2.4971559047698975,5.7891411781311035,-1.6134501695632935,-5.561287879943848,0.8112723231315613,16.05874252319336,-6.573517799377441,7.279908180236816,13.91487979888916,-1.9646936655044556,-1.614917516708374,-1.8656675815582275,-1.7520321607589722,2.525397539138794,3.498721122741699,-0.7543284296989441,1.629927158355713,-3.2354841232299805,-15.432098388671875,2.82834529876709,-1.1377414464950562,-0.0370597168803215,-0.8598695993423462,0.08697090297937393,1.0526171922683716,1.2906968593597412,0.23479342460632324,-1.3496917486190796,-0.0768796056509018,2.8967318534851074,-7.063668251037598,1.5542898178100586,2.928764581680298
381,-1.4295133352279663,-2.146540880203247,-1.3993163108825684,4.399439811706543,5.797338008880615,-1.8845432996749878,-6.425539970397949,2.336460828781128,15.58715534210205,-4.522773265838623,6.804457187652588,13.569693565368652,-1.8369641304016113,-1.619842529296875,-1.6929235458374023,-1.6948602199554443,2.230802297592163,2.9787702560424805,-0.9206044673919678,1.3377834558486938,-2.573882818222046,-15.639155387878418,3.254159450531006,-0.6148788928985596,-0.5103752613067627,-0.3194294273853302,-0.4117982089519501,1.0874594449996948,1.2980566024780273,-0.3661114573478699,-1.4809292554855347,0.717199981212616,3.0120275020599365,-8.502331733703613,1.5590217113494873,2.6853346824645996
382,-1.3668395280838013,-1.8756725788116455,-0.9493710398674011,3.9606971740722656,6.538568019866943,-1.0531619787216187,-7.502274513244629,3.391247272491455,15.36768627166748,-4.670497894287109,5.188291072845459,12.945747375488281,-1.6905696392059326,-1.499434471130371,-1.7153615951538086,-1.570944905281067,1.9402964115142822,2.5195794105529785,-1.0097923278808594,1.1255161762237549,-1.9955157041549683,-15.659489631652832,3.285484790802002,-0.20324066281318665,-0.28165099024772644,-0.3590499460697174,-0.13645055890083313,0.7006745338439941,1.5656659603118896,-0.09434717893600464,-1.7815916538238525,0.863206684589386,3.15071177482605,-8.386587142944336,1.0239126682281494,2.7511355876922607
383,-1.910941481590271,-2.578218698501587,-0.834939181804657,3.999328136444092,5.569766044616699,-0.9249792695045471,-8.079418182373047,3.2437469959259033,14.980283737182617,-4.771280765533447,3.9202098846435547,12.480585098266602,-1.5790307521820068,-1.5590263605117798,-1.5547630786895752,-1.496520757675171,1.946683406829834,2.061441659927368,-1.070326328277588,1.0536525249481201,-1.8756076097488403,-15.63625431060791,3.528607130050659,-0.05516581982374191,-0.48248282074928284,-0.6441513299942017,-0.16106879711151123,0.7739626169204712,1.0605617761611938,-0.15679246187210083,-1.8438773155212402,0.6542460322380066,3.11316180229187,-8.155881881713867,0.7430101037025452,2.7083845138549805
384,-2.5470473766326904,-2.9542758464813232,-0.65388423204422,4.479980945587158,5.287235736846924,-0.25380706787109375,-9.023564338684082,3.4290919303894043,14.829971313476562,-4.813282012939453,2.6338140964508057,12.188905715942383,-1.414881706237793,-1.6450316905975342,-1.641237497329712,-1.3794869184494019,1.8927428722381592,1.7507290840148926,0.17601540684700012,1.274323582649231,-1.5870407819747925,-15.688093185424805,-0.4630652666091919,-0.31422802805900574,-0.6298092007637024,-0.6815016269683838,-0.11180121451616287,0.9276657104492188,1.110694169998169,0.034625351428985596,-2.1408252716064453,0.7412797808647156,3.0807056427001953,-7.770744800567627,0.4415040612220764,2.6548912525177
385,-3.8075644969940186,-3.974001884460449,-0.4472614824771881,4.38229513168335,4.979310035705566,-0.10699006170034409,-9.619380950927734,3.3333184719085693,14.346269607543945,-4.71874475479126,-1.0016107559204102,11.881255149841309,-1.44911527633667,-2.130683183670044,-1.559361219406128,-1.3579782247543335,1.8153355121612549,1.369642972946167,-1.6867914199829102,1.2168681621551514,-1.3805404901504517,-15.668893814086914,-0.017655927687883377,-0.1908719688653946,-0.9876680970191956,-1.0006797313690186,-0.06575619429349899,0.8364323377609253,1.033787488937378,-0.0020312070846557617,-2.0634031295776367,0.6913720965385437,2.9616901874542236,-7.31180477142334,-0.7747859358787537,2.4875266551971436
386,-4.913716793060303,-3.6010940074920654,0.29719170928001404,3.7339699268341064,5.075650691986084,-0.7562018036842346,-8.072331428527832,2.5155727863311768,14.24714183807373,-4.694906234741211,-3.5371041297912598,11.201539039611816,-1.4356101751327515,-2.566362142562866,-1.5312739610671997,-1.370030164718628,1.7114620208740234,0.8195211291313171,-2.5986266136169434,1.3285316228866577,-1.123618245124817,-15.675317764282227,-1.9266471862792969,-0.3151330053806305,-1.2143514156341553,-0.7372971773147583,0.15731734037399292,0.6360818147659302,1.1123253107070923,-0.22779357433319092,-1.6387182474136353,0.41080451011657715,3.031140089035034,-7.05384635925293,-1.061035394668579,2.3081765174865723
387,-6.3588361740112305,-2.9934418201446533,0.8730567693710327,4.0149664878845215,5.587436676025391,-0.8638566732406616,-6.7942914962768555,1.9513707160949707,14.09028434753418,-4.620687007904053,-5.521667003631592,10.562990188598633,-1.3275028467178345,-2.8056981563568115,-1.694189190864563,-1.2594181299209595,1.6194767951965332,0.21580465137958527,-1.6114740371704102,1.341119408607483,-0.8424116373062134,-15.68781566619873,-9.068987846374512,-0.2783399224281311,-1.5961254835128784,-0.5769764184951782,0.23946377635002136,0.811661958694458,1.2857136726379395,-0.18397530913352966,-1.37661612033844,0.33149975538253784,3.0306272506713867,-6.6658220291137695,-1.6258692741394043,2.120077610015869
388,-8.427690505981445,-2.614962577819824,2.177339792251587,4.9678053855896,5.860933780670166,-1.4085502624511719,-4.8570733070373535,2.2084970474243164,14.03144359588623,-4.539060115814209,-6.700300693511963,10.590155601501465,-1.2164486646652222,-2.9717917442321777,-1.6493027210235596,-1.186995267868042,1.5041143894195557,-0.524604082107544,-0.5266108512878418,1.4244592189788818,-0.4501621723175049,-15.698375701904297,-15.690945625305176,-0.25083935260772705,-2.195399761199951,-0.5271269083023071,0.5792486071586609,1.096898078918457,1.3075494766235352,-0.3547183871269226,-0.7247918248176575,0.5001783967018127,3.088991641998291,-6.378356456756592,-4.018428802490234,2.2532458305358887
389,-10.400189399719238,-1.583017110824585,2.5067501068115234,6.472455978393555,6.469450950622559,-1.3134636878967285,-2.8696417808532715,2.172123670578003,14.161089897155762,-4.4231390953063965,-3.6989855766296387,11.02243423461914,-1.0695027112960815,-2.829402446746826,-1.1594717502593994,-0.9980705380439758,1.418917179107666,-1.2656482458114624,-1.2933681011199951,1.4733893871307373,-0.04082653298974037,-15.698028564453125,-15.693883895874023,-0.1304817795753479,-2.69948148727417,-0.20109738409519196,0.5194389224052429,1.4876248836517334,1.492215871810913,-0.25938040018081665,-0.2897043824195862,0.4532092213630676,3.2598466873168945,-5.911269664764404,-5.999948978424072,2.4322164058685303
390,-10.060250282287598,-1.115420937538147,0.9944186210632324,6.650106906890869,7.515890121459961,-0.2894258201122284,-1.849061131477356,1.0162127017974854,13.734885215759277,-4.198685169219971,-3.9064700603485107,10.889044761657715,-0.8772801160812378,-2.566190004348755,-0.9728019833564758,-0.8495065569877625,1.1825312376022339,-1.7835760116577148,-1.8676210641860962,1.6272869110107422,0.5387556552886963,-15.699787139892578,-15.688467025756836,-0.1936464160680771,-2.174860954284668,-0.17627491056919098,0.002307213842868805,1.3513524532318115,1.8050847053527832,0.07753199338912964,-0.2548442482948303,0.05217106640338898,3.1079676151275635,-5.0471978187561035,-5.0320353507995605,2.328136920928955
391,-10.439096450805664,-0.5630064606666565,1.0273079872131348,6.1973652839660645,7.068848133087158,-0.2265547215938568,-1.626348614692688,0.7531728148460388,13.044211387634277,-3.9598729610443115,-3.864919424057007,10.440105438232422,-0.7531803250312805,-2.1485042572021484,-0.7961375117301941,-0.6705557107925415,1.2762068510055542,-2.2960703372955322,-2.425478458404541,1.682327389717102,0.685741126537323,-15.697763442993164,-15.693341255187988,-0.07242844998836517,-2.3773183822631836,-0.04100765660405159,0.20417246222496033,1.1747289896011353,1.4447959661483765,-0.039991915225982666,-0.32086485624313354,0.12296535074710846,2.986583948135376,-4.498149394989014,-4.544198036193848,2.141044855117798
392,-10.668231964111328,-0.20216813683509827,0.737148106098175,5.7055816650390625,5.830197811126709,-0.39523622393608093,-1.4069057703018188,0.026733769103884697,12.823864936828613,-3.725277900695801,-3.655602216720581,9.614340782165527,-0.5821774005889893,-1.681079626083374,-0.7220697999000549,-0.5511847138404846,1.1705251932144165,-2.8616278171539307,-2.9688289165496826,1.7799575328826904,1.0211119651794434,-15.698261260986328,-15.693077087402344,-0.06836030632257462,-2.4033396244049072,0.009494645521044731,0.1067165806889534,1.0751497745513916,1.0663163661956787,-0.11053544282913208,-0.27920717000961304,-0.09673731029033661,2.983997344970703,-4.047698974609375,-3.9556291103363037,1.9137336015701294
393,-10.802088737487793,0.0008229945669882,0.6790217161178589,5.375807762145996,4.955033302307129,-0.4739679992198944,-0.9868531227111816,-0.46509650349617004,12.476502418518066,-3.479301929473877,-3.3367550373077393,8.950879096984863,-0.48019424080848694,-1.1302645206451416,-0.6910501718521118,-0.3954733610153198,1.2502217292785645,-3.4467239379882812,-3.438807725906372,1.8362524509429932,1.1474134922027588,-15.6976957321167,-15.692164421081543,0.02794875204563141,-2.4021782875061035,0.02928791753947735,0.12531399726867676,1.0318090915679932,0.9182354807853699,-0.11756199598312378,-0.16098123788833618,-0.15020285546779633,2.944455146789551,-3.625399112701416,-3.3287556171417236,1.7761858701705933
394,-10.886343955993652,0.04077114164829254,0.8369233012199402,4.7981719970703125,3.505566120147705,-0.2589022219181061,-0.20451021194458008,-1.098781704902649,12.319950103759766,-3.162930488586426,-2.9082891941070557,8.280777931213379,-0.3464089035987854,-0.5852391719818115,-0.6919816136360168,-0.31689777970314026,1.1642407178878784,-3.949310302734375,-3.7563395500183105,1.9050326347351074,1.468416690826416,-15.696919441223145,-15.698014259338379,0.06321918219327927,-2.4100868701934814,0.012994630262255669,0.18439266085624695,0.8850803375244141,0.5340443849563599,-0.027626216411590576,0.06902080029249191,-0.287007212638855,2.932217597961426,-3.0892748832702637,-2.6546471118927,1.6379494667053223
395,-10.94215202331543,-0.03524002432823181,1.1831046342849731,4.240530490875244,2.2197787761688232,-0.11638382822275162,1.3090503215789795,-1.750182032585144,12.160847663879395,-2.763546943664551,-2.3496479988098145,7.788726806640625,-0.2675424814224243,-0.016984833404421806,-0.6760803461074829,-0.18419986963272095,1.2355979681015015,-4.380814075469971,-3.7351160049438477,2.001448154449463,1.587221384048462,-15.696881294250488,-15.691435813903809,0.0830443948507309,-2.4047858715057373,-0.01721908338367939,0.2767396867275238,0.7742522954940796,0.28237247467041016,-0.005669057369232178,0.41983550786972046,-0.4116373658180237,2.973360538482666,-2.504887104034424,-1.9174437522888184,1.552953839302063
396,-11.049771308898926,-0.3314020037651062,1.631026029586792,3.9994633197784424,1.0717723369598389,-0.06452231854200363,2.6432747840881348,-2.7097480297088623,12.318188667297363,-2.2625503540039062,-1.6989701986312866,7.550647735595703,-0.16995596885681152,0.43873411417007446,-0.6208979487419128,-0.15534277260303497,1.1420245170593262,-4.770855903625488,-3.398393392562866,2.07877254486084,1.9647629261016846,-15.694355010986328,-15.700373649597168,0.1111949160695076,-2.437731981277466,-0.10575570166110992,0.3783448338508606,0.7724117040634155,0.06467563658952713,-0.0073094964027404785,0.6324411034584045,-0.6312345862388611,3.088381290435791,-1.8618015050888062,-1.1819872856140137,1.538228154182434
397,-11.23102855682373,-0.8358074426651001,1.9387176036834717,3.8750813007354736,0.44652101397514343,0.3543892204761505,3.4251461029052734,-3.682882785797119,12.31503677368164,-1.6875718832015991,-0.99554842710495,7.448632717132568,-0.17890875041484833,0.6538753509521484,-0.5563588738441467,-0.11868607997894287,1.152888536453247,-4.960421562194824,-2.8628735542297363,2.2846951484680176,2.1467061042785645,-15.693265914916992,-15.694540023803711,-0.0535062700510025,-2.487243175506592,-0.23057283461093903,0.42161253094673157,0.7616411447525024,0.005689983256161213,0.1120573878288269,0.7178896069526672,-0.8176998496055603,3.1758594512939453,-1.2225008010864258,-0.4876083731651306,1.5384643077850342
398,-11.217045783996582,-1.1407678127288818,2.0732271671295166,3.2505383491516113,-0.23599418997764587,0.584822416305542,3.7854256629943848,-4.903162956237793,12.544334411621094,-1.0247656106948853,-0.2983880937099457,7.435803413391113,-0.23756638169288635,0.5828667879104614,-0.5151862502098083,-0.24069324135780334,1.0511343479156494,-5.057812690734863,-2.2218680381774902,2.443899393081665,2.534597635269165,-15.284893035888672,-15.697696685791016,-0.1864687204360962,-2.457244396209717,-0.2626040279865265,0.426428884267807,0.5679812431335449,-0.13768631219863892,0.12660366296768188,0.7481178641319275,-1.0782833099365234,3.324087619781494,-0.5366490483283997,0.15350759029388428,1.5246474742889404
399,-11.015938758850098,-1.3052282333374023,2.03275203704834,2.8399276733398438,-0.7536777853965759,0.624991774559021,3.729623317718506,-5.834719181060791,12.580528259277344,-0.289814829826355,2.979349136352539,7.3447699546813965,-0.3385830521583557,0.29328158497810364,-0.02047869935631752,-0.28222402930259705,1.0057387351989746,-5.175814628601074,-2.520451307296753,2.6314027309417725,2.6917450428009033,-14.143963813781738,-11.546405792236328,-0.4070528447628021,-2.3814940452575684,-0.27826735377311707,0.3957004249095917,0.5094154477119446,-0.21258847415447235,0.11143690347671509,0.7020346522331238,-1.2177566289901733,3.4282772541046143,0.22153417766094208,0.7459511160850525,1.4843754768371582
400,-10.85808277130127,-0.7124895453453064,0.6997673511505127,2.1841940879821777,-0.7186332941055298,2.7380361557006836,5.784380912780762,-6.168648719787598,12.418886184692383,6.353828430175781,8.46716022491455,7.143592834472656,-0.4629806876182556,-0.54497230052948,0.8370303511619568,-0.4591592848300934,0.6539688110351562,-4.653128623962402,-3.1691911220550537,2.684457778930664,3.5144855976104736,-6.2589898109436035,-1.7046223878860474,-0.32896488904953003,-2.3603217601776123,-0.0644843727350235,-0.03337609022855759,0.34627366065979004,-0.13473664224147797,0.7128387093544006,1.3521591424942017,-1.1965669393539429,3.322329044342041,1.448662519454956,1.6312282085418701,1.403889536857605
401,-8.114347457885742,2.8668737411499023,-1.8610789775848389,0.8047080039978027,0.6683829426765442,11.264837265014648,8.473556518554688,-4.985522747039795,12.177201271057129,8.944289207458496,11.64997673034668,9.853289604187012,-0.2753216624259949,0.026357203722000122,1.7097965478897095,-0.2202593982219696,2.7917065620422363,-0.07360808551311493,-3.2471065521240234,2.5982635021209717,-0.6475919485092163,2.5919504165649414,10.74062442779541,-0.13863494992256165,-1.31618070602417,1.0498305559158325,-0.7019879221916199,-0.024315208196640015,0.32096007466316223,3.4511241912841797,1.9482091665267944,-0.7763879299163818,3.5641226768493652,1.8682781457901,3.3250296115875244,2.5127997398376465
402,-6.886282444000244,4.183605670928955,-2.587733745574951,2.9151132106781006,-6.39094352722168,6.3569746017456055,3.7919769287109375,-4.767592430114746,13.894774436950684,9.077465057373047,5.934830665588379,11.332024574279785,0.12656019628047943,1.159085988998413,1.7903953790664673,0.15409784018993378,2.990323066711426,2.296856641769409,-3.307274341583252,2.0896894931793213,-0.9742228984832764,11.616239547729492,15.651898384094238,0.7059603333473206,-1.2462093830108643,1.036801815032959,-0.5776752233505249,0.868722677230835,-2.185612916946411,0.8212009072303772,0.1187557503581047,-0.8621522784233093,2.8121161460876465,2.8784871101379395,3.264169216156006,2.729187250137329
403,-9.665858268737793,-3.6050238609313965,-0.47608450055122375,3.9342401027679443,-9.232008934020996,-0.304741233587265,5.884902477264404,-6.8237762451171875,12.947345733642578,4.895829677581787,3.2614521980285645,9.819792747497559,-0.5803382396697998,-1.2414225339889526,0.9802119731903076,-0.2374589890241623,2.4923295974731445,1.4353986978530884,-2.144733190536499,2.31308913230896,-1.3975704908370972,15.3391752243042,15.662128448486328,0.08809499442577362,-2.4916858673095703,-1.7983263731002808,0.1767835021018982,0.9448285102844238,-2.159601926803589,-0.952746570110321,1.3467575311660767,-1.6009349822998047,2.5435738563537598,2.764742374420166,3.9725310802459717,2.0054850578308105
404,-11.172844886779785,-2.8737547397613525,-0.0896373987197876,5.079957962036133,-6.801836013793945,-7.606677532196045,5.5396199226379395,-6.465570449829102,12.157269477844238,3.1800193786621094,3.732149600982666,10.58504867553711,-1.4020180702209473,-3.0734124183654785,0.29657164216041565,-0.5704562067985535,1.4436237812042236,-2.3114423751831055,-1.2092735767364502,2.1792726516723633,-0.18766845762729645,15.379741668701172,15.676249504089355,-0.11541464924812317,-2.805941343307495,-0.5386242270469666,0.030977793037891388,1.1767903566360474,-0.9885261654853821,-2.6251349449157715,1.0330663919448853,-1.1744680404663086,2.3123221397399902,3.4618546962738037,4.972559928894043,2.3690006732940674
405,-9.899755477905273,0.7995318174362183,-1.9678235054016113,5.4770684242248535,-1.1462311744689941,-4.521091938018799,3.9102275371551514,-5.765383720397949,11.970865249633789,3.3885388374328613,3.9487338066101074,10.625012397766113,-1.9587360620498657,-3.0448925495147705,-0.3935773968696594,-0.7198161482810974,1.5386005640029907,-4.372622489929199,-0.594086229801178,2.1857798099517822,-0.11341667175292969,15.39340591430664,15.678085327148438,-0.22233551740646362,-2.0655932426452637,0.6454975008964539,-0.6419285535812378,1.1416417360305786,0.474575400352478,-0.6688035130500793,0.5663039088249207,-1.006606101989746,2.7004177570343018,3.608569383621216,5.126591682434082,2.264139413833618
406,-9.574336051940918,3.302790880203247,-2.9494006633758545,4.9747796058654785,-0.8823821544647217,-0.8614098429679871,-0.005398026667535305,-5.58273983001709,11.82497501373291,3.5636465549468994,4.050971031188965,9.7561674118042,-2.269594669342041,-1.9659634828567505,-1.035729169845581,-0.6381259560585022,1.6043685674667358,-4.851933002471924,-0.9216791391372681,2.0178050994873047,-0.08934754133224487,15.382454872131348,15.687573432922363,-0.2001105546951294,-2.171495199203491,0.9144304990768433,-0.7424572706222534,0.9141944646835327,-0.1340237259864807,0.31749770045280457,-0.5049967169761658,-1.0344963073730469,2.566004991531372,3.8388876914978027,5.179332733154297,1.905877947807312
407,-7.860637664794922,2.9973738193511963,-2.1495532989501953,3.9436707496643066,-1.1204320192337036,3.1243653297424316,-0.939030110836029,-5.573537826538086,11.989691734313965,3.766019344329834,4.093336582183838,9.830926895141602,-2.1240198612213135,-0.9501118659973145,-1.410950779914856,-0.5835608839988708,1.6046509742736816,-3.8858096599578857,-1.4359720945358276,2.0446505546569824,-0.08975651860237122,15.34675121307373,15.6874361038208,-0.26018884778022766,-1.519253134727478,0.5403191447257996,-0.34420183300971985,0.6434445381164551,-0.24286425113677979,1.0483031272888184,-0.3226690888404846,-1.0650173425674438,2.6638550758361816,4.167047500610352,5.220773696899414,2.084825038909912
408,-7.12040376663208,3.708155870437622,-2.0387091636657715,3.6485204696655273,-1.9021711349487305,2.4387683868408203,-1.6931082010269165,-5.297088146209717,11.876617431640625,3.9154956340789795,4.134681701660156,10.085710525512695,-1.5684641599655151,0.2744143605232239,-1.631838321685791,-0.3254578113555908,1.484420895576477,-3.3034181594848633,-2.1110246181488037,1.7971316576004028,-0.07043300569057465,15.316924095153809,15.692312240600586,-0.10672396421432495,-1.4658617973327637,0.8316547870635986,-0.4172637164592743,0.6829022169113159,-0.4616132378578186,0.3619367480278015,-0.46499472856521606,-0.9704952836036682,2.5813474655151367,4.2908935546875,5.31199836730957,2.161548376083374
409,-6.200571060180664,2.4049487113952637,-1.5173933506011963,3.445251703262329,-1.5199825763702393,3.3965725898742676,-2.270437002182007,-4.810420513153076,12.39157772064209,3.959648370742798,4.111620903015137,10.345230102539062,-0.7458418607711792,0.9332670569419861,-1.7872819900512695,-0.22605624794960022,1.482149362564087,-2.4950344562530518,-2.882150411605835,1.7456715106964111,-0.15813158452510834,15.268998146057129,15.689130783081055,-0.1262030154466629,-1.1834003925323486,0.3302759528160095,-0.24982929229736328,0.6632839441299438,-0.24227654933929443,0.7382447123527527,-0.579759418964386,-0.8612911105155945,2.8417656421661377,4.206024169921875,5.160016059875488,2.2625889778137207
410,-6.312885761260986,2.1445114612579346,-1.4452892541885376,3.6883161067962646,-1.3163113594055176,1.7763266563415527,-2.2797958850860596,-4.800169467926025,12.962159156799316,3.999553680419922,4.056115627288818,10.734708786010742,-0.17514272034168243,1.5946298837661743,-1.9678518772125244,-0.1113477498292923,2.8414549827575684,-2.246119737625122,-3.517293930053711,1.6926288604736328,-2.5291478633880615,15.3579683303833,15.682441711425781,-0.19346372783184052,-1.3191518783569336,0.4151766002178192,-0.2986600697040558,0.7727084159851074,-0.2252117395401001,0.1387360394001007,-0.5169193148612976,-0.9186154007911682,2.9867327213287354,4.183743476867676,4.951047420501709,2.3650999069213867
411,-7.026422023773193,0.46122732758522034,-0.849863588809967,4.557336330413818,-2.671142578125,0.5501920580863953,-1.9904175996780396,-4.582332134246826,14.57551383972168,3.9015650749206543,3.957263231277466,10.876852035522461,-0.34679216146469116,1.8072950839996338,1.9185250997543335,-0.3340286612510681,2.8683834075927734,-2.144275665283203,-1.5007762908935547,2.3732831478118896,-2.1952242851257324,15.532472610473633,1.7976007461547852,-0.9164061546325684,-1.546212077140808,-0.1327763944864273,-0.09824817627668381,1.0421537160873413,-0.6504276394844055,-0.04805350303649902,-0.4161832332611084,-0.8503429293632507,2.9279446601867676,4.115834712982178,4.645202159881592,2.345806121826172
412,-0.8306637406349182,0.6861436367034912,-6.198497295379639,7.668020725250244,1.0307708978652954,-3.743040084838867,5.608260631561279,-4.914966583251953,14.527027130126953,4.170791149139404,16.887296676635742,12.776525497436523,-0.013022864237427711,2.791008472442627,-0.006126776337623596,-0.02560397982597351,2.270223379135132,-3.5549798011779785,4.979740619659424,1.7374670505523682,-1.1207458972930908,15.67410659790039,-6.738794803619385,-0.0258542001247406,0.6666594743728638,0.17847299575805664,-1.9214668273925781,2.0420236587524414,0.7105780243873596,-1.4565503597259521,2.235806703567505,-0.952985942363739,2.984534740447998,5.690905570983887,5.189472675323486,2.980835199356079
413,-1.5657707452774048,4.477445125579834,-5.164660453796387,7.229372024536133,2.2691380977630615,4.856518745422363,0.444829523563385,0.6610698699951172,15.529549598693848,4.220336437225342,23.91187286376953,13.140563011169434,0.3231862187385559,4.695562362670898,0.36310920119285583,0.34056559205055237,1.8700191974639893,-2.269160509109497,3.7716176509857178,1.4835491180419922,-0.12547951936721802,15.600363731384277,-3.705228328704834,0.6382231116294861,-0.41114890575408936,1.6075741052627563,-0.9580095410346985,1.4399880170822144,0.6706840991973877,2.117759943008423,-0.5369083285331726,0.8504520654678345,3.824625015258789,5.791306495666504,4.502677917480469,3.1429202556610107
414,-2.490434408187866,4.11029577255249,-6.012337684631348,4.382575035095215,0.766311526298523,4.006532669067383,-0.0236018318682909,0.03316701948642731,14.554734230041504,4.390576362609863,18.490142822265625,14.41567325592041,0.3411429524421692,5.816403865814209,0.35617223381996155,0.33278903365135193,1.7701853513717651,-1.317858099937439,4.2404069900512695,1.8341164588928223,0.38049373030662537,15.560150146484375,-4.255800247192383,0.3286550045013428,-0.6159688830375671,0.9792593717575073,-1.3255231380462646,0.5165489912033081,-0.05487709864974022,0.6671974658966064,-0.07806653529405594,-0.08192168176174164,3.3213367462158203,5.93121337890625,3.2515769004821777,3.9290316104888916
415,1.341876745223999,1.4545927047729492,-5.620942115783691,5.040304183959961,1.2442152500152588,0.7834950089454651,0.46095383167266846,-0.32335492968559265,14.124113082885742,4.49146032333374,19.20707130432129,14.500947952270508,0.3886398673057556,6.348235130310059,0.42939677834510803,0.37469229102134705,1.4956166744232178,-1.3256181478500366,4.008591651916504,1.7940412759780884,0.9248557686805725,15.611896514892578,-3.802875518798828,0.4602559208869934,0.7882587313652039,-0.04833771660923958,-1.0781683921813965,1.1290842294692993,0.3322625160217285,-0.2467716932296753,0.18173372745513916,-0.10626403987407684,3.33742094039917,6.048375129699707,3.906377077102661,3.431806802749634
416,0.23206591606140137,-1.1951189041137695,-4.929934501647949,5.5585503578186035,1.9563034772872925,1.766469120979309,0.6284708976745605,-0.3397601246833801,13.715807914733887,4.436497211456299,19.284076690673828,14.270233154296875,0.23965460062026978,5.953536510467529,0.2466835379600525,0.19861268997192383,1.4036245346069336,-1.0441555976867676,4.102934837341309,2.062621831893921,1.2474478483200073,15.601638793945312,-3.7402267456054688,0.11014752089977264,-0.10261707752943039,-0.572197675704956,-0.8899909257888794,1.2235641479492188,0.5119509100914001,0.4654161334037781,0.1702113151550293,-0.06624947488307953,3.3417978286743164,5.894879341125488,4.078577995300293,3.389277696609497
417,1.472095012664795,-1.1753355264663696,-5.664958953857422,5.559227466583252,1.6510344743728638,-0.4916938841342926,1.2689926624298096,-0.4157939553260803,13.45400619506836,4.486644268035889,19.435880661010742,14.206870079040527,0.10403987020254135,5.617671012878418,0.15424180030822754,0.0879640132188797,1.3272353410720825,-1.363878846168518,3.915750741958618,2.0568642616271973,1.2509840726852417,15.525832176208496,-3.4370267391204834,0.06892068684101105,0.46479907631874084,-0.19560162723064423,-1.253809928894043,1.1365498304367065,0.30320489406585693,-0.3963184356689453,0.3940063416957855,-0.08696632087230682,3.3283767700195312,6.1265387535095215,4.094612121582031,3.2490532398223877
418,1.0926047563552856,-2.7958879470825195,-5.072487831115723,5.5899739265441895,1.841689109802246,0.12831547856330872,1.3716444969177246,-0.8166860342025757,13.517200469970703,4.568422794342041,19.343050003051758,13.878422737121582,-0.028812173753976822,4.83945894241333,0.01417122408747673,-0.0324077233672142,1.473257303237915,-1.5628085136413574,3.7246899604797363,2.098191976547241,0.8435936570167542,15.409553527832031,-3.262775421142578,-0.13078710436820984,0.1676812469959259,-0.6588315963745117,-0.9455755352973938,1.1447441577911377,0.41236358880996704,0.10885235667228699,0.33022934198379517,-0.2030584067106247,3.3727498054504395,6.066300392150879,4.136809349060059,3.13075852394104
419,1.8826593160629272,-1.9269343614578247,-5.893106460571289,5.352621078491211,1.6601099967956543,-1.0223956108093262,2.1798551082611084,-0.8298319578170776,13.752542495727539,4.715416431427002,19.44715118408203,13.682865142822266,-0.10984688997268677,4.363772869110107,-0.024420712143182755,-0.07412531971931458,1.5810457468032837,-2.0525786876678467,3.400611639022827,1.9092743396759033,0.33570414781570435,15.331405639648438,-2.986034631729126,-0.028987348079681396,0.48245444893836975,-0.23939834535121918,-1.324547529220581,1.0519965887069702,0.32548242807388306,-0.3766331672668457,0.6226112842559814,-0.156716987490654,3.325916051864624,6.2231316566467285,4.245086193084717,3.036834955215454
420,1.090823769569397,-2.487349510192871,-5.748485088348389,5.100686073303223,1.921036958694458,-0.8700029850006104,2.319033622741699,-0.9590837955474854,14.172768592834473,4.794702529907227,19.388214111328125,13.40858268737793,-0.22042123973369598,3.7320709228515625,-0.13606786727905273,-0.16473811864852905,1.7456387281417847,-2.48443865776062,3.219836711883545,1.8624824285507202,-0.165538489818573,15.311158180236816,-2.8211865425109863,-0.13503773510456085,0.11152554303407669,-0.5047277212142944,-1.1550445556640625,0.9978644847869873,0.44442570209503174,-0.16751009225845337,0.5421668887138367,-0.1973072737455368,3.3695292472839355,6.155244827270508,4.289628028869629,3.0013716220855713
421,1.452035665512085,-2.039778470993042,-6.1946916580200195,4.951141357421875,1.6356738805770874,-1.5083644390106201,2.7686946392059326,-1.02949059009552,14.43466854095459,4.833484172821045,19.413150787353516,13.136595726013184,-0.34414052963256836,3.2936713695526123,-0.22578449547290802,-0.256619930267334,1.7858328819274902,-3.0160696506500244,2.989546060562134,1.7457257509231567,-0.45467594265937805,15.370282173156738,-2.565295457839966,-0.09350508451461792,0.3361509144306183,-0.3157427906990051,-1.3425483703613281,0.9768010377883911,0.30889731645584106,-0.42468395829200745,0.6897703409194946,-0.20304302871227264,3.305497169494629,6.258274078369141,4.348452091217041,2.8769118785858154
422,1.0362389087677002,-2.552175760269165,-5.873043537139893,4.990102291107178,1.5633219480514526,-1.2467776536941528,2.8904407024383545,-1.182753562927246,14.52802848815918,4.779346466064453,19.272768020629883,12.782221794128418,-0.455293208360672,2.7957828044891357,-0.3536682426929474,-0.3806321322917938,1.8289172649383545,-3.432600736618042,2.8496289253234863,1.7526471614837646,-0.5846288204193115,15.438547134399414,-2.395270586013794,-0.17470881342887878,0.14936140179634094,-0.5270459651947021,-1.1661208868026733,1.007919192314148,0.32296544313430786,-0.24288034439086914,0.6606640815734863,-0.24359004199504852,3.2679920196533203,6.2506103515625,4.355975151062012,2.787808656692505
423,1.3330309391021729,-2.6341657638549805,-5.800382614135742,5.14245080947876,1.1109992265701294,-1.423932433128357,3.276431083679199,-1.3779404163360596,14.415185928344727,4.731723308563232,19.163145065307617,12.445564270019531,-0.6855142116546631,2.586812973022461,-0.5498663187026978,-0.5913372039794922,1.77869713306427,-1.6181788444519043,2.673893690109253,1.7302298545837402,-0.6504689455032349,8.121917724609375,-2.182817220687866,-0.21873867511749268,0.30153223872184753,-0.4985649883747101,-1.1923987865447998,1.0501561164855957,0.1727786660194397,-0.35164526104927063,0.7856993079185486,-0.2853347659111023,3.187939405441284,6.368183612823486,4.358980178833008,2.6710259914398193
424,1.0750732421875,-1.9701908826828003,-5.542298316955566,4.327567100524902,1.878455638885498,2.6956403255462646,3.2046234607696533,-2.3182594776153564,14.070164680480957,12.168081283569336,18.501741409301758,12.743569374084473,-0.8599869012832642,2.3197903633117676,-0.7366943359375,-0.7710256576538086,1.7641940116882324,1.3743088245391846,2.610217809677124,1.8677338361740112,-0.5330754518508911,0.020454373210668564,-1.9954020977020264,-0.3781900405883789,0.17537036538124084,-0.2837291955947876,-1.1199572086334229,0.7437782287597656,0.5097499489784241,1.0859205722808838,0.6948296427726746,-0.5597633123397827,3.037731885910034,6.225648880004883,4.0560407638549805,2.866394281387329
425,0.5110251903533936,0.04818009212613106,-4.779775619506836,2.382970094680786,1.4017921686172485,8.371068954467773,4.081088066101074,-4.39779806137085,10.631117820739746,18.77867317199707,17.30341148376465,12.211324691772461,-0.8915997743606567,2.096067190170288,-0.7631426453590393,-0.7691760063171387,1.4843982458114624,2.826442003250122,2.60604190826416,2.0262935161590576,0.09113678336143494,0.0366545133292675,-1.7615611553192139,-0.5006805658340454,0.02545911818742752,0.259567528963089,-0.8910314440727234,0.2087300717830658,0.23034954071044922,2.9031989574432373,1.0371023416519165,-1.1080690622329712,1.7060730457305908,4.608914375305176,3.5860095024108887,2.534423351287842
426,1.4927725791931152,-0.8320899605751038,-3.138390302658081,2.620520830154419,-1.2924604415893555,9.41757869720459,4.5352959632873535,-5.8799214363098145,7.980653762817383,16.728519439697266,16.390783309936523,11.800270080566406,-0.7020769119262695,1.9812833070755005,-0.6358651518821716,-0.701676070690155,1.550978183746338,4.232343673706055,2.6279637813568115,1.8193358182907104,0.21746118366718292,0.027854153886437416,-1.6083096265792847,-0.036233603954315186,0.4181312024593353,-0.2665519118309021,-0.42117419838905334,0.5443688035011292,-0.6125598549842834,2.5089354515075684,1.0777475833892822,-1.3177130222320557,1.3256124258041382,3.6874513626098633,3.424225091934204,2.4367916584014893
427,1.5384904146194458,-1.7931582927703857,-3.128824234008789,2.772286891937256,-3.692565441131592,7.441275596618652,3.9020297527313232,-5.998876094818115,6.269763469696045,16.50678253173828,16.196847915649414,12.250802993774414,-0.6797573566436768,1.5459481477737427,-0.5873491764068604,-0.578386127948761,1.4879666566848755,4.909571170806885,2.5664079189300537,1.7261719703674316,0.3237513303756714,0.06999226659536362,-1.4422695636749268,0.0756203830242157,0.308272123336792,-0.4585321247577667,-0.6400390267372131,0.5650544166564941,-1.0221256017684937,1.5547919273376465,0.7698878049850464,-1.174991488456726,1.061563491821289,4.047723293304443,3.531886577606201,2.844005823135376
428,1.9496526718139648,-2.747532844543457,-2.8423874378204346,3.1243224143981934,-4.906439304351807,6.3720550537109375,3.6031723022460938,-5.774800777435303,4.465837001800537,16.46206283569336,16.442739486694336,12.574694633483887,-0.6012090444564819,0.8764718770980835,-0.5832683444023132,-0.6349549889564514,1.4919085502624512,5.057243347167969,2.4798223972320557,1.4583749771118164,0.3313261568546295,0.05532541871070862,-1.29131019115448,0.5217010378837585,0.4363245666027069,-0.6509116888046265,-0.5425359010696411,0.6649906635284424,-1.1104339361190796,1.4256548881530762,0.7492516040802002,-1.0851491689682007,0.6724444627761841,4.101100444793701,3.747708559036255,2.8948252201080322
429,2.2319648265838623,-2.8309566974639893,-2.9129769802093506,3.4464597702026367,-5.8669047355651855,6.164585113525391,3.476886510848999,-5.676937103271484,2.7531192302703857,16.54254722595215,16.764623641967773,12.813458442687988,-0.7859288454055786,0.22007524967193604,-0.5990314483642578,-0.6381776928901672,1.52430260181427,4.857426643371582,2.4258275032043457,1.3924182653427124,0.17849725484848022,0.09939530491828918,-1.19933021068573,0.6000881195068359,0.47683557868003845,-0.5713074207305908,-0.6070047616958618,0.7219898700714111,-1.2699334621429443,1.5039477348327637,0.7439658641815186,-1.0961015224456787,0.32843664288520813,4.149262428283691,3.9136462211608887,3.077826738357544
430,2.5803024768829346,-2.6296472549438477,-3.0777428150177,3.5134005546569824,-6.560065746307373,6.30319881439209,3.4220969676971436,-5.782332897186279,1.1073167324066162,16.556379318237305,17.049835205078125,13.177813529968262,-0.7853130102157593,-0.30207738280296326,-0.7263364791870117,-0.8264251351356506,1.5103249549865723,5.183723449707031,2.4215002059936523,2.085780143737793,0.30998438596725464,-3.140746831893921,-1.16970956325531,-0.5229347944259644,0.5489292144775391,-0.5053442716598511,-0.6548793911933899,0.7019573450088501,-1.3738104104995728,1.573732852935791,0.7415751814842224,-1.1422470808029175,-0.0008265078067779541,4.164707183837891,4.023111820220947,3.1864633560180664
431,2.720348596572876,-1.5735033750534058,-3.7700414657592773,3.444092273712158,-6.45769739151001,8.380763053894043,3.292787551879883,-7.107895374298096,0.9611363410949707,18.832500457763672,17.210237503051758,14.375506401062012,-0.7298884987831116,-0.4863775670528412,-0.5793899893760681,-0.8609747886657715,1.4502034187316895,3.295361280441284,2.647413492202759,2.6220316886901855,0.786217212677002,-2.014082908630371,-1.3139166831970215,-1.0597779750823975,0.550950288772583,-0.18183429539203644,-0.879169225692749,0.6629879474639893,-1.2455648183822632,2.6120123863220215,0.7025309205055237,-1.5307952165603638,0.17652055621147156,3.922152519226074,4.048367023468018,3.3191401958465576
432,2.567058801651001,-2.1204936504364014,-3.879838228225708,4.347475051879883,-6.855186462402344,11.504792213439941,2.9746460914611816,-8.069304466247559,2.1440510749816895,17.49235725402832,17.21741485595703,14.612262725830078,-0.205352783203125,-0.30919724702835083,-0.23129209876060486,-0.20724350214004517,1.2629261016845703,1.1454914808273315,2.6380748748779297,2.7419800758361816,-0.46797269582748413,2.052168846130371,-1.3150197267532349,-1.8954579830169678,0.48363742232322693,-0.5084875822067261,-0.8115298748016357,0.9756971597671509,-1.4001420736312866,3.4771764278411865,0.6131765246391296,-1.6528617143630981,0.6171832084655762,3.7722115516662598,3.938336133956909,3.1626932621002197
433,2.074960470199585,-2.5080478191375732,-4.198868274688721,4.356463432312012,-5.541062355041504,11.87066650390625,3.3403520584106445,-7.337451934814453,2.4044220447540283,14.760804176330566,17.27967643737793,14.559672355651855,0.15008701384067535,-0.07362207770347595,-0.03701147064566612,-0.30321407318115234,0.6814126372337341,1.374734878540039,2.705732583999634,2.5741872787475586,-0.02673724852502346,0.8185487389564514,-1.342935562133789,-0.8794559240341187,0.3534603714942932,-0.55995112657547,-0.8936101794242859,0.889137864112854,-0.9119060039520264,2.636554479598999,0.7929839491844177,-1.2828577756881714,0.48742303252220154,4.218649387359619,4.000888824462891,2.904733419418335
434,1.9999682903289795,-2.394163131713867,-5.066025733947754,4.010414123535156,-4.545886039733887,11.868696212768555,3.1261038780212402,-8.494011878967285,3.285491943359375,16.508577346801758,17.324703216552734,14.386919021606445,0.3731038272380829,0.012150853872299194,0.10538585484027863,-0.2618837356567383,0.48163628578186035,1.359831690788269,2.8202176094055176,2.365812301635742,-0.12648239731788635,1.0468854904174805,-1.463719129562378,-0.19354331493377686,0.3961455523967743,-0.46363189816474915,-1.1489207744598389,0.7529590129852295,-0.7797695398330688,2.7864906787872314,0.6611176133155823,-1.7939536571502686,0.7877156734466553,4.617935657501221,3.9996259212493896,3.2586488723754883
435,1.8769536018371582,-2.5089666843414307,-5.305100440979004,4.138858795166016,-4.384922027587891,12.212566375732422,2.650585174560547,-9.143331527709961,3.2138426303863525,16.230669021606445,17.28168487548828,13.743891716003418,0.4705291986465454,0.10603254288434982,0.1830233782529831,-0.12945348024368286,0.16543307900428772,1.1362757682800293,2.862521171569824,2.7545700073242188,-0.11568783223628998,1.3917139768600464,-1.4935113191604614,-1.0571664571762085,0.3662445545196533,-0.518068253993988,-1.1058604717254639,0.8473948240280151,-0.8552366495132446,2.935506582260132,0.5189850330352783,-1.8760429620742798,0.6308504343032837,4.327189922332764,3.911576509475708,3.0743014812469482
436,1.816169023513794,-2.70448899269104,-5.624695301055908,4.0509209632873535,-3.9367973804473877,12.097166061401367,2.3468592166900635,-9.576355934143066,3.312105417251587,15.90682601928711,17.236446380615234,13.75819206237793,0.556769847869873,0.15700365602970123,0.24568600952625275,0.4368424713611603,-0.155461847782135,1.256793737411499,2.8855085372924805,3.1718554496765137,-0.0963529497385025,1.1195769309997559,-1.5260529518127441,-4.096501350402832,0.3623180091381073,-0.5666677951812744,-1.1830568313598633,0.8052232265472412,-0.7355920672416687,2.7656195163726807,0.47617584466934204,-1.8898879289627075,0.6765124797821045,4.329172134399414,3.9041826725006104,2.8445727825164795
437,1.6360797882080078,-2.7285850048065186,-5.877757549285889,3.4342925548553467,-3.9044713973999023,11.588528633117676,2.274226427078247,-8.390891075134277,3.2592451572418213,16.164613723754883,17.571632385253906,13.827837944030762,0.5697236061096191,0.006408214569091797,0.1933496594429016,0.6454194784164429,-0.4934503436088562,1.2195971012115479,2.8899967670440674,3.100480556488037,-0.0877380520105362,2.1053667068481445,-1.5512645244598389,-5.609787464141846,0.3100854754447937,-0.5479451417922974,-1.2249664068222046,0.627515435218811,-0.7936691641807556,2.5883123874664307,0.49446892738342285,-1.400565505027771,0.6461820602416992,4.3577423095703125,4.104471206665039,2.2410051822662354
438,1.8188879489898682,-2.3735716342926025,-6.053089141845703,3.2702925205230713,-3.5956664085388184,10.142578125,2.530012845993042,-7.119087219238281,2.536710500717163,15.333789825439453,17.894596099853516,12.909431457519531,0.851301372051239,0.1952619105577469,0.24858517944812775,0.6800099015235901,-0.939243733882904,1.553539514541626,2.74003005027771,0.8344399929046631,-0.06279969215393066,0.496365487575531,-1.4015203714370728,0.02856588363647461,0.3966771960258484,-0.4302968680858612,-1.2565696239471436,0.6535142660140991,-0.7003711462020874,2.0283713340759277,0.6007787585258484,-1.1624253988265991,0.4104401171207428,4.357884407043457,4.215605735778809,1.9342032670974731
439,1.8600059747695923,-2.2299978733062744,-5.906370639801025,3.109097719192505,-2.054955244064331,10.98318099975586,1.502928376197815,-8.372697830200195,1.6702619791030884,16.820966720581055,17.336484909057617,12.334966659545898,1.0327868461608887,0.2957304120063782,0.2122621387243271,0.7465070486068726,-1.2981828451156616,1.765420913696289,2.818350076675415,0.6117794513702393,-0.022839907556772232,-1.14852774143219,-1.5353084802627563,0.05062389373779297,0.39175498485565186,-0.42327335476875305,-1.1745942831039429,0.6182683706283569,-0.21979522705078125,2.7181923389434814,0.17806905508041382,-1.9615199565887451,0.21841850876808167,4.438787937164307,3.87988018989563,3.1839098930358887
440,1.7151145935058594,-2.3356528282165527,-5.712165832519531,2.7455453872680664,-2.0905532836914062,12.222332954406738,0.5862872004508972,-9.29385757446289,1.6022652387619019,17.763507843017578,17.018688201904297,13.175956726074219,1.0181766748428345,0.05922109633684158,0.08002272993326187,-0.13215115666389465,-1.6054717302322388,1.6395267248153687,2.91876220703125,1.8994030952453613,-0.023914385586977005,-0.19725441932678223,-1.663651943206787,0.310865193605423,0.3373773396015167,-0.47719255089759827,-1.1309927701950073,0.5163960456848145,-0.4467819333076477,3.201683521270752,-0.004841037094593048,-2.0750811100006104,0.3119315207004547,4.097939968109131,3.738863468170166,3.1591684818267822
441,2.3791651725769043,-2.7720699310302734,-6.057157039642334,3.5319740772247314,-1.1113133430480957,12.031689643859863,0.2827780246734619,-11.316643714904785,2.5774221420288086,16.475101470947266,16.858190536499023,13.203313827514648,1.1650804281234741,0.040940433740615845,0.024454906582832336,0.3060157299041748,-1.6570881605148315,1.6785277128219604,2.9016377925872803,3.423353672027588,-0.044177599251270294,-0.4692634344100952,-1.6536436080932617,-5.88948917388916,0.5870471000671387,-0.6173443794250488,-1.2887675762176514,0.8045637607574463,-0.1000204011797905,2.800769090652466,0.01813393086194992,-2.5602002143859863,0.6488158702850342,3.9005308151245117,3.6898033618927,3.088200807571411
442,1.579405665397644,-2.69916033744812,-6.425067901611328,3.576155185699463,-1.687563419342041,11.797660827636719,0.5897810459136963,-9.057639122009277,3.4520528316497803,16.82264518737793,17.517440795898438,13.211183547973633,1.2124738693237305,0.04154062643647194,0.08604957163333893,-0.07717711478471756,-1.6212449073791504,1.5513209104537964,2.812826633453369,1.7670263051986694,-0.07110130786895752,0.25840994715690613,-1.5351697206497192,0.3921259939670563,0.2194983959197998,-0.5318731069564819,-1.3721725940704346,0.7415157556533813,-0.44005125761032104,2.7420387268066406,0.1758967936038971,-1.325642704963684,0.8129202127456665,4.104135036468506,4.13358736038208,1.6851915121078491
443,2.264474630355835,-2.744847297668457,-6.48452615737915,4.253100395202637,-0.2817286252975464,11.16852855682373,0.17784623801708221,-10.475367546081543,3.028564214706421,16.334897994995117,17.10444450378418,11.419290542602539,1.3682293891906738,0.08533710241317749,0.11743809282779694,0.17837852239608765,-1.5049469470977783,1.3814224004745483,2.862295627593994,2.284395217895508,-0.044870585203170776,0.5862103700637817,-1.6173908710479736,-0.9622405767440796,0.5702211260795593,-0.5568802356719971,-1.3340766429901123,0.9448833465576172,0.13890224695205688,2.462209701538086,-0.021633990108966827,-2.4035093784332275,0.5491805076599121,4.144081115722656,3.7914814949035645,2.814790964126587
444,1.6077842712402344,-3.0617516040802,-6.7906060218811035,4.442872524261475,-1.2962759733200073,11.005126953125,-0.4852675199508667,-10.714680671691895,2.357539415359497,16.245861053466797,17.2003173828125,11.266454696655273,1.3992328643798828,0.03150015324354172,0.10490139573812485,-0.0903988778591156,-1.638616681098938,1.5614010095596313,2.867614269256592,2.1914684772491455,-0.030958540737628937,0.3899422883987427,-1.6087586879730225,-0.39211776852607727,0.24707409739494324,-0.6564590930938721,-1.4356439113616943,0.9363508224487305,-0.416215181350708,2.4824843406677246,-0.17394626140594482,-2.1362438201904297,0.38255301117897034,4.2407426834106445,3.880709409713745,2.1734960079193115
445,1.9740118980407715,-3.333327531814575,-6.9442925453186035,4.5455732345581055,-0.8574103116989136,10.548373222351074,-1.07882559299469,-11.281953811645508,2.252103090286255,16.385957717895508,17.057832717895508,10.965215682983398,1.704953670501709,0.24083538353443146,0.24717339873313904,0.4540972113609314,-1.803081750869751,1.3194348812103271,2.80393123626709,1.2982943058013916,-0.01946546509861946,0.5882295370101929,-1.5563604831695557,-0.09920501708984375,0.4670346677303314,-0.7081791758537292,-1.4490625858306885,0.926559329032898,-0.12035124748945236,2.348238945007324,-0.269540011882782,-2.3571689128875732,0.43716368079185486,4.173644065856934,3.7971885204315186,2.324140787124634
446,1.6633535623550415,-3.754502773284912,-6.957594394683838,4.213334560394287,-0.8548399209976196,10.76906681060791,-1.8127031326293945,-10.229212760925293,1.9522299766540527,16.295434951782227,17.003032684326172,10.683714866638184,1.8792407512664795,0.24693207442760468,0.31147679686546326,0.22491583228111267,-2.0468056201934814,1.3637126684188843,2.7271857261657715,1.5210355520248413,-0.003358539193868637,0.5849844813346863,-1.5081977844238281,0.5003999471664429,0.31216758489608765,-0.8053791522979736,-1.4192380905151367,0.8302241563796997,-0.18229156732559204,2.477369785308838,-0.4225473999977112,-1.9751880168914795,0.3509455621242523,4.232330799102783,3.8199400901794434,2.2714624404907227
447,1.6062421798706055,-3.7091848850250244,-7.322429180145264,4.067906856536865,-0.07718364894390106,10.099000930786133,-1.9388076066970825,-11.099811553955078,1.9103764295578003,16.37251853942871,16.913991928100586,10.697747230529785,1.8905411958694458,0.22594070434570312,0.25779110193252563,0.8267873525619507,-2.1470673084259033,1.2675920724868774,2.7127346992492676,2.987537384033203,-8.683570194989443e-05,0.6080108880996704,-1.4470113515853882,-6.177477836608887,0.33654460310935974,-0.7356569766998291,-1.5494863986968994,0.8035328388214111,0.09364873915910721,2.1656675338745117,-0.3722578287124634,-2.4043478965759277,0.3774498403072357,4.263907432556152,3.794222116470337,2.4367728233337402
448,0.7390384674072266,-3.3976802825927734,-7.461979866027832,3.3773410320281982,-0.9288619160652161,9.798384666442871,-1.1523786783218384,-8.44305419921875,2.8080196380615234,16.25356674194336,17.372785568237305,9.218766212463379,1.8200126886367798,0.16202020645141602,0.2440510094165802,0.6420509815216064,-2.3731119632720947,1.3693031072616577,2.565593957901001,1.7686772346496582,-0.0009195317979902029,0.5360369682312012,-1.236995816230774,-3.404824733734131,0.03442934900522232,-0.6374685764312744,-1.5541536808013916,0.6145848035812378,-0.3228675425052643,2.1349387168884277,-0.1153608039021492,-1.1753568649291992,0.6861618757247925,4.172937393188477,4.103712558746338,0.8976113796234131
449,0.9144151210784912,-2.31858491897583,-7.459315299987793,3.652780294418335,0.4268978238105774,8.60633373260498,-1.437304139137268,-8.582437515258789,2.132351875305176,16.30706024169922,16.969221115112305,8.27156925201416,1.8875418901443481,0.2941725552082062,0.3344956636428833,0.284383624792099,-2.3570282459259033,1.179020643234253,2.5200822353363037,1.2785106897354126,-6.006125477142632e-05,0.721501350402832,-1.1894973516464233,0.7925897836685181,0.2194383442401886,-0.3195665776729584,-1.5320059061050415,0.7884135246276855,0.2655433416366577,1.7137298583984375,-0.3009350597858429,-1.7552359104156494,0.3369264304637909,4.1960906982421875,3.844083547592163,1.4628838300704956
450,0.7235845327377319,-3.327214479446411,-7.644023418426514,4.049224853515625,0.9448683857917786,8.6547212600708,-2.953847646713257,-10.937094688415527,1.5186738967895508,16.182851791381836,16.46270751953125,8.04224681854248,1.855342984199524,0.2939348816871643,0.3575906753540039,0.5790070295333862,-2.2780683040618896,1.2582945823669434,2.4700164794921875,1.1881508827209473,-3.4130236599594355e-05,0.5744470953941345,-1.1452643871307373,-0.6927295327186584,0.12759464979171753,-0.7984409332275391,-1.5915995836257935,0.8749314546585083,0.23953115940093994,1.897033452987671,-0.7379650473594666,-2.6710410118103027,0.22208765149116516,4.219534397125244,3.634089946746826,1.9532419443130493
451,0.9517377614974976,-4.106278896331787,-7.704191207885742,3.324648857116699,-0.43698883056640625,8.554832458496094,-3.64738392829895,-9.766221046447754,1.44146728515625,16.268613815307617,16.419572830200195,7.886303424835205,1.7162882089614868,0.2209479957818985,0.2311113476753235,0.7452914118766785,-2.443570137023926,1.113330364227295,2.357042074203491,1.555963158607483,-4.415166040416807e-05,0.634082019329071,-1.068820595741272,-3.6395139694213867,0.23534899950027466,-0.9280644655227661,-1.5876667499542236,0.5879536867141724,-0.2747359871864319,1.86745285987854,-0.766907274723053,-1.8185511827468872,0.2783239185810089,4.1848907470703125,3.732463836669922,1.4708844423294067
452,0.9556524753570557,-3.201721429824829,-7.606287956237793,2.6112451553344727,-0.022258644923567772,8.356772422790527,-2.735074043273926,-8.037077903747559,1.8401819467544556,16.09462547302246,16.61786651611328,7.263723373413086,1.7015602588653564,0.18031558394432068,0.2349327802658081,0.3761497139930725,-2.518169641494751,1.2416138648986816,2.191669225692749,0.5000103712081909,-5.6736316764727235e-05,0.4570702314376831,-0.8200284838676453,-0.0017514228820800781,0.20270425081253052,-0.5193580389022827,-1.5553386211395264,0.44183024764060974,0.054963354021310806,1.7830615043640137,-0.39698851108551025,-1.3289519548416138,0.4223303496837616,4.109488010406494,3.8822073936462402,1.0502855777740479
453,0.5927062034606934,-2.5943171977996826,-7.59669303894043,3.0078141689300537,1.10783851146698,7.807821750640869,-3.3582310676574707,-8.954035758972168,1.5202629566192627,16.351123809814453,16.259986877441406,7.582285404205322,1.5274823904037476,0.1479434072971344,0.16684973239898682,0.5649698972702026,-2.365475654602051,1.080604910850525,2.149657726287842,1.2858152389526367,-3.279847442172468e-05,0.6047572493553162,-0.7989296913146973,-3.2081546783447266,0.07428763061761856,-0.437093049287796,-1.5611658096313477,0.6626427173614502,0.3446168899536133,1.618647813796997,-0.7106067538261414,-2.0353283882141113,0.26166585087776184,4.2194061279296875,3.7289741039276123,1.789057970046997
454,0.671390950679779,-2.9666357040405273,-7.66618537902832,2.3176937103271484,0.1749635487794876,7.8454461097717285,-3.145832061767578,-7.7479729652404785,2.1499226093292236,16.198535919189453,16.313020706176758,6.393742561340332,1.4248967170715332,0.08699460327625275,0.1293577402830124,0.28892552852630615,-2.389798402786255,1.2012971639633179,2.0296669006347656,0.27074873447418213,-6.500485324067995e-05,0.4392240345478058,-0.6139485239982605,-0.4399142265319824,0.15205150842666626,-0.6441965699195862,-1.5947706699371338,0.382065087556839,-0.08224480599164963,1.6967592239379883,-0.5640317797660828,-1.3374567031860352,0.5160017013549805,4.16837215423584,3.8061540126800537,0.8353250026702881
455,0.4780713617801666,-2.4267187118530273,-7.406435966491699,2.725248098373413,0.8515300154685974,7.247657299041748,-3.703892946243286,-7.8968729972839355,1.778804063796997,16.31037712097168,16.06206703186035,6.6534929275512695,1.250380039215088,0.0620822012424469,0.07814162224531174,0.427129328250885,-2.277128219604492,1.034912109375,1.9649064540863037,1.0834119319915771,-3.9528960769530386e-05,0.599753737449646,-0.5641393661499023,-3.0707106590270996,0.07297716289758682,-0.4140259325504303,-1.4896824359893799,0.6056126356124878,0.2415488362312317,1.478184461593628,-0.7720217108726501,-1.6869820356369019,0.3067115843296051,4.158751010894775,3.728530168533325,1.4825413227081299
456,0.632655143737793,-2.453293800354004,-7.5499043464660645,1.7731379270553589,0.38822299242019653,7.13206672668457,-3.27950119972229,-7.250321865081787,2.334453582763672,16.08058738708496,16.086673736572266,5.311316013336182,1.1433101892471313,0.003537580370903015,0.0531279556453228,0.00829518772661686,-2.2495830059051514,1.164138674736023,1.8336313962936401,0.3236790895462036,-5.577187403105199e-05,0.4265405833721161,-0.36033865809440613,0.2657358646392822,0.15316897630691528,-0.495276540517807,-1.5842087268829346,0.23285606503486633,0.015120242722332478,1.504882574081421,-0.5662474036216736,-1.3231598138809204,0.5433846712112427,4.099794864654541,3.7898313999176025,0.6719427108764648
457,0.11828025430440903,-2.2570862770080566,-7.290980339050293,2.672614097595215,0.8659145832061768,6.690446376800537,-4.115854740142822,-8.029836654663086,2.0899832248687744,16.184484481811523,15.812542915344238,5.601871013641357,0.9753801822662354,0.031693220138549805,0.025357786566019058,0.2728886008262634,-2.1382791996002197,0.974236249923706,1.7593802213668823,0.1811690330505371,-6.239346839720383e-05,0.5946099758148193,-0.32246631383895874,-0.3641030788421631,-0.04702814668416977,-0.4270121157169342,-1.4679374694824219,0.6555129289627075,0.220605731010437,1.3728229999542236,-0.8933061957359314,-1.7978565692901611,0.3862665891647339,4.099624156951904,3.707906484603882,1.31112802028656
458,0.5775333046913147,-2.8207082748413086,-7.046285152435303,1.8775118589401245,0.536959171295166,6.568138599395752,-4.272103309631348,-7.4076666831970215,2.356248140335083,16.01704216003418,15.694838523864746,5.348865985870361,0.8268667459487915,-0.06542924046516418,-0.03628724068403244,0.16750819981098175,-2.0891976356506348,1.1151556968688965,1.665381669998169,0.03281235694885254,-6.722707621520385e-05,0.3879827857017517,-0.1788429319858551,-0.3864314556121826,0.18265679478645325,-0.6423064470291138,-1.4178688526153564,0.2754311263561249,0.05969134345650673,1.3723821640014648,-0.8368579745292664,-1.438489556312561,0.5087273120880127,4.090523719787598,3.6834824085235596,1.0094897747039795
459,0.5364683866500854,-2.1489500999450684,-7.052361011505127,1.618504285812378,0.651833176612854,6.196000576019287,-4.240482807159424,-6.999159812927246,2.6553027629852295,16.11073112487793,15.73259162902832,5.30336856842041,0.6963842511177063,-0.06405767798423767,-0.08186621963977814,0.11639992892742157,-2.0065767765045166,0.9413092136383057,1.5450977087020874,-0.17109572887420654,-7.711247599218041e-05,0.548386812210083,-0.0654955506324768,-0.24348902702331543,0.10430774837732315,-0.3427847921848297,-1.4601404666900635,0.2902638018131256,0.13636797666549683,1.269766092300415,-0.8091301321983337,-1.3876994848251343,0.5737658739089966,4.047604084014893,3.791175127029419,1.0511003732681274
460,0.384904682636261,-2.0468270778656006,-6.797444820404053,1.5861315727233887,0.6978926062583923,6.196593284606934,-4.298984050750732,-6.582990646362305,2.9469289779663086,15.978096008300781,15.62398910522461,5.169497489929199,0.5251734256744385,-0.15171858668327332,-0.13185933232307434,0.06396199762821198,-1.9089138507843018,1.0702277421951294,1.477539300918579,-0.17255425453186035,-8.127001638058573e-05,0.39141517877578735,0.05052221566438675,-0.48215770721435547,0.05779353529214859,-0.39752504229545593,-1.3679025173187256,0.3142220973968506,0.1368604600429535,1.3069713115692139,-0.8359779715538025,-1.307377815246582,0.6320493221282959,4.06692361831665,3.7438149452209473,1.024685025215149
461,0.3699778914451599,-1.677649974822998,-6.737051010131836,1.2626862525939941,0.7389705777168274,5.663872718811035,-4.324673652648926,-6.276974201202393,3.3325693607330322,16.075613021850586,15.561352729797363,4.915408134460449,0.36462876200675964,-0.1558493673801422,-0.1784236878156662,-0.005762279033660889,-1.795996069908142,0.9088122844696045,1.3862966299057007,-0.3567230701446533,-9.270162263419479e-05,0.5537371039390564,0.13950026035308838,-0.3587665557861328,0.0729856863617897,-0.28892073035240173,-1.3855570554733276,0.20962539315223694,0.14444217085838318,1.1257193088531494,-0.837652862071991,-1.2503217458724976,0.7235928773880005,4.046761512756348,3.7650339603424072,0.9310153722763062
462,0.2951124608516693,-1.632849931716919,-6.486689567565918,1.2973588705062866,0.6143990755081177,5.5500569343566895,-4.439381122589111,-5.899302959442139,3.617340564727783,15.88037395477295,15.47289752960205,4.574670791625977,0.21503661572933197,-0.21607546508312225,-0.18642687797546387,-0.17181485891342163,-1.7071912288665771,1.0169345140457153,1.3040359020233154,-0.19606035947799683,-8.508158498443663e-05,0.4315899908542633,0.27208998799324036,0.03781639039516449,0.04937253147363663,-0.3228028118610382,-1.3054651021957397,0.2639305591583252,0.10062981396913528,1.146822452545166,-0.8749675750732422,-1.1719635725021362,0.7682023048400879,4.013375759124756,3.7469241619110107,0.8678277730941772
463,0.16906869411468506,-1.4466118812561035,-6.494340419769287,1.2184149026870728,0.7633431553840637,5.000906944274902,-4.523339748382568,-6.240501403808594,3.9583072662353516,15.91329574584961,15.384328842163086,4.266103744506836,0.07108058035373688,-0.19011755287647247,-0.208102285861969,-0.19389404356479645,-1.593023419380188,0.8468287587165833,1.1995668411254883,-0.3152133524417877,-9.562658669892699e-05,0.5904849767684937,0.366474449634552,-0.05156892538070679,0.016930975019931793,-0.26713135838508606,-1.3436706066131592,0.2310711145401001,0.163549542427063,0.9760022759437561,-0.8897941708564758,-1.332378625869751,0.8461446762084961,3.986436128616333,3.760215997695923,0.8341232538223267
464,0.20412863790988922,-1.7075459957122803,-6.296003818511963,1.146904706954956,0.32176947593688965,4.884957313537598,-4.7345404624938965,-5.6708574295043945,4.236456394195557,15.699131965637207,15.284236907958984,3.6647675037384033,-0.09225892275571823,-0.25674548745155334,-0.2328193634748459,-0.2934025228023529,-1.561374545097351,0.9642966389656067,1.1109248399734497,-0.4865477383136749,-0.0001011873537208885,0.43073028326034546,0.49058958888053894,-0.04215635359287262,0.04550067335367203,-0.3793453276157379,-1.2721529006958008,0.21847859025001526,0.005549048073589802,1.0001826286315918,-0.9524549841880798,-1.0920028686523438,0.8950382471084595,3.947939872741699,3.740551233291626,0.6527352333068848
465,0.22030551731586456,-1.1843092441558838,-6.244825839996338,0.884051501750946,0.35840320587158203,4.372763156890869,-4.80911922454834,-5.2879486083984375,4.452235221862793,15.68688678741455,15.248249053955078,3.1571316719055176,-0.24091240763664246,-0.25937965512275696,-0.2819961607456207,-0.37364283204078674,-1.5239064693450928,0.842537522315979,1.0081045627593994,-0.6606650948524475,-0.00010977467172779143,0.5009767413139343,0.5712026953697205,-0.26596206426620483,0.045930661261081696,-0.1691189557313919,-1.2835060358047485,0.1399385631084442,0.07283589988946915,0.844622790813446,-0.9516999125480652,-1.0443484783172607,0.9312093257904053,3.8800888061523438,3.783923864364624,0.5655012130737305
466,0.18274514377117157,-0.9734313488006592,-6.032498836517334,0.731983482837677,0.18336498737335205,4.274280548095703,-4.915518760681152,-4.711308479309082,4.67502498626709,15.468546867370605,15.164690971374512,2.4128940105438232,-0.3742518723011017,-0.30745309591293335,-0.2929494082927704,-0.40638065338134766,-1.5188027620315552,0.9588525295257568,0.9067519903182983,-0.8464884161949158,-0.00011359085328876972,0.32474613189697266,0.6982277035713196,0.025715216994285583,0.031147517263889313,-0.16810275614261627,-1.2172188758850098,0.1242961585521698,0.012745861895382404,0.8733735680580139,-0.9810183644294739,-0.8998718857765198,0.9786053895950317,3.8136250972747803,3.756354570388794,0.3745010793209076
467,0.06902582943439484,-0.535149335861206,-5.918463230133057,0.5062406659126282,0.25489330291748047,3.8667867183685303,-5.164851188659668,-4.5410356521606445,4.873815536499023,15.394427299499512,15.047239303588867,1.8406152725219727,-0.5219534635543823,-0.30097177624702454,-0.32584673166275024,-0.5033779740333557,-1.499007225036621,0.8360302448272705,0.8105848431587219,-1.025651216506958,-0.00012107385555282235,0.3965875208377838,0.7658591866493225,0.02256542444229126,-0.0014465078711509705,-0.04930676892399788,-1.2060637474060059,0.07010301947593689,0.057615552097558975,0.7513595223426819,-1.054449439048767,-0.9270451068878174,1.0168360471725464,3.7237422466278076,3.7499406337738037,0.29720941185951233
468,0.15227320790290833,-0.5984606742858887,-5.712186813354492,0.4019601047039032,0.07544458657503128,3.7827579975128174,-5.4021382331848145,-4.180853843688965,5.106011390686035,15.098404884338379,14.91930866241455,1.1033434867858887,-0.6536329388618469,-0.3465040326118469,-0.33643263578414917,-0.6106984615325928,-1.5139271020889282,0.954327404499054,0.7143737077713013,-1.2412611246109009,-0.00012457466800697148,0.2097637951374054,0.8811475038528442,0.17315199971199036,0.04080317169427872,-0.12944482266902924,-1.1504554748535156,0.06518742442131042,-0.008398081175982952,0.7712551951408386,-1.104897379875183,-0.8282575011253357,1.0702792406082153,3.6316418647766113,3.708178758621216,0.12249264121055603
469,0.20904432237148285,-0.44026660919189453,-5.696671962738037,0.2770509421825409,0.10019124299287796,3.407133102416992,-5.624691963195801,-4.019688606262207,5.406784534454346,14.917093276977539,14.808688163757324,0.4234893321990967,-0.7600029110908508,-0.3232775330543518,-0.35118281841278076,-0.6681290864944458,-1.5247188806533813,0.8224297761917114,0.6106036305427551,-1.444507122039795,-0.00013431155821308494,0.2947995662689209,0.9535866975784302,0.16257596015930176,0.048245109617710114,-0.0678686648607254,-1.174230933189392,0.03780156373977661,0.022215846925973892,0.6583941578865051,-1.1525975465774536,-0.8289034962654114,1.14349365234375,3.5015735626220703,3.7133820056915283,-0.0048864781856536865
470,0.3184870779514313,-0.7929446697235107,-5.5446038246154785,0.3148019313812256,0.024907343089580536,3.3565096855163574,-5.791818618774414,-3.838531017303467,5.7290940284729,14.510093688964844,14.680282592773438,-0.434535413980484,-0.8492270112037659,-0.35499307513237,-0.3417724072933197,-0.6716820001602173,-1.5517293214797974,0.9199027419090271,0.505125880241394,-1.6135153770446777,-0.00013871080591343343,0.14401987195014954,1.0779262781143188,0.2001417726278305,0.07627437263727188,-0.2079341560602188,-1.1227576732635498,0.0664542019367218,-0.00481694471091032,0.6859351992607117,-1.1840795278549194,-0.7924228310585022,1.2151559591293335,3.3829901218414307,3.674102544784546,-0.2007598876953125
471,0.4786262810230255,-1.0593104362487793,-5.577617168426514,0.3158211410045624,0.11594752967357635,3.0111825466156006,-5.911166191101074,-3.898949146270752,6.1688642501831055,14.206649780273438,14.55733871459961,-1.2918777465820312,-0.9063155651092529,-0.3125208020210266,-0.341538667678833,-0.606606125831604,-1.5633385181427002,0.763974130153656,0.3881464898586273,-1.6290842294692993,-0.0001553693728055805,0.26126331090927124,1.1656488180160522,-0.05059784650802612,0.11376742273569107,-0.2506812512874603,-1.1552685499191284,0.061917245388031006,0.03359410539269447,0.5781624913215637,-1.2068209648132324,-0.8446364402770996,1.326536774635315,3.2363765239715576,3.6749346256256104,-0.3696618974208832
472,0.6269406676292419,-1.7388622760772705,-5.488528728485107,0.49184808135032654,0.11184720695018768,3.0144920349121094,-5.894086837768555,-4.058228015899658,6.635950088500977,13.735321998596191,14.446955680847168,-2.4487719535827637,-0.9912453889846802,-0.38427066802978516,-0.358279287815094,-0.36413484811782837,-1.5729540586471558,0.8755680322647095,0.28670835494995117,-1.5811116695404053,-0.00016275473171845078,0.11214274913072586,1.2897346019744873,-2.262195348739624,0.14084812998771667,-0.4440917670726776,-1.1189557313919067,0.11954599618911743,0.020740006119012833,0.6204295754432678,-1.1892848014831543,-0.8913756012916565,1.4321993589401245,3.1209895610809326,3.6550800800323486,-0.6519196033477783
473,1.0845825672149658,-2.3372483253479004,-5.691351890563965,0.16745363175868988,-0.40264174342155457,2.9039957523345947,-5.673295497894287,-3.3662009239196777,7.109616756439209,13.395313262939453,14.32334041595459,-4.813599109649658,-1.187319040298462,-0.5039467811584473,-0.5193160772323608,0.09975145012140274,-1.644816517829895,0.8086926937103271,0.27860820293426514,0.45473435521125793,-0.0001842815545387566,0.16439783573150635,1.2959800958633423,-10.483132362365723,0.26914647221565247,-0.5574764013290405,-1.2055273056030273,-0.00913354754447937,-0.15584808588027954,0.5876434445381165,-1.1180024147033691,-0.6157152652740479,1.5376781225204468,2.9781970977783203,3.647883653640747,-1.5332008600234985
474,1.1543759107589722,-3.6198811531066895,-6.464730262756348,-0.3689294159412384,-2.591881275177002,4.4942474365234375,-4.049355506896973,-3.4626972675323486,6.598049163818359,13.558168411254883,14.587150573730469,-6.586087703704834,-1.5281550884246826,-0.8844889402389526,-0.8133563995361328,0.036521367728710175,-2.085120439529419,1.0157455205917358,0.23192813992500305,1.4277012348175049,-0.00018440591520629823,0.0249832421541214,1.4089100360870361,-15.668875694274902,0.2303732931613922,-0.9232025742530823,-1.4709715843200684,-0.14467623829841614,-0.8669555187225342,1.163862705230713,-0.5912021994590759,-0.6678021550178528,1.2822842597961426,3.1661112308502197,3.8252274990081787,-5.494456768035889
475,1.391320824623108,-3.651401996612549,-6.477046489715576,0.6128697991371155,-3.413738965988159,5.1977081298828125,-3.8321290016174316,-4.391509532928467,5.045170307159424,14.206205368041992,14.8649320602417,-4.119535446166992,-1.5809717178344727,-0.9048411846160889,-0.9289809465408325,0.09768130630254745,-2.7055816650390625,0.7906099557876587,0.24052083492279053,0.3867933452129364,-0.0001571671455167234,0.23335769772529602,1.4122653007507324,-15.68249797821045,0.29367151856422424,-0.769926905632019,-1.3802345991134644,0.25381264090538025,-0.8667400479316711,1.202895164489746,-0.7386689782142639,-0.955683171749115,0.8098983764648438,3.4150331020355225,3.9985170364379883,-8.217227935791016
476,2.831857681274414,-2.2830698490142822,-6.334380149841309,-0.46888816356658936,-0.6281556487083435,3.903007745742798,-4.451426029205322,-1.5130027532577515,5.8804802894592285,13.930537223815918,14.858667373657227,-4.433944225311279,-1.4065308570861816,-1.0537062883377075,-0.9834504723548889,0.09952037036418915,-2.795750856399536,1.0912836790084839,0.23222404718399048,-0.1478785127401352,-0.00015334010822698474,-0.04085095226764679,1.4570753574371338,-15.696736335754395,0.7260204553604126,-0.2833594083786011,-1.3251428604125977,-0.2378084361553192,0.2592403292655945,0.6224796175956726,-0.9789159893989563,0.061087027192115784,1.3211960792541504,3.229173183441162,3.8971307277679443,-7.060155391693115
477,2.278165340423584,-2.1742849349975586,-6.516232490539551,0.9450327157974243,-0.43114084005355835,3.2945563793182373,-4.47672700881958,-1.6667792797088623,6.81960916519165,14.060588836669922,14.565187454223633,-4.498276710510254,-1.205051302909851,-0.9544154405593872,-0.9483813047409058,0.5620147585868835,-2.8586742877960205,0.8330304026603699,0.26123297214508057,-0.733110785484314,-0.00017674188711680472,0.2938358187675476,1.4531275033950806,-15.691445350646973,0.3674958050251007,-0.4384775459766388,-1.415238618850708,0.37919268012046814,-0.06640725582838058,0.6084356904029846,-0.902946412563324,-0.3598634600639343,1.5421911478042603,3.2237019538879395,3.7297961711883545,-6.653934001922607
478,2.591637134552002,-2.3248136043548584,-6.293938636779785,1.4883604049682617,0.2203255593776703,2.9066925048828125,-5.406398773193359,-1.4067327976226807,7.928825378417969,13.812907218933105,14.287617683410645,-4.489467144012451,-0.8796192407608032,-0.9222337603569031,-0.8290223479270935,1.2732549905776978,-2.830524444580078,0.9554013609886169,0.17858682572841644,-1.3157302141189575,-0.00019696392701007426,0.2096552550792694,1.5485411882400513,-15.691162109375,0.5428308248519897,-0.5017907023429871,-1.300241470336914,0.37996289134025574,0.13047689199447632,0.5430801510810852,-1.2210496664047241,-0.2575397491455078,1.81938636302948,3.2294201850891113,3.6184072494506836,-6.34041690826416
479,2.5454821586608887,-2.3090884685516357,-6.202158451080322,1.630467414855957,0.8580077290534973,2.0405619144439697,-5.9045562744140625,-0.8923301696777344,9.302732467651367,13.554369926452637,13.923074722290039,-4.389297008514404,-0.538417637348175,-0.736251950263977,-0.7043006420135498,2.095663070678711,-2.686058282852173,0.7114959955215454,0.1441875696182251,-1.8376401662826538,-0.00022406474454328418,0.4806969165802002,1.5785709619522095,-15.668251037597656,0.4939630925655365,-0.47551432251930237,-1.2909612655639648,0.36600884795188904,0.23478573560714722,0.30431920289993286,-1.2721052169799805,-0.11881814897060394,2.189451217651367,3.069709300994873,3.5085110664367676,-5.788149356842041
480,2.7183783054351807,-2.7322676181793213,-5.892542839050293,1.6520259380340576,1.267073392868042,1.6854820251464844,-6.511868476867676,-0.4587007164955139,10.730956077575684,13.026652336120605,13.565725326538086,-4.238377571105957,-0.17531000077724457,-0.6925270557403564,-0.5563898086547852,2.9687066078186035,-2.476794481277466,0.7930500507354736,0.03372657299041748,-2.3002421855926514,-0.0002516290987841785,0.43942445516586304,1.7106568813323975,-15.643954277038574,0.5631206035614014,-0.6195455193519592,-1.1853758096694946,0.3656221926212311,0.2835310101509094,0.2948213219642639,-1.419265866279602,-0.03842698037624359,2.563896656036377,2.960413932800293,3.3789002895355225,-5.161556720733643
481,2.6114213466644287,-2.9722931385040283,-5.483837604522705,1.2707237005233765,1.5930992364883423,0.8714233636856079,-7.107601642608643,0.15060584247112274,11.976268768310547,12.437212944030762,13.163043975830078,-3.964886426925659,0.13981381058692932,-0.5235791206359863,-0.44775697588920593,3.7866430282592773,-2.201953411102295,0.5844497680664062,-0.031218308955430984,-2.638040542602539,-0.0002839122316800058,0.6517079472541809,1.7658586502075195,-15.613173484802246,0.5113604068756104,-0.6446722745895386,-1.0763022899627686,0.23335996270179749,0.3361286520957947,0.0681678056716919,-1.5570029020309448,0.11179573833942413,2.872492551803589,2.729445457458496,3.278684616088867,-4.333648204803467
482,2.6607718467712402,-3.2200987339019775,-5.138637065887451,0.7152159810066223,1.7635290622711182,0.6204668283462524,-7.598827838897705,0.7039603590965271,12.872225761413574,11.735194206237793,12.91954231262207,-3.539026975631714,0.4007449448108673,-0.5779145956039429,-0.36356931924819946,4.463203430175781,-1.8926438093185425,0.6837970614433289,-0.12915845215320587,-2.841860294342041,-0.000300457002595067,0.6146056056022644,1.9017531871795654,-15.596071243286133,0.5473506450653076,-0.6916795969009399,-1.009016513824463,0.08475354313850403,0.3521650433540344,0.0915953516960144,-1.65401291847229,0.19720549881458282,3.0654358863830566,2.5785393714904785,3.2318975925445557,-3.409374713897705
483,2.6324405670166016,-2.8511722087860107,-4.863341331481934,-0.07593514025211334,1.695959448814392,-0.24251994490623474,-8.048905372619629,1.451411485671997,13.535136222839355,10.977129936218262,12.715920448303223,-2.9038102626800537,0.6256904006004333,-0.49163705110549927,-0.3303232192993164,4.973343849182129,-1.5912846326828003,0.5714882612228394,-0.19898441433906555,-2.880121946334839,-0.0003181625506840646,0.6911044716835022,1.9660388231277466,-15.585670471191406,0.5351965427398682,-0.5343385934829712,-0.9585074186325073,-0.13116249442100525,0.3132306933403015,-0.16347724199295044,-1.7579375505447388,0.3564503788948059,3.2194974422454834,2.3315670490264893,3.216644048690796,-2.407899856567383
484,2.7375288009643555,-2.4719743728637695,-4.63608980178833,-1.1403000354766846,1.6331061124801636,-0.7245582938194275,-8.155561447143555,2.0314712524414062,14.162491798400879,10.249100685119629,12.648463249206543,-2.091937780380249,0.7913650870323181,-0.6716989278793335,-0.3749261498451233,5.139427185058594,-1.308650016784668,0.7808366417884827,-0.3001753091812134,-2.790452480316162,-0.00033000530675053596,0.45250892639160156,2.0952320098876953,-15.598219871520996,0.5790647268295288,-0.4514588415622711,-0.9176210761070251,-0.3178689181804657,0.3047105073928833,-0.2055324912071228,-1.7333300113677979,0.44249778985977173,3.4109342098236084,2.170539140701294,3.2283544540405273,-1.426244854927063
485,2.617379903793335,-1.8452304601669312,-4.403015613555908,-1.5957363843917847,1.7618589401245117,-1.6850860118865967,-8.2266263961792,2.5725157260894775,14.833976745605469,9.60035228729248,12.570207595825195,-1.1443442106246948,0.9502454996109009,-0.6943650841712952,-0.4368637204170227,5.224431037902832,-1.0044472217559814,0.8493243455886841,-0.3776041865348816,-2.5644338130950928,-0.00034773489460349083,0.2422255128622055,2.156106472015381,-15.60289478302002,0.5254431962966919,-0.29443100094795227,-0.8710160255432129,-0.3243694603443146,0.35668617486953735,-0.4540925621986389,-1.7520748376846313,0.5399075150489807,3.6461122035980225,1.9657902717590332,3.240453004837036,-0.46515461802482605
486,2.6256444454193115,-1.3315825462341309,-4.132061958312988,-2.071880340576172,1.991001844406128,-2.2806918621063232,-8.269391059875488,3.201617956161499,15.53398609161377,8.98082160949707,12.563199996948242,-0.11316485702991486,1.117314338684082,-0.8468120694160461,-0.4870914816856384,5.196084976196289,-0.6552213430404663,0.9951360821723938,-0.47944021224975586,-2.197160482406616,-0.0003640140639618039,0.06999722123146057,2.2779746055603027,-15.383589744567871,0.5478059649467468,-0.20282132923603058,-0.8111233115196228,-0.40776965022087097,0.4182090759277344,-0.5225130319595337,-1.761663794517517,0.6741043925285339,3.904423713684082,1.804311752319336,3.2583744525909424,0.5174006223678589
487,2.3814151287078857,-0.6031035780906677,-3.8620998859405518,-2.3231143951416016,2.0769131183624268,-3.251490354537964,-8.319947242736816,3.73867130279541,16.162614822387695,8.27492618560791,12.509936332702637,7.507596969604492,1.5650581121444702,-0.6213386654853821,-0.3131472170352936,4.153374195098877,-0.33129772543907166,0.8716688752174377,-0.6698583960533142,-3.7506089210510254,-0.000378965400159359,0.1081952452659607,2.4428980350494385,-5.719942092895508,0.4644143879413605,-0.025117473676800728,-0.7559380531311035,-0.42614319920539856,0.4217897653579712,-0.7599512934684753,-1.7824159860610962,0.7750243544578552,4.128238201141357,1.6167834997177124,3.2690083980560303,1.5369987487792969
488,5.364331245422363,0.5048761963844299,-3.196851968765259,-3.334185838699341,3.7554149627685547,-4.5275163650512695,-9.23523235321045,10.164010047912598,16.68906021118164,7.5276408195495605,12.617947578430176,15.174789428710938,2.7777390480041504,-0.17662720382213593,0.13076558709144592,2.255866050720215,0.30780547857284546,0.6210246086120605,-0.8867380619049072,-4.565243721008301,-0.0003757493104785681,0.39601147174835205,2.663386344909668,11.778425216674805,1.6173781156539917,0.24785946309566498,-0.555982232093811,-0.718018651008606,0.9811635613441467,-1.0648958683013916,-2.161754608154297,2.8537259101867676,4.3160223960876465,1.4609302282333374,3.3967037200927734,4.236428260803223
489,4.15049409866333,1.1781343221664429,-3.8419198989868164,-2.4851155281066895,6.547262668609619,-4.7508368492126465,-9.550058364868164,7.888892650604248,15.995884895324707,6.687568664550781,11.854772567749023,5.473639488220215,3.437814235687256,0.007984921336174011,0.27849116921424866,1.8360458612442017,1.508855938911438,0.6625211238861084,-0.9111157655715942,-3.244251012802124,-0.00034467707155272365,0.34578830003738403,2.704676628112793,15.697310447692871,0.7766724824905396,0.32498207688331604,-0.8536365628242493,-0.3807949125766754,1.7917289733886719,-0.9788307547569275,-2.1610095500946045,1.0978131294250488,3.7345526218414307,1.2968759536743164,2.986968517303467,3.2920210361480713
490,1.6209803819656372,0.4056652784347534,-3.5959577560424805,-0.8138399124145508,2.9344799518585205,-5.204153537750244,-8.433542251586914,2.620241403579712,15.166362762451172,3.1615307331085205,11.851161003112793,3.416903257369995,3.690584897994995,0.055364370346069336,0.34824636578559875,2.0567710399627686,1.9663777351379395,0.7134976387023926,-1.1355812549591064,-2.927095890045166,-0.00035000283969566226,0.08025115728378296,2.892596960067749,15.696521759033203,0.00033543258905410767,-0.02091069705784321,-0.6823785305023193,0.052565425634384155,0.14784204959869385,-1.0961703062057495,-1.6517384052276611,-0.12492339313030243,3.4215571880340576,0.1627597063779831,3.1395413875579834,4.4302167892456055
491,1.7866973876953125,-2.290365695953369,-3.9680752754211426,-0.790284276008606,3.5691351890563965,-5.330406665802002,-8.639479637145996,3.6452980041503906,15.626982688903809,0.6806880235671997,11.842329025268555,3.738595724105835,3.721271514892578,0.07258456945419312,0.2424016296863556,2.0270121097564697,2.5629630088806152,1.0370427370071411,-1.2537778615951538,-2.300833225250244,-0.00035746023058891296,-0.389905720949173,2.98146915435791,15.696866035461426,0.43604132533073425,-0.824511706829071,-0.841372013092041,-0.14435091614723206,0.8707817792892456,-1.0750823020935059,-1.9356502294540405,0.7996626496315002,3.8796844482421875,-0.20124347507953644,3.2048799991607666,4.817132949829102
492,1.9220772981643677,-2.6778736114501953,-3.754460096359253,-1.5904872417449951,3.0613560676574707,-6.677080154418945,-8.65654468536377,2.4858996868133545,15.534879684448242,-3.2452871799468994,11.436463356018066,3.7631709575653076,3.7005414962768555,-1.072130799293518,-0.17604771256446838,1.3758103847503662,2.910492181777954,0.43636709451675415,-1.6314822435379028,-2.2689876556396484,-0.00035667576594278216,-3.0317888259887695,3.175137996673584,15.699254035949707,0.4610311686992645,-0.5887154340744019,-0.7241393327713013,-0.39903685450553894,0.6096792817115784,-1.5068964958190918,-1.9129027128219604,0.3273555636405945,3.713207244873047,-1.221068024635315,2.9748966693878174,4.44818115234375
493,0.9896818995475769,-3.4757697582244873,-2.423675775527954,-1.3276009559631348,3.750509262084961,-3.9663782119750977,-8.995856285095215,0.8790909051895142,15.140167236328125,-8.989033699035645,10.61679744720459,3.600050449371338,3.4505794048309326,-1.920675277709961,-0.7316637635231018,0.5351617932319641,3.3273391723632812,3.4760055541992188,-2.0546391010284424,-2.6854088306427,-0.00033796520438045263,-15.69985580444336,3.343247175216675,15.698915481567383,0.08371541649103165,-0.8544825315475464,-0.31652697920799255,-0.2246764600276947,0.9505746960639954,-0.44392216205596924,-2.0945587158203125,-0.03542737662792206,3.5085296630859375,-3.701923131942749,2.666661024093628,3.9184772968292236
494,-1.9451327323913574,-3.5537869930267334,-1.8580182790756226,0.3502384126186371,3.1969199180603027,-5.330424785614014,-8.234868049621582,0.6152156591415405,15.15680980682373,-3.8955471515655518,8.808241844177246,3.464230537414551,2.7639355659484863,-3.3641953468322754,-1.1707268953323364,0.2551913261413574,3.720405340194702,2.1721999645233154,-2.4594616889953613,-3.0175602436065674,-0.00033958180574700236,-15.699838638305664,3.5577731132507324,15.69782543182373,-0.7381584644317627,-0.7922016382217407,-0.3101607859134674,0.28849735856056213,0.6485669612884521,-1.0907371044158936,-1.7551491260528564,0.07928641140460968,3.6069178581237793,-9.712699890136719,1.9452788829803467,3.718982219696045
495,-1.2430602312088013,-0.5501219630241394,-2.2306437492370605,-1.7602866888046265,3.586413621902466,-3.4889187812805176,-9.086589813232422,-0.4638439118862152,15.758910179138184,-4.522244930267334,7.381913185119629,3.429216146469116,2.125087022781372,-4.135887145996094,-1.4959425926208496,-0.41967400908470154,4.079025745391846,1.2435303926467896,-2.713775634765625,-3.659233331680298,0.001422527595423162,-15.693696022033691,3.693140983581543,15.698715209960938,-0.1468755304813385,0.3000936210155487,-0.5218645930290222,-0.6331759691238403,0.8955228924751282,-0.4489101767539978,-2.2843017578125,-0.2473800629377365,3.9644734859466553,-9.493743896484375,1.6457643508911133,3.769594669342041
496,-1.5675734281539917,-0.8547563552856445,-2.223421573638916,-1.5100836753845215,1.6196696758270264,-4.161590576171875,-8.904640197753906,-0.4988734722137451,15.853986740112305,-4.77768087387085,5.712586879730225,3.451584815979004,1.1223186254501343,-5.157111644744873,-2.010362386703491,-1.9077057838439941,3.8015148639678955,0.13376718759536743,-2.986112356185913,-3.0047593116760254,0.044120773673057556,-15.70009994506836,3.8115720748901367,1.669276237487793,-0.3368399441242218,-0.24795474112033844,-0.47202613949775696,-0.2780708968639374,0.07890088111162186,-0.9094666838645935,-2.0666298866271973,-0.12059442698955536,3.8743724822998047,-9.450393676757812,1.1602954864501953,3.873833417892456
497,-3.6023974418640137,-1.9796290397644043,-2.6293423175811768,2.2341392040252686,-1.860170602798462,-2.334177255630493,-8.029816627502441,8.18360710144043,16.233320236206055,-4.856283187866211,5.446079254150391,14.381898880004883,-0.1098686158657074,-5.818965435028076,-2.0301382541656494,-2.365602970123291,2.5129518508911133,-0.758230984210968,-3.400979518890381,-0.335101842880249,0.03216607868671417,-15.67280101776123,4.181690216064453,-0.14733868837356567,-0.9762086272239685,-0.6686636209487915,-0.6309776902198792,0.9159404039382935,-0.8082094788551331,-0.24196571111679077,-1.7420741319656372,2.865009307861328,4.113801956176758,-9.160956382751465,1.342890739440918,3.7509093284606934
498,-2.814204216003418,2.866607666015625,-1.7150745391845703,-1.0157829523086548,0.5886133909225464,-1.9358729124069214,-7.271653175354004,7.211049556732178,16.757904052734375,-4.859972953796387,2.280550003051758,14.980384826660156,-1.0696195363998413,-5.046667098999023,-1.836715579032898,-2.168297529220581,1.2767693996429443,-1.4868111610412598,-3.6742587089538574,-1.3286206722259521,0.0670362338423729,-15.667155265808105,4.451389789581299,1.356166124343872,-0.4801136553287506,1.1411691904067993,-0.23757115006446838,-0.6517511606216431,0.4355303645133972,-0.3527805209159851,-1.6035423278808594,1.427436113357544,4.353742599487305,-8.188051223754883,0.06388348340988159,3.3295810222625732
499,-3.1865289211273193,0.22299180924892426,0.42896872758865356,-0.15695993602275848,2.147639274597168,-2.371352195739746,-6.599143981933594,7.838930606842041,16.7366886138916,-4.811874866485596,-2.3703548908233643,13.353190422058105,-2.3413279056549072,-4.852445602416992,-1.740363359451294,-2.0494589805603027,0.6853405237197876,-2.3580188751220703,-3.588017702102661,-1.4444866180419922,-3.3858203887939453,-15.570698738098145,4.403711318969727,1.4330655336380005,-0.7305368185043335,-0.256892591714859,0.38081273436546326,0.09061959385871887,0.6663896441459656,-0.5695090889930725,-1.4574980735778809,1.6119978427886963,4.215691089630127,-7.670776844024658,-1.04781174659729,3.2124264240264893
