step,tau_0,tau_1,tau_2,tau_3,tau_4,tau_5,tau_6,tau_7,tau_8,tau_9,tau_10,tau_11,vel_0,vel_1,vel_2,vel_3,vel_4,vel_5,vel_6,vel_7,vel_8,vel_9,vel_10,vel_11,act_0,act_1,act_2,act_3,act_4,act_5,act_6,act_7,act_8,act_9,act_10,act_11
0,10.691916465759277,-9.447554588317871,6.968681335449219,-9.373821258544922,-5.336753845214844,-11.662705421447754,13.635721206665039,13.64693832397461,6.366325378417969,11.022340774536133,13.022976875305176,13.076452255249023,0.829352617263794,-1.1283917427062988,2.062061309814453,-2.5880532264709473,2.0148048400878906,0.8086369037628174,7.55358362197876,7.166921615600586,-2.0749337673187256,-1.5704423189163208,-6.022762298583984,-5.398541450500488,4.663262844085693,-3.8108277320861816,2.5457351207733154,-3.766505241394043,-1.8720084428787231,-5.541391849517822,9.611475944519043,9.669904708862305,2.2870118618011475,4.9340314865112305,7.581523895263672,7.705825328826904
1,11.379229545593262,-12.596135139465332,5.905335426330566,-7.975224494934082,-14.918647766113281,-11.635075569152832,13.04669189453125,11.785795211791992,5.162117004394531,5.5204243659973145,21.336700439453125,19.651004791259766,9.771711349487305,-11.529828071594238,3.926957368850708,-6.5474724769592285,-6.222920894622803,-6.2689690589904785,9.274735450744629,8.948861122131348,1.549666404724121,2.0826501846313477,-4.029667854309082,-3.1705222129821777,2.7514326572418213,-3.72723388671875,1.2101069688796997,-1.7331509590148926,-5.744029998779297,-2.413870096206665,5.878037929534912,4.1692609786987305,0.7161264419555664,0.2371583878993988,5.092620849609375,4.338028430938721
2,8.100127220153809,-8.070588111877441,3.6990737915039062,-7.493014335632324,-13.6954927444458,-10.055595397949219,13.102025985717773,12.526135444641113,11.763733863830566,7.798574447631836,18.021324157714844,20.323572158813477,16.871095657348633,-18.4362735748291,5.335250377655029,-11.819703102111816,-12.919149398803711,-11.099747657775879,12.390771865844727,11.599428176879883,5.964055061340332,5.732555389404297,-1.8134527206420898,-0.3690927028656006,2.70019793510437,-2.9504687786102295,0.575599730014801,-2.170865535736084,-5.550988674163818,-3.108826160430908,5.886059284210205,5.5156707763671875,4.811692237854004,2.408724784851074,3.249110221862793,5.235414981842041
3,4.907173156738281,-4.679267406463623,1.912000298500061,-5.7380290031433105,-10.85091781616211,-8.96035385131836,11.904679298400879,12.018147468566895,12.1476469039917,9.932220458984375,15.108778953552246,18.61363410949707,19.309114456176758,-21.909576416015625,6.163488388061523,-17.086790084838867,-15.227754592895508,-13.121474266052246,16.182966232299805,14.43815803527832,10.889008522033691,9.734560012817383,-1.0479196310043335,3.2726898193359375,2.287656545639038,-2.490607976913452,0.20756344497203827,-1.9823155403137207,-6.051116943359375,-3.61491322517395,6.866070747375488,6.4882330894470215,6.154657363891602,4.459026336669922,2.953742742538452,5.142360687255859
4,3.2328813076019287,-3.0306150913238525,1.5213148593902588,-3.397754192352295,-9.725984573364258,-8.233633041381836,9.477028846740723,10.419166564941406,8.831704139709473,8.85947036743164,13.322222709655762,15.241657257080078,18.610763549804688,-23.485401153564453,7.691378593444824,-20.38788414001465,-16.254507064819336,-14.946789741516113,19.160367965698242,16.451580047607422,15.700017929077148,15.70128345489502,1.2457600831985474,7.508130073547363,1.5734666585922241,-2.2623815536499023,0.32835865020751953,-1.3999388217926025,-6.020901679992676,-3.5045251846313477,6.459362030029297,6.179067611694336,6.443972587585449,5.520145893096924,2.612260580062866,4.8311591148376465
5,2.6349194049835205,-2.0889663696289062,1.116658329963684,-1.9922876358032227,-8.848492622375488,-7.063386917114258,7.315690040588379,8.999750137329102,4.425489902496338,4.193089485168457,10.792072296142578,11.28617000579834,16.493709564208984,-20.237194061279297,8.945405006408691,-20.698110580444336,-16.07242774963379,-14.09582805633545,20.433889389038086,16.72794532775879,15.700006484985352,15.699881553649902,3.8857994079589844,11.631957054138184,1.1193493604660034,-1.7617563009262085,0.24512700736522675,-1.0263044834136963,-5.241140365600586,-3.1205263137817383,5.838651657104492,5.732949733734131,6.770008087158203,6.427404880523682,2.318716526031494,4.707028865814209
6,1.5222209692001343,-2.1361002922058105,0.8538292050361633,-1.5073434114456177,-8.63902473449707,-6.8925251960754395,6.327643394470215,8.794947624206543,4.511674404144287,4.437185764312744,9.918036460876465,7.644855976104736,14.548635482788086,-18.46925926208496,9.369847297668457,-18.89383888244629,-16.4967041015625,-14.325549125671387,20.076414108276367,16.845605850219727,15.700002670288086,15.699488639831543,6.9481682777404785,15.458747863769531,0.20220640301704407,-0.9170393943786621,0.20509852468967438,-0.7927393317222595,-4.783910274505615,-2.717467784881592,5.530707836151123,5.755344390869141,6.750815391540527,6.889333248138428,2.878683090209961,4.8900604248046875
7,0.3586142957210541,-1.0653542280197144,0.4025859534740448,-1.5319609642028809,-8.135902404785156,-6.371521472930908,6.532535552978516,8.726161003112793,4.525169372558594,4.562933921813965,8.93612003326416,4.217111110687256,12.280248641967773,-17.058696746826172,8.119086265563965,-16.508249282836914,-17.01252555847168,-14.715666770935059,19.987001419067383,17.3587703704834,15.700005531311035,15.699264526367188,14.166093826293945,15.70002269744873,-0.2177838683128357,-0.04982295632362366,0.032867178320884705,-0.7341077923774719,-4.582308769226074,-2.5474371910095215,5.6187615394592285,5.801092147827148,6.596889495849609,7.124546527862549,3.410865068435669,4.9848952293396
8,-0.9545562863349915,1.3070179224014282,-0.7329385876655579,-1.7165247201919556,-7.762356758117676,-5.9817023277282715,6.670006275177002,8.367713928222656,4.5192437171936035,4.613531112670898,4.3778276443481445,4.035947799682617,9.562317848205566,-14.953057289123535,5.364138126373291,-14.977232933044434,-17.423431396484375,-14.790640830993652,19.99117660522461,17.836395263671875,15.700000762939453,15.7000093460083,15.678958892822266,15.699854850769043,-0.31902340054512024,0.6497995853424072,-0.27065110206604004,-0.7241517901420593,-4.631951332092285,-2.4894375801086426,5.9289231300354,5.736473083496094,6.517413139343262,7.126465797424316,3.79120135307312,5.084981918334961
9,-3.004216194152832,6.004521369934082,-2.1169064044952393,-1.6912404298782349,-7.487817764282227,-5.984726905822754,6.766753196716309,7.973924160003662,4.533833026885986,4.610349178314209,3.5652854442596436,4.062545299530029,6.749444961547852,-11.35295581817627,2.594012975692749,-13.712111473083496,-17.808069229125977,-14.73514461517334,20.402578353881836,18.22954750061035,15.700007438659668,15.700003623962402,15.699995994567871,15.69974422454834,-0.6741642951965332,1.2549774646759033,-0.5241010189056396,-0.6187682747840881,-4.621596336364746,-2.597459077835083,6.1853718757629395,5.542917251586914,6.637360572814941,6.936916828155518,4.400805473327637,5.129399299621582
10,-3.2459919452667236,6.227110385894775,-2.927800178527832,-1.4710155725479126,-7.351246356964111,-6.380720138549805,6.546920299530029,7.647100448608398,4.550824165344238,4.540805816650391,3.754136800765991,4.067383289337158,4.198344707489014,-8.469611167907715,0.031262509524822235,-12.865257263183594,-18.3856201171875,-15.253609657287598,20.615808486938477,18.503881454467773,15.700003623962402,15.700007438659668,15.70000171661377,15.699657440185547,-0.5827950239181519,0.9865744113922119,-0.6633079648017883,-0.45318758487701416,-4.822381496429443,-2.9247169494628906,6.258129596710205,5.437322616577148,6.719415664672852,6.432216644287109,4.687919616699219,5.104939937591553
11,-3.2330639362335205,6.25543212890625,-2.7715542316436768,-1.0494558811187744,-7.015902042388916,-6.388610363006592,6.384056568145752,7.322836875915527,4.561384677886963,4.460916519165039,3.8854448795318604,4.0670952796936035,2.0838983058929443,-5.802552223205566,-1.6704578399658203,-12.000956535339355,-18.908849716186523,-15.877320289611816,20.513486862182617,18.680843353271484,15.700000762939453,15.700003623962402,15.700006484985352,15.699604034423828,-0.5954103469848633,1.0410723686218262,-0.5662158727645874,-0.25094038248062134,-4.770847320556641,-3.0018324851989746,6.08725118637085,5.137236595153809,6.747626304626465,6.104176044464111,4.870974063873291,5.0955281257629395
12,-2.8977160453796387,6.304541110992432,-2.33358097076416,-0.5872044563293457,-6.653196334838867,-6.184892177581787,6.3944411277771,7.012271404266357,4.568193435668945,4.387431621551514,3.980379819869995,4.0585246086120605,0.5067833662033081,-3.125171184539795,-2.4762470722198486,-10.966474533081055,-19.300012588500977,-16.369461059570312,20.28502082824707,18.776779174804688,15.700010299682617,15.699999809265137,15.699995040893555,15.699573516845703,-0.5272552967071533,1.1323771476745605,-0.45583248138427734,-0.0811496302485466,-4.6568145751953125,-2.980313301086426,5.889546871185303,4.814969062805176,6.767193794250488,5.868162631988525,5.039089202880859,5.060525417327881
13,-2.4041507244110107,6.396483898162842,-1.9879955053329468,-0.0848497748374939,-6.413760185241699,-5.935444355010986,6.446696758270264,6.727880001068115,4.567411422729492,4.3377814292907715,4.061070919036865,4.035106182098389,1.6350207328796387,1.6904575824737549,0.5663038492202759,-3.361008882522583,-17.87570571899414,-18.569271087646484,16.121126174926758,14.469738960266113,14.699956893920898,15.290226936340332,15.700239181518555,15.693570137023926,-0.4279477000236511,1.2559256553649902,-0.3935587406158447,0.08572394400835037,-4.683446884155273,-2.916398525238037,5.623481750488281,4.509455680847168,6.740756988525391,5.759972095489502,5.21854305267334,4.979520320892334
14,-1.6961780786514282,1.3473469018936157,-0.38179877400398254,2.786052942276001,-7.550412178039551,-4.693309307098389,9.171341896057129,9.685318946838379,5.6284074783325195,4.8187150955200195,4.058745861053467,4.0244622230529785,1.7778786420822144,3.6773152351379395,0.8095369935035706,-0.9741700291633606,-19.27300262451172,-18.717653274536133,17.342283248901367,16.035160064697266,15.699997901916504,15.700024604797363,15.69199275970459,15.632091522216797,-0.22118040919303894,-0.2971998155117035,0.16397754848003387,0.8627614378929138,-5.316770076751709,-2.5803306102752686,5.73504114151001,5.372402191162109,6.8415374755859375,6.262324333190918,5.073265552520752,4.9525227546691895
15,-0.8390432596206665,2.347043037414551,0.8016510009765625,2.8221147060394287,-6.808564186096191,-4.384372234344482,8.380542755126953,8.850909233093262,4.588446617126465,4.445939064025879,4.136529445648193,4.066033363342285,2.248791456222534,6.1263556480407715,2.29455304145813,1.3684433698654175,-19.69493865966797,-18.6129207611084,17.915346145629883,16.915895462036133,15.663494110107422,15.69507884979248,15.700000762939453,15.699995994567871,-0.04957946389913559,0.7061593532562256,0.32508623600006104,0.5799791216850281,-5.366509437561035,-2.4259231090545654,5.773016452789307,5.355902671813965,6.865602493286133,6.346870422363281,5.381008148193359,4.919949531555176
16,-0.0532144233584404,2.6563565731048584,1.9714559316635132,3.3460159301757812,-6.8169264793396,-4.438771724700928,8.075733184814453,8.410985946655273,4.622189998626709,4.464159965515137,4.219009876251221,4.004550933837891,3.1160855293273926,8.777242660522461,4.671025276184082,3.831571102142334,-19.91068458557129,-18.563756942749023,18.215492248535156,17.446685791015625,15.650411605834961,15.69076156616211,15.700004577636719,15.69998550415039,0.08913878351449966,0.7618364095687866,0.6048573851585388,0.8119571208953857,-6.108062744140625,-2.5566396713256836,5.971496105194092,5.502946376800537,6.804562568664551,6.3276543617248535,5.680531978607178,4.946021556854248
17,0.9252284169197083,2.6348695755004883,2.449982166290283,3.795973777770996,-6.852023601531982,-4.257247447967529,7.966401100158691,8.13925552368164,4.5959792137146,4.462235927581787,4.299019813537598,4.007164001464844,4.244431972503662,11.409708976745605,7.316154956817627,6.1850385665893555,-20.02100944519043,-18.46729850769043,18.435243606567383,17.7624454498291,15.671053886413574,15.689850807189941,15.700003623962402,15.699946403503418,0.35127905011177063,0.8028552532196045,0.6869704127311707,0.9972022175788879,-6.3865180015563965,-2.3244614601135254,6.170775890350342,5.560512542724609,6.529003143310547,6.25400972366333,5.914039611816406,4.955167293548584
18,1.9572497606277466,2.5069844722747803,2.6552700996398926,4.2566657066345215,-6.782134056091309,-3.302088499069214,7.879720687866211,7.909909248352051,4.496986389160156,4.444777011871338,4.353466510772705,4.0308098793029785,5.684100151062012,14.065874099731445,10.032280921936035,8.413849830627441,-20.051794052124023,-18.114696502685547,18.58851432800293,17.907651901245117,15.700004577636719,15.687263488769531,15.700010299682617,15.699480056762695,0.6255751848220825,0.8593189716339111,0.7899899482727051,1.2334538698196411,-6.119574546813965,-1.4076716899871826,6.259144306182861,5.428008556365967,6.134191513061523,6.156594753265381,6.041178226470947,5.045999526977539
19,2.9377236366271973,2.223557233810425,2.922440528869629,4.94159460067749,-6.344051361083984,-0.11148130893707275,7.744735240936279,7.600308895111084,4.34425163269043,4.418613910675049,4.369088649749756,4.098403453826904,1.808138370513916,11.021902084350586,6.097217082977295,4.716765403747559,-19.377899169921875,-15.948260307312012,16.010637283325195,15.651698112487793,14.419856071472168,13.594752311706543,14.38099193572998,15.700026512145996,0.9147839546203613,0.8626251220703125,1.008626103401184,1.6348341703414917,-4.832851409912109,1.0637069940567017,6.0679521560668945,4.9528350830078125,5.629437446594238,6.030308246612549,6.00575065612793,5.291816711425781
20,4.005133628845215,3.849393129348755,7.6680827140808105,9.804068565368652,-3.717071056365967,16.624387741088867,9.49903678894043,8.678693771362305,5.579212665557861,6.291010856628418,5.6710920333862305,4.2658233642578125,4.289000988006592,14.350259780883789,10.16748332977295,8.605786323547363,-19.25005340576172,-12.749658584594727,16.180137634277344,15.81098747253418,15.684213638305664,15.636102676391602,15.652727127075195,15.678526878356934,0.9502214193344116,1.5186022520065308,2.9581103324890137,3.4842910766601562,-0.9574573636054993,4.896874904632568,6.16597318649292,4.572808265686035,5.731983184814453,5.281803607940674,5.8984575271606445,5.999870777130127
21,-2.6745216846466064,4.690548896789551,6.0055670738220215,8.179252624511719,9.77575397491455,24.744911193847656,6.766775608062744,5.185459613800049,4.245126247406006,-0.7053537368774414,4.351826190948486,4.187854766845703,4.348788261413574,17.157575607299805,12.455615043640137,10.46104907989502,-16.250173568725586,-3.8101470470428467,15.874253273010254,15.20207405090332,15.677071571350098,2.7666077613830566,15.595584869384766,15.682546615600586,-1.3874077796936035,2.358119249343872,1.8277530670166016,2.473506450653076,4.255195617675781,7.610134601593018,2.3496243953704834,1.2597041130065918,5.373747825622559,-3.122654438018799,5.656872272491455,5.184619903564453
22,-12.560956954956055,1.4004615545272827,1.0915673971176147,6.894284248352051,24.437217712402344,21.531583786010742,0.935357928276062,-3.4298794269561768,4.0994181632995605,-15.838513374328613,4.149342060089111,3.708648681640625,0.20320333540439606,16.612327575683594,12.004762649536133,10.147953987121582,-9.325779914855957,5.996112823486328,14.54532527923584,13.09656810760498,10.334810256958008,-17.05931854248047,15.708905220031738,15.509563446044922,-4.188564300537109,-0.10958346724510193,-0.5915908217430115,2.12972354888916,8.936553001403809,6.121823787689209,-1.3253192901611328,-2.40641188621521,4.879810333251953,-10.361955642700195,4.67183256149292,3.728057384490967
23,-7.007725715637207,-2.1061627864837646,-5.813736438751221,4.807282447814941,24.97403335571289,13.12247371673584,-3.7588961124420166,-7.469897270202637,-9.861940383911133,-2.7236545085906982,3.6807191371917725,3.7830584049224854,-3.5692543983459473,12.6244535446167,8.628570556640625,8.273025512695312,4.198106288909912,7.764087200164795,10.926715850830078,8.95883846282959,-15.693942070007324,-15.662924766540527,15.68679141998291,15.565729141235352,-0.8665627837181091,-0.8974020481109619,-1.7046815156936646,1.0244861841201782,6.970482349395752,3.407480239868164,-1.1299095153808594,-1.478062391281128,-13.283659934997559,-6.74751615524292,3.8391098976135254,4.071671485900879
24,-0.9362401962280273,-1.6468945741653442,-10.798707962036133,1.9268999099731445,14.842095375061035,10.748501777648926,-3.871877908706665,-4.621979713439941,-3.427982807159424,-4.1042914390563965,3.508247137069702,3.813014268875122,-5.35351037979126,9.4972505569458,5.096372604370117,6.325284004211426,7.341780662536621,9.103903770446777,8.966712951660156,7.142822265625,-15.68285083770752,-15.33071517944336,15.686660766601562,15.548377990722656,0.5769128799438477,-0.20593249797821045,-2.441741943359375,-0.08123870939016342,3.9173531532287598,2.9908623695373535,-0.612433135509491,-0.49508747458457947,-7.806563377380371,-5.304287433624268,3.7156951427459717,4.391806125640869
25,-0.42554035782814026,-1.022179126739502,-10.73008918762207,0.8339133262634277,12.910032272338867,8.645025253295898,-3.763252019882202,-3.9590024948120117,-4.2354888916015625,-4.46058464050293,3.481963872909546,3.9722609519958496,-6.930997848510742,6.907977104187012,1.7408260107040405,4.365420818328857,10.239730834960938,10.200262069702148,7.250032901763916,5.653762340545654,-15.68855094909668,-15.360832214355469,15.69157600402832,15.569883346557617,-0.03090750426054001,-0.10432001948356628,-2.062727689743042,-0.0023741647601127625,4.282398223876953,2.3856263160705566,-0.5908357501029968,-0.5948102474212646,-7.732213020324707,-5.2895941734313965,3.853330612182617,4.778066158294678
26,-0.3051367998123169,0.23521959781646729,-10.72317123413086,0.6909346580505371,10.702773094177246,7.624019145965576,-4.509086608886719,-4.145013332366943,-4.518924713134766,-4.422510147094727,3.4036197662353516,3.8608362674713135,-8.158604621887207,1.1368823051452637,-1.2419612407684326,2.5791852474212646,12.65395450592041,5.679178714752197,5.550476551055908,5.475780487060547,-15.699386596679688,-7.1072893142700195,15.619827270507812,11.684653282165527,-0.06313001364469528,0.20549330115318298,-2.329061269760132,0.1286417543888092,3.7768330574035645,2.3749427795410156,-0.8332982659339905,-0.7426797747612,-7.419528961181641,-5.17497444152832,3.6784133911132812,4.275813579559326
27,-1.043031930923462,3.0101747512817383,-9.567445755004883,-0.7225096225738525,9.173074722290039,11.025936126708984,-3.4434654712677,-5.6464996337890625,-4.552556991577148,-12.323860168457031,3.53389573097229,6.8298020362854,-9.334768295288086,-0.6090949773788452,-3.6313364505767822,0.7245355844497681,14.916099548339844,6.956354141235352,4.20065975189209,7.784661769866943,-15.700011253356934,-11.39578628540039,15.672855377197266,0.0004249012563377619,-0.42525720596313477,1.0176849365234375,-2.1051385402679443,-0.3301224112510681,3.745222806930542,3.5371360778808594,-0.48633378744125366,-1.1495801210403442,-6.808815956115723,-5.416314601898193,3.965085744857788,3.817946434020996
28,-1.4491866827011108,5.812188148498535,-7.926835060119629,-1.825905203819275,8.169580459594727,9.531079292297363,-4.092657089233398,-7.682236671447754,-4.49371862411499,-8.18527889251709,3.4059064388275146,14.521503448486328,-10.486063003540039,-1.3316096067428589,-5.502247333526611,-0.3636467158794403,17.1195011138916,7.8423542976379395,2.9076943397521973,6.387436389923096,-15.69974136352539,-12.627059936523438,15.695539474487305,0.026210611686110497,-0.5114438533782959,1.5341147184371948,-1.7509716749191284,-0.5075613856315613,4.072704792022705,2.5418355464935303,-0.817652702331543,-1.4410935640335083,-6.277924537658691,-5.1880011558532715,3.647142171859741,3.0168118476867676
29,-2.6541831493377686,7.979517459869385,-6.3560919761657715,-1.040031909942627,6.500881195068359,7.7234296798706055,-5.587767601013184,-6.9543962478637695,-4.468202114105225,-7.2533345222473145,3.121614456176758,13.20083999633789,-11.750219345092773,-1.5375958681106567,-6.147369384765625,-1.112457036972046,18.767534255981445,8.080535888671875,6.311514377593994,5.090989589691162,-15.664402961730957,-12.92406940460205,-0.001962029840797186,0.0003079401794821024,-1.0971397161483765,1.8821117877960205,-1.433577060699463,-0.11320707947015762,3.3296079635620117,1.9305051565170288,-1.2481911182403564,-1.1191859245300293,-6.262041091918945,-5.901801586151123,3.0764143466949463,2.744288206100464
30,-4.0419464111328125,9.689340591430664,-4.572579860687256,-1.051477313041687,5.150176048278809,6.360180377960205,-9.401946067810059,-7.472782611846924,-4.501967906951904,-7.065484046936035,5.133921146392822,10.570345878601074,-12.567081451416016,-0.9919552803039551,-6.93682336807251,-1.1525142192840576,19.88131332397461,7.813631057739258,4.403153896331787,3.708766222000122,-15.698445320129395,-12.845149993896484,-0.002297312021255493,0.016977662220597267,-1.7426754236221313,2.20209002494812,-0.888766348361969,-0.2237454354763031,2.8562426567077637,1.5603371858596802,-2.028576612472534,-1.4061470031738281,-6.31264591217041,-5.946972370147705,-0.19857150316238403,1.8512332439422607
31,-4.716783046722412,10.170502662658691,-3.6470301151275635,-0.29262441396713257,3.941763401031494,4.696153163909912,-9.281061172485352,-7.686514377593994,-4.486151695251465,-7.152339935302734,0.28272733092308044,7.83498477935791,-8.593545913696289,-0.2789890170097351,-7.282049179077148,-0.6723496317863464,15.44884967803955,7.102554798126221,2.4132988452911377,2.2290477752685547,-10.343266487121582,-13.054980278015137,0.00788603164255619,-0.09670865535736084,-1.9144867658615112,2.2007710933685303,-0.8218697309494019,0.04415363818407059,2.1927123069763184,0.9684625864028931,-1.737656831741333,-1.4755135774612427,-6.44332218170166,-5.839742183685303,-0.5933565497398376,1.2319295406341553
32,-7.345221996307373,10.256406784057617,-2.6496009826660156,1.172926425933838,5.941460609436035,4.089808940887451,-7.313885688781738,-6.438960552215576,-9.832160949707031,-6.8625922203063965,-7.300461769104004,5.130822658538818,-3.8094940185546875,0.09146298468112946,-7.164522647857666,-0.23921535909175873,9.933412551879883,6.262231826782227,4.131117820739746,0.8597956299781799,-7.01108980178833,-13.239777565002441,-10.536664962768555,0.03063395619392395,-2.5778160095214844,2.227677345275879,-0.535469651222229,0.42415064573287964,2.8151743412017822,0.9514044523239136,-1.2030549049377441,-1.105857014656067,-5.981993675231934,-5.566588878631592,-2.7448842525482178,0.6608442664146423
33,-9.706418991088867,10.287559509277344,-2.2632663249969482,1.3344253301620483,9.12348461151123,4.548557758331299,-3.82179594039917,-4.027324676513672,-12.96846866607666,-6.684142589569092,-6.861277103424072,1.6903318166732788,-4.213690757751465,0.27055948972702026,-7.466413974761963,-0.08036640286445618,10.965402603149414,5.87937593460083,4.887554168701172,0.11459190398454666,-12.14908218383789,-13.411722183227539,-15.705122947692871,0.022661833092570305,-2.559918165206909,2.2402048110961914,-0.5262497663497925,0.28869056701660156,3.403656482696533,1.2279685735702515,-0.21754330396652222,-0.5077928900718689,-5.707976341247559,-5.675926685333252,-5.400269508361816,-0.11654770374298096
34,-9.640036582946777,10.092799186706543,-1.796687126159668,0.9240186214447021,7.367730140686035,4.759086608886719,-2.459866762161255,-2.395953893661499,-7.897262096405029,-6.544364929199219,-3.894252300262451,-5.922801971435547,-4.033743858337402,0.629345178604126,-7.812854766845703,-0.3674316108226776,10.534790992736816,5.660995960235596,4.243882656097412,3.2772936820983887,-12.3651704788208,-13.635119438171387,-15.702747344970703,-11.472796440124512,-2.456319570541382,2.1589698791503906,-0.40139907598495483,0.13069921731948853,2.1943135261535645,1.233183741569519,-0.2575942873954773,-0.2738678455352783,-5.9679107666015625,-5.7694878578186035,-6.081501007080078,-2.382927894592285
35,-9.580408096313477,10.191636085510254,-1.1355527639389038,0.03389342501759529,7.245551586151123,4.156475067138672,-3.2466259002685547,-1.4862911701202393,-7.796625137329102,-6.369715690612793,-4.216493606567383,-5.910444259643555,-4.744528293609619,0.9710727334022522,-8.220486640930176,-0.584971010684967,11.156158447265625,5.649083137512207,3.4158239364624023,4.3069868087768555,-13.44569206237793,-13.913311004638672,-15.69720458984375,-15.68000602722168,-2.3769583702087402,2.2741384506225586,-0.19273225963115692,-0.11173390597105026,2.3479056358337402,0.9297902584075928,-0.6708332300186157,-0.12856756150722504,-6.318211555480957,-5.893247604370117,-6.194778919219971,-5.307101726531982
36,-9.140588760375977,10.087736129760742,-0.6630216240882874,-0.43909674882888794,5.3396315574646,3.604369640350342,-4.137165069580078,-3.1172091960906982,-6.790813446044922,-6.118156433105469,-4.372622013092041,-3.8134076595306396,-5.7214555740356445,1.5245068073272705,-8.645654678344727,-0.676959216594696,11.700399398803711,5.878432273864746,2.3135530948638916,3.657268524169922,-14.04382610321045,-14.272109985351562,-15.682896614074707,-15.674360275268555,-2.3119699954986572,2.2428159713745117,-0.09957464039325714,-0.15378594398498535,1.3801562786102295,0.8042268753051758,-0.8688792586326599,-0.7362512350082397,-6.530144691467285,-5.919200897216797,-6.336793422698975,-5.820918560028076
37,-8.532539367675781,9.729537963867188,-0.21011300384998322,-0.7080410718917847,3.2470154762268066,2.737396717071533,-4.451337814331055,-5.156442642211914,-6.245893955230713,-5.766730785369873,-4.467972755432129,-4.177388668060303,-6.710158348083496,1.6557917594909668,-9.016611099243164,-0.7312878966331482,11.939512252807617,5.776732921600342,1.007239580154419,2.512108325958252,-14.40900993347168,-14.249674797058105,-15.681443214416504,-15.663955688476562,-2.2156283855438232,2.168060779571533,0.023356065154075623,-0.18182790279388428,0.6433680057525635,0.5447261929512024,-0.8930655717849731,-1.1940391063690186,-6.720157623291016,-5.903178691864014,-6.472436904907227,-6.045506954193115
38,-7.923962593078613,9.577873229980469,-0.11482396721839905,-0.8562949895858765,1.6996444463729858,2.344926118850708,-4.743902206420898,-6.820771217346191,-5.893632888793945,-5.739424228668213,-4.51931619644165,-4.3478593826293945,-7.655843257904053,2.6549317836761475,-9.31877613067627,-0.689191460609436,11.967605590820312,6.114280700683594,-0.4741768538951874,0.9388982653617859,-14.640872955322266,-14.745545387268066,-15.654522895812988,-15.67243480682373,-2.1289734840393066,2.1504735946655273,-0.015338853001594543,-0.19607508182525635,0.23096656799316406,0.5157749056816101,-0.9934867024421692,-1.5380672216415405,-6.723579406738281,-5.697011470794678,-6.593226909637451,-6.142916202545166
39,-7.279660224914551,8.795799255371094,0.06195857375860214,-1.1323113441467285,0.3000708222389221,1.8104254007339478,-5.27139949798584,-8.286463737487793,-5.6419572830200195,-5.14794397354126,-4.579098224639893,-4.412605285644531,-8.62466049194336,2.7994766235351562,-9.693408012390137,-0.7234982252120972,11.724713325500488,6.117684841156006,-2.1712093353271484,-1.1115021705627441,-14.808510780334473,-14.613709449768066,-15.64340877532959,-15.67019271850586,-2.008600950241089,1.972332239151001,0.037628576159477234,-0.2695612609386444,-0.20970743894577026,0.3711664378643036,-1.1985390186309814,-1.9427999258041382,-6.603857040405273,-5.3629631996154785,-6.679075241088867,-6.1973090171813965
40,-6.6914753913879395,8.560112953186035,0.44106465578079224,-1.386159896850586,-1.8786417245864868,1.641932725906372,-5.518548965454102,-9.184135437011719,-5.43553352355957,-5.144284248352051,-4.6121134757995605,-4.442147254943848,-9.285048484802246,2.7803235054016113,-9.960073471069336,-0.7408952713012695,10.834824562072754,6.080338001251221,-4.008103847503662,-3.5328195095062256,-14.877945899963379,-14.625511169433594,-15.652775764465332,-15.675926208496094,-1.9255236387252808,1.967081904411316,0.10491733253002167,-0.319411039352417,-0.5191851258277893,0.38485947251319885,-1.3006333112716675,-2.2684693336486816,-6.441372871398926,-5.054835796356201,-6.742504119873047,-6.185333728790283
41,-6.261946201324463,8.673209190368652,0.9712681174278259,-1.757865309715271,-2.398885488510132,1.5977741479873657,-5.699179649353027,-9.801996231079102,-5.305160045623779,-4.955840110778809,-4.611600875854492,-4.434761047363281,-9.443595886230469,3.31943416595459,-9.953377723693848,-0.6906684637069702,9.820324897766113,6.244760036468506,-5.95591926574707,-6.173321723937988,-14.852537155151367,-14.812868118286133,-15.649700164794922,-15.67239761352539,-1.8591694831848145,2.047261953353882,0.19889645278453827,-0.41242411732673645,-0.408739298582077,0.3935586214065552,-1.4421634674072266,-2.690068006515503,-6.193301200866699,-4.669419765472412,-6.747491836547852,-6.110372066497803
42,-6.093982219696045,8.52521800994873,1.5215665102005005,-2.09660005569458,-2.6308772563934326,1.7139374017715454,-5.794986724853516,-9.940972328186035,-5.257546901702881,-4.602407455444336,-4.614104270935059,-4.403796195983887,-9.373826026916504,3.6297521591186523,-9.75484848022461,-0.7075474858283997,8.871576309204102,6.401270866394043,-7.988979816436768,-8.94391918182373,-14.871699333190918,-14.78829574584961,-15.658649444580078,-15.675421714782715,-1.8414045572280884,2.038788318634033,0.28419238328933716,-0.476609468460083,-0.42720985412597656,0.4553234875202179,-1.5894969701766968,-3.0565459728240967,-5.947877883911133,-4.343681812286377,-6.714807510375977,-5.917076587677002
43,-6.040616989135742,8.491656303405762,2.084301710128784,-2.467607259750366,-2.6983482837677,1.9625798463821411,-5.7339396476745605,-9.721590995788574,-5.153940677642822,-4.4316840171813965,-4.597851753234863,-4.337369441986084,-6.638301372528076,6.317784786224365,-8.588372230529785,0.816333532333374,7.273220539093018,6.293982982635498,-10.60450267791748,-12.328937530517578,-15.0592679977417,-15.050569534301758,-15.658120155334473,-15.746785163879395,-1.8269816637039185,2.0643532276153564,0.3730373978614807,-0.558843195438385,-0.4314126968383789,0.5449793338775635,-1.710326075553894,-3.4550068378448486,-5.700227737426758,-4.0384931564331055,-6.666319370269775,-5.656320571899414
44,-7.709327697753906,7.252748489379883,3.908722400665283,-4.002245903015137,0.05842665582895279,2.009105682373047,-5.442107677459717,-9.015289306640625,-4.799812316894531,-3.8819119930267334,-4.5490241050720215,-4.146486759185791,-7.624114036560059,5.784224510192871,-8.097881317138672,-0.10803191363811493,7.824455261230469,6.494721412658691,-12.48560619354248,-15.247986793518066,-14.914281845092773,-14.889364242553711,-15.686898231506348,-14.526762962341309,-2.2934024333953857,1.864335536956787,0.8117672801017761,-0.9757002592086792,0.30398285388946533,0.5164715647697449,-1.8499857187271118,-3.9906060695648193,-5.150257110595703,-3.431246519088745,-6.348280906677246,-5.206445217132568
45,-7.084938049316406,7.4731926918029785,4.425198554992676,-4.538413047790527,-0.8541163206100464,1.587180256843567,-5.141079902648926,-8.248010635375977,-4.826993942260742,-3.686558485031128,-4.498970031738281,-5.062952995300293,-9.111567497253418,5.980992317199707,-7.1064653396606445,-1.1338472366333008,8.297990798950195,6.802984714508057,-14.300923347473145,-17.75261688232422,-15.146712303161621,-9.100703239440918,-15.499624252319336,-14.235098838806152,-1.9484446048736572,1.9670450687408447,0.7635305523872375,-1.0141633749008179,-0.23643749952316284,0.3364937901496887,-1.9061654806137085,-4.598141193389893,-5.001590728759766,-3.0612752437591553,-6.343380928039551,-4.616038799285889
46,-5.4801106452941895,5.848601341247559,5.1589674949646,-4.977328777313232,-2.1871402263641357,0.902569591999054,-4.669400691986084,-7.387948036193848,-4.210216522216797,-6.584789276123047,-4.672689437866211,-4.8490424156188965,-10.0707368850708,4.724302768707275,-5.725606441497803,-2.34218430519104,8.160539627075195,6.006969928741455,-15.984232902526855,-20.168025970458984,-15.224752426147461,-0.004428126849234104,-15.403385162353516,-13.179367065429688,-1.3941162824630737,1.2266325950622559,0.9385373592376709,-1.1385101079940796,-0.4828009009361267,0.1188853457570076,-1.8896106481552124,-5.204222202301025,-3.9336087703704834,-2.273963689804077,-6.282074928283691,-3.75026273727417
47,-3.8263139724731445,3.4943554401397705,6.078647136688232,-4.942938804626465,-3.0998432636260986,0.8822068572044373,-4.01215934753418,-6.070354461669922,-3.0330235958099365,-5.7745795249938965,-4.710346221923828,-4.619088649749756,-10.044164657592773,4.525802135467529,-4.53732442855835,-3.912601947784424,7.174912929534912,5.763635635375977,-17.494319915771484,-21.638225555419922,-13.152694702148438,-0.08011005818843842,-15.628453254699707,-12.182931900024414,-0.8789476156234741,0.40948066115379333,1.1694597005844116,-1.1176533699035645,-0.5873337388038635,0.21204715967178345,-1.741174340248108,-5.083898544311523,-2.0142688751220703,-0.3193921148777008,-5.983566761016846,-2.4641759395599365
48,-2.708653688430786,2.291722536087036,5.856738567352295,-4.538976669311523,-3.3710134029388428,0.7893131971359253,-3.5144126415252686,-5.165985107421875,-1.3752957582473755,1.5420728921890259,-4.396161079406738,-3.6553890705108643,-7.105418682098389,3.8454015254974365,-3.6418585777282715,-5.506175518035889,5.144528388977051,5.5943522453308105,-18.65171241760254,-22.518373489379883,-0.29191774129867554,1.4470248222351074,-15.506580352783203,-10.243610382080078,-0.5914688110351562,0.34706851840019226,1.0318189859390259,-1.041074514389038,-0.585227906703949,0.17854690551757812,-1.7307417392730713,-4.929920196533203,0.3456389904022217,1.315395712852478,-5.64783239364624,-1.3420751094818115
49,-1.1294835805892944,-0.8683959245681763,6.914635181427002,-4.0212178230285645,-4.54176664352417,1.002287745475769,-3.2445266246795654,-4.206982135772705,9.626666069030762,10.551281929016113,-4.121789932250977,-2.699281930923462,-0.6891767978668213,1.6383800506591797,-1.7536189556121826,-6.342630386352539,2.468095302581787,5.2639031410217285,-19.56794548034668,-22.737524032592773,11.537107467651367,13.171412467956543,-15.06891918182373,-7.736876487731934,0.04919219762086868,-0.6198811531066895,1.4191100597381592,-0.957931637763977,-0.9424184560775757,0.2805323600769043,-1.8089467287063599,-3.753328800201416,4.988030433654785,4.714537143707275,-4.286579608917236,-0.6007391810417175
50,3.1796741485595703,-8.859634399414062,9.259232521057129,-2.2927567958831787,-2.809551477432251,1.2306376695632935,-0.4673926532268524,-2.3646342754364014,7.150181770324707,5.696872234344482,-2.985250234603882,3.3780579566955566,0.9587728977203369,-3.0030324459075928,0.16461533308029175,-6.786609649658203,2.029104232788086,4.027326583862305,-19.481281280517578,-23.063657760620117,14.576594352722168,15.694976806640625,-13.819623947143555,1.0529342889785767,1.2628370523452759,-3.0717363357543945,2.25189208984375,-0.31254783272743225,-0.3490094542503357,0.3335677981376648,0.697216808795929,-1.0107779502868652,7.579985618591309,5.9528889656066895,-1.6398260593414307,1.6077139377593994
51,7.695443630218506,-10.328937530517578,8.374841690063477,-1.8093684911727905,-4.579756736755371,0.03597940504550934,5.4972310066223145,1.7910202741622925,5.363062858581543,4.089566707611084,-1.312332272529602,12.51649284362793,5.2666473388671875,-7.655242443084717,1.7222459316253662,-6.630598545074463,-0.47277331352233887,1.8134570121765137,-17.30531120300293,-22.965648651123047,15.049727439880371,15.70079517364502,-11.639205932617188,15.70325756072998,2.4309136867523193,-3.080920934677124,1.7123076915740967,-0.39228689670562744,-1.103812336921692,-0.1851121187210083,1.3245152235031128,1.6970908641815186,7.249521255493164,6.0850653648376465,0.19283291697502136,6.2209248542785645
52,8.606197357177734,-9.46757984161377,5.780767917633057,-1.9670912027359009,-4.6337690353393555,-1.2657465934753418,10.33277702331543,18.36640739440918,5.144560813903809,4.397041320800781,7.719225883483887,3.706838607788086,9.358144760131836,-11.414534568786621,3.2950267791748047,-6.661835670471191,-3.5196380615234375,-0.5464192628860474,-8.055673599243164,-14.80878734588623,15.362139701843262,15.692646980285645,2.866633176803589,15.71090316772461,2.6723685264587402,-3.0781819820404053,0.9331524968147278,-0.5317245721817017,-1.0125470161437988,-0.40447431802749634,1.829020380973816,4.170581340789795,6.989419937133789,6.925879001617432,2.3735833168029785,5.638559341430664
53,7.449062824249268,-5.304231643676758,2.2560386657714844,-3.639244794845581,-6.998343467712402,-1.2225126028060913,7.784980773925781,22.391555786132812,4.855418682098389,4.510317802429199,11.284610748291016,3.9508349895477295,13.114624977111816,-12.502769470214844,3.7828662395477295,-6.461776256561279,-6.819729804992676,-2.2337350845336914,-2.6123106479644775,-7.9618940353393555,15.334637641906738,15.686992645263672,11.107992172241211,15.532160758972168,2.4017443656921387,-1.1794120073318481,0.026907995343208313,-1.250171184539795,-2.152909994125366,-0.25611555576324463,1.1976128816604614,4.782264709472656,6.5628509521484375,6.7669291496276855,5.099972724914551,5.25325345993042
54,4.23277473449707,-2.910245180130005,1.7020913362503052,-4.74044942855835,-8.980438232421875,-3.939811944961548,8.997319221496582,22.188783645629883,4.930300712585449,4.595051288604736,7.034715175628662,4.187488079071045,14.740153312683105,-13.232131004333496,2.356269359588623,-6.588035583496094,-10.295385360717773,-4.8421783447265625,0.4495646357536316,-1.9552547931671143,15.276769638061523,15.661620140075684,15.644757270812988,15.256060600280762,1.0774897336959839,-0.5221971273422241,0.31159132719039917,-1.4316455125808716,-3.2479898929595947,-1.2835084199905396,2.063934087753296,5.418905258178711,6.793712615966797,7.062047481536865,4.507234573364258,5.130648136138916
55,1.9517394304275513,-1.0761911869049072,2.0044498443603516,-5.1405029296875,-9.684282302856445,-6.4712724685668945,12.423624992370605,20.26357650756836,5.038197994232178,4.655665397644043,3.813040256500244,4.511903762817383,15.074862480163574,-13.286946296691895,1.0389726161956787,-6.373490333557129,-14.188405990600586,-8.130570411682129,4.387859344482422,2.7825143337249756,15.386234283447266,15.70010757446289,15.659635543823242,15.32989501953125,0.2750982642173767,0.02358946204185486,0.4668581485748291,-1.4314600229263306,-4.212499141693115,-2.1397323608398438,3.7229576110839844,5.932489395141602,7.003639221191406,7.08125114440918,4.908041000366211,5.279244899749756
56,0.2765493094921112,1.3740569353103638,2.3822646141052246,-5.322359561920166,-8.899815559387207,-7.262377738952637,13.604559898376465,18.07052993774414,4.973874568939209,4.615453243255615,4.058807373046875,4.4998955726623535,13.372397422790527,-12.282805442810059,0.23257075250148773,-6.513495445251465,-16.730667114257812,-10.59656047821045,8.097883224487305,6.611561298370361,15.563695907592773,15.685007095336914,15.699143409729004,15.7000093460083,-0.3258143663406372,0.5766862630844116,0.5348159670829773,-1.4144500494003296,-4.871271133422852,-2.500364303588867,4.815604209899902,6.311295509338379,7.265793800354004,6.971680641174316,5.42770528793335,5.4032816886901855
57,-1.831040859222412,3.625653028488159,3.618682384490967,-4.7446417808532715,-8.225820541381836,-7.586628437042236,13.037256240844727,15.907408714294434,4.829646110534668,4.614539623260498,4.170358657836914,4.165262222290039,11.01020622253418,-10.341097831726074,0.3367246389389038,-6.535312652587891,-18.278654098510742,-12.725255012512207,10.990498542785645,9.610960960388184,15.590888023376465,15.694334030151367,15.66259479522705,15.655571937561035,-0.4983276128768921,0.7371901273727417,0.8973767161369324,-1.139855146408081,-5.674009323120117,-2.893767833709717,5.340131759643555,6.484765529632568,7.49644660949707,6.8357038497924805,5.647387504577637,5.383189678192139
58,-1.7784643173217773,3.924492835998535,5.601360321044922,-3.0941219329833984,-7.772993564605713,-7.696051120758057,12.20441722869873,14.035649299621582,4.81700325012207,4.575411319732666,4.296132564544678,4.180575370788574,9.646310806274414,-7.296928405761719,1.902470350265503,0.020637091249227524,-19.224077224731445,-14.752710342407227,12.391845703125,12.66565227508545,15.672304153442383,15.477901458740234,15.48853874206543,15.522960662841797,-0.26529228687286377,0.6341549158096313,1.445950984954834,-0.5121083855628967,-6.430882453918457,-3.3576064109802246,6.03217077255249,6.552361488342285,7.485823631286621,6.665361404418945,5.807772636413574,5.233663082122803
59,0.32216086983680725,5.254660606384277,6.861771583557129,-3.684299945831299,-7.404819011688232,-6.936147689819336,11.793846130371094,12.018705368041992,4.7607831954956055,4.772092342376709,4.496255397796631,4.264750957489014,8.761548042297363,-4.841130256652832,3.8735013008117676,-0.0783952996134758,-20.151653289794922,-16.383014678955078,13.953157424926758,13.822394371032715,15.698554039001465,15.646713256835938,15.693864822387695,15.69999885559082,0.33220499753952026,1.0368236303329468,1.764795184135437,-0.705547034740448,-6.727797508239746,-3.1603193283081055,6.392567157745361,6.6091084480285645,7.7466020584106445,6.547417640686035,5.770733833312988,5.109622478485107
60,0.5066646933555603,5.2686309814453125,7.537826061248779,-0.8819971084594727,-6.876520156860352,-6.206211090087891,10.935115814208984,11.111513137817383,4.738987922668457,4.564530849456787,4.300056457519531,4.052937984466553,8.092061042785645,-2.3176891803741455,6.025996685028076,0.4737670421600342,-20.553316116333008,-17.642160415649414,14.711496353149414,14.534802436828613,15.691802024841309,15.606194496154785,15.686474800109863,15.69400405883789,0.17510151863098145,0.9621906280517578,2.0234720706939697,0.19625064730644226,-6.780086040496826,-3.113187074661255,6.404493808746338,6.238227367401123,7.682524681091309,6.407951354980469,5.737697124481201,4.987546443939209
61,0.9025588035583496,5.216095924377441,7.830319404602051,2.421221971511841,-6.569503307342529,-5.1389923095703125,10.546233177185059,10.475016593933105,4.731793403625488,4.554300785064697,4.275163650512695,4.021080493927002,8.178474426269531,0.6038454174995422,8.758210182189941,2.133866548538208,-20.690921783447266,-18.610069274902344,15.151509284973145,15.008706092834473,15.679469108581543,15.583517074584961,15.685670852661133,15.69962215423584,0.3166579008102417,1.025192379951477,2.2717790603637695,0.9506420493125916,-6.440879821777344,-2.5459232330322266,6.566452503204346,5.968067169189453,7.503233909606934,6.1652445793151855,5.565480709075928,4.912126064300537
62,1.901050090789795,5.561061382293701,8.283102035522461,6.015763759613037,-6.219414234161377,-2.6459600925445557,10.284967422485352,9.935011863708496,4.6870317459106445,4.546311855316162,4.174002170562744,3.960209846496582,9.461166381835938,4.16076135635376,12.139409065246582,4.844285011291504,-20.86994743347168,-19.089008331298828,15.409703254699707,15.327312469482422,15.695629119873047,15.679800033569336,15.59756851196289,15.670866012573242,0.7108802199363708,1.276356816291809,2.9117350578308105,1.9322376251220703,-5.487210273742676,-0.6592744588851929,6.541357517242432,5.594990253448486,7.025057792663574,6.105591297149658,5.161301612854004,4.756894588470459
63,2.0994760990142822,6.338092803955078,8.250426292419434,8.568498611450195,-4.910640716552734,7.120221138000488,9.894562721252441,9.12390422821045,4.556521415710449,4.437184810638428,4.105541706085205,3.972917079925537,10.954619407653809,7.912931442260742,15.3402099609375,7.764080047607422,-20.618209838867188,-16.98373794555664,15.211187362670898,15.377676963806152,15.69137191772461,15.674843788146973,15.591093063354492,15.667190551757812,0.6772459745407104,1.7747293710708618,3.6374993324279785,2.8433475494384766,-3.052534580230713,2.6172854900360107,5.909724712371826,4.641517639160156,6.361178398132324,6.109272480010986,4.733702182769775,4.79057502746582
64,-1.9090113639831543,6.905959606170654,7.472602844238281,8.722967147827148,0.19489198923110962,21.89996910095215,8.149663925170898,6.1733269691467285,4.457968235015869,4.26925802230835,4.078704357147217,4.034815788269043,11.251423835754395,11.378918647766113,17.922170639038086,10.0863037109375,-19.182588577270508,-11.124837875366211,14.694389343261719,15.061484336853027,15.688517570495605,15.409524917602539,15.588790893554688,15.694149017333984,-0.8851149082183838,2.3124966621398926,3.9722678661346436,2.8661081790924072,2.352297782897949,6.2525315284729,3.2092978954315186,1.8133621215820312,6.009679794311523,5.258695125579834,4.836970329284668,5.03867769241333
65,-14.349818229675293,7.330663681030273,4.371604919433594,6.021185398101807,21.810890197753906,25.409048080444336,2.233435869216919,-0.61972975730896,4.470509052276611,-4.6844940185546875,4.1490983963012695,3.693211793899536,7.479129791259766,14.53860855102539,18.528684616088867,9.988508224487305,-12.525274276733398,-1.146195650100708,13.118107795715332,18.446378707885742,14.589591026306152,-0.0005043363198637962,15.55020523071289,-0.000494163716211915,-4.086447715759277,3.0442254543304443,1.6325312852859497,1.5001627206802368,8.22978401184082,7.425558567047119,-0.7484470009803772,-1.9207866191864014,6.317156791687012,-4.477552890777588,5.155990123748779,3.8931427001953125
66,-16.841285705566406,2.7461252212524414,0.9106618165969849,5.474813461303711,26.66625213623047,19.095102310180664,-3.7871012687683105,-13.088801383972168,-8.634270668029785,-14.54737377166748,3.9682281017303467,12.778903007507324,0.7237612009048462,14.866750717163086,17.050743103027344,9.155444145202637,0.055302686989307404,7.414247035980225,10.291949272155762,15.087310791015625,-8.9105224609375,-15.700006484985352,15.700006484985352,-1.8982391338795424e-06,-3.729379415512085,0.19919398427009583,-0.6552996039390564,1.5809245109558105,9.005154609680176,4.892673015594482,-1.5110257863998413,-3.000706911087036,-7.994317054748535,-8.948854446411133,4.290770530700684,2.1370184421539307
67,-6.006110191345215,1.7490358352661133,-7.080682754516602,1.1089122295379639,18.534244537353516,11.083725929260254,-5.377415180206299,-9.116617202758789,-8.119261741638184,-3.683602809906006,3.8356616497039795,12.673624992370605,-2.653207302093506,13.88195514678955,13.944903373718262,7.6080241203308105,6.307209491729736,10.249004364013672,7.7028093338012695,13.164340019226074,-15.700008392333984,-15.620954513549805,15.700000762939453,0.019458450376987457,-0.15648871660232544,0.4450882375240326,-1.9231675863265991,-0.563997745513916,4.945909023284912,2.71624755859375,-0.9988377690315247,-0.9551243782043457,-6.770009994506836,-5.000056743621826,4.567309379577637,2.815218925476074
68,-1.3889676332473755,0.7779727578163147,-10.057551383972168,-1.7200398445129395,13.531891822814941,6.925951957702637,-1.2007513046264648,-4.6537604331970215,-3.866701126098633,-3.8948676586151123,3.87719464302063,12.967254638671875,-5.077883720397949,-0.5589265823364258,9.609540939331055,4.869404315948486,9.509848594665527,0.8381757736206055,6.188969135284424,11.955422401428223,-15.700019836425781,-2.748377799987793,15.448132514953613,0.15473893284797668,0.274577796459198,0.02049604058265686,-1.7672306299209595,-0.6747515797615051,3.961744546890259,1.598711371421814,0.21575576066970825,-0.2698420584201813,-5.824165344238281,-4.751648426055908,4.717381954193115,2.981309413909912
69,-2.8211545944213867,6.933177947998047,-10.030328750610352,-5.144162178039551,12.174956321716309,13.142395973205566,1.8268089294433594,-4.976138114929199,-4.046792507171631,-15.98919677734375,4.197882652282715,14.345582008361816,1.6883254051208496,-0.8850345611572266,6.451961994171143,2.6182591915130615,1.2731451988220215,4.706205368041992,5.434168338775635,10.974756240844727,-4.644462585449219,-13.481202125549316,15.688797950744629,-0.010901380330324173,-0.9404792189598083,2.2299232482910156,-1.6867823600769043,-1.327059268951416,4.873086452484131,3.7333943843841553,0.9050500988960266,-0.7620897889137268,-5.357051849365234,-5.372786045074463,5.0067877769470215,3.702155351638794
70,-10.744425773620605,10.916128158569336,-8.300087928771973,-2.0811898708343506,18.192665100097656,9.18147087097168,0.8195117712020874,-2.7981033325195312,-14.456258773803711,-6.197089672088623,4.133401870727539,14.453736305236816,-1.1960397958755493,-1.666327953338623,3.099869728088379,0.21663238108158112,3.9570693969726562,4.181131839752197,5.514086723327637,10.817803382873535,-11.495290756225586,-12.37130069732666,15.703269004821777,-0.003382595255970955,-3.447974443435669,2.9673361778259277,-1.2965104579925537,-0.04783632606267929,5.777011394500732,1.9262378215789795,0.026733819395303726,-0.20875899493694305,-5.252407073974609,-5.341340065002441,5.520972728729248,3.3650243282318115
71,-9.176079750061035,10.83609676361084,-7.109631538391113,-1.8855324983596802,10.709070205688477,8.944000244140625,-2.409395456314087,0.9735895991325378,-8.18359375,-7.534189701080322,4.120129585266113,15.225630760192871,-2.820854902267456,-2.2148218154907227,0.8940509557723999,-1.3165085315704346,5.4226579666137695,4.021539211273193,4.665315628051758,11.192842483520508,-13.426209449768066,-12.73034381866455,15.684897422790527,0.00689725112169981,-1.9304596185684204,2.146383285522461,-1.267100214958191,-0.36949312686920166,1.6407434940338135,2.149498462677002,-0.8203557133674622,0.78727787733078,-5.508125305175781,-6.033531188964844,5.241025924682617,3.8091065883636475
72,-8.898152351379395,10.942097663879395,-5.651944160461426,-0.7072290182113647,7.59322452545166,7.246895790100098,-1.3625915050506592,0.9737886190414429,-6.495146751403809,-7.353496074676514,4.075429916381836,15.387635231018066,-4.3869733810424805,-2.789278745651245,0.02593788504600525,-2.5972647666931152,5.893603324890137,3.9172534942626953,8.948568344116211,11.474105834960938,-13.853114128112793,-13.301887512207031,-0.014495372772216797,0.003981411457061768,-2.1341702938079834,2.1705451011657715,-0.9843390583992004,0.0030823424458503723,1.491373062133789,1.4473133087158203,-0.12176007032394409,0.3145829439163208,-5.873035430908203,-6.244151592254639,4.982150554656982,3.724865436553955
73,-8.53899097442627,12.09486198425293,-4.969811916351318,-0.08809150755405426,6.874957084655762,6.100950717926025,-5.166276931762695,0.945302426815033,-6.238131999969482,-6.823458194732666,14.457350730895996,14.753962516784668,-4.369208812713623,-2.9876785278320312,-0.9378566741943359,-3.042863130569458,5.798759460449219,3.4015321731567383,8.004920959472656,11.75119400024414,-13.568190574645996,-13.175353050231934,-0.012406770139932632,0.010956285521388054,-2.1637799739837646,2.556147575378418,-0.935483992099762,0.06647778302431107,1.6831486225128174,1.2514077425003052,-1.1952686309814453,0.30292952060699463,-6.297480583190918,-6.1631999015808105,2.553312301635742,3.3312506675720215
74,-8.313687324523926,11.735661506652832,-3.6394617557525635,0.3695897161960602,6.076696872711182,4.805914402008057,-3.7296578884124756,0.8469985127449036,-6.684485912322998,-7.038350582122803,13.24417495727539,14.394010543823242,-5.465831756591797,-2.3369226455688477,-1.5181083679199219,-3.2777211666107178,6.924509048461914,3.7094998359680176,7.362879276275635,12.024484634399414,-14.714903831481934,-13.970056533813477,-0.0047727664932608604,0.03336069732904434,-2.0257956981658936,2.2378416061401367,-0.593228280544281,0.12476987391710281,1.4098838567733765,0.8810862302780151,-0.45246195793151855,0.25972747802734375,-6.730705261230469,-6.446474552154541,2.7663769721984863,3.2782182693481445
75,-7.379864692687988,11.249533653259277,-3.2657227516174316,0.9098235964775085,4.243403911590576,3.240232229232788,-3.4856810569763184,0.1611456274986267,-5.581214427947998,-6.2342400550842285,12.392010688781738,13.834943771362305,-4.636306285858154,-1.268463134765625,-1.814573884010315,-3.169396162033081,6.397490501403809,3.974911689758301,6.688582420349121,12.157609939575195,-14.043532371520996,-14.40533447265625,0.026705458760261536,-2.3950356990098953e-05,-1.7909835577011108,2.204899549484253,-0.6496310234069824,0.22891920804977417,0.842435896396637,0.5114760994911194,-0.5431225895881653,-0.09582410752773285,-6.874035835266113,-6.334270000457764,2.601632833480835,3.0732038021087646
76,-7.499636173248291,10.731365203857422,-3.113300085067749,1.3441133499145508,3.4944417476654053,2.009524345397949,-3.5417120456695557,-1.5089876651763916,-6.331732273101807,-5.781477928161621,11.82509994506836,13.390828132629395,-5.181240558624268,-1.039616584777832,-2.2447118759155273,-3.061634063720703,6.811531066894531,3.7901902198791504,5.994302749633789,11.930400848388672,-14.879745483398438,-14.271221160888672,0.01187187246978283,0.030201280489563942,-1.84152352809906,2.1856095790863037,-0.6498948931694031,0.2963506579399109,0.7506887316703796,0.2793275713920593,-0.5956836342811584,-0.3949894905090332,-6.971968650817871,-6.282148838043213,2.509068012237549,2.9508867263793945
77,-6.843837261199951,10.355087280273438,-3.0647428035736084,1.666985273361206,2.3570003509521484,1.2306153774261475,-3.568993091583252,-3.114952802658081,-5.484303951263428,-5.892304420471191,11.330461502075195,12.949431419372559,-4.861069679260254,0.2583796977996826,-2.571653127670288,-2.691805362701416,6.599656105041504,3.9061100482940674,5.230443954467773,11.408866882324219,-14.754704475402832,-14.801660537719727,0.05247051268815994,0.007309756241738796,-1.6366970539093018,2.091381311416626,-0.6666021347045898,0.34282493591308594,0.4249342083930969,0.16065889596939087,-0.6091082692146301,-0.6035724878311157,-7.068157196044922,-6.175333499908447,2.3861441612243652,2.8388826847076416
78,-6.728405475616455,9.510035514831543,-2.998755931854248,1.9108918905258179,1.7423291206359863,0.4370517134666443,-3.458186388015747,-4.2335100173950195,-5.630070686340332,-5.317440509796143,10.876349449157715,12.524214744567871,-4.866639137268066,-1.0168592929840088,-3.1602118015289307,-2.3776302337646484,6.431382179260254,3.3386309146881104,4.451083183288574,10.57650089263916,-14.966197967529297,-14.155009269714355,-0.01432478241622448,0.03754976764321327,-1.6354888677597046,1.9707984924316406,-0.655622661113739,0.3837835192680359,0.3382750153541565,-0.020311109721660614,-0.588290810585022,-0.7317239046096802,-7.074359893798828,-6.04509973526001,2.2885470390319824,2.7130014896392822
79,-6.584357261657715,10.369651794433594,-2.8304173946380615,1.7025500535964966,1.3010896444320679,0.35745707154273987,-3.450465440750122,-4.99715518951416,-5.413319110870361,-5.931639671325684,10.486406326293945,12.257930755615234,-4.457180023193359,2.334193706512451,-3.400843620300293,-1.7185262441635132,6.23726224899292,3.6043953895568848,3.655867338180542,9.714391708374023,-14.957831382751465,-15.43620491027832,0.12091673910617828,0.00015023909509181976,-1.6081238985061646,2.2152838706970215,-0.6205427050590515,0.2924759089946747,0.2542399764060974,0.06705833226442337,-0.6126007437705994,-0.831863522529602,-7.089250564575195,-5.9507622718811035,2.1836354732513428,2.680285692214966
80,-6.742326736450195,8.409021377563477,-2.5848259925842285,1.9467109441757202,1.0205720663070679,0.3502733111381531,-3.473414182662964,-5.903085231781006,-5.412896633148193,-4.591640949249268,9.598767280578613,11.49311637878418,-4.731099605560303,-5.843212127685547,-4.583562850952148,-1.6165659427642822,5.967250823974609,2.4228005409240723,2.805608034133911,8.31082820892334,-15.1668119430542,-12.57093334197998,-0.24248909950256348,0.12150906771421432,-1.6561599969863892,1.7819533348083496,-0.5522252917289734,0.40446382761001587,0.20862966775894165,0.0790417268872261,-0.6354607343673706,-1.0098069906234741,-7.001015663146973,-5.7314066886901855,1.9222562313079834,2.377619743347168
81,-6.799803733825684,13.84936237335205,-2.3503098487854004,0.743402361869812,0.47428813576698303,0.8040747046470642,-3.7775657176971436,-5.811249732971191,-5.194016456604004,-7.407882213592529,9.2127685546875,11.729937553405762,-3.591907024383545,0.09505371749401093,-4.235447406768799,-0.48137006163597107,5.735823631286621,3.253819227218628,1.92689049243927,7.427456378936768,-15.029521942138672,-15.684310913085938,-0.01758720725774765,0.03228852525353432,-1.7051407098770142,3.0013668537139893,-0.5379608273506165,-0.010371945798397064,0.025544337928295135,0.2386355996131897,-0.7450413107872009,-0.935070276260376,-7.045567512512207,-5.7702436447143555,1.8344805240631104,2.650737762451172
82,-7.682156085968018,11.019575119018555,-2.125422477722168,0.6028347611427307,0.8515067100524902,1.0937217473983765,-3.324277877807617,-7.311284065246582,-5.328423023223877,-4.250879764556885,7.542290210723877,10.713591575622559,-4.817785263061523,3.4571127891540527,-4.520185947418213,0.10035718232393265,6.04036283493042,3.977311134338379,1.207659125328064,6.163741588592529,-15.382699966430664,-15.485639572143555,0.0945575088262558,0.05864717811346054,-1.9342572689056396,2.307567596435547,-0.45625126361846924,0.10373050719499588,0.2720845341682434,0.2925434112548828,-0.5836756825447083,-1.386419653892517,-6.95894718170166,-5.397323131561279,1.33280348777771,2.140005350112915
83,-6.942412853240967,8.05947208404541,-2.0041005611419678,1.2790415287017822,-0.21096938848495483,0.5504787564277649,-3.5691583156585693,-7.4973464012146,-4.930352210998535,-4.376267433166504,4.167232990264893,9.149288177490234,-0.9258973598480225,0.38807904720306396,-4.893596172332764,0.9842787384986877,5.168000221252441,3.3451743125915527,0.28140464425086975,4.72104549407959,-14.25792121887207,-0.6398277282714844,0.18259137868881226,-0.04693574458360672,-1.6574989557266235,1.6226942539215088,-0.4577266573905945,0.34930235147476196,-0.19895082712173462,0.0479278638958931,-0.7331464886665344,-1.3265842199325562,-6.8062744140625,-5.255418300628662,0.3917998671531677,1.6981492042541504
84,-9.466225624084473,9.032082557678223,-1.068953514099121,1.6145801544189453,-1.1246747970581055,2.0626296997070312,-4.775140285491943,-6.271422863006592,-5.97178316116333,-18.085712432861328,-2.875783920288086,8.706403732299805,-2.973803758621216,-0.7064831256866455,-7.3279523849487305,0.6148627996444702,3.9453964233398438,3.0414180755615234,0.5671625137329102,3.074563980102539,-13.187042236328125,-0.34159940481185913,-4.688884258270264,-0.0019104722887277603,-2.326597213745117,1.938981533050537,-0.11108191311359406,0.3861444890499115,-0.29692333936691284,0.6939337253570557,-1.1413588523864746,-0.9917737245559692,-6.145064353942871,-4.930032253265381,-1.5634372234344482,1.7482922077178955
85,-9.204296112060547,10.324596405029297,-0.5047274231910706,2.9629018306732178,2.0230135917663574,3.6406140327453613,-3.392167568206787,-6.979216575622559,-6.878688335418701,-17.752052307128906,-8.818421363830566,5.6789703369140625,-4.313838005065918,-0.6143724918365479,-7.123641014099121,1.549744725227356,4.791436195373535,2.6955063343048096,3.322408676147461,1.6400158405303955,-0.6136711239814758,0.17564383149147034,-15.45394515991211,0.05240432918071747,-2.262101888656616,2.3128154277801514,-0.052186861634254456,0.7931179404258728,0.9154474139213562,1.0580567121505737,-0.48069167137145996,-1.430580735206604,-5.700119972229004,-4.581986904144287,-4.418081283569336,0.7407369613647461
86,-8.786086082458496,12.111388206481934,-0.521043598651886,2.319197654724121,3.800445318222046,4.425641059875488,-1.6432958841323853,-7.122010707855225,-19.25767707824707,-17.93254280090332,-3.7818524837493896,-1.1859955787658691,-0.4737124443054199,-1.5734777450561523,-7.185756683349609,3.023861885070801,3.482281446456909,2.5453221797943115,2.5242347717285156,0.0634177103638649,0.20730504393577576,0.12260541319847107,-15.408740043640137,-0.088032066822052,-2.2056941986083984,2.9443137645721436,-0.13861699402332306,0.4127952456474304,1.2231078147888184,1.0999927520751953,-0.04939132556319237,-1.4514669179916382,-5.73731803894043,-4.5563201904296875,-5.735351085662842,-1.175328254699707
87,-11.439412117004395,12.791946411132812,0.6988587975502014,1.8486918210983276,4.931413173675537,5.340216159820557,-3.026228904724121,-3.716381072998047,-19.61200714111328,-17.307077407836914,-4.229046821594238,-9.039257049560547,-1.093686819076538,0.4110250473022461,-6.722255706787109,3.0352060794830322,4.714578151702881,3.5305283069610596,1.6614127159118652,4.337588310241699,0.053532131016254425,-0.2680455446243286,-15.321025848388672,-15.512097358703613,-2.795499086380005,2.7440285682678223,0.27939850091934204,0.3597404360771179,1.287460446357727,1.3308405876159668,-0.7394081950187683,-0.33622628450393677,-5.3404645919799805,-4.224120616912842,-5.508983135223389,-3.3345417976379395
88,-10.9801025390625,11.9036283493042,1.38910973072052,0.3363340198993683,3.6642472743988037,3.9772398471832275,-0.49885037541389465,-3.88344669342041,-19.2314453125,-16.680418014526367,-4.388486385345459,-3.523799419403076,-1.5023740530014038,-0.352325975894928,-6.705772876739502,3.3683886528015137,4.940145969390869,3.387472152709961,1.3512530326843262,3.4539525508880615,0.11424410343170166,0.2879616320133209,-15.389991760253906,-15.45214557647705,-2.4481518268585205,2.651520013809204,0.3037036657333374,-0.14938658475875854,0.7100679278373718,0.7299215197563171,0.21484160423278809,-0.6409031748771667,-5.291888236999512,-4.17946720123291,-5.147691249847412,-5.786166667938232
89,-10.423245429992676,13.084675788879395,2.2950992584228516,-1.3140158653259277,3.081033229827881,4.076133728027344,-0.0459858700633049,-4.873834133148193,-19.367582321166992,-17.06298828125,-4.367143630981445,-4.239277362823486,-1.49574875831604,0.9702198505401611,-6.093771457672119,3.6327531337738037,5.147975921630859,3.7658169269561768,1.1611664295196533,2.518390417098999,0.1414540410041809,-0.4364389479160309,-15.339280128479004,-15.46711540222168,-2.3066697120666504,3.0775279998779297,0.47586649656295776,-0.4451224207878113,0.6535420417785645,0.9426890015602112,0.04836577549576759,-1.020546317100525,-5.461409568786621,-4.2022881507873535,-5.191094398498535,-6.199161052703857
90,-10.281098365783691,12.601654052734375,2.3371338844299316,-1.7364684343338013,2.897270917892456,3.3267040252685547,0.016954444348812103,-5.142585754394531,-19.257999420166016,-16.273469924926758,-4.419179916381836,-4.49852180480957,-1.8346076011657715,1.313035011291504,-5.785430908203125,3.6483800411224365,5.391368389129639,4.26057767868042,0.9768338799476624,1.411483645439148,0.11417239159345627,0.12281665205955505,-15.366820335388184,-15.410215377807617,-2.313898801803589,2.9510984420776367,0.39857369661331177,-0.359619140625,0.6782094836235046,0.6593623161315918,0.011746291071176529,-1.0143556594848633,-5.296098709106445,-4.100295066833496,-5.142241477966309,-6.235600471496582
91,-10.205449104309082,12.439570426940918,2.4272055625915527,-2.01550030708313,2.4730417728424072,2.5290608406066895,-0.48338887095451355,-5.054265975952148,-19.00225257873535,-16.504993438720703,-4.398255825042725,-4.664007186889648,-2.103226661682129,1.1155264377593994,-5.474184989929199,3.5782620906829834,5.5637969970703125,3.697253704071045,0.6695895791053772,0.2847515642642975,0.10921776294708252,0.017753124237060547,-15.428348541259766,-15.443182945251465,-2.3603999614715576,2.9271910190582275,0.42059779167175293,-0.3935264050960541,0.5405863523483276,0.47666043043136597,-0.15847617387771606,-0.9909807443618774,-5.131685256958008,-3.999112367630005,-5.153746604919434,-6.231693744659424
92,-10.127248764038086,12.547759056091309,2.5616888999938965,-2.2830140590667725,2.2084686756134033,2.40985369682312,-0.9777586460113525,-5.1674017906188965,-18.78429412841797,-16.044910430908203,-4.342527389526367,-4.678623676300049,-2.321129322052002,1.5716867446899414,-5.107974052429199,3.502140998840332,5.724236488342285,3.783013343811035,0.22228804230690002,-0.9345366358757019,0.11949564516544342,0.06646072864532471,-15.438281059265137,-15.424589157104492,-2.3606302738189697,2.941373586654663,0.45243799686431885,-0.44176363945007324,0.5033140182495117,0.5251359343528748,-0.25665590167045593,-1.0812902450561523,-5.023092269897461,-3.823756456375122,-5.153405666351318,-6.255140781402588
93,-10.181989669799805,12.189955711364746,2.7819976806640625,-2.6110246181488037,1.8408796787261963,1.9373080730438232,-1.5972260236740112,-5.395352363586426,-18.5040283203125,-15.634248733520508,-4.333751201629639,-4.719842433929443,-2.519364833831787,1.240685224533081,-4.816131114959717,3.2648777961730957,5.9177374839782715,3.479184865951538,-0.40237364172935486,-2.2939071655273438,-0.019863195717334747,0.007647991180419922,-15.48193359375,-15.443272590637207,-2.4190051555633545,2.8561506271362305,0.5057387351989746,-0.5095586776733398,0.3974364995956421,0.3730705976486206,-0.4019518792629242,-1.1988911628723145,-4.848779678344727,-3.6469969749450684,-5.152580261230469,-6.274658679962158
94,-10.207698822021484,12.320144653320312,2.854520797729492,-2.797900915145874,1.345327615737915,1.7178568840026855,-2.0637505054473877,-5.497222900390625,-18.056533813476562,-15.101552963256836,-4.298044681549072,-4.705921649932861,-3.2282164096832275,1.6123324632644653,-4.51369047164917,2.9830074310302734,6.26796817779541,3.602299213409424,-1.171442985534668,-3.7428650856018066,-0.03055708110332489,0.03897848725318909,-15.506003379821777,-15.45426082611084,-2.440307140350342,2.8826520442962646,0.5050786733627319,-0.5317769050598145,0.2553430199623108,0.3526783585548401,-0.4875766634941101,-1.271264910697937,-4.6826982498168945,-3.4734749794006348,-5.1725568771362305,-6.251664638519287
95,-10.026227951049805,11.998178482055664,3.031592845916748,-3.1627609729766846,0.6203082799911499,1.2770657539367676,-2.6648313999176025,-6.011667251586914,-17.51031494140625,-14.4251070022583,-4.285630702972412,-4.691651821136475,-2.8749775886535645,2.0030553340911865,-3.60565447807312,3.181022882461548,6.221346378326416,3.4012510776519775,-2.2634482383728027,-5.3288116455078125,-0.17824986577033997,0.008539736270904541,-15.34688949584961,-15.47154712677002,-2.4609155654907227,2.8036012649536133,0.553191602230072,-0.6263270378112793,0.037878744304180145,0.22474831342697144,-0.6494545340538025,-1.548747181892395,-4.375201225280762,-3.205446481704712,-5.205787658691406,-6.221500873565674
96,-10.497857093811035,11.590046882629395,3.0579512119293213,-3.461648941040039,0.11340302973985672,1.1365227699279785,-3.0766682624816895,-6.454855918884277,-16.619909286499023,-13.658012390136719,-4.441678524017334,-4.662005424499512,-2.0182642936706543,2.1801657676696777,-3.079169511795044,2.8888955116271973,5.449056148529053,3.4218220710754395,-3.4426186084747314,-7.127334117889404,-0.0026941560208797455,0.007215380668640137,-15.307685852050781,-15.411049842834473,-2.6103363037109375,2.7149295806884766,0.5614287853240967,-0.6643050312995911,-0.05681348592042923,0.2338716983795166,-0.7454354763031006,-1.7795220613479614,-4.001358509063721,-2.973026752471924,-5.215555191040039,-6.1583967208862305
97,-11.171990394592285,11.275413513183594,3.0838422775268555,-3.2685272693634033,0.15788717567920685,1.008615255355835,-3.3990726470947266,-6.379148483276367,-15.73121166229248,-12.975395202636719,-4.475835800170898,-4.700765132904053,-2.206204414367676,1.8167901039123535,-2.7242965698242188,2.3408243656158447,5.396637439727783,3.372908353805542,-4.706459999084473,-8.977720260620117,-0.004245853051543236,-0.0031951144337654114,-15.244854927062988,-15.311580657958984,-2.708960771560669,2.64408540725708,0.5712352991104126,-0.5795812606811523,0.04520415514707565,0.2086234837770462,-0.8447481989860535,-1.8271043300628662,-3.564425230026245,-2.790796995162964,-5.194230079650879,-6.059820652008057
98,-11.257020950317383,11.266535758972168,3.085963487625122,-3.115067720413208,-0.40880340337753296,0.8516286015510559,-3.7608253955841064,-6.446611404418945,-14.454587936401367,-12.093398094177246,-4.530114650726318,-4.766662120819092,-2.4461419582366943,2.292006492614746,-2.181446075439453,1.9116054773330688,5.4062299728393555,3.573305130004883,-6.108178615570068,-10.892965316772461,-0.10779803991317749,0.014262184500694275,-15.076457023620605,-15.140788078308105,-2.7204160690307617,2.616489887237549,0.5730834603309631,-0.5685490369796753,-0.1412982940673828,0.16804127395153046,-0.9885380864143372,-2.0724029541015625,-3.106707811355591,-2.5186197757720947,-5.179966926574707,-5.927699565887451
99,-11.338830947875977,10.75281047821045,3.1321935653686523,-3.0328328609466553,-1.2825847864151,0.5124475359916687,-4.2937331199646,-6.670547008514404,-12.627307891845703,-10.85225772857666,-4.67860746383667,-4.881907939910889,-2.461703300476074,1.8327491283416748,-1.646433711051941,1.417730689048767,5.2574543952941895,3.4132142066955566,-7.721913814544678,-12.963724136352539,-0.16058604419231415,0.0067915841937065125,-14.915365219116211,-14.953269004821777,-2.7782580852508545,2.490612745285034,0.5994279980659485,-0.5679504871368408,-0.3166903257369995,0.06594976037740707,-1.228481650352478,-2.462785005569458,-2.5209920406341553,-2.138424873352051,-5.1515421867370605,-5.729890823364258
100,-11.617100715637207,10.779242515563965,3.05716609954834,-2.6989781856536865,-1.8473008871078491,0.47063326835632324,-4.698469638824463,-6.598175048828125,-10.359315872192383,-9.130895614624023,-4.815256595611572,-4.990326404571533,-2.672581195831299,1.8532885313034058,-1.1829380989074707,0.8729900121688843,5.13480806350708,3.452486038208008,-9.461536407470703,-15.050848007202148,-0.23943381011486053,0.012191303074359894,-14.886797904968262,-14.899825096130371,-2.887362003326416,2.48168683052063,0.5797229409217834,-0.48062944412231445,-0.38005921244621277,0.09942679852247238,-1.4309664964675903,-2.743786096572876,-1.8828809261322021,-1.6627224683761597,-5.114731788635254,-5.500034809112549
101,-11.876114845275879,10.539312362670898,3.053828239440918,-2.3568344116210938,-2.315516471862793,0.4108915627002716,-5.01846170425415,-6.461524486541748,-7.059341907501221,-5.9300642013549805,-4.810368061065674,-4.925980091094971,-2.6148087978363037,1.633606195449829,-0.6789447069168091,0.38100630044937134,5.032433032989502,3.3855626583099365,-11.348536491394043,-17.16578483581543,-0.02566683292388916,0.0005818214267492294,-14.933184623718262,-14.96768569946289,-3.011690855026245,2.4027035236358643,0.5961445569992065,-0.4209138751029968,-0.45105525851249695,0.08394107967615128,-1.6631929874420166,-3.169149160385132,-1.0041468143463135,-0.7651354074478149,-5.025017738342285,-5.174973011016846
102,-12.357075691223145,10.341715812683105,3.0604119300842285,-1.9359519481658936,-2.4939022064208984,0.536919355392456,-5.178525924682617,-6.121340274810791,-1.5300050973892212,-0.05154741555452347,-4.703421115875244,-4.694149971008301,-3.034223794937134,1.448094367980957,-0.27483463287353516,-0.15928688645362854,5.321654319763184,3.5191028118133545,-13.27303695678711,-19.32353973388672,0.014506092295050621,0.11191929131746292,-15.102140426635742,-14.581123352050781,-3.1851987838745117,2.3191628456115723,0.6092437505722046,-0.33241671323776245,-0.4498492479324341,0.13981226086616516,-1.890791416168213,-3.5927975177764893,0.44326484203338623,0.7800986766815186,-4.852696418762207,-4.761873722076416
103,-12.451099395751953,10.101805686950684,2.842008113861084,-1.5763190984725952,-2.5193886756896973,0.8029234409332275,-5.29590368270874,-5.623037338256836,7.315106391906738,7.914445877075195,-4.443084716796875,-4.657784461975098,-2.874722957611084,1.7993733882904053,0.24477630853652954,-0.6740713715553284,5.119890213012695,3.8453640937805176,-15.076977729797363,-20.6552791595459,7.202749252319336,8.262068748474121,-15.191719055175781,-13.937112808227539,-3.244206190109253,2.2336738109588623,0.5421018004417419,-0.273643434047699,-0.4299331307411194,0.22257912158966064,-2.1964869499206543,-4.167551517486572,2.9924123287200928,3.0150370597839355,-4.591419219970703,-3.932568073272705
104,-11.779350280761719,7.616446495056152,2.839181423187256,-1.1272456645965576,-2.6369357109069824,1.2808504104614258,-5.77424430847168,-5.313552379608154,10.015616416931152,8.924160957336426,-3.916119337081909,-4.104139804840088,-1.3940746784210205,-0.16762930154800415,0.7880104780197144,-1.0274229049682617,4.395131587982178,2.8806064128875732,-17.14212417602539,-21.506546020507812,15.315619468688965,15.791546821594238,-15.213912963867188,-12.589177131652832,-2.7789506912231445,1.3188095092773438,0.5815977454185486,-0.17314022779464722,-0.4672847390174866,0.36900943517684937,-2.91831374168396,-4.631933689117432,6.926346778869629,5.903809547424316,-3.5115864276885986,-2.3936665058135986
105,-9.593083381652832,3.7002651691436768,3.6891653537750244,-1.3456352949142456,-5.1481614112854,0.8301237225532532,-5.356980323791504,-4.833456039428711,4.627259254455566,3.917318820953369,-2.9023799896240234,-3.2037456035614014,0.20654147863388062,-1.305882215499878,1.6472315788269043,-1.2563287019729614,2.526881217956543,1.4240148067474365,-18.979633331298828,-21.862735748291016,15.41879940032959,15.09798526763916,-13.94364070892334,-10.382906913757324,-1.6852635145187378,0.14654406905174255,0.8916656374931335,-0.3111078143119812,-1.2238564491271973,0.11021865159273148,-2.935692071914673,-4.268935203552246,8.25784683227539,6.323070049285889,-1.9558606147766113,-1.0936002731323242
106,-3.610387086868286,-0.34536877274513245,3.817091464996338,-2.9462478160858154,-6.631981372833252,-1.2899160385131836,-4.744431495666504,-4.275452136993408,4.789457321166992,4.810220718383789,-2.0316503047943115,-0.441089928150177,-0.05964216589927673,-2.0703022480010986,1.9887840747833252,-2.017362117767334,3.1005609035491943,0.18672162294387817,-19.801729202270508,-22.02466583251953,15.426139831542969,15.682304382324219,-11.859844207763672,-6.110152721405029,0.14598113298416138,-0.6144572496414185,0.8500623106956482,-0.8481895923614502,-1.4883170127868652,-0.5352476835250854,-2.9590225219726562,-3.467036485671997,7.22283935546875,6.003631591796875,-0.6227988600730896,0.8505714535713196
107,2.388967514038086,-4.21164083480835,3.642483711242676,-3.7670531272888184,-8.695528030395508,-2.7030506134033203,-4.200197696685791,-3.5338001251220703,4.864372730255127,4.2968831062316895,2.30391263961792,12.932315826416016,2.323939085006714,-4.402817726135254,1.865285038948059,-1.7730242013931274,-0.02769356220960617,-1.858673334121704,-20.308448791503906,-23.179285049438477,15.406067848205566,15.68627643585205,-5.5178704261779785,11.438214302062988,1.3054159879684448,-1.5092576742172241,0.7684235572814941,-0.9486196637153625,-1.9107922315597534,-0.7372297048568726,-2.621748685836792,-2.5254833698272705,7.038583755493164,5.789607048034668,1.4110686779022217,4.355473518371582
108,7.129413604736328,-5.718852519989014,1.6875035762786865,-4.540034770965576,-9.077659606933594,-4.353137493133545,-2.3039653301239014,-1.2891128063201904,4.8893632888793945,4.373791694641113,16.482463836669922,6.650362014770508,6.636434078216553,-6.9203948974609375,0.646599531173706,-3.009127616882324,-4.405846118927002,-4.645812034606934,-20.361846923828125,-22.013729095458984,15.563374519348145,15.693036079406738,14.342813491821289,15.666558265686035,2.459851026535034,-1.7003629207611084,0.07964576780796051,-1.0887788534164429,-2.1084580421447754,-1.2147016525268555,-0.7298098802566528,-0.11266647279262543,6.817706108093262,6.126089572906494,6.380114555358887,5.371967315673828
109,5.587989330291748,-1.7464572191238403,1.4488000869750977,-6.04177713394165,-7.562639236450195,-5.134796142578125,-0.9191548228263855,6.427855014801025,4.860836982727051,4.50303840637207,4.159204006195068,3.7933433055877686,9.396814346313477,-7.491341590881348,1.5499886274337769,-4.698153018951416,-8.443303108215332,-7.262901306152344,-19.35427474975586,-18.13934898376465,15.67593002319336,15.698319435119629,15.66283893585205,15.655508995056152,1.3993072509765625,0.13724049925804138,0.25391727685928345,-1.6601612567901611,-1.8286858797073364,-1.4496625661849976,-0.0026731155812740326,2.1176440715789795,8.105011940002441,6.8302483558654785,3.7845864295959473,5.004958629608154
110,2.168835163116455,-1.7725322246551514,3.1541123390197754,-4.298661708831787,-8.978903770446777,-7.761814594268799,12.509791374206543,19.220064163208008,4.752255439758301,4.584839344024658,3.870424747467041,4.113349914550781,10.102462768554688,-7.767577648162842,2.408118724822998,-5.762242794036865,-11.582515716552734,-10.491064071655273,-12.949681282043457,-11.082983016967773,15.571986198425293,15.633106231689453,15.585556983947754,15.64129638671875,0.09529060870409012,-0.48596081137657166,0.9227102994918823,-0.8108038306236267,-3.5139198303222656,-2.9286813735961914,3.412083864212036,4.5220513343811035,7.636695861816406,7.099836826324463,5.685272693634033,5.673695087432861
111,1.603945255279541,-0.13794073462486267,2.071075677871704,-4.619436264038086,-10.05237865447998,-6.328122615814209,19.12731170654297,22.138505935668945,4.828089714050293,4.637129306793213,4.21925163269043,4.189291000366211,10.411632537841797,-7.092149257659912,1.9915223121643066,-6.4028425216674805,-14.996933937072754,-12.771721839904785,-4.694246768951416,-3.628344774246216,15.620996475219727,15.65229320526123,15.49267578125,15.59359359741211,0.38517409563064575,0.25291863083839417,0.3074507713317871,-1.254162073135376,-5.227356910705566,-1.983866572380066,4.390140056610107,5.260988235473633,7.236976623535156,6.6948065757751465,5.726917743682861,5.379297733306885
112,0.5172181129455566,3.4791007041931152,1.1883413791656494,-5.081310272216797,-9.326495170593262,-4.858254432678223,18.889524459838867,20.108272552490234,4.747067451477051,4.601579189300537,4.446703910827637,4.232784271240234,9.839066505432129,-5.311226844787598,0.7879230976104736,-6.909741401672363,-18.530027389526367,-14.219391822814941,2.667149066925049,2.4448978900909424,15.700013160705566,15.650289535522461,15.439669609069824,15.548836708068848,-0.0583229586482048,0.977187991142273,0.124050572514534,-1.4324281215667725,-5.984894275665283,-1.574170708656311,4.9077887535095215,5.347722053527832,7.115178108215332,6.629164218902588,5.855127334594727,5.261108875274658
113,-1.147390604019165,5.211343765258789,3.198420286178589,-4.355476379394531,-7.738437175750732,-4.740856170654297,16.8066349029541,17.40656280517578,4.66469669342041,4.6104230880737305,4.613810062408447,4.250054359436035,8.276928901672363,-3.2778971195220947,0.3219655156135559,-6.7523193359375,-20.184917449951172,-15.663773536682129,7.97239875793457,6.811908721923828,15.619013786315918,15.700016021728516,15.663285255432129,15.630537986755371,-0.3945986032485962,1.121984839439392,0.9373601675033569,-1.0405150651931763,-6.931817054748535,-1.9793304204940796,5.808557510375977,5.6540727615356445,7.231606483459473,6.723266124725342,6.174444198608398,5.159244060516357
114,-1.6121681928634644,4.840554714202881,6.738224029541016,-2.3273863792419434,-6.933781147003174,-4.922065258026123,14.547468185424805,14.978358268737793,4.752711772918701,4.541479587554932,4.454133987426758,4.116540431976318,6.06560754776001,-1.9216288328170776,0.8353254795074463,-6.540401935577393,-20.81871795654297,-16.880475997924805,11.154838562011719,9.807607650756836,15.698881149291992,15.66883659362793,15.687101364135742,15.693357467651367,-0.30662524700164795,0.8743836879730225,1.9348000288009644,-0.24662336707115173,-7.5224127769470215,-2.415053367614746,6.4728264808654785,5.669572353363037,7.2384233474731445,6.5796284675598145,6.292499542236328,4.969540119171143
115,-0.4826197326183319,4.7081708908081055,9.02917766571045,0.6970106959342957,-6.593456268310547,-4.687349319458008,12.9376802444458,13.101973533630371,4.658543586730957,4.5297651290893555,4.453527927398682,4.008556365966797,5.346006393432617,-1.0581685304641724,3.333278179168701,-4.987144470214844,-21.014108657836914,-16.298564910888672,13.088310241699219,11.821390151977539,15.635187149047852,15.464192390441895,15.657936096191406,15.72085189819336,0.03470391780138016,0.9041775465011597,2.3697986602783203,0.5940722823143005,-7.449784278869629,-2.37203311920166,6.832836627960205,5.570878028869629,7.153328895568848,6.329854965209961,6.2820281982421875,4.862604141235352
116,0.7536098957061768,5.138559341430664,9.560789108276367,5.032406330108643,-6.397311687469482,-4.610661029815674,11.811965942382812,11.739800453186035,4.698719501495361,4.6938958168029785,4.439715385437012,3.954599142074585,6.18580961227417,1.6129775047302246,7.069485187530518,-1.6117815971374512,-21.277477264404297,-17.068605422973633,14.296754837036133,13.183915138244629,15.689990043640137,15.600349426269531,15.677188873291016,15.698016166687012,0.35971200466156006,1.0833872556686401,2.5758042335510254,1.4029279947280884,-6.833041191101074,-2.049546241760254,6.897801876068115,5.433568000793457,6.951982498168945,6.163574695587158,5.968832969665527,4.828014850616455
117,2.987046241760254,5.942446708679199,9.817219734191895,9.184239387512207,-5.932928085327148,-1.1061184406280518,11.120739936828613,10.857312202453613,4.569146156311035,4.560013771057129,4.3108415603637695,3.937875747680664,8.444490432739258,4.995739459991455,11.59130573272705,3.0030343532562256,-21.239341735839844,-16.953550338745117,14.93113899230957,13.903143882751465,15.696671485900879,15.699886322021484,15.592305183410645,15.660024642944336,1.1536755561828613,1.477962613105774,3.2945103645324707,2.5554094314575195,-5.650612831115723,0.49087584018707275,7.160926342010498,5.461835861206055,6.50019645690918,6.3030571937561035,5.493751525878906,4.731110095977783
118,2.900106430053711,6.667487621307373,9.224591255187988,10.71215534210205,-4.251949787139893,14.567499160766602,10.420720100402832,9.809745788574219,4.469419479370117,4.430384159088135,4.258788585662842,4.06970739364624,10.610340118408203,7.3318610191345215,15.591446876525879,7.293219566345215,-20.804838180541992,-12.361568450927734,15.021682739257812,14.201831817626953,15.695960998535156,15.694316864013672,15.611586570739746,15.66115665435791,0.8515691757202148,1.9290745258331299,4.075865268707275,3.23305606842041,-2.279109239578247,4.3992743492126465,6.182544231414795,4.518214225769043,6.091961860656738,6.118031978607178,5.099922180175781,5.173262596130371
119,-5.202948570251465,8.761175155639648,7.290062427520752,8.69532299041748,8.828424453735352,23.620100021362305,6.998379707336426,4.77407693862915,4.515105247497559,3.6247823238372803,4.245199680328369,4.048055171966553,10.239485740661621,8.1602783203125,18.174304962158203,9.984428405761719,-17.23615074157715,-5.185921669006348,14.170389175415039,13.505454063415527,15.700004577636719,13.738115310668945,15.627176284790039,15.660573959350586,-1.9198734760284424,3.2187914848327637,3.6200852394104004,2.4356436729431152,4.913119316101074,7.5662312507629395,2.014697790145874,0.585220217704773,6.625768661499023,3.2719390392303467,5.349531650543213,4.931210041046143
120,-17.12137222290039,10.3859224319458,1.6280169486999512,4.273117542266846,24.685209274291992,23.230289459228516,0.24287615716457367,-4.721787929534912,4.505036354064941,-11.453744888305664,4.226047992706299,3.6017394065856934,5.268812656402588,6.611401557922363,17.344871520996094,9.605463027954102,-10.10374927520752,2.632108449935913,11.867597579956055,10.926848411560059,13.029304504394531,-6.212643623352051,15.674527168273926,15.697592735290527,-5.123605251312256,3.9141664505004883,-0.651013195514679,0.6045512557029724,9.476134300231934,7.808477878570557,-1.7917922735214233,-2.5045320987701416,6.4591569900512695,-8.804153442382812,5.3220133781433105,3.5626702308654785
121,-16.139522552490234,11.616680145263672,-9.907698631286621,3.2313010692596436,26.009437561035156,17.55344581604004,-3.0595178604125977,-11.309560775756836,-9.332308769226074,-10.662664413452148,4.0575056076049805,3.314256429672241,-1.9446964263916016,3.698516607284546,13.308001518249512,8.106046676635742,2.4837539196014404,3.0315146446228027,9.329887390136719,7.250922203063965,-12.298261642456055,-8.077034950256348,15.679121017456055,15.539779663085938,-3.344741106033325,3.6565728187561035,-2.9905028343200684,0.7353156208992004,8.003191947937012,5.190485954284668,-0.800285279750824,-2.5567805767059326,-12.064882278442383,-6.978438377380371,4.823113918304443,3.360940456390381
122,-7.062446117401123,13.134961128234863,-15.538042068481445,-3.235820770263672,18.089813232421875,16.059982299804688,-1.7585093975067139,-11.47246265411377,-5.645890235900879,-10.583233833312988,4.0875396728515625,3.7659854888916016,2.9045157432556152,1.8940693140029907,8.42215633392334,5.689855098724365,1.4499506950378418,3.9810791015625,7.2750725746154785,4.000773906707764,-7.110039710998535,-10.002992630004883,15.65717887878418,15.405768394470215,-0.6903043985366821,3.5613961219787598,-3.155046224594116,-1.53486168384552,5.8358283042907715,4.27453088760376,-0.15494698286056519,-2.105909824371338,-6.334432601928711,-5.408315658569336,5.156780242919922,4.591287136077881
123,-13.10909652709961,13.526016235351562,-11.110269546508789,-2.043368101119995,19.24287986755371,13.315707206726074,0.57978355884552,-6.42625093460083,-11.12090015411377,-9.229662895202637,4.245487689971924,4.095106601715088,1.2641892433166504,0.4851720929145813,3.871835470199585,2.80885648727417,3.5014359951019287,4.051178455352783,6.886614799499512,2.6253902912139893,-8.925028800964355,-10.456392288208008,15.682394027709961,15.479033470153809,-3.513701915740967,3.2496256828308105,-1.5067312717437744,-0.2331240177154541,6.353318214416504,3.125577926635742,0.43508678674697876,-0.6624123454093933,-5.267092704772949,-5.197282314300537,5.729966640472412,4.870457172393799
124,-13.385055541992188,12.616511344909668,-8.532459259033203,-0.9315370321273804,15.432174682617188,11.987975120544434,0.25290006399154663,-0.32202351093292236,-9.907217979431152,-9.071985244750977,4.25822639465332,4.133035659790039,-0.983229398727417,-0.6061354875564575,0.5932303071022034,0.6852759718894958,4.175841331481934,4.0836944580078125,6.536189079284668,2.597871780395508,-10.25981330871582,-10.957612037658691,15.692444801330566,15.517409324645996,-3.056396961212158,2.581507682800293,-1.402720332145691,-0.05487655848264694,3.7683868408203125,2.886963367462158,0.00736493244767189,0.6619199514389038,-4.874534606933594,-5.454411029815674,5.640087127685547,4.931735992431641
125,-12.246931076049805,11.394352912902832,-6.622326374053955,0.34188729524612427,11.223555564880371,10.333406448364258,-0.24716760218143463,2.935346841812134,-9.028656959533691,-8.81985092163086,4.218929290771484,4.127110958099365,-2.046576976776123,-1.1090474128723145,-1.3334920406341553,-0.7149823307991028,4.8373332023620605,4.487020969390869,5.962294578552246,5.270753383636475,-11.79571533203125,-11.974385261535645,15.65042495727539,8.207592964172363,-2.796581268310547,2.152176856994629,-1.1810227632522583,0.2304055094718933,2.1545541286468506,2.3072032928466797,-0.11143475770950317,1.1317442655563354,-5.214572906494141,-5.74629545211792,5.426341533660889,4.887006759643555
126,-11.491397857666016,10.43783950805664,-4.764346599578857,1.2540501356124878,8.683070182800293,8.541181564331055,0.3501425087451935,4.32053279876709,-7.787982940673828,-8.014188766479492,4.209486961364746,10.43468189239502,-4.117252826690674,-1.3043277263641357,-2.5699586868286133,-1.6882655620574951,6.247249603271484,4.8208465576171875,5.650655746459961,8.697392463684082,-13.82662582397461,-12.715590476989746,15.688498497009277,0.020527765154838562,-2.678530693054199,1.9749608039855957,-0.8035618662834167,0.36238715052604675,1.7932844161987305,1.8404011726379395,0.17269772291183472,1.353786826133728,-5.376618385314941,-6.042930603027344,5.2564778327941895,4.4253249168396
127,-9.308341026306152,10.45621109008789,-3.2421715259552,0.8110299110412598,6.1761088371276855,6.561902046203613,0.5891493558883667,3.9646663665771484,-6.020456790924072,-7.462325572967529,4.113938331604004,16.773040771484375,-4.319465637207031,-1.2805612087249756,-3.1514434814453125,-2.011566638946533,6.148037433624268,4.8560028076171875,5.43459415435791,9.628071784973145,-13.386404037475586,-13.093717575073242,15.689249992370605,0.01051405631005764,-2.0756747722625732,2.1338412761688232,-0.5190165042877197,0.09267035871744156,1.246921181678772,1.2981313467025757,0.18364638090133667,1.184706449508667,-5.6870574951171875,-6.479807376861572,5.088525772094727,3.9850361347198486
128,-8.940171241760254,11.324564933776855,-2.236499071121216,0.59002286195755,5.366632461547852,5.065119743347168,0.013983635231852531,3.489954710006714,-6.561936378479004,-7.202254772186279,4.039660453796387,16.123624801635742,-4.777835845947266,-0.3262995481491089,-3.2603940963745117,-2.107175588607788,6.609426498413086,5.25724458694458,5.170659065246582,10.464883804321289,-14.096698760986328,-13.84577751159668,15.691423416137695,0.014022036455571651,-2.186818838119507,2.495272397994995,-0.36074310541152954,0.08196813613176346,1.2366619110107422,0.9855782985687256,-0.09103137254714966,0.9809969663619995,-5.877983093261719,-6.723921298980713,4.8891401290893555,3.7917866706848145
129,-8.133316993713379,11.120732307434082,-2.0072290897369385,0.6966697573661804,3.9400715827941895,3.4789037704467773,-1.555648922920227,2.2161593437194824,-5.959681987762451,-6.466980934143066,3.9034225940704346,15.384149551391602,-4.917544841766357,0.41618525981903076,-3.256826639175415,-2.075035572052002,6.7741804122924805,5.209285259246826,4.613380432128906,11.017172813415527,-14.342843055725098,-13.948461532592773,15.682754516601562,0.017429115250706673,-1.9329825639724731,2.409965991973877,-0.41838300228118896,0.14333269000053406,0.7910558581352234,0.6030638217926025,-0.44614094495773315,0.4496265649795532,-6.099753379821777,-6.708405494689941,4.508124351501465,3.5174503326416016
130,-7.412531852722168,10.603425025939941,-2.0246739387512207,0.9117584824562073,2.8290586471557617,2.364961624145508,-2.594074249267578,0.8814457654953003,-5.799692630767822,-6.373449325561523,3.765427350997925,14.736274719238281,-5.76278018951416,-0.6402730941772461,-3.78579044342041,-2.9211361408233643,6.13760232925415,4.434591770172119,8.58742904663086,10.87941837310791,-14.573339462280273,-14.211539268493652,0.02012600749731064,0.03501281514763832,-1.7395994663238525,2.2808098793029785,-0.45807790756225586,0.19762349128723145,0.5461763739585876,0.3921981453895569,-0.5756232142448425,0.010471474379301071,-6.331399917602539,-6.692371845245361,4.208709239959717,3.326688766479492
131,-7.542381763458252,11.53622817993164,-1.695136547088623,1.7443565130233765,4.598246097564697,2.9156010150909424,-7.374292373657227,-0.18172098696231842,-5.639373302459717,-6.034141540527344,10.545153617858887,13.242203712463379,-4.884819030761719,-0.46193331480026245,-3.921564817428589,-2.4266295433044434,6.207570552825928,3.997792959213257,7.121441841125488,10.81248664855957,-14.376778602600098,-13.71320915222168,-0.001494438387453556,0.0228794664144516,-2.048703670501709,2.5574052333831787,-0.3442423343658447,0.4173814654350281,1.4862169027328491,0.7651575207710266,-1.6807234287261963,-0.23005376756191254,-6.5462188720703125,-6.32997989654541,1.250556468963623,2.7242255210876465
132,-8.029767036437988,11.455360412597656,-1.148473858833313,1.4438575506210327,4.715779781341553,2.668997287750244,-6.698096752166748,-1.976779580116272,-5.92606258392334,-6.513498306274414,10.285285949707031,12.648780822753906,-4.7485833168029785,0.850469708442688,-4.256163120269775,-2.0833024978637695,6.507129669189453,4.203250885009766,5.751516819000244,10.401049613952637,-14.643566131591797,-14.471287727355957,0.04634749889373779,0.018225111067295074,-2.0766994953155518,2.456223487854004,-0.1817276030778885,0.2335657775402069,1.2380611896514893,0.5728294849395752,-1.0580532550811768,-0.4685322046279907,-6.857686996459961,-6.305570125579834,2.1611969470977783,2.720268726348877
133,-7.910190582275391,10.455440521240234,-0.9634000062942505,1.6770379543304443,4.212957382202148,2.0359959602355957,-5.794389724731445,-3.340067148208618,-5.684220314025879,-5.694168567657471,9.723915100097656,11.919759750366211,-4.424699306488037,-0.1800934076309204,-4.67616605758667,-1.733107328414917,6.538259983062744,3.565417766571045,4.535248756408691,9.685196876525879,-14.635703086853027,-13.76827335357666,-0.018536347895860672,0.03342165797948837,-1.9585877656936646,2.2371063232421875,-0.19806833565235138,0.345294326543808,1.0149996280670166,0.3792687654495239,-0.9106221199035645,-0.6374013423919678,-6.87957763671875,-6.156994342803955,1.9882197380065918,2.5003552436828613
134,-7.9804463386535645,11.221528053283691,-0.870943546295166,1.4947880506515503,3.7796480655670166,2.3126094341278076,-5.151893615722656,-3.8811888694763184,-5.711397647857666,-6.369507312774658,9.098943710327148,11.539971351623535,-4.08068323135376,2.5843095779418945,-4.743347644805908,-1.098146677017212,6.623390197753906,4.227694511413574,3.4478065967559814,9.004304885864258,-14.7346830368042,-15.081472396850586,0.09360433369874954,0.002164771780371666,-1.9749021530151367,2.494112491607666,-0.19421406090259552,0.2622767984867096,0.9038148522377014,0.5615805983543396,-0.8530318140983582,-0.6519633531570435,-6.908952713012695,-6.072322368621826,1.8159325122833252,2.466254949569702
135,-7.9781494140625,9.343807220458984,-0.7073207497596741,1.599477767944336,3.2789671421051025,1.5887930393218994,-4.4979400634765625,-4.98765230178833,-5.604140758514404,-4.987220764160156,7.794681549072266,10.544266700744629,-4.235886573791504,-1.0764317512512207,-5.61667537689209,-0.9493610858917236,6.474359512329102,2.9820876121520996,2.431222915649414,7.861550331115723,-14.861923217773438,-13.430668830871582,-0.09489894658327103,0.05518059432506561,-1.9307796955108643,2.0387537479400635,-0.14243753254413605,0.3264622986316681,0.7642177939414978,0.26664263010025024,-0.7546720504760742,-0.8990167379379272,-6.839756011962891,-5.862658500671387,1.441927194595337,2.104037284851074
136,-8.063779830932617,11.755971908569336,-0.6418887376785278,1.3459135293960571,2.940343141555786,2.6684343814849854,-4.126305103302002,-4.9563822746276855,-5.468198299407959,-6.5984697341918945,6.058953285217285,10.217928886413574,-3.9085144996643066,0.7071608901023865,-5.684015274047852,-0.20586556196212769,6.424229621887207,3.572951555252075,1.49618661403656,6.94664192199707,-14.912781715393066,-14.803365707397461,-0.005320266354829073,0.03404149413108826,-2.01208758354187,2.676708936691284,-0.15114839375019073,0.22934523224830627,0.6931458115577698,0.747065544128418,-0.7406216859817505,-0.8059003353118896,-6.833005905151367,-5.827602386474609,0.9799427390098572,2.1471941471099854
137,-8.345344543457031,10.881205558776855,-0.5399423837661743,1.2887616157531738,2.6653387546539307,2.4029922485351562,-3.4539592266082764,-6.07448673248291,-5.394761085510254,-5.15642786026001,2.2112035751342773,9.033608436584473,-3.460261344909668,4.117893695831299,-5.5085015296936035,0.6545660495758057,6.395119667053223,4.4871954917907715,0.715242862701416,5.901806831359863,-14.882201194763184,-15.346430778503418,0.19819346070289612,-0.011847037822008133,-2.0698301792144775,2.3870582580566406,-0.11668498814105988,0.2529447674751282,0.6338523030281067,0.5160312652587891,-0.5908369421958923,-1.1431808471679688,-6.7095842361450195,-5.550619125366211,-0.06719058752059937,1.723482608795166
138,-8.190919876098633,8.058403968811035,-0.7263649106025696,2.0805628299713135,1.58502197265625,1.437800645828247,-2.923906087875366,-6.568448543548584,-5.380887985229492,-4.566202640533447,-5.132824420928955,7.022883415222168,-4.678767204284668,-2.9470138549804688,-6.328217029571533,0.6794309020042419,6.117067813873291,2.3727591037750244,3.0731568336486816,4.247467517852783,-15.219229698181152,-13.351653099060059,-9.888524055480957,0.09752066433429718,-1.9039204120635986,1.6961113214492798,-0.20774008333683014,0.5406421422958374,0.21922796964645386,0.19979774951934814,-0.5153483748435974,-1.1977722644805908,-6.482748031616211,-5.416107654571533,-2.1223461627960205,1.1558010578155518
139,-8.058717727661133,12.488042831420898,-1.5682423114776611,2.2175815105438232,1.363735556602478,3.663252592086792,-1.1927292346954346,-6.422753810882568,-5.045788764953613,-6.549510478973389,-6.769423484802246,3.5831286907196045,-3.361295700073242,1.8709285259246826,-5.501694679260254,2.12809419631958,5.734403610229492,4.319615840911865,4.5244221687316895,3.1323485374450684,-14.927657127380371,-15.585112571716309,-15.653997421264648,0.015371054410934448,-2.0710558891296387,2.8518643379211426,-0.5458040833473206,0.4742928743362427,0.3025895953178406,1.1210740804672241,0.020060483366250992,-1.1673723459243774,-6.684788703918457,-5.69579553604126,-5.192337989807129,0.26465553045272827
140,-9.617505073547363,10.50428581237793,-1.226908564567566,1.5314167737960815,1.8508203029632568,2.358231544494629,-0.9694433808326721,-7.295487403869629,-5.362804412841797,-4.339286804199219,-3.767704725265503,-2.532231569290161,-4.557883262634277,-0.09674569964408875,-6.2177557945251465,2.66774582862854,5.890972137451172,3.5880203247070312,4.170918941497803,1.8712133169174194,-15.126441955566406,0.495483934879303,-15.693819046020508,-0.33198514580726624,-2.5638811588287354,2.4074862003326416,-0.23587550222873688,0.24703025817871094,0.5362414717674255,0.38843846321105957,-0.13666212558746338,-1.5011967420578003,-6.73271369934082,-5.467919826507568,-5.674564838409424,-1.3602633476257324
141,-9.849915504455566,11.389561653137207,-0.011159143410623074,0.698158860206604,0.5508970618247986,3.9599478244781494,-4.847880840301514,-6.127243995666504,-5.109950542449951,-19.554401397705078,-4.140493869781494,-10.055037498474121,-1.5265507698059082,1.4629789590835571,-6.217341423034668,2.4463982582092285,4.722217082977295,4.154862403869629,2.8995792865753174,5.681422233581543,0.1303042471408844,-0.06931410729885101,-15.49221420288086,-15.55465316772461,-2.6837317943573,2.5036659240722656,0.19560079276561737,0.035628385841846466,-0.07654411345720291,1.154161810874939,-1.342261552810669,-1.0594152212142944,-6.415396690368652,-5.196911334991455,-6.096255302429199,-3.671159267425537
142,-10.467918395996094,11.266002655029297,0.9844598174095154,-0.6078951954841614,3.466806411743164,2.9616637229919434,-3.182243585586548,-3.8494203090667725,-19.905363082885742,-17.897165298461914,-4.302082061767578,-3.50297212600708,-0.8953895568847656,1.9275603294372559,-6.377835750579834,2.5804953575134277,4.862343788146973,4.1615681648254395,1.9406286478042603,4.9079132080078125,0.1761777698993683,-0.38953351974487305,-15.342463493347168,-15.519548416137695,-2.2944746017456055,2.6943464279174805,0.2741609215736389,-0.289908230304718,1.312383770942688,0.5483401417732239,-0.4007951617240906,-0.3107028603553772,-5.353557586669922,-4.388565540313721,-5.150193214416504,-5.355282783508301
143,-10.064652442932129,10.885103225708008,2.6812448501586914,-2.1625261306762695,3.676102876663208,4.311540126800537,-2.634092092514038,-5.655715465545654,-19.657503128051758,-16.934776306152344,-4.436841011047363,-4.171980857849121,-1.8223176002502441,0.3639953136444092,-6.578908443450928,2.1992814540863037,5.489391326904297,3.7255213260650635,1.1936216354370117,3.746843099594116,0.0730476975440979,-0.02468225359916687,-15.509017944335938,-15.543139457702637,-2.1205101013183594,2.5125763416290283,0.6324845552444458,-0.5920752882957458,0.9249555468559265,1.2374584674835205,-0.43910640478134155,-1.2155758142471313,-5.45097541809082,-4.220763683319092,-5.174051284790039,-6.139126300811768
144,-9.266166687011719,11.924446105957031,2.643679141998291,-2.1313867568969727,3.0843677520751953,4.485421657562256,-1.6754498481750488,-5.215480327606201,-19.40724754333496,-17.007293701171875,-4.266011714935303,-4.394528388977051,-3.346372365951538,2.8807950019836426,-5.959478378295898,2.2679519653320312,6.632437705993652,5.125979423522949,0.6206939220428467,2.765831708908081,-0.2804286479949951,-0.3369639217853546,-15.285837173461914,-15.429787635803223,-2.020597457885742,2.7484755516052246,0.42936205863952637,-0.39746177196502686,0.6775192618370056,1.0566829442977905,-0.20737552642822266,-0.9088273048400879,-5.417055130004883,-4.244028568267822,-5.124537467956543,-6.074891567230225
145,-8.25998306274414,10.138543128967285,2.762051820755005,-2.679399251937866,2.2460694313049316,2.7793498039245605,-1.556569218635559,-5.549109935760498,-18.826194763183594,-16.39470863342285,-4.469923973083496,-4.63407039642334,-2.420057773590088,1.2065396308898926,-5.945718288421631,1.9671767950057983,5.989770889282227,4.115288257598877,-0.023097004741430283,1.4710042476654053,0.24391478300094604,-0.017987161874771118,-15.481184005737305,-15.451918601989746,-1.8763178586959839,2.2941699028015137,0.4809296727180481,-0.5684745907783508,0.4587588906288147,0.4353119730949402,-0.2938831150531769,-1.0950158834457397,-5.236818313598633,-4.071983337402344,-5.1293535232543945,-6.242415428161621
146,-8.872143745422363,11.13090991973877,2.6689517498016357,-2.1657347679138184,2.5796117782592773,3.34659743309021,-1.750095009803772,-4.613406181335449,-19.105567932128906,-16.3505916595459,-4.302764892578125,-4.649378299713135,-2.0800724029541016,3.608273983001709,-5.219182968139648,2.082477331161499,6.301780700683594,5.184913158416748,-0.716770589351654,0.45991283655166626,0.22078542411327362,-0.405038982629776,-15.309041976928711,-15.41130256652832,-2.10762357711792,2.6089673042297363,0.4367462992668152,-0.3460281193256378,0.6943848729133606,0.8548645973205566,-0.3812980353832245,-0.7960600852966309,-5.125734329223633,-3.9640755653381348,-5.199072360992432,-6.1601080894470215
147,-8.967813491821289,9.59400749206543,3.0592379570007324,-2.798586368560791,2.34521484375,2.20975661277771,-2.1225745677948,-5.3802995681762695,-18.7802791595459,-15.525653839111328,-4.463085174560547,-4.72679328918457,-3.012883186340332,1.696973204612732,-5.403482437133789,1.4958552122116089,6.487058639526367,4.25822639465332,-1.5240079164505005,-0.9561038017272949,0.00021687522530555725,0.005202114582061768,-15.506365776062012,-15.441784858703613,-2.0447323322296143,2.2437050342559814,0.5747426152229309,-0.6047635078430176,0.5620100498199463,0.3737761378288269,-0.4930596947669983,-1.2057563066482544,-4.936710357666016,-3.722287893295288,-5.1697306632995605,-6.284681797027588
148,-8.498194694519043,10.721736907958984,2.86977481842041,-2.7695300579071045,1.8625136613845825,2.417379140853882,-2.0735819339752197,-5.443894863128662,-18.36216163635254,-15.309466361999512,-4.293782711029053,-4.690504550933838,-3.3256120681762695,2.6928744316101074,-4.800837993621826,1.367765188217163,6.6274261474609375,4.575940132141113,-2.350054979324341,-2.3573365211486816,-0.04391263425350189,-0.4585035741329193,-15.409221649169922,-15.428827285766602,-1.971352458000183,2.560462713241577,0.4648900628089905,-0.5327410101890564,0.39684051275253296,0.5856356620788574,-0.4394187331199646,-1.1925350427627563,-4.857236862182617,-3.5315566062927246,-5.236149311065674,-6.1682024002075195
149,-8.455611228942871,10.238499641418457,2.9566776752471924,-3.1306378841400146,1.4782980680465698,1.9777263402938843,-2.474613666534424,-6.2051286697387695,-17.887052536010742,-14.220803260803223,-4.400717735290527,-4.6984171867370605,-3.3360276222229004,1.7214235067367554,-4.714241981506348,0.957482099533081,6.125351905822754,4.121812343597412,-3.3354177474975586,-4.14383602142334,-0.04926852136850357,-0.003838062286376953,-15.543120384216309,-15.473388671875,-2.0263729095458984,2.4284677505493164,0.5277954936027527,-0.6505217552185059,0.3158128261566162,0.40298640727996826,-0.6068543791770935,-1.5481252670288086,-4.577836036682129,-3.24275541305542,-5.273715019226074,-6.150702953338623
150,-8.715387344360352,10.811736106872559,2.9839718341827393,-2.971953868865967,1.3785321712493896,2.077333927154541,-2.760720729827881,-6.273059844970703,-17.315364837646484,-13.841456413269043,-4.2889227867126465,-4.630433559417725,-3.0941319465637207,1.3522700071334839,-4.259967803955078,0.7181032299995422,5.92426061630249,3.9013140201568604,-4.428503513336182,-5.955196380615234,-0.003924356773495674,-0.014118820428848267,-15.562474250793457,-15.523345947265625,-2.1355578899383545,2.546217918395996,0.5221108794212341,-0.5635199546813965,0.324668824672699,0.493140310049057,-0.6817721724510193,-1.5846277475357056,-4.290570259094238,-3.0363478660583496,-5.3105974197387695,-6.033854007720947
151,-9.22140121459961,10.935105323791504,3.1472420692443848,-2.895429849624634,1.0653009414672852,2.138139486312866,-3.1355886459350586,-6.513308048248291,-16.54692268371582,-13.029608726501465,-4.272253036499023,-4.557664394378662,-3.1462478637695312,2.1217494010925293,-3.6607513427734375,0.49815165996551514,5.900247573852539,4.207317352294922,-5.617682933807373,-7.860168933868408,-0.003742773085832596,-0.4139667749404907,-15.545199394226074,-15.53356647491455,-2.283205270767212,2.499109983444214,0.5779224038124084,-0.5612629055976868,0.2114952802658081,0.49979615211486816,-0.8197433352470398,-1.8228732347488403,-3.9086170196533203,-2.786745309829712,-5.292613506317139,-5.960385322570801
152,-9.3989839553833,10.49244213104248,3.1900041103363037,-3.028127670288086,0.3993561863899231,1.6368557214736938,-3.547421455383301,-7.043850898742676,-15.396869659423828,-11.798752784729004,-4.281790256500244,-4.50977897644043,-2.818270206451416,2.312833547592163,-2.6783065795898438,0.6437990665435791,5.784899711608887,4.02922248840332,-7.050118446350098,-10.031391143798828,-0.003683852031826973,-0.0012072473764419556,-15.309736251831055,-15.292922019958496,-2.2948105335235596,2.4322571754455566,0.5834068655967712,-0.619442880153656,-0.01127208024263382,0.30717504024505615,-0.9774554967880249,-2.253251075744629,-3.427980661392212,-2.4857065677642822,-5.260569095611572,-5.809028625488281
153,-9.867439270019531,10.103317260742188,3.2868363857269287,-3.1345295906066895,-0.2685542702674866,1.4506341218948364,-4.040530681610107,-7.272193908691406,-13.897274017333984,-10.739591598510742,-4.489517688751221,-4.683358669281006,-3.3061301708221436,2.5561556816101074,-1.8545671701431274,0.27168214321136475,5.781511306762695,4.125572681427002,-8.568692207336426,-12.274429321289062,-0.20940159261226654,-0.17192690074443817,-15.064981460571289,-15.05763053894043,-2.4236385822296143,2.313319206237793,0.6306333541870117,-0.6295238733291626,-0.14135974645614624,0.30499300360679626,-1.2028647661209106,-2.6012895107269287,-2.8991949558258057,-2.1038854122161865,-5.211694240570068,-5.57613468170166
154,-9.68284797668457,9.735255241394043,3.1327319145202637,-3.078495979309082,-1.2386059761047363,1.0857053995132446,-4.405486106872559,-7.3294501304626465,-11.82568645477295,-8.985383033752441,-4.695425033569336,-4.8141045570373535,-2.940765619277954,2.146101236343384,-1.3374518156051636,-0.25571662187576294,5.462120532989502,3.909012794494629,-10.261153221130371,-14.627076148986816,-0.029100462794303894,-0.002910662442445755,-15.07811164855957,-15.080617904663086,-2.3529956340789795,2.2431044578552246,0.5841925740242004,-0.6112232804298401,-0.3167880177497864,0.19618678092956543,-1.3884116411209106,-3.0317747592926025,-2.297118902206421,-1.6540383100509644,-5.142387866973877,-5.282171249389648
155,-10.231010437011719,9.556148529052734,3.2440080642700195,-2.67964506149292,-1.723156213760376,1.1828787326812744,-4.780760288238525,-6.956615447998047,-9.065025329589844,-5.841246604919434,-4.650716304779053,-4.657864570617676,-3.0041351318359375,2.1504225730895996,-0.8176988363265991,-0.9075374603271484,5.379981517791748,3.996565103530884,-12.0509614944458,-16.907649993896484,0.06761717796325684,-0.009197457693517208,-15.150577545166016,-15.149873733520508,-2.5541577339172363,2.1497955322265625,0.6459127068519592,-0.4959060549736023,-0.3482617735862732,0.28573936223983765,-1.6627297401428223,-3.3220574855804443,-1.4797049760818481,-0.7451425790786743,-5.060568809509277,-4.937173843383789
156,-10.565354347229004,9.220870018005371,3.2691988945007324,-2.3105978965759277,-2.3232696056365967,1.1938905715942383,-5.036799907684326,-6.516115665435791,-4.654292106628418,-0.3626382648944855,-4.522031784057617,-4.4149675369262695,-2.9706368446350098,2.3675246238708496,-0.14590775966644287,-1.4185051918029785,5.3111653327941895,4.225722312927246,-13.92728042602539,-19.255878448486328,0.06788681447505951,-0.042683541774749756,-15.194112777709961,-14.342906951904297,-2.6494357585906982,2.060770273208618,0.6509087681770325,-0.4350340962409973,-0.46403056383132935,0.27796077728271484,-1.9352117776870728,-3.8148257732391357,-0.33636942505836487,0.6623613834381104,-4.889014720916748,-4.527347087860107
157,-10.89328384399414,8.761822700500488,3.1348516941070557,-1.8764032125473022,-2.408128261566162,1.4399101734161377,-5.231875419616699,-5.817599296569824,2.862319231033325,7.376569747924805,-4.375948429107666,-4.72149133682251,-3.124147891998291,2.5137882232666016,0.35885804891586304,-1.9974098205566406,5.591953754425049,4.607218265533447,-15.77610969543457,-20.630413055419922,2.652164936065674,7.550054550170898,-15.292526245117188,-13.841480255126953,-2.7360124588012695,1.9506912231445312,0.6191008687019348,-0.339332640171051,-0.4206363558769226,0.37559759616851807,-2.291670322418213,-4.299995422363281,1.6392159461975098,2.78902268409729,-4.617135047912598,-3.7476823329925537
158,-10.394536018371582,7.15855073928833,3.29201340675354,-1.5770033597946167,-2.8792619705200195,1.9573166370391846,-5.442885875701904,-5.3676981925964355,10.708014488220215,9.183207511901855,-3.9836392402648926,-4.0404953956604,-1.7735753059387207,0.5292408466339111,1.0912485122680664,-2.440338373184204,4.385495185852051,3.7285430431365967,-17.612913131713867,-21.35934829711914,13.704545974731445,15.870614051818848,-15.317859649658203,-12.466513633728027,-2.4562594890594482,1.3734526634216309,0.6997388601303101,-0.30087965726852417,-0.5388088822364807,0.5494988560676575,-2.8060882091522217,-4.5939812660217285,5.0810136795043945,5.664333820343018,-3.8612220287323,-2.3016321659088135
159,-8.75641918182373,3.2072243690490723,4.343141078948975,-1.497214913368225,-3.84072208404541,1.5235978364944458,-5.120744705200195,-4.955151081085205,5.741779804229736,3.790304660797119,-2.913378953933716,-2.8698225021362305,0.5459696054458618,-0.9042621850967407,2.2203574180603027,-2.5785343647003174,2.4997622966766357,1.652862310409546,-19.16573143005371,-21.677766799926758,15.579397201538086,15.427512168884277,-13.987639427185059,-9.862321853637695,-1.6159077882766724,0.04676041007041931,1.0763736963272095,-0.31837743520736694,-0.8013548254966736,0.27183282375335693,-2.9128317832946777,-4.3268890380859375,7.934401512145996,6.210450649261475,-1.979335069656372,-0.7966384291648865
160,-4.045995712280273,-1.011844515800476,4.819751262664795,-2.79083251953125,-5.078535079956055,-0.3067288398742676,-4.603731632232666,-4.406606674194336,4.5203776359558105,4.433094024658203,-1.9274619817733765,1.356756567955017,0.9482089281082153,-1.7390064001083374,2.8909177780151367,-2.9338974952697754,4.233551979064941,0.8250242471694946,-19.789281845092773,-22.10033416748047,15.560894966125488,15.666561126708984,-11.840980529785156,-3.6615078449249268,-0.08402382582426071,-0.7903784513473511,1.1564501523971558,-0.8080642223358154,-1.1377806663513184,-0.3293270468711853,-2.897230863571167,-3.5068721771240234,7.446047782897949,5.825531482696533,-0.48112624883651733,1.3491301536560059
161,1.7912896871566772,-5.016017913818359,4.389983654022217,-3.3370134830474854,-8.348657608032227,-2.2398362159729004,-3.9555535316467285,-3.4384336471557617,4.6852827072143555,4.273767948150635,3.2173521518707275,14.2186861038208,3.104933500289917,-4.376129150390625,2.8960039615631104,-2.486842393875122,-0.8843725919723511,-1.1214326620101929,-20.0190486907959,-23.23773956298828,15.677512168884277,15.697071075439453,-4.69509220123291,14.868794441223145,1.1699541807174683,-1.7066962718963623,0.937218427658081,-0.8341428637504578,-1.9137078523635864,-0.6929020881652832,-2.3340368270874023,-2.4021170139312744,7.069148063659668,5.7047200202941895,1.5793943405151367,5.539605617523193
162,5.992743492126465,-5.90997838973999,2.9810924530029297,-3.929835557937622,-5.787694931030273,-4.643801689147949,-2.0183088779449463,-1.1602764129638672,4.580127716064453,4.3671064376831055,15.784259796142578,4.114811897277832,6.584307670593262,-6.861693859100342,2.356287717819214,-3.6766345500946045,-4.475868225097656,-4.134020805358887,-19.85765266418457,-21.49289894104004,15.692008018493652,15.687386512756348,13.928003311157227,15.673185348510742,2.112333059310913,-1.6612002849578857,0.4533608555793762,-0.9475645422935486,-1.0278120040893555,-1.3533638715744019,-0.4706869125366211,0.02857602760195732,6.742551803588867,6.244556903839111,5.900789737701416,4.973379611968994
163,4.693533897399902,-2.2622807025909424,2.85440993309021,-4.906288146972656,-4.966921329498291,-5.372650146484375,-0.9650134444236755,6.222564697265625,4.684279441833496,4.512459754943848,4.355652332305908,3.823458194732666,8.442195892333984,-7.985297679901123,3.1722917556762695,-5.244935512542725,-7.384552478790283,-6.937156677246094,-19.158308029174805,-17.87722396850586,15.700013160705566,15.652857780456543,15.619656562805176,15.668493270874023,1.1330859661102295,-0.054710447788238525,0.5956549048423767,-1.3259103298187256,-1.173582911491394,-1.4799185991287231,-0.14185354113578796,2.0015008449554443,7.770280838012695,6.845597743988037,3.615788221359253,5.002795696258545
164,2.078505516052246,-2.143440008163452,4.2039361000061035,-3.1486642360687256,-7.7038397789001465,-8.143991470336914,11.742429733276367,18.352977752685547,4.6858744621276855,4.608859539031982,3.80724835395813,4.085047245025635,9.172850608825684,-8.300167083740234,4.385289669036865,-5.851070404052734,-10.993892669677734,-10.40831184387207,-13.045099258422852,-11.259214401245117,15.681780815124512,15.652259826660156,15.584830284118652,15.63692569732666,0.1619383990764618,-0.5847636461257935,1.17751944065094,-0.5280478596687317,-2.9638736248016357,-3.0705370903015137,3.180311918258667,4.204346179962158,7.3812408447265625,6.8936767578125,5.351498126983643,5.523691654205322
165,1.8004724979400635,-0.6735902428627014,3.1017658710479736,-3.6195759773254395,-9.28948974609375,-6.816108703613281,18.09128761291504,21.614519119262695,4.68281364440918,4.6031646728515625,4.117877960205078,4.1715545654296875,9.508708953857422,-7.843081474304199,4.205018043518066,-6.23039436340332,-14.60959243774414,-12.929272651672363,-5.122037887573242,-4.093667030334473,15.608620643615723,15.635442733764648,15.550641059875488,15.612160682678223,0.4797184467315674,0.07897612452507019,0.5867127776145935,-1.0042457580566406,-4.555009365081787,-2.2118947505950928,3.9995198249816895,5.02305269241333,7.137147903442383,6.66221284866333,5.433531284332275,5.310840606689453
166,0.929533839225769,2.839008331298828,1.9847114086151123,-4.276917934417725,-8.821020126342773,-5.147451877593994,18.3293514251709,20.011110305786133,4.7367939949035645,4.6129841804504395,4.286074161529541,4.184416770935059,9.139690399169922,-6.317149639129639,3.026878833770752,-6.5788350105285645,-17.997350692749023,-14.543292045593262,2.114288330078125,1.8263484239578247,15.690604209899902,15.63890266418457,15.473443984985352,15.583651542663574,0.10765630751848221,0.8850445747375488,0.285253643989563,-1.2257509231567383,-5.169547080993652,-1.687588095664978,4.6037821769714355,5.203770160675049,7.012367248535156,6.62527322769165,5.542149543762207,5.1677374839782715
167,-0.17177405953407288,5.146744728088379,3.239027500152588,-3.7578318119049072,-7.641532897949219,-4.75387716293335,16.65419578552246,17.555419921875,4.647025108337402,4.617345333099365,4.489992141723633,4.184114933013916,7.641109466552734,-4.662215232849121,2.050067901611328,-6.465463161468506,-19.94976234436035,-16.075769424438477,7.411172389984131,6.152291297912598,15.631855964660645,15.700007438659668,15.63349723815918,15.597373962402344,-0.2252640724182129,1.1395117044448853,0.9037639498710632,-0.894507110118866,-6.108007431030273,-1.9708328247070312,5.524710178375244,5.520952224731445,7.069092750549316,6.704902648925781,5.911262035369873,5.074406147003174
168,-0.770207405090332,4.967922210693359,6.200522422790527,-1.8920961618423462,-6.796375751495361,-4.749856948852539,14.647516250610352,15.298558235168457,4.708620548248291,4.5398850440979,4.411096096038818,4.123902320861816,5.911791801452637,-2.8216185569763184,2.610543727874756,-6.124935626983643,-20.615123748779297,-16.912582397460938,10.910656929016113,9.364574432373047,15.694340705871582,15.589163780212402,15.69723129272461,15.69560718536377,-0.18728721141815186,0.8767136335372925,1.824133038520813,-0.1621112823486328,-6.68837833404541,-2.3497743606567383,6.265583515167236,5.638402462005615,7.072131156921387,6.58211088180542,6.0623579025268555,4.9303107261657715
169,0.1499786525964737,4.831326007843018,8.182909965515137,0.937444806098938,-6.5138983726501465,-4.677465438842773,12.958078384399414,13.361295700073242,4.635738372802734,4.611634731292725,4.385885715484619,3.998351812362671,5.381556510925293,-0.4105343222618103,4.768413066864014,-4.525291919708252,-20.974367141723633,-17.768892288208008,13.002435684204102,11.53968620300293,15.689423561096191,15.57397174835205,15.59445571899414,15.615480422973633,0.1441594362258911,0.9100697040557861,2.2587008476257324,0.5839259028434753,-6.782649993896484,-2.3851068019866943,6.689396381378174,5.585328102111816,7.018953323364258,6.3331618309021,6.1072611808776855,4.866474628448486
170,1.4610064029693604,4.264156818389893,8.93807601928711,4.87453556060791,-6.263951778411865,-3.670367956161499,11.82534122467041,11.93043327331543,4.624493598937988,4.584292411804199,4.466716766357422,4.048305988311768,6.168485641479492,2.526287317276001,8.138458251953125,-1.3903645277023315,-21.11834716796875,-18.54144859313965,14.228490829467773,12.943108558654785,15.69903564453125,15.619150161743164,15.621408462524414,15.687936782836914,0.5709365606307983,0.8215603828430176,2.5757768154144287,1.344112515449524,-6.443088531494141,-1.6247018575668335,6.915965557098389,5.465508460998535,6.906068801879883,6.177341461181641,5.895918846130371,4.832535266876221
171,3.582364082336426,4.647029876708984,9.296317100524902,8.91109848022461,-5.900017738342285,-0.03857186436653137,11.120607376098633,10.95032024383545,4.538280963897705,4.5355658531188965,4.34058141708374,3.966284990310669,8.331925392150879,6.12199068069458,12.186800956726074,2.839235305786133,-21.152667999267578,-18.54985809326172,14.89018440246582,13.732232093811035,15.700010299682617,15.699554443359375,15.56733226776123,15.625259399414062,1.2966244220733643,1.152587652206421,3.2750661373138428,2.481762409210205,-5.382793426513672,1.1856156587600708,7.050159931182861,5.346883773803711,6.400793075561523,6.264655113220215,5.445746898651123,4.8060431480407715
172,3.9196579456329346,5.20350456237793,8.969335556030273,10.728339195251465,-4.415841579437256,18.457944869995117,10.485109329223633,9.969033241271973,4.441861152648926,4.442414283752441,4.259095668792725,4.12343168258667,10.50887393951416,9.62780475616455,15.838150978088379,6.8808183670043945,-20.74658966064453,-13.704914093017578,14.897698402404785,14.116193771362305,15.69263744354248,15.683636665344238,15.589897155761719,15.647120475769043,1.2334394454956055,1.5553748607635498,4.145566463470459,3.2466845512390137,-2.535933017730713,5.335317134857178,6.330524921417236,4.629294395446777,6.001452445983887,6.201377868652344,5.04659366607666,5.231727123260498
173,-2.09788179397583,6.684425354003906,7.406696319580078,9.466630935668945,6.818526744842529,26.08170509338379,7.792520523071289,5.52435827255249,4.512573719024658,3.4170591831207275,4.2726593017578125,4.056398391723633,10.925802230834961,6.685088157653809,18.312999725341797,9.63090705871582,-17.65236473083496,-4.827356815338135,14.08420467376709,13.519469261169434,15.678449630737305,13.830164909362793,15.526605606079102,15.697664260864258,-1.2710970640182495,2.6557466983795166,3.9064369201660156,2.801913022994995,4.148055553436279,8.472039222717285,2.6169614791870117,1.0400104522705078,6.652616500854492,2.77447247505188,5.421785354614258,4.880506992340088
174,-16.084184646606445,10.443081855773926,1.668899416923523,5.024692058563232,24.053585052490234,23.598018646240234,0.9820528626441956,-3.189122438430786,4.5606842041015625,-12.277381896972656,4.35368537902832,3.5701401233673096,6.376574993133545,4.797207832336426,17.651622772216797,9.616755485534668,-10.762139320373535,-0.4754677712917328,11.89167308807373,11.357074737548828,13.678764343261719,-3.4454076290130615,15.566326141357422,15.667460441589355,-5.071165561676025,3.8386893272399902,-0.668133556842804,0.8353742957115173,9.194125175476074,7.933445453643799,-1.4899492263793945,-2.2851901054382324,6.712047576904297,-9.08933162689209,5.451018333435059,3.563951015472412
175,-16.557863235473633,12.040778160095215,-9.311827659606934,4.106836795806885,26.19774055480957,20.640670776367188,-1.523700475692749,-9.720197677612305,-9.446541786193848,-13.053367614746094,4.158397197723389,3.380183458328247,-0.9415939450263977,3.314450979232788,13.859601974487305,8.409503936767578,1.8666540384292603,2.4856395721435547,9.699579238891602,8.091254234313965,-11.323054313659668,-9.581733703613281,15.689294815063477,15.508854866027832,-3.5179927349090576,3.523969888687134,-2.8209304809570312,1.043279767036438,8.109781265258789,6.155428886413574,-0.6136186718940735,-2.2083756923675537,-12.372114181518555,-7.218841075897217,4.780452251434326,3.468801498413086
176,-7.289590835571289,12.922414779663086,-15.46411418914795,-1.732406735420227,18.45762062072754,17.298471450805664,-1.0267795324325562,-11.176567077636719,-6.471751689910889,-9.352355003356934,4.0733442306518555,3.8028273582458496,-5.069419860839844,1.8500640392303467,8.755712509155273,6.013182163238525,7.369041442871094,3.4087445735931396,8.025738716125488,5.03435754776001,-15.699983596801758,-10.282621383666992,15.684680938720703,15.517640113830566,-0.6914981603622437,3.434690475463867,-3.145200729370117,-1.2872780561447144,5.8726301193237305,4.691436290740967,-0.113242506980896,-2.13000750541687,-6.770144462585449,-5.468656539916992,5.135200500488281,4.568701267242432
177,-4.168511867523193,12.015296936035156,-13.086264610290527,-4.787191867828369,14.607260704040527,13.486403465270996,1.5575721263885498,-8.798255920410156,-3.8085782527923584,-8.946205139160156,4.161083221435547,4.050343990325928,1.5450570583343506,0.8472363352775574,5.084589958190918,3.9375641345977783,2.705498695373535,3.9286928176879883,7.06279182434082,2.751692771911621,-5.9152679443359375,-11.285231590270996,15.666387557983398,15.421218872070312,-0.6721315383911133,2.5567359924316406,-2.0960569381713867,-1.1732587814331055,5.346440315246582,2.864320755004883,0.8197078108787537,-1.376044511795044,-5.426570892333984,-5.078193187713623,5.454409122467041,5.0575032234191895
178,-12.029915809631348,11.57915210723877,-7.894737720489502,-0.39532938599586487,17.7979679107666,11.740518569946289,1.3993480205535889,-2.2608590126037598,-12.934015274047852,-8.286011695861816,4.261664390563965,4.224329948425293,0.006531864404678345,-0.031519725918769836,1.8740270137786865,1.915809154510498,3.8783774375915527,3.709162712097168,7.043281555175781,2.3693103790283203,-10.343846321105957,-11.245882987976074,15.681211471557617,15.501303672790527,-3.8047256469726562,2.469146728515625,-0.9108641743659973,0.4165657162666321,5.710925102233887,2.748922824859619,0.32679682970046997,0.3149837553501129,-5.221968650817871,-5.468230247497559,5.696317672729492,4.996814727783203
179,-11.584111213684082,10.158170700073242,-6.328889846801758,0.3123408257961273,13.034955024719238,11.26404857635498,0.6665483713150024,2.626826524734497,-8.917867660522461,-8.524681091308594,4.276131629943848,4.1635355949401855,-1.146500587463379,-0.5173802375793457,-0.0205049067735672,0.1201392412185669,4.237227439880371,4.00347375869751,6.70712423324585,7.54892635345459,-11.465615272521973,-12.002971649169922,15.61707878112793,-0.00040937773883342743,-2.5615928173065186,1.889535665512085,-1.1054097414016724,0.15786290168762207,2.6221981048583984,2.761186361312866,0.046274129301309586,1.2556648254394531,-4.972067832946777,-5.7088189125061035,5.674156188964844,4.910808086395264
180,-10.491235733032227,8.963117599487305,-4.477901458740234,0.18298456072807312,9.520185470581055,9.938379287719727,0.9605386257171631,3.7393267154693604,-8.09963321685791,-7.966894149780273,4.301975727081299,17.203731536865234,-3.2111945152282715,-1.147931694984436,-1.5030078887939453,-0.8920292258262634,5.771565914154053,4.686444282531738,6.455732345581055,8.479501724243164,-13.713214874267578,-12.846441268920898,15.686749458312988,0.01497294008731842,-2.2485105991363525,1.6486632823944092,-0.704487144947052,0.016763068735599518,1.7785505056381226,2.269386053085327,0.2963506579399109,1.3169337511062622,-5.406491279602051,-6.0020976066589355,5.442885398864746,4.087650299072266
181,-8.999368667602539,9.532724380493164,-2.6298868656158447,-0.07998134195804596,6.896341323852539,7.651660442352295,1.093701958656311,3.935459613800049,-6.082347393035889,-7.346063137054443,4.216141700744629,16.57686996459961,-3.5480809211730957,-1.1920368671417236,-2.0679287910461426,-1.4362306594848633,5.7738213539123535,4.8835930824279785,6.3033905029296875,9.42802619934082,-13.405963897705078,-13.225058555603027,15.686870574951172,0.006678871810436249,-2.0195720195770264,1.9982430934906006,-0.32576316595077515,-0.05197250097990036,1.4074211120605469,1.5459299087524414,0.2997207045555115,1.1853458881378174,-5.524308204650879,-6.577774524688721,5.423823833465576,3.97198748588562
182,-8.837509155273438,10.341400146484375,-2.0446386337280273,0.4253431260585785,5.712711811065674,6.070013523101807,0.16139602661132812,3.3186309337615967,-6.4984211921691895,-7.059256076812744,4.105517387390137,16.062490463256836,-4.641120910644531,-0.43742620944976807,-2.270460605621338,-1.6816370487213135,6.623651504516602,5.387288570404053,6.0214667320251465,10.240476608276367,-14.448667526245117,-13.90164852142334,15.69368839263916,0.022395046427845955,-2.1312544345855713,2.248683452606201,-0.3634656071662903,0.14636117219924927,1.2470157146453857,1.234459400177002,-0.11761826276779175,0.8907158374786377,-5.791868209838867,-6.659496784210205,4.981164932250977,3.801515579223633
183,-7.6718645095825195,10.198262214660645,-2.0301103591918945,0.6644041538238525,3.9009273052215576,4.179837703704834,-1.4138259887695312,2.0973100662231445,-5.583188056945801,-6.393767833709717,3.957059383392334,15.420957565307617,-4.158633708953857,0.1530008316040039,-2.3592522144317627,-1.7196356058120728,6.2352142333984375,5.354671478271484,5.410523414611816,10.738177299499512,-14.041386604309082,-14.074055671691895,15.610702514648438,0.0013597402721643448,-1.7664088010787964,2.1656861305236816,-0.44046729803085327,0.15567699074745178,0.730523407459259,0.7369121313095093,-0.42105597257614136,0.41638755798339844,-6.0523786544799805,-6.64339542388916,4.613340377807617,3.556112289428711
184,-7.558714866638184,9.991754531860352,-1.9908870458602905,1.0224719047546387,3.3380603790283203,3.2164437770843506,-2.582880735397339,0.9511144161224365,-6.077713489532471,-6.2267680168151855,3.883126974105835,14.859720230102539,-5.979345321655273,-1.4276779890060425,-2.8626351356506348,-2.6179161071777344,6.253036022186279,4.177434921264648,9.323060989379883,10.61897087097168,-15.138139724731445,-13.634098052978516,-0.02309560775756836,0.114794060587883,-1.7967931032180786,2.144744634628296,-0.4284866452217102,0.2387099266052246,0.7426486611366272,0.6290771961212158,-0.5755553841590881,0.06903709471225739,-6.255807876586914,-6.63892936706543,4.311872959136963,3.3770275115966797
185,-7.070765972137451,11.412978172302246,-1.818184733390808,1.7605102062225342,4.680898666381836,3.903587579727173,-7.363803863525391,-0.039300981909036636,-5.050940990447998,-6.613256454467773,10.887168884277344,13.390551567077637,-4.107771396636963,-0.2087646722793579,-3.071707248687744,-2.139742612838745,5.5333685874938965,4.353760719299316,7.80350923538208,10.559005737304688,-13.951305389404297,-14.345707893371582,0.03030151128768921,-0.014652304351329803,-1.8636994361877441,2.506359577178955,-0.38257378339767456,0.4119710922241211,1.452625036239624,1.0042318105697632,-1.646399974822998,-0.20696531236171722,-6.545906066894531,-6.291677951812744,1.3289625644683838,2.79705548286438
186,-8.277206420898438,10.93814754486084,-1.1502541303634644,1.7202632427215576,5.609992504119873,3.233673572540283,-6.703037738800049,-1.8457906246185303,-6.348896503448486,-5.8467183113098145,10.564473152160645,12.767908096313477,-5.272571563720703,-0.4921437203884125,-3.440511703491211,-1.8746310472488403,6.847467422485352,3.8959908485412598,6.514388561248779,10.147651672363281,-15.206978797912598,-13.886494636535645,-0.01132917683571577,0.05455871671438217,-2.1586108207702637,2.345123291015625,-0.1591501384973526,0.3199038505554199,1.558096170425415,0.6601183414459229,-1.041409969329834,-0.45300567150115967,-6.771498680114746,-6.242280960083008,2.2304847240448,2.726907253265381
187,-7.395249843597412,10.906355857849121,-1.1990830898284912,1.7031193971633911,4.173268795013428,3.116661548614502,-5.8892669677734375,-2.888040781021118,-5.090113639831543,-6.269688129425049,10.016242980957031,12.122112274169922,-3.4261763095855713,0.9717991352081299,-3.5783021450042725,-1.2666348218917847,5.906507968902588,4.213721752166748,5.259407997131348,9.585822105407715,-14.154160499572754,-14.673052787780762,0.05028167739510536,-0.02367417886853218,-1.792707920074463,2.295164108276367,-0.2808130383491516,0.3207744061946869,0.8949245810508728,0.6942883729934692,-0.9154866337776184,-0.5401320457458496,-6.897046089172363,-6.109652042388916,2.0463364124298096,2.582502603530884
188,-8.299140930175781,10.302571296691895,-0.9748417735099792,1.6349194049835205,4.403519153594971,2.546442985534668,-5.2809858322143555,-3.723433494567871,-6.200369834899902,-5.429532527923584,9.441153526306152,11.633325576782227,-4.9556779861450195,-0.5331411361694336,-4.208497524261475,-1.0711833238601685,6.929681301116943,3.46273136138916,4.194791793823242,8.780384063720703,-15.325749397277832,-13.882874488830566,-0.03793996572494507,0.06605570018291473,-2.046504497528076,2.2818260192871094,-0.18837930262088776,0.3096444010734558,1.1270112991333008,0.5116551518440247,-0.862521231174469,-0.6576296091079712,-6.820291519165039,-5.984714031219482,1.9203941822052002,2.453505039215088
189,-7.379361629486084,11.12992000579834,-1.0307940244674683,1.3938562870025635,3.2346620559692383,2.9739842414855957,-4.694296836853027,-4.443944931030273,-4.984521865844727,-6.168075084686279,8.375105857849121,11.001999855041504,-2.7686409950256348,2.917227268218994,-4.091851711273193,-0.21582640707492828,5.841794967651367,4.433720588684082,3.151759147644043,8.02430534362793,-14.350942611694336,-15.311190605163574,0.10878781974315643,-0.061117984354496,-1.775844931602478,2.4190673828125,-0.25217366218566895,0.2396734356880188,0.674812376499176,0.7312470078468323,-0.7810842394828796,-0.7772554159164429,-6.888602256774902,-5.840659141540527,1.5815627574920654,2.297136068344116
190,-8.499783515930176,9.165190696716309,-0.7273290753364563,1.4890855550765991,3.490706443786621,2.1427695751190186,-4.361057281494141,-5.083104610443115,-5.9878764152526855,-4.691652774810791,6.883996963500977,10.176566123962402,-5.107916831970215,-2.620029926300049,-5.403308868408203,-0.37526416778564453,6.635186195373535,2.4721579551696777,2.2087583541870117,6.775824069976807,-15.467449188232422,-13.3114595413208,-0.1635587215423584,0.10601140558719635,-2.06595516204834,2.0446901321411133,-0.12083406746387482,0.3138327896595001,0.8941327929496765,0.3904579281806946,-0.7734577655792236,-0.8894962072372437,-6.731264114379883,-5.671828746795654,1.2192301750183105,2.027108907699585
191,-7.4730730056762695,12.499905586242676,-0.8319920897483826,1.2099733352661133,2.4361636638641357,3.718287944793701,-3.941843271255493,-5.289710521697998,-4.81450891494751,-6.610802173614502,3.8343019485473633,9.59022331237793,-2.404857873916626,0.22759675979614258,-5.1150288581848145,0.73760986328125,5.440177917480469,3.5293304920196533,1.2533893585205078,5.845833778381348,-14.558837890625,-15.098714828491211,-0.011466626077890396,-0.009022902697324753,-1.8407105207443237,2.7581663131713867,-0.22594626247882843,0.20134985446929932,0.4656880497932434,1.0315275192260742,-0.7029566764831543,-0.9155582189559937,-6.747849464416504,-5.598817348480225,0.34552162885665894,1.9685266017913818
192,-9.138474464416504,11.409234046936035,-0.763838529586792,1.3161799907684326,2.9712576866149902,3.225074052810669,-3.339938163757324,-6.104758262634277,-5.725451469421387,-4.783819198608398,-1.7283304929733276,8.486308097839355,-4.720363616943359,1.1371724605560303,-5.38502311706543,1.2673723697662354,6.4643449783325195,3.9054441452026367,1.0394192934036255,4.687865257263184,-15.498271942138672,-14.924469947814941,-1.466013789176941,0.07199008762836456,-2.272587299346924,2.5140326023101807,-0.17161168158054352,0.2907750606536865,0.7998760938644409,0.6824401021003723,-0.5821165442466736,-1.1507391929626465,-6.5329389572143555,-5.335731029510498,-1.1033802032470703,1.6012136936187744
193,-7.548450469970703,9.882109642028809,-1.4079880714416504,2.0035924911499023,1.1859368085861206,2.637284278869629,-2.325396776199341,-7.094270706176758,-4.71897554397583,-4.894577503204346,-9.80624008178711,5.710360050201416,-1.7763433456420898,3.919971466064453,-4.492055892944336,2.3549718856811523,5.0726318359375,4.806288242340088,4.889463424682617,3.3184127807617188,-14.588733673095703,-15.503399848937988,-15.467175483703613,-0.08158138394355774,-1.734545111656189,2.0037224292755127,-0.4502663016319275,0.519426167011261,0.01986437290906906,0.5252102017402649,-0.3222399353981018,-1.404898762702942,-6.419635772705078,-5.244112491607666,-4.087608337402344,0.7865678668022156
194,-9.845654487609863,8.895777702331543,-1.7702751159667969,2.364203453063965,2.3627405166625977,2.375688314437866,-0.46320340037345886,-7.129968166351318,-5.700114727020264,-4.39498233795166,-3.692387104034424,0.5761780738830566,-4.1044511795043945,1.6544209718704224,-5.658392906188965,2.5424752235412598,5.847906112670898,4.575490474700928,4.827476501464844,1.9838255643844604,-1.5601904392242432,-0.3612559139728546,-15.548965454101562,0.04802795872092247,-2.507733106613159,2.1847548484802246,-0.4664936661720276,0.5789808034896851,0.7521944642066956,0.5406789779663086,0.16694867610931396,-1.3588573932647705,-6.741022109985352,-5.55894136428833,-5.767472267150879,-0.5757023692131042
195,-9.102131843566895,10.875094413757324,-0.6979745626449585,0.8630070090293884,1.924160122871399,4.337905406951904,-4.299206256866455,-5.223355770111084,-18.67963409423828,-18.39739990234375,-4.164430618286133,-8.424606323242188,-0.0935513973236084,1.644655704498291,-5.725779056549072,2.510972499847412,4.062213897705078,4.554939270019531,3.526219129562378,5.846824645996094,0.2777225971221924,-0.17633306980133057,-15.409167289733887,-15.380108833312988,-2.2818617820739746,2.747568130493164,-0.009078696370124817,-0.027774088084697723,0.41826099157333374,1.365378499031067,-1.2077690362930298,-0.784400463104248,-5.810155868530273,-4.9220380783081055,-5.979269981384277,-3.3495068550109863
196,-11.045063018798828,10.548378944396973,0.7677451372146606,0.3250664174556732,3.945997714996338,4.511605739593506,-3.5182251930236816,-2.7057368755340576,-19.745830535888672,-17.352779388427734,-4.347767353057861,-3.5105342864990234,-3.424687385559082,3.2252020835876465,-6.132294178009033,2.4883904457092285,5.9604387283325195,6.083570957183838,2.7030606269836426,5.389084815979004,-0.41184037923812866,-0.5934985876083374,-15.323315620422363,-15.490689277648926,-2.499692440032959,2.3666250705718994,0.33016401529312134,-0.007466547191143036,1.2294161319732666,1.1101499795913696,-0.5583748817443848,-0.10184608399868011,-5.252468109130859,-4.170934677124023,-5.207447052001953,-5.539849758148193
197,-8.364078521728516,9.590646743774414,2.076246738433838,-1.905370831489563,2.535358190536499,2.9002878665924072,-2.2290358543395996,-4.874131679534912,-19.00143814086914,-16.62539291381836,-4.431057453155518,-4.157777309417725,-1.4873483180999756,0.888194739818573,-6.204351425170898,2.385366678237915,4.8887224197387695,4.518019676208496,1.9688531160354614,4.3250532150268555,0.14128378033638,0.1051812469959259,-15.385492324829102,-15.45787239074707,-1.7446469068527222,2.250321388244629,0.49071747064590454,-0.6377999782562256,0.44691866636276245,0.5047743916511536,-0.2621525526046753,-1.095317006111145,-5.485260009765625,-4.250309467315674,-5.132801055908203,-6.192834854125977
198,-9.324288368225098,11.337125778198242,1.9884926080703735,-1.2359540462493896,3.3202381134033203,4.136366367340088,-2.0025012493133545,-3.597642660140991,-19.365835189819336,-17.101736068725586,-4.392392158508301,-4.443092346191406,-2.102201223373413,1.0690652132034302,-6.070580959320068,2.4483821392059326,5.450520038604736,4.633248805999756,1.3572845458984375,3.590996742248535,0.07309924066066742,-0.0015455186367034912,-15.433328628540039,-15.504166603088379,-2.149597406387329,2.7331647872924805,0.32006895542144775,-0.14713042974472046,0.9110810160636902,1.1606677770614624,-0.35447585582733154,-0.4992195963859558,-5.345568656921387,-4.2713165283203125,-5.204780578613281,-5.977466583251953
199,-8.97039794921875,11.353859901428223,2.58729887008667,-1.9279035329818726,3.268765687942505,3.817124843597412,-1.7179356813430786,-4.423664569854736,-19.161890029907227,-16.723217010498047,-4.321410655975342,-4.533563613891602,-3.2694950103759766,0.5862311124801636,-5.8309855461120605,2.369865894317627,6.330794334411621,3.897589921951294,0.7697630524635315,2.6035983562469482,-0.22325921058654785,0.004042878746986389,-15.448614120483398,-15.431095123291016,-2.023118734359741,2.603670358657837,0.49974220991134644,-0.44290691614151,0.8098997473716736,0.8645651340484619,-0.29772716760635376,-0.9091396331787109,-5.276912689208984,-4.108804225921631,-5.070507049560547,-6.167688846588135
200,-8.297683715820312,11.650113105773926,2.538339138031006,-2.335529327392578,2.5281424522399902,3.842599630355835,-1.5097237825393677,-4.9458794593811035,-18.794641494750977,-16.39236831665039,-4.3036603927612305,-4.6657609939575195,-2.0531582832336426,1.3866331577301025,-5.289358615875244,2.4949800968170166,5.844392776489258,4.0901336669921875,0.1376728117465973,1.483414888381958,0.2353503406047821,-0.14623554050922394,-15.400054931640625,-15.426863670349121,-1.9167147874832153,2.636608123779297,0.42286497354507446,-0.4856930375099182,0.5372867584228516,0.8799903988838196,-0.27182018756866455,-1.005484700202942,-5.247185707092285,-3.9665236473083496,-5.097564697265625,-6.195001125335693
201,-9.069562911987305,11.187976837158203,2.702479839324951,-2.323809862136841,2.8186495304107666,3.5643441677093506,-1.76101815700531,-4.7911787033081055,-18.99717140197754,-15.92505931854248,-4.345448970794678,-4.69612979888916,-2.186946392059326,0.8675141334533691,-5.125569820404053,2.3076727390289307,6.048948287963867,3.7781548500061035,-0.5466986298561096,0.27765947580337524,0.21161624789237976,-0.014669612050056458,-15.486625671386719,-15.449706077575684,-2.1398706436157227,2.548814535140991,0.48437368869781494,-0.4278132915496826,0.7452515959739685,0.7938556671142578,-0.38894185423851013,-0.9269318580627441,-5.067427635192871,-3.834355354309082,-5.0897369384765625,-6.207935810089111
202,-9.084280014038086,11.4215087890625,2.838679790496826,-2.5632195472717285,2.493450880050659,3.4397895336151123,-1.8367825746536255,-5.040869235992432,-18.78496551513672,-15.616084098815918,-4.260014057159424,-4.686766147613525,-2.457521677017212,3.371480941772461,-4.415187835693359,2.3127269744873047,6.38509464263916,4.927097320556641,-1.2609858512878418,-0.9500420093536377,0.010268591344356537,-0.42353740334510803,-15.340986251831055,-15.408296585083008,-2.0963141918182373,2.5902581214904785,0.5039918422698975,-0.5094273090362549,0.5766912698745728,0.7679575681686401,-0.39075127243995667,-1.0744458436965942,-4.982268333435059,-3.670396327972412,-5.075796127319336,-6.227518081665039
203,-8.85468864440918,9.892102241516113,2.9360244274139404,-3.130751132965088,1.917397141456604,2.1473031044006348,-2.267953872680664,-5.89358377456665,-18.15630531311035,-14.686527252197266,-4.405702114105225,-4.736902713775635,-3.5314862728118896,1.5574207305908203,-4.618865966796875,1.6535667181015015,6.728487968444824,4.15087890625,-2.143317222595215,-2.6441259384155273,-0.03595206141471863,0.06621044874191284,-15.512375831604004,-15.415006637573242,-2.0243773460388184,2.3161354064941406,0.5323297381401062,-0.6559202671051025,0.39607441425323486,0.33194565773010254,-0.5419951677322388,-1.4028055667877197,-4.678609848022461,-3.413015604019165,-5.123236656188965,-6.24260950088501
204,-8.395134925842285,10.967086791992188,2.7642836570739746,-3.103074550628662,1.1731394529342651,2.2834949493408203,-2.444331407546997,-5.973450660705566,-17.69100570678711,-14.330838203430176,-4.275417327880859,-4.7059454917907715,-3.4039273262023926,0.6228024959564209,-4.3214497566223145,1.3571096658706665,6.100124359130859,3.5199217796325684,-3.1523942947387695,-4.401618480682373,-0.0787331834435463,-0.02153782546520233,-15.541972160339355,-15.469602584838867,-1.9968088865280151,2.608283042907715,0.4589042067527771,-0.5960198044776917,0.179226815700531,0.5429794192314148,-0.5643227696418762,-1.4125313758850098,-4.48939323425293,-3.1663906574249268,-5.227248668670654,-6.086638927459717
205,-8.8847017288208,11.457279205322266,2.9076895713806152,-2.9164676666259766,1.1043980121612549,2.794652223587036,-2.8853917121887207,-6.107030391693115,-17.038759231567383,-13.562642097473145,-4.258549690246582,-4.636159896850586,-2.8544397354125977,1.084883213043213,-3.818002223968506,1.213209867477417,5.623561382293701,3.6988744735717773,-4.288540840148926,-6.225759029388428,-0.03875099867582321,-0.015900328755378723,-15.54934310913086,-15.510614395141602,-2.2232699394226074,2.5920393466949463,0.5302480459213257,-0.5403865575790405,0.2605181932449341,0.7070296406745911,-0.7292088270187378,-1.566750168800354,-4.173639297485352,-2.9586713314056396,-5.223965644836426,-6.058503150939941
206,-9.549811363220215,11.081774711608887,3.117683172225952,-2.8766074180603027,0.883815586566925,2.638735294342041,-3.3191187381744385,-6.428226470947266,-16.160327911376953,-12.781502723693848,-4.24778413772583,-4.575865745544434,-3.1816797256469727,1.0365641117095947,-3.4444682598114014,0.8714866638183594,5.613199710845947,3.7017648220062256,-5.545992851257324,-8.207768440246582,-0.0034481342881917953,-0.007559455931186676,-15.591771125793457,-15.539477348327637,-2.3616440296173096,2.479027509689331,0.5862488150596619,-0.5521582961082458,0.17769569158554077,0.5838289856910706,-0.8702828288078308,-1.8357607126235962,-3.7518553733825684,-2.721952199935913,-5.189821243286133,-5.98576545715332
207,-9.616153717041016,11.052491188049316,3.162280797958374,-2.9103479385375977,0.2603747248649597,2.3782992362976074,-3.655761480331421,-6.80960750579834,-15.02163028717041,-11.784453392028809,-4.201428413391113,-4.51223087310791,-3.5834131240844727,1.1251232624053955,-2.9853506088256836,0.49794942140579224,5.560286045074463,3.7220592498779297,-6.928557872772217,-10.34565258026123,-0.05398113653063774,0.0003239065408706665,-15.6167573928833,-15.564726829528809,-2.357116937637329,2.4929020404815674,0.5798814296722412,-0.5770127177238464,-0.03823048621416092,0.5047417879104614,-0.9922330975532532,-2.185215473175049,-3.3036725521087646,-2.4167230129241943,-5.169083595275879,-5.840920448303223
208,-9.682256698608398,10.927103042602539,3.1922237873077393,-2.884770393371582,-0.6233524680137634,2.1195902824401855,-4.130568027496338,-7.097931861877441,-13.443395614624023,-10.433204650878906,-4.169635772705078,-4.432412147521973,-3.065664529800415,1.8645952939987183,-1.933803915977478,0.5074303150177002,5.317216396331787,3.883053779602051,-8.55231761932373,-12.66169261932373,-0.16795912384986877,0.005007661879062653,-15.272661209106445,-15.202308654785156,-2.424185037612915,2.4600789546966553,0.592843234539032,-0.5716156363487244,-0.21821719408035278,0.44598498940467834,-1.217545986175537,-2.5907113552093506,-2.7722764015197754,-2.0219767093658447,-5.145059585571289,-5.634873390197754
209,-10.233835220336914,10.203350067138672,3.2662692070007324,-2.8337011337280273,-1.2930105924606323,1.8496043682098389,-4.668574333190918,-7.070579528808594,-11.230589866638184,-8.507988929748535,-4.461759567260742,-4.694429397583008,-2.7285053730010986,1.8477596044540405,-1.088827133178711,0.1926230490207672,5.220073699951172,3.777709722518921,-10.33846378326416,-14.986714363098145,-0.03676886856555939,-0.0009502843022346497,-15.127878189086914,-15.124617576599121,-2.558710813522339,2.2745766639709473,0.6397278904914856,-0.553069531917572,-0.2965351343154907,0.3862282335758209,-1.5081405639648438,-2.9657437801361084,-2.108811378479004,-1.492435097694397,-5.044920444488525,-5.332585334777832
210,-10.678287506103516,9.861777305603027,3.2277493476867676,-2.5871121883392334,-1.8225698471069336,1.918776035308838,-4.954619884490967,-6.744335651397705,-8.224437713623047,-5.140740871429443,-4.555662631988525,-4.633917808532715,-2.759427309036255,1.964833378791809,-0.45071864128112793,-0.3921428322792053,5.210567951202393,3.8791158199310303,-12.186680793762207,-17.241411209106445,0.005257397890090942,-0.08461625874042511,-15.15163803100586,-15.178092956542969,-2.6421306133270264,2.1996381282806396,0.6329415440559387,-0.4870602488517761,-0.3719915449619293,0.4496106207370758,-1.7187508344650269,-3.3051717281341553,-1.266233205795288,-0.582510232925415,-4.94417142868042,-4.969714164733887
211,-11.023690223693848,9.453375816345215,3.1739282608032227,-2.224470615386963,-2.3213894367218018,1.9871554374694824,-5.165684223175049,-6.311476230621338,-3.406965494155884,0.5961739420890808,-4.462843894958496,-4.393887042999268,-2.8494582176208496,1.602983832359314,0.07046747207641602,-0.9661452174186707,5.265664100646973,3.983757495880127,-14.108830451965332,-19.549528121948242,0.09886123239994049,0.7435716390609741,-15.212032318115234,-14.442436218261719,-2.75803804397583,2.099642515182495,0.6307857036590576,-0.40955638885498047,-0.45392391085624695,0.46937867999076843,-1.999607801437378,-3.782975435256958,-0.03675404191017151,0.8939822912216187,-4.758078575134277,-4.51954460144043
212,-11.376625061035156,9.194459915161133,3.130892276763916,-1.7515583038330078,-2.2071304321289062,2.3102080821990967,-5.30740213394165,-5.596146583557129,4.790999412536621,8.231029510498047,-4.278973579406738,-4.576512813568115,-3.0098578929901123,2.191756248474121,0.6125078201293945,-1.5078167915344238,5.282588005065918,4.658720970153809,-15.913717269897461,-20.658479690551758,4.655091285705566,9.085594177246094,-15.290956497192383,-13.863781929016113,-2.8857524394989014,2.0015692710876465,0.6329310536384583,-0.3031230568885803,-0.3630443215370178,0.5864079594612122,-2.3509418964385986,-4.200057506561279,2.20839524269104,3.180556297302246,-4.437543869018555,-3.6127805709838867
213,-10.75486946105957,7.330997467041016,3.265216588973999,-1.4485208988189697,-2.840689182281494,2.3956680297851562,-5.55483341217041,-5.321470260620117,10.497309684753418,8.355286598205566,-3.784912109375,-3.870363235473633,-1.6800708770751953,-0.5299317836761475,1.2779521942138672,-1.8485081195831299,4.144239902496338,1.938019037246704,-17.792238235473633,-21.327009201049805,15.077177047729492,15.554311752319336,-15.321488380432129,-12.425236701965332,-2.525761365890503,1.3789393901824951,0.6976611018180847,-0.2673049569129944,-0.5576604008674622,0.5928957462310791,-2.9231717586517334,-4.575840473175049,5.625760078430176,5.7430901527404785,-3.452117681503296,-2.130751371383667
214,-9.150794982910156,3.9905271530151367,3.9992992877960205,-1.2305281162261963,-4.148283004760742,2.767101287841797,-5.223473072052002,-4.99602746963501,4.630181789398193,4.086912631988525,-2.707001209259033,-2.7470507621765137,0.4936027228832245,-0.7999414801597595,2.2639036178588867,-1.9678410291671753,2.377333879470825,1.5081254243850708,-19.308429718017578,-21.625072479248047,15.459087371826172,15.16996955871582,-13.775132179260254,-9.803376197814941,-1.7087920904159546,0.2531758248806,0.9609740376472473,-0.23388564586639404,-0.9042012691497803,0.6113523244857788,-3.054807424545288,-4.409758567810059,7.875479698181152,5.992788791656494,-1.7741808891296387,-0.7412282228469849
215,-3.916849374771118,-0.009517286904156208,4.311561107635498,-2.8543331623077393,-5.59646463394165,0.2345856875181198,-4.643621921539307,-4.453546524047852,4.645948886871338,4.6707024574279785,-1.736177921295166,1.3350777626037598,0.6007072925567627,-1.2076094150543213,2.847217321395874,-2.393148183822632,3.205024003982544,1.0581485033035278,-19.679540634155273,-21.763578414916992,15.621838569641113,15.675025939941406,-11.397616386413574,-3.798092842102051,0.007682271301746368,-0.5283381938934326,1.0125700235366821,-0.8524171113967896,-1.273010015487671,-0.31247639656066895,-2.9482791423797607,-3.527980089187622,7.077831268310547,5.763367652893066,-0.3201358914375305,1.2921738624572754
216,2.154670238494873,-3.9206137657165527,3.76037335395813,-3.692758560180664,-7.709512233734131,-1.690585970878601,-4.226939678192139,-3.8092641830444336,4.602194309234619,4.260939121246338,4.551036834716797,14.023089408874512,2.7750778198242188,-3.2623839378356934,2.6377103328704834,-2.12687087059021,-1.2515449523925781,-0.45739230513572693,-19.968448638916016,-22.69016456604004,15.660738945007324,15.696247100830078,-2.8935413360595703,14.193524360656738,1.2772067785263062,-1.4001946449279785,0.7695875763893127,-0.9424721598625183,-1.7016067504882812,-0.5802488923072815,-2.572369337081909,-2.7524044513702393,6.894968032836914,5.696413040161133,1.7870211601257324,5.308530330657959
217,6.151645183563232,-4.577963829040527,2.3203952312469482,-4.6413655281066895,-5.654149055480957,-4.069892406463623,-2.612575054168701,-1.7573500871658325,4.609521865844727,4.35099458694458,14.908097267150879,4.569845199584961,6.008498668670654,-5.422918796539307,1.8351504802703857,-3.6961326599121094,-4.736392021179199,-3.0620975494384766,-20.011192321777344,-21.365806579589844,15.700008392333984,15.670907974243164,14.432536125183105,15.682045936584473,2.0940346717834473,-1.1917930841445923,0.2943747639656067,-1.1524101495742798,-1.05482816696167,-1.1842488050460815,-0.9729496836662292,-0.5481606721878052,6.894190788269043,6.15189266204834,5.767430305480957,4.823342800140381
218,4.875333786010742,-1.6047641038894653,2.4042515754699707,-5.172605037689209,-4.601728916168213,-5.126328468322754,-1.3347880840301514,2.705988883972168,4.678656101226807,4.5080437660217285,4.0490899085998535,3.747934341430664,7.96998929977417,-6.347745895385742,2.6541342735290527,-5.410187244415283,-7.43751859664917,-5.733648777008057,-19.36936378479004,-18.914756774902344,15.7000150680542,15.64864730834961,15.623790740966797,15.677005767822266,1.1492706537246704,0.032122254371643066,0.5164169073104858,-1.3343961238861084,-1.0509300231933594,-1.3904680013656616,-0.29292792081832886,1.5313379764556885,7.750360488891602,6.7346062660217285,3.666123151779175,4.830660343170166
219,2.212414503097534,-1.8855971097946167,3.9110774993896484,-3.276099681854248,-7.134415626525879,-8.317354202270508,9.71472454071045,16.677316665649414,4.6868133544921875,4.602449417114258,3.8138787746429443,4.031390190124512,8.752364158630371,-6.677959442138672,3.9724602699279785,-5.883482933044434,-10.733359336853027,-9.304844856262207,-13.988794326782227,-12.109504699707031,15.685821533203125,15.650288581848145,15.588149070739746,15.645769119262695,0.19100484251976013,-0.5378528833389282,1.1084907054901123,-0.5475649237632751,-2.690291404724121,-3.0210769176483154,2.7880446910858154,3.9095757007598877,7.378986358642578,6.876338958740234,5.324891567230225,5.435934066772461
220,1.8785356283187866,-0.6467517614364624,3.1453559398651123,-3.694603204727173,-9.09880542755127,-7.371095657348633,17.382535934448242,21.091957092285156,4.686511516571045,4.5940260887146,4.123292922973633,4.1380743980407715,9.335579872131348,-6.3230085372924805,4.022147178649902,-6.160341739654541,-13.624914169311523,-12.084135055541992,-6.280946254730225,-4.771903991699219,15.577737808227539,15.626073837280273,15.551695823669434,15.621994018554688,0.48337697982788086,0.04155370593070984,0.6398778557777405,-1.0136377811431885,-4.406824111938477,-2.3685357570648193,3.8444602489471436,4.867834568023682,7.204677581787109,6.613031387329102,5.453453540802002,5.2812819480896
221,1.082214593887329,2.545712471008301,2.052086353302002,-4.327800750732422,-9.324496269226074,-5.554255485534668,18.218460083007812,19.999969482421875,4.775293827056885,4.612594127655029,4.283416748046875,4.151280403137207,9.00529956817627,-5.066483497619629,2.9227681159973145,-6.447549819946289,-17.304536819458008,-13.912656784057617,1.0378797054290771,1.4529616832733154,15.700011253356934,15.62959098815918,15.474984169006348,15.597750663757324,0.1698353886604309,0.8203085660934448,0.30682188272476196,-1.2287771701812744,-5.25684928894043,-1.7469171285629272,4.388828277587891,5.132900238037109,7.032160758972168,6.585661888122559,5.518471717834473,5.110602855682373
222,0.2838984727859497,4.871345043182373,3.1356542110443115,-4.0553202629089355,-8.033734321594238,-4.789344787597656,16.833772659301758,17.595605850219727,4.63846492767334,4.617580890655518,4.472204208374023,4.150025844573975,7.905472755432129,-3.4511232376098633,2.0116629600524902,-6.441470623016357,-19.71761131286621,-15.4203462600708,6.796327114105225,6.147937774658203,15.64288330078125,15.64934253692627,15.558588981628418,15.612548828125,-0.07414441555738449,1.13065505027771,0.8509926199913025,-1.009997010231018,-6.025701522827148,-1.816623330116272,5.282229900360107,5.4582672119140625,7.062277793884277,6.665614128112793,5.830347537994385,5.029094696044922
223,-0.23414604365825653,5.040495872497559,6.077735900878906,-2.3965752124786377,-6.9307732582092285,-4.710393905639648,14.806011199951172,15.204394340515137,4.699554920196533,4.590239524841309,4.476324558258057,4.094696044921875,6.2986650466918945,-1.9253393411636353,2.454939603805542,-5.933462619781494,-20.553924560546875,-16.678844451904297,10.418678283691406,9.411407470703125,15.695181846618652,15.658173561096191,15.694010734558105,15.700000762939453,-0.11584990471601486,0.9647284746170044,1.789720892906189,-0.32879340648651123,-6.658905982971191,-2.175103187561035,6.109725475311279,5.593675136566162,7.089544296264648,6.5925798416137695,6.046241283416748,4.903965950012207
224,0.36561810970306396,4.6061625480651855,8.273520469665527,0.1552206575870514,-6.539936065673828,-4.374046802520752,13.166030883789062,13.29747200012207,4.6277923583984375,4.544284820556641,4.377511978149414,3.977309465408325,5.647160530090332,0.3125815987586975,4.531373500823975,-4.563697338104248,-20.821605682373047,-17.378551483154297,12.657868385314941,11.621479988098145,15.679715156555176,15.551194190979004,15.672525405883789,15.68803882598877,0.1789364218711853,0.8492686748504639,2.3023979663848877,0.45114579796791077,-6.739680290222168,-2.114041566848755,6.5840606689453125,5.585092067718506,6.952121734619141,6.362650394439697,6.060113906860352,4.824199199676514
225,1.7403485774993896,3.8760180473327637,9.171524047851562,4.299397945404053,-6.359567642211914,-3.318516731262207,11.987504005432129,11.870099067687988,4.621155738830566,4.613150596618652,4.378653526306152,3.9732470512390137,6.472596168518066,3.0328280925750732,7.852251052856445,-1.5126698017120361,-21.092729568481445,-18.138580322265625,14.020562171936035,13.091276168823242,15.686542510986328,15.622040748596191,15.700018882751465,15.6998929977417,0.6566788554191589,0.7342469692230225,2.6460227966308594,1.256248950958252,-6.428753852844238,-1.3448630571365356,6.820664405822754,5.472650527954102,6.821627616882324,6.201780796051025,5.866108417510986,4.823861122131348
226,3.814985752105713,4.162533283233643,9.556571006774902,8.680538177490234,-5.910539150238037,2.490882158279419,11.242095947265625,10.897258758544922,4.533361911773682,4.535903453826904,4.257081508636475,3.9635725021362305,8.664374351501465,5.090953826904297,12.020939826965332,2.8540337085723877,-21.11421012878418,-16.730348587036133,14.795891761779785,13.949112892150879,15.693910598754883,15.694812774658203,15.518649101257324,15.582538604736328,1.3720852136611938,1.037272572517395,3.337108850479126,2.4596853256225586,-5.373736381530762,1.6270287036895752,7.063594341278076,5.425357818603516,6.319746971130371,6.271251201629639,5.4328203201293945,4.850696086883545
227,3.6240394115448,5.545024394989014,9.202910423278809,10.646967887878418,-4.151327610015869,18.616024017333984,10.462474822998047,9.888121604919434,4.448259353637695,4.454833030700684,4.334593296051025,4.191029071807861,10.702390670776367,6.5982136726379395,15.673059463500977,7.015567779541016,-20.644271850585938,-11.006165504455566,14.827500343322754,14.300411224365234,15.69658374786377,15.662384033203125,15.560464859008789,15.644734382629395,1.066207766532898,1.6748790740966797,4.264688491821289,3.255800724029541,-2.137941837310791,5.223021984100342,6.122110366821289,4.680931091308594,6.043684005737305,6.240395545959473,5.1760759353637695,5.338064670562744
228,-3.586824893951416,8.837088584899902,7.221207141876221,8.986993789672852,8.61676025390625,24.53432273864746,7.446183681488037,5.525112152099609,4.519867897033691,3.0796384811401367,4.329425811767578,4.054658889770508,10.732006072998047,4.620247840881348,18.13322639465332,9.821529388427734,-17.102540969848633,-2.0155792236328125,13.948044776916504,13.685652732849121,15.700005531311035,12.551567077636719,15.622118949890137,15.700116157531738,-1.6219862699508667,3.3572921752929688,3.5148091316223145,2.5654666423797607,4.648885726928711,7.963078022003174,2.3198041915893555,1.0696475505828857,6.735974311828613,2.074659824371338,5.499526023864746,4.823916912078857
229,-16.362199783325195,12.456002235412598,1.0080493688583374,4.172016620635986,24.51235580444336,21.63797950744629,0.4517669677734375,-2.783047914505005,4.5667901039123535,-12.927495002746582,4.239107608795166,3.478273391723633,6.240087985992432,4.805323600769043,17.550086975097656,9.816298484802246,-10.063115119934082,2.212048053741455,11.712531089782715,11.572720527648926,13.359728813171387,-5.977696418762207,15.58227252960205,15.669198036193848,-4.917728900909424,4.290524005889893,-1.1883279085159302,0.5037103295326233,9.370485305786133,7.747666835784912,-1.753110647201538,-2.18633770942688,6.896702766418457,-9.262048721313477,5.296645164489746,3.3416781425476074
230,-16.235031127929688,12.929193496704102,-11.228239059448242,3.167160987854004,25.79798698425293,18.507221221923828,-2.54260516166687,-9.495511054992676,-9.22504711151123,-11.15013599395752,4.124530792236328,3.325047254562378,-1.127310872077942,3.1811585426330566,13.17372989654541,8.223525047302246,2.369339942932129,3.6304266452789307,9.323471069335938,8.23742389678955,-11.485947608947754,-9.221405982971191,15.689413070678711,15.52082347869873,-3.343407154083252,3.8424160480499268,-3.0780482292175293,0.7471794486045837,7.7184858322143555,5.761346340179443,-0.7281457185745239,-2.173915147781372,-11.968451499938965,-6.934259414672852,4.74481201171875,3.4248809814453125
231,-7.2608418464660645,13.769326210021973,-16.15589141845703,-2.9163665771484375,18.050891876220703,16.259971618652344,-1.5335111618041992,-11.238959312438965,-6.260805606842041,-9.628352165222168,4.040632247924805,3.763488292694092,-5.359343528747559,1.6536271572113037,7.741130828857422,5.40486478805542,7.6699347496032715,4.357619762420654,7.546629428863525,5.048757553100586,-15.700003623962402,-10.090657234191895,15.68186092376709,15.522381782531738,-0.7272331714630127,3.688838481903076,-3.2269182205200195,-1.4329888820648193,5.757146835327148,4.51627779006958,-0.1462787389755249,-2.16874098777771,-6.488010406494141,-5.335689067840576,5.031464576721191,4.5449113845825195
232,-4.625392913818359,12.762194633483887,-13.360544204711914,-4.793613433837891,14.433019638061523,12.905895233154297,1.1568013429641724,-9.280282974243164,-3.7905845642089844,-9.056441307067871,4.1142964363098145,4.009998321533203,3.2843618392944336,0.6309547424316406,4.063520908355713,3.3369884490966797,0.17161798477172852,4.727719783782959,6.4904375076293945,2.5548696517944336,-2.9128332138061523,-11.070829391479492,15.657771110534668,15.39090633392334,-0.8801484107971191,2.714953899383545,-2.1899499893188477,-1.0671896934509277,5.4057745933532715,2.8775947093963623,0.6753493547439575,-1.5237796306610107,-5.428607940673828,-4.991616725921631,5.288846969604492,4.962881565093994
233,-14.015345573425293,12.477068901062012,-7.7656121253967285,0.24260225892066956,19.713193893432617,11.585000991821289,0.47793230414390564,-2.019756555557251,-15.707097053527832,-8.501742362976074,4.224405288696289,4.195643424987793,-0.19810093939304352,-0.18032383918762207,0.9746181964874268,1.506259560585022,3.701544761657715,4.793025970458984,6.244789123535156,2.1880805492401123,-10.797359466552734,-11.278815269470215,15.670662879943848,15.536307334899902,-4.431770324707031,2.7136337757110596,-0.8735859990119934,0.6366679668426514,6.019063949584961,2.88372802734375,-0.002744372934103012,0.44034144282341003,-5.286557197570801,-5.55447244644165,5.568890571594238,4.8454108238220215
234,-11.683257102966309,10.873784065246582,-6.576672554016113,0.5580960512161255,13.273716926574707,10.423277854919434,0.20598091185092926,2.4554929733276367,-8.36330509185791,-8.42243480682373,4.251130104064941,4.062075138092041,-1.6335563659667969,-0.8264222741127014,-1.1935940980911255,0.26986855268478394,4.014267921447754,5.18472146987915,5.874001502990723,2.6793956756591797,-11.347198486328125,-12.083146095275879,15.686071395874023,15.536706924438477,-2.4312689304351807,2.0195295810699463,-1.2391430139541626,0.15951281785964966,2.650888442993164,2.515505313873291,0.0053915418684482574,1.1535084247589111,-4.710993766784668,-5.521617412567139,5.589187145233154,4.736089706420898
235,-11.656010627746582,10.018143653869629,-4.7508416175842285,1.8742727041244507,10.391436576843262,8.277767181396484,0.21426278352737427,4.184146404266357,-8.074333190917969,-7.819541931152344,4.181997776031494,4.0574116706848145,-2.7398056983947754,-0.8617743849754333,-2.207751750946045,-0.7722453474998474,5.136058330535889,5.349737167358398,5.512187480926514,8.096927642822266,-13.015748977661133,-12.758624076843262,15.60802936553955,0.002546359319239855,-2.8426523208618164,1.9071526527404785,-0.8074686527252197,0.5546371936798096,2.1100544929504395,1.758111834526062,0.05408686771988869,1.2035715579986572,-5.216960906982422,-5.872034549713135,5.265222072601318,4.725337505340576
236,-9.874739646911621,9.140069961547852,-3.5105438232421875,1.454092025756836,7.448337554931641,6.747738361358643,0.7861247658729553,4.101927280426025,-6.700894832611084,-7.309272289276123,4.189704418182373,16.71087646484375,-3.797893762588501,-0.9900813698768616,-3.0491368770599365,-1.1854437589645386,5.728690147399902,5.633317470550537,5.326999187469482,9.059048652648926,-13.676048278808594,-13.392799377441406,15.69118595123291,0.011314520612359047,-2.1088578701019287,1.7367944717407227,-0.6065477728843689,0.22057092189788818,1.4381049871444702,1.446001648902893,0.28564292192459106,1.289474368095398,-5.510719299316406,-6.18096923828125,5.078716278076172,3.859668731689453
237,-8.762211799621582,9.82418155670166,-2.095160484313965,0.7482904195785522,6.115724086761475,4.912176609039307,0.6992281675338745,3.7566404342651367,-6.1924614906311035,-6.839217662811279,4.087791442871094,16.021770477294922,-4.335316181182861,-0.5949807167053223,-3.2536227703094482,-1.3627430200576782,6.193729877471924,5.640659809112549,5.197030067443848,9.944643020629883,-14.057841300964355,-13.7362699508667,15.685287475585938,0.016211841255426407,-2.007840394973755,2.118359088897705,-0.2722904086112976,0.050951726734638214,1.356801152229309,0.9322625398635864,0.15493625402450562,1.060813546180725,-5.703150749206543,-6.654809474945068,5.088494777679443,3.749692916870117
238,-7.9877800941467285,10.139630317687988,-1.7335299253463745,0.7225302457809448,4.660623073577881,3.6417994499206543,-0.7267797589302063,2.598762273788452,-5.931436061859131,-6.552900791168213,3.9733078479766846,15.33609676361084,-4.172603607177734,1.092421293258667,-3.155599355697632,-1.2932411432266235,6.241772174835205,6.250072002410889,4.7978105545043945,10.598628044128418,-14.093084335327148,-14.674792289733887,15.69448184967041,-0.00171568151563406,-1.8658350706100464,2.1925010681152344,-0.33761078119277954,0.1344568431377411,0.9621537327766418,0.6931067705154419,-0.32036346197128296,0.5800521373748779,-5.953015327453613,-6.671379566192627,4.663675785064697,3.514159679412842
239,-7.525613307952881,9.079938888549805,-1.71757173538208,1.0523945093154907,3.4951601028442383,2.05967378616333,-2.212338924407959,1.2576484680175781,-5.989255905151367,-5.598989009857178,3.806579828262329,14.52286434173584,-6.03696346282959,-0.8661174774169922,-4.29518461227417,-2.254964828491211,6.208972454071045,4.865211486816406,6.093634605407715,10.504794120788574,-15.025308609008789,-14.000274658203125,8.506298065185547,0.011924967169761658,-1.743848204612732,1.9141323566436768,-0.38125938177108765,0.24440240859985352,0.6924042105674744,0.26921701431274414,-0.556003987789154,0.12961961328983307,-6.163520812988281,-6.640525817871094,4.289262771606445,3.2174906730651855
240,-7.011020660400391,10.543195724487305,-1.395979881286621,1.936014175415039,4.756586074829102,3.099498748779297,-5.157043933868408,0.04364720359444618,-5.13707971572876,-6.268100738525391,8.601274490356445,13.498553276062012,-4.0664472579956055,-0.49963709712028503,-3.606896162033081,-1.6480655670166016,5.507000923156738,4.514720916748047,7.650274276733398,10.505709648132324,-13.862466812133789,-13.855212211608887,-0.00015612691640853882,-0.006259618327021599,-1.8481277227401733,2.3346357345581055,-0.2873069643974304,0.46735697984695435,1.4543530941009521,0.8964838981628418,-1.2006251811981201,-0.2366720288991928,-6.444014549255371,-6.446556568145752,2.9978187084198,2.879204750061035
241,-8.320061683654785,10.96173095703125,-0.8561434149742126,1.4569270610809326,5.5718302726745605,2.963836193084717,-7.27795934677124,-1.2061704397201538,-6.411685466766357,-6.368409633636475,11.421460151672363,12.571207046508789,-5.26203727722168,1.362994909286499,-3.9371583461761475,-1.392712116241455,6.752455711364746,5.018180847167969,6.237340927124023,10.235471725463867,-15.167808532714844,-14.803836822509766,0.07207223773002625,0.029682353138923645,-2.1814563274383545,2.4215292930603027,-0.10714091360569,0.22044920921325684,1.5255424976348877,0.6739134788513184,-1.4027259349822998,-0.307411789894104,-6.692748069763184,-6.277466773986816,1.9162321090698242,2.63297700881958
242,-7.30644416809082,9.207060813903809,-0.8056263327598572,1.6896159648895264,4.254332065582275,1.7622989416122437,-5.954681873321533,-3.041926622390747,-5.117423057556152,-5.345860481262207,9.968892097473145,11.285027503967285,-3.6657121181488037,-0.8859047889709473,-4.384828567504883,-1.0915751457214355,5.726204872131348,3.7107138633728027,4.965709686279297,9.504342079162598,-14.158652305603027,-13.488277435302734,-0.052415631711483,0.011959297582507133,-1.7447960376739502,1.8696352243423462,-0.17934741079807281,0.35479795932769775,0.9309692978858948,0.24026072025299072,-0.8806071877479553,-0.6414090394973755,-6.865869522094727,-6.106115818023682,1.9108500480651855,2.248842239379883
243,-8.153829574584961,11.085036277770996,-0.6795307397842407,1.5211315155029297,4.58832311630249,2.6145029067993164,-5.447522163391113,-3.1040546894073486,-6.194506645202637,-6.650939464569092,9.28290843963623,11.213701248168945,-4.859037399291992,1.8715193271636963,-4.446713447570801,-0.5380555987358093,6.893016815185547,4.534161567687988,3.891531467437744,8.963555335998535,-15.297067642211914,-15.081677436828613,0.06569814682006836,0.03629761189222336,-2.032087564468384,2.520188808441162,-0.14159484207630157,0.2742910087108612,1.181746482849121,0.7175859808921814,-0.9123106598854065,-0.4854292869567871,-6.85172176361084,-6.085861682891846,1.8409783840179443,2.428528070449829
244,-7.305211544036865,9.203450202941895,-0.6336171627044678,1.4280030727386475,3.435833215713501,1.7245464324951172,-4.6036787033081055,-4.680230617523193,-5.00538444519043,-4.9706220626831055,7.57539176940918,9.935881614685059,-3.0469892024993896,-0.02692282199859619,-4.848215103149414,-0.11935954540967941,5.652740955352783,3.703357696533203,2.845781087875366,7.9589667320251465,-14.366922378540039,-13.950465202331543,-0.01909656636416912,-0.003755483776330948,-1.7414426803588867,1.9383643865585327,-0.14180542528629303,0.27222591638565063,0.7359043955802917,0.2795100212097168,-0.7414872646331787,-0.8983306884765625,-6.824516296386719,-5.787890911102295,1.3336002826690674,1.922394037246704
245,-8.351444244384766,10.725943565368652,-0.5309751629829407,1.3501052856445312,3.6641552448272705,2.303964614868164,-4.369690895080566,-4.520246982574463,-5.971895217895508,-6.067980766296387,5.904230117797852,9.729172706604004,-4.660586357116699,3.4596338272094727,-4.867007255554199,0.492745965719223,6.772150993347168,4.648777008056641,1.9851279258728027,7.187083721160889,-15.403120040893555,-15.336289405822754,0.11180266737937927,0.028085671365261078,-2.057987689971924,2.4679574966430664,-0.1118679791688919,0.2614702582359314,0.921234130859375,0.608389675617218,-0.794686496257782,-0.7163094282150269,-6.761205673217773,-5.805283069610596,0.9662217497825623,2.03328537940979
246,-7.228416442871094,8.063512802124023,-0.5638600587844849,1.5602877140045166,2.280195951461792,1.4384517669677734,-3.5182716846466064,-5.806551456451416,-4.865347862243652,-4.615380764007568,1.2152221202850342,7.805934906005859,-2.8240818977355957,-1.2473492622375488,-5.709211826324463,0.7790565490722656,5.2873945236206055,3.116936683654785,1.0765190124511719,5.819953918457031,-14.590436935424805,-13.695271492004395,-0.1006048321723938,0.012875838205218315,-1.6800295114517212,1.6756014823913574,-0.13985826075077057,0.350094735622406,0.3800223469734192,0.21692395210266113,-0.570686399936676,-1.1057432889938354,-6.632411956787109,-5.484168529510498,-0.3799647092819214,1.344128131866455
247,-8.419205665588379,11.14352798461914,-0.8833997845649719,2.0875349044799805,2.473529577255249,2.642432451248169,-3.0546326637268066,-5.18192720413208,-5.661335468292236,-6.194071292877197,-6.287693023681641,6.894410610198975,-4.954452037811279,-0.007189273834228516,-5.156250476837158,1.5124859809875488,6.1529541015625,3.763132095336914,4.241998672485352,4.795854091644287,-15.535706520080566,-14.909608840942383,-12.041632652282715,0.08378487825393677,-2.0830790996551514,2.584336757659912,-0.27402061223983765,0.5047645568847656,0.6113459467887878,0.7623478174209595,-0.5454082489013672,-0.8310151100158691,-6.405290603637695,-5.5532331466674805,-2.4754607677459717,1.2887163162231445
248,-7.790126800537109,11.226771354675293,-1.635289192199707,1.7651710510253906,1.8557900190353394,2.6153550148010254,-0.8941273093223572,-7.445786952972412,-4.721978187561035,-5.006589412689209,-5.5897064208984375,1.7186540365219116,-1.8526411056518555,1.1280192136764526,-4.9600934982299805,2.6149063110351562,4.820967674255371,4.211535453796387,4.923642635345459,3.361844778060913,-14.593757629394531,-14.999872207641602,-15.588598251342773,-0.0455978587269783,-1.978725790977478,2.5348806381225586,-0.5144636034965515,0.3343498110771179,0.37827056646347046,0.6066736578941345,0.13202804327011108,-1.6234824657440186,-6.7767791748046875,-5.550515174865723,-5.32125186920166,-0.3451778292655945
249,-10.372598648071289,11.38008975982666,-1.2530139684677124,1.5813093185424805,2.754870653152466,2.203005790710449,-1.5857030153274536,-6.224158763885498,-5.69877815246582,-4.930126190185547,-3.8933255672454834,-5.397753715515137,-3.8486123085021973,0.9157096743583679,-5.491695880889893,2.6099464893341064,5.820319652557373,4.1471028327941895,4.632031440734863,4.786104679107666,-1.6662096977233887,-0.02059216797351837,-15.518756866455078,-7.560144901275635,-2.704637050628662,2.709498882293701,-0.23716838657855988,0.3299841284751892,0.7897517085075378,0.45668888092041016,-0.3504181504249573,-1.0259346961975098,-6.645291328430176,-5.610157489776611,-5.742740631103516,-2.176825523376465
250,-9.55543041229248,12.244243621826172,-0.18148960173130035,-0.21972323954105377,2.5144128799438477,3.4038443565368652,-4.060641288757324,-6.1774749755859375,-18.53568458557129,-18.838415145874023,-4.285733699798584,-8.259895324707031,1.3001933097839355,1.961572289466858,-5.394099235534668,2.924799680709839,3.4889748096466064,4.317892074584961,3.375505208969116,6.106293201446533,0.698671281337738,-0.3843148648738861,-15.24290657043457,-15.498644828796387,-2.3581879138946533,2.97585129737854,0.12606410682201385,-0.2986990809440613,0.6050084233283997,0.9887315630912781,-1.0064327716827393,-1.0471354722976685,-5.757240295410156,-4.959076881408691,-5.8323516845703125,-4.990512847900391
251,-11.783712387084961,11.282599449157715,1.2394806146621704,-0.5142962336540222,5.0858683586120605,4.185347080230713,-3.351111650466919,-3.800035238265991,-20.03432273864746,-17.26521873474121,-4.519153118133545,-3.894042730331421,-2.1056172847747803,0.568821907043457,-6.120785713195801,2.5397043228149414,5.556082248687744,3.981219530105591,2.622699499130249,5.339211940765381,-0.03175751864910126,-0.005415789783000946,-15.493407249450684,-15.552898406982422,-2.521350383758545,2.5674290657043457,0.3808014988899231,-0.12932318449020386,1.556443214416504,1.1233078241348267,-0.5375192761421204,-0.3429940938949585,-5.158685684204102,-4.202305793762207,-5.117529392242432,-5.685335159301758
252,-8.964622497558594,11.98974323272705,2.3146488666534424,-2.472910165786743,3.311086893081665,4.110846519470215,-2.193115472793579,-5.799557685852051,-19.314388275146484,-17.20992660522461,-4.265918254852295,-4.283241271972656,-1.2743394374847412,2.973832368850708,-5.555595874786377,2.6845943927764893,5.208273887634277,5.255195140838623,1.9420143365859985,4.275980472564697,0.1244279146194458,-0.4110889434814453,-15.303669929504395,-15.513158798217773,-1.7884626388549805,2.736769199371338,0.5029310584068298,-0.7028571963310242,0.5895923376083374,0.939980149269104,-0.270985871553421,-1.2493318319320679,-5.476853370666504,-4.280956268310547,-5.082852363586426,-6.165066242218018
253,-9.169835090637207,10.487810134887695,2.335613250732422,-2.2379708290100098,3.485382556915283,2.841718912124634,-1.7089558839797974,-4.723445892333984,-19.20981216430664,-16.707740783691406,-4.427340507507324,-4.493289947509766,-2.1745476722717285,0.4394822120666504,-5.931846618652344,2.2151124477386475,5.569547653198242,3.9512195587158203,1.3586173057556152,3.1803171634674072,0.049467578530311584,-0.0178300142288208,-15.536731719970703,-15.534737586975098,-2.022846221923828,2.449937343597412,0.4017396569252014,-0.3816754221916199,0.8733837008476257,0.5180277228355408,-0.26643288135528564,-0.7276179194450378,-5.232288360595703,-4.279308795928955,-5.054012298583984,-6.145747661590576
254,-8.620195388793945,12.025108337402344,2.2884294986724854,-2.3026952743530273,3.066948652267456,3.4960694313049316,-1.6778337955474854,-4.520146369934082,-19.02147674560547,-16.76877212524414,-4.215432167053223,-4.540981769561768,-3.0022177696228027,2.7281665802001953,-5.333217620849609,2.3232908248901367,6.390264987945557,5.021183490753174,0.7374691963195801,2.2597639560699463,-0.16610971093177795,-0.37706610560417175,-15.304037094116211,-15.431828498840332,-1.9206808805465698,2.808702230453491,0.37513190507888794,-0.44228971004486084,0.6975523829460144,0.8930004835128784,-0.3215744197368622,-0.8194822072982788,-5.217801094055176,-4.136214733123779,-5.095578670501709,-6.147771835327148
255,-8.08460521697998,10.48875617980957,2.5208075046539307,-3.026460886001587,2.4258034229278564,2.1440703868865967,-1.9065375328063965,-5.475567817687988,-18.615617752075195,-16.045635223388672,-4.428152084350586,-4.691335201263428,-2.509707450866699,1.1817994117736816,-5.418122291564941,1.9408814907073975,5.954555988311768,4.144521713256836,-0.003922455012798309,0.9149840474128723,0.1912788450717926,-0.013939261436462402,-15.511641502380371,-15.490933418273926,-1.8436636924743652,2.408407211303711,0.4603709578514099,-0.6547561287879944,0.5269610285758972,0.3217048943042755,-0.40728116035461426,-1.1766184568405151,-5.073290824890137,-3.9288487434387207,-5.074377059936523,-6.2585225105285645
256,-8.442204475402832,11.433036804199219,2.390953302383423,-2.684720993041992,2.4971392154693604,2.4134700298309326,-2.0225231647491455,-5.000868797302246,-18.745546340942383,-15.950227737426758,-4.246243476867676,-4.6322126388549805,-2.5149238109588623,3.198685646057129,-4.865265846252441,1.945650577545166,6.233597755432129,4.926572799682617,-0.8084468245506287,-0.2798287272453308,0.11086073517799377,-0.41995251178741455,-15.375893592834473,-15.454244613647461,-1.982430100440979,2.6881024837493896,0.39078766107559204,-0.467621386051178,0.6308005452156067,0.5929624438285828,-0.42730987071990967,-0.9514744281768799,-4.966646194458008,-3.7943007946014404,-5.123761177062988,-6.152573108673096
257,-8.406705856323242,10.221452713012695,2.703293561935425,-3.367004632949829,2.2120211124420166,1.4308106899261475,-2.4087166786193848,-6.010799407958984,-18.34292984008789,-14.95759391784668,-4.375739097595215,-4.675304412841797,-2.7818732261657715,1.0883671045303345,-5.154746055603027,1.3173823356628418,6.303123474121094,3.9975507259368896,-1.7877509593963623,-1.9588589668273926,0.12504765391349792,-0.019740387797355652,-15.590359687805176,-15.524162292480469,-1.9315651655197144,2.4186484813690186,0.5075140595436096,-0.723576009273529,0.5169366598129272,0.1972118467092514,-0.5579673647880554,-1.4166908264160156,-4.761129379272461,-3.4900405406951904,-5.117979526519775,-6.185434341430664
258,-8.445730209350586,11.51779556274414,2.635115385055542,-3.1978707313537598,1.8546315431594849,1.6812771558761597,-2.4224507808685303,-5.80394172668457,-18.060903549194336,-14.619935035705566,-4.193375110626221,-4.581717491149902,-3.138646364212036,3.290916919708252,-4.400544166564941,1.230141282081604,6.786242485046387,4.766869068145752,-2.7552602291107178,-3.527242660522461,0.11345645785331726,-0.42565909028053284,-15.355057716369629,-15.416762351989746,-1.9897704124450684,2.7285549640655518,0.4409447908401489,-0.6028673648834229,0.4110320806503296,0.41925206780433655,-0.5306889414787292,-1.291939616203308,-4.632271766662598,-3.2909657955169678,-5.185726165771484,-6.041642665863037
259,-8.277632713317871,10.254873275756836,2.8143861293792725,-3.8115062713623047,1.1556274890899658,0.7804200649261475,-2.892868995666504,-6.995183944702148,-17.33991241455078,-13.363748550415039,-4.423208236694336,-4.667962551116943,-2.758993625640869,1.7407389879226685,-4.576822757720947,0.8614017963409424,5.927318572998047,3.8834481239318848,-3.985567092895508,-5.626908779144287,-0.006531740538775921,-0.016291379928588867,-15.715681076049805,-15.723193168640137,-1.9433051347732544,2.443211793899536,0.5206126570701599,-0.820343554019928,0.18464916944503784,0.05059022456407547,-0.7237293720245361,-1.9125217199325562,-4.204775810241699,-2.92775297164917,-5.1943817138671875,-5.97343111038208
260,-8.937321662902832,11.250811576843262,2.850715398788452,-3.5765223503112793,1.1193352937698364,1.0103142261505127,-3.187645673751831,-6.8982038497924805,-16.407939910888672,-12.705009460449219,-4.100114822387695,-4.3220438957214355,-3.10504150390625,3.0676538944244385,-3.7307052612304688,0.7013739943504333,6.360594749450684,4.248666286468506,-5.220327854156494,-7.626673221588135,-0.01316068321466446,-0.4778497815132141,-15.559219360351562,-15.469451904296875,-2.1942007541656494,2.7105910778045654,0.4993027448654175,-0.6753690838813782,0.26595014333724976,0.26329630613327026,-0.8080005049705505,-1.8634600639343262,-3.852665901184082,-2.673302412033081,-5.245203018188477,-5.806271553039551
261,-9.004487037658691,10.385501861572266,3.001828670501709,-3.9727203845977783,0.21862146258354187,0.3859568238258362,-3.702167272567749,-7.665520668029785,-15.137274742126465,-11.196568489074707,-4.237831115722656,-4.517480373382568,-3.1196177005767822,2.325819253921509,-3.162130832672119,0.2268354594707489,6.29732084274292,3.901057243347168,-6.717223167419434,-9.957132339477539,-0.041591957211494446,-0.007032562047243118,-15.322064399719238,-15.324172019958496,-2.178525686264038,2.4664769172668457,0.5630158185958862,-0.8392925262451172,-0.09345371276140213,-0.004866638220846653,-1.0187643766403198,-2.503819704055786,-3.3217999935150146,-2.294215679168701,-5.1785430908203125,-5.608290195465088
262,-9.190743446350098,10.48838996887207,2.9399259090423584,-3.7895736694335938,-0.7013249397277832,0.3141595721244812,-4.116925239562988,-7.644684791564941,-13.5837984085083,-10.01147174835205,-4.457016944885254,-4.579725742340088,-2.9434213638305664,3.672943353652954,-2.4282045364379883,-0.23589512705802917,6.055984020233154,4.257556915283203,-8.30652904510498,-12.289629936218262,0.009472191333770752,-0.36915963888168335,-15.135705947875977,-15.201233863830566,-2.2332851886749268,2.4463751316070557,0.5329782366752625,-0.7422173619270325,-0.2304723858833313,0.06039758771657944,-1.1944036483764648,-2.7018914222717285,-2.8109800815582275,-1.9072681665420532,-5.1802263259887695,-5.359255790710449
263,-9.280341148376465,9.443947792053223,2.9882962703704834,-3.711188316345215,-1.535178780555725,-0.2892902195453644,-4.649015426635742,-7.662259578704834,-11.324117660522461,-7.75557804107666,-4.6061177253723145,-4.577841281890869,-2.869994640350342,2.3989124298095703,-2.248659610748291,-1.1264994144439697,5.532932758331299,3.8039984703063965,-10.129644393920898,-14.795491218566895,0.1152551919221878,-0.0026265420019626617,-15.20911693572998,-15.232534408569336,-2.2115700244903564,2.221895456314087,0.5697911381721497,-0.7516810297966003,-0.34932470321655273,-0.13264086842536926,-1.4808425903320312,-3.2163259983062744,-2.0847480297088623,-1.3329259157180786,-5.089466094970703,-5.022219181060791
264,-9.570499420166016,9.774471282958984,2.972788095474243,-3.109241008758545,-1.8227912187576294,0.12946371734142303,-4.882697105407715,-7.104257106781006,-8.152852058410645,-3.585207223892212,-4.511932849884033,-4.404639720916748,-2.544729232788086,2.550726890563965,-1.771645426750183,-1.8382033109664917,5.029265403747559,3.9468979835510254,-12.013577461242676,-17.188928604125977,0.20105792582035065,-0.12144605815410614,-15.240886688232422,-15.092440605163574,-2.3283774852752686,2.266958475112915,0.5559285283088684,-0.580916166305542,-0.34345632791519165,0.08319825679063797,-1.6630957126617432,-3.434946298599243,-1.2195852994918823,-0.1418147087097168,-5.0323286056518555,-4.690083026885986
265,-10.215621948242188,9.373163223266602,2.9803383350372314,-2.5872998237609863,-1.928451657295227,0.5107713341712952,-5.196328163146973,-6.522598743438721,-2.6827070713043213,3.5786447525024414,-4.412481784820557,-4.321925640106201,-3.023164749145508,2.163679599761963,0.4466879069805145,-2.5338261127471924,4.992757797241211,4.068351745605469,-13.532960891723633,-19.570539474487305,0.003266572952270508,3.6955788135528564,-15.699703216552734,-14.298501014709473,-2.5275392532348633,2.1328108310699463,0.5722153782844543,-0.4896070957183838,-0.34611213207244873,0.1762751340866089,-2.0166609287261963,-3.9151461124420166,0.1955866813659668,1.7390412092208862,-4.820013523101807,-4.2415995597839355
266,-9.997392654418945,9.229966163635254,2.0360419750213623,-1.7553538084030151,-1.466843843460083,0.9581376314163208,-5.5175371170043945,-5.675424098968506,7.234226703643799,9.90346622467041,-3.879683017730713,-4.401041030883789,-2.4921822547912598,1.8417339324951172,0.6597499847412109,-3.0581979751586914,4.707728862762451,4.429005146026611,-15.547920227050781,-20.70152473449707,7.295928001403809,13.954927444458008,-15.477992057800293,-13.399580955505371,-2.4071805477142334,2.0744550228118896,0.3140813112258911,-0.2717922329902649,-0.19918745756149292,0.29128509759902954,-2.3710591793060303,-4.258664131164551,3.174227237701416,4.682015895843506,-4.502474308013916,-3.192582130432129
267,-9.109053611755371,6.118985176086426,2.8929545879364014,-1.5120545625686646,-1.8944822549819946,1.1029103994369507,-5.678223609924316,-5.146285057067871,9.801827430725098,5.257336139678955,-3.4687821865081787,-3.453632116317749,-0.8967612981796265,-0.03250640630722046,1.7791848182678223,-3.1324784755706787,3.891683578491211,1.080215334892273,-17.438213348388672,-21.288776397705078,15.41357421875,14.182439804077148,-15.029219627380371,-11.243289947509766,-1.93030846118927,0.8559587001800537,0.7158512473106384,-0.30588918924331665,-0.3791516423225403,0.2836916744709015,-2.8969342708587646,-4.15709924697876,6.614977836608887,6.453464984893799,-3.0418860912323,-1.4692542552947998
268,-7.441339492797852,0.8589723110198975,4.363704204559326,-0.7794178128242493,-3.2869114875793457,-0.12424854189157486,-5.215596675872803,-4.799959182739258,4.477840423583984,5.472942352294922,-2.7344655990600586,-2.0250720977783203,0.1725732386112213,-0.8316000699996948,2.00972318649292,-3.468040943145752,2.213284969329834,1.4211363792419434,-19.20879364013672,-21.562715530395508,15.502742767333984,15.446213722229004,-13.833365440368652,-8.01395320892334,-1.26190984249115,-0.5860418081283569,1.175487995147705,-0.06558125466108322,-0.7582757472991943,-0.21255213022232056,-2.880506753921509,-4.03372859954834,7.86246395111084,5.6401519775390625,-1.6751854419708252,-0.14939874410629272
269,-1.8668370246887207,-2.770070791244507,4.953608989715576,-2.419051170349121,-4.180202007293701,-2.608370065689087,-4.570613861083984,-4.29648494720459,4.692770004272461,4.444794654846191,-1.550161361694336,6.675995349884033,0.4205281734466553,-2.5560460090637207,2.7560737133026123,-3.1140694618225098,1.566910982131958,-0.604520857334137,-19.811891555786133,-22.328330993652344,15.57738971710205,15.689139366149902,-11.348173141479492,3.5216307640075684,0.40491318702697754,-1.0827546119689941,1.1748316287994385,-0.8030859231948853,-0.9215102791786194,-0.8225610256195068,-2.867060899734497,-3.3257315158843994,7.319700241088867,5.724180698394775,-0.21134471893310547,2.3912501335144043
270,4.39208459854126,-6.441198825836182,3.8385446071624756,-2.706608533859253,-4.821012496948242,-3.7741289138793945,-3.6631298065185547,-2.974255084991455,4.710702896118164,4.273735523223877,7.537539482116699,11.087334632873535,3.370305299758911,-5.4813737869262695,2.587477684020996,-2.942465305328369,-1.6806211471557617,-3.2724480628967285,-20.114870071411133,-22.740751266479492,15.68612289428711,15.69576644897461,0.3243221640586853,15.661396026611328,1.8177897930145264,-2.095022678375244,0.7060081362724304,-0.6458055377006531,-1.024214267730713,-0.9650619626045227,-2.000891923904419,-1.9202063083648682,7.11175537109375,5.759969234466553,2.4764320850372314,5.4131598472595215
271,6.032991886138916,-4.828091144561768,2.961327075958252,-3.8834385871887207,-3.6422793865203857,-5.115434646606445,-2.197002410888672,-0.9977272748947144,4.645152568817139,4.342532634735107,12.97231388092041,3.579070806503296,6.569329261779785,-7.271422863006592,2.6941206455230713,-4.011064529418945,-4.177938461303711,-6.217975616455078,-20.282575607299805,-21.0206241607666,15.692586898803711,15.680741310119629,14.894197463989258,15.673142433166504,1.7468827962875366,-1.0461056232452393,0.5186464786529541,-1.0493011474609375,-0.6795918941497803,-1.4433320760726929,-0.7858847975730896,0.17573870718479156,7.213405609130859,6.036621570587158,5.144451141357422,4.843286991119385
272,4.125487804412842,-1.8010233640670776,3.0616109371185303,-4.356229782104492,-5.307387351989746,-6.645848751068115,-0.4526430666446686,8.244178771972656,4.712275981903076,4.507922649383545,3.887104034423828,3.886946439743042,8.08158016204834,-8.1918306350708,3.4959847927093506,-5.346479892730713,-7.170078277587891,-9.33630657196045,-19.11528205871582,-16.870899200439453,15.700004577636719,15.641377449035645,15.590126037597656,15.65019416809082,0.8628220558166504,-0.004487067461013794,0.6938802599906921,-1.122288465499878,-1.5988574028015137,-2.168637990951538,0.4215725064277649,2.3375823497772217,7.759754180908203,6.837864875793457,4.030040264129639,5.113001346588135
273,2.1131670475006104,-1.3193780183792114,4.211826801300049,-3.3330655097961426,-8.593596458435059,-8.196821212768555,13.966479301452637,19.09797477722168,4.698164463043213,4.594194412231445,3.9315805435180664,4.133074760437012,8.767868041992188,-8.076311111450195,4.605686664581299,-5.916940689086914,-11.062483787536621,-12.520255088806152,-12.113075256347656,-10.059212684631348,15.679996490478516,15.654565811157227,15.588664054870605,15.634756088256836,0.25955647230148315,-0.28797295689582825,1.1632730960845947,-0.6856825351715088,-3.447618007659912,-3.295480728149414,3.604862928390503,4.367680549621582,7.389473915100098,6.725579738616943,5.46000862121582,5.550158977508545
274,2.0241565704345703,0.8838285803794861,2.723094940185547,-4.053739547729492,-9.739934921264648,-6.390915393829346,18.544841766357422,21.326364517211914,4.686073303222656,4.578924179077148,4.145872116088867,4.171444416046143,9.05868911743164,-7.036581039428711,4.252601623535156,-6.299948215484619,-15.155241012573242,-14.645550727844238,-4.1391143798828125,-3.1564810276031494,15.670404434204102,15.628814697265625,15.5294771194458,15.604352951049805,0.5696423053741455,0.47559604048728943,0.43756628036499023,-1.164736032485962,-4.820526123046875,-2.2135009765625,4.035149097442627,4.991806983947754,7.106111526489258,6.582364082336426,5.3967814445495605,5.247146129608154
275,1.2626698017120361,4.302335262298584,2.0449423789978027,-4.525425910949707,-8.765851974487305,-4.74869966506958,18.235349655151367,19.624975204467773,4.671680450439453,4.608835697174072,4.321990013122559,4.1761956214904785,8.685075759887695,-5.1182661056518555,3.1592273712158203,-6.578236103057861,-18.479419708251953,-15.984561920166016,2.87697696685791,2.5088882446289062,15.68801212310791,15.623984336853027,15.48950481414795,15.568666458129883,0.2214389443397522,1.0885183811187744,0.3658626079559326,-1.2646945714950562,-5.3699445724487305,-1.693637728691101,4.702441692352295,5.246606349945068,7.011874198913574,6.6093292236328125,5.556520462036133,5.10717248916626
276,0.4579998850822449,5.6241679191589355,3.947063446044922,-3.619055986404419,-7.46628999710083,-4.277077674865723,16.423322677612305,17.20639991760254,4.647358417510986,4.625678539276123,4.479336261749268,4.164305686950684,7.591331481933594,-3.0925416946411133,2.8542442321777344,-6.180454730987549,-20.15570831298828,-17.194580078125,7.923062324523926,6.676042079925537,15.618687629699707,15.7000093460083,15.667459487915039,15.64091682434082,-0.02625434845685959,1.160330891609192,1.1764215230941772,-0.7879171371459961,-6.2797136306762695,-1.9048632383346558,5.631350994110107,5.544947624206543,7.0469770431518555,6.684617042541504,5.90408992767334,4.966187000274658
277,0.2902337610721588,5.114221572875977,6.711206912994385,-1.5445784330368042,-6.696658134460449,-4.132052898406982,14.409759521484375,14.934418678283691,4.7073655128479,4.527430534362793,4.3737993240356445,4.045478343963623,6.2072834968566895,-1.3483682870864868,3.609618902206421,-5.514835834503174,-20.727643966674805,-18.020395278930664,11.007232666015625,9.54894733428955,15.697450637817383,15.63967514038086,15.677565574645996,15.700003623962402,0.04354120045900345,0.9164429903030396,1.9952384233474731,-0.030400969088077545,-6.659255027770996,-2.1314172744750977,6.303152561187744,5.562324523925781,6.955320358276367,6.514810085296631,6.030846118927002,4.8349385261535645
278,1.0232535600662231,4.284976482391357,8.598734855651855,1.7522931098937988,-6.407031059265137,-3.699962615966797,12.925344467163086,13.221494674682617,4.60946798324585,4.549210071563721,4.381599426269531,3.9665937423706055,6.127746105194092,1.075350284576416,6.113681316375732,-3.4990041255950928,-20.996097564697266,-18.629751205444336,12.981493949890137,11.614396095275879,15.698217391967773,15.597432136535645,15.610316276550293,15.619246482849121,0.3787662982940674,0.755152702331543,2.473949432373047,0.7593474984169006,-6.557335376739502,-1.8828586339950562,6.690800189971924,5.568695068359375,6.88053035736084,6.2990522384643555,5.9768218994140625,4.818231105804443
279,2.524122953414917,3.576354742050171,9.117783546447754,5.7993903160095215,-6.137121677398682,-1.8939532041549683,11.824597358703613,11.809171676635742,4.567149639129639,4.5582780838012695,4.39540958404541,4.024096965789795,7.317176818847656,3.909801959991455,9.516386032104492,-0.15429827570915222,-21.124801635742188,-18.949464797973633,14.111922264099121,12.888354301452637,15.700007438659668,15.637467384338379,15.58305549621582,15.664176940917969,0.8952376842498779,0.6944618225097656,2.801852226257324,1.5926357507705688,-5.995944976806641,-0.4285984933376312,6.834451198577881,5.357647895812988,6.611725807189941,6.190003871917725,5.659760475158691,4.797288417816162
280,4.128498077392578,4.127984046936035,9.439522743225098,9.752433776855469,-5.498592853546143,10.65556526184082,11.140021324157715,10.850790023803711,4.4646430015563965,4.51212739944458,4.30274772644043,4.0214738845825195,9.292695999145508,6.325109004974365,13.264253616333008,3.9681074619293213,-21.066238403320312,-15.892791748046875,14.77647876739502,13.666202545166016,15.68458366394043,15.74040412902832,15.394299507141113,15.48885726928711,1.4389036893844604,1.1069175004959106,3.6798582077026367,2.8444833755493164,-4.387328147888184,3.2928390502929688,6.860745906829834,5.167659759521484,6.068425178527832,6.240294933319092,5.213714122772217,4.967124938964844
281,2.383273124694824,6.219682216644287,9.037529945373535,11.028888702392578,-1.5715913772583008,23.74570083618164,9.782319068908691,8.898189544677734,4.4898529052734375,4.294313430786133,4.440422058105469,4.285435676574707,11.206584930419922,6.757139205932617,16.95131492614746,8.091992378234863,-19.921733856201172,-8.153160095214844,14.54637336730957,13.819814682006836,15.700016975402832,15.171032905578613,15.611391067504883,15.665146827697754,0.423099160194397,2.126328706741333,4.620014667510986,3.451387405395508,0.718808114528656,7.367989540100098,4.77050256729126,3.388852834701538,6.376145362854004,5.6179633140563965,5.240073204040527,5.322194576263428
282,-9.740489959716797,9.53381633758545,5.031822204589844,7.3062744140625,17.637117385864258,24.703794479370117,4.483173370361328,2.7801921367645264,4.521220684051514,-4.998265266418457,4.279054164886475,3.7970919609069824,9.06152629852295,4.268601417541504,17.895034790039062,9.466057777404785,-14.374674797058105,-1.2317243814468384,12.958844184875488,12.74256706237793,15.661691665649414,4.374022960662842,15.605171203613281,15.706849098205566,-3.2666211128234863,3.631718158721924,1.7635999917984009,1.7085615396499634,6.9503374099731445,8.07979965209961,0.3304937481880188,-0.46111243963241577,6.677290916442871,-4.756588459014893,5.515139579772949,4.025089263916016
283,-17.4893856048584,12.420248031616211,-1.4269434213638306,4.793652534484863,26.298667907714844,21.797382354736328,-1.1186121702194214,-5.50215482711792,4.069380283355713,-17.986133575439453,4.190205097198486,3.4159581661224365,3.8403749465942383,4.174476623535156,16.630651473999023,9.328336715698242,-6.52822208404541,2.4749069213867188,10.702631950378418,10.348111152648926,11.340254783630371,-8.020869255065918,15.678311347961426,15.52859878540039,-4.594598293304443,3.8765788078308105,-1.9368160963058472,1.0140208005905151,9.221309661865234,7.926303863525391,-1.4629387855529785,-2.104051351547241,4.314118385314941,-9.577476501464844,5.028491497039795,3.4350714683532715
284,-13.573919296264648,13.521225929260254,-14.227431297302246,2.163283109664917,24.108234405517578,18.633594512939453,-2.969312906265259,-9.789384841918945,-10.124878883361816,-10.993752479553223,4.010216236114502,3.5506818294525146,-2.954636812210083,2.6095263957977295,11.62574577331543,7.504373550415039,5.621983528137207,3.6533262729644775,8.329384803771973,7.189752578735352,-14.276167869567871,-9.704120635986328,15.688145637512207,15.497286796569824,-2.411900520324707,4.102107048034668,-3.442429542541504,0.11257917433977127,6.92289400100708,5.834841728210449,-0.6296300292015076,-2.030423164367676,-11.389379501342773,-6.4616851806640625,4.743146896362305,3.7860608100891113
285,-5.134876728057861,13.616508483886719,-16.13774871826172,-4.59078311920166,15.659201622009277,15.599811553955078,-0.07032842934131622,-10.665228843688965,-4.179154396057129,-9.527945518493652,4.069773197174072,3.889671564102173,-6.502541542053223,1.1589715480804443,6.3842573165893555,4.551023960113525,9.738722801208496,4.212907314300537,7.071439743041992,4.388689041137695,-15.700004577636719,-10.387175559997559,15.68383502960205,15.526926040649414,-0.293237566947937,3.347196578979492,-3.0132265090942383,-1.7151386737823486,5.2112250328063965,3.9252099990844727,0.27400892972946167,-2.0129880905151367,-5.790866851806641,-5.021391868591309,5.191314697265625,4.745519161224365
286,-3.7798094749450684,12.14697551727295,-12.379783630371094,-4.507017135620117,12.613033294677734,11.691654205322266,1.8083299398422241,-7.903092384338379,-3.7846291065216064,-8.940030097961426,4.130359172821045,4.075422286987305,2.879392147064209,0.3303624093532562,3.2468349933624268,2.845785140991211,-2.435574531555176,4.336775302886963,6.257757186889648,2.3421761989593506,0.7705001831054688,-11.392332077026367,15.657276153564453,15.383559226989746,-0.8573392033576965,2.4156718254089355,-1.9582749605178833,-0.823392927646637,4.867210865020752,2.3400983810424805,0.8029387593269348,-1.1751821041107178,-5.466616630554199,-5.046680927276611,5.318690776824951,5.06802225112915
287,-13.338401794433594,11.48145580291748,-7.038023948669434,0.5719075798988342,20.897602081298828,11.35173511505127,0.5875643491744995,-0.03701828792691231,-19.085983276367188,-8.325827598571777,4.219965934753418,4.1890645027160645,0.742169976234436,-0.3668268024921417,0.6417888402938843,1.356593370437622,3.8028478622436523,4.544235706329346,6.010567665100098,2.329899787902832,-11.208868026733398,-11.688218116760254,15.665118217468262,15.504687309265137,-4.331149578094482,2.3668339252471924,-0.7624066472053528,0.7385706901550293,5.7747368812561035,2.9399023056030273,-0.06789404153823853,0.9197721481323242,-5.303544998168945,-5.739631652832031,5.510733604431152,4.699884414672852
288,-12.002603530883789,10.146186828613281,-6.058104991912842,1.0091676712036133,11.972628593444824,10.179845809936523,0.5993205904960632,4.101857662200928,-7.931488990783691,-8.103907585144043,4.3062825202941895,4.086276531219482,-1.4939731359481812,-0.761939525604248,-1.0630000829696655,-0.21753154695034027,4.127554893493652,4.960906505584717,5.745541572570801,7.823344707489014,-12.091440200805664,-12.412875175476074,15.616044998168945,-0.0019341274164617062,-2.4911606311798096,1.8890436887741089,-1.1527470350265503,0.2683403491973877,2.123898983001709,2.422186851501465,0.15076690912246704,1.5393598079681396,-4.601412773132324,-5.583313465118408,5.854429721832275,4.739624977111816
289,-10.764998435974121,9.070547103881836,-3.902876138687134,0.8817548155784607,9.393348693847656,7.986755847930908,1.8651413917541504,3.9669406414031982,-7.412959575653076,-7.571890354156494,4.322921276092529,16.860595703125,-2.627356767654419,-1.1719939708709717,-2.213597536087036,-0.950024425983429,4.71055793762207,5.378322124481201,5.765396595001221,8.791923522949219,-12.845916748046875,-13.150038719177246,15.68707275390625,0.0023634075187146664,-2.40362286567688,1.68045973777771,-0.5603402853012085,0.1509549617767334,1.8984408378601074,1.65401029586792,0.673101007938385,1.2206186056137085,-5.336538314819336,-6.026401996612549,5.508383274078369,3.9501638412475586
290,-9.828152656555176,9.549166679382324,-2.1684038639068604,0.5087682604789734,7.5127668380737305,6.03322696685791,1.9505966901779175,4.0703125,-6.866806507110596,-7.043112277984619,4.2587666511535645,16.366519927978516,-3.3377420902252197,-1.1029895544052124,-2.6307363510131836,-1.3797401189804077,5.207957744598389,5.458622932434082,5.866434574127197,9.762979507446289,-13.44852352142334,-13.512372016906738,15.682199478149414,0.011076212860643864,-2.2332205772399902,1.9961702823638916,-0.24095354974269867,0.047678448259830475,1.5736738443374634,1.1988922357559204,0.49875515699386597,1.2291876077651978,-5.4951324462890625,-6.587843418121338,5.5913591384887695,3.9197657108306885
291,-9.082903861999512,9.91174030303955,-1.6810787916183472,0.7657648921012878,5.803615093231201,4.591362953186035,0.9063177704811096,3.2502710819244385,-6.43196964263916,-6.769279956817627,4.174984455108643,15.906488418579102,-4.011656761169434,-0.5006081461906433,-2.7196145057678223,-1.5482988357543945,5.7691850662231445,5.599560737609863,5.763622760772705,10.553478240966797,-14.1113920211792,-13.98837947845459,15.684174537658691,0.009567282162606716,-2.0986828804016113,2.089138984680176,-0.30237114429473877,0.17839264869689941,1.1756575107574463,0.9009209871292114,0.05354363098740578,0.845913290977478,-5.762972831726074,-6.679690361022949,5.178318977355957,3.762967109680176
292,-8.112974166870117,9.827010154724121,-1.6523220539093018,0.8833558559417725,4.089632034301758,3.1229004859924316,-0.5116258263587952,1.9601068496704102,-5.906352519989014,-6.31266975402832,4.0420403480529785,15.342658996582031,-4.703277587890625,0.06348657608032227,-3.6637637615203857,-2.1957101821899414,5.3651556968688965,5.638738632202148,5.537327766418457,10.720081329345703,-14.289277076721191,-14.936563491821289,14.439396858215332,0.093803271651268,-1.8477332592010498,2.0717453956604004,-0.3605763912200928,0.18251153826713562,0.7572172284126282,0.5333631038665771,-0.2936113476753235,0.36545538902282715,-6.0402727127075195,-6.677251815795898,4.796502113342285,3.540827751159668
293,-7.873291492462158,9.650569915771484,-1.4907679557800293,2.1663246154785156,4.983309745788574,2.7734694480895996,-2.6990468502044678,0.5756397843360901,-5.81534481048584,-5.3244194984436035,4.876196384429932,14.370798110961914,-4.620625972747803,-1.7413380146026611,-3.163801670074463,-2.1791534423828125,5.38249397277832,4.139411926269531,9.236492156982422,10.762484550476074,-14.283960342407227,-13.175760269165039,-0.05765805393457413,0.021392010152339935,-1.970217227935791,2.056784152984619,-0.3241109848022461,0.5636821985244751,1.385624647140503,0.629791259765625,-0.7079417705535889,-0.10445140302181244,-6.218718528747559,-6.580349445343018,4.150485038757324,3.1744537353515625
294,-8.253446578979492,11.51627254486084,-1.271159052848816,1.8962634801864624,5.267104148864746,3.5448362827301025,-7.369067668914795,0.03248646482825279,-5.925958156585693,-7.091049671173096,12.026480674743652,13.456615447998047,-4.413031101226807,0.7266967296600342,-3.257755756378174,-1.6914052963256836,5.6899003982543945,4.9516282081604,7.7913408279418945,10.747989654541016,-14.519906997680664,-14.856267929077148,0.07292856276035309,-0.0003335513174533844,-2.1429970264434814,2.567575454711914,-0.24739988148212433,0.32070714235305786,1.3667242527008057,0.9268087148666382,-1.6389867067337036,-0.10236810147762299,-6.57352352142334,-6.333889961242676,1.7574567794799805,2.8781275749206543
295,-8.074562072753906,9.615234375,-0.8588216304779053,1.779022455215454,4.883220195770264,1.9545495510101318,-5.924112796783447,-2.110306978225708,-5.771105766296387,-5.322343826293945,11.272257804870605,12.406960487365723,-4.139316558837891,-1.385860800743103,-3.7181618213653564,-1.5086803436279297,5.6535468101501465,3.684274673461914,6.6040754318237305,10.213265419006348,-14.476318359375,-13.445897102355957,-0.05151885002851486,0.029312439262866974,-1.960159420967102,1.935274362564087,-0.13165725767612457,0.3262139856815338,1.1758861541748047,0.23197805881500244,-0.8252008557319641,-0.5272899866104126,-6.845198631286621,-6.2164483070373535,2.350297689437866,2.5677006244659424
296,-8.06246280670166,11.214105606079102,-0.8061655163764954,1.5625786781311035,4.365645885467529,2.549884796142578,-5.499716281890869,-2.578965663909912,-5.864749431610107,-6.740385055541992,10.925891876220703,12.202044486999512,-3.9379353523254395,2.1147310733795166,-3.5999648571014404,-0.8520596027374268,5.946229934692383,4.557774543762207,5.515032768249512,9.79945182800293,-14.733022689819336,-15.250508308410645,0.10432465374469757,-0.010767348110675812,-1.960782527923584,2.4629085063934326,-0.1782727986574173,0.27171823382377625,1.003880262374878,0.6609109044075012,-0.8862826228141785,-0.43576955795288086,-6.928042411804199,-6.211283206939697,2.2896273136138916,2.67474627494812
297,-7.865009307861328,8.98304557800293,-0.7011309266090393,1.5500541925430298,3.6862385272979736,1.531907558441162,-4.862252235412598,-4.031671524047852,-5.608198642730713,-4.8525614738464355,10.04123306274414,11.261316299438477,-3.9593658447265625,-3.6285009384155273,-4.6324238777160645,-0.9229289293289185,5.602352619171143,2.6027510166168213,4.4521942138671875,8.749348640441895,-14.749897956848145,-12.82305908203125,-0.20016910135746002,0.06805746257305145,-1.8614768981933594,1.8863810300827026,-0.14286543428897858,0.30448687076568604,0.822845995426178,0.21449965238571167,-0.7753785252571106,-0.7637323141098022,-6.889618873596191,-5.969295024871826,2.0287842750549316,2.2874293327331543
298,-8.077998161315918,13.197160720825195,-0.6660694479942322,0.9760826230049133,3.6030609607696533,3.1598966121673584,-4.868929386138916,-4.012179851531982,-5.60037088394165,-7.26779317855835,9.695388793945312,11.43172836303711,-3.4410324096679688,1.1653969287872314,-4.1679487228393555,0.05593940615653992,5.832139492034912,4.041034698486328,3.4588587284088135,8.160069465637207,-14.900386810302734,-15.415817260742188,0.03248537331819534,0.016445551067590714,-2.0078330039978027,2.982419967651367,-0.15628190338611603,0.11471972614526749,0.8730904459953308,0.9240210056304932,-0.8759415745735168,-0.634492039680481,-6.9217729568481445,-5.976529121398926,1.960343837738037,2.545661449432373
299,-8.308206558227539,10.557305335998535,-0.5270889401435852,0.6224950551986694,3.273602247238159,2.0468435287475586,-4.241108417510986,-5.782155990600586,-5.439036846160889,-4.593768119812012,8.307818412780762,10.291036605834961,-2.97562313079834,2.116597890853882,-4.437197208404541,0.47925978899002075,5.5797224044799805,4.226468086242676,2.564314603805542,7.088016986846924,-14.774223327636719,-14.836441993713379,0.06923408806324005,-0.0072261616587638855,-1.999086856842041,2.2474822998046875,-0.09898664057254791,0.08162034302949905,0.7699849009513855,0.3274133801460266,-0.7077565789222717,-1.1227144002914429,-6.876034736633301,-5.644207954406738,1.5473971366882324,2.019482374191284
300,-8.476544380187988,9.597381591796875,-0.4155808091163635,0.9707934856414795,2.61556339263916,1.5440460443496704,-4.023918151855469,-5.655055046081543,-5.557687759399414,-5.129729747772217,6.4089202880859375,9.436400413513184,-4.009884834289551,-0.010189473628997803,-5.185560703277588,0.6524738073348999,5.796535015106201,3.564652442932129,1.7001198530197144,5.888236999511719,-15.204656600952148,-14.272259712219238,-0.026124652475118637,0.051551416516304016,-1.9967901706695557,2.107511281967163,-0.08091266453266144,0.24590381979942322,0.5311220288276672,0.2838667631149292,-0.7347362041473389,-0.9312053918838501,-6.793060302734375,-5.632919788360596,1.0513904094696045,1.8628566265106201
301,-7.984129905700684,10.721471786499023,-0.47783607244491577,1.0306507349014282,1.8893120288848877,1.9833259582519531,-3.5252792835235596,-5.5951080322265625,-5.0853376388549805,-5.617613792419434,2.5698325634002686,8.416065216064453,-1.9236546754837036,3.6088249683380127,-4.9114227294921875,1.6230720281600952,4.931772708892822,4.424372673034668,0.8691956400871277,4.922258377075195,-14.651924133300781,-15.433450698852539,0.22514131665229797,-0.05982547253370285,-1.9157030582427979,2.380894184112549,-0.12746985256671906,0.21978893876075745,0.35253483057022095,0.5124377608299255,-0.6214633584022522,-0.9628400802612305,-6.688602447509766,-5.4530863761901855,-0.0019834041595458984,1.615609884262085
302,-9.120272636413574,8.518784523010254,-0.42717108130455017,1.672863483428955,1.944648027420044,1.5311594009399414,-3.1283957958221436,-6.106849670410156,-5.603902339935303,-4.424056529998779,-4.548596382141113,6.384098052978516,-5.087252616882324,-1.6362648010253906,-5.539394855499268,1.7089641094207764,5.446651458740234,2.680088520050049,2.9583537578582764,3.5707480907440186,-15.449320793151855,0.5342655181884766,-8.35015869140625,0.0922243595123291,-2.1596479415893555,1.8935948610305786,-0.09319467842578888,0.4503113031387329,0.46475428342819214,0.2987692356109619,-0.5714220404624939,-1.1478525400161743,-6.406716346740723,-5.249553203582764,-1.9455852508544922,1.0120327472686768
303,-8.106803894042969,11.005126953125,-0.486920028924942,1.757404088973999,1.0466874837875366,4.552081108093262,-3.601463794708252,-6.659661769866943,-4.745998859405518,-19.512590408325195,-7.6702070236206055,2.0640225410461426,-0.7824549674987793,-0.08014649152755737,-4.832311153411865,2.8995234966278076,4.063899040222168,3.5395219326019287,4.389981269836426,2.296724557876587,-6.57602596282959,-0.008177138864994049,-15.474122047424316,0.027780454605817795,-2.0784881114959717,2.3713042736053467,-0.1308853179216385,0.3861681818962097,0.11590652912855148,1.4727154970169067,-0.692615807056427,-1.3181716203689575,-6.32647705078125,-5.225759029388428,-5.215627670288086,-0.1575586199760437
304,-10.82462215423584,12.076141357421875,-0.39446598291397095,1.6041591167449951,3.419191360473633,4.760895252227783,-3.473353862762451,-4.286679267883301,-13.610730171203613,-18.41587257385254,-3.903858184814453,-4.4540910720825195,-1.8902581930160522,-0.4234825372695923,-5.406986236572266,2.9191384315490723,4.869530200958252,3.2487306594848633,3.582285165786743,3.6469857692718506,-0.08275070041418076,-0.06906444579362869,-15.53200626373291,-6.847289085388184,-2.653972625732422,2.961216449737549,-0.0770767480134964,0.3439071774482727,1.1708722114562988,1.1548749208450317,-0.5760626792907715,-0.5361184477806091,-5.91948127746582,-4.7659831047058105,-5.683411121368408,-1.8489410877227783
305,-10.065516471862793,12.867751121520996,0.5325261354446411,0.15172678232192993,3.4450137615203857,5.017707824707031,-3.103576183319092,-3.803122043609619,-19.75482940673828,-17.61553382873535,-4.146768569946289,-8.61051082611084,0.4028298854827881,0.5878320932388306,-5.027249336242676,3.1592605113983154,3.8219614028930664,3.707071304321289,2.6366803646087646,5.7047505378723145,0.4133871793746948,-0.02868068218231201,-15.275501251220703,-15.484973907470703,-2.2570555210113525,2.9624807834625244,0.21327809989452362,-0.18076980113983154,0.8521340489387512,1.179720401763916,-0.5224723815917969,-0.6029567718505859,-5.623248100280762,-4.375032424926758,-5.395174980163574,-5.1729655265808105
306,-11.384142875671387,12.322248458862305,1.3277602195739746,-0.5713134407997131,4.303164958953857,4.817044258117676,-2.0339460372924805,-3.3729567527770996,-19.7385196685791,-17.14772605895996,-4.42611837387085,-3.9104018211364746,-1.4117985963821411,2.478134870529175,-5.05980920791626,3.1930184364318848,5.077126979827881,4.983388423919678,2.159705877304077,5.112570285797119,-0.021367158740758896,-0.46512046456336975,-15.308050155639648,-15.492923736572266,-2.532137632369995,2.782496452331543,0.319546103477478,-0.19486278295516968,1.1155071258544922,1.1009410619735718,-0.25382310152053833,-0.4947175681591034,-5.282069206237793,-4.2313151359558105,-5.08314323425293,-5.7911787033081055
307,-9.628009796142578,11.144586563110352,2.082427740097046,-2.258782386779785,3.2651309967041016,3.2009599208831787,-0.8021256327629089,-5.086198806762695,-19.279747009277344,-16.74529457092285,-4.391239166259766,-4.355088233947754,-1.670387864112854,0.5545063018798828,-5.302890777587891,2.795252799987793,5.052395820617676,3.879100799560547,1.8295413255691528,4.029086589813232,0.09810101985931396,-0.010726824402809143,-15.470288276672363,-15.483263969421387,-1.9785847663879395,2.611774444580078,0.4438658356666565,-0.6152681112289429,0.6562352180480957,0.5486822724342346,-0.00012474879622459412,-1.0903156995773315,-5.439310073852539,-4.351250171661377,-4.998195648193359,-6.242018222808838
308,-9.346245765686035,12.501106262207031,1.811407446861267,-1.9540661573410034,3.0820212364196777,3.8187239170074463,-0.8420067429542542,-4.275731086730957,-19.26995849609375,-17.03659439086914,-4.265489101409912,-4.520113468170166,-2.0385496616363525,3.3860321044921875,-4.724048137664795,2.947496175765991,5.620262145996094,5.22339391708374,1.4752205610275269,3.2373106479644775,-0.03782998025417328,-0.48020562529563904,-15.259809494018555,-15.404508590698242,-2.076962947845459,2.965559959411621,0.2759777307510376,-0.3242335319519043,0.7163804173469543,0.9629994630813599,-0.16486430168151855,-0.6820383071899414,-5.331268310546875,-4.291416645050049,-5.098139762878418,-6.096494197845459
309,-8.99858283996582,10.570520401000977,2.163663864135742,-2.537773847579956,2.761040449142456,2.3318018913269043,-1.0609009265899658,-4.8321638107299805,-18.902360916137695,-16.36981201171875,-4.447554588317871,-4.690182209014893,-1.8644756078720093,1.0771963596343994,-5.0221991539001465,2.4741127490997314,5.33502197265625,4.013286590576172,1.0207784175872803,2.079270601272583,0.19267743825912476,-0.005966991186141968,-15.486221313476562,-15.456518173217773,-2.0126729011535645,2.4788849353790283,0.4191475510597229,-0.5343647003173828,0.6417799592018127,0.35666632652282715,-0.23146381974220276,-0.9648417234420776,-5.151987075805664,-4.1308746337890625,-5.012117385864258,-6.262491226196289
310,-9.104186058044434,12.019712448120117,2.008608818054199,-2.2148280143737793,2.754943609237671,2.9272923469543457,-1.3038687705993652,-4.243638515472412,-18.969202041625977,-16.49897003173828,-4.244218349456787,-4.654513835906982,-2.191891670227051,2.698333740234375,-4.56836462020874,2.484715461730957,5.796840667724609,4.690530300140381,0.4872095584869385,1.1365578174591064,0.08005858957767487,-0.5322110652923584,-15.347850799560547,-15.420147895812988,-2.0728511810302734,2.880990982055664,0.32496100664138794,-0.37480318546295166,0.6679450273513794,0.7561479210853577,-0.2858744263648987,-0.747665286064148,-5.102630615234375,-4.0279316902160645,-5.054823398590088,-6.146125316619873
311,-8.917258262634277,10.96321964263916,2.3166146278381348,-2.847647190093994,2.3890762329101562,2.058713674545288,-1.72138249874115,-5.075996398925781,-18.642963409423828,-15.59900188446045,-4.362293243408203,-4.71800422668457,-2.535449743270874,1.014560580253601,-4.7964935302734375,1.993410587310791,5.939314842224121,3.911863327026367,-0.19079944491386414,-0.18508784472942352,0.047581687569618225,-0.011305361986160278,-15.536266326904297,-15.477151870727539,-2.029158353805542,2.5846168994903564,0.44223010540008545,-0.6073111295700073,0.5422436594963074,0.36328572034835815,-0.39745229482650757,-1.122016429901123,-4.9607391357421875,-3.7956252098083496,-5.007706642150879,-6.262409687042236
312,-8.859457969665527,12.00927734375,2.294363021850586,-2.7931392192840576,2.031766176223755,2.261951208114624,-1.9115533828735352,-4.986538410186768,-18.432987213134766,-15.554472923278809,-4.1970415115356445,-4.6512603759765625,-3.0420262813568115,2.5210163593292236,-4.331630706787109,1.878341794013977,6.421957969665527,4.482046127319336,-0.9591620564460754,-1.4544180631637573,-0.03283250331878662,-0.5317103862762451,-15.41089916229248,-15.422425270080566,-2.065964698791504,2.8381495475769043,0.39239782094955444,-0.5246511697769165,0.45059436559677124,0.5438584089279175,-0.4164740741252899,-1.0367857217788696,-4.882611274719238,-3.63737154006958,-5.05735969543457,-6.148195743560791
313,-8.626383781433105,11.14094352722168,2.490413188934326,-3.400042772293091,1.500500202178955,1.474552869796753,-2.343212127685547,-5.9485955238342285,-18.00689125061035,-14.397725105285645,-4.320309638977051,-4.704465866088867,-3.3371200561523438,1.1789991855621338,-4.487694263458252,1.3476859331130981,6.080272674560547,3.8931384086608887,-1.9325404167175293,-3.1682982444763184,-0.12658041715621948,-0.012297958135604858,-15.573777198791504,-15.505056381225586,-2.0255632400512695,2.6435108184814453,0.4633309841156006,-0.7231431007385254,0.2987266778945923,0.2310539036989212,-0.5528149008750916,-1.4597498178482056,-4.654433250427246,-3.312467575073242,-5.0712175369262695,-6.156069278717041
314,-8.673887252807617,11.971409797668457,2.4687483310699463,-3.269207000732422,1.327394962310791,1.5911719799041748,-2.6256203651428223,-5.923783302307129,-17.499101638793945,-14.074974060058594,-4.18790340423584,-4.594892978668213,-2.0152664184570312,2.0822157859802246,-3.958226203918457,1.2305634021759033,5.326369285583496,4.136816501617432,-3.0359785556793213,-4.877877235412598,-0.02391691878437996,-0.4916110634803772,-15.51719856262207,-15.53650951385498,-2.1021158695220947,2.8309288024902344,0.42703408002853394,-0.6198940873146057,0.30054932832717896,0.3789968490600586,-0.6160458922386169,-1.4147045612335205,-4.439091682434082,-3.108448028564453,-5.135376453399658,-6.014704704284668
315,-9.645477294921875,11.353235244750977,2.677900791168213,-3.164956569671631,1.4895702600479126,1.3865466117858887,-3.096130847930908,-6.030754089355469,-16.813962936401367,-13.022378921508789,-4.243060111999512,-4.545036315917969,-1.7999560832977295,2.0069236755371094,-3.209317207336426,1.3963043689727783,5.4344329833984375,3.914858818054199,-4.333889484405518,-6.716874599456787,-0.004423242062330246,-0.018403097987174988,-15.4129638671875,-15.407540321350098,-2.316023826599121,2.6548447608947754,0.5043616890907288,-0.5995664000511169,0.38233017921447754,0.2925276756286621,-0.7808193564414978,-1.5724259614944458,-4.024398326873779,-2.887759208679199,-5.114881992340088,-5.971336841583252
316,-10.069524765014648,11.18167495727539,2.83884596824646,-3.4786088466644287,1.0445945262908936,1.2744214534759521,-3.357462167739868,-6.472889423370361,-15.863670349121094,-12.370853424072266,-4.333475112915039,-4.6413726806640625,-2.3612453937530518,3.2124075889587402,-2.6409082412719727,0.9999092817306519,5.651218414306641,4.3612847328186035,-5.635670185089111,-8.656197547912598,-0.01602843776345253,-0.4212530553340912,-15.21626091003418,-15.272700309753418,-2.3751022815704346,2.6047654151916504,0.5419409275054932,-0.7080191373825073,0.18369758129119873,0.27430033683776855,-0.857665479183197,-1.9175653457641602,-3.625800848007202,-2.5783889293670654,-5.08467960357666,-5.839547634124756
317,-9.801968574523926,10.417078971862793,2.755524158477783,-3.695854663848877,0.23962794244289398,0.5200373530387878,-3.783109188079834,-7.119706630706787,-14.376596450805664,-10.855340003967285,-4.501469135284424,-4.7126970291137695,-2.939345359802246,2.2398736476898193,-2.420854330062866,0.2781672477722168,5.583319187164307,3.980473756790161,-7.137238025665283,-10.91895580291748,-0.3721090257167816,0.009349837899208069,-15.111654281616211,-15.114816665649414,-2.281170606613159,2.502176284790039,0.5043033361434937,-0.7555311322212219,-0.07163254171609879,0.007390773855149746,-1.0454823970794678,-2.411817789077759,-3.045440912246704,-2.191115140914917,-5.039409160614014,-5.607224464416504
318,-9.731270790100098,10.72592544555664,2.6945507526397705,-3.37129807472229,-0.556989848613739,0.4542045295238495,-4.206234931945801,-7.129239559173584,-12.412497520446777,-9.36782169342041,-4.597061634063721,-4.774133682250977,-2.618035316467285,2.805373430252075,-1.907478928565979,-0.22191371023654938,5.242918491363525,4.106835842132568,-8.79465103149414,-13.210623741149902,-0.22234012186527252,-0.33130311965942383,-14.969487190246582,-14.991046905517578,-2.355937957763672,2.5258891582489014,0.49538081884384155,-0.6404741406440735,-0.19606202840805054,0.09339924901723862,-1.2456234693527222,-2.6444380283355713,-2.5119199752807617,-1.7150148153305054,-5.056435585021973,-5.3255486488342285
319,-10.258758544921875,10.122907638549805,2.8510193824768066,-3.070225238800049,-1.0843141078948975,0.2970608174800873,-4.751430034637451,-7.044223785400391,-9.945749282836914,-6.5775885581970215,-4.699874401092529,-4.771008491516113,-3.579216241836548,2.1800124645233154,-1.5966168642044067,-1.0391372442245483,5.134098052978516,3.9565839767456055,-10.594244003295898,-15.528388977050781,-0.3314286470413208,0.028585854917764664,-14.927326202392578,-14.884093284606934,-2.525315761566162,2.3551721572875977,0.5638651251792908,-0.5886783599853516,-0.2453984022140503,0.04487680643796921,-1.557008981704712,-3.0641815662384033,-1.7417025566101074,-0.9954929351806641,-4.958248615264893,-5.017558574676514
320,-10.042802810668945,10.259175300598145,2.7042737007141113,-2.642244815826416,-1.5468924045562744,0.4175947308540344,-5.036036968231201,-6.802302360534668,-6.200016021728516,-1.5219966173171997,-4.691309928894043,-4.702412128448486,-2.1507887840270996,1.9588958024978638,-1.3410106897354126,-1.5736243724822998,4.594826698303223,3.942042350769043,-12.61355209350586,-17.913244247436523,-0.00121412705630064,-0.0031770914793014526,-15.059453964233398,-15.030645370483398,-2.517181158065796,2.383605718612671,0.5004187226295471,-0.5017348527908325,-0.31785160303115845,0.11442122608423233,-1.7752599716186523,-3.5665807723999023,-0.7671589851379395,0.3859867751598358,-4.840144634246826,-4.636444568634033
321,-11.670974731445312,10.077937126159668,2.9940717220306396,-2.013439655303955,-1.069356083869934,1.0563654899597168,-5.3295183181762695,-6.144753456115723,0.5560430288314819,6.589907646179199,-4.470761775970459,-4.321894645690918,-3.1223340034484863,2.2278521060943604,-0.9270987510681152,-2.1479990482330322,5.010184288024902,4.384722709655762,-14.512422561645508,-19.916990280151367,0.5219986438751221,6.722666263580322,-15.184256553649902,-14.141843795776367,-3.029963731765747,2.282428026199341,0.6165619492530823,-0.34388530254364014,-0.13308215141296387,0.34168189764022827,-2.1624808311462402,-3.877293109893799,1.042660117149353,2.647442579269409,-4.580110549926758,-4.117793083190918
322,-10.953100204467773,9.191398620605469,2.9731266498565674,-1.7554618120193481,-1.1303366422653198,1.1719388961791992,-5.494794845581055,-5.487057209014893,9.815786361694336,9.472735404968262,-4.128761291503906,-4.2317705154418945,-1.5698565244674683,0.6556334495544434,-0.47564494609832764,-2.6286373138427734,4.3302202224731445,4.147407531738281,-16.450754165649414,-20.81053924560547,10.65066909790039,16.073261260986328,-15.218162536621094,-13.209505081176758,-2.6457974910736084,1.9809577465057373,0.5822066068649292,-0.3474845886230469,-0.19943445920944214,0.2955697178840637,-2.5335566997528076,-4.263481140136719,4.06684684753418,5.484577655792236,-4.029109001159668,-2.7592337131500244
323,-10.331310272216797,6.142241477966309,4.016222953796387,-1.6076616048812866,-2.321413278579712,0.47038158774375916,-5.432661056518555,-5.095240116119385,7.9147443771362305,3.5890285968780518,-3.161316394805908,-3.140639305114746,0.6162242889404297,-0.19289347529411316,0.9777530431747437,-2.5404183864593506,2.652998447418213,0.973639726638794,-17.826696395874023,-20.994489669799805,15.660719871520996,14.218975067138672,-14.382062911987305,-10.818985939025879,-2.14048171043396,0.7765152454376221,0.9459108114242554,-0.33568572998046875,-0.5497732162475586,-0.0010515982285141945,-2.8973896503448486,-4.177212238311768,7.18320369720459,6.346328258514404,-2.2563436031341553,-1.1763067245483398
324,-7.982753276824951,1.1535866260528564,5.087067127227783,-1.5655121803283691,-3.2856173515319824,-1.7640708684921265,-5.0977349281311035,-4.80167293548584,4.340051651000977,5.483926296234131,-2.408719301223755,-1.0693073272705078,0.09312105178833008,-1.0519647598266602,1.4992151260375977,-3.0049545764923096,2.3170828819274902,0.8736318349838257,-19.20624542236328,-21.274702072143555,15.5639009475708,15.57583999633789,-13.111549377441406,-7.009487628936768,-1.1783117055892944,-0.45655158162117004,1.2544149160385132,-0.33564358949661255,-0.7420036792755127,-0.6463837027549744,-2.884906053543091,-3.7044060230255127,7.550529479980469,5.477757930755615,-1.1096348762512207,0.45315003395080566
325,-1.7773008346557617,-2.5113251209259033,5.3483381271362305,-3.0920004844665527,-4.298274517059326,-3.555555582046509,-4.6116180419921875,-4.3618483543396,4.649694442749023,4.30055570602417,-0.7546011805534363,9.889514923095703,0.3897321820259094,-2.6020689010620117,2.316006898880005,-2.512378215789795,2.193349599838257,-1.4565420150756836,-19.800365447998047,-22.20206642150879,15.386909484863281,15.681827545166016,-10.07089900970459,7.3671369552612305,0.4538125991821289,-1.0367504358291626,1.2006345987319946,-0.9289048314094543,-0.9400904774665833,-0.9361012578010559,-2.8998520374298096,-3.2931580543518066,7.134407997131348,5.56085729598999,0.4087666869163513,3.1537418365478516
326,4.087547302246094,-5.902338027954102,3.9846439361572266,-3.265636920928955,-5.636254787445068,-4.431511402130127,-3.581246852874756,-2.949817180633545,4.873412609100342,4.2879319190979,13.830260276794434,9.021275520324707,3.3771538734436035,-5.126253128051758,1.8202266693115234,-2.8241333961486816,-1.336602807044983,-4.249267578125,-20.04097557067871,-22.107038497924805,15.682888984680176,15.698182106018066,7.769063949584961,15.654943466186523,1.6853340864181519,-1.9044647216796875,0.6934272646903992,-0.7356384992599487,-1.2475014925003052,-1.1118708848953247,-1.8846070766448975,-1.8543967008590698,6.769136428833008,5.837889671325684,4.216322898864746,5.202056407928467
327,5.452089786529541,-2.5359275341033936,2.885175943374634,-4.815022945404053,-4.5570478439331055,-5.207533836364746,-2.5826990604400635,-1.0491347312927246,4.674680709838867,4.3317060470581055,8.305540084838867,3.6280410289764404,6.165497779846191,-6.295608043670654,2.260448932647705,-4.305153846740723,-4.277709484100342,-7.020162582397461,-20.242080688476562,-20.710147857666016,15.699414253234863,15.673873901367188,15.648368835449219,15.671998023986816,1.5485888719558716,-0.15743252635002136,0.4494187831878662,-1.3305602073669434,-0.8999846577644348,-1.4440501928329468,-1.2064599990844727,0.1820916086435318,7.6004791259765625,5.972312927246094,4.074679851531982,4.742038249969482
328,3.405104875564575,-1.672683596611023,3.7134251594543457,-3.8266541957855225,-6.490886211395264,-7.623159408569336,0.9556159377098083,9.56948184967041,4.681081771850586,4.4974260330200195,3.5585365295410156,3.9356071949005127,7.5050554275512695,-7.12572717666626,3.3348922729492188,-5.380059242248535,-7.6544013023376465,-10.414602279663086,-18.45725440979004,-15.999975204467773,15.699490547180176,15.677179336547852,15.65734577178955,15.6801118850708,0.6120402216911316,-0.29789021611213684,0.9412466883659363,-0.7872453927993774,-1.998551368713379,-2.7938787937164307,1.249528169631958,2.671175718307495,7.403266906738281,6.73017692565918,4.694784164428711,5.241293907165527
329,2.0158445835113525,-0.840249240398407,4.460282325744629,-3.37652850151062,-9.262003898620605,-8.119271278381348,15.3633394241333,19.228940963745117,4.68227481842041,4.537330627441406,3.979766845703125,4.11967134475708,8.319376945495605,-7.055244445800781,4.138469696044922,-6.072653293609619,-10.390101432800293,-13.459829330444336,-11.310199737548828,-9.055734634399414,15.465239524841309,15.69576358795166,15.706247329711914,15.655746459960938,0.3246881365776062,-0.0849548876285553,1.1596572399139404,-0.7822330594062805,-3.778621196746826,-3.246368885040283,3.7197227478027344,4.361123561859131,7.323611259460449,6.632633686065674,5.517693996429443,5.528695106506348
330,1.7685155868530273,1.7585363388061523,3.02524995803833,-3.9024765491485596,-10.59802532196045,-6.032771587371826,18.48859405517578,20.658763885498047,4.907438278198242,4.529860019683838,4.084762096405029,4.147048473358154,8.960415840148926,-5.662843704223633,4.040246486663818,-6.308441638946533,-14.008688926696777,-15.301214218139648,-3.3465068340301514,-2.1568443775177,15.624260902404785,15.62381649017334,15.510946273803711,15.610950469970703,0.45806270837783813,0.6253172159194946,0.5022658109664917,-1.1011217832565308,-5.1053290367126465,-2.114124059677124,3.9226434230804443,4.797065734863281,7.098361968994141,6.593113899230957,5.421220779418945,5.201946258544922
331,0.8917825222015381,4.631657600402832,2.574276924133301,-4.143276214599609,-9.8136625289917,-4.4460883140563965,17.724735260009766,18.747610092163086,4.709159851074219,4.615986347198486,4.370697498321533,4.148436546325684,8.516995429992676,-3.8257622718811035,3.0338292121887207,-6.552079200744629,-17.68947410583496,-16.51432228088379,3.4114668369293213,3.3597447872161865,15.697761535644531,15.63058090209961,15.499486923217773,15.5872220993042,0.09740490466356277,1.1307967901229858,0.5256432294845581,-1.1159664392471313,-5.784341335296631,-1.6206923723220825,4.5734429359436035,5.038114547729492,6.94322395324707,6.641489028930664,5.609069347381592,5.027670383453369
332,0.1879275143146515,5.788162708282471,4.691915512084961,-3.1588404178619385,-8.182918548583984,-3.922929286956787,15.97953987121582,16.375194549560547,4.622203826904297,4.620522499084473,4.487030506134033,4.118764400482178,7.616211414337158,-1.7050671577453613,3.1449942588806152,-5.985503673553467,-19.799991607666016,-17.59379768371582,8.257538795471191,7.389959812164307,15.628060340881348,15.700007438659668,15.644828796386719,15.606514930725098,-0.08195029944181442,1.2186393737792969,1.3812637329101562,-0.651139497756958,-6.611327171325684,-1.7707008123397827,5.5192179679870605,5.3106489181518555,6.961423873901367,6.691315174102783,5.930574893951416,4.890754222869873
333,0.120879627764225,5.195353984832764,7.3203887939453125,-1.1016173362731934,-7.060818672180176,-3.7062971591949463,14.088746070861816,14.22238826751709,4.678340435028076,4.525768280029297,4.409148216247559,4.049343109130859,6.433538913726807,-0.9248508214950562,4.255939960479736,-5.0884294509887695,-20.5654296875,-17.310564041137695,11.170429229736328,10.060425758361816,15.697662353515625,15.549962043762207,15.700385093688965,15.697172164916992,0.0189974382519722,0.9676634073257446,2.1714890003204346,0.08002651482820511,-6.928944110870361,-1.913770318031311,6.183287143707275,5.3521952629089355,6.8521623611450195,6.498709201812744,6.065907001495361,4.774904251098633
334,0.745727002620697,4.495637893676758,8.893723487854004,2.185598850250244,-6.589537620544434,-3.905694007873535,12.70777416229248,12.749348640441895,4.580609321594238,4.638023376464844,4.367268085479736,3.958221912384033,6.382843494415283,1.2743873596191406,6.873239040374756,-2.9540860652923584,-20.905561447143555,-17.807415008544922,13.024203300476074,11.964756965637207,15.700014114379883,15.584457397460938,15.62939453125,15.616724967956543,0.2949586510658264,0.8061090707778931,2.598890781402588,0.8145829439163208,-6.683237075805664,-1.9847782850265503,6.514854431152344,5.4860005378723145,6.718178749084473,6.282963275909424,5.995868682861328,4.817688465118408
335,2.282949209213257,3.8111836910247803,9.182268142700195,6.068038463592529,-6.242856025695801,-2.0892446041107178,11.728548049926758,11.56721019744873,4.534000873565674,4.566877365112305,4.385765075683594,4.035989761352539,7.584283828735352,4.0682172775268555,10.34384536743164,0.5004611015319824,-21.05959129333496,-18.154560089111328,14.127513885498047,13.16407299041748,15.695341110229492,15.648902893066406,15.584891319274902,15.662995338439941,0.8484188318252563,0.7513447999954224,2.906940221786499,1.6581732034683228,-6.066279411315918,-0.4813292324542999,6.752209186553955,5.41347599029541,6.473305702209473,6.170319080352783,5.688414573669434,4.849692344665527
336,3.812262535095215,4.214515686035156,9.271563529968262,9.678770065307617,-5.523920059204102,10.343425750732422,11.068352699279785,10.714614868164062,4.444616794586182,4.490267753601074,4.316806793212891,4.051692485809326,9.681163787841797,6.536287307739258,14.221404075622559,4.758397102355957,-21.011737823486328,-15.093964576721191,14.754672050476074,13.918757438659668,15.700004577636719,15.646498680114746,15.54018497467041,15.602731704711914,1.3482952117919922,1.1141736507415771,3.7619214057922363,2.8480677604675293,-4.311180114746094,3.2777843475341797,6.747168064117432,5.24179744720459,5.997554779052734,6.189006328582764,5.265249252319336,5.0688252449035645
337,1.4759314060211182,6.403485298156738,8.499831199645996,10.362601280212402,-1.2177997827529907,23.238605499267578,9.47895336151123,8.50734806060791,4.455499649047852,4.335399150848389,4.316915988922119,4.198074817657471,11.104837417602539,6.967880725860596,17.445335388183594,8.488555908203125,-19.821821212768555,-7.825364589691162,14.41208553314209,13.978084564208984,15.700004577636719,15.076930046081543,15.62358570098877,15.662405967712402,0.04571918398141861,2.230437994003296,4.488094806671143,3.211925506591797,1.1290398836135864,7.3097004890441895,4.334314346313477,3.1286771297454834,6.319924354553223,5.3912858963012695,5.27672004699707,5.354648113250732
338,-10.859079360961914,9.543622970581055,4.477938652038574,6.523526668548584,18.552431106567383,24.474117279052734,3.895515203475952,2.3682796955108643,4.513062953948975,-6.296386241912842,4.268519401550293,3.7972750663757324,8.611566543579102,5.306898593902588,18.114744186401367,9.554370880126953,-14.120068550109863,-0.45481938123703003,12.698286056518555,12.793617248535156,15.668648719787598,1.7962985038757324,15.614731788635254,15.701061248779297,-3.4405930042266846,3.633223056793213,1.4459787607192993,1.4300504922866821,7.118760108947754,8.110230445861816,0.01233464851975441,-0.640074610710144,6.671828269958496,-5.338568687438965,5.4928741455078125,3.9966542720794678
339,-17.503135681152344,11.567268371582031,-2.457862377166748,4.759428024291992,26.340768814086914,21.124481201171875,-1.1153291463851929,-5.515584945678711,2.2728159427642822,-16.328773498535156,4.164512634277344,3.404691457748413,2.9834063053131104,4.034752368927002,16.339981079101562,9.141167640686035,-5.670385837554932,2.2409286499023438,10.445375442504883,10.298213958740234,8.501382827758789,-7.5985870361328125,15.681373596191406,15.557356834411621,-4.469076633453369,3.5928173065185547,-2.052927017211914,1.1343141794204712,8.824943542480469,7.621229648590088,-1.2894389629364014,-1.990808129310608,0.6960887908935547,-9.202569961547852,4.960770606994629,3.397834300994873
340,-12.63673210144043,13.388235092163086,-14.45110034942627,1.781251072883606,23.47892189025879,18.898656845092773,-2.7178921699523926,-9.734978675842285,-13.79235553741455,-11.421167373657227,4.005906105041504,3.5936384201049805,-3.44686222076416,2.3888089656829834,11.290685653686523,7.255080699920654,5.977752685546875,3.447636127471924,8.133862495422363,7.093050479888916,-15.699996948242188,-9.479161262512207,15.683136940002441,15.48867416381836,-2.1575815677642822,4.058953762054443,-3.4133167266845703,-0.07698824256658554,6.741541385650635,6.039088726043701,-0.5707692503929138,-2.0170676708221436,-10.937478065490723,-6.4322028160095215,4.761883735656738,3.9838311672210693
341,-4.229759693145752,13.620052337646484,-16.348918914794922,-5.209108352661133,15.37795352935791,16.084314346313477,0.044589631259441376,-10.656018257141113,-3.3786003589630127,-9.72529411315918,4.08876371383667,3.9187238216400146,-6.306502819061279,0.8843358755111694,6.023071765899658,4.208246231079102,9.293920516967773,4.1007771492004395,6.899105072021484,4.244985103607178,-15.241527557373047,-10.19854736328125,15.686079978942871,15.518502235412598,-0.05930154770612717,3.3366518020629883,-3.0958447456359863,-1.827000379562378,5.169014930725098,4.1606221199035645,0.28976064920425415,-2.023969888687134,-5.5190277099609375,-4.981964588165283,5.255929946899414,4.72845458984375
342,-4.1675519943237305,12.522700309753418,-12.06006908416748,-4.352956295013428,12.998343467712402,12.215617179870605,1.769223928451538,-7.84113073348999,-4.292901515960693,-9.123298645019531,4.143072605133057,4.115642070770264,0.7673774361610413,0.11383332312107086,2.4525158405303955,2.0441033840179443,2.6949915885925293,3.819490432739258,6.4319987297058105,2.400719404220581,-5.307202339172363,-10.86627197265625,15.679845809936523,15.399811744689941,-1.1424697637557983,2.552537202835083,-1.8552100658416748,-0.7189090847969055,5.026958465576172,2.505197763442993,0.7636108994483948,-1.164048671722412,-5.514519691467285,-5.069614887237549,5.359646320343018,5.164567470550537
343,-11.4937105178833,11.510334014892578,-7.771194934844971,0.0803588405251503,16.24345588684082,12.056172370910645,0.571013331413269,-0.23560193181037903,-13.642793655395508,-8.738450050354004,4.213351726531982,4.287949562072754,0.206440269947052,-0.5652357339859009,-0.2212226837873459,0.5065910816192627,5.1054558753967285,3.8911101818084717,6.151096343994141,2.3614907264709473,-10.096295356750488,-11.364511489868164,15.684155464172363,15.498653411865234,-3.6060667037963867,2.298330307006836,-1.0736362934112549,0.5403085947036743,4.383614540100098,3.100245714187622,-0.0639837384223938,0.852767288684845,-5.286215782165527,-5.513174533843994,5.554166316986084,5.061654567718506
344,-11.725590705871582,10.114275932312012,-5.857033729553223,0.8459212183952332,9.91192626953125,11.422136306762695,0.21868056058883667,3.4119114875793457,-9.246297836303711,-8.43999195098877,4.254308700561523,4.173661231994629,-2.1024017333984375,-0.9756067395210266,-1.8619580268859863,-0.9755176901817322,6.083258152008057,4.543430805206299,5.769130229949951,6.816863059997559,-12.74222183227539,-12.236742973327637,15.613373756408691,2.801999092102051,-2.632021903991699,1.8601453304290771,-1.0246347188949585,0.2756209969520569,1.6665846109390259,2.8304038047790527,-0.00520985946059227,1.2950282096862793,-5.0788726806640625,-5.730194568634033,5.6496968269348145,4.8752360343933105
345,-10.031736373901367,9.265318870544434,-4.148605823516846,0.9276755452156067,6.666141033172607,9.334478378295898,0.9168900847434998,3.6456000804901123,-6.9366044998168945,-7.765104293823242,4.271460056304932,14.771523475646973,-3.243673324584961,-1.3120791912078857,-2.95561146736145,-1.7257970571517944,5.915526390075684,5.035850524902344,5.581319332122803,8.544450759887695,-13.002647399902344,-12.884825706481934,15.68733024597168,0.003582463599741459,-2.1876487731933594,1.7435810565948486,-0.6922959685325623,0.18489310145378113,1.2200157642364502,2.033679246902466,0.3420547842979431,1.0968234539031982,-5.431066513061523,-6.061130523681641,5.324193477630615,4.056000709533691
346,-9.24251937866211,9.615950584411621,-2.3782401084899902,0.6479127407073975,5.352099895477295,7.42365837097168,0.8537157773971558,3.4452648162841797,-6.812917232513428,-7.324362754821777,4.160005569458008,16.315773010253906,-4.139533042907715,-1.2036309242248535,-3.377108573913574,-2.0819060802459717,6.201967239379883,5.305481910705566,5.458883762359619,9.387743949890137,-13.797137260437012,-13.320286750793457,15.689942359924316,0.012892205268144608,-2.1540775299072266,1.9850093126296997,-0.2898105978965759,0.08446145802736282,1.1276066303253174,1.5608313083648682,0.198228657245636,0.9896217584609985,-5.632878303527832,-6.606622219085693,5.234597682952881,3.8131020069122314
347,-8.408373832702637,9.986769676208496,-1.7371079921722412,0.8291578888893127,4.056022644042969,5.735659599304199,-0.08973066508769989,2.58471417427063,-6.144694805145264,-6.975984573364258,4.067812919616699,15.614459991455078,-4.541177749633789,-0.6619799137115479,-3.4102017879486084,-2.1365838050842285,6.325984954833984,5.466846466064453,5.165882110595703,10.033125877380371,-14.146170616149902,-13.740090370178223,15.686165809631348,0.019340043887495995,-1.977517008781433,2.1021528244018555,-0.30099666118621826,0.1768856942653656,0.8230246901512146,1.1549955606460571,-0.16512662172317505,0.6140868663787842,-5.828022003173828,-6.69960355758667,4.931276321411133,3.604877471923828
348,-7.72659969329834,9.947051048278809,-1.6142841577529907,1.090470552444458,2.9291269779205322,4.253803253173828,-1.6549108028411865,1.3978917598724365,-5.8968186378479,-6.57621955871582,3.9382472038269043,14.959661483764648,-5.218085289001465,-0.16662859916687012,-4.318772792816162,-2.6411192417144775,5.822162628173828,5.664610862731934,4.745490074157715,10.109106063842773,-14.391663551330566,-14.772704124450684,14.467750549316406,0.011745516210794449,-1.8189395666122437,2.09197735786438,-0.34659016132354736,0.23619487881660461,0.5576284527778625,0.8122116327285767,-0.4621877074241638,0.19822610914707184,-6.064061164855957,-6.690825939178467,4.572371482849121,3.397946834564209
349,-7.4820098876953125,9.667376518249512,-1.4579912424087524,2.3573734760284424,3.808424472808838,3.757916212081909,-3.337002992630005,0.14515000581741333,-5.723414897918701,-5.497203826904297,4.726816654205322,14.027390480041504,-5.161938190460205,-1.472701907157898,-3.7862796783447266,-2.486935615539551,5.758440017700195,4.341010570526123,8.369275093078613,10.035446166992188,-14.424407958984375,-13.256616592407227,-0.04336374253034592,0.03114842250943184,-1.9010889530181885,2.0233635902404785,-0.32518815994262695,0.5897197723388672,1.0990450382232666,0.8594310283660889,-0.779588520526886,-0.20685885846614838,-6.225910186767578,-6.585484027862549,3.980790376663208,3.047787666320801
350,-7.817152500152588,10.965752601623535,-1.16631019115448,2.1350669860839844,4.265113830566406,4.463433742523193,-7.422654151916504,-0.8275991082191467,-5.7827324867248535,-7.008358478546143,10.856184959411621,12.903959274291992,-4.7852301597595215,0.15911400318145752,-3.9349071979522705,-1.9402073621749878,5.894617080688477,4.973086357116699,6.887013912200928,9.821118354797363,-14.501935958862305,-14.537651062011719,0.042092129588127136,0.016645345836877823,-2.0609281063079834,2.389462471008301,-0.21790237724781036,0.36917075514793396,1.1509368419647217,1.1433664560317993,-1.611959457397461,-0.2362276166677475,-6.552909851074219,-6.329821586608887,1.3924484252929688,2.6986541748046875
351,-7.856060028076172,9.695847511291504,-0.7653900384902954,2.045623779296875,4.0059051513671875,3.09718918800354,-6.135306358337402,-2.1908912658691406,-5.780843734741211,-5.644634246826172,10.294025421142578,11.95544147491455,-5.2257843017578125,-0.5298078060150146,-4.248305320739746,-1.569864273071289,6.361419677734375,4.255643844604492,5.677061557769775,9.320659637451172,-14.899864196777344,-13.84827709197998,-0.010285128839313984,0.053621888160705566,-1.9622501134872437,1.9617276191711426,-0.11563767492771149,0.37844908237457275,0.970843493938446,0.5437222719192505,-0.9007987976074219,-0.46943366527557373,-6.78929328918457,-6.201263427734375,2.128711462020874,2.4700632095336914
352,-7.388416290283203,10.103663444519043,-0.7557637691497803,1.8896414041519165,3.185777187347412,3.1670730113983154,-5.265438079833984,-2.828338146209717,-5.411451816558838,-6.313465595245361,9.648661613464355,11.396600723266602,-3.780484437942505,1.1785588264465332,-4.291772842407227,-0.8992159962654114,5.672734260559082,4.740713596343994,4.562708854675293,8.768354415893555,-14.247291564941406,-14.84358024597168,0.0608392208814621,-0.012218158692121506,-1.8206480741500854,2.148014783859253,-0.17600329220294952,0.3430318832397461,0.6871605515480042,0.7409117817878723,-0.8191140294075012,-0.5015085935592651,-6.888011932373047,-6.142183780670166,1.9427199363708496,2.4033172130584717
353,-8.04151725769043,9.2667875289917,-0.5035098791122437,1.8283342123031616,3.2818188667297363,2.5454964637756348,-4.815318584442139,-3.7132229804992676,-6.101380348205566,-5.261646270751953,8.772717475891113,10.700636863708496,-5.282915115356445,-0.6369642019271851,-4.859010696411133,-0.6549458503723145,6.3827409744262695,3.760852098464966,3.5868241786956787,7.940788745880127,-15.29719066619873,-13.861825942993164,-0.03696082904934883,0.07751080393791199,-1.9833494424819946,2.0042011737823486,-0.07842607796192169,0.3529651165008545,0.8175318837165833,0.5173882246017456,-0.8111248016357422,-0.6751769781112671,-6.8125810623168945,-5.994142055511475,1.7202086448669434,2.186218738555908
354,-7.194157123565674,10.439604759216309,-0.5982963442802429,1.5272642374038696,2.428847312927246,3.251783609390259,-4.140138149261475,-4.264899730682373,-5.012215614318848,-6.195176601409912,7.3145976066589355,10.062310218811035,-2.9631478786468506,2.6694703102111816,-4.6017537117004395,0.2820810079574585,5.3722405433654785,4.847530364990234,2.663874864578247,7.20598840713501,-14.251811027526855,-15.32570743560791,0.10474340617656708,-0.05546329915523529,-1.7602568864822388,2.2866663932800293,-0.15958626568317413,0.26181069016456604,0.4900723099708557,0.8448325395584106,-0.6802865862846375,-0.7477133274078369,-6.87508487701416,-5.857311725616455,1.2920589447021484,2.0644962787628174
355,-8.36548137664795,8.675658226013184,-0.2853683829307556,1.5788346529006958,2.6889495849609375,2.30488657951355,-3.9744391441345215,-4.980951309204102,-6.085433483123779,-4.683729648590088,4.975461959838867,9.050618171691895,-5.375654697418213,-3.084704637527466,-5.829488277435303,0.1657535433769226,5.975748538970947,2.490335702896118,1.7996282577514648,5.951501846313477,-15.457721710205078,-13.252314567565918,-0.19028282165527344,0.11881235241889954,-2.0504543781280518,1.9086477756500244,-0.017160490155220032,0.3325118124485016,0.6848531365394592,0.4214264154434204,-0.7296629548072815,-0.9005216360092163,-6.7026472091674805,-5.693032741546631,0.6988055109977722,1.7366619110107422
356,-7.271852016448975,12.257450103759766,-0.6193177700042725,1.4204474687576294,1.7832200527191162,4.300766468048096,-3.318899393081665,-5.182152271270752,-4.809481143951416,-6.677987575531006,-0.12910720705986023,8.197042465209961,-2.4389681816101074,1.0567471981048584,-5.202699184417725,1.5058982372283936,4.997200012207031,4.219074249267578,0.9885063171386719,5.084957122802734,-14.43770980834961,-15.412747383117676,0.0397535003721714,-0.0076591502875089645,-1.7964388132095337,2.698789596557617,-0.21124966442584991,0.26387840509414673,0.3056570887565613,1.2234914302825928,-0.5596784353256226,-0.9178704023361206,-6.654928207397461,-5.616824626922607,-0.7158065438270569,1.6047823429107666
357,-8.863855361938477,10.168771743774414,-0.7288292050361633,1.7756335735321045,2.0042858123779297,3.0454373359680176,-2.642443895339966,-6.3664231300354,-5.815218925476074,-4.489173412322998,-8.055602073669434,6.289162635803223,-4.972327709197998,2.219348907470703,-4.561591148376465,2.044065237045288,5.789463520050049,4.845954418182373,5.396979331970215,3.847470760345459,-15.481768608093262,-15.108044624328613,-15.388483047485352,0.07304313778877258,-2.178406238555908,2.1731996536254883,-0.19140632450580597,0.43383508920669556,0.5063847899436951,0.5580832958221436,-0.436503529548645,-1.268486499786377,-6.382617950439453,-5.35695219039917,-3.019008159637451,1.0114713907241821
358,-7.807918548583984,9.88559627532959,-1.8650054931640625,1.7867302894592285,0.9070504307746887,2.325869083404541,-0.356015145778656,-7.562391757965088,-4.796753883361816,-4.820981979370117,-3.4997987747192383,0.11984167248010635,-2.1160216331481934,1.6721854209899902,-5.008789539337158,2.892643451690674,4.6406569480896,4.51278018951416,5.057490825653076,2.31181263923645,-14.453834533691406,-14.999913215637207,-15.580875396728516,-0.049901388585567474,-1.9338109493255615,2.3251163959503174,-0.6187753081321716,0.3906460702419281,0.05391900986433029,0.45320457220077515,0.24070453643798828,-1.5642259120941162,-6.925379753112793,-5.647651195526123,-5.676836013793945,-0.8059497475624084
359,-10.216595649719238,10.654075622558594,-1.0985926389694214,1.669247031211853,1.5383723974227905,2.670710563659668,-2.0140256881713867,-4.8606085777282715,-5.846553802490234,-4.9174299240112305,-4.0009446144104,-8.25502872467041,-5.079514026641846,-0.12735819816589355,-5.575754165649414,2.5172743797302246,5.324152946472168,3.3576548099517822,4.534581184387207,6.283823013305664,-14.570116996765137,0.25562259554862976,-15.602204322814941,-15.252066612243652,-2.6705541610717773,2.564777374267578,-0.14626272022724152,0.3606919050216675,0.45796316862106323,0.6823777556419373,-0.5368386507034302,-0.6140702962875366,-6.606359481811523,-5.544646263122559,-5.787352561950684,-3.187443256378174
360,-9.610525131225586,11.27600383758545,0.5346464514732361,0.040982216596603394,0.21981079876422882,4.302370548248291,-4.334426403045654,-6.118865013122559,-5.629336357116699,-19.215757369995117,-4.254016399383545,-3.4908347129821777,-1.0143451690673828,0.5373362898826599,-5.70782470703125,2.982322931289673,3.8675220012664795,3.8582937717437744,3.4337940216064453,5.207836627960205,0.12013396620750427,-0.04240567609667778,-15.413565635681152,-15.55337142944336,-2.633557081222534,2.4356350898742676,0.3266065716743469,-0.2315087616443634,-0.1535434126853943,1.2221051454544067,-1.0425050258636475,-1.1054474115371704,-6.155399322509766,-5.079329013824463,-5.86775016784668,-5.118892669677734
361,-10.308917045593262,12.529580116271973,1.7267452478408813,-1.7872216701507568,3.5241470336914062,4.60352087020874,-3.3135907649993896,-4.868992805480957,-20.007356643676758,-17.88391876220703,-4.395272731781006,-3.9906938076019287,-1.196721076965332,0.14919137954711914,-5.867798328399658,2.8937041759490967,4.440350532531738,3.5102035999298096,2.566896915435791,4.207836627960205,0.09609979391098022,-0.09380686283111572,-15.466156959533691,-15.541483879089355,-2.153665781021118,3.157982349395752,0.4248415231704712,-0.5505021214485168,1.3480929136276245,1.1360704898834229,-0.4909483790397644,-0.7141093611717224,-5.550533294677734,-4.393077850341797,-5.1825056076049805,-5.822574138641357
362,-9.695392608642578,12.626211166381836,2.53891658782959,-2.358231782913208,4.044677257537842,5.612217426300049,-2.581111431121826,-5.401908874511719,-19.52239418029785,-17.145118713378906,-4.303384780883789,-4.338099479675293,-2.180655002593994,0.9902852177619934,-5.550972938537598,2.8538057804107666,5.544771671295166,4.252857685089111,1.8579899072647095,3.1294708251953125,-0.05946977436542511,-0.07237856835126877,-15.39081859588623,-15.47079086303711,-2.066819190979004,2.8264589309692383,0.5167781710624695,-0.5022231340408325,1.059983730316162,1.4587560892105103,-0.3971354067325592,-1.043143391609192,-5.348904609680176,-4.200771808624268,-5.074505805969238,-6.087571620941162
363,-8.987990379333496,11.955291748046875,2.5557827949523926,-2.555968761444092,3.3283543586730957,4.617825508117676,-1.7777488231658936,-4.703497886657715,-19.144947052001953,-16.87782096862793,-4.342931747436523,-4.549549579620361,-1.7783875465393066,2.5365099906921387,-5.154680252075195,2.814274311065674,5.594409942626953,5.104844093322754,1.2658166885375977,2.126121997833252,0.18786393105983734,-0.49849390983581543,-15.32590389251709,-15.416373252868652,-1.9956248998641968,2.6879920959472656,0.4372410178184509,-0.49315518140792847,0.7332528829574585,0.9585371017456055,-0.2412368357181549,-0.7957803010940552,-5.30587100982666,-4.195172309875488,-5.022176742553711,-6.126316070556641
364,-9.070755004882812,10.877676963806152,2.572084903717041,-2.5635571479797363,3.26906418800354,3.475417137145996,-1.7906776666641235,-4.179080963134766,-19.100120544433594,-16.253660202026367,-4.395840167999268,-4.676868915557861,-2.5455257892608643,0.9924947023391724,-5.307680130004883,2.359240770339966,6.018913745880127,4.224005699157715,0.6474740505218506,1.0892714262008667,0.023481696844100952,-0.011510878801345825,-15.49576187133789,-15.455985069274902,-2.0406970977783203,2.5304133892059326,0.44562315940856934,-0.471749871969223,0.802163302898407,0.6828163862228394,-0.35019823908805847,-0.739082932472229,-5.1287336349487305,-4.09077787399292,-5.041582107543945,-6.2137603759765625
365,-8.683650016784668,11.730347633361816,2.504218578338623,-2.6672897338867188,2.743596315383911,3.7214698791503906,-1.8788352012634277,-4.191010475158691,-18.796812057495117,-16.273540496826172,-4.245854377746582,-4.662374019622803,-2.358473777770996,3.787747383117676,-4.5695481300354,2.392209768295288,6.355623245239258,5.521298885345459,-0.0521722137928009,0.13770854473114014,0.13019931316375732,-0.42012226581573486,-15.226401329040527,-15.352458953857422,-1.9870747327804565,2.7302513122558594,0.4179064631462097,-0.5139307975769043,0.6111533045768738,0.8956456184387207,-0.3848264515399933,-0.8364865779876709,-5.095426559448242,-3.914128303527832,-5.081750392913818,-6.1914286613464355
366,-8.641210556030273,10.057869911193848,2.6117820739746094,-3.2058298587799072,2.3538637161254883,2.2293872833251953,-2.2438230514526367,-4.960127353668213,-18.593358993530273,-15.408509254455566,-4.500384330749512,-4.787483215332031,-2.592833995819092,1.6007304191589355,-4.947544097900391,1.70071280002594,5.895408630371094,4.360538959503174,-0.9003145694732666,-1.2546801567077637,-0.03505795821547508,0.00832432508468628,-15.524447441101074,-15.471132278442383,-1.9679839611053467,2.4087274074554443,0.4735994338989258,-0.6645379662513733,0.5397545695304871,0.3334268033504486,-0.5059487819671631,-1.1277146339416504,-4.884082794189453,-3.6785857677459717,-5.08687162399292,-6.249636650085449
367,-8.649055480957031,11.380427360534668,2.4216737747192383,-2.8679497241973877,2.286076307296753,2.733041524887085,-2.298301935195923,-4.707612991333008,-18.21259307861328,-15.195284843444824,-4.242245674133301,-4.648748397827148,-3.0599143505096436,1.892875075340271,-4.64543342590332,1.4452239274978638,6.1790971755981445,4.4210309982299805,-1.8405128717422485,-2.5866384506225586,-0.06751017272472382,-0.31122586131095886,-15.45502758026123,-15.443608283996582,-2.0205793380737305,2.7479567527770996,0.3918377757072449,-0.5108858346939087,0.5523009896278381,0.7065994739532471,-0.4918132424354553,-0.9936661720275879,-4.793948173522949,-3.4906325340270996,-5.155773162841797,-6.097559452056885
368,-8.618704795837402,11.226547241210938,2.6479475498199463,-3.2230775356292725,1.8576873540878296,2.4902184009552,-2.597687005996704,-5.468847751617432,-17.823579788208008,-14.198919296264648,-4.313714504241943,-4.666987895965576,-2.7716782093048096,1.1431549787521362,-4.585999011993408,1.0333194732666016,5.698423385620117,4.0952467918396,-2.9012374877929688,-4.230403900146484,-0.06687077134847641,-0.026470109820365906,-15.577588081359863,-15.531949043273926,-2.058317184448242,2.63630747795105,0.4890889525413513,-0.6676502823829651,0.4011039137840271,0.5493306517601013,-0.6098006963729858,-1.3774784803390503,-4.581242561340332,-3.1993601322174072,-5.1519622802734375,-6.085174083709717
369,-9.0585298538208,11.698796272277832,2.705920696258545,-3.078209161758423,1.7471182346343994,2.579482316970825,-2.821789026260376,-5.621604919433594,-17.304384231567383,-13.682401657104492,-4.208749771118164,-4.555003643035889,-2.8169360160827637,2.435332775115967,-4.034233570098877,0.8110994100570679,5.810527801513672,4.623162269592285,-4.010496139526367,-5.880254745483398,-0.004130407702177763,-0.48093441128730774,-15.501791954040527,-15.511244773864746,-2.1929514408111572,2.7255828380584717,0.47850990295410156,-0.5849607586860657,0.4077182412147522,0.6094332337379456,-0.6766480207443237,-1.4246522188186646,-4.305441856384277,-2.991562843322754,-5.180925369262695,-5.97883415222168
370,-9.178757667541504,10.948049545288086,2.773951768875122,-3.336542844772339,1.1200181245803833,1.856314778327942,-3.1897854804992676,-6.459081172943115,-16.414749145507812,-12.426703453063965,-4.278381824493408,-4.545014381408691,-2.468830108642578,2.3366646766662598,-3.270683765411377,0.842868447303772,5.7340989112854,4.309239387512207,-5.350057125091553,-7.893231391906738,-0.004094465170055628,-0.009794116020202637,-15.336271286010742,-15.316165924072266,-2.191263198852539,2.5806522369384766,0.5042060613632202,-0.6911306381225586,0.17538201808929443,0.33352237939834595,-0.8185115456581116,-1.9009275436401367,-3.826397657394409,-2.6722147464752197,-5.159390449523926,-5.863987445831299
371,-9.61907958984375,10.800958633422852,2.7964415550231934,-3.4263031482696533,0.5506327152252197,1.7610905170440674,-3.6032111644744873,-6.815595626831055,-15.227733612060547,-11.542938232421875,-4.432441234588623,-4.682926177978516,-2.780447244644165,2.9467079639434814,-2.6937365531921387,0.44884875416755676,5.74123477935791,4.497768878936768,-6.772972106933594,-10.00656509399414,-0.16211068630218506,-0.38401705026626587,-15.146899223327637,-15.186114311218262,-2.3128821849823,2.5354254245758057,0.5167109966278076,-0.6825498938560486,0.041679494082927704,0.39360859990119934,-0.9841518998146057,-2.1469106674194336,-3.3653006553649902,-2.3246335983276367,-5.157869338989258,-5.653481960296631
372,-9.590749740600586,10.310845375061035,2.7504141330718994,-3.4630062580108643,-0.2047136425971985,1.2978625297546387,-4.047707557678223,-7.18986177444458,-13.561928749084473,-9.914811134338379,-4.59511137008667,-4.726065158843994,-3.376539945602417,2.193490982055664,-2.5077662467956543,-0.3163950443267822,5.583427429199219,4.214065074920654,-8.355483055114746,-12.333293914794922,-0.29984617233276367,0.016161441802978516,-15.11135482788086,-15.101207733154297,-2.2908265590667725,2.4484150409698486,0.5071410536766052,-0.6980667114257812,-0.1480514407157898,0.23477265238761902,-1.180945873260498,-2.5929369926452637,-2.823575258255005,-1.9314476251602173,-5.104665756225586,-5.387804985046387
373,-9.52126693725586,10.490220069885254,2.7792627811431885,-3.144737720489502,-1.043166160583496,1.2541264295578003,-4.448233604431152,-7.1581926345825195,-11.443463325500488,-7.682412147521973,-4.613653659820557,-4.692370891571045,-3.0952465534210205,2.397613048553467,0.5289226174354553,-1.0377942323684692,4.912046909332275,4.240020751953125,-9.329768180847168,-14.719491958618164,-0.26956862211227417,-0.2701648771762848,-15.604050636291504,-15.271991729736328,-2.3422484397888184,2.4471445083618164,0.5206937193870544,-0.6077970862388611,-0.27068960666656494,0.28298890590667725,-1.3957374095916748,-2.937134027481079,-2.1964175701141357,-1.2388991117477417,-5.072759628295898,-5.076709747314453
374,-9.975204467773438,10.77661418914795,1.6883059740066528,-2.2968499660491943,-1.1482529640197754,1.1296664476394653,-5.140624046325684,-6.918351173400879,-7.998985767364502,-3.9748361110687256,-4.124948024749756,-4.415066719055176,-3.1964635848999023,1.9540321826934814,0.7706188559532166,-1.529006004333496,4.790376663208008,4.042934417724609,-11.429500579833984,-17.090147018432617,-0.18087497353553772,0.01755235530436039,-15.236013412475586,-15.099515914916992,-2.4844448566436768,2.6414132118225098,0.2309512346982956,-0.36996591091156006,-0.21187055110931396,0.24407625198364258,-1.7372682094573975,-3.378643751144409,-1.1777395009994507,-0.32002004981040955,-4.97349214553833,-4.820013999938965
375,-10.573853492736816,10.49772834777832,1.8202413320541382,-1.7572625875473022,-1.3994972705841064,1.5287636518478394,-5.509394645690918,-6.4193243980407715,-2.7616782188415527,2.834327220916748,-4.375332355499268,-4.368557453155518,-2.618501901626587,2.262218952178955,0.9942386150360107,-1.853770136833191,4.705221176147461,4.437921047210693,-13.596319198608398,-19.45803451538086,0.02047133445739746,2.923607110977173,-15.275232315063477,-14.293365478515625,-2.7320358753204346,2.361436367034912,0.39447903633117676,-0.300326943397522,-0.2711290419101715,0.4144061803817749,-2.0961356163024902,-3.8039660453796387,0.15217354893684387,1.5351744890213013,-4.709728240966797,-4.336071491241455
376,-11.225460052490234,9.682842254638672,2.0757312774658203,-1.38783860206604,-0.9218151569366455,1.7671549320220947,-5.686095237731934,-5.6270670890808105,6.658508777618408,9.834988594055176,-4.1753082275390625,-4.490931034088135,-2.2666826248168945,2.510615587234497,1.2359057664871216,-2.277101993560791,4.747556686401367,4.840809345245361,-15.640501022338867,-20.54095458984375,6.610161304473877,13.062580108642578,-15.280130386352539,-13.543891906738281,-2.8155927658081055,2.127309799194336,0.4680107831954956,-0.2463584542274475,-0.10476995259523392,0.45689260959625244,-2.479588270187378,-4.145626068115234,2.918368101119995,4.425686359405518,-4.306861877441406,-3.303485155105591
377,-10.298480033874512,7.3068389892578125,2.5870893001556396,-1.2938292026519775,-1.683165192604065,1.6305851936340332,-5.738154888153076,-5.223414897918701,10.011673927307129,5.9026570320129395,-3.5716168880462646,-3.6205971240997314,-0.7640873789787292,-0.5787086486816406,1.8961000442504883,-2.398993730545044,3.8065903186798096,-1.184653639793396,-17.676902770996094,-21.207929611206055,15.365662574768066,15.029354095458984,-15.02067756652832,-11.748347282409668,-2.2257487773895264,1.2929483652114868,0.6165825128555298,-0.26967936754226685,-0.3791453540325165,0.3721004128456116,-2.9264066219329834,-4.217463493347168,6.259051322937012,6.3125901222229,-3.012652635574341,-1.7017850875854492
378,-8.86010456085205,3.210582733154297,3.747347593307495,-0.9083705544471741,-2.905993938446045,2.674407482147217,-5.379295349121094,-4.890212059020996,4.482839107513428,4.676293849945068,-2.656883716583252,-2.2870466709136963,0.24787859618663788,-0.20651206374168396,2.231776714324951,-2.714331865310669,2.197345018386841,1.823146939277649,-19.342092514038086,-21.441150665283203,15.325170516967773,15.04497241973877,-13.493770599365234,-8.708854675292969,-1.6049402952194214,-0.012894421815872192,0.9876623749732971,-0.14242702722549438,-0.6705817580223083,0.6019037365913391,-3.1527099609375,-4.145290374755859,7.896783828735352,5.754215717315674,-1.5819497108459473,-0.35468071699142456
379,-3.245340585708618,-0.6061735153198242,4.497371196746826,-2.6697285175323486,-4.452104568481445,-2.014632225036621,-4.535741806030273,-4.35181188583374,4.834997653961182,4.8250412940979,-1.4830917119979858,4.340273380279541,0.3104882836341858,-1.022800087928772,2.964416980743408,-2.647566318511963,2.470639228820801,1.198684573173523,-19.687496185302734,-21.80217742919922,15.590291976928711,15.519709587097168,-10.885700225830078,0.30502593517303467,0.13921326398849487,-0.6271522045135498,1.1059094667434692,-0.8558433055877686,-1.0565470457077026,-0.9906927943229675,-2.7756903171539307,-3.282033681869507,7.122575759887695,5.716447830200195,-0.10069072246551514,1.8318452835083008
380,3.138460636138916,-5.087275505065918,3.747161626815796,-3.4298458099365234,-5.561145305633545,-4.115752220153809,-4.0061564445495605,-3.5509982109069824,4.656811714172363,4.422890663146973,6.892341136932373,12.568275451660156,2.682431221008301,-3.680931568145752,2.6243929862976074,-2.5589191913604736,-1.0836925506591797,-1.5131336450576782,-20.028615951538086,-22.564838409423828,15.681751251220703,15.697946548461914,0.0013568289577960968,15.652974128723145,1.5389765501022339,-1.7507460117340088,0.7439873218536377,-0.8721723556518555,-1.1843199729919434,-1.0849686861038208,-2.3451993465423584,-2.4849393367767334,6.907003402709961,5.689660549163818,2.250627279281616,5.426374912261963
381,5.8787150382995605,-4.60889196395874,2.8455398082733154,-4.30129861831665,-3.604998826980591,-5.855552673339844,-2.5525622367858887,-1.5614010095596313,4.6164350509643555,4.314885139465332,13.142914772033691,3.4881324768066406,5.640713214874268,-5.817437648773193,2.360102891921997,-3.992213726043701,-3.617065906524658,-4.821439266204834,-20.273258209228516,-21.05060577392578,15.699045181274414,15.66833209991455,14.815311431884766,15.678545951843262,1.8133951425552368,-1.0661001205444336,0.4866415858268738,-1.0844058990478516,-0.5639966130256653,-1.5848736763000488,-1.0142661333084106,-0.3622968792915344,7.060446739196777,5.927248001098633,5.235043525695801,4.704719066619873
382,4.516078948974609,-1.978052020072937,3.038451910018921,-4.481925964355469,-4.429470539093018,-7.015607833862305,-0.9716593623161316,4.64682149887085,4.673893451690674,4.480542182922363,3.900996208190918,3.8105642795562744,7.470125675201416,-6.869146347045898,3.336306095123291,-5.36003303527832,-6.273233890533447,-8.160828590393066,-19.34718132019043,-18.02571678161621,15.69893741607666,15.66511344909668,15.63389778137207,15.67155933380127,1.0071420669555664,-0.11719831824302673,0.6882194876670837,-1.1161497831344604,-1.2052761316299438,-2.090212345123291,0.025080595165491104,1.8303537368774414,7.56472110748291,6.6159467697143555,3.930558919906616,4.979917049407959
383,2.361287832260132,-1.5924463272094727,4.204113483428955,-3.1766159534454346,-7.906892776489258,-8.937682151794434,11.513988494873047,17.511272430419922,4.678581237792969,4.547213077545166,3.855485677719116,4.070417404174805,8.300267219543457,-7.06822395324707,4.535451889038086,-5.864437103271484,-9.94138240814209,-11.73918628692627,-13.260838508605957,-11.399535179138184,15.678206443786621,15.664670944213867,15.605278968811035,15.645990371704102,0.3063414394855499,-0.3615588843822479,1.1594282388687134,-0.6025926470756531,-3.0127978324890137,-3.505603313446045,3.12434720993042,4.068841457366943,7.311842918395996,6.679248332977295,5.358053684234619,5.483368396759033
384,2.1533524990081787,0.3771348297595978,3.0860543251037598,-3.785799980163574,-9.699419975280762,-7.267058372497559,17.582557678222656,21.109073638916016,4.68677282333374,4.556735515594482,4.112156391143799,4.14976692199707,8.750411033630371,-6.300158500671387,4.465116024017334,-6.057486057281494,-14.063474655151367,-14.267346382141113,-5.609157562255859,-4.260198593139648,15.676580429077148,15.623311996459961,15.529275894165039,15.62092113494873,0.5751686096191406,0.37772539258003235,0.5837432742118835,-1.0700937509536743,-4.506771087646484,-2.5632946491241455,3.7832608222961426,4.8556318283081055,7.168190002441406,6.562985897064209,5.38249397277832,5.27345609664917
385,1.4433631896972656,3.767972230911255,2.1902740001678467,-4.469283580780029,-9.043928146362305,-5.263025760650635,18.04903793334961,19.89291000366211,4.668213844299316,4.6069488525390625,4.288305282592773,4.150578022003174,8.461813926696777,-4.669423580169678,3.3622679710388184,-6.26484489440918,-17.564889907836914,-15.847062110900879,1.4399523735046387,1.7212271690368652,15.676473617553711,15.615971565246582,15.508942604064941,15.603103637695312,0.28222107887268066,1.0132941007614136,0.3735700249671936,-1.2680882215499878,-5.074134826660156,-1.8346266746520996,4.39280366897583,5.184121608734131,7.041742324829102,6.589211940765381,5.4352641105651855,5.084091663360596
386,0.6907415986061096,5.471014976501465,3.6746573448181152,-3.900230884552002,-7.825652122497559,-4.362279415130615,16.663171768188477,17.5285701751709,4.658642768859863,4.628418922424316,4.419772624969482,4.1238603591918945,7.502193450927734,-2.8300020694732666,2.7642664909362793,-6.02494478225708,-19.80518913269043,-17.11642837524414,6.911646366119385,6.272469997406006,15.634936332702637,15.66050910949707,15.568719863891602,15.611491203308105,0.04896331578493118,1.1879863739013672,1.053297519683838,-0.9068357348442078,-5.92360782623291,-1.8229519128799438,5.291038990020752,5.4978437423706055,7.028617858886719,6.66623067855835,5.7652058601379395,4.948639392852783
387,0.36614707112312317,5.354411602020264,6.398936748504639,-2.0826416015625,-6.803933620452881,-4.063155651092529,14.718918800354004,15.14771842956543,4.687917232513428,4.572811603546143,4.443696022033691,4.062689304351807,6.198907852172852,-1.0620986223220825,3.452486515045166,-5.263068675994873,-20.56056785583496,-18.084875106811523,10.340707778930664,9.40649700164795,15.695441246032715,15.66433048248291,15.698460578918457,15.700000762939453,0.03445339947938919,1.0154237747192383,1.893273949623108,-0.21137192845344543,-6.420411109924316,-2.02884578704834,6.053198337554932,5.579521656036377,6.9402265548706055,6.560910701751709,5.963318824768066,4.81173849105835
388,0.9746298789978027,4.299449920654297,8.458009719848633,0.7079159021377563,-6.451472282409668,-3.596067190170288,13.174100875854492,13.343111038208008,4.597754955291748,4.533201694488525,4.342584609985352,3.950012445449829,5.762731552124023,0.29076069593429565,5.546267032623291,-3.7312800884246826,-20.827030181884766,-17.87728500366211,12.479069709777832,11.550076484680176,15.662094116210938,15.529702186584473,15.660901069641113,15.70564079284668,0.34472525119781494,0.7377363443374634,2.443941593170166,0.550534725189209,-6.45304536819458,-1.8348298072814941,6.4929962158203125,5.639730453491211,6.779890060424805,6.34708833694458,5.936258316040039,4.770140647888184
389,2.27864933013916,3.7339038848876953,9.07354736328125,4.56569766998291,-6.214903354644775,-2.6817104816436768,12.053506851196289,12.006612777709961,4.6003313064575195,4.631446361541748,4.348830223083496,3.960012674331665,6.7861504554748535,3.016705274581909,8.827642440795898,-0.5706032514572144,-21.07485580444336,-18.45398712158203,13.812496185302734,13.006268501281738,15.684996604919434,15.612278938293457,15.700766563415527,15.6981840133667,0.7829083204269409,0.7083686590194702,2.694915771484375,1.3063385486602783,-5.959665298461914,-1.0157032012939453,6.704504489898682,5.601600170135498,6.618975639343262,6.1917877197265625,5.713406562805176,4.87611198425293
390,4.064851760864258,3.7054293155670166,9.29809856414795,8.71805191040039,-5.667405128479004,6.123917579650879,11.327611923217773,11.027978897094727,4.4907379150390625,4.5358567237854,4.208752632141113,3.9999983310699463,8.89000129699707,5.847369194030762,12.740453720092773,3.6613609790802,-21.039112091064453,-16.608993530273438,14.616988182067871,13.892133712768555,15.691461563110352,15.642407417297363,15.517611503601074,15.581384658813477,1.4148284196853638,0.8801575899124146,3.388833999633789,2.529144287109375,-4.775221824645996,2.3171141147613525,6.933520317077637,5.502849578857422,6.142807960510254,6.21874475479126,5.2908124923706055,4.9828572273254395
391,3.3159096240997314,5.103140830993652,9.071734428405762,10.434601783752441,-3.030402898788452,21.459653854370117,10.260621070861816,9.661783218383789,4.451152801513672,4.475971698760986,4.311165809631348,4.228436470031738,10.752280235290527,6.789873123168945,16.218942642211914,7.661237716674805,-20.295032501220703,-10.138311386108398,14.589266777038574,14.214658737182617,15.70000171661377,15.63231086730957,15.59528923034668,15.663110733032227,0.8789486289024353,1.6237438917160034,4.491640567779541,3.256383180618286,-0.8444035053253174,6.325616836547852,5.449033260345459,4.2822675704956055,6.150403022766113,6.071792125701904,5.157364845275879,5.436460971832275
392,-5.685165882110596,8.605698585510254,6.313574314117432,7.932802677154541,12.803050994873047,25.159587860107422,6.254673480987549,4.718295574188232,4.512770175933838,1.2138563394546509,4.2824931144714355,3.9675164222717285,9.93073558807373,4.370865821838379,18.02000617980957,9.803221702575684,-15.834997177124023,-1.6556119918823242,13.479823112487793,13.503649711608887,15.699013710021973,10.595632553100586,15.613838195800781,15.70409107208252,-2.164841651916504,3.320265769958496,2.739349365234375,2.090986728668213,5.5531086921691895,8.270791053771973,1.4287182092666626,0.5907963514328003,6.708133697509766,-0.885636568069458,5.481396198272705,4.521000862121582
393,-16.383773803710938,12.206019401550293,0.2885390818119049,4.066192626953125,25.31092071533203,21.904672622680664,-0.5865676999092102,-3.2411553859710693,4.540034294128418,-17.506364822387695,4.203090190887451,3.423266649246216,5.302037715911865,4.247699737548828,17.17534637451172,9.612953186035156,-8.517373085021973,2.337475538253784,11.137343406677246,11.398659706115723,12.737807273864746,-6.501979827880859,15.60854434967041,15.585891723632812,-4.6257429122924805,4.05326509475708,-1.6503936052322388,0.5943560004234314,9.106864929199219,8.113507270812988,-1.8423106670379639,-2.06042742729187,6.694177627563477,-9.704565048217773,5.133123397827148,3.2834460735321045
394,-14.536771774291992,13.430220603942871,-13.334578514099121,2.5361244678497314,24.912216186523438,18.876354217529297,-3.4753005504608154,-8.592914581298828,-9.122099876403809,-11.58832836151123,4.0547099113464355,3.4308011531829834,-1.649350881576538,2.6485085487365723,12.321310997009277,7.777097225189209,3.5638647079467773,3.5791876316070557,8.600443840026855,8.342351913452148,-11.743826866149902,-9.14403247833252,15.689435958862305,15.493304252624512,-2.754681348800659,4.112493991851807,-3.4268763065338135,0.4392985701560974,7.088655948638916,6.1233649253845215,-0.7991604208946228,-1.8723739385604858,-11.84746265411377,-6.698482513427734,4.644689559936523,3.584322690963745
395,-6.231645584106445,14.196059226989746,-16.751529693603516,-3.7878541946411133,17.07354164123535,16.643030166625977,-1.2412846088409424,-10.773775100708008,-6.047721862792969,-9.897106170654297,4.028099536895752,3.8273684978485107,-5.600984573364258,1.1564455032348633,6.861733913421631,4.793078422546387,8.57232666015625,4.235884189605713,7.012008190155029,5.3279924392700195,-15.699999809265137,-9.856771469116211,15.675933837890625,15.504947662353516,-0.5522096753120422,3.7291383743286133,-3.2734506130218506,-1.5544966459274292,5.475463390350342,4.671869277954102,0.016415182501077652,-2.112537384033203,-6.375603675842285,-5.2039690017700195,5.053560733795166,4.624175548553467
396,-4.235572814941406,13.03479290008545,-13.249533653259277,-4.74811315536499,13.652124404907227,13.257752418518066,1.259657382965088,-8.89989948272705,-3.7851200103759766,-9.327775001525879,4.1204657554626465,4.049563407897949,0.35415732860565186,0.304848849773407,3.271657943725586,2.7224693298339844,3.582435369491577,4.641181468963623,6.136218070983887,2.992135763168335,-5.7552337646484375,-10.923810005187988,15.658734321594238,15.413843154907227,-0.8652262687683105,2.7075753211975098,-2.150247097015381,-0.977815568447113,5.221247673034668,2.963345766067505,0.6808558106422424,-1.439059853553772,-5.427585601806641,-4.964724063873291,5.313817024230957,4.992660045623779
397,-11.260035514831543,12.199777603149414,-8.258071899414062,-0.14403283596038818,16.838747024536133,11.489459991455078,1.146578073501587,-2.323032855987549,-13.043989181518555,-8.562555313110352,4.222499847412109,4.204913139343262,-0.67644864320755,-0.3842659592628479,0.25595951080322266,0.9313642382621765,3.6106414794921875,4.417693138122559,6.121315956115723,2.626943349838257,-8.209197044372559,-11.086941719055176,15.670129776000977,15.499706268310547,-3.5767219066619873,2.516570568084717,-1.061887264251709,0.504013180732727,5.353060245513916,2.745676040649414,0.2613634467124939,0.30428826808929443,-5.214638710021973,-5.332435607910156,5.562936782836914,4.917909145355225
398,-10.615190505981445,10.212312698364258,-6.674009323120117,0.6404018402099609,12.409708976745605,11.056072235107422,0.15412403643131256,2.647181272506714,-10.878159523010254,-8.600090980529785,4.240268230438232,4.119384765625,-2.2470788955688477,-1.0530325174331665,-1.9894051551818848,-0.40728968381881714,4.311563014984131,4.808692932128906,5.852521896362305,3.2738242149353027,-11.103368759155273,-11.947076797485352,15.684674263000488,15.226957321166992,-2.304321527481079,1.8012049198150635,-1.2408279180526733,0.23809826374053955,2.3246006965637207,2.79750657081604,-0.12756472826004028,1.279175043106079,-4.994268417358398,-5.579585552215576,5.535916328430176,4.781569957733154
399,-9.489557266235352,9.097628593444824,-5.466406345367432,1.603403925895691,7.358428955078125,9.255753517150879,-0.8362358212471008,4.397357940673828,-8.404720306396484,-7.920351982116699,4.175507068634033,4.3158440589904785,-3.639007091522217,-1.1312817335128784,-3.1283066272735596,-1.4422942399978638,5.699655532836914,5.229442119598389,5.2278151512146,8.632650375366211,-13.914802551269531,-12.845110893249512,15.690133094787598,0.014002437703311443,-2.0998833179473877,1.6501824855804443,-1.0877376794815063,0.44050443172454834,0.9974409937858582,2.0680155754089355,-0.25942879915237427,1.289361596107483,-5.324672698974609,-5.784878730773926,5.250831127166748,4.630008697509766
400,-7.900463581085205,8.360111236572266,-4.1266255378723145,1.3537064790725708,4.628379821777344,7.330087184906006,0.3043120503425598,3.5308094024658203,-5.90757942199707,-7.194314956665039,4.087741374969482,16.51173973083496,-5.224126815795898,-1.251715064048767,-4.037992000579834,-1.8594238758087158,6.407487869262695,5.573131084442139,4.969758987426758,9.469473838806152,-14.677533149719238,-13.409833908081055,15.693013191223145,0.04285367578268051,-1.6985831260681152,1.569608449935913,-0.7612354159355164,0.21982955932617188,0.7646921277046204,1.5413562059402466,0.21625858545303345,1.0075031518936157,-5.621657371520996,-6.119044780731201,4.990394115447998,3.7637293338775635
401,-6.563966274261475,8.85328483581543,-2.658240556716919,0.7021059989929199,3.490668773651123,5.503644943237305,0.2824786901473999,2.722745656967163,-5.2732367515563965,-6.809214115142822,4.042606353759766,15.71367359161377,-4.50690221786499,-0.8988407254219055,-4.2222394943237305,-1.9201987981796265,5.868405342102051,5.5726447105407715,4.707014083862305,10.116081237792969,-13.809613227844238,-13.735417366027832,15.688902854919434,0.019120775163173676,-1.4979630708694458,1.8487663269042969,-0.41037362813949585,0.04817969352006912,0.7226033806800842,1.087560772895813,0.06368118524551392,0.6685506701469421,-5.828322410583496,-6.645040988922119,4.95282506942749,3.628347396850586
402,-6.963437080383301,9.056106567382812,-1.9251424074172974,1.0701862573623657,3.21797513961792,4.558743476867676,-1.2250804901123047,1.7240654230117798,-6.210744857788086,-6.554821014404297,3.938283920288086,15.09306526184082,-5.003993034362793,-0.21793913841247559,-4.23411226272583,-1.852104663848877,6.271105766296387,5.705212593078613,4.213051795959473,10.553565979003906,-14.733741760253906,-14.123315811157227,15.688560485839844,0.03218000382184982,-1.7471693754196167,1.8941611051559448,-0.337649405002594,0.24739688634872437,0.7473780512809753,0.9781516790390015,-0.39920634031295776,0.3365100622177124,-5.99595832824707,-6.700953960418701,4.612571716308594,3.443725109100342
403,-6.39794921875,8.656323432922363,-1.7343999147415161,1.3648923635482788,2.318990707397461,3.4234390258789062,-2.255751848220825,0.47764381766319275,-5.369112491607666,-6.177230358123779,3.811070442199707,14.408763885498047,-5.448328495025635,0.4506850242614746,-4.1761298179626465,-2.264542818069458,5.754681587219238,6.027528762817383,8.27318286895752,10.476668357849121,-14.63506031036377,-15.094103813171387,0.06961473822593689,0.0163407102227211,-1.5164484977722168,1.7716282606124878,-0.37499767541885376,0.29484376311302185,0.44477730989456177,0.6665261387825012,-0.5204569697380066,-0.10107825696468353,-6.214166641235352,-6.670222759246826,4.327936172485352,3.220944404602051
404,-6.605029582977295,8.26407527923584,-1.5029879808425903,2.1549160480499268,3.203303098678589,2.5577335357666016,-6.726371765136719,-0.7878283262252808,-5.549093723297119,-5.128449440002441,10.134452819824219,12.60694694519043,-5.332128524780273,-1.8068873882293701,-5.05784273147583,-2.2723309993743896,5.486367702484131,4.089290618896484,6.839275360107422,10.0616455078125,-14.672990798950195,-13.245716094970703,-0.04535873979330063,0.04182733595371246,-1.7405537366867065,1.7240670919418335,-0.3130562901496887,0.49846941232681274,0.9420066475868225,0.5047768950462341,-1.5485975742340088,-0.29325640201568604,-6.475161552429199,-6.376144886016846,1.0809297561645508,2.4912548065185547
405,-7.011068344116211,9.935710906982422,-0.9054107069969177,2.2407007217407227,4.105625152587891,4.037829875946045,-6.1362175941467285,-1.640031337738037,-5.599621295928955,-7.008427143096924,10.056428909301758,12.096723556518555,-5.5621657371521,0.7714166641235352,-4.966355800628662,-1.571989893913269,6.203424453735352,5.205301284790039,5.6296467781066895,9.765440940856934,-15.060741424560547,-15.047150611877441,0.06403448432683945,0.040494270622730255,-1.8555947542190552,2.142805576324463,-0.13011200726032257,0.42843711376190186,1.169050693511963,1.1537539958953857,-0.9770452380180359,-0.3323495388031006,-6.810911178588867,-6.363820552825928,2.1219327449798584,2.592906951904297
406,-6.7360968589782715,8.410975456237793,-0.7081055641174316,2.2107510566711426,3.3771159648895264,2.620269775390625,-5.351901054382324,-3.0246284008026123,-5.230720043182373,-5.104197025299072,9.219125747680664,11.014126777648926,-3.954857587814331,-1.2876495122909546,-5.391347408294678,-1.151756763458252,5.330402374267578,3.7791521549224854,4.443532943725586,9.011752128601074,-14.234094619750977,-13.602343559265137,-0.04543791338801384,0.015172787010669708,-1.6872038841247559,1.6978557109832764,-0.13761062920093536,0.42369627952575684,0.7549225687980652,0.4342626929283142,-0.8451949954032898,-0.6005986928939819,-6.812722206115723,-6.110158443450928,1.8325955867767334,2.212709903717041
407,-7.687745094299316,10.312256813049316,-0.4694744944572449,1.997855305671692,3.7445766925811768,3.897460699081421,-4.781736373901367,-3.2829694747924805,-6.1140618324279785,-6.547506332397461,8.71174430847168,10.856575012207031,-5.155145168304443,0.6596107482910156,-5.444727897644043,-0.5213672518730164,6.2706403732299805,4.634594917297363,3.4763622283935547,8.388856887817383,-15.338054656982422,-14.891114234924316,0.03188863396644592,0.05747348070144653,-1.9537407159805298,2.3164021968841553,-0.07757438719272614,0.3619861602783203,0.9628779292106628,1.0819834470748901,-0.7952281832695007,-0.5400485992431641,-6.83939266204834,-6.122293949127197,1.7395062446594238,2.3222618103027344
408,-6.988189697265625,9.186210632324219,-0.3669278025627136,1.7168631553649902,2.832927942276001,2.981731414794922,-4.002359867095947,-4.684693336486816,-4.959207534790039,-5.1726837158203125,6.94661808013916,9.624812126159668,-3.0319738388061523,0.4031793773174286,-5.498095989227295,0.17150209844112396,5.1821441650390625,4.331914901733398,2.554169178009033,7.441254615783691,-14.318824768066406,-14.386677742004395,0.014586672186851501,-0.015749022364616394,-1.7013190984725952,1.9108790159225464,-0.07307024300098419,0.3064136803150177,0.5891475081443787,0.5835028290748596,-0.6444478034973145,-0.8950047492980957,-6.804899215698242,-5.825578212738037,1.1847546100616455,1.8602635860443115
409,-8.12856674194336,9.707151412963867,-0.24536451697349548,1.7265329360961914,3.0037784576416016,3.120994806289673,-3.679813861846924,-4.695252418518066,-6.014716625213623,-5.644850254058838,4.660401344299316,9.10555648803711,-4.854902267456055,1.6443257331848145,-5.70430326461792,0.7009623050689697,6.055652618408203,4.869211196899414,1.8050382137298584,6.536249160766602,-15.43742561340332,-14.905285835266113,0.04930262267589569,0.05758871138095856,-2.001523971557617,2.1693427562713623,-0.04033966362476349,0.3544618487358093,0.738385021686554,0.751647412776947,-0.6565013527870178,-0.7732776403427124,-6.726900100708008,-5.821963787078857,0.6306653022766113,1.8334856033325195
410,-7.006585597991943,8.560772895812988,-0.43319952487945557,1.862306833267212,1.81083083152771,2.413482666015625,-2.7551047801971436,-5.525327682495117,-4.82192325592041,-5.059141159057617,-1.0647469758987427,7.22606086730957,-2.4908223152160645,0.12116566300392151,-5.9271650314331055,1.4061959981918335,4.767820835113525,4.007615089416504,1.2133132219314575,5.352643966674805,-14.48305892944336,-14.40042495727539,-0.4728906750679016,-0.016203951090574265,-1.6433099508285522,1.788191795349121,-0.13817723095417023,0.40504616498947144,0.27213913202285767,0.47527503967285156,-0.41522371768951416,-1.0272942781448364,-6.597010612487793,-5.566179275512695,-0.9902833104133606,1.2298156023025513
411,-8.286712646484375,9.684159278869629,-0.859693169593811,2.5368900299072266,1.9712755680084229,3.139716386795044,-2.1840832233428955,-5.451625823974609,-5.7519097328186035,-5.519295692443848,-9.43730354309082,5.3391218185424805,-4.794946193695068,3.0246479511260986,-5.10585355758667,2.2029664516448975,5.560468673706055,5.2349371910095215,5.564248561859131,4.307680606842041,-15.510042190551758,-15.437557220458984,-15.498211860656738,0.06949203461408615,-2.0121023654937744,2.177123546600342,-0.28591638803482056,0.6367103457450867,0.48017531633377075,0.8320013284683228,-0.3539213538169861,-0.9503140449523926,-6.320164680480957,-5.553466320037842,-3.687558889389038,0.8202515244483948
412,-7.597217082977295,9.22283935546875,-1.7398360967636108,1.9678934812545776,1.3389956951141357,2.174936532974243,-0.09130917489528656,-7.466947078704834,-4.75501823425293,-4.5190110206604,-3.583052158355713,-1.60159170627594,-2.1748175621032715,-0.9659931659698486,-5.9488205909729,2.7964446544647217,4.322818756103516,3.4208693504333496,5.2028350830078125,2.643049716949463,-14.560518264770508,-14.682581901550293,-15.765495300292969,-0.012924072332680225,-1.905677318572998,2.2859647274017334,-0.5582969784736633,0.35360151529312134,0.23535805940628052,0.39561569690704346,0.2544879913330078,-1.621664047241211,-6.873324394226074,-5.649658679962158,-5.76164436340332,-1.2736155986785889
413,-10.007451057434082,12.396709442138672,-1.1539114713668823,1.8739287853240967,1.9994745254516602,4.210773468017578,-1.8958508968353271,-4.2566447257995605,-5.726469993591309,-5.268533706665039,-3.9198813438415527,-9.879454612731934,-4.46744966506958,-0.3709728717803955,-5.9422712326049805,2.8460357189178467,5.152017593383789,3.566235065460205,4.715785026550293,6.926207065582275,-14.886129379272461,0.23642393946647644,-15.714457511901855,-15.610511779785156,-2.6363325119018555,2.981109142303467,-0.20013315975666046,0.406524121761322,0.561937153339386,1.2619980573654175,-0.5307850241661072,-0.4346334934234619,-6.588610649108887,-5.685347080230713,-5.903772354125977,-3.6917786598205566
414,-10.103191375732422,11.867044448852539,1.1071852445602417,-0.2650577425956726,1.1466823816299438,4.643943786621094,-4.391071319580078,-6.431392192840576,-5.274694442749023,-19.204471588134766,-4.16379976272583,-3.3835573196411133,-0.5726218223571777,1.637581467628479,-5.803401947021484,3.3720788955688477,3.6315817832946777,4.678969383239746,3.6216201782226562,5.7582855224609375,0.09244665503501892,-0.3081045150756836,-15.359376907348633,-15.564451217651367,-2.809204339981079,2.523465156555176,0.5018652081489563,-0.35685211420059204,0.14990752935409546,1.1447206735610962,-1.0679140090942383,-1.2496739625930786,-6.017276763916016,-5.0277838706970215,-5.775754928588867,-5.157398700714111
415,-10.35068130493164,11.968546867370605,2.2069640159606934,-2.0580551624298096,4.3800201416015625,4.18011999130249,-2.802272081375122,-5.488952159881592,-19.899789810180664,-17.761384963989258,-4.431337833404541,-4.059770107269287,-2.7659413814544678,0.30369997024536133,-6.169850826263428,3.018366575241089,5.205425262451172,3.8807501792907715,2.9199345111846924,4.623513221740723,-0.30569055676460266,0.0008432716131210327,-15.508118629455566,-15.520292282104492,-2.0573129653930664,3.009490489959717,0.49528324604034424,-0.5876620411872864,1.5274592638015747,0.9605767726898193,-0.32812997698783875,-0.8478047847747803,-5.5174150466918945,-4.476069450378418,-5.095285415649414,-5.913754463195801
416,-8.689587593078613,12.619221687316895,2.546086072921753,-2.68168568611145,3.725083112716675,5.264847755432129,-2.1386196613311768,-5.790335655212402,-19.070907592773438,-17.26094627380371,-4.263309001922607,-4.401150703430176,0.5463149547576904,3.357412815093994,-5.223839282989502,3.4604499340057373,3.860990047454834,5.587984085083008,2.166834592819214,3.4857492446899414,0.37117308378219604,-0.4961073398590088,-15.112399101257324,-15.37216854095459,-1.8765126466751099,2.8730602264404297,0.45908087491989136,-0.5684192776679993,0.8462278246879578,1.3942779302597046,-0.316804438829422,-1.0772544145584106,-5.317906379699707,-4.192629814147949,-5.094298362731934,-6.149999141693115
417,-10.379791259765625,10.814520835876465,2.7864537239074707,-2.299250602722168,5.040827751159668,3.9123148918151855,-1.8990696668624878,-4.161647319793701,-19.291553497314453,-16.6033878326416,-4.589770317077637,-4.666017532348633,-1.675978183746338,1.1475186347961426,-5.695499897003174,2.7885828018188477,5.292278289794922,4.489734172821045,1.6644450426101685,2.5264065265655518,0.00454411655664444,0.0023646652698516846,-15.504266738891602,-15.51853084564209,-2.2873783111572266,2.5920159816741943,0.511743426322937,-0.3631410598754883,1.3640401363372803,0.8032500147819519,-0.33112645149230957,-0.5768755674362183,-5.085722923278809,-4.24393892288208,-4.982407093048096,-6.133295059204102
418,-8.861221313476562,12.080708503723145,2.6013171672821045,-2.7755260467529297,3.6952507495880127,4.1608967781066895,-1.3936649560928345,-4.294650077819824,-18.849300384521484,-16.70604705810547,-4.2174201011657715,-4.5735063552856445,-2.0419137477874756,2.5982139110565186,-5.189352512359619,2.69828724861145,5.8195343017578125,5.187060356140137,1.133553147315979,1.5950372219085693,-0.008304640650749207,-0.4884372055530548,-15.35844898223877,-15.452802658081055,-1.8599797487258911,2.8757388591766357,0.41361892223358154,-0.5746205449104309,0.7293103337287903,1.004577398300171,-0.20413537323474884,-0.8319847583770752,-5.152875900268555,-4.092297077178955,-5.007072448730469,-6.166582107543945
419,-8.5863618850708,11.194169044494629,2.558562994003296,-3.1453888416290283,3.2643470764160156,3.1540117263793945,-1.6451390981674194,-4.580761432647705,-18.66129493713379,-15.944798469543457,-4.350503444671631,-4.672760486602783,-1.4402337074279785,1.8044886589050293,-4.691548824310303,2.883519411087036,5.73016357421875,4.346577167510986,0.40229883790016174,0.45853036642074585,0.09791457653045654,-0.018041670322418213,-15.453253746032715,-15.555879592895508,-1.9192638397216797,2.661494016647339,0.43704062700271606,-0.6272113919258118,0.7576001286506653,0.6217902302742004,-0.35305503010749817,-0.9338992834091187,-5.028648376464844,-3.9423294067382812,-5.015821933746338,-6.234999179840088
420,-9.149519920349121,11.712756156921387,2.502196788787842,-3.394305944442749,3.2100048065185547,3.4855778217315674,-1.8584200143814087,-4.73008918762207,-18.604707717895508,-15.8634033203125,-4.272458553314209,-4.572800636291504,-1.8730919361114502,3.8887197971343994,-4.27269172668457,2.546816825866699,6.151527404785156,5.452091693878174,-0.30026909708976746,-0.7035054564476013,-0.0018737316131591797,-0.3884049654006958,-15.297086715698242,-15.408138275146484,-2.105292558670044,2.813736915588379,0.43182867765426636,-0.6517852544784546,0.7893679738044739,0.8593090772628784,-0.40088140964508057,-0.9872757196426392,-4.955047607421875,-3.7467586994171143,-5.054849147796631,-6.183480262756348
421,-8.759575843811035,10.488381385803223,2.547370672225952,-3.991425037384033,2.732290029525757,1.9507148265838623,-2.1166365146636963,-5.688610076904297,-18.22791290283203,-14.91831111907959,-4.414597988128662,-4.7164812088012695,-1.9002388715744019,2.1477315425872803,-4.378106594085693,1.9358363151550293,6.060441970825195,4.396476745605469,-1.2008452415466309,-2.2706878185272217,0.15543268620967865,-0.011040851473808289,-15.49715805053711,-15.595735549926758,-1.9347227811813354,2.5864341259002686,0.4563646912574768,-0.8219526410102844,0.6196339726448059,0.25112736225128174,-0.4696909189224243,-1.3568458557128906,-4.768524169921875,-3.4728715419769287,-5.031271934509277,-6.139281749725342
422,-8.949955940246582,11.53331470489502,2.3775839805603027,-3.7498269081115723,2.4647018909454346,2.2291126251220703,-2.3345725536346436,-5.4130859375,-18.050199508666992,-14.498344421386719,-4.252856731414795,-4.497373104095459,-1.7376571893692017,4.127967834472656,-3.8802828788757324,1.6679319143295288,6.2019829750061035,5.10964822769165,-2.191577196121216,-3.781552791595459,-0.011501289904117584,-0.4804244041442871,-15.365945816040039,-15.51462459564209,-2.0616986751556396,2.8337504863739014,0.39539170265197754,-0.6886239647865295,0.5736355185508728,0.555069088935852,-0.5276709794998169,-1.2003899812698364,-4.607085227966309,-3.2376549243927,-5.126927375793457,-5.985101699829102
423,-9.076678276062012,10.369379043579102,2.586527109146118,-4.205359935760498,2.0428578853607178,1.2901546955108643,-2.829620838165283,-6.329577445983887,-17.2706241607666,-13.221366882324219,-4.381707191467285,-4.549456596374512,-2.599668264389038,2.442564010620117,-3.9985709190368652,0.8793505430221558,6.575761795043945,4.319929599761963,-3.378793954849243,-5.687102794647217,-0.04566758871078491,-0.007999971508979797,-15.446050643920898,-15.495569229125977,-2.059628486633301,2.5815985202789307,0.4887193441390991,-0.8681638240814209,0.44754552841186523,0.17000366747379303,-0.6981536746025085,-1.7032179832458496,-4.241062164306641,-2.9007012844085693,-5.1161370277404785,-5.8912835121154785
424,-8.815629005432129,11.275274276733398,2.4804000854492188,-4.088364124298096,1.2563210725784302,1.346866488456726,-3.0108394622802734,-6.512342929840088,-16.499954223632812,-12.499048233032227,-4.327158451080322,-4.513169288635254,-2.309326648712158,3.8724570274353027,-3.592822790145874,0.4064972400665283,5.992789268493652,4.750418186187744,-4.630395889282227,-7.612107753753662,-0.07817534357309341,-0.452553391456604,-15.357826232910156,-15.471370697021484,-2.0533385276794434,2.7695393562316895,0.42551523447036743,-0.8004812598228455,0.19287323951721191,0.31747549772262573,-0.7294062972068787,-1.7935407161712646,-3.9200875759124756,-2.5976715087890625,-5.185707092285156,-5.6720051765441895
425,-9.104164123535156,10.383368492126465,2.6152307987213135,-4.0970258712768555,0.9099658131599426,0.7526078820228577,-3.6913821697235107,-7.091271877288818,-15.156954765319824,-10.899764060974121,-4.406121253967285,-4.468037128448486,-2.3284263610839844,1.972793459892273,-0.4087272882461548,-0.7085586786270142,5.101359844207764,4.030564785003662,-5.228946208953857,-9.907474517822266,-0.038717322051525116,-0.0108366459608078,-15.502470970153809,-15.694278717041016,-2.1362578868865967,2.5631258487701416,0.488599956035614,-0.8262431025505066,0.16445791721343994,0.08821708709001541,-1.0175591707229614,-2.2509443759918213,-3.33203125,-2.1970436573028564,-5.1392717361450195,-5.454967498779297
426,-9.18206787109375,11.926416397094727,1.0672905445098877,-2.86751651763916,0.8857054710388184,0.9697532057762146,-4.329496383666992,-6.782196998596191,-13.285381317138672,-9.603021621704102,-4.266687393188477,-4.195683479309082,-2.904632091522217,2.7974376678466797,0.09416418522596359,-1.1451804637908936,5.331673622131348,4.331124782562256,-6.912125110626221,-12.099177360534668,-0.2188766449689865,-0.3633858859539032,-15.465869903564453,-15.494683265686035,-2.138918876647949,3.023325204849243,0.039484068751335144,-0.44118189811706543,0.204120934009552,0.25432395935058594,-1.1896899938583374,-2.264826536178589,-2.6599786281585693,-1.798890471458435,-5.1280412673950195,-5.319621562957764
427,-9.336362838745117,11.138035774230957,1.1714314222335815,-2.6836488246917725,0.08619179576635361,0.5505924224853516,-4.98414945602417,-7.0456390380859375,-10.93620491027832,-7.258602619171143,-4.273377418518066,-4.279479503631592,-2.414457321166992,2.3613269329071045,0.4391893148422241,-1.5900095701217651,5.012195110321045,4.145366191864014,-8.905454635620117,-14.497957229614258,-0.14580310881137848,-0.09307554364204407,-15.578636169433594,-15.402267456054688,-2.281343460083008,2.637214183807373,0.25154346227645874,-0.54075026512146,-0.1072964146733284,0.06509063392877579,-1.5076661109924316,-2.897979736328125,-2.02791690826416,-1.2090364694595337,-5.026853561401367,-4.979156970977783
428,-9.957454681396484,10.964300155639648,1.297673225402832,-2.287224292755127,-0.3655473589897156,0.6619930863380432,-5.270383358001709,-6.721714496612549,-7.784335136413574,-3.279978036880493,-4.137370586395264,-4.223381996154785,-2.5978646278381348,2.5050063133239746,0.5443568229675293,-2.1205849647521973,4.9313178062438965,4.3385114669799805,-11.062987327575684,-16.82556915283203,-0.10950006544589996,-0.07540488988161087,-15.307450294494629,-15.07221794128418,-2.425401449203491,2.5533647537231445,0.28262174129486084,-0.4341868758201599,-0.11844653636217117,0.1702311933040619,-1.7031365633010864,-3.1525557041168213,-1.1626789569854736,-0.1127815842628479,-4.946512222290039,-4.630946159362793
429,-10.223265647888184,10.458314895629883,1.374499797821045,-1.9658620357513428,-0.677352786064148,0.7591818571090698,-5.515588283538818,-6.361003875732422,-2.5297889709472656,3.5255579948425293,-4.306019306182861,-4.297039031982422,-2.8391571044921875,2.777644157409668,0.6960489749908447,-2.55871844291687,4.94183874130249,4.678761005401611,-13.236724853515625,-19.112821578979492,0.0019900575280189514,3.601041316986084,-15.268576622009277,-14.27724838256836,-2.4974355697631836,2.406592607498169,0.29139286279678345,-0.38383209705352783,-0.15227198600769043,0.19342467188835144,-2.0257413387298584,-3.685457944869995,0.1977342963218689,1.6779927015304565,-4.70984411239624,-4.157154083251953
430,-10.108063697814941,9.652867317199707,1.4537153244018555,-1.6627026796340942,-0.29583802819252014,0.9493845105171204,-5.670536994934082,-5.681246757507324,6.941534996032715,9.958439826965332,-4.183184623718262,-4.333249568939209,-1.9498640298843384,3.0084662437438965,0.6686900854110718,-3.0118796825408936,4.727189064025879,4.892114639282227,-15.354935646057129,-20.32539939880371,7.055357456207275,13.836668968200684,-15.274588584899902,-13.473934173583984,-2.4222984313964844,2.1648354530334473,0.3098485469818115,-0.3242577910423279,-0.007105298340320587,0.2566894292831421,-2.4000024795532227,-4.02740478515625,3.0053601264953613,4.694046497344971,-4.318475723266602,-3.080014944076538
431,-9.360023498535156,6.905178546905518,2.384700059890747,-1.6175570487976074,-0.8050263524055481,0.8920591473579407,-5.750017166137695,-5.13930082321167,9.784367561340332,5.341861248016357,-3.559879779815674,-3.3111534118652344,-0.49627840518951416,0.15953075885772705,1.4446511268615723,-3.06736159324646,3.974342107772827,1.4679431915283203,-17.36765480041504,-21.012239456176758,15.38129997253418,14.4666748046875,-15.01640796661377,-11.360740661621094,-1.9531933069229126,1.1625806093215942,0.6180819869041443,-0.3575347065925598,-0.19815438985824585,0.2053087055683136,-2.875073194503784,-3.9045164585113525,6.327434539794922,6.3750176429748535,-2.9785375595092773,-1.3962047100067139
432,-8.302367210388184,2.423569917678833,4.060953617095947,-1.0469262599945068,-2.4058265686035156,-0.6113077998161316,-5.288086891174316,-4.798818111419678,4.471635818481445,5.197580814361572,-2.6829354763031006,-1.8046479225158691,0.3020212650299072,-0.22414351999759674,1.5231974124908447,-3.439086675643921,2.1338021755218506,1.7148735523223877,-19.16236114501953,-21.26263999938965,15.355506896972656,15.2001371383667,-13.75992202758789,-8.013102531433105,-1.531387448310852,-0.21091189980506897,1.1172926425933838,-0.1489683985710144,-0.6191956400871277,-0.33689379692077637,-2.930929660797119,-3.881976842880249,7.775834083557129,5.620733737945557,-1.6272099018096924,-0.042914777994155884
433,-2.909640073776245,-1.4323036670684814,4.884059906005859,-2.6236960887908936,-2.799255132675171,-3.4525487422943115,-4.546605587005615,-4.300211429595947,4.825588703155518,4.659709930419922,-1.5860379934310913,6.9571099281311035,0.057957351207733154,-1.5894006490707397,2.4095606803894043,-3.111921787261963,1.2691752910614014,0.33091920614242554,-19.631595611572266,-21.852628707885742,15.613384246826172,15.609696388244629,-11.343648910522461,3.630303382873535,0.16536307334899902,-0.8139207363128662,1.1695979833602905,-0.8408054709434509,-0.5910507440567017,-1.0271451473236084,-2.7915937900543213,-3.169586658477783,7.289496421813965,5.642942905426025,-0.2611197829246521,2.4009616374969482
434,3.441798210144043,-5.817109107971191,3.9963362216949463,-3.1145436763763428,-2.7892236709594727,-4.871488094329834,-3.861976385116577,-3.333618640899658,4.664846420288086,4.325869083404541,7.162635326385498,10.92530632019043,2.334498643875122,-4.465265274047852,2.244133710861206,-3.1473965644836426,-0.18727129697799683,-2.7783353328704834,-19.9925537109375,-22.37248992919922,15.594512939453125,15.69448471069336,-0.12452992796897888,15.666023254394531,1.5917677879333496,-1.9611389636993408,0.7688978314399719,-0.7697487473487854,-0.5460413098335266,-1.1957952976226807,-2.1764907836914062,-2.262622356414795,7.102138519287109,5.671867847442627,2.3832333087921143,5.228160381317139
435,5.260919570922852,-4.835743427276611,3.3695788383483887,-3.766369581222534,-2.4263417720794678,-5.891483306884766,-2.6233088970184326,-1.501101016998291,4.733644008636475,4.298599720001221,13.167271614074707,3.5482192039489746,5.012656211853027,-6.523439884185791,2.289090394973755,-4.300731182098389,-2.126352071762085,-6.045635223388672,-20.27000617980957,-20.86662483215332,15.700004577636719,15.673823356628418,14.679625511169434,15.683919906616211,1.4892058372497559,-1.0931307077407837,0.6383646726608276,-0.951703667640686,-0.4584425687789917,-1.577773094177246,-1.14564847946167,-0.32734012603759766,7.166958808898926,5.839994430541992,5.140979290008545,4.777538299560547
436,4.371610164642334,-1.9143805503845215,3.220357656478882,-4.188371181488037,-4.573932647705078,-7.071683406829834,-1.0634353160858154,4.779934406280518,4.679173469543457,4.453760147094727,4.000576496124268,3.843212842941284,6.882504940032959,-7.442678451538086,3.3417482376098633,-5.505051136016846,-4.88809061050415,-9.348846435546875,-19.386669158935547,-17.88572883605957,15.69823932647705,15.641447067260742,15.598714828491211,15.659462928771973,1.002879023551941,-0.05761787295341492,0.6810627579689026,-1.0870075225830078,-1.3510198593139648,-2.2396905422210693,-0.043804969638586044,1.8042925596237183,7.527439117431641,6.522866249084473,3.942354202270508,5.017061233520508
437,2.409473180770874,-1.4036616086959839,4.242363929748535,-3.0524673461914062,-8.514228820800781,-8.789703369140625,11.165949821472168,17.382287979125977,4.677165508270264,4.550953388214111,3.883592367172241,4.101395606994629,7.851724147796631,-7.499324321746826,4.599750995635986,-5.966541290283203,-8.85485553741455,-12.79788589477539,-13.39842700958252,-11.421248435974121,15.684782028198242,15.653387069702148,15.593851089477539,15.645417213439941,0.3425019383430481,-0.2960975170135498,1.1483196020126343,-0.59687739610672,-3.1227903366088867,-3.6699981689453125,3.0716712474823,4.014276504516602,7.268291473388672,6.592525959014893,5.348782062530518,5.505930423736572
438,2.1821703910827637,0.7017138004302979,3.2263619899749756,-3.599868059158325,-10.26877498626709,-7.1789751052856445,17.152820587158203,20.93178939819336,4.677018642425537,4.556886196136475,4.113833904266357,4.163719177246094,8.412896156311035,-6.5770955085754395,4.614067554473877,-6.104190826416016,-13.233933448791504,-15.235864639282227,-5.89359712600708,-4.422658920288086,15.678473472595215,15.620997428894043,15.528922080993652,15.620165824890137,0.5703827738761902,0.4371407926082611,0.6370269060134888,-1.0139732360839844,-4.50338077545166,-2.73500394821167,3.6368348598480225,4.7595062255859375,7.151729583740234,6.540338039398193,5.347533702850342,5.297430992126465
439,1.5040346384048462,3.9275007247924805,2.4020133018493652,-4.23646879196167,-9.516858100891113,-5.154065132141113,17.792312622070312,19.85900115966797,4.662064075469971,4.604722499847412,4.272421836853027,4.1544365882873535,8.211668014526367,-4.871566295623779,3.595574140548706,-6.264441013336182,-16.933834075927734,-16.73016357421875,1.096496343612671,1.4964852333068848,15.68051528930664,15.612039566040039,15.509186744689941,15.605019569396973,0.30260640382766724,1.0149905681610107,0.43912285566329956,-1.1980295181274414,-5.058650016784668,-1.9128589630126953,4.251594066619873,5.131481170654297,7.016298294067383,6.589328765869141,5.379068374633789,5.0749945640563965
440,0.8345240354537964,5.601656913757324,3.8256351947784424,-3.680856704711914,-8.197872161865234,-4.131824016571045,16.62137794494629,17.58201026916504,4.644208908081055,4.628445148468018,4.401485919952393,4.117852687835693,7.389791965484619,-3.010554790496826,2.980395793914795,-6.025720119476318,-19.56524085998535,-17.889463424682617,6.631128311157227,6.041728496551514,15.640144348144531,15.641761779785156,15.55862045288086,15.618058204650879,0.10422129184007645,1.2029510736465454,1.0890352725982666,-0.8500109910964966,-5.859794616699219,-1.7910457849502563,5.180341720581055,5.451234340667725,6.958514213562012,6.650457859039307,5.707793235778809,4.927405834197998
441,0.46742498874664307,5.53053617477417,6.4575653076171875,-1.8956425189971924,-6.93102502822876,-3.7422475814819336,14.76014232635498,15.240544319152832,4.668162822723389,4.590778827667236,4.438685417175293,4.0483622550964355,6.2050042152404785,-1.1018006801605225,3.7529125213623047,-5.1612725257873535,-20.430118560791016,-18.71303939819336,10.149246215820312,9.204699516296387,15.693949699401855,15.656214714050293,15.697787284851074,15.70001220703125,0.05349583178758621,1.0501816272735596,1.9081573486328125,-0.1703457534313202,-6.320487022399902,-1.9374669790267944,5.959386348724365,5.546074867248535,6.860132217407227,6.561872959136963,5.9208478927612305,4.787147521972656
442,1.085836410522461,4.208286285400391,8.489256858825684,0.8898539543151855,-6.5069193840026855,-3.234182357788086,13.225198745727539,13.464465141296387,4.579495429992676,4.54242467880249,4.330552101135254,3.94242525100708,5.917191028594971,0.5479644536972046,5.811412334442139,-3.573960065841675,-20.88789176940918,-18.714012145996094,12.38964557647705,11.408592224121094,15.700016975402832,15.566970825195312,15.57720947265625,15.588605880737305,0.3741198182106018,0.6877377033233643,2.485642910003662,0.5720245242118835,-6.357680320739746,-1.688842535018921,6.42622709274292,5.65543270111084,6.673755645751953,6.356482982635498,5.898060321807861,4.754140853881836
443,2.363659143447876,3.212796688079834,9.120798110961914,4.687488555908203,-6.140401363372803,-2.027233839035034,12.088289260864258,12.1152982711792,4.539947986602783,4.596327781677246,4.421082496643066,4.062309265136719,6.86452054977417,3.210430383682251,9.108214378356934,-0.42639532685279846,-20.967241287231445,-18.985307693481445,13.734175682067871,12.86087703704834,15.690241813659668,15.582980155944824,15.60248851776123,15.684874534606934,0.8061094880104065,0.55202317237854,2.7508866786956787,1.329762578010559,-5.875950813293457,-0.6506356596946716,6.706691741943359,5.636963844299316,6.527948379516602,6.206952095031738,5.688093662261963,4.873149871826172
444,4.110167026519775,3.1599855422973633,9.304337501525879,8.783125877380371,-5.670383453369141,8.988232612609863,11.342620849609375,11.106571197509766,4.462520122528076,4.56375789642334,4.292443752288818,4.023590564727783,8.861590385437012,5.914545059204102,12.893390655517578,3.6840715408325195,-21.01032829284668,-16.469406127929688,14.625783920288086,13.826865196228027,15.698481559753418,15.65044116973877,15.480116844177246,15.541257858276367,1.4246312379837036,0.7490507364273071,3.450106382369995,2.552694320678711,-4.640862464904785,2.85906720161438,6.838878154754639,5.463996887207031,6.057062149047852,6.200324535369873,5.26106071472168,5.034900188446045
445,3.2044520378112793,5.011462688446045,9.079670906066895,10.587453842163086,-2.579716205596924,23.028329849243164,10.098145484924316,9.568349838256836,4.453131675720215,4.4437055587768555,4.352044582366943,4.269068241119385,10.649913787841797,6.502629280090332,16.322345733642578,7.65069055557251,-20.15102767944336,-9.454583168029785,14.5368013381958,14.141267776489258,15.700008392333984,15.643989562988281,15.578123092651367,15.65825080871582,0.8118836879730225,1.6748368740081787,4.5514349937438965,3.331317186355591,-0.35640138387680054,6.901238441467285,5.1802754402160645,4.123291492462158,6.262723922729492,5.939408779144287,5.197568893432617,5.427978038787842
446,-6.3303608894348145,8.684558868408203,5.914482116699219,7.776029109954834,14.084254264831543,25.323482513427734,5.889434814453125,4.621976852416992,4.507923603057861,0.3046196699142456,4.305809497833252,3.92643404006958,9.544901847839355,4.26007604598999,17.964021682739258,9.68134593963623,-15.432544708251953,-1.4887644052505493,13.380281448364258,13.484777450561523,15.69027328491211,9.993335723876953,15.59819507598877,15.692927360534668,-2.3401238918304443,3.3223440647125244,2.372159957885742,1.9754878282546997,5.750186920166016,8.355443000793457,1.2034313678741455,0.5485589504241943,6.64579963684082,-2.4245927333831787,5.503575325012207,4.366101264953613
447,-16.20325469970703,12.047752380371094,0.06253646314144135,4.17665433883667,25.51378631591797,22.011638641357422,-0.9229185581207275,-3.0605313777923584,4.518043518066406,-19.635374069213867,4.2078375816345215,3.4193053245544434,4.937942981719971,4.035366535186768,17.03763771057129,9.482414245605469,-8.053587913513184,2.600822925567627,10.938526153564453,11.446364402770996,12.565633773803711,-6.626531600952148,15.641138076782227,15.546096801757812,-4.465623378753662,3.906088352203369,-1.7474473714828491,0.6666167974472046,8.964468955993652,8.20354175567627,-1.8171329498291016,-1.9755589962005615,6.487529754638672,-9.744731903076172,5.081147193908691,3.2962684631347656
448,-13.939495086669922,13.531794548034668,-13.803411483764648,2.4704031944274902,24.62759017944336,18.785999298095703,-3.6710050106048584,-8.093687057495117,-9.154678344726562,-11.872788429260254,4.010425090789795,3.4657070636749268,-1.8219587802886963,2.5006980895996094,12.10711669921875,7.666655540466309,3.9475884437561035,3.6643881797790527,8.348076820373535,8.513345718383789,-11.862592697143555,-9.034083366394043,15.689143180847168,15.48448657989502,-2.5835700035095215,4.171249866485596,-3.4809465408325195,0.3821045756340027,6.90648078918457,6.139617919921875,-0.8205572366714478,-1.749326467514038,-11.7517671585083,-6.5773606300354,4.607117652893066,3.6088790893554688
449,-5.933499813079834,14.204818725585938,-16.875274658203125,-3.762741804122925,16.74368667602539,16.689800262451172,-1.324726939201355,-10.626351356506348,-5.962400913238525,-10.088207244873047,4.018205165863037,3.8377206325531006,-5.655035018920898,1.0579317808151245,6.639629364013672,4.723327159881592,8.859294891357422,4.267976760864258,6.744592189788818,5.540796756744385,-15.700011253356934,-9.770639419555664,15.677988052368164,15.500070571899414,-0.510600209236145,3.6881308555603027,-3.2833452224731445,-1.5326210260391235,5.374067306518555,4.731664180755615,0.01330525055527687,-2.1106173992156982,-6.350752830505371,-5.141750812530518,5.035789966583252,4.628145217895508
450,-4.133992671966553,13.003337860107422,-13.245643615722656,-4.5461859703063965,13.382842063903809,13.389422416687012,1.1382843255996704,-8.962913513183594,-3.7917656898498535,-9.425463676452637,4.1079630851745605,4.049798011779785,1.2453043460845947,0.2246827781200409,3.090052604675293,2.7414073944091797,2.3629674911499023,4.582760810852051,5.848149299621582,3.190129041671753,-4.177142143249512,-10.841828346252441,15.655356407165527,15.396222114562988,-0.864285945892334,2.685222625732422,-2.1513142585754395,-0.9216322302818298,5.141585350036621,3.025286912918091,0.6310436129570007,-1.4643173217773438,-5.457807540893555,-4.939291954040527,5.285003662109375,4.972465515136719
451,-11.836175918579102,12.17431926727295,-8.107378005981445,0.21629565954208374,17.583131790161133,11.995574951171875,0.8888251781463623,-1.9674162864685059,-14.517087936401367,-8.670514106750488,4.216887950897217,4.203215599060059,-0.7275400161743164,-0.4315817356109619,0.16343754529953003,1.0714601278305054,3.5824270248413086,4.567359924316406,5.754209041595459,2.8500237464904785,-9.2133207321167,-11.09183120727539,15.67279052734375,15.507979393005371,-3.740311861038208,2.5046229362487793,-1.0196393728256226,0.6066098213195801,5.369856357574463,2.9807627201080322,0.17219668626785278,0.4174021780490875,-5.245041847229004,-5.3849568367004395,5.5408148765563965,4.860121726989746
452,-10.199748992919922,10.152782440185547,-6.695888996124268,0.6608881950378418,12.115074157714844,11.104312896728516,0.1645447015762329,2.439532518386841,-9.89622974395752,-8.584521293640137,4.244055271148682,4.088468551635742,-1.617222785949707,-0.7593591213226318,-1.5637255907058716,-0.3725591003894806,5.198181629180908,4.985491752624512,5.3553290367126465,7.314972400665283,-12.197985649108887,-11.99726676940918,15.611885070800781,2.0060768127441406,-2.097686529159546,1.7816797494888306,-1.2695698738098145,0.19681304693222046,2.1846063137054443,2.754127025604248,-0.07928353548049927,1.158305048942566,-4.882271766662598,-5.525035858154297,5.58379602432251,4.722672462463379
453,-9.639612197875977,9.041094779968262,-4.813894271850586,0.8967668414115906,7.898200988769531,9.23690414428711,1.0038859844207764,3.496518135070801,-7.347904205322266,-7.898091793060303,4.28578519821167,15.173081398010254,-2.8112313747406006,-1.1200321912765503,-2.8435041904449463,-1.145438313484192,5.393190383911133,5.556352615356445,5.187187194824219,8.784010887145996,-12.963529586791992,-12.850258827209473,15.690010070800781,-0.0008499603718519211,-2.1382460594177246,1.672121524810791,-0.8125990033149719,0.2040247619152069,1.38770592212677,2.06874942779541,0.3807561993598938,1.206194519996643,-5.292162895202637,-5.873815059661865,5.420609951019287,3.9439380168914795
454,-8.865721702575684,9.144962310791016,-2.8064990043640137,0.6135796904563904,6.199277877807617,7.241601943969727,1.287950873374939,3.4382171630859375,-6.764029502868652,-7.292879581451416,4.192470550537109,16.079544067382812,-3.8562307357788086,-1.0777138471603394,-3.3956868648529053,-1.5629266500473022,5.945812702178955,5.809571266174316,5.164964199066162,9.632097244262695,-13.873359680175781,-13.29411506652832,15.688484191894531,0.020804231986403465,-2.0167109966278076,1.8536255359649658,-0.35675352811813354,0.078929103910923,1.274956464767456,1.5367871522903442,0.35656899213790894,1.0181097984313965,-5.485661506652832,-6.482397079467773,5.36775016784668,3.7437586784362793
455,-8.0492582321167,9.29719352722168,-2.0875794887542725,0.9104573130607605,4.626987934112549,5.4566755294799805,0.4998692274093628,2.606635808944702,-6.003573417663574,-6.962768077850342,4.109334945678711,15.459258079528809,-4.023251056671143,-0.6368401646614075,-3.531489372253418,-1.656904697418213,5.915821075439453,5.901514053344727,4.980082035064697,10.283486366271973,-13.921971321105957,-13.737656593322754,15.686452865600586,0.009035296738147736,-1.8656444549560547,1.9158614873886108,-0.3718806505203247,0.2098330855369568,0.9268190264701843,1.088855504989624,-0.006345804780721664,0.6342501640319824,-5.694064140319824,-6.627863883972168,5.0356831550598145,3.5745866298675537
456,-7.659705638885498,9.190227508544922,-1.7839449644088745,1.2375333309173584,3.605823278427124,4.091155529022217,-0.8302109837532043,1.5396692752838135,-6.061273574829102,-6.558465003967285,3.988206624984741,14.918201446533203,-4.939863204956055,0.14658337831497192,-3.5496981143951416,-1.612210988998413,6.473431587219238,6.044773101806641,4.568540573120117,10.6984224319458,-14.811456680297852,-14.207907676696777,15.689212799072266,0.0355672687292099,-1.799257755279541,1.9003715515136719,-0.3606574535369873,0.2759028673171997,0.7330449223518372,0.8024412393569946,-0.3183913826942444,0.2687375545501709,-5.932801246643066,-6.664302349090576,4.693787574768066,3.4036269187927246
457,-6.614193439483643,8.572220802307129,-1.83292555809021,1.43154776096344,2.3118369579315186,2.695122718811035,-1.9523239135742188,0.3239689767360687,-5.271410942077637,-6.088409900665283,3.84395432472229,14.275053024291992,-4.82727575302124,-0.43793654441833496,-3.939521074295044,-2.2807016372680664,5.201522350311279,5.518637657165527,8.523547172546387,10.417763710021973,-14.116537094116211,-14.706974983215332,0.09656620025634766,0.08979444950819016,-1.508485198020935,1.7477566003799438,-0.4243343472480774,0.29692214727401733,0.3842238783836365,0.4469459056854248,-0.471613347530365,-0.14432905614376068,-6.180965423583984,-6.6530327796936035,4.374734878540039,3.19087815284729
458,-7.375483989715576,9.321589469909668,-1.407811164855957,2.372927665710449,4.328485012054443,3.042123556137085,-6.798245906829834,-0.9122289419174194,-6.048964500427246,-5.521186351776123,10.787059783935547,12.64351749420166,-5.503767013549805,-1.0967540740966797,-4.343952655792236,-1.9679075479507446,5.902951240539551,4.595450401306152,7.204173564910889,10.142915725708008,-15.018526077270508,-13.719701766967773,-0.01601429283618927,0.05174253135919571,-1.982875943183899,2.0318636894226074,-0.26314836740493774,0.5566836595535278,1.3907673358917236,0.7996770143508911,-1.5989481210708618,-0.2932884693145752,-6.373613357543945,-6.344717025756836,1.2969403266906738,2.5508100986480713
459,-7.1457014083862305,9.65288257598877,-1.0020051002502441,2.2622013092041016,3.9921369552612305,3.325018882751465,-6.056251525878906,-1.7604860067367554,-5.230401992797852,-6.506636619567871,10.425559997558594,11.98051643371582,-3.934187889099121,0.7316539287567139,-4.283440113067627,-1.2560245990753174,5.333613872528076,5.159313201904297,5.9668097496032715,9.790371894836426,-14.130876541137695,-14.814096450805664,0.06349436193704605,-0.021200619637966156,-1.8309801816940308,1.9904991388320923,-0.1744384914636612,0.41475987434387207,0.9712371230125427,0.8195698261260986,-0.9346184730529785,-0.349206805229187,-6.806330680847168,-6.310197830200195,2.1691110134124756,2.529296398162842
460,-7.839815616607666,8.768667221069336,-0.6414418816566467,2.2118008136749268,3.9771838188171387,2.4698827266693115,-5.364099025726318,-2.6878044605255127,-6.189330101013184,-5.351247787475586,9.899792671203613,11.282981872558594,-5.3362321853637695,-0.9930473566055298,-4.841579437255859,-1.0343965291976929,6.1744232177734375,4.053702354431152,4.89225435256958,9.130986213684082,-15.274084091186523,-13.700569152832031,-0.03977418690919876,0.07023894786834717,-1.9440033435821533,1.8428794145584106,-0.09316833317279816,0.4257783591747284,0.962320864200592,0.4719666838645935,-0.8498101830482483,-0.5023790597915649,-6.771350860595703,-6.186340808868408,2.040689706802368,2.3291175365448
461,-7.046243667602539,10.044050216674805,-0.6821044683456421,1.9123239517211914,3.108708381652832,3.179049253463745,-4.526822566986084,-3.411749839782715,-5.027186393737793,-6.438056945800781,9.095417976379395,10.706497192382812,-3.1222658157348633,2.0416080951690674,-4.592138290405273,-0.12729544937610626,5.162838935852051,5.0215067863464355,3.907802104949951,8.531045913696289,-14.176563262939453,-15.241141319274902,0.09913183748722076,-0.05667537450790405,-1.726014494895935,2.188331127166748,-0.17131049931049347,0.33372923731803894,0.6635357737541199,0.8358672857284546,-0.7063568234443665,-0.6054654121398926,-6.8873748779296875,-6.0616326332092285,1.7824578285217285,2.232590436935425
462,-8.081592559814453,8.54572868347168,-0.3210931420326233,1.7863370180130005,3.3630309104919434,2.223130226135254,-4.381195545196533,-4.342554569244385,-6.168673038482666,-4.838592052459717,7.992058277130127,9.902403831481934,-5.125622272491455,-1.4860010147094727,-5.426675796508789,-0.0584280788898468,5.963180065155029,3.436253309249878,2.9960196018218994,7.49323844909668,-15.419992446899414,-13.5157470703125,-0.08734723180532455,0.08705967664718628,-1.9717663526535034,1.8492822647094727,-0.01791955530643463,0.34706225991249084,0.8404811024665833,0.4005480408668518,-0.7804911136627197,-0.7860833406448364,-6.753210067749023,-5.917110919952393,1.517545461654663,1.966156005859375
463,-7.149872779846191,10.881257057189941,-0.4710526466369629,1.4475154876708984,2.463054895401001,3.5263638496398926,-3.6740992069244385,-4.5661940574646,-4.872889518737793,-6.5130615234375,6.074763298034668,9.30941390991211,-2.616198778152466,0.764232337474823,-5.164031028747559,0.920114278793335,4.856010913848877,4.325376987457275,2.1352591514587402,6.6588358879089355,-14.383034706115723,-14.994353294372559,0.02838786318898201,-0.03066680207848549,-1.7463319301605225,2.429659605026245,-0.14107461273670197,0.24461576342582703,0.48432499170303345,0.9853574633598328,-0.6000383496284485,-0.7744721174240112,-6.814648628234863,-5.803286552429199,0.9583122134208679,1.896728754043579
464,-8.556867599487305,10.140536308288574,-0.21076853573322296,1.32405424118042,2.932884693145752,2.9508001804351807,-3.526191234588623,-5.439232349395752,-5.928983211517334,-4.983231067657471,2.643643617630005,8.292411804199219,-4.687813758850098,2.6918201446533203,-5.27938985824585,1.4822731018066406,5.875782012939453,5.130235195159912,1.4437638521194458,5.660246849060059,-15.4596529006958,-15.112529754638672,0.1314476579427719,0.05609309673309326,-2.1051599979400635,2.241427421569824,-0.008184805512428284,0.26291409134864807,0.7627719044685364,0.6214843988418579,-0.656237006187439,-1.0125468969345093,-6.623312950134277,-5.610097885131836,0.07601064443588257,1.5690617561340332
465,-7.188103675842285,8.206439971923828,-0.5612397193908691,1.833508014678955,1.3049540519714355,1.7803354263305664,-2.6540613174438477,-6.039346694946289,-4.773487091064453,-4.804741382598877,-4.8894524574279785,5.8019256591796875,-2.2139322757720947,-0.7926863431930542,-5.2652812004089355,2.038378953933716,4.432892799377441,3.567739486694336,3.645761013031006,4.27147912979126,-14.513360977172852,-14.129040718078613,-9.25798511505127,-0.01284698024392128,-1.6535171270370483,1.6855744123458862,-0.19305838644504547,0.46220213174819946,0.07422476261854172,0.2561611533164978,-0.406187504529953,-1.1214245557785034,-6.46987247467041,-5.445047855377197,-2.101964235305786,0.8443965911865234
466,-9.040761947631836,11.250171661376953,-1.3503855466842651,2.4074859619140625,2.1257176399230957,3.5091378688812256,-1.1242108345031738,-5.480299472808838,-5.753486633300781,-5.795551776885986,-7.097792148590088,1.4935739040374756,-4.776204586029053,1.8782962560653687,-5.071266174316406,2.8844516277313232,5.373826026916504,4.9025678634643555,5.376655578613281,3.2359580993652344,-15.534281730651855,-15.312808990478516,-15.509564399719238,0.07469472289085388,-2.281388282775879,2.7200193405151367,-0.45624035596847534,0.6070106625556946,0.6182926297187805,1.0583868026733398,0.003426138311624527,-0.9340637922286987,-6.557670593261719,-5.688023090362549,-5.119686126708984,-0.2785443663597107
467,-8.445088386535645,10.740375518798828,-1.3546346426010132,1.38999605178833,1.1714346408843994,2.1893012523651123,-1.4235872030258179,-6.910141944885254,-4.720403671264648,-4.609796047210693,-3.9053916931152344,-7.440269470214844,-1.1959662437438965,-0.09214335680007935,-5.193325042724609,3.215055227279663,4.075723171234131,3.7467763423919678,4.886513710021973,5.719341278076172,-9.92489242553711,0.28899383544921875,-15.61868953704834,-11.872697830200195,-2.1908187866210938,2.590904712677002,-0.32532984018325806,0.1681949496269226,0.1430070996284485,0.3415544033050537,-0.2692052125930786,-1.487658143043518,-6.724760055541992,-5.493196964263916,-5.823483467102051,-3.0299136638641357
468,-11.653111457824707,12.235212326049805,0.361467570066452,0.5637615323066711,2.102630615234375,4.4626922607421875,-3.6589436531066895,-4.863685131072998,-10.293984413146973,-19.327098846435547,-4.168251037597656,-5.683227062225342,-3.569814682006836,0.6477422714233398,-5.658450603485107,3.127211093902588,5.068058490753174,4.132931232452393,4.090981960296631,6.034159183502197,-0.5924406051635742,0.020472511649131775,-15.41407299041748,-15.507299423217773,-3.084611654281616,2.840373992919922,0.32046955823898315,0.00541774183511734,0.6241491436958313,1.389469027519226,-0.8990647196769714,-0.5327177047729492,-5.933676719665527,-5.1574530601501465,-5.82558536529541,-4.872280120849609
469,-8.774624824523926,12.286672592163086,1.620969295501709,-1.8435782194137573,3.239610195159912,4.295480251312256,-3.042233467102051,-5.571295738220215,-19.18956184387207,-17.83557891845703,-4.357690811157227,-4.012636184692383,-1.6490345001220703,1.8842617273330688,-5.368471145629883,3.4673166275024414,4.634455680847168,4.644711494445801,3.231886386871338,4.921301364898682,0.049782127141952515,-0.42523878812789917,-15.320772171020508,-15.449657440185547,-1.7810198068618774,2.8696298599243164,0.4147915244102478,-0.6448628306388855,0.988572359085083,0.9946821928024292,-0.4746286869049072,-1.0176398754119873,-5.50440788269043,-4.2967400550842285,-5.1513872146606445,-6.0262017250061035
470,-9.479043960571289,11.661212921142578,2.1921048164367676,-2.2426726818084717,4.062849521636963,4.421836853027344,-2.4844284057617188,-5.003389358520508,-19.387317657470703,-16.921890258789062,-4.43565559387207,-4.4328293800354,-1.1246182918548584,0.671288013458252,-5.482217788696289,3.2871596813201904,4.493595123291016,4.067760467529297,2.528028726577759,3.8391246795654297,0.043705835938453674,-0.01616835594177246,-15.456803321838379,-15.492815971374512,-2.1547017097473145,2.747889995574951,0.439450740814209,-0.4490244388580322,1.1010563373565674,1.098582148551941,-0.3916524648666382,-0.8229504227638245,-5.305822372436523,-4.272324562072754,-5.118539333343506,-6.168908596038818
471,-9.634858131408691,12.54409122467041,2.372980833053589,-2.3919568061828613,4.131589889526367,4.783015251159668,-2.014147996902466,-4.557554721832275,-19.145265579223633,-17.01078987121582,-4.289514541625977,-4.5310235023498535,-1.2483453750610352,3.479231834411621,-4.911750793457031,3.3678956031799316,5.0521650314331055,5.676543712615967,1.9413766860961914,2.9645354747772217,0.09621983021497726,-0.46094655990600586,-15.261549949645996,-15.435837745666504,-2.134766101837158,2.9540886878967285,0.4222145080566406,-0.45207154750823975,0.9930978417396545,1.1698886156082153,-0.32072243094444275,-0.7810766696929932,-5.246040344238281,-4.236461639404297,-5.057855606079102,-6.129635810852051
472,-9.28201961517334,10.673067092895508,2.5674993991851807,-2.923133134841919,3.7679433822631836,2.864407777786255,-1.6433137655258179,-4.656062126159668,-18.955230712890625,-16.44001007080078,-4.436046123504639,-4.667616844177246,-2.241211175918579,1.0265982151031494,-5.321325302124023,2.698786973953247,5.507191181182861,4.295975685119629,1.3995622396469116,1.8240286111831665,-0.014962568879127502,-0.004752367734909058,-15.520238876342773,-15.484636306762695,-2.0070865154266357,2.5312998294830322,0.469677209854126,-0.5919076204299927,0.8716191649436951,0.4406186640262604,-0.2671236991882324,-0.8842191100120544,-5.1114606857299805,-4.173569679260254,-4.958609104156494,-6.266642093658447
473,-8.668571472167969,12.182208061218262,2.24552845954895,-2.8088810443878174,3.1198642253875732,3.4324209690093994,-1.6489137411117554,-4.237165451049805,-18.71000099182129,-16.49694061279297,-4.206309795379639,-4.632937908172607,-1.6554394960403442,3.4165384769439697,-4.649798393249512,2.7399704456329346,5.5472331047058105,5.343409538269043,0.7583932876586914,0.8757711052894592,0.21244485676288605,-0.5037524104118347,-15.230063438415527,-15.368062973022461,-1.9329038858413696,2.920835256576538,0.34235769510269165,-0.5107229948043823,0.6736878752708435,0.8738667368888855,-0.319877028465271,-0.7734492421150208,-5.070555686950684,-4.011748313903809,-5.044356346130371,-6.164903163909912
474,-8.879112243652344,10.708316802978516,2.425368309020996,-3.255337715148926,3.0892767906188965,2.24644136428833,-2.0815353393554688,-4.738329887390137,-18.669645309448242,-15.658039093017578,-4.465473651885986,-4.771243095397949,-2.631657123565674,1.1428834199905396,-5.132481575012207,1.9877674579620361,5.893105983734131,4.241637229919434,0.016414780169725418,-0.40632447600364685,0.025181308388710022,-0.008235931396484375,-15.562690734863281,-15.505049705505371,-1.9949156045913696,2.574836254119873,0.44719839096069336,-0.6550855040550232,0.7598295211791992,0.3773963749408722,-0.4682490825653076,-1.0177258253097534,-4.901780128479004,-3.8188681602478027,-4.997150421142578,-6.248438835144043
475,-8.471879959106445,12.137864112854004,2.298516035079956,-3.202317237854004,2.5409433841705322,2.5726816654205322,-2.096034049987793,-4.763003349304199,-18.342065811157227,-15.483678817749023,-4.172626972198486,-4.614559173583984,-1.8888510465621948,3.59179425239563,-4.137044906616211,2.4026808738708496,6.142818450927734,4.9069905281066895,-0.8926814198493958,-1.604339361190796,0.11467704176902771,-0.510308563709259,-15.358000755310059,-15.547569274902344,-1.9457682371139526,2.920830011367798,0.37524402141571045,-0.6068322062492371,0.5507177114486694,0.6379435658454895,-0.4287654757499695,-1.0107780694961548,-4.855441093444824,-3.5869600772857666,-5.0659074783325195,-6.098987102508545
476,-9.02405071258545,10.749938011169434,2.5629680156707764,-3.991647720336914,2.2837300300598145,1.694399118423462,-2.5975425243377686,-5.866259574890137,-18.04046058654785,-14.301644325256348,-4.367098808288574,-4.568729400634766,-1.7427597045898438,2.157744884490967,-4.009825229644775,1.965632438659668,5.934197902679443,4.168166160583496,-1.975403904914856,-3.327125310897827,-0.0403430312871933,-0.01401570439338684,-15.454896926879883,-15.539669036865234,-2.1012513637542725,2.630776882171631,0.49104517698287964,-0.840513288974762,0.5374927520751953,0.2758336663246155,-0.6165035963058472,-1.4676704406738281,-4.599925994873047,-3.2675726413726807,-5.062502861022949,-6.122886657714844
477,-9.248747825622559,11.54292106628418,2.430464029312134,-3.915588617324829,2.0280275344848633,1.8055546283721924,-2.553027391433716,-5.771372318267822,-17.543779373168945,-13.970459938049316,-4.288703441619873,-4.548023223876953,-2.6566262245178223,3.937286853790283,-3.829177141189575,1.379313588142395,6.465370178222656,4.892877578735352,-2.985595941543579,-4.949134826660156,-0.09458683431148529,-0.4654383957386017,-15.421631813049316,-15.534333229064941,-2.1219284534454346,2.810300350189209,0.4155592918395996,-0.7383244037628174,0.460909903049469,0.4298613667488098,-0.55644291639328,-1.3745532035827637,-4.445172309875488,-3.079716920852661,-5.099532604217529,-5.968563556671143
478,-8.812604904174805,10.567071914672852,2.5202763080596924,-4.375927448272705,1.1870388984680176,0.7423588037490845,-3.007218599319458,-6.920869827270508,-16.601842880249023,-12.514312744140625,-4.323476314544678,-4.508567810058594,-1.6216325759887695,2.4146549701690674,-3.5983598232269287,0.8011038303375244,5.472026348114014,4.1611104011535645,-4.302517890930176,-7.082406520843506,-0.035126738250255585,-0.02332913875579834,-15.336322784423828,-15.40997314453125,-2.030503988265991,2.641507148742676,0.46078526973724365,-0.9160819053649902,0.16718578338623047,0.016049154102802277,-0.7548944354057312,-2.0099525451660156,-3.934746026992798,-2.6576101779937744,-5.096652984619141,-5.792937278747559
479,-9.616133689880371,11.214658737182617,2.4583470821380615,-3.762565851211548,1.2108956575393677,1.070742130279541,-3.3836686611175537,-6.405474662780762,-15.62062931060791,-11.800551414489746,-4.416627883911133,-4.578226089477539,-2.2790825366973877,3.5974552631378174,-3.3642611503601074,0.14559955894947052,5.578183174133301,4.607107162475586,-5.632032871246338,-9.024014472961426,-0.0035266377963125706,-0.40118512511253357,-15.276557922363281,-15.34880542755127,-2.2582428455352783,2.7078113555908203,0.43507295846939087,-0.6682488322257996,0.2921214699745178,0.2963681221008301,-0.8810641765594482,-1.766506314277649,-3.5363223552703857,-2.424236297607422,-5.14398193359375,-5.621631145477295
480,-9.39406967163086,10.42094612121582,2.639462471008301,-3.879359722137451,0.6072410941123962,0.42153459787368774,-3.9511680603027344,-7.058922290802002,-14.105712890625,-10.076033592224121,-4.458061218261719,-4.559291362762451,-2.530853748321533,2.5002007484436035,-3.1372077465057373,-0.6049025654792786,5.470870494842529,4.184739589691162,-7.242481231689453,-11.312271118164062,-0.27521926164627075,0.0060894303023815155,-15.129611015319824,-15.149663925170898,-2.1759073734283447,2.5411911010742188,0.5004740357398987,-0.8060356974601746,0.05113493651151657,0.00023690517991781235,-1.1142312288284302,-2.4419167041778564,-2.951545476913452,-1.9578477144241333,-5.068241119384766,-5.369329929351807
481,-9.510547637939453,10.781949043273926,2.6584787368774414,-3.5123603343963623,0.06501173228025436,0.4549068808555603,-4.36488151550293,-7.025163650512695,-12.078585624694824,-8.02646541595459,-4.588627815246582,-4.641402244567871,-2.592899799346924,2.7377448081970215,0.1542929857969284,-1.413366675376892,4.978787899017334,4.184731483459473,-8.141440391540527,-13.63747501373291,-0.30509889125823975,-0.2856590449810028,-15.320676803588867,-15.417329788208008,-2.2668871879577637,2.570404529571533,0.48771148920059204,-0.6848459839820862,-0.07290495187044144,0.10977936536073685,-1.300055742263794,-2.659069538116455,-2.387176752090454,-1.338881492614746,-5.0675435066223145,-5.071893692016602
482,-9.74467945098877,11.106817245483398,1.3461194038391113,-2.6384167671203613,-0.35359635949134827,0.17268256843090057,-5.105844497680664,-6.967662334442139,-8.88058090209961,-4.770328044891357,-4.38261604309082,-4.2818169593811035,-2.343228578567505,2.1131882667541504,0.5088751912117004,-1.954637050628662,4.719028472900391,3.9416897296905518,-10.143379211425781,-16.021944046020508,-0.06683050096035004,0.0020526419393718243,-15.642784118652344,-15.438484191894531,-2.347432851791382,2.7930314540863037,0.13004498183727264,-0.446219801902771,-0.11175138503313065,-0.003592931665480137,-1.6287997961044312,-3.1436264514923096,-1.4142076969146729,-0.5456355810165405,-4.969908714294434,-4.828780651092529
483,-10.515275955200195,11.090106964111328,1.3431150913238525,-2.049100160598755,-0.6536260843276978,0.6723076701164246,-5.403934478759766,-6.536108016967773,-4.291311264038086,1.4782028198242188,-4.037193298339844,-4.094654083251953,-2.9878008365631104,2.786559581756592,0.6011432409286499,-2.462834119796753,4.814526557922363,4.507935523986816,-12.29538631439209,-18.36223030090332,0.014786857180297375,1.4364919662475586,-15.37252426147461,-14.522293090820312,-2.62087082862854,2.5774013996124268,0.27531129121780396,-0.36206185817718506,-0.14794087409973145,0.2313160002231598,-1.8775683641433716,-3.482369899749756,-0.23305156826972961,1.161068081855774,-4.825790882110596,-4.409919261932373
484,-10.404156684875488,10.290115356445312,1.3856490850448608,-1.77105712890625,-0.6029534339904785,0.6849098205566406,-5.718824863433838,-5.9994797706604,4.333175182342529,9.331589698791504,-4.1439313888549805,-4.434276580810547,-1.822361946105957,2.5269646644592285,0.6051582098007202,-2.8896939754486084,4.919386386871338,4.5539631843566895,-14.51432991027832,-20.042125701904297,4.525715351104736,11.22411823272705,-15.328856468200684,-13.872028350830078,-2.55493426322937,2.372548818588257,0.2894994020462036,-0.35142648220062256,-0.09794528037309647,0.16543757915496826,-2.3044276237487793,-4.027648448944092,2.1597273349761963,3.818145513534546,-4.430784225463867,-3.51880145072937
485,-10.414837837219238,8.437374114990234,1.9877227544784546,-1.4782590866088867,-0.697446882724762,1.108963131904602,-5.937328815460205,-5.313734531402588,10.350181579589844,7.194461345672607,-3.765205144882202,-3.743001937866211,-0.7354334592819214,-0.3808319866657257,0.7406101822853088,-3.2700741291046143,4.052695274353027,2.394615650177002,-16.74306869506836,-20.90387725830078,14.983237266540527,15.725422859191895,-15.340629577636719,-12.325296401977539,-2.3288052082061768,1.6193983554840088,0.4894115924835205,-0.2882593274116516,-0.13054972887039185,0.3286783695220947,-2.8326175212860107,-3.997725486755371,5.506130218505859,6.3149847984313965,-3.4701521396636963,-2.016463279724121
486,-9.004805564880371,5.001540184020996,3.342461109161377,-1.4865998029708862,-2.6368911266326904,0.11940458416938782,-5.497176170349121,-4.911686897277832,4.691195011138916,4.0302886962890625,-2.741281032562256,-2.568589448928833,0.709233820438385,0.10764554142951965,1.6437458992004395,-3.254499912261963,2.253726005554199,1.55680251121521,-18.69694709777832,-21.184701919555664,15.103628158569336,14.61606502532959,-13.910273551940918,-9.58508014678955,-1.6649583578109741,0.41937556862831116,0.8820012211799622,-0.33848053216934204,-0.6998598575592041,-0.13101261854171753,-2.9285943508148193,-3.9768831729888916,7.923040390014648,6.03158712387085,-1.841318130493164,-0.6060693860054016
487,-3.9991376399993896,0.2149859219789505,4.144139766693115,-2.7986156940460205,-3.601248025894165,-2.746370792388916,-4.687440395355225,-4.378736972808838,5.008121490478516,5.237931728363037,-2.033567190170288,1.8108168840408325,0.7683934569358826,-0.789746880531311,2.2038161754608154,-3.527865171432495,3.492398977279663,1.1744279861450195,-19.495359420776367,-21.404138565063477,15.7467622756958,15.474352836608887,-11.950839042663574,-3.1052091121673584,-0.0716538354754448,-0.5896956920623779,1.019986867904663,-0.8321815729141235,-0.8150030374526978,-0.8985223174095154,-2.7482573986053467,-3.2024338245391846,7.1871490478515625,5.721317768096924,-0.6618843674659729,1.3304588794708252
488,1.728184700012207,-4.586179733276367,4.184724807739258,-3.6698081493377686,-5.140559673309326,-4.700230598449707,-4.244598865509033,-3.93194842338562,4.502292633056641,4.452096939086914,2.279327154159546,13.82402229309082,2.3687186241149902,-3.562988519668579,2.2583346366882324,-3.1706180572509766,0.06159393489360809,-1.8389085531234741,-19.95320701599121,-22.44283103942871,15.677336692810059,15.697846412658691,-5.779000282287598,14.532411575317383,1.13357675075531,-1.6650093793869019,0.9326906800270081,-0.9813064932823181,-1.108778476715088,-1.1841702461242676,-2.60335111618042,-2.8786122798919678,7.130854606628418,5.616613388061523,1.3996202945709229,5.356332302093506
489,5.314579486846924,-6.157484531402588,3.578096866607666,-3.7915093898773193,-3.0513432025909424,-6.635880470275879,-2.6830875873565674,-1.9846863746643066,4.591404914855957,4.330125331878662,16.104595184326172,4.312098026275635,5.280098915100098,-6.239692211151123,1.7787407636642456,-4.208259582519531,-2.184239387512207,-5.59724760055542,-20.08779525756836,-21.13136863708496,15.687479019165039,15.691831588745117,13.458329200744629,15.670662879943848,1.7649145126342773,-1.7806832790374756,0.6923652291297913,-0.8681062459945679,-0.4018635153770447,-1.841511607170105,-1.064552903175354,-0.7933400869369507,6.795321464538574,6.045434474945068,5.841766357421875,4.781425952911377
490,4.3941330909729,-2.1346404552459717,3.417611837387085,-4.656711578369141,-3.8029189109802246,-6.9292168617248535,-1.8484634160995483,0.8020554184913635,4.690206527709961,4.4302568435668945,4.6545186042785645,3.7776784896850586,7.236786842346191,-7.321455955505371,2.8085312843322754,-5.629327774047852,-4.630799770355225,-8.927997589111328,-19.776357650756836,-19.467880249023438,15.698861122131348,15.65640926361084,15.615541458129883,15.659435272216797,1.023026704788208,0.03360685706138611,0.7001079320907593,-1.2694668769836426,-0.9745401740074158,-2.009039878845215,-0.7987313270568848,1.2242639064788818,7.733109474182129,6.393162250518799,3.6222269535064697,4.900151252746582
491,2.1750049591064453,-1.6279243230819702,4.538275718688965,-3.075652837753296,-7.65385103225708,-8.996197700500488,7.931360721588135,15.585209846496582,4.681895732879639,4.5394978523254395,3.781611680984497,4.066044330596924,7.994451999664307,-7.7426934242248535,4.121745586395264,-6.156282901763916,-8.277175903320312,-12.607584953308105,-15.092239379882812,-12.903651237487793,15.679264068603516,15.67457389831543,15.621528625488281,15.646819114685059,0.24417901039123535,-0.35870233178138733,1.2101876735687256,-0.5416370034217834,-2.7424018383026123,-3.7731666564941406,2.5637080669403076,3.7083122730255127,7.327441215515137,6.635424613952637,5.264102458953857,5.484957695007324
492,1.706889271736145,0.21325021982192993,4.055634021759033,-3.2477805614471436,-9.978428840637207,-7.802816867828369,16.434114456176758,20.457963943481445,4.689791679382324,4.534069061279297,4.069248199462891,4.169173717498779,8.51102352142334,-6.91056489944458,4.719494819641113,-6.251482009887695,-12.543808937072754,-15.328027725219727,-7.795129299163818,-5.81132698059082,15.682960510253906,15.62246322631836,15.530759811401367,15.618563652038574,0.39385414123535156,0.34397509694099426,0.9102054238319397,-0.8661946654319763,-4.261061191558838,-3.180811882019043,3.567500114440918,4.541595935821533,7.193449020385742,6.522918701171875,5.418486595153809,5.391152858734131
493,1.232374668121338,3.4342002868652344,2.9450666904449463,-3.8267970085144043,-9.627372741699219,-5.642032623291016,17.866107940673828,19.98394775390625,4.661701679229736,4.599213123321533,4.258772373199463,4.165699005126953,8.31705093383789,-5.255495071411133,4.036659240722656,-6.3376288414001465,-16.32882308959961,-17.003944396972656,-0.6497809290885925,0.39319270849227905,15.679049491882324,15.614848136901855,15.505766868591309,15.600090026855469,0.26312124729156494,0.919945240020752,0.5400502681732178,-1.0844409465789795,-4.915645599365234,-2.187248706817627,4.039046764373779,4.934009075164795,7.0300703048706055,6.56427526473999,5.361027717590332,5.1036553382873535
494,0.675556480884552,5.325389862060547,3.7897098064422607,-3.4631354808807373,-8.399434089660645,-4.299502849578857,17.05069351196289,17.859670639038086,4.642521858215332,4.618890762329102,4.387025833129883,4.126431465148926,7.532583713531494,-3.3800764083862305,3.3659117221832275,-6.130527496337891,-19.185091018676758,-18.203510284423828,5.269054412841797,5.264533996582031,15.656736373901367,15.621953010559082,15.525956153869629,15.608792304992676,0.08207780867815018,1.1619747877120972,1.0083844661712646,-0.8266921639442444,-5.642064094543457,-1.8512870073318481,4.926884174346924,5.272938251495361,6.918133735656738,6.614750862121582,5.644680500030518,4.927822589874268
495,0.2218271791934967,5.654424667358398,6.069061279296875,-1.8911415338516235,-7.099773406982422,-3.748669385910034,15.283491134643555,15.495866775512695,4.640961647033691,4.611950397491455,4.4626665115356445,4.055138111114502,6.255928039550781,-2.0239059925079346,3.8462302684783936,-5.337979316711426,-20.28949737548828,-18.51624870300293,9.202799797058105,8.65816879272461,15.68204402923584,15.59942626953125,15.678337097167969,15.707799911499023,-0.02584313601255417,1.1102160215377808,1.7738590240478516,-0.20683801174163818,-6.222590446472168,-1.9484211206436157,5.746822834014893,5.416970252990723,6.795310974121094,6.584689617156982,5.915068626403809,4.775196552276611
496,0.5921000838279724,4.750559329986572,8.118163108825684,0.5780318975448608,-6.5506134033203125,-3.6161301136016846,13.652121543884277,13.693926811218262,4.574958801269531,4.604212760925293,4.352150917053223,3.9326629638671875,5.739713191986084,0.2012706995010376,5.708024501800537,-3.8673877716064453,-20.7778377532959,-18.95108413696289,11.769268035888672,11.05407428741455,15.700005531311035,15.57619571685791,15.60911750793457,15.615221977233887,0.20983955264091492,0.81398606300354,2.3747990131378174,0.48198068141937256,-6.264915466308594,-1.976290225982666,6.247241497039795,5.5931010246276855,6.579492568969727,6.37622594833374,5.928287029266357,4.746377944946289
497,1.9370988607406616,3.217292070388794,8.903719902038574,4.17173957824707,-6.214186191558838,-2.50921368598938,12.426957130432129,12.341897010803223,4.526031494140625,4.5886759757995605,4.406503200531006,4.035433769226074,6.435434818267822,2.759451150894165,8.765005111694336,-0.9645419120788574,-20.930992126464844,-19.269311904907227,13.34772777557373,12.661073684692383,15.691323280334473,15.5988130569458,15.605528831481934,15.676054954528809,0.7033826112747192,0.4878937900066376,2.677974224090576,1.191689372062683,-5.9529829025268555,-1.021048903465271,6.6686272621154785,5.7075581550598145,6.478693962097168,6.209471702575684,5.76861572265625,4.866984844207764
498,3.73886775970459,2.5949347019195557,9.068843841552734,8.186040878295898,-5.7868757247924805,5.429483413696289,11.573235511779785,11.27537727355957,4.46003532409668,4.537897109985352,4.319322109222412,4.032185077667236,8.226326942443848,5.4944610595703125,12.325554847717285,2.9233899116516113,-21.0062255859375,-17.61389923095703,14.343018531799316,13.68182373046875,15.695103645324707,15.649765968322754,15.503483772277832,15.586709022521973,1.2981053590774536,0.5225620269775391,3.226487159729004,2.323498249053955,-4.890542984008789,2.1439855098724365,6.819905757904053,5.538077354431152,6.081620216369629,6.138192176818848,5.362067699432373,5.041332721710205
499,3.680988073348999,3.914177417755127,9.11021614074707,10.383155822753906,-3.619011640548706,21.382286071777344,10.517087936401367,10.04971694946289,4.420526027679443,4.487976551055908,4.3250932693481445,4.236279010772705,10.080137252807617,6.561668872833252,15.737482070922852,6.857478618621826,-20.446420669555664,-11.247830390930176,14.513727188110352,14.143694877624512,15.69896411895752,15.606056213378906,15.56196403503418,15.645349502563477,1.0726063251495361,1.2433784008026123,4.377026081085205,3.1892900466918945,-1.5098515748977661,6.128785133361816,5.659854412078857,4.6226983070373535,6.048375129699707,6.214951992034912,5.128450393676758,5.4730610847473145
