step,tau_0,tau_1,tau_2,tau_3,tau_4,tau_5,tau_6,tau_7,tau_8,tau_9,tau_10,tau_11,vel_0,vel_1,vel_2,vel_3,vel_4,vel_5,vel_6,vel_7,vel_8,vel_9,vel_10,vel_11,act_0,act_1,act_2,act_3,act_4,act_5,act_6,act_7,act_8,act_9,act_10,act_11
0,7.430183410644531,-7.1675496101379395,13.182847023010254,-10.456625938415527,-8.18364143371582,-6.381587982177734,13.680252075195312,13.03283405303955,7.875905513763428,7.446651935577393,21.247098922729492,19.535911560058594,5.488876819610596,-4.359969615936279,11.269506454467773,-7.038620471954346,-0.7708091735839844,-0.01898689940571785,9.731903076171875,10.656451225280762,0.22207731008529663,0.49285998940467834,-1.4691786766052246,-3.137058973312378,4.390295028686523,-4.8593292236328125,4.581628799438477,-3.0826728343963623,-4.689866542816162,-1.8918324708938599,7.2286458015441895,6.473204135894775,3.570798873901367,3.4775617122650146,5.9532575607299805,4.750459671020508
1,5.6259565353393555,-6.819135665893555,3.277998208999634,-1.9397587776184082,-7.484147071838379,2.029088258743286,11.239870071411133,9.766563415527344,6.849808216094971,7.206910610198975,17.779029846191406,17.241926193237305,14.922176361083984,-9.9984130859375,17.507539749145508,-11.455700874328613,-8.15799617767334,-0.7266606092453003,15.651938438415527,16.314083099365234,5.198165416717529,4.26521110534668,4.721046447753906,0.8177974820137024,4.764139652252197,-6.269420623779297,0.9826619625091553,-0.23210467398166656,-7.665194034576416,0.7389465570449829,5.987008094787598,4.876805782318115,2.4181432723999023,2.73024845123291,5.420408248901367,4.020834445953369
2,2.9451818466186523,-4.608745098114014,1.087847352027893,3.655109167098999,-5.326259136199951,-3.656301736831665,8.337628364562988,5.904643535614014,3.7652153968811035,5.468118667602539,10.512594223022461,13.798303604125977,21.04644775390625,-18.65280532836914,18.836341857910156,-9.666067123413086,-13.40584945678711,-7.890124797821045,15.63795280456543,18.601213455200195,14.188738822937012,11.951282501220703,12.076131820678711,4.3191118240356445,2.8832950592041016,-4.441130638122559,0.4689333140850067,0.7442029714584351,-6.822127819061279,-1.2401388883590698,4.421130180358887,3.252502918243408,4.351831436157227,4.812140941619873,4.868537425994873,3.896693706512451
3,0.6006179451942444,-2.958719253540039,1.9547804594039917,6.20749044418335,-5.186202049255371,-4.821846961975098,8.689916610717773,4.513769626617432,1.9764586687088013,1.983940839767456,4.068803787231445,12.062103271484375,19.12340545654297,-17.072240829467773,16.74587059020996,-2.1701087951660156,-12.899441719055176,-11.341797828674316,16.45989227294922,20.082008361816406,15.700004577636719,15.695962905883789,15.699980735778809,13.556968688964844,0.10568678379058838,-2.2634077072143555,1.0394949913024902,1.1325855255126953,-6.395290851593018,-2.401526689529419,4.883462905883789,2.618429183959961,5.820174217224121,7.136026859283447,4.663182258605957,4.058753490447998
4,-7.195895195007324,-2.017920732498169,2.3318986892700195,4.497480392456055,-5.342169284820557,-4.827250003814697,7.857754707336426,3.907485008239746,1.986063003540039,1.9909541606903076,3.901413917541504,3.5606212615966797,10.694765090942383,-15.748736381530762,14.002574920654297,3.2348649501800537,-12.623490333557129,-13.00704574584961,17.36318016052246,19.746627807617188,15.69992733001709,15.6951322555542,15.687844276428223,15.700004577636719,-1.4481900930404663,-0.7874828577041626,0.9627403020858765,0.9335181713104248,-6.26897668838501,-2.769118070602417,4.759847640991211,2.5504653453826904,5.933816909790039,7.7318644523620605,4.696381568908691,4.038733005523682
5,-2.140883207321167,-0.25081175565719604,0.5035383701324463,1.2474738359451294,-4.993655681610107,-4.710504531860352,7.40036153793335,4.583827018737793,1.9863619804382324,1.9935158491134644,3.884093999862671,3.7302119731903076,6.669885158538818,-13.316192626953125,11.119657516479492,4.113855838775635,-14.619187355041504,-14.059884071350098,18.251495361328125,18.55833625793457,15.70000171661377,15.70000171661377,15.698589324951172,15.68120002746582,-0.21772611141204834,0.05115122348070145,0.023942917585372925,0.16283158957958221,-6.650990009307861,-3.2350668907165527,4.8594255447387695,2.8311455249786377,5.701887130737305,8.352384567260742,4.657394886016846,4.3751540184021
6,-3.989034652709961,4.011907577514648,-0.44053220748901367,-0.8473933339118958,-4.538506984710693,-4.56569242477417,7.047539710998535,5.1344218254089355,1.9853286743164062,1.993755578994751,3.907058000564575,3.7707762718200684,-0.8022996187210083,-11.701598167419434,2.757107734680176,0.05886852741241455,-17.01420783996582,-13.615589141845703,14.979320526123047,13.989717483520508,15.533069610595703,15.638152122497559,15.672412872314453,15.624853134155273,-0.811591386795044,0.7553443908691406,-0.11211326718330383,-0.235194131731987,-6.465925693511963,-3.455172061920166,5.017067909240723,2.897174835205078,5.563931465148926,8.253888130187988,4.733432292938232,4.427142143249512
7,0.2647417485713959,6.568418979644775,-0.6791574954986572,-0.8586465716362,-3.8643300533294678,-4.644686222076416,9.510364532470703,7.807275772094727,1.9852712154388428,2.0012881755828857,4.090497970581055,4.083023548126221,-2.4334144592285156,-6.797094821929932,0.9483347535133362,0.328311026096344,-17.522859573364258,-14.925700187683105,16.9367618560791,15.011225700378418,15.700002670288086,15.700037002563477,15.692676544189453,15.688894271850586,0.19230246543884277,1.2461562156677246,-0.14101508259773254,-0.1741703897714615,-7.954192638397217,-3.924710273742676,6.731632709503174,3.7532825469970703,5.573732376098633,7.80199670791626,5.246204853057861,5.297691822052002
8,-0.5386567115783691,5.026622772216797,-3.703914165496826,-3.917729616165161,-3.8445115089416504,-4.479817867279053,8.710399627685547,8.026891708374023,1.9851365089416504,2.2099015712738037,4.243477821350098,4.181670665740967,-3.984464645385742,0.411655992269516,-0.8455561399459839,-1.2668604850769043,-17.696401596069336,-15.408924102783203,18.003494262695312,15.439486503601074,15.700004577636719,15.698204040527344,15.687110900878906,15.690951347351074,-0.14876508712768555,1.129964828491211,-0.8343451023101807,-0.8794537782669067,-8.494912147521973,-3.611940383911133,6.840331077575684,4.026232719421387,5.5564093589782715,7.1418914794921875,5.395350456237793,5.4456892013549805
9,2.4252288341522217,1.3385783433914185,-5.915219306945801,-6.871489524841309,-3.6777899265289307,-4.10706090927124,8.31885051727295,8.254556655883789,1.9879621267318726,1.9950037002563477,4.223582744598389,4.166350841522217,-6.97520637512207,-2.7194619178771973e-06,-5.2305684089660645,-7.750741481781006,-18.19461441040039,-16.13671112060547,18.334957122802734,16.084606170654297,15.68359375,15.560850143432617,15.702906608581543,15.570127487182617,0.5199006795883179,0.12386579066514969,-1.507250189781189,-1.910136103630066,-9.359221458435059,-3.223480701446533,7.073883056640625,4.558726787567139,5.871152877807617,6.564365863800049,5.523529052734375,5.296834945678711
10,2.105931520462036,-0.8564261794090271,-5.805089473724365,-6.581911563873291,-3.7264223098754883,-3.359980821609497,8.685505867004395,8.934797286987305,2.267449378967285,1.990988850593567,4.220122814178467,4.518617153167725,-6.644030570983887,1.0387415885925293,-4.806156158447266,-8.9216947555542,-18.12969398498535,-16.491804122924805,17.079683303833008,15.068615913391113,15.674551963806152,15.700003623962402,15.565225601196289,15.63007640838623,0.331027626991272,-0.25451523065567017,-1.4558933973312378,-1.989732027053833,-7.652623653411865,-1.936921238899231,6.5992631912231445,5.141519069671631,6.58801794052124,6.450931549072266,5.2498979568481445,4.900910377502441
11,-0.564060628414154,-3.140106678009033,-5.0011372566223145,-6.3334856033325195,-2.114426851272583,7.809945583343506,8.651673316955566,8.899383544921875,2.051966667175293,2.0094387531280518,4.210854530334473,3.7797911167144775,-9.742759704589844,-5.137920379638672e-05,-6.889430046081543,-13.07724380493164,-18.323694229125977,-13.283679008483887,16.990299224853516,15.656905174255371,15.700002670288086,15.161076545715332,15.822687149047852,15.58988094329834,-0.2520931363105774,-0.7594229578971863,-1.257737398147583,-2.217148780822754,-1.0154248476028442,2.1561989784240723,5.627815246582031,4.720250606536865,7.201501846313477,5.791010856628418,5.517571449279785,4.335920810699463
12,-1.0427336692810059,0.6001409292221069,-1.2554584741592407,-3.5892326831817627,10.64638900756836,11.432621002197266,2.4634881019592285,1.2847905158996582,2.015254497528076,2.642542600631714,4.10207986831665,3.5575177669525146,-12.269682884216309,0.32202813029289246,-6.829234600067139,-15.016616821289062,-9.837599754333496,-5.375178337097168,15.052726745605469,13.48910140991211,-0.0005922726122662425,5.050601959228516,15.688135147094727,15.638853073120117,-0.36270713806152344,0.26490122079849243,-0.14961770176887512,-1.257893681526184,7.701086521148682,5.232411861419678,0.5075830221176147,-0.08798143267631531,5.09268856048584,4.545971870422363,5.07514762878418,3.679755687713623
13,6.194361209869385,2.1718740463256836,-1.9816558361053467,11.294368743896484,10.110872268676758,8.938363075256348,-4.4603424072265625,-14.467185020446777,-2.956249475479126,-4.050221920013428,19.785842895507812,3.582127332687378,-6.3664164543151855,5.045300483703613,-2.276475429534912,-8.440394401550293,-0.9688776731491089,4.302046298980713,16.5430908203125,5.64985990524292,-15.700007438659668,-15.6580171585083,-1.246070496563334e-06,15.636877059936523,1.3618687391281128,0.5478284955024719,-0.4982543885707855,2.313403844833374,9.061708450317383,5.644610404968262,-0.8732319474220276,-3.062802791595459,-12.949151992797852,-14.769475936889648,5.908877372741699,4.046212673187256
14,5.285301685333252,-3.72969651222229,1.0007396936416626,8.362369537353516,8.858972549438477,7.080725193023682,-14.46602725982666,0.12369980663061142,-1.8919622898101807,-1.9152989387512207,16.295665740966797,4.0097479820251465,1.0016885995864868,7.862782955169678,1.3491101264953613,-2.919140338897705,2.5279910564422607,6.5749359130859375,11.111172676086426,8.0513277053833,-15.700006484985352,-15.635778427124023,5.590118234977126e-08,-0.0013907970860600471,1.0928623676300049,-0.8774623870849609,0.32492515444755554,1.4446566104888916,8.703707695007324,3.1668317317962646,-2.441347599029541,0.4507632851600647,-7.6791229248046875,-11.511635780334473,3.770739793777466,5.075943470001221
15,-3.8915345668792725,1.9307968616485596,3.0002083778381348,7.407654762268066,7.8650407791137695,6.464419841766357,-11.015339851379395,-6.088267803192139,-1.9764021635055542,-1.6069259643554688,15.742151260375977,16.533952713012695,2.786928653717041,6.123104572296143,3.7340238094329834,1.5717393159866333,5.9138665199279785,6.754485607147217,6.334300994873047,5.275886535644531,-15.687586784362793,-15.407207489013672,-0.009222853928804398,-0.0006604233058169484,-1.1806658506393433,0.7849703431129456,0.7544230222702026,1.509339690208435,8.714914321899414,3.1110966205596924,-1.7282459735870361,-1.2082011699676514,-6.936504364013672,-9.426898002624512,3.7787396907806396,3.983266830444336
16,-5.45108699798584,5.6854119300842285,0.6765452027320862,4.873918056488037,6.8773579597473145,6.186706066131592,-12.115254402160645,-4.996796607971191,-1.9910228252410889,-2.094331741333008,14.559853553771973,14.14028263092041,2.1322638988494873,7.634390354156494,4.804876327514648,4.852086544036865,9.059060096740723,8.005059242248535,1.826033115386963,3.148463249206543,-15.694786071777344,-15.597578048706055,-0.005463854409754276,-0.00025416171411052346,-1.2053302526474,2.6986241340637207,0.06295520067214966,1.043639898300171,8.513821601867676,2.5841267108917236,-2.405880928039551,-0.8664459586143494,-6.225205421447754,-7.614516258239746,3.3296005725860596,3.1296920776367188
17,-7.287171363830566,6.141572952270508,-0.6301952004432678,4.577906131744385,5.933469772338867,4.549910545349121,-9.866348266601562,-5.718095779418945,-1.9907331466674805,-2.0376241207122803,13.22995662689209,11.963180541992188,-0.7235369682312012,9.097832679748535,4.650941848754883,7.3100714683532715,12.139339447021484,8.72529125213623,-1.9948461055755615,0.8938125371932983,-15.694851875305176,-15.595719337463379,-0.005681111477315426,-0.0002789889113046229,-2.1014962196350098,3.415943145751953,-0.15962010622024536,1.1852271556854248,7.7019758224487305,1.4182249307632446,-2.0817062854766846,-1.1294591426849365,-5.935135841369629,-7.178651809692383,2.9201414585113525,2.528271198272705
18,-9.181574821472168,5.874435901641846,-2.6716654300689697,4.305873870849609,8.816572189331055,1.5591278076171875,-6.860388278961182,-5.1251444816589355,-7.584014415740967,-2.053643226623535,11.125910758972168,10.15186882019043,8.787178993225098,10.342270851135254,2.8457772731781006,8.306224822998047,2.245692491531372,8.508453369140625,-4.37799596786499,-1.111621379852295,-10.448493003845215,-15.526548385620117,0.012998774647712708,-0.13823190331459045,-2.104752540588379,3.7223517894744873,-0.5362743139266968,1.249166488647461,6.0363545417785645,0.28231823444366455,-1.5300540924072266,-1.0449674129486084,-5.936298370361328,-7.237494468688965,2.3130745887756348,2.0893449783325195
19,-10.251338005065918,5.875369548797607,-5.362966537475586,4.510001182556152,7.770595073699951,3.6044585704803467,-8.845170021057129,-5.155548095703125,-2.373933792114258,-2.037294626235962,9.763992309570312,9.612043380737305,4.232924938201904,10.364791870117188,-0.5661816000938416,8.48429012298584,3.739619016647339,9.241249084472656,-7.706493377685547,-3.2584166526794434,-13.237881660461426,-15.542622566223145,-0.005828638095408678,-0.0005087982281111181,-3.878913402557373,4.206048011779785,-1.1645278930664062,1.2912112474441528,7.402952671051025,1.3237947225570679,-2.5618176460266113,-1.150475025177002,-5.4872236251831055,-6.689570426940918,2.0158162117004395,2.0170493125915527
20,-9.728042602539062,8.07589340209961,-5.802485942840576,3.7363595962524414,8.163497924804688,-0.011028191074728966,-6.965288162231445,-1.699069857597351,-3.0735228061676025,-4.551110744476318,5.931990146636963,8.670185089111328,3.1021406650543213,1.6305973529815674,-3.4111080169677734,8.658527374267578,3.1065595149993896,2.861506462097168,-10.846138000488281,-4.330333232879639,-13.629301071166992,-13.26562786102295,-0.025862306356430054,0.008828174322843552,-3.4132742881774902,4.5450639724731445,-1.3409737348556519,1.0034128427505493,6.364399433135986,-0.1976841688156128,-2.122465133666992,-0.25433987379074097,-5.50244140625,-7.098178386688232,1.0594967603683472,1.7769427299499512
21,-9.399523735046387,8.466593742370605,-4.738108158111572,2.6117606163024902,8.099864959716797,2.3676321506500244,-1.493579387664795,0.585737943649292,-2.790436267852783,-2.4940693378448486,1.6643800735473633,6.952646255493164,1.9560251235961914,1.663010835647583,-5.158656597137451,8.502150535583496,3.884593963623047,3.722226858139038,-11.711923599243164,-4.27155876159668,-14.11219596862793,-14.372966766357422,0.018235374242067337,0.007518451195210218,-3.280015468597412,4.629225730895996,-1.0975831747055054,0.6794613599777222,6.774806499481201,0.6642047762870789,-0.1879856288433075,0.19643831253051758,-5.341766357421875,-7.208477020263672,0.1706366240978241,1.3615111112594604
22,-9.168704986572266,8.81897258758545,-3.9070777893066406,2.270608425140381,7.926616668701172,1.871275544166565,-0.023920610547065735,1.8523019552230835,-2.659817695617676,-2.6608171463012695,-3.014070510864258,0.24533456563949585,-0.7928318977355957,-1.6037876605987549,-7.689835548400879,6.8788371086120605,3.706941843032837,2.8072731494903564,-7.737581729888916,-4.017552375793457,-14.435222625732422,-14.719554901123047,-15.02817440032959,-0.9948332905769348,-3.647904396057129,5.183143615722656,-0.9297442436218262,0.6044241189956665,6.711826801300049,0.41584908962249756,0.08437064290046692,0.3702780604362488,-5.107784271240234,-6.966545104980469,-4.167987823486328,-0.20647984743118286
23,-8.663756370544434,9.650729179382324,-0.4529615044593811,1.704226016998291,7.958063125610352,4.8156538009643555,-0.11468737572431564,0.0511675588786602,-2.4642903804779053,-2.6422574520111084,-4.173274993896484,-3.2811591625213623,-0.968733012676239,-1.0875952243804932,-7.679309844970703,7.027507305145264,4.270962715148926,3.0952789783477783,-8.164241790771484,0.25268304347991943,-14.707792282104492,-14.439250946044922,-15.647309303283691,-15.65604019165039,-4.145236968994141,6.222418785095215,0.035361722111701965,0.4003462791442871,7.378229141235352,1.3676886558532715,-0.035838186740875244,-0.04987001419067383,-4.598371505737305,-6.54008674621582,-5.9875664710998535,-4.595572471618652
24,-8.68218994140625,9.696601867675781,2.1401641368865967,-0.9627581238746643,7.755786418914795,3.993711471557617,-0.7903454899787903,1.6825748682022095,-2.3565187454223633,-2.4923338890075684,-4.417790412902832,-4.164525985717773,-1.121814489364624,-1.4512939453125,-7.034341812133789,7.47977876663208,4.974332332611084,3.112367630004883,-8.968655586242676,0.34544023871421814,-14.957453727722168,-15.605594635009766,-15.667312622070312,-15.68920612335205,-4.305026531219482,6.710753440856934,0.43332502245903015,-0.26760995388031006,7.142780780792236,0.9072763919830322,-0.2570720613002777,0.40285754203796387,-4.669090270996094,-6.294345855712891,-6.174256324768066,-5.769107818603516
25,-8.664652824401855,9.334056854248047,3.5882222652435303,-2.120922088623047,7.496929168701172,3.766817808151245,-1.290802240371704,0.5816384553909302,-2.252730131149292,-2.0115840435028076,-4.462214946746826,-4.272360324859619,0.09730672836303711,2.775993585586548,-4.461753845214844,9.3953857421875,5.7406463623046875,5.67476749420166,-10.192615509033203,0.20165923237800598,-15.193852424621582,0.00186212919652462,-15.602632522583008,-15.694250106811523,-4.575151443481445,6.838582515716553,0.6418029069900513,-0.3746841549873352,6.897196292877197,0.9499531984329224,-0.40800562500953674,0.07525092363357544,-4.587451934814453,-6.2743120193481445,-6.252030372619629,-5.685328006744385
26,-9.311217308044434,8.309906959533691,5.5219268798828125,-3.8438820838928223,7.220905780792236,-0.6955071687698364,-4.267908096313477,-2.435539960861206,-8.821650505065918,-9.039868354797363,-4.421900749206543,-4.265127658843994,0.23455917835235596,2.9258012771606445,-2.0915889739990234,9.287591934204102,6.59800910949707,5.655237197875977,-12.814105987548828,-1.1147615909576416,-0.010670837014913559,0.0002766958496067673,-15.689577102661133,-15.577902793884277,-5.263668537139893,6.851129531860352,1.0895211696624756,-0.6360015273094177,6.5590596199035645,-0.30793553590774536,-1.6162762641906738,-0.6114090085029602,-3.4771971702575684,-4.61313533782959,-6.132945537567139,-5.56411600112915
27,-9.174674987792969,8.396468162536621,7.18088436126709,-6.767480850219727,7.023257732391357,-4.130573272705078,-5.7380523681640625,-4.429974555969238,-5.275190353393555,-8.518204689025879,-4.237220287322998,-4.101756572723389,0.5306415557861328,1.836313009262085,1.9999005794525146,8.19133186340332,6.201376914978027,3.2469747066497803,-17.2706241607666,-3.614719867706299,-0.001841936493292451,-0.0011398633942008018,-14.948832511901855,-15.66871452331543,-5.2359514236450195,6.35306453704834,1.5656046867370605,-1.1570714712142944,5.327720642089844,-0.9010092616081238,-2.706879138946533,-1.0650782585144043,-1.0140053033828735,-2.894343852996826,-5.376860618591309,-4.9992780685424805
28,-9.221550941467285,8.639350891113281,6.467998027801514,-4.827295780181885,7.104962348937988,-2.7901272773742676,-4.718429088592529,-6.4455742835998535,2.866142511367798,-5.186890602111816,-5.311301231384277,-3.878342628479004,1.6319869756698608,2.5479910373687744,7.197240352630615,2.796515941619873,6.262735843658447,2.307790994644165,-21.264211654663086,-7.435733795166016,3.597001314163208,0.00024318089708685875,-14.243009567260742,-15.702035903930664,-5.644207954406738,5.294703960418701,1.5877597332000732,-0.7221971750259399,4.1960039138793945,-0.47983425855636597,-3.2801265716552734,-1.7736144065856934,0.9918036460876465,-0.9989259839057922,-4.4083075523376465,-4.470523834228516
29,-9.70167350769043,7.953020095825195,5.890144348144531,-0.5565211176872253,6.206827163696289,-3.7776260375976562,-3.781465768814087,-7.018623352050781,4.3930864334106445,4.947596549987793,-4.668874740600586,-3.409118175506592,2.7888317108154297,2.9198989868164062,11.822749137878418,3.3190464973449707,6.169622421264648,1.7933440208435059,-21.528432846069336,-11.972705841064453,13.358857154846191,8.445061683654785,-11.453336715698242,-15.700956344604492,-6.195302486419678,3.564073085784912,1.897688865661621,0.025934088975191116,2.397374153137207,-0.7872284650802612,-3.0701169967651367,-2.3323254585266113,5.816471099853516,2.4252889156341553,-2.344165325164795,-3.6499524116516113
30,-10.078866004943848,3.879831552505493,5.7869038581848145,-0.7174732089042664,0.7089021801948547,-5.666440486907959,-1.2051299810409546,-2.403336524963379,2.063378095626831,2.8473682403564453,5.867673397064209,-2.4277217388153076,3.2588868141174316,1.6849290132522583,14.136061668395996,2.484605550765991,0.8930222988128662,0.8114764094352722,-20.59599494934082,-14.479681015014648,15.598243713378906,15.643905639648438,4.065798759460449,-13.698184967041016,-4.879004001617432,0.7003329992294312,2.2542996406555176,-0.13630975782871246,-0.11686917394399643,-1.3911561965942383,-0.4225303530693054,-0.6413459777832031,7.639561653137207,5.4332990646362305,1.578371524810791,-1.6235109567642212
31,-6.794340133666992,-5.707237720489502,4.606303691864014,-1.9360204935073853,-5.483279705047607,-4.799217224121094,19.282575607299805,8.978626251220703,1.9484009742736816,1.9718981981277466,4.164145469665527,6.938223838806152,0.41203629970550537,-6.780345916748047,9.79736614227295,-3.231658935546875,0.6341848969459534,-3.9999961853027344,-7.1182026863098145,-10.89533805847168,15.756919860839844,15.672219276428223,15.700467109680176,-2.2930662631988525,-1.3780794143676758,-2.5680370330810547,1.4969563484191895,-0.43852224946022034,-1.5872262716293335,-1.100103735923767,3.9879581928253174,1.7209420204162598,6.741244316101074,4.690352439880371,6.076521873474121,1.4945515394210815
32,1.3342846632003784,-3.423232316970825,1.084212303161621,-3.585160732269287,-7.700249195098877,-2.4452016353607178,17.839872360229492,14.393471717834473,1.981871485710144,1.998039960861206,3.9651057720184326,7.024030685424805,2.443840742111206,-7.917585372924805,5.3477630615234375,-2.0673675537109375,-6.201650619506836,-7.8127217292785645,5.029680252075195,-4.030758380889893,15.446739196777344,15.679932594299316,15.695780754089355,15.220137596130371,0.5643426179885864,-1.0793466567993164,0.033025115728378296,-0.9922465085983276,-4.711069107055664,-0.5460619330406189,5.148927211761475,2.7737791538238525,5.943196773529053,5.697107791900635,4.889132499694824,5.354947090148926
33,-3.3633837699890137,-2.658630132675171,2.7794806957244873,-5.047670364379883,-6.605828762054443,-5.227988243103027,13.299386978149414,14.706048965454102,1.9827078580856323,4.864853382110596,4.210887908935547,4.267674446105957,2.488671064376831,-9.627638816833496,-0.30789652466773987,-2.830444097518921,-9.460293769836426,-12.509883880615234,12.259459495544434,4.496648788452148,15.679092407226562,12.683459281921387,15.660360336303711,15.632092475891113,-0.8542953729629517,-0.7444027066230774,0.6133747100830078,-1.1946974992752075,-5.761193752288818,-3.1316051483154297,6.192025661468506,3.803792953491211,6.087291717529297,6.584048748016357,5.135302543640137,5.739135265350342
34,-4.87873649597168,3.4622855186462402,0.591838538646698,-8.031201362609863,-5.99680757522583,-4.57764196395874,11.34908390045166,13.115880966186523,1.9919750690460205,2.419747829437256,4.04844331741333,4.365810394287109,1.7209473848342896,-6.971075534820557,-1.8835772275924683,-5.262191295623779,-10.975099563598633,-15.413904190063477,15.28099536895752,9.806313514709473,15.687265396118164,15.21847152709961,15.698240280151367,15.630111694335938,-1.0713928937911987,0.8336957693099976,0.029336661100387573,-2.113633871078491,-7.061071872711182,-4.159926891326904,7.330747604370117,4.734866142272949,6.055008888244629,6.7561140060424805,5.042298316955566,5.944421291351318
35,-3.9505350589752197,2.2206172943115234,-4.19661283493042,-8.923486709594727,-5.60066556930542,-4.154170036315918,10.024938583374023,11.6188383102417,2.0171334743499756,2.1445956230163574,4.160843372344971,4.460293769836426,-0.8099920153617859,-5.577070713043213,-5.547383785247803,-9.723601341247559,-12.485658645629883,-16.411453247070312,16.756637573242188,12.497987747192383,15.634597778320312,15.400872230529785,15.67953872680664,15.59397029876709,-0.7971764802932739,0.34294623136520386,-1.1876037120819092,-2.746687650680542,-8.03613567352295,-4.267187595367432,7.7826666831970215,5.219399929046631,6.146477699279785,6.281067371368408,5.183773994445801,5.923801422119141
36,-3.3781027793884277,1.8986059427261353,-6.647653579711914,-8.049470901489258,-5.089120388031006,-3.905141592025757,9.389946937561035,10.733735084533691,2.0065925121307373,2.1185390949249268,4.063215255737305,4.345707416534424,-4.290539741516113,-5.509533882141113,-9.458418846130371,-14.607930183410645,-14.154561042785645,-17.046438217163086,17.073965072631836,14.011548042297363,15.594449996948242,15.440301895141602,15.694377899169922,15.575493812561035,-0.772049605846405,0.3151152729988098,-2.0687966346740723,-3.192328453063965,-7.7861833572387695,-3.4850568771362305,7.527910232543945,5.517654895782471,6.089382648468018,6.181961536407471,5.030035018920898,5.438633441925049
37,-4.324380397796631,0.18779423832893372,-5.399783134460449,-6.106579780578613,-3.1843979358673096,8.827676773071289,9.108819007873535,9.734624862670898,3.4243128299713135,2.4348371028900146,3.9516685009002686,4.006257057189941,-8.152505874633789,-7.660318374633789,-12.21501636505127,-18.866369247436523,-15.576934814453125,-12.539552688598633,16.5383358001709,14.037002563476562,13.890159606933594,12.495388984680176,15.680959701538086,15.583329200744629,-1.3561288118362427,-0.024131111800670624,-1.7503843307495117,-3.1879749298095703,-1.2679160833358765,3.15891170501709,6.175741195678711,4.781126976013184,6.599687576293945,5.563624382019043,4.766263961791992,4.684533596038818
38,-5.624153137207031,7.2878947257995605,1.925658106803894,-2.5104706287384033,9.901055335998535,11.140132904052734,1.9002323150634766,1.2628473043441772,3.3105735778808594,5.321354389190674,3.8613810539245605,3.609771728515625,-8.863587379455566,-7.123758316040039,-9.813982009887695,-19.469057083129883,-11.487257957458496,-5.382757663726807,19.29572296142578,11.418173789978027,10.214954376220703,4.306291580200195,-0.0017680749297142029,15.627309799194336,-2.9985146522521973,1.7996734380722046,0.6575759649276733,-1.1714956760406494,7.673466205596924,6.3267059326171875,0.1503165364265442,-0.17325085401535034,5.486665725708008,4.84763240814209,4.515862941741943,3.7708544731140137
39,-6.906090259552002,9.85727310180664,7.43020486831665,10.646903038024902,10.340421676635742,8.836264610290527,-16.712135314941406,-15.700315475463867,-6.348941326141357,-5.166227340698242,14.415101051330566,3.612889528274536,0.33035963773727417,-3.2997183799743652,-2.105666160583496,-11.120736122131348,0.9823789000511169,2.6978018283843994,12.581897735595703,2.923368215560913,-12.966471672058105,-11.362393379211426,-0.00362158240750432,15.562103271484375,-2.8116097450256348,3.3395535945892334,1.4660710096359253,2.0432965755462646,9.208296775817871,6.1361188888549805,-3.1468310356140137,-3.702165365219116,-8.870420455932617,-10.741729736328125,3.15683913230896,3.7479348182678223
40,-9.453082084655762,8.58180046081543,6.661550521850586,9.409037590026855,8.758912086486816,7.929988861083984,-15.76438045501709,-8.660554885864258,-3.2964494228363037,-3.209132671356201,15.408242225646973,5.342047691345215,5.309014320373535,1.4025142192840576,4.148650646209717,-4.054657459259033,1.6530735492706299,3.4240572452545166,6.52268123626709,2.9565987586975098,-12.342377662658691,-13.03157901763916,0.004020156804472208,0.018963083624839783,-3.4341859817504883,2.8501675128936768,1.4629149436950684,1.6135197877883911,7.8738298416137695,3.679029941558838,-2.7061023712158203,-1.5946941375732422,-5.076760292053223,-8.112598419189453,3.7597124576568604,4.389902591705322
41,-10.786335945129395,8.05328369140625,3.5240790843963623,7.831640243530273,8.453957557678223,7.580212593078613,-4.434185028076172,-8.06879997253418,-3.2927966117858887,-3.0809688568115234,17.02410125732422,14.786171913146973,5.920534610748291,3.9733617305755615,7.1547980308532715,0.77787846326828,2.241570472717285,4.219898700714111,4.714444160461426,-0.28562116622924805,-12.643221855163574,-13.51261043548584,0.007482429035007954,0.0490741953253746,-4.408912658691406,4.278128623962402,0.7856355905532837,1.5431528091430664,7.568479061126709,3.2187299728393555,-0.44153183698654175,-1.5790109634399414,-5.1073408126831055,-6.9279866218566895,4.442164421081543,3.3488616943359375
42,-10.17750072479248,7.806788921356201,-0.7437126040458679,6.223915100097656,8.265789985656738,6.557854175567627,-1.0996049642562866,-4.6715087890625,-3.382438898086548,-3.1421303749084473,16.788028717041016,13.877352714538574,4.40471076965332,4.7380690574646,6.80731201171875,2.580789566040039,3.0399813652038574,5.33527135848999,4.808445453643799,-1.7542893886566162,-13.016583442687988,-13.807758331298828,7.818266749382019e-05,-0.0005020527169108391,-3.803652763366699,4.821921348571777,-0.312821626663208,1.2848888635635376,6.690709114074707,2.219055414199829,-0.08121609687805176,-0.8564726114273071,-5.460592269897461,-6.133744716644287,4.1707868576049805,3.0788607597351074
43,-9.946125030517578,7.510425567626953,-2.670365810394287,5.800276756286621,8.145844459533691,2.1131465435028076,0.36845508217811584,-1.5943301916122437,-3.1192922592163086,-2.787018299102783,15.158193588256836,12.520618438720703,4.376155853271484,5.324993133544922,6.523087501525879,4.796685218811035,3.568920612335205,3.794576406478882,5.0584282875061035,-2.515690565109253,-13.394051551818848,-14.116864204406738,0.00454536359757185,0.0014991642674431205,-3.2139334678649902,4.66529655456543,-0.4979482591152191,1.370255708694458,5.937046051025391,0.30067092180252075,0.14081493020057678,-0.2271571159362793,-5.59765100479126,-6.513972282409668,3.50274920463562,2.7284436225891113
44,-9.829803466796875,7.520671844482422,-5.269618034362793,5.524302005767822,7.946413516998291,2.0119471549987793,0.514409065246582,-0.3655036687850952,-2.9474058151245117,-2.6503758430480957,13.646145820617676,11.6043062210083,3.6777896881103516,4.57611083984375,4.812684059143066,6.0564374923706055,4.242162227630615,2.9212422370910645,5.337274074554443,-2.7478349208831787,-13.770594596862793,-14.432828903198242,0.0039011500775814056,0.000785821583122015,-3.2657265663146973,4.42796516418457,-0.9844628572463989,1.395310640335083,5.544792175292969,0.44873282313346863,0.13132865726947784,-0.02991795539855957,-5.637985706329346,-6.589269638061523,3.03415846824646,2.49739408493042
45,-9.62072467803955,7.867326259613037,-6.387872695922852,4.945062637329102,7.6945481300354,1.577781081199646,0.06669405847787857,1.6513148546218872,-2.7901320457458496,-2.542886734008789,11.740570068359375,10.885747909545898,2.6603784561157227,3.946904420852661,2.414543628692627,6.721131324768066,5.048322677612305,3.180744171142578,5.449501991271973,-2.227346181869507,-14.081925392150879,-14.89107608795166,-0.0008219690062105656,3.942986950278282e-05,-3.3782968521118164,4.346299648284912,-1.2161061763763428,1.2670596837997437,4.9640421867370605,0.33279550075531006,-0.004334971308708191,0.37845802307128906,-5.690744400024414,-6.611015796661377,2.482815980911255,2.3220505714416504
46,-9.397886276245117,7.976779937744141,-6.276539325714111,4.373939037322998,7.395979404449463,1.1124944686889648,-1.3980648517608643,2.79906964302063,-2.651409864425659,-2.434142589569092,9.156197547912598,9.887670516967773,1.6468009948730469,3.194244384765625,-0.10217101126909256,7.145628929138184,5.900552272796631,3.3961894512176514,5.0406622886657715,-1.220198631286621,-14.497861862182617,-14.865618705749512,0.0023213375825434923,-0.00033577042631804943,-3.544149875640869,4.258949279785156,-1.2517495155334473,1.1346700191497803,4.440101146697998,0.23175057768821716,-0.28657522797584534,0.5746172666549683,-5.818874835968018,-6.612421989440918,1.8181804418563843,2.0624032020568848
47,-9.173232078552246,8.141190528869629,-5.645863056182861,3.72768235206604,7.023132801055908,0.814121425151825,-2.5446953773498535,3.2685699462890625,-2.349219560623169,-2.3770129680633545,4.818974018096924,8.269579887390137,-2.6197359561920166,-2.4617178440093994,-5.6758575439453125,5.077054500579834,6.026772975921631,1.5520347356796265,3.7033114433288574,-1.1202784776687622,-15.202470779418945,-15.534512519836426,0.0035112760961055756,0.009523237124085426,-3.6837878227233887,4.214332580566406,-1.2008968591690063,0.9692397117614746,3.913625717163086,0.172080397605896,-0.4814205765724182,0.6660476922988892,-5.8872175216674805,-6.494578838348389,0.8064867854118347,1.6584802865982056
48,-8.36701488494873,9.976143836975098,-2.1474556922912598,3.632755756378174,7.045538902282715,5.715108394622803,-9.788412094116211,-4.155075550079346,-2.2337722778320312,-9.132094383239746,-4.980770111083984,2.9248249530792236,-1.9166994094848633,-1.2878620624542236,-5.843991756439209,7.399646759033203,7.004907131195068,3.013728141784668,1.4359095096588135,-2.3482885360717773,-15.24963092803955,0.0007248749025166035,-3.9715349674224854,-0.0015234113670885563,-4.809228420257568,5.802496433258057,-0.4079321324825287,0.920397162437439,4.401546001434326,1.9524760246276855,-2.247365951538086,-1.1846513748168945,-5.098637580871582,-5.73871374130249,-1.4064971208572388,0.3815399408340454
49,-8.868185043334961,9.080513000488281,-0.6242885589599609,3.3323192596435547,6.826602458953857,1.0172810554504395,-2.1679272651672363,3.6408660411834717,-2.2166237831115723,-9.087301254272461,-3.5737037658691406,-3.481768846511841,-0.4568905830383301,0.7913939952850342,-4.0867390632629395,9.5744047164917,7.867325782775879,2.045171022415161,3.6075568199157715,3.2021543979644775,-15.155465126037598,0.05764300748705864,-15.701594352722168,-15.704276084899902,-4.98148775100708,5.144681930541992,-0.07284751534461975,0.9595025777816772,4.339944362640381,0.02396124228835106,-0.10639208555221558,1.069439172744751,-4.856598377227783,-4.87875509262085,-4.7979631423950195,-1.7132688760757446
50,-8.922126770019531,8.853964805603027,-0.691735029220581,1.4184495210647583,6.3126044273376465,3.6324870586395264,-1.6943941116333008,3.4139866828918457,-9.11566162109375,-9.133101463317871,-4.2645697593688965,-3.6567084789276123,-0.6445102095603943,0.7178124189376831,-4.779822826385498,10.389698028564453,8.165329933166504,2.300621747970581,2.6449015140533447,4.174381256103516,-0.0022177621722221375,0.0763508677482605,-15.49704647064209,-15.549500465393066,-5.188598155975342,5.421511650085449,-0.16571259498596191,0.32472044229507446,4.101949214935303,0.9765480756759644,-0.2922324538230896,0.793511688709259,-5.283181190490723,-5.289900302886963,-5.918941020965576,-4.852375030517578
51,-8.826764106750488,8.852644920349121,1.6219862699508667,-0.8001165390014648,6.50125789642334,4.09735631942749,-5.760012626647949,1.0199246406555176,-8.982637405395508,-9.093931198120117,-4.529273509979248,-4.093477249145508,-1.188706398010254,0.9905010461807251,-4.862400531768799,11.126945495605469,8.552714347839355,2.885833740234375,-0.0328449048101902,4.233762264251709,-0.016245374456048012,0.025592613965272903,-15.545827865600586,-15.584305763244629,-5.303744792938232,5.944884777069092,0.3642420470714569,-0.22091783583164215,4.112947463989258,1.0120022296905518,-1.2805066108703613,0.1346936821937561,-4.152566432952881,-5.007585048675537,-5.989580154418945,-5.036495208740234
52,-8.725327491760254,8.761932373046875,2.6927919387817383,-3.877535104751587,6.177914619445801,3.413015127182007,-4.143198490142822,1.0919948816299438,-8.896927833557129,-9.07591438293457,-4.6260271072387695,-4.157933712005615,-1.6884362697601318,1.3087749481201172,-4.238979816436768,11.10704231262207,9.580426216125488,3.0813212394714355,-2.6584489345550537,4.29140043258667,-0.000412129913456738,0.00929955579340458,-15.438450813293457,-15.53461742401123,-5.350516319274902,6.229479789733887,0.5065275430679321,-0.6531738638877869,3.537550449371338,0.7717363238334656,-0.8341178297996521,0.25763997435569763,-3.7990970611572266,-4.8267998695373535,-5.795034408569336,-4.896988868713379
53,-8.485466003417969,8.746609687805176,3.3330767154693604,-5.125877857208252,5.513291835784912,3.411114454269409,-4.342909336090088,-0.8288898468017578,-8.703718185424805,-9.032371520996094,-4.502401351928711,-3.9977989196777344,-1.0600123405456543,2.7155275344848633,-2.4996352195739746,4.167365550994873,10.72262954711914,2.5092315673828125,-5.7137451171875,4.692170143127441,-0.0002646062057465315,0.01814345084130764,-15.612672805786133,-15.047323226928711,-5.699685096740723,6.459653377532959,0.6189978122711182,-0.8032063841819763,2.7486283779144287,0.8081220984458923,-1.044687032699585,-0.22208794951438904,-3.2792413234710693,-4.451526641845703,-5.765151023864746,-4.947001934051514
54,-8.560903549194336,8.302936553955078,3.221813917160034,-0.9323779344558716,4.495322227478027,3.8896450996398926,-5.323795795440674,-7.0116448402404785,-7.907901287078857,-8.816937446594238,-4.214207649230957,-4.194061756134033,-3.0720837116241455,3.115689277648926,-0.9951088428497314,4.058636665344238,13.404664993286133,2.840852975845337,-9.145217895507812,1.4063206911087036,0.00018390099285170436,0.008336246013641357,-15.660557746887207,-15.399425506591797,-7.037261962890625,6.586775302886963,0.6134390830993652,-0.05170954391360283,1.9601329565048218,0.9391549229621887,-1.5396745204925537,-1.5221631526947021,-2.278221368789673,-3.4944684505462646,-5.40625524520874,-5.2720232009887695
55,-7.89915657043457,8.178934097290039,3.5807340145111084,-1.514420986175537,-0.6122785210609436,0.5871760845184326,-3.1690688133239746,-4.587423801422119,-6.519828796386719,-8.270187377929688,-3.9407808780670166,-4.182706356048584,-5.142056465148926,3.2315545082092285,1.130961537361145,4.004913330078125,13.225807189941406,2.355412483215332,-11.636364936828613,-1.7581021785736084,0.00011277419980615377,-0.006394002586603165,-15.673434257507324,-15.522948265075684,-6.773835182189941,6.053122520446777,0.7435430288314819,-0.2866957187652588,-0.3888191878795624,-0.008654656819999218,-0.9001064896583557,-0.8700565099716187,-1.5283653736114502,-2.619509220123291,-4.615999221801758,-4.851387023925781
56,-7.981194019317627,8.057731628417969,3.96513032913208,-2.0162336826324463,-8.591193199157715,1.465988278388977,-3.1128134727478027,-4.875640392303467,-1.3163938522338867,-6.493350982666016,-3.4211933612823486,-3.8541088104248047,-1.470495343208313,3.4831228256225586,3.6601309776306152,4.232331275939941,5.984808921813965,2.854097843170166,-14.124653816223145,-5.629105567932129,7.427483797073364e-05,-0.0015540095046162605,-15.702825546264648,-15.703219413757324,-6.313656806945801,5.130090713500977,0.8998873233795166,-0.3718740940093994,-2.2095444202423096,0.3617898225784302,-1.1313762664794922,-1.1689531803131104,-0.06507806479930878,-1.4913429021835327,-3.6178834438323975,-4.384883403778076
57,-9.036749839782715,7.824200630187988,5.591906547546387,-2.5888800621032715,-3.556124448776245,2.5350468158721924,-3.933540105819702,-4.714146614074707,5.178413391113281,-0.37013712525367737,-2.8930139541625977,-3.2927677631378174,-0.6935631036758423,3.1729421615600586,6.0071797370910645,3.484065055847168,4.082365989685059,4.065154552459717,-17.440279006958008,-9.557979583740234,10.928074836730957,-0.002565024420619011,-14.347391128540039,-15.672879219055176,-5.724995136260986,3.9691460132598877,1.49635648727417,-0.4783285856246948,-0.49486806988716125,0.6510926485061646,-1.8347115516662598,-1.3196675777435303,3.276358127593994,0.15966090559959412,-2.149911880493164,-3.452627182006836
58,-9.222554206848145,7.04798698425293,7.28862190246582,-2.7895920276641846,-6.2346954345703125,1.9512406587600708,-3.6877431869506836,-6.117588520050049,2.047957420349121,5.338567733764648,-0.3136449158191681,-2.356241464614868,0.984395444393158,3.903870105743408,9.729843139648438,3.191581964492798,2.6196765899658203,5.618818759918213,-19.7558536529541,-14.463493347167969,15.652545928955078,10.62644100189209,-7.937587261199951,-15.072762489318848,-5.103618621826172,2.3011090755462646,2.255373001098633,-0.5121515989303589,-1.4855989217758179,0.4526340961456299,-2.2660164833068848,-2.3630661964416504,7.184370994567871,3.195164680480957,0.24437686800956726,-2.1173295974731445
59,-8.364392280578613,0.502173662185669,6.410816669464111,-4.94800329208374,-9.307424545288086,0.23091772198677063,-0.8364847898483276,-1.0587775707244873,8.457724571228027,2.3632099628448486,6.638134956359863,6.658550262451172,1.2410917282104492,1.0196549892425537,9.351529121398926,-0.7367170453071594,0.6403545141220093,4.8205647468566895,-18.702390670776367,-16.218944549560547,-0.5502617359161377,15.698943138122559,15.616555213928223,-2.251195192337036,-2.0889158248901367,-0.1722760796546936,1.9206295013427734,-1.0434637069702148,-3.6300132274627686,-0.021071914583444595,-0.20916789770126343,-0.13273972272872925,7.092681407928467,5.091592788696289,5.312433242797852,1.4489561319351196
60,-2.273530960083008,-4.0939741134643555,3.159684181213379,-1.1151214838027954,-8.121268272399902,-0.9807528853416443,12.575392723083496,7.585323333740234,8.35582447052002,1.9687756299972534,4.235126972198486,5.242654323577881,1.9928593635559082,-4.587750434875488,8.270201683044434,-3.3692376613616943,-5.650234699249268,1.5477566719055176,-8.791340827941895,-11.424684524536133,4.026935577392578,15.707992553710938,15.632664680480957,15.659058570861816,-0.22325044870376587,-1.2084919214248657,0.7111583948135376,-0.10103867948055267,-5.034059047698975,-0.22252845764160156,2.3295645713806152,1.3219730854034424,6.13480281829834,4.830875396728516,5.976905822753906,5.477907180786133
61,-3.9506261348724365,-2.6886284351348877,0.547731339931488,0.5905164480209351,-7.251291275024414,-2.5849387645721436,15.709022521972656,11.98161506652832,6.7784013748168945,1.975053071975708,4.330862998962402,4.966792583465576,-0.3738389015197754,-9.876351356506348,-0.05617499351501465,-10.580242156982422,-7.1282148361206055,-2.1748299598693848,3.639437675476074,-1.5781010389328003,6.357443809509277,15.608784675598145,15.67151927947998,15.734210014343262,-0.8605148196220398,-0.6798287630081177,0.0010311305522918701,0.16039897501468658,-5.59097146987915,-0.6138895750045776,3.7510550022125244,2.353797197341919,6.435573577880859,5.244235038757324,5.713319778442383,5.5959792137146
62,0.35535043478012085,-0.9252731204032898,0.6180757880210876,1.1865170001983643,-6.2259931564331055,-5.610962390899658,12.817497253417969,11.738133430480957,5.149135112762451,6.5797834396362305,4.180338382720947,4.412438869476318,3.4627161026000977,-11.371273040771484,-0.716401994228363,-9.802745819091797,-12.01854133605957,-8.466509819030762,10.722444534301758,6.301819324493408,11.792423248291016,8.773894309997559,15.687193870544434,15.566645622253418,0.2319415807723999,-0.1997951865196228,0.11805674433708191,0.19108986854553223,-7.400858402252197,-2.130127429962158,4.689526557922363,3.0990214347839355,5.529801368713379,5.876497745513916,5.171839237213135,5.6108903884887695
63,-3.0445995330810547,3.975294351577759,-4.124414920806885,-3.2137207984924316,-4.673590660095215,-5.305248260498047,11.771464347839355,11.96159839630127,2.722512722015381,4.4173583984375,4.340484142303467,5.586777687072754,5.901490211486816,-5.875725269317627,-1.3390998840332031,-5.271219253540039,-15.273608207702637,-12.346624374389648,14.150130271911621,10.64122486114502,15.278145790100098,11.851581573486328,15.57853889465332,16.056583404541016,-0.5936886072158813,0.8989329934120178,-0.9874457120895386,-0.9186580777168274,-8.316975593566895,-3.156342029571533,5.837106227874756,4.2811455726623535,5.654728412628174,6.675492763519287,5.250561714172363,5.891361713409424
64,-3.788593292236328,2.999749183654785,-4.830245494842529,-6.22100305557251,-4.587284564971924,-4.733910083770752,10.142460823059082,10.131494522094727,2.2533135414123535,3.2957723140716553,4.779596328735352,4.41088342666626,1.3916027545928955,-4.504256725311279,-3.866915464401245,-7.656815052032471,-14.918633460998535,-14.243335723876953,15.97955322265625,13.562474250793457,14.913264274597168,14.210369110107422,15.685007095336914,15.608678817749023,-0.7735319137573242,0.5153043270111084,-1.1341089010238647,-1.7950540781021118,-8.92150592803955,-3.2898645401000977,6.752948760986328,4.504012584686279,6.2742085456848145,6.559325695037842,5.452858924865723,5.91368293762207
65,-0.8386180996894836,3.0425686836242676,-5.718170642852783,-6.825840950012207,-4.4477314949035645,-4.061411380767822,9.312016487121582,8.640233993530273,2.103961706161499,2.362260341644287,4.142498016357422,4.269076347351074,-1.4177411794662476,-4.213633060455322,-6.157289505004883,-11.75593376159668,-16.33066177368164,-15.46551513671875,16.757347106933594,14.763541221618652,15.507223129272461,15.199468612670898,15.689170837402344,15.624135971069336,-0.06816279888153076,0.5478054881095886,-1.486466646194458,-2.271219253540039,-9.531392097473145,-2.4697725772857666,6.3252692222595215,4.01412296295166,5.9690165519714355,6.686607837677002,5.219285011291504,5.388850212097168
66,-4.239633560180664,3.5162265300750732,-5.269067287445068,-6.013881206512451,-4.110045909881592,2.5348711013793945,8.713069915771484,8.020390510559082,2.065988302230835,2.5804390907287598,4.008851528167725,4.060100555419922,-5.193110466003418,-4.641476631164551,-8.404731750488281,-16.16162109375,-16.752775192260742,-13.4541597366333,16.974668502807617,15.01550579071045,15.578812599182129,12.928343772888184,15.685165405273438,15.596879959106445,-1.275579571723938,0.6601523756980896,-1.4359912872314453,-2.5022079944610596,-6.7596917152404785,0.7518423795700073,5.706038951873779,3.878849983215332,6.432808876037598,6.340953350067139,4.891698360443115,4.831663608551025
67,-5.699460506439209,6.763093948364258,-1.0761808156967163,-3.4065074920654297,5.013027667999268,10.565034866333008,4.538758754730225,3.5238654613494873,2.1525957584381104,4.8046722412109375,3.8851871490478516,3.657519578933716,-7.602042198181152,-4.883633136749268,-8.230157852172852,-18.252838134765625,-13.36109733581543,-6.305689811706543,15.97870922088623,13.157224655151367,12.5017671585083,5.5834269523620605,15.665733337402344,15.55152702331543,-2.2749505043029785,1.5661578178405762,-0.0929747223854065,-1.554172158241272,1.3220335245132446,5.269617557525635,1.702108383178711,0.9846402406692505,6.399953842163086,5.220699310302734,4.577280044555664,3.854994773864746
68,-7.099738121032715,9.394641876220703,7.4369683265686035,10.537862777709961,10.311054229736328,8.865156173706055,-13.954896926879883,-14.436981201171875,-7.493444919586182,-5.518714427947998,3.8181400299072266,3.0761213302612305,-1.6679985523223877,-1.5897959470748901,-0.7566355466842651,-9.48864459991455,-1.0007270574569702,2.46840238571167,14.089621543884277,4.539027214050293,-9.38072681427002,-10.319941520690918,0.011795520782470703,15.372136116027832,-4.3314714431762695,3.4620931148529053,1.6164770126342773,2.103809118270874,7.126388072967529,5.847440719604492,-3.0539186000823975,-3.349975824356079,-3.7585389614105225,-6.425629615783691,4.438797950744629,3.036390781402588
69,-9.148073196411133,8.479124069213867,6.689512729644775,7.9073286056518555,8.814449310302734,7.769525527954102,-23.02855110168457,-13.293560981750488,-3.111632823944092,-3.350033760070801,14.99362564086914,3.5345113277435303,2.0818428993225098,2.5394580364227295,4.186673164367676,-1.2000508308410645,1.100695252418518,3.9168014526367188,6.007813453674316,-2.408444404602051,-13.156656265258789,-13.132604598999023,0.014148891903460026,15.628782272338867,-4.414559841156006,3.4512689113616943,1.5158696174621582,1.3863977193832397,7.966331958770752,3.213625192642212,-5.087387561798096,-3.03706693649292,-4.922381401062012,-8.799358367919922,3.3896172046661377,4.0629143714904785
70,-9.967469215393066,7.791253566741943,2.732938766479492,5.046549320220947,8.709457397460938,6.057307720184326,-10.293172836303711,-8.602835655212402,-3.068162441253662,-3.0073869228363037,15.555227279663086,15.653909683227539,4.038878917694092,4.659573078155518,6.6092610359191895,2.614572048187256,1.6249533891677856,4.439774990081787,1.5985047817230225,-1.2710543870925903,-13.279911994934082,-13.684666633605957,-0.0008365358226001263,0.008269687183201313,-4.153376579284668,4.363563060760498,0.5333865880966187,0.9799028635025024,6.91636323928833,1.718043327331543,-1.6006886959075928,-1.5745470523834229,-5.150144577026367,-8.278401374816895,3.781087636947632,3.754321575164795
71,-10.277978897094727,7.499455451965332,0.7784349918365479,4.788196563720703,8.574384689331055,2.6119372844696045,-3.7638731002807617,-4.971291542053223,-3.0180842876434326,-2.807616949081421,14.5696382522583,12.21109390258789,4.670727252960205,5.578114032745361,7.531379222869873,5.728427410125732,2.3032913208007812,3.6493024826049805,-0.01653316617012024,-3.5712482929229736,-13.59560775756836,-14.111650466918945,0.002802226459607482,0.0014376351609826088,-4.102075099945068,4.990455150604248,0.11447814106941223,1.1563308238983154,6.421981334686279,0.46098315715789795,-0.5284141898155212,-0.984314501285553,-5.184383869171143,-6.935534477233887,3.347235918045044,2.531519889831543
72,-10.273931503295898,7.45766544342041,-3.8137454986572266,4.6962738037109375,8.262011528015137,2.2197048664093018,-1.5405292510986328,-2.9597859382629395,-2.846836566925049,-2.6456298828125,13.074353218078613,10.938309669494629,4.064033508300781,5.074854850769043,6.04767370223999,7.25640869140625,3.496521234512329,3.1668291091918945,-0.7962074875831604,-5.032045364379883,-13.94481086730957,-14.446232795715332,-0.0012110983952879906,0.002735258312895894,-4.051212787628174,5.039628028869629,-0.7830853462219238,1.2496126890182495,5.884746074676514,0.49005794525146484,-0.23206740617752075,-0.62091064453125,-5.322075843811035,-6.988646507263184,2.867680549621582,2.309513568878174
73,-10.027718544006348,7.714629173278809,-6.034674167633057,4.5626983642578125,7.8647003173828125,1.7169538736343384,-0.7847285866737366,-0.9295989871025085,-2.718893051147461,-2.5089962482452393,10.940411567687988,9.902548789978027,2.8856704235076904,4.0582075119018555,3.188046932220459,7.7992777824401855,4.795811176300049,3.052216053009033,-1.3208224773406982,-5.6967997550964355,-14.22987174987793,-14.637917518615723,-0.003432131139561534,0.005256326869130135,-4.273846626281738,5.153573036193848,-1.1487417221069336,1.2506651878356934,5.264746189117432,0.36504340171813965,-0.134231299161911,-0.13817542791366577,-5.357394218444824,-7.02656364440918,2.2675254344940186,2.0656580924987793
74,-9.72350025177002,8.021638870239258,-6.173818588256836,4.355237007141113,7.4050374031066895,1.5843796730041504,-0.16498826444149017,1.2621475458145142,-2.5889036655426025,-2.4519155025482178,7.932971000671387,8.68589973449707,1.7430119514465332,3.183255195617676,0.3490322232246399,8.074475288391113,6.267265796661377,3.1593775749206543,-1.5825684070587158,-5.507236480712891,-14.514704704284668,-14.744154930114746,-0.002581060631200671,0.005559120327234268,-4.58429479598999,5.215349197387695,-1.2178300619125366,1.2012311220169067,4.659438610076904,0.35182303190231323,-0.010300636291503906,0.2963992953300476,-5.41225528717041,-7.011198997497559,1.5230849981307983,1.771300196647644
75,-9.443338394165039,8.2528715133667,-5.8076910972595215,4.098034381866455,6.843531608581543,1.540298581123352,-0.3878101408481598,2.7247321605682373,-2.4677863121032715,-2.4127304553985596,-0.8579155206680298,5.396622657775879,0.6657781600952148,2.562930107116699,-2.116980791091919,8.35096263885498,8.079338073730469,3.3527278900146484,-1.6140638589859009,-4.670316219329834,-14.753484725952148,-14.833263397216797,-0.7429731488227844,0.0034331227652728558,-4.972211837768555,5.318037986755371,-1.2329003810882568,1.1371787786483765,4.0357232093811035,0.347994327545166,-0.09130483865737915,0.5160294771194458,-5.360115051269531,-6.744333744049072,-0.5084431767463684,0.9666513204574585
76,-9.073661804199219,8.473882675170898,-5.705808639526367,4.1374006271362305,6.14376974105835,1.509103775024414,0.2243574857711792,3.117687940597534,-2.327186107635498,-2.3613169193267822,-3.401146173477173,-1.9662867784500122,0.2871141731739044,1.9384346008300781,-3.6461713314056396,8.465320587158203,8.633267402648926,3.268883466720581,2.798797130584717,-1.8743058443069458,-15.479520797729492,-15.37086296081543,-15.69946002960205,-5.963803291320801,-5.398951530456543,5.45217227935791,-1.2881182432174683,1.171798825263977,3.404470443725586,0.34454816579818726,0.07506793737411499,0.5690644383430481,-5.107772350311279,-6.018261909484863,-4.964542865753174,-0.6946066617965698
77,-8.013547897338867,9.428569793701172,-3.404376268386841,3.464216470718384,5.635925769805908,1.3514093160629272,1.1372953653335571,5.012788772583008,-9.101561546325684,-9.112406730651855,-4.275605201721191,-3.1894962787628174,-3.0380420684814453,-0.8046289682388306,-7.047403335571289,7.9795122146606445,9.599348068237305,1.8400477170944214,2.581749439239502,2.1120765209198,-0.0011651029344648123,0.003667140379548073,-15.522558212280273,-15.552318572998047,-5.516571044921875,5.124343395233154,-0.8123257160186768,0.8646014928817749,2.8964991569519043,0.28433477878570557,0.28833311796188354,1.172922134399414,-5.094043731689453,-5.592575550079346,-6.215341567993164,-4.30298376083374
78,-8.143763542175293,9.298095703125,2.5261716842651367,0.4684801697731018,5.678633213043213,4.896088123321533,-8.017147064208984,-0.8457765579223633,-8.932125091552734,-9.084392547607422,-4.509519577026367,-4.083070755004883,-3.672976016998291,0.06986492872238159,-6.6261677742004395,9.776209831237793,11.740013122558594,2.42461895942688,-0.8731527924537659,1.4096605777740479,-0.00014368502888828516,0.02674783580005169,-15.582001686096191,-15.599817276000977,-6.295022010803223,6.173637390136719,0.6584897041320801,-0.013721596449613571,3.4266855716705322,1.4302986860275269,-1.9988300800323486,-0.39059123396873474,-3.861185073852539,-4.818467140197754,-6.0231170654296875,-5.243122100830078
79,-7.7443342208862305,9.03167724609375,3.749661445617676,-2.105576276779175,4.529999256134033,2.989001512527466,-4.214208602905273,0.915634274482727,-8.759055137634277,-9.067827224731445,-4.4263834953308105,-4.112880229949951,-5.303974151611328,1.1989542245864868,-5.057847023010254,7.899260520935059,14.583386421203613,2.2449586391448975,-3.6376702785491943,1.491321325302124,0.0001959158107638359,-0.016653098165988922,-15.69716739654541,-15.702640533447266,-6.307501316070557,6.4474382400512695,0.6698877811431885,-0.4006166458129883,2.4230153560638428,0.5977224111557007,-0.8006388545036316,0.25744715332984924,-3.3919880390167236,-4.543944358825684,-5.647562503814697,-4.981291770935059
80,-7.49799919128418,8.365592956542969,4.6239519119262695,-1.6708619594573975,1.5492398738861084,3.30444073677063,-5.120903491973877,-3.8895840644836426,-8.106637001037598,-8.884697914123535,-4.320192337036133,-4.6482930183410645,-8.005144119262695,3.267981767654419,-1.890671730041504,5.384657382965088,16.844573974609375,1.8048492670059204,-6.747226715087891,0.27097469568252563,0.00022352059022523463,0.04268040135502815,-15.684855461120605,-15.631087303161621,-7.053524971008301,6.624076843261719,0.889471173286438,-0.2796146869659424,0.45804497599601746,0.7438104152679443,-1.3423326015472412,-0.941316545009613,-2.449032783508301,-3.703925609588623,-5.50544548034668,-5.219605922698975
81,-7.087482452392578,8.001618385314941,5.159245491027832,-1.2385859489440918,-8.630009651184082,1.9005894660949707,-4.66459321975708,-6.681563854217529,-5.9052605628967285,-8.109033584594727,-3.901101589202881,-4.2092204093933105,-4.456106185913086,4.202665328979492,1.1858372688293457,6.848869323730469,9.222017288208008,2.0618505477905273,-9.860421180725098,-3.6240320205688477,-4.747254934045486e-06,-0.0022688694298267365,-15.697097778320312,-15.686365127563477,-7.057506084442139,5.98445987701416,1.0717566013336182,-0.19121648371219635,-2.3001697063446045,0.3543851375579834,-1.3302288055419922,-1.5906972885131836,-1.2662714719772339,-2.4342989921569824,-4.525997161865234,-5.128236770629883
82,-8.407386779785156,7.7580037117004395,6.045432090759277,-3.4895689487457275,-6.373515605926514,3.2374112606048584,-4.588467121124268,-4.175100326538086,2.918177843093872,-5.145828723907471,-3.102546453475952,-3.694438934326172,-0.9926514625549316,4.469080924987793,4.322275161743164,6.4519853591918945,5.252017974853516,3.1952755451202393,-12.928834915161133,-6.768223762512207,5.52302885055542,-0.0008384718094021082,-15.692771911621094,-15.698295593261719,-5.885587215423584,4.782550811767578,1.4350974559783936,-0.6404411792755127,-1.1329293251037598,0.8142005205154419,-1.5724689960479736,-0.9517027735710144,1.0968769788742065,-1.0063996315002441,-3.0881845951080322,-4.140402317047119
83,-9.270691871643066,7.311989784240723,6.899183750152588,-3.9634649753570557,-6.693361759185791,3.2812037467956543,-4.597823143005371,-5.069204807281494,3.533224105834961,4.2042694091796875,-2.4380064010620117,-3.1095356941223145,0.8909004926681519,4.921805381774902,7.85108757019043,4.89479398727417,2.3882508277893066,5.296338081359863,-16.34320640563965,-10.181855201721191,6.969888687133789,6.301536560058594,-13.497672080993652,-15.685747146606445,-5.264523506164551,3.198864698410034,1.8999568223953247,-0.6876161098480225,-1.463310956954956,0.8250762224197388,-1.9643583297729492,-1.539107084274292,5.553055286407471,1.6302335262298584,-1.6519168615341187,-3.152186393737793
84,-9.511675834655762,3.685292959213257,6.1101155281066895,-3.622061014175415,-7.791979789733887,2.5428431034088135,-2.7487621307373047,-3.353961944580078,10.654337882995605,3.5685129165649414,6.443315505981445,-1.78026282787323,1.5996140241622925,3.0642030239105225,7.887199401855469,1.676376461982727,-1.2957029342651367,6.677389144897461,-19.984901428222656,-13.38210678100586,-1.6993117332458496,15.060486793518066,1.3483587503433228,-14.174928665161133,-3.3311595916748047,0.7020443677902222,1.7236791849136353,-0.6498072743415833,-2.6313140392303467,0.6390894651412964,-1.373668909072876,-1.0776066780090332,6.783387660980225,4.423129081726074,1.4439780712127686,-1.3204294443130493
85,-7.026453971862793,-2.605405330657959,6.242494106292725,-2.8124828338623047,-8.782574653625488,-0.3541979491710663,5.298074245452881,3.12271785736084,9.761354446411133,1.9550498723983765,4.034832954406738,4.46377420425415,-0.041725754737854004,-1.439479947090149,7.43033504486084,-2.3782336711883545,-2.016777753829956,4.242752552032471,-16.70865821838379,-13.322200775146484,-0.31664562225341797,15.706966400146484,15.62057113647461,-4.58477258682251,-1.5601770877838135,-0.8036944270133972,1.7080907821655273,-0.5556327104568481,-3.3751142024993896,-0.19319844245910645,1.037837028503418,0.7280382513999939,6.988797664642334,5.13461971282959,6.242698669433594,0.9853982925415039
86,-1.9617935419082642,-2.8912160396575928,3.8388335704803467,-0.5528303980827332,-8.706256866455078,-0.24762453138828278,16.743392944335938,11.316569328308105,8.812134742736816,2.008693218231201,4.327733039855957,6.373396396636963,-1.7692419290542603,-8.074471473693848,-0.29730769991874695,-6.40952730178833,-2.878735065460205,2.053478240966797,-5.125139236450195,-7.561737060546875,2.5582919120788574,15.70173168182373,15.6170654296875,15.636686325073242,-0.26141786575317383,-0.824795663356781,0.603344202041626,-0.05490614101290703,-5.517092704772949,-0.041572097688913345,3.3035080432891846,1.9680333137512207,6.468559265136719,4.879425048828125,6.111595630645752,5.3824615478515625
87,-2.1330032348632812,-1.1443345546722412,4.421895980834961,3.0828661918640137,-7.765228271484375,-3.2193384170532227,15.151143074035645,12.217142105102539,7.26032829284668,1.9777580499649048,4.219304084777832,5.985528469085693,1.6445740461349487,-5.317747116088867,-0.4157969355583191,-7.000091075897217,-6.490256309509277,-2.511920213699341,4.791701316833496,1.8089367151260376,5.921904563903809,15.707155227661133,15.45354175567627,15.033345222473145,-0.42165064811706543,-0.23357808589935303,0.919152021408081,0.6029043197631836,-7.29062032699585,-0.8158996105194092,3.7369027137756348,2.5894131660461426,6.213174819946289,5.068603515625,5.416655540466309,5.405010223388672
88,0.7574897408485413,-3.2603847980499268,0.12706656754016876,1.734683632850647,-6.559697151184082,-4.719282627105713,11.007552146911621,9.253908157348633,5.330440044403076,5.7574076652526855,4.189372539520264,4.233450889587402,6.402891635894775,-7.673645973205566,-0.5122677683830261,-6.077867031097412,-10.78038215637207,-7.598140239715576,9.455365180969238,6.66841459274292,11.254023551940918,10.24162483215332,15.644579887390137,15.665151596069336,0.29294729232788086,-0.9839900732040405,-0.13849297165870667,0.2513734698295593,-8.581979751586914,-1.4570467472076416,3.415961742401123,2.363574504852295,5.307534217834473,5.441633224487305,5.3414998054504395,5.229191780090332
89,-1.371036410331726,0.768812358379364,-2.2470903396606445,-0.8962326049804688,-5.441583156585693,-4.637922763824463,10.427207946777344,9.506850242614746,2.9807662963867188,3.070418119430542,4.2058258056640625,4.271942615509033,5.058091640472412,-8.979528427124023,-2.562610387802124,-7.922747611999512,-13.831798553466797,-11.699019432067871,12.563597679138184,10.048563957214355,15.17025089263916,15.162398338317871,15.663195610046387,15.662337303161621,-0.30598342418670654,0.2977847456932068,-0.5704053640365601,-0.3321811556816101,-8.971259117126465,-1.939284086227417,4.279629707336426,3.1375536918640137,5.184485912322998,6.410210609436035,5.478034496307373,5.614049911499023
90,0.5191836357116699,3.966430425643921,-5.4604573249816895,-5.235970497131348,-4.356004238128662,-4.554079532623291,10.6578369140625,9.914267539978027,2.1979408264160156,2.560570001602173,4.3869829177856445,5.7712082862854,6.9342756271362305,-2.563103199005127,-1.220489263534546,-5.040685653686523,-16.604442596435547,-13.445685386657715,13.958301544189453,11.7647123336792,15.669992446899414,14.23699951171875,15.684438705444336,15.631244659423828,0.21091783046722412,0.8751020431518555,-1.2814199924468994,-1.4800204038619995,-10.212656021118164,-2.3477401733398438,5.446308135986328,3.8967339992523193,5.3884596824646,6.676488876342773,5.296183109283447,5.724977493286133
91,-4.5298075675964355,2.914998769760132,-7.588156223297119,-7.476356029510498,-3.9952809810638428,-4.010844707489014,9.76184368133545,9.495220184326172,2.0089757442474365,2.506425142288208,4.117074489593506,4.2681050300598145,0.10178845375776291,-2.9873874187469482,-4.73204231262207,-9.941668510437012,-17.51762580871582,-15.105948448181152,15.215134620666504,13.40455150604248,15.662217140197754,14.859282493591309,15.692963600158691,15.610005378723145,-1.1075373888015747,0.5165254473686218,-1.8804022073745728,-2.2879104614257812,-9.916831016540527,-2.2168095111846924,5.336091995239258,4.136478424072266,5.733576774597168,6.474757194519043,5.190060615539551,5.2620697021484375
92,-0.7859588861465454,3.2702863216400146,-7.986175060272217,-7.783774375915527,-3.845064401626587,1.976020097732544,9.243969917297363,9.046100616455078,2.0171258449554443,2.6598434448242188,4.008849143981934,4.067017078399658,-3.6361989974975586,-3.941865921020508,-8.125059127807617,-15.160757064819336,-18.12636947631836,-13.654388427734375,15.92972183227539,14.407297134399414,15.619665145874023,13.236681938171387,15.664658546447754,15.610383987426758,-0.0441281795501709,0.6222791075706482,-2.2621102333068848,-3.234670400619507,-8.714719772338867,0.6322590112686157,5.408047199249268,4.277842998504639,6.063533782958984,6.337583541870117,4.810996055603027,4.811415195465088
93,-5.471428394317627,6.467672824859619,-2.460409641265869,-4.347804069519043,-1.6776301860809326,10.634913444519043,3.050360918045044,4.9329657554626465,1.9924430847167969,4.494032859802246,17.10083770751953,3.5887441635131836,-7.543326377868652,-5.642538547515869,-9.000085830688477,-19.093149185180664,-17.1010684967041,-7.221713066101074,20.14969253540039,13.444854736328125,15.6982421875,6.576645851135254,-0.0017473995685577393,15.400876998901367,-2.4445371627807617,1.452498435974121,-0.43083634972572327,-2.104236125946045,-0.6532049775123596,5.567690372467041,1.626821517944336,1.6119585037231445,6.7263360023498535,5.212312698364258,4.252310752868652,3.881556987762451
94,-6.485616207122803,8.954257011413574,6.809935092926025,3.533754825592041,10.428010940551758,9.706889152526855,-23.136564254760742,-14.034500122070312,1.6693940162658691,-3.8842930793762207,8.328718185424805,3.1280157566070557,-4.959362983703613,0.6794154644012451,-5.348547458648682,-16.186864852905273,-10.519631385803223,2.488365888595581,12.248815536499023,11.097376823425293,14.187663078308105,-11.932154655456543,0.0004537194035947323,-0.011628150939941406,-3.9455552101135254,2.8412508964538574,1.4633681774139404,0.9319542050361633,7.4001288414001465,6.081879138946533,-5.587351322174072,-3.2921531200408936,2.0447957515716553,-1.6578831672668457,1.368125319480896,3.216069221496582
95,-8.183941841125488,6.827870845794678,10.322731018066406,10.925521850585938,9.980903625488281,8.35498332977295,-21.17625617980957,-15.42086124420166,-7.035501956939697,-4.7371015548706055,10.665396690368652,14.658330917358398,1.611901044845581,1.3966732025146484,2.224431037902832,-6.090945243835449,0.7642093896865845,2.9134628772735596,4.2982611656188965,4.259307384490967,-9.289935111999512,-12.035381317138672,0.008027585223317146,-0.029464319348335266,-3.7817234992980957,1.575605869293213,2.2837088108062744,1.8891539573669434,8.86954116821289,3.717792510986328,-4.29854154586792,-2.814384698867798,-3.507331609725952,-12.45543098449707,2.4202425479888916,3.413175106048584
96,-9.764718055725098,7.633836269378662,4.647115230560303,5.8347649574279785,8.54240608215332,6.654361248016357,-12.821063041687012,-11.136101722717285,-3.156205177307129,-3.1461126804351807,14.197155952453613,13.323719024658203,4.125184535980225,4.204657554626465,5.809413433074951,0.34373199939727783,2.0950796604156494,3.728908061981201,-0.7377265691757202,-0.8269194960594177,-12.832109451293945,-13.258795738220215,0.0005918333772569895,0.03135020658373833,-3.822120189666748,3.734328269958496,0.9332571029663086,0.9957829713821411,7.135430812835693,1.98295259475708,-2.473172903060913,-2.2036032676696777,-4.48380184173584,-7.5160746574401855,3.5054004192352295,2.958324432373047
97,-10.395550727844238,7.457189559936523,1.5330498218536377,5.650753498077393,8.45952033996582,4.693683624267578,-4.351745128631592,-5.373295783996582,-3.209707021713257,-2.9818480014801025,15.218689918518066,12.587044715881348,5.249121189117432,5.652585506439209,7.386951923370361,4.621031761169434,2.446901321411133,3.5601751804351807,-2.6281797885894775,-3.5301661491394043,-13.075549125671387,-13.758285522460938,-0.0010802135802805424,0.003382720984518528,-4.157536029815674,4.536398887634277,0.26371949911117554,1.3040412664413452,6.563723564147949,1.1008199453353882,-0.6454305648803711,-0.9989187121391296,-5.25724983215332,-7.144923686981201,3.691800832748413,2.771543025970459
98,-10.49023723602295,7.310459136962891,-2.878659963607788,5.0823445320129395,8.300882339477539,3.2649447917938232,-1.1866222620010376,-2.528416872024536,-3.0764782428741455,-2.766279458999634,14.08022403717041,11.534933090209961,4.897403240203857,5.573446273803711,6.336299419403076,6.790164947509766,3.238206148147583,3.2116761207580566,-3.3130269050598145,-4.926689624786377,-13.524775505065918,-14.176883697509766,-0.0049254936166107655,0.0015000378480181098,-4.0267333984375,4.693758964538574,-0.6337131261825562,1.3003909587860107,5.737368106842041,0.7045575380325317,-0.1372687816619873,-0.48223745822906494,-5.423394203186035,-7.078207015991211,3.1839711666107178,2.4726076126098633
99,-10.25780963897705,7.539112091064453,-5.923884391784668,4.755040645599365,7.97434663772583,2.980095863342285,-0.4169172942638397,-0.8360690474510193,-2.901416778564453,-2.6160264015197754,11.980451583862305,10.357354164123535,3.683154821395874,4.5180745124816895,3.276845693588257,7.515722274780273,4.316351890563965,3.083765745162964,-3.7789900302886963,-5.596177101135254,-13.841963768005371,-14.43562126159668,-0.0070656584575772285,0.0042539723217487335,-4.163614749908447,4.805459976196289,-1.147401213645935,1.279798150062561,5.185710906982422,0.6813864707946777,-0.062332093715667725,-0.1293674111366272,-5.4647216796875,-7.179640769958496,2.5356152057647705,2.170207977294922
100,-9.940408706665039,7.8766188621521,-6.110857963562012,4.560870170593262,7.587589263916016,2.672717809677124,0.11471696197986603,1.361331582069397,-2.7638368606567383,-2.52921462059021,9.196884155273438,9.214924812316895,2.4785690307617188,3.538130044937134,0.2480219304561615,7.851665496826172,5.558824062347412,3.1152920722961426,-3.9901123046875,-5.412539482116699,-14.138269424438477,-14.602080345153809,-0.004603028297424316,0.0054430123418569565,-4.48715877532959,4.883807182312012,-1.2088909149169922,1.2484588623046875,4.6613850593566895,0.6030922532081604,0.04218962788581848,0.3125499486923218,-5.461606979370117,-7.207240104675293,1.8184000253677368,1.8975074291229248
101,-9.647261619567871,8.139960289001465,-5.885413646697998,4.2854533195495605,7.126809597015381,2.8450770378112793,0.36279091238975525,2.821457624435425,-2.6325249671936035,-2.4738669395446777,2.2461318969726562,6.820629596710205,-1.537039041519165,-0.9246706962585449,-5.211646556854248,6.367234230041504,6.241290092468262,1.6585466861724854,-4.280917167663574,-5.403641700744629,-14.543854713439941,-15.058382987976074,0.0037573606241494417,0.012728939764201641,-4.833868980407715,4.9387006759643555,-1.2650054693222046,1.1781151294708252,4.136801242828369,0.6725804805755615,0.072334885597229,0.5342215895652771,-5.44001579284668,-7.0629706382751465,0.18459013104438782,1.3046443462371826
102,-8.678735733032227,9.226821899414062,-2.8780691623687744,4.357551097869873,6.936975955963135,6.560311317443848,-4.966145038604736,-3.2767574787139893,-2.414386034011841,-2.283207893371582,-2.839235782623291,0.5012383460998535,-1.424096703529358,0.0400892049074173,-4.810523986816406,8.476362228393555,8.010408401489258,2.29388165473938,-1.2919836044311523,-6.580902576446533,-14.809638977050781,-14.832494735717773,-15.699320793151855,-0.0013881223276257515,-6.057832717895508,6.182533264160156,-0.5754390954971313,1.1803028583526611,4.685259819030762,2.288731336593628,-1.2213020324707031,-1.0780155658721924,-4.612109661102295,-6.178122520446777,-3.8611953258514404,-0.14044761657714844
103,-8.701041221618652,8.926173210144043,-0.9318632483482361,3.415443181991577,6.332895278930664,3.7467215061187744,1.838908076286316,4.304087162017822,-2.3254330158233643,-2.333962917327881,-4.109296798706055,-2.690720558166504,-0.7695898413658142,0.9107180833816528,-4.606257915496826,9.242483139038086,8.745511054992676,2.7074029445648193,-1.6228642463684082,-0.9350537061691284,-15.475203514099121,-15.006089210510254,-15.570147514343262,-15.593660354614258,-5.974201679229736,5.522050857543945,-0.13422104716300964,0.9229435920715332,4.273461818695068,0.7492014169692993,0.6070569157600403,1.1557815074920654,-4.326205730438232,-5.5497894287109375,-5.622857093811035,-3.401066303253174
104,-9.156926155090332,8.86853313446045,-0.9171827435493469,1.7040461301803589,6.163835525512695,5.513290882110596,-1.1521880626678467,3.211541175842285,-7.8291168212890625,-6.766489028930664,-4.566542625427246,-4.053344249725342,-2.4524645805358887,0.42132776975631714,-5.207092761993408,9.845807075500488,11.709985733032227,2.0349841117858887,-2.299492359161377,0.032036375254392624,0.0003700926899909973,-0.010995335876941681,-15.518525123596191,-15.576672554016113,-6.519461154937744,6.119563102722168,-0.21728864312171936,0.4166882038116455,3.9221279621124268,1.6117596626281738,-0.3592396378517151,0.601790726184845,-4.64887809753418,-5.759681701660156,-6.09600305557251,-5.209044933319092
105,-8.150176048278809,8.965453147888184,2.2404463291168213,0.17564450204372406,4.886046886444092,5.634822368621826,-3.5664939880371094,0.2836674749851227,-8.86424732208252,-9.103050231933594,-4.497828960418701,-4.1444091796875,-4.437054634094238,1.0214245319366455,-4.50099515914917,11.058923721313477,14.286977767944336,2.5672295093536377,-4.344268798828125,-0.35353800654411316,0.00017952476628124714,0.04928113520145416,-15.5532808303833,-15.596841812133789,-6.669342517852783,6.358692169189453,0.5013343095779419,-0.03147495910525322,2.898559808731079,1.460228443145752,-0.916292130947113,-0.053416907787323,-3.6319777965545654,-4.859580993652344,-5.88463830947876,-5.122390270233154
106,-7.292871475219727,8.779858589172363,3.7308928966522217,-2.6512274742126465,2.835124969482422,4.068297386169434,-2.9792351722717285,-0.1096256822347641,-8.571331024169922,-9.013768196105957,-4.413036823272705,-4.08881139755249,-6.392141819000244,2.7602319717407227,-2.122619867324829,5.6429948806762695,16.589223861694336,1.906319499015808,-6.6328277587890625,-0.15094228088855743,0.00022735248785465956,0.04471026733517647,-15.62930679321289,-15.276753425598145,-6.712936878204346,6.409365653991699,0.7175600528717041,-0.4719548225402832,1.231740117073059,0.8989094495773315,-0.7154732346534729,-0.03745637834072113,-3.0207152366638184,-4.260890007019043,-5.599645137786865,-4.913597583770752
107,-7.0032572746276855,8.098611831665039,5.127110004425049,-0.10736113786697388,-4.966943264007568,4.116210460662842,-4.533728122711182,-6.246107578277588,-6.705206394195557,-8.587067604064941,-4.023545742034912,-4.406589984893799,-6.410131931304932,4.282832145690918,1.1209532022476196,7.058143615722656,12.856266021728516,2.1799330711364746,-9.462328910827637,-3.3148086071014404,6.990303518250585e-05,-0.004144497215747833,-15.67542552947998,-15.530716896057129,-7.610844612121582,6.158170700073242,1.090857982635498,0.052358854562044144,-1.1276928186416626,0.9655569791793823,-1.366666316986084,-1.6181049346923828,-1.563513159751892,-2.969856023788452,-4.779597282409668,-5.21541166305542
108,-7.762279510498047,7.6720428466796875,6.073105335235596,-2.9168362617492676,-8.445246696472168,3.977303981781006,-4.085440635681152,-4.665900707244873,0.010004419833421707,-6.022253513336182,-3.3287487030029297,-3.828248977661133,-2.14668869972229,4.9909186363220215,4.566474914550781,7.47877311706543,6.803459644317627,3.1028637886047363,-12.391708374023438,-6.687756538391113,1.2953494787216187,0.0009414008818566799,-15.693018913269043,-15.697510719299316,-6.379822254180908,4.951369285583496,1.4512360095977783,-0.5552307367324829,-1.8297077417373657,0.9423062801361084,-1.3280029296875,-1.1044914722442627,0.25953835248947144,-1.282620906829834,-3.4496030807495117,-4.447381973266602
109,-8.956502914428711,7.315552711486816,6.561689853668213,-3.6199893951416016,-5.708484172821045,4.715221405029297,-4.175428867340088,-4.582368850708008,4.756654739379883,2.3102405071258545,-2.5363574028015137,-3.2936205863952637,-0.24464227259159088,4.64823579788208,7.460736274719238,6.058929920196533,4.023135185241699,4.9033122062683105,-15.640176773071289,-10.021013259887695,12.895767211914062,2.431617021560669,-14.70712947845459,-15.696501731872559,-5.550922393798828,3.490546226501465,1.8002573251724243,-0.6144787073135376,-1.005852460861206,1.3170349597930908,-1.6776132583618164,-1.328620195388794,4.073530197143555,0.8333008289337158,-2.0197722911834717,-3.4335079193115234
110,-9.7202730178833,4.941683769226074,6.79762601852417,-4.2759904861450195,-7.853112697601318,4.493535041809082,-3.1588902473449707,-4.61328125,9.780586242675781,4.698261260986328,2.8483195304870605,-2.2073464393615723,2.251870632171631,3.548867702484131,9.44406795501709,3.166802406311035,0.5375383496284485,7.712935924530029,-19.102678298950195,-13.692313194274902,-2.0649101734161377,13.118831634521484,-4.741067409515381,-14.251883506774902,-3.8343071937561035,1.1582341194152832,2.1113274097442627,-0.7684233784675598,-2.3604164123535156,1.3426263332366943,-1.5615565776824951,-1.6386744976043701,7.321529388427734,4.308812141418457,0.839999258518219,-1.6415222883224487
111,-8.129680633544922,-1.0677722692489624,5.831110000610352,-3.1395609378814697,-7.91464900970459,1.982094168663025,1.9442030191421509,0.3062271773815155,9.741890907287598,2.0161054134368896,4.597777366638184,0.32832348346710205,0.1772502064704895,0.23317666351795197,8.243605613708496,-1.487625241279602,0.11960300803184509,7.540193557739258,-17.878015518188477,-14.658565521240234,-1.048499345779419,15.700814247131348,15.556735038757324,-8.825615882873535,-2.2104644775390625,-0.46409112215042114,1.5874241590499878,-0.5876375436782837,-2.9301650524139404,0.43577003479003906,0.5678068399429321,0.34052687883377075,7.0398736000061035,4.937303066253662,5.850222587585449,0.39479225873947144
112,-4.346144199371338,-2.755925178527832,5.5584516525268555,-1.1562466621398926,-8.098992347717285,0.8488434553146362,14.323418617248535,10.377854347229004,8.953940391540527,2.0422282218933105,4.357985496520996,7.923293113708496,-3.9180774688720703,-6.8941450119018555,-0.003139972686767578,-6.50238561630249,-1.3667471408843994,5.791621208190918,-7.13095760345459,-10.182153701782227,1.061638355255127,15.698975563049316,15.494330406188965,15.596843719482422,-0.934444785118103,-0.7775400280952454,1.1190214157104492,-0.20867331326007843,-4.875319957733154,0.15857601165771484,2.621245861053467,1.7630398273468018,6.54400110244751,4.708688259124756,6.275572776794434,4.624927520751953
113,-1.4689470529556274,-1.2867021560668945,5.364713668823242,2.5339698791503906,-8.207039833068848,-1.9027907848358154,15.543659210205078,11.963702201843262,7.883333683013916,1.974621295928955,4.376429080963135,4.038846492767334,0.8328446745872498,-7.113452911376953,-0.00943572074174881,-8.217032432556152,-4.777430057525635,1.412928581237793,2.2788491249084473,-1.6822346448898315,4.438189506530762,15.699581146240234,15.688597679138184,14.795560836791992,-0.19433891773223877,-0.2894577980041504,1.0709728002548218,0.5557486414909363,-6.665938377380371,-0.4528602361679077,3.666182279586792,2.3099658489227295,6.338742733001709,4.8162078857421875,5.686398506164551,5.228515625
114,-1.3674476146697998,-2.258580207824707,1.9691442251205444,3.0280261039733887,-6.930249214172363,-5.153947830200195,12.324584007263184,11.368733406066895,6.223117351531982,1.9804686307907104,4.206852436065674,4.522616386413574,4.901122093200684,-7.150004863739014,-0.05529458075761795,-7.280521869659424,-8.553522109985352,-3.9385457038879395,8.562845230102539,4.967580318450928,8.163119316101074,11.781567573547363,15.66407299041748,15.403634071350098,-0.2352060079574585,-0.6614652872085571,0.2640359103679657,0.4965939521789551,-8.044268608093262,-1.4641809463500977,3.7183804512023926,2.795957088470459,5.685678482055664,5.069891929626465,5.347947597503662,5.402842044830322
115,-0.6551256775856018,-0.7414371967315674,-2.1566379070281982,-0.3093875050544739,-5.8699469566345215,-5.774710178375244,10.67937183380127,10.54966926574707,4.354828357696533,5.287685871124268,4.406449794769287,4.3375091552734375,5.976741790771484,-10.303322792053223,-2.474781036376953,-8.767653465270996,-12.049640655517578,-9.190006256103516,12.07779312133789,9.13216781616211,12.792798042297363,12.05449390411377,15.687989234924316,15.634037971496582,-0.0840451717376709,-0.13631144165992737,-0.6130456924438477,-0.19137877225875854,-8.936002731323242,-2.225532293319702,4.167979717254639,3.3111538887023926,4.932356834411621,5.889349937438965,5.2289533615112305,5.488382816314697
116,-1.3193153142929077,5.726004123687744,-4.142910957336426,-3.2815983295440674,-4.9932756423950195,-5.1584248542785645,10.45004940032959,10.405061721801758,2.4102580547332764,3.06770658493042,4.397095680236816,4.8541178703308105,7.50004243850708,-3.0957632064819336,-1.5049182176589966,-5.187931060791016,-14.990166664123535,-11.888461112976074,14.111403465270996,11.866414070129395,15.182262420654297,12.457293510437012,15.427535057067871,14.228239059448242,-0.24981999397277832,1.3073747158050537,-1.0343353748321533,-1.080833077430725,-10.041789054870605,-2.7271978855133057,5.779844284057617,4.320830345153809,5.32577657699585,6.454337120056152,5.299167156219482,5.8487548828125
117,-3.2388010025024414,2.8335301876068115,-6.790251731872559,-6.573914051055908,-4.2869367599487305,-4.570136547088623,9.831767082214355,9.690011978149414,2.056091547012329,3.0925955772399902,4.164887428283691,4.214671611785889,2.358656406402588,-3.3136744499206543,-4.163546085357666,-8.613545417785645,-16.14735984802246,-14.41474437713623,15.428805351257324,13.35009479522705,15.510357856750488,14.251029014587402,15.67121410369873,15.626750946044922,-0.6459308862686157,0.4473714232444763,-1.66631019115448,-1.9334617853164673,-10.443074226379395,-2.626178741455078,5.533456802368164,4.1749067306518555,5.589197158813477,6.0368499755859375,5.330838680267334,5.325263023376465
118,-1.2669212818145752,4.3173136711120605,-8.152186393737793,-7.678166389465332,-4.144282341003418,-2.6048920154571533,9.290875434875488,9.385187149047852,2.07326602935791,2.6695079803466797,4.056704044342041,4.134725093841553,-1.4906257390975952,-3.352701187133789,-7.313466548919678,-13.2605562210083,-17.136075973510742,-15.126747131347656,16.23963737487793,14.520692825317383,15.566573143005371,13.987064361572266,15.659211158752441,15.629130363464355,-0.19229912757873535,0.8924009203910828,-2.2798845767974854,-2.855255126953125,-10.374456405639648,-1.003260612487793,5.714811325073242,4.602174282073975,5.306199550628662,6.349653244018555,4.899356365203857,5.0125041007995605
119,-5.101124286651611,5.686805725097656,-5.028276443481445,-5.6453351974487305,-3.937819242477417,9.629003524780273,7.238955497741699,7.373750686645508,2.045759439468384,3.6457953453063965,4.436685562133789,3.812998056411743,-6.0350260734558105,-5.151224613189697,-9.30007553100586,-18.03923988342285,-17.037654876708984,-9.759782791137695,21.271862030029297,14.475473403930664,15.594259262084961,8.860260963439941,-0.0022818399593234062,15.574418067932129,-1.6955190896987915,1.198974847793579,-1.3243001699447632,-2.5430781841278076,-5.216174602508545,4.115482330322266,3.67952561378479,3.1527233123779297,6.4027910232543945,5.485686302185059,4.459348678588867,4.299713134765625
120,-6.5389533042907715,9.330086708068848,5.443737506866455,-0.709861159324646,9.137779235839844,10.401060104370117,-18.471569061279297,-8.024541854858398,1.9379228353500366,2.2368571758270264,10.645172119140625,3.0106616020202637,-5.567007541656494,-3.0942864418029785,-6.823296070098877,-18.015077590942383,-10.805685043334961,-1.5644400119781494,14.978565216064453,14.6922607421875,10.27749252319336,-1.842193841934204,-0.01474536769092083,-0.0010290145874023438,-3.900261402130127,3.3945467472076416,1.3062961101531982,0.01310061290860176,4.257521152496338,6.52246618270874,-4.105417251586914,-2.0016417503356934,3.577746868133545,0.2945765554904938,1.9742871522903442,2.9737792015075684
121,-8.330068588256836,8.294039726257324,9.83137321472168,13.895238876342773,9.999567985534668,8.348353385925293,-23.711002349853516,-19.713354110717773,-6.824191570281982,-3.3171072006225586,10.202072143554688,12.874218940734863,0.9545139670372009,1.6135823726654053,1.0947425365447998,-6.594748020172119,0.5641067028045654,2.582987070083618,5.899531364440918,5.948945999145508,-10.379654884338379,-9.828898429870605,0.0365515798330307,-0.1794811487197876,-4.960970401763916,3.167764902114868,2.097191095352173,2.639892101287842,7.912841320037842,4.847127914428711,-5.2098798751831055,-4.110528469085693,-5.335984706878662,-13.948708534240723,2.160478115081787,2.8415627479553223
122,-9.863930702209473,7.908441543579102,5.347950458526611,5.7893900871276855,8.5562105178833,6.624008655548096,-14.801778793334961,-10.77407455444336,-2.9458208084106445,-3.4996163845062256,13.664690017700195,13.007087707519531,4.058752536773682,4.449499130249023,5.129639625549316,0.03539515286684036,2.32373309135437,3.6963486671447754,0.037044063210487366,0.8065348267555237,-13.309638977050781,-13.272562026977539,0.0013060118071734905,0.04464776813983917,-4.338863849639893,3.8881585597991943,1.1216472387313843,0.902646005153656,6.879589080810547,1.8738926649093628,-2.8742263317108154,-1.8569633960723877,-4.140186309814453,-7.648710250854492,3.329378366470337,2.944157123565674
123,-10.567608833312988,7.415164947509766,2.563694953918457,5.722480773925781,8.274215698242188,3.844466209411621,-4.170992851257324,-5.399454593658447,-2.9881324768066406,-2.9226033687591553,15.117483139038086,12.337725639343262,5.497159481048584,6.1422343254089355,7.401839256286621,4.476585865020752,3.3420865535736084,3.5200390815734863,-1.8193705081939697,-1.8356252908706665,-13.504592895507812,-13.887568473815918,-0.0002650176174938679,0.005909557454288006,-4.9758992195129395,4.806233882904053,0.5471574068069458,1.3132625818252563,5.963473796844482,0.8094649314880371,-0.5172960758209229,-0.9550358653068542,-4.928287506103516,-7.109086990356445,3.6854562759399414,2.7054758071899414
124,-10.743444442749023,7.1704301834106445,-2.13775372505188,5.221367835998535,7.932353973388672,2.5781545639038086,-1.0889582633972168,-3.187352180480957,-2.9213054180145264,-2.7063026428222656,13.699061393737793,11.01817798614502,5.226761341094971,6.288959503173828,6.89842414855957,6.9110941886901855,4.419132232666016,3.1888833045959473,-2.369797706604004,-3.4444150924682617,-13.773228645324707,-14.370908737182617,0.0017174240201711655,0.004192141816020012,-4.834287643432617,5.002068519592285,-0.5345166921615601,1.3436496257781982,4.902146816253662,0.5378435254096985,-0.11394408345222473,-0.6270235776901245,-5.218060493469238,-7.038843154907227,3.0532548427581787,2.3268632888793945
125,-10.453024864196777,7.400472640991211,-6.289649963378906,4.963479995727539,7.488044738769531,2.492722272872925,-0.713869571685791,-1.878157138824463,-2.7968997955322266,-2.587158441543579,11.27340030670166,9.662833213806152,3.710200071334839,4.9267988204956055,3.6391348838806152,7.741909027099609,5.703151702880859,2.99487566947937,-2.932767152786255,-4.552137851715088,-14.068068504333496,-14.49032974243164,-0.004952116869390011,0.007070503197610378,-4.977819442749023,5.152233123779297,-1.232710361480713,1.3562860488891602,4.109123229980469,0.5676493644714355,-0.1417359709739685,-0.3838656544685364,-5.331422805786133,-7.153554439544678,2.337306261062622,1.9929828643798828
126,-9.994943618774414,7.824585914611816,-6.524413108825684,4.737411975860596,6.913541793823242,2.1804604530334473,-0.13120077550411224,-0.1896238625049591,-2.6616902351379395,-2.5124802589416504,8.030719757080078,8.477437973022461,2.139639139175415,3.685976982116699,0.31730741262435913,8.215523719787598,7.280553340911865,2.9576992988586426,-3.2897181510925293,-4.983579158782959,-14.344916343688965,-14.629921913146973,-0.003690699115395546,0.008146615698933601,-5.315149307250977,5.285983085632324,-1.2886631488800049,1.3173208236694336,3.437319040298462,0.48076361417770386,-0.005048274993896484,0.028863489627838135,-5.359991550445557,-7.178587913513184,1.5345155000686646,1.7256006002426147
127,-9.538158416748047,8.285616874694824,-6.2565460205078125,4.376110553741455,6.136155128479004,2.3031222820281982,0.5589302182197571,1.1724134683609009,-2.548948287963867,-2.5475974082946777,-1.838695764541626,6.086793899536133,0.5063996315002441,2.902543067932129,-2.3525304794311523,8.559152603149414,9.19773006439209,3.114863395690918,-2.241842031478882,-4.835605621337891,-14.577127456665039,-14.933784484863281,-3.522616147994995,0.006478521972894669,-5.6762495040893555,5.3812713623046875,-1.3545267581939697,1.2239713668823242,2.8182778358459473,0.5258498191833496,0.12538772821426392,0.24854224920272827,-5.372614860534668,-6.9611968994140625,-0.7503716945648193,1.1477720737457275
128,-8.70189094543457,9.153613090515137,-5.6357316970825195,4.616238117218018,5.6954145431518555,2.128512144088745,1.6988445520401,1.1539956331253052,-2.231384515762329,-2.2511987686157227,-3.6118340492248535,0.22069264948368073,-2.1924240589141846,-0.19825072586536407,-6.071286201477051,8.223475456237793,8.78836441040039,2.0536842346191406,1.4440455436706543,-5.315511226654053,-15.590537071228027,-15.26215934753418,-15.686360359191895,-0.002815562766045332,-6.0067596435546875,5.499719619750977,-1.4018863439559937,1.2692362070083618,2.236328363418579,0.4560108482837677,0.40695083141326904,0.19475919008255005,-5.137698173522949,-6.223482131958008,-5.268901824951172,-0.17930185794830322
129,-8.765087127685547,9.028678894042969,-0.9243837594985962,3.6399424076080322,5.614610195159912,4.375690937042236,-1.256996750831604,0.14359991252422333,-5.887155532836914,-2.2809653282165527,-4.339719772338867,-3.020723819732666,-4.40830659866333,0.5529993772506714,-6.316190242767334,9.274845123291016,13.356949806213379,2.014336585998535,0.5740918517112732,-0.6389082670211792,0.0003575520822778344,-14.978864669799805,-15.569664001464844,-15.573987007141113,-6.973728179931641,5.994810104370117,-0.01784268021583557,0.9861401319503784,2.9681644439697266,1.1683334112167358,-0.3579908013343811,-0.0035433173179626465,-4.228542804718018,-5.572293758392334,-5.984930038452148,-3.9670772552490234
130,-7.647148132324219,8.922487258911133,1.3326170444488525,0.8708750605583191,3.571714162826538,4.233080863952637,-3.799044132232666,1.9850990772247314,-8.8599271774292,-2.277650833129883,-4.493762969970703,-4.054198265075684,-6.908931255340576,0.5900238156318665,-5.845315933227539,10.751368522644043,15.996578216552734,1.952850341796875,-1.423372745513916,-0.46589401364326477,0.00019855552818626165,0.005461676046252251,-15.540053367614746,-15.62086009979248,-7.085641860961914,6.527246475219727,0.30757075548171997,0.11737416684627533,1.6420986652374268,0.9842396974563599,-0.8806008696556091,0.4582127332687378,-3.6300320625305176,-5.336840629577637,-6.037138938903809,-5.329352378845215
131,-6.306415557861328,8.732882499694824,4.075887203216553,-1.878374457359314,0.0012124270433560014,4.2761054039001465,-3.2417778968811035,-2.1808063983917236,-8.503527641296387,-8.969413757324219,-4.413630485534668,-4.099052906036377,-12.176046371459961,1.9718133211135864,-4.494401931762695,11.51340389251709,16.57820701599121,2.7122297286987305,-3.3726603984832764,-1.6845897436141968,0.00022793837706558406,0.0009742006659507751,-15.544255256652832,-15.590082168579102,-6.922484874725342,6.402301788330078,0.7925571203231812,-0.37609779834747314,-0.2617156207561493,1.0284755229949951,-0.6979548335075378,-0.6137802600860596,-2.908416271209717,-3.9355831146240234,-5.5976176261901855,-5.009977340698242
132,-6.208444595336914,8.55730152130127,7.027999401092529,-6.203645706176758,-9.203768730163574,1.9023808240890503,-4.842149257659912,-2.911559820175171,-7.523278713226318,-8.464214324951172,-4.257111072540283,-3.9717628955841064,-7.371321201324463,1.898754596710205,-1.9820448160171509,10.885347366333008,8.197574615478516,2.562113046646118,-6.117946624755859,-3.586425304412842,-7.500818173866719e-05,0.015390053391456604,-15.620560646057129,-15.6404390335083,-6.113849639892578,5.718523025512695,1.418720006942749,-1.0352468490600586,-2.3837320804595947,0.31797564029693604,-1.2611892223358154,-0.6777331829071045,-2.0139212608337402,-2.8026416301727295,-5.1908416748046875,-4.709395408630371
133,-7.916586875915527,8.174978256225586,7.546760559082031,-5.092568874359131,-5.07149076461792,4.785427093505859,-5.8914103507995605,-2.7629435062408447,-0.8060570359230042,-7.267025947570801,-3.735703468322754,-3.9847970008850098,-3.8381385803222656,3.334980010986328,2.367795467376709,5.843039035797119,6.114116668701172,2.1285223960876465,-9.77715015411377,-4.865782260894775,8.699297904968262e-05,0.02144341543316841,-15.694610595703125,-15.68061351776123,-5.213316917419434,4.848450660705566,1.6524487733840942,-0.834241509437561,-0.7941045761108398,1.3168076276779175,-1.7820336818695068,-0.641654908657074,0.09477098286151886,-1.85787034034729,-4.138553619384766,-4.291620254516602
134,-8.392998695373535,7.913358688354492,6.642822742462158,-2.338104486465454,-6.923083305358887,5.268706798553467,-5.573281288146973,-5.345485210418701,5.021541118621826,-1.749237060546875,-3.060814380645752,-3.6506896018981934,-1.0455151796340942,3.9697208404541016,6.256722927093506,5.802966594696045,3.757368564605713,3.709691047668457,-13.34288501739502,-8.205761909484863,8.624292373657227,-0.0018470133654773235,-15.690164566040039,-15.692066192626953,-5.708052635192871,3.9917232990264893,1.6140305995941162,-0.3080124855041504,-1.5253379344940186,1.411406397819519,-1.953385353088379,-1.550520420074463,2.871518611907959,-0.14012879133224487,-3.0709121227264404,-4.172013759613037
135,-9.772005081176758,6.81838846206665,6.68695068359375,-4.207531452178955,-7.194474697113037,4.903614044189453,-4.618504524230957,-5.135602951049805,10.721343040466309,5.2392168045043945,-1.6589584350585938,-2.828188419342041,2.59810471534729,3.2023208141326904,8.559206008911133,3.7374863624572754,1.0526227951049805,6.180589199066162,-17.081342697143555,-12.08680248260498,-2.2996208667755127,9.989355087280273,-12.51616096496582,-15.639730453491211,-4.206546783447266,2.1315176486968994,1.9167596101760864,-0.7867431640625,-2.0161123275756836,1.4190903902053833,-2.0212302207946777,-1.6706714630126953,6.377895355224609,2.811533212661743,-0.8588618636131287,-2.713654041290283
136,-9.271177291870117,1.695731520652771,6.844075679779053,-1.860802173614502,-8.01734447479248,3.0491061210632324,-1.2857166528701782,-2.417830467224121,10.094321250915527,2.506139039993286,9.168704986572266,-2.1309518814086914,1.1572518348693848,1.4236769676208496,8.380887031555176,1.0981614589691162,0.9055493474006653,7.028054714202881,-20.449522018432617,-14.604679107666016,-2.0276269912719727,15.867880821228027,11.497337341308594,-13.116460800170898,-3.233527660369873,0.14731913805007935,2.043346643447876,-0.2732902765274048,-2.352747678756714,0.7730485200881958,-0.5118163228034973,-0.7524793744087219,7.333104133605957,4.859348297119141,2.665987253189087,-1.2949270009994507
137,-5.7619309425354,-2.880495548248291,5.576397895812988,-2.4492478370666504,-8.855720520019531,1.6685106754302979,5.550621509552002,5.503006935119629,9.571168899536133,1.9750111103057861,4.298081874847412,4.967585563659668,-0.8073368668556213,-0.835361123085022,8.88050651550293,-1.9305356740951538,-0.6224269270896912,5.697329521179199,-14.701109886169434,-12.061235427856445,0.03464071452617645,15.70007610321045,15.6265869140625,-3.3801639080047607,-1.1847158670425415,-0.7625856995582581,1.5706849098205566,-0.5223824381828308,-4.284336566925049,0.353487491607666,0.9895282983779907,1.0968856811523438,6.743825912475586,5.01690673828125,6.110133647918701,1.0853766202926636
138,-0.9432750344276428,-3.9246459007263184,3.9852075576782227,-0.0690869465470314,-8.691920280456543,1.5514956712722778,15.27234172821045,10.128704071044922,8.554021835327148,2.092569351196289,4.3377532958984375,6.176458835601807,-2.6919760704040527,-8.179435729980469,-0.008253796026110649,-6.24160623550415,-2.2059545516967773,4.786751747131348,-4.871510982513428,-7.163300514221191,2.7583558559417725,15.674962997436523,15.577010154724121,15.599751472473145,-0.04029732942581177,-1.2558801174163818,0.6511249542236328,0.07339368760585785,-5.816915035247803,0.37729692459106445,2.967696189880371,1.6984033584594727,6.623317241668701,5.186507225036621,6.003020763397217,5.153504371643066
139,-0.8934910893440247,-2.3056206703186035,5.001623630523682,3.079732894897461,-8.00963020324707,-2.9440701007843018,14.321974754333496,11.333113670349121,7.199843883514404,1.9825669527053833,4.255335807800293,4.047836780548096,3.3536972999572754,-6.681896209716797,-0.17761294543743134,-5.354607582092285,-6.313188552856445,-0.16095487773418427,3.043337345123291,0.029370903968811035,5.954708099365234,15.700939178466797,15.663383483886719,14.964344024658203,-0.17732226848602295,-0.6159249544143677,1.0568921566009521,0.6298284530639648,-7.131847381591797,-0.7532874345779419,3.380417585372925,2.350074529647827,6.489798069000244,5.022472381591797,5.388670921325684,5.176962852478027
140,-1.0788238048553467,-2.4502151012420654,0.32579663395881653,0.9255200624465942,-6.655218124389648,-4.889333248138428,10.751737594604492,9.811001777648926,5.643149375915527,2.0393271446228027,4.1822099685668945,4.122793197631836,5.589250087738037,-8.245474815368652,-0.8115105032920837,-6.744917869567871,-9.949968338012695,-4.394613742828369,8.00586986541748,5.43928861618042,9.463552474975586,8.806117057800293,15.677959442138672,15.572312355041504,-0.18745315074920654,-0.6719884276390076,-0.11372724175453186,0.08645494282245636,-7.986735820770264,-1.3673748970031738,3.004300832748413,2.39870548248291,5.480014801025391,5.267592430114746,5.298366546630859,5.265547752380371
141,-0.10477454215288162,1.2664483785629272,-2.76381516456604,-0.3997012972831726,-5.685203552246094,-5.064675807952881,10.037473678588867,9.552247047424316,3.860896110534668,3.2812752723693848,4.1110053062438965,4.192687034606934,6.963392734527588,-9.010018348693848,-2.3545498847961426,-8.575515747070312,-12.112857818603516,-9.26997184753418,11.422497749328613,9.212010383605957,13.634255409240723,14.804657936096191,15.697266578674316,15.642718315124512,0.014890432357788086,0.3582821488380432,-0.7139096260070801,-0.15821662545204163,-8.666728973388672,-1.8101153373718262,3.6437199115753174,2.953721046447754,4.804407119750977,5.948448181152344,5.11784553527832,5.319883346557617
142,0.12634927034378052,4.328907489776611,-4.29187536239624,-2.5577690601348877,-5.072898864746094,-4.8700714111328125,10.160443305969238,9.649118423461914,2.070678949356079,2.2439136505126953,4.127196788787842,4.300315856933594,6.777011871337891,-5.813013553619385,-3.339414358139038,-8.471891403198242,-15.747909545898438,-11.312750816345215,13.457511901855469,11.255223274230957,15.376168251037598,13.813827514648438,14.296076774597168,14.207490921020508,0.04166579246520996,0.8305245041847229,-1.0497660636901855,-0.8841249346733093,-10.2490873336792,-2.25486421585083,4.923795700073242,3.7367465496063232,5.0131378173828125,6.395279884338379,5.284188270568848,5.610851287841797
143,-4.192105293273926,4.744936943054199,-6.578832149505615,-5.8025312423706055,-4.200144290924072,-4.644550323486328,10.479537963867188,10.5842924118042,2.0241236686706543,3.2525875568389893,4.075830459594727,4.345293998718262,3.192384958267212,-2.893771171569824,-3.799290657043457,-8.340621948242188,-16.909793853759766,-12.92358112335205,14.391222953796387,12.575166702270508,15.65876579284668,13.265206336975098,15.69088363647461,15.664463996887207,-0.8961918354034424,0.9779219031333923,-1.5907177925109863,-1.7116652727127075,-10.650702476501465,-2.266627311706543,5.426949501037598,4.537304401397705,5.50502347946167,6.0473527908325195,5.033881187438965,5.35482120513916
144,-1.991121530532837,4.548178672790527,-7.9955854415893555,-7.446433067321777,-4.073267459869385,-3.296374797821045,9.73498249053955,9.957212448120117,2.0259146690368652,2.9804935455322266,4.008792400360107,4.064096927642822,-1.0863707065582275,-3.680168390274048,-6.301556587219238,-13.00355339050293,-17.27591896057129,-13.971415519714355,20.47556495666504,14.135603904724121,15.67473316192627,13.67333698272705,-0.0015420629642903805,15.617857933044434,-0.3275045156478882,0.8825438618659973,-2.173712730407715,-2.682626485824585,-10.494650840759277,-1.3226569890975952,5.633092880249023,4.824825763702393,5.2608842849731445,6.0332722663879395,4.891819000244141,4.9192094802856445
145,-5.962039947509766,6.719653606414795,-4.580374717712402,-5.5942912101745605,-3.9650325775146484,8.844572067260742,4.267081260681152,7.721752643585205,1.9991121292114258,3.6435091495513916,14.856096267700195,3.7946736812591553,-5.108799934387207,-5.13153600692749,-8.682706832885742,-17.153350830078125,-16.62051773071289,-9.051502227783203,20.193384170532227,14.482184410095215,15.680023193359375,9.19314956665039,-0.0021756011992692947,15.61965274810791,-2.1652607917785645,1.511986255645752,-1.1094207763671875,-2.456409454345703,-5.061121940612793,3.2094666957855225,2.6604113578796387,3.3101799488067627,6.610772132873535,5.392674922943115,3.286198377609253,4.14277982711792
146,-6.900804042816162,9.217625617980957,3.8550612926483154,-0.6363824009895325,9.038839340209961,10.212940216064453,-17.02997589111328,-5.399841785430908,1.9379092454910278,4.44771146774292,9.501205444335938,8.548001289367676,-5.408761501312256,-4.019411563873291,-7.141180992126465,-17.71283531188965,-10.216584205627441,-1.7045105695724487,14.536980628967285,15.783101081848145,9.657722473144531,0.6646040678024292,-0.006379460915923119,-0.022952185943722725,-3.898210048675537,2.788050889968872,0.9656380414962769,0.05530964210629463,4.257043838500977,5.542832851409912,-3.609926223754883,-1.460801124572754,3.663127899169922,1.1871219873428345,1.7759900093078613,3.1445131301879883
147,-8.400871276855469,8.482932090759277,9.301082611083984,13.641643524169922,9.784969329833984,8.047780990600586,-23.201080322265625,-20.722274780273438,-6.702635765075684,-3.31842041015625,10.962387084960938,11.614739418029785,2.188767194747925,5.34468412399292,0.5947555899620056,-5.949296951293945,0.6421706080436707,6.152554035186768,5.410541534423828,6.378346920013428,-9.998908996582031,-15.674936294555664,-0.005630881059914827,0.011180264875292778,-5.290587425231934,4.026640892028809,1.9757773876190186,2.586838722229004,7.920989513397217,5.0618577003479,-5.112476348876953,-4.452728271484375,-6.641857147216797,-14.449865341186523,2.4472386837005615,2.4186911582946777
148,-10.420243263244629,6.631849765777588,7.169528961181641,7.143427848815918,8.443489074707031,6.131672382354736,-16.94113540649414,-8.424652099609375,-2.86236834526062,-1.922082543373108,14.18099594116211,13.115407943725586,4.1291422843933105,8.777499198913574,4.932397365570068,0.3876911401748657,2.4898650646209717,7.671078681945801,-0.6430290341377258,2.291398286819458,-12.8284330368042,-15.440269470214844,-0.026658818125724792,0.012528777122497559,-5.629909515380859,3.6652963161468506,1.6787424087524414,1.2751107215881348,7.338048934936523,2.2393102645874023,-3.7789077758789062,-1.2336845397949219,-3.9328019618988037,-6.774019718170166,3.4771082401275635,3.0509514808654785
149,-10.660520553588867,7.443709850311279,2.68652606010437,6.158473014831543,8.170771598815918,4.832158088684082,-8.071942329406738,-6.513763427734375,-2.922119140625,-5.176852226257324,14.000397682189941,11.359513282775879,5.50404167175293,5.949030876159668,6.769854545593262,5.112718105316162,3.70992374420166,4.342463493347168,-3.9874794483184814,-0.8220565915107727,-13.518683433532715,-12.98099422454834,-0.0008886335417628288,-0.0038097351789474487,-5.690249919891357,4.701651573181152,0.49294188618659973,1.4092360734939575,6.351356029510498,1.1281657218933105,-1.5467896461486816,-1.2642920017242432,-5.092733383178711,-7.202974796295166,3.1907799243927,2.3820791244506836
150,-10.796457290649414,7.289316177368164,-2.5307095050811768,4.44775915145874,7.831629276275635,3.5709755420684814,-4.151275634765625,-5.294678688049316,-2.8898215293884277,-2.9138786792755127,12.211119651794434,9.857110977172852,5.039072513580322,5.745429515838623,5.497241020202637,7.367666244506836,4.8075408935546875,4.034469127655029,-5.86583948135376,-3.291541337966919,-13.826502799987793,-13.884113311767578,-0.0017004180699586868,0.004828932695090771,-5.664015769958496,5.45888614654541,-0.6279661655426025,1.1100451946258545,5.148791790008545,0.833823561668396,-0.8589654564857483,-1.1336884498596191,-5.060863494873047,-6.814450263977051,2.617349863052368,2.033928871154785
151,-10.450094223022461,7.574384689331055,-5.5331501960754395,4.265899181365967,7.41699743270874,3.203601360321045,-1.9411975145339966,-3.5797901153564453,-2.766552686691284,-2.766307830810547,9.727925300598145,8.47870922088623,3.4769198894500732,4.484736442565918,2.340460777282715,8.127620697021484,6.109933376312256,3.563255786895752,-6.990612030029297,-5.109496593475342,-14.115911483764648,-14.098176002502441,-0.0004023415967822075,0.0072701796889305115,-5.879883289337158,5.7707839012146,-1.1051099300384521,1.1801972389221191,4.375548362731934,0.7541406154632568,-0.40041494369506836,-0.7829084396362305,-5.025914192199707,-7.123266696929932,1.9568463563919067,1.7161866426467896
152,-9.959341049194336,7.979243278503418,-5.828770160675049,4.222171783447266,6.857377052307129,2.7377994060516357,-0.18265193700790405,-1.548298716545105,-2.634340763092041,-2.6816153526306152,4.7058916091918945,6.890830039978027,1.8394438028335571,3.130863666534424,-0.5259698629379272,8.52429485321045,7.704998970031738,3.0984950065612793,-7.382054328918457,-6.101926803588867,-14.387773513793945,-14.214428901672363,-0.00045322906225919724,0.009437648579478264,-6.187736511230469,5.879157066345215,-1.188964605331421,1.1957567930221558,3.677337169647217,0.6155775189399719,0.037005603313446045,-0.295903742313385,-4.977806091308594,-7.130706787109375,0.7563096284866333,1.3577736616134644
153,-8.711210250854492,9.233844757080078,-5.443831443786621,4.379466533660889,6.357114791870117,2.706594705581665,1.4398503303527832,-0.22696265578269958,-2.4626376628875732,-2.4081826210021973,-2.546825408935547,2.5057199001312256,-0.526314377784729,-0.1305200159549713,-3.819999933242798,7.953207015991211,7.908817291259766,2.1172895431518555,-2.6519014835357666,-7.152927875518799,-14.703876495361328,-14.496112823486328,-15.697538375854492,-0.013038178905844688,-6.5274248123168945,5.991933822631836,-1.2623270750045776,1.1775847673416138,3.126049041748047,0.596674382686615,0.32563358545303345,0.0022435784339904785,-4.884363174438477,-6.730900764465332,-3.491609811782837,0.33431077003479004
154,-8.851759910583496,9.041991233825684,-2.277261734008789,4.047895908355713,6.120344161987305,5.508364677429199,0.7708783745765686,-1.781867265701294,-2.0119123458862305,-2.5984749794006348,-4.061084270477295,-3.3060836791992188,-2.6574389934539795,1.082802653312683,-4.384354591369629,8.431041717529297,10.773890495300293,3.2338457107543945,-2.6960608959198,-2.9567832946777344,-15.180811882019043,-14.422286987304688,-15.655546188354492,-15.439545631408691,-7.566627502441406,6.751319885253906,-0.390817791223526,1.1190460920333862,4.085333824157715,1.6290533542633057,0.11728519201278687,-0.4623454213142395,-3.9638733863830566,-5.965437889099121,-5.902626037597656,-3.0679125785827637
155,-7.701191425323486,8.9636869430542,-0.6794103980064392,2.4025964736938477,4.6051530838012695,3.5080502033233643,-0.5284397006034851,2.3940179347991943,-8.967642784118652,-2.5994694232940674,-4.352055549621582,-4.036213397979736,-5.874334335327148,1.0830620527267456,-4.648752689361572,9.423340797424316,15.328006744384766,2.5134682655334473,-3.350778341293335,-2.680715322494507,0.00016854109708219767,-14.689499855041504,-15.554326057434082,-15.608365058898926,-7.621603488922119,6.847888946533203,-0.09255078434944153,0.5976266860961914,2.849247932434082,0.7205233573913574,-0.16609328985214233,0.5990579128265381,-4.08880615234375,-5.504707336425781,-6.124362945556641,-5.602563381195068
156,-6.693285942077637,8.777374267578125,1.5051265954971313,0.29965928196907043,1.6437914371490479,4.563571929931641,-2.432279348373413,-0.4145555794239044,-8.576438903808594,-2.213773488998413,-4.498046398162842,-4.305770397186279,-11.696244239807129,0.8070415258407593,-4.201824188232422,10.350717544555664,17.743602752685547,2.15767765045166,-4.890555381774902,-3.26812744140625,0.00019536004401743412,-15.426608085632324,-15.6244535446167,-15.639166831970215,-7.696775913238525,7.16265869140625,0.34346964955329895,-0.02251983806490898,0.5774446129798889,1.1873688697814941,-0.6515136361122131,-0.19258564710617065,-2.99505877494812,-5.048980236053467,-6.020216941833496,-5.708940505981445
157,-5.9502787590026855,9.058304786682129,4.6153564453125,-4.2271409034729,-7.440589427947998,3.6110198497772217,-2.8008105754852295,-2.7289206981658936,-7.857626438140869,-7.687196731567383,-4.466184139251709,-4.247042179107666,-9.570009231567383,1.5476874113082886,-2.317145824432373,10.53213882446289,10.857962608337402,3.1672708988189697,-6.736062049865723,-4.875253677368164,0.00012492938549257815,-0.010094352066516876,-15.57187271118164,-15.62229061126709,-7.081630706787109,6.9691572189331055,0.9564319849014282,-0.7669241428375244,-1.73330557346344,0.7897416353225708,-0.7233614325523376,-0.7360068559646606,-2.248932361602783,-4.1541314125061035,-5.693458080291748,-5.372821807861328
158,-6.661435127258301,8.614473342895508,9.125082015991211,-5.726449489593506,-6.831303596496582,3.4877917766571045,-4.883719444274902,-3.7348484992980957,-1.0557620525360107,-6.981468677520752,-3.8061397075653076,-3.901232957839966,-5.19327449798584,3.203613519668579,2.4088456630706787,6.167124271392822,6.735793590545654,2.6541106700897217,-9.861393928527832,-6.761979579925537,-4.943084786646068e-05,0.003470631316304207,-15.65963363647461,-15.389016151428223,-5.904017448425293,5.215026378631592,2.1061675548553467,-0.9058197736740112,-1.2206493616104126,0.8259435892105103,-1.5140364170074463,-1.008312702178955,0.04798067733645439,-1.661605954170227,-4.296807765960693,-4.5461578369140625
159,-7.880377292633057,7.705007076263428,8.262640953063965,-2.856210947036743,-7.227182865142822,3.8120338916778564,-5.355586051940918,-5.128250598907471,4.963883399963379,0.11933852732181549,-2.8822319507598877,-3.675589084625244,-1.9175828695297241,4.9373908042907715,7.006801605224609,5.465801239013672,2.2457175254821777,5.153252601623535,-12.874444961547852,-9.547985076904297,1.5378904342651367,0.18348054587841034,-15.670355796813965,-15.671236991882324,-5.7433319091796875,3.8142125606536865,2.098125457763672,-0.41587889194488525,-1.540282964706421,0.9858622550964355,-1.8519749641418457,-1.5294783115386963,3.52795672416687,0.29697558283805847,-2.736727476119995,-3.9112472534179688
160,-9.184003829956055,6.074407577514648,6.881247043609619,-2.9118127822875977,-5.072656631469727,4.190666198730469,-4.6473917961120605,-5.165213108062744,10.075948715209961,5.008697032928467,-1.7402141094207764,-3.010277032852173,1.4485751390457153,4.833282947540283,9.86062240600586,3.979459524154663,1.18650221824646,7.732206344604492,-16.700572967529297,-13.351780891418457,-1.7233319282531738,10.724813461303711,-12.50198745727539,-15.048399925231934,-4.003151893615723,1.7915291786193848,2.0110878944396973,-0.5077695846557617,-1.0354366302490234,1.287424921989441,-1.9614496231079102,-1.8002853393554688,6.180385589599609,2.6131300926208496,-0.9731984734535217,-2.9952712059020996
161,-8.625140190124512,-0.4213298559188843,6.485232830047607,-1.3243324756622314,-7.611106872558594,1.073775291442871,-0.8257564902305603,-2.275574207305908,9.751054763793945,2.3979928493499756,9.132417678833008,-2.6001641750335693,0.23814710974693298,3.053145170211792,9.76211166381836,1.3719121217727661,0.5681257247924805,7.414512634277344,-19.592267990112305,-15.631577491760254,-1.1080865859985352,15.700448989868164,11.395578384399414,-12.35693073272705,-2.6488094329833984,-0.3679405450820923,2.0573666095733643,-0.19289888441562653,-2.3548126220703125,0.14647960662841797,-0.18109393119812012,-0.7496152520179749,7.449117183685303,5.081254959106445,2.640660285949707,-1.4166431427001953
162,-1.6808559894561768,-4.542437553405762,4.556804180145264,-2.764472484588623,-8.528339385986328,0.49251946806907654,11.725946426391602,8.799028396606445,9.0374755859375,1.974390983581543,4.111043453216553,4.874072551727295,-2.887321949005127,-5.66417932510376,0.002804778516292572,-6.244604587554932,-1.4458614587783813,5.298611640930176,-10.502082824707031,-11.982961654663086,1.6533571481704712,15.594202995300293,15.549703598022461,-2.928511619567871,-0.0772339403629303,-1.1893013715744019,1.238847017288208,-0.6265542507171631,-4.1596903800964355,0.09055817127227783,2.036886215209961,1.6557538509368896,6.642260551452637,4.991875648498535,6.280486583709717,1.1099390983581543
163,0.15881018340587616,-3.039353609085083,7.931885719299316,1.025455355644226,-8.241588592529297,-2.5345242023468018,16.637357711791992,13.403429985046387,7.661862373352051,2.0113301277160645,4.476373672485352,7.014892578125,2.222177505493164,-7.452596664428711,-0.17250002920627594,-7.752742767333984,-4.896096706390381,0.5510101914405823,-0.2742626667022705,-4.870787620544434,5.319332599639893,15.688398361206055,15.682201385498047,15.09091854095459,0.09964466094970703,-0.8449993133544922,1.707091212272644,0.3119727373123169,-6.23520565032959,-0.5889852046966553,3.6705684661865234,2.415623188018799,6.613887786865234,5.032922744750977,5.7651519775390625,4.981954574584961
164,-0.7413301467895508,-3.671680450439453,2.4709489345550537,3.3107750415802,-6.940769195556641,-3.4492998123168945,12.486101150512695,12.480249404907227,5.767247200012207,1.9867300987243652,4.1010026931762695,4.3414306640625,6.602078437805176,-7.949124336242676,-0.052987851202487946,-6.307518005371094,-8.942659378051758,-3.687547206878662,6.374448299407959,3.1399102210998535,9.277447700500488,15.65855884552002,15.614901542663574,15.628016471862793,-0.15786969661712646,-1.1447293758392334,0.28531572222709656,0.6060366630554199,-7.2748637199401855,-0.8419078588485718,3.308445930480957,2.857933521270752,5.89993953704834,4.993626594543457,5.052931785583496,5.091705799102783
165,-1.526726245880127,-1.9266881942749023,0.06471973657608032,1.5540062189102173,-6.200502872467041,-5.218780994415283,10.854936599731445,10.162556648254395,4.183041095733643,4.833779335021973,4.08753776550293,4.228816032409668,7.182902812957764,-9.849710464477539,-0.7316910624504089,-6.883126258850098,-11.25477123260498,-8.64815616607666,10.255810737609863,7.863962173461914,12.583036422729492,14.386393547058105,15.699005126953125,15.607418060302734,-0.27106988430023193,-0.4650857150554657,-0.07870367169380188,0.20248572528362274,-8.17391300201416,-1.835245132446289,3.6686601638793945,2.836697578430176,5.388505458831787,5.988851547241211,5.174280166625977,5.337200164794922
166,0.6823267936706543,3.2644834518432617,-2.3961288928985596,-1.3083373308181763,-4.929346561431885,-5.02515172958374,10.751225471496582,9.915742874145508,2.316835880279541,2.1088297367095947,4.219766139984131,4.274256706237793,6.210968971252441,-8.084434509277344,-2.218351125717163,-7.291775226593018,-15.601678848266602,-11.604618072509766,13.086150169372559,10.876155853271484,15.567632675170898,15.410489082336426,15.607860565185547,15.670360565185547,0.26145362854003906,0.7334133982658386,-0.6068458557128906,-0.45763835310935974,-9.518997192382812,-2.3780784606933594,4.843182563781738,3.5094330310821533,5.069591045379639,6.629923343658447,5.355727195739746,5.713229179382324
167,-2.1267693042755127,4.311344146728516,-5.757321357727051,-5.136437892913818,-4.231875896453857,-4.84725284576416,10.68690013885498,10.467901229858398,2.1646127700805664,2.743472099304199,4.134979724884033,5.197065830230713,5.304828643798828,-2.64017391204834,-1.3156304359436035,-5.138643741607666,-16.846731185913086,-13.102052688598633,14.304601669311523,12.298538208007812,15.674915313720703,13.833221435546875,15.689223289489746,15.670913696289062,-0.44734323024749756,0.8962808847427368,-1.321824550628662,-1.377421498298645,-10.01105785369873,-2.6503732204437256,5.515506744384766,4.3608222007751465,5.5390729904174805,6.56577205657959,5.250608444213867,5.717093467712402
168,-2.323776960372925,4.048618316650391,-8.484759330749512,-8.062021255493164,-3.875638961791992,-4.408051013946533,9.757795333862305,9.886497497558594,2.003835678100586,2.761045455932617,4.077413558959961,4.218837738037109,0.31591796875,-2.7447152137756348,-4.571963310241699,-9.604819297790527,-17.600078582763672,-14.675134658813477,15.506977081298828,13.83362865447998,15.663681030273438,14.195403099060059,15.681318283081055,15.63675308227539,-0.4525662660598755,0.7839800715446472,-2.1529531478881836,-2.523472309112549,-10.265305519104004,-2.672130584716797,5.57032585144043,4.617265224456787,5.548660755157471,6.304990768432617,5.083070278167725,5.261375427246094
169,-2.7578275203704834,3.905749559402466,-8.0562105178833,-7.490968704223633,-3.7615718841552734,-0.2482103705406189,8.663233757019043,9.529815673828125,2.0128066539764404,2.849972724914551,6.167359828948975,4.060310363769531,-4.500436782836914,-4.4001994132995605,-7.601968765258789,-15.001216888427734,-18.13165855407715,-13.955606460571289,21.180206298828125,14.864030838012695,15.684900283813477,13.431999206542969,-0.0017592073418200016,15.583288192749023,-0.6477676033973694,0.7330886721611023,-2.2115695476531982,-2.911065101623535,-8.648741722106934,0.20004375278949738,5.496782302856445,4.949672222137451,6.032004356384277,6.142338275909424,4.734624862670898,4.7963104248046875
170,-5.590670585632324,7.8526811599731445,-2.914386749267578,-4.6575846672058105,-1.440565824508667,10.359626770019531,1.6214221715927124,5.380894184112549,1.9963226318359375,4.195566654205322,13.20174503326416,3.6117749214172363,-7.777099132537842,-5.673980236053467,-9.121150970458984,-18.2724609375,-16.760427474975586,-7.586867332458496,19.802919387817383,14.076600074768066,15.696447372436523,7.307554721832275,-0.0028304364532232285,15.529692649841309,-2.3618459701538086,2.0067155361175537,-0.586151123046875,-2.1890347003936768,-0.4805963933467865,5.067671775817871,0.4757615923881531,1.8797199726104736,6.720284461975098,5.256720542907715,2.722252607345581,3.8237428665161133
171,-6.606541156768799,9.332928657531738,6.259247303009033,3.278968334197998,10.52129077911377,9.668981552124023,-23.450084686279297,-14.479852676391602,1.579967975616455,-4.529536247253418,8.484363555908203,14.121956825256348,-5.01278829574585,0.8393424153327942,-5.938405990600586,-15.713985443115234,-10.065085411071777,3.059113025665283,11.341442108154297,12.325203895568848,14.087814331054688,-14.305800437927246,0.0002948853652924299,0.04614714905619621,-3.981382369995117,3.281266212463379,1.3734869956970215,0.9013870358467102,7.296562671661377,6.080067157745361,-5.4117841720581055,-2.9826712608337402,1.7749433517456055,-2.1329455375671387,1.5728529691696167,3.1415138244628906
172,-8.415674209594727,6.445574760437012,9.990937232971191,9.936248779296875,9.741297721862793,7.406026363372803,-20.959497451782227,-14.418412208557129,-7.0155816078186035,-1.842402458190918,11.728777885437012,14.132637977600098,1.1371197700500488,6.1843719482421875,0.838344395160675,-7.309542655944824,0.8607112169265747,5.835223197937012,3.4904794692993164,5.988572120666504,-9.1832914352417,-15.389520645141602,-0.02066875249147415,0.15318703651428223,-3.660074234008789,1.933696985244751,2.1571407318115234,1.7152365446090698,8.927117347717285,3.49631404876709,-4.435450553894043,-2.5027098655700684,-4.4046735763549805,-12.248990058898926,2.740734338760376,3.2852954864501953
173,-9.604118347167969,7.304009437561035,6.371793746948242,8.411486625671387,8.417673110961914,7.067258358001709,-13.175236701965332,-9.308879852294922,-3.1118900775909424,-5.3641228675842285,14.718109130859375,13.887460708618164,4.097672462463379,4.207624912261963,5.483542442321777,-0.16810667514801025,2.6310296058654785,3.039308786392212,-1.5141847133636475,1.5832661390304565,-12.97043514251709,-12.019172668457031,0.00025913212448358536,0.03421331197023392,-3.9403910636901855,2.646324872970581,1.3779208660125732,1.553623914718628,7.249113082885742,2.08660626411438,-2.655827045440674,-1.6101326942443848,-4.760650157928467,-8.504995346069336,3.649463415145874,3.1564464569091797
174,-10.470288276672363,7.368926048278809,1.706074833869934,5.640506744384766,8.309805870056152,5.261148452758789,-5.040806770324707,-6.470726490020752,-3.204685688018799,-3.071866035461426,15.259247779846191,12.446647644042969,5.417779922485352,5.72543478012085,7.259238243103027,4.289298057556152,2.945953845977783,3.4550864696502686,-3.665444850921631,-1.406783938407898,-13.06975269317627,-13.615579605102539,-0.000468262005597353,0.007980084046721458,-4.234138488769531,4.487496376037598,0.25025224685668945,1.197445034980774,6.524585247039795,1.2996045351028442,-0.8433507084846497,-1.2547121047973633,-5.261221885681152,-6.682169437408447,3.674146890640259,2.698660373687744
175,-10.587160110473633,7.305666923522949,-2.9128060340881348,5.064428329467773,8.177671432495117,3.772157669067383,-1.87239408493042,-3.584021806716919,-3.0974533557891846,-2.843636989593506,14.098774909973145,11.408529281616211,5.0287861824035645,5.620907783508301,6.0560150146484375,6.531112194061279,3.549443483352661,3.2463431358337402,-4.637241363525391,-3.228365182876587,-13.462705612182617,-14.02347183227539,-0.00275250943377614,0.0013561499072238803,-4.196471691131592,4.808413505554199,-0.6516640186309814,1.278146743774414,5.638019561767578,0.8387953639030457,-0.30708378553390503,-0.6853384971618652,-5.3872480392456055,-6.9167985916137695,3.1886208057403564,2.4402098655700684
176,-10.322871208190918,7.578878402709961,-5.894079208374023,4.646223545074463,7.897520065307617,3.215848445892334,-0.3738374710083008,-1.6418157815933228,-2.922410011291504,-2.7199249267578125,12.184528350830078,10.261861801147461,3.7419703006744385,4.168166160583496,2.923215627670288,7.315467357635498,4.52311372756958,2.8271148204803467,-5.126730442047119,-4.2486748695373535,-13.811595916748047,-14.101996421813965,-0.019760236144065857,0.003240069607272744,-4.271757125854492,4.94209098815918,-1.1515400409698486,1.2318657636642456,4.995250225067139,0.7273468971252441,-0.02347743511199951,-0.2993473410606384,-5.397547721862793,-7.0730767250061035,2.5990335941314697,2.146836757659912
177,-9.973609924316406,7.94052791595459,-6.155845642089844,4.396399974822998,7.521780490875244,3.0824406147003174,0.6873555779457092,-0.05284784734249115,-2.7764463424682617,-2.5405523777008057,9.569991111755371,9.062705039978027,2.4502370357513428,3.157851219177246,-0.10171666741371155,7.7146897315979,5.71908712387085,2.8447723388671875,-5.1573615074157715,-4.569566249847412,-14.115663528442383,-14.352622985839844,-0.013277843594551086,0.005023788660764694,-4.57062292098999,5.066428184509277,-1.234846591949463,1.1904151439666748,4.473856449127197,0.7117670178413391,0.1566864252090454,0.05679965019226074,-5.3907470703125,-7.14946985244751,1.9129191637039185,1.8594404458999634
178,-9.648364067077637,8.305007934570312,-5.768941879272461,4.096175670623779,7.059835433959961,3.1223366260528564,1.46702241897583,1.6809930801391602,-2.6437501907348633,-2.557992458343506,3.021223783493042,6.901610851287842,-1.2847414016723633,-0.9078439474105835,-5.101205825805664,6.490523815155029,6.393788814544678,1.111831545829773,-5.042236804962158,-4.912387371063232,-14.513143539428711,-14.862256050109863,-0.0066248830407857895,0.0031799906864762306,-4.916088581085205,5.11623477935791,-1.2452218532562256,1.116257905960083,3.965087652206421,0.7272927761077881,0.27749988436698914,0.35196930170059204,-5.384153842926025,-7.043059349060059,0.3550984263420105,1.3318511247634888
179,-8.6654691696167,9.311628341674805,-3.048426866531372,4.244555950164795,6.8949408531188965,6.5597615242004395,-3.4356768131256104,-3.526792049407959,-2.4253196716308594,-2.285702705383301,-2.6968090534210205,0.9070801138877869,-1.758666753768921,-0.4291565418243408,-5.1615309715271,8.279630661010742,7.919588088989258,2.266272783279419,-1.6267025470733643,-6.351738452911377,-14.798630714416504,-14.736554145812988,-15.630077362060547,-0.002335932105779648,-5.981961250305176,6.238961696624756,-0.6318361759185791,1.1492424011230469,4.413599967956543,2.2603940963745117,-0.8921648263931274,-1.102529764175415,-4.617445945739746,-6.153611660003662,-3.654423236846924,-0.04691934585571289
180,-8.66681957244873,9.038934707641602,-0.3091384470462799,3.4633193016052246,6.348169326782227,4.089992523193359,2.2019801139831543,2.761704206466675,-2.3253893852233887,-2.4149386882781982,-4.069550514221191,-2.670792579650879,-0.8205736875534058,0.6887191534042358,-4.484867572784424,9.351527214050293,8.783677101135254,2.426356315612793,-1.7203487157821655,-1.2365779876708984,-15.491379737854004,-14.846287727355957,-15.585026741027832,-15.60817813873291,-6.162531852722168,5.809819221496582,0.04987403750419617,0.9444859623908997,4.387545108795166,0.8570256233215332,0.6308532357215881,0.7997472286224365,-4.1859540939331055,-5.582245826721191,-5.543783187866211,-3.3894662857055664
181,-8.954055786132812,8.932785034179688,-0.5535641312599182,1.683599829673767,6.109813213348389,5.47032356262207,-0.4343433976173401,2.839794635772705,-4.7449750900268555,-2.3460988998413086,-4.451267719268799,-4.024414539337158,-2.571539878845215,0.12973760068416595,-4.854516983032227,9.964563369750977,12.209214210510254,2.661980152130127,-2.16279935836792,-0.5574424862861633,0.00042818766087293625,-7.351466178894043,-15.478196144104004,-15.528488159179688,-6.602459907531738,6.3152546882629395,-0.1414543092250824,0.41091418266296387,3.977177858352661,1.559719204902649,-0.18952268362045288,0.5573071837425232,-4.503422737121582,-5.64072847366333,-5.988362789154053,-5.2789306640625
182,-8.104547500610352,9.031911849975586,1.7212432622909546,0.022110577672719955,4.699118137359619,5.765115261077881,-2.5763118267059326,-0.13755802810192108,-8.867677688598633,-9.114043235778809,-4.5624237060546875,-4.241714000701904,-4.77254056930542,0.6376236081123352,-4.372129917144775,10.967907905578613,14.532173156738281,2.520102024078369,-3.7431821823120117,-1.0461527109146118,0.0001820149482227862,0.014680370688438416,-15.53292179107666,-15.58538818359375,-6.970008850097656,6.935604572296143,0.3803355395793915,-0.0868624597787857,2.6450247764587402,1.5355103015899658,-0.6643763184547424,-0.13837626576423645,-3.6263442039489746,-5.227523326873779,-6.002151012420654,-5.32328987121582
183,-7.1896467208862305,8.932559967041016,4.247493267059326,-2.7385478019714355,2.582364797592163,3.9335439205169678,-2.998941421508789,-0.6195057034492493,-8.54668140411377,-9.021745681762695,-4.408420562744141,-4.1238322257995605,-6.743224143981934,2.697579860687256,-1.5695405006408691,5.598209381103516,16.85638427734375,1.6405892372131348,-6.0237226486206055,-0.9677822589874268,0.00027251639403402805,-0.007415520027279854,-15.62774658203125,-15.224157333374023,-6.7922749519348145,6.572798252105713,0.8518277406692505,-0.47921454906463623,1.087509274482727,0.842829167842865,-0.7433697581291199,-0.14958375692367554,-2.968644618988037,-4.151856422424316,-5.561868667602539,-4.981052398681641
184,-7.071638107299805,8.101637840270996,4.911495208740234,-0.19583044946193695,-5.821547985076904,4.26513671875,-4.700493335723877,-6.445766925811768,-6.69390344619751,-8.531225204467773,-3.9946799278259277,-4.223324775695801,-6.001920223236084,4.416853904724121,1.543515682220459,7.2537641525268555,12.192441940307617,2.3073360919952393,-8.98105239868164,-4.358956813812256,6.758840754628181e-05,-0.011805655434727669,-15.6710786819458,-15.532869338989258,-7.642213821411133,6.291062831878662,1.0396277904510498,0.037677038460969925,-1.3219077587127686,1.007472276687622,-1.3866355419158936,-1.7105798721313477,-1.5592080354690552,-2.889404773712158,-4.7672600746154785,-5.262996673583984
185,-7.904979228973389,7.668552875518799,6.2215189933776855,-3.0476737022399902,-7.980946063995361,3.7627944946289062,-4.309027671813965,-4.301903247833252,0.6814848780632019,-5.91035270690918,-3.2907958030700684,-3.8355937004089355,-1.9474895000457764,4.916011810302734,4.998333930969238,7.522657871246338,6.693894863128662,3.0951802730560303,-12.05775260925293,-7.522245407104492,1.877361536026001,0.0010161539539694786,-15.692997932434082,-15.6975679397583,-6.399084568023682,5.034697532653809,1.5278406143188477,-0.5756391286849976,-1.6299031972885132,0.8703556060791016,-1.3803215026855469,-1.0296595096588135,0.4246765971183777,-1.2432667016983032,-3.379408121109009,-4.455012321472168
186,-9.075400352478027,7.341419219970703,6.61998987197876,-3.7673707008361816,-6.25970458984375,4.365175247192383,-4.301630973815918,-4.247981548309326,4.562562465667725,2.755394220352173,-2.4180104732513428,-3.258960008621216,0.8248757123947144,5.276292324066162,8.455248832702637,6.101835250854492,3.8868796825408936,5.229844093322754,-15.2859468460083,-10.49950885772705,13.593025207519531,3.3287689685821533,-14.367210388183594,-15.695844650268555,-5.6004180908203125,3.5157980918884277,1.8555539846420288,-0.6397981643676758,-1.1891069412231445,1.1831848621368408,-1.694035291671753,-1.2704572677612305,4.364109992980957,0.9785869121551514,-1.9305189847946167,-3.3697409629821777
187,-10.041136741638184,4.679793834686279,6.2989821434021,-4.317391872406006,-8.377497673034668,4.019248008728027,-3.14799427986145,-3.9213500022888184,9.082618713378906,4.471057415008545,4.445932388305664,-2.0159895420074463,2.610044240951538,3.386889696121216,9.286104202270508,2.738300323486328,0.6747545003890991,7.677791118621826,-19.2103214263916,-13.920141220092773,-1.631654977798462,13.612288475036621,-2.842670202255249,-14.056391716003418,-3.7543063163757324,1.0574536323547363,1.9348634481430054,-0.7775970697402954,-2.6015360355377197,1.1569702625274658,-1.5261635780334473,-1.3895533084869385,7.244218826293945,4.399111747741699,1.0836846828460693,-1.4531223773956299
188,-8.18481731414795,-1.081886887550354,6.1523261070251465,-3.022246837615967,-8.095335006713867,1.3303608894348145,2.655003786087036,1.9153918027877808,9.738285064697266,1.9422030448913574,3.9298510551452637,2.167069435119629,0.18510757386684418,0.05167420580983162,8.438631057739258,-1.6779004335403442,0.1353251188993454,6.8013596534729,-17.514183044433594,-14.307621955871582,-1.0721750259399414,15.700810432434082,15.543402671813965,-6.664222240447998,-2.214540481567383,-0.45671504735946655,1.735526442527771,-0.5674716830253601,-3.1762807369232178,0.2307802438735962,0.6661702990531921,0.5636987686157227,7.033359527587891,5.009642124176025,6.053400039672852,0.6503967642784119
189,-4.168728351593018,-2.3557887077331543,5.277842998504639,-0.9218069314956665,-8.178621292114258,0.4406125843524933,15.424605369567871,11.050179481506348,8.935882568359375,2.05111026763916,4.37224006652832,6.987677574157715,-3.716671943664551,-6.698468208312988,-0.003735058009624481,-6.58290958404541,-1.5463149547576904,4.849794864654541,-6.185682773590088,-9.110993385314941,1.165756106376648,15.70155143737793,15.517647743225098,15.60359001159668,-0.9047308564186096,-0.6633221507072449,0.9497770071029663,-0.1557786613702774,-5.226099491119385,0.06381940841674805,2.9397153854370117,1.8747234344482422,6.487949848175049,4.773974895477295,6.277792453765869,5.179512023925781
190,-1.5882407426834106,-0.9132884740829468,4.969849109649658,2.8630576133728027,-8.228978157043457,-2.3807923793792725,15.165375709533691,11.654928207397461,7.828758716583252,1.9832736253738403,4.37148904800415,4.403692245483398,0.8566884398460388,-4.732434272766113,-0.036436185240745544,-6.761575698852539,-5.246685028076172,0.22456863522529602,3.6962087154388428,-0.11276081204414368,4.854227542877197,15.70442008972168,15.685062408447266,14.011159896850586,-0.2318021059036255,-0.1622987985610962,0.9854778051376343,0.6296219229698181,-6.932133197784424,-0.5598487854003906,3.721891164779663,2.333216428756714,6.251407623291016,4.784570693969727,5.6346282958984375,5.262353420257568
191,0.20912428200244904,-3.4732346534729004,0.8396627902984619,2.323521375656128,-6.917829990386963,-4.76336669921875,11.043557167053223,10.018111228942871,5.844576358795166,2.0048582553863525,4.225230693817139,4.422378063201904,6.034033298492432,-5.663572788238525,-0.09005263447761536,-6.336604595184326,-9.891654968261719,-4.273442268371582,9.069378852844238,5.406888484954834,9.858732223510742,4.208571434020996,15.646883964538574,15.613188743591309,0.1231539249420166,-1.0352210998535156,0.011944860219955444,0.36459881067276,-8.236069679260254,-1.3375487327575684,3.29179310798645,2.4452106952667236,5.519528388977051,5.099503040313721,5.369396686553955,5.235013961791992
192,-3.0422399044036865,0.21867994964122772,-3.5684101581573486,0.09794164448976517,-5.7903289794921875,-4.8397440910339355,9.451327323913574,9.76106071472168,3.8018009662628174,4.653470993041992,4.088357925415039,4.122315883636475,4.493005752563477,-9.130507469177246,-3.204887866973877,-8.52003002166748,-11.615078926086426,-9.733312606811523,11.930072784423828,9.098343849182129,12.912967681884766,12.901906967163086,15.68864631652832,15.578082084655762,-0.6435533761978149,0.19900625944137573,-0.9443614482879639,-0.0542835108935833,-8.269923210144043,-1.687046766281128,3.4338831901550293,3.007979393005371,4.859058856964111,5.856951713562012,5.066449165344238,5.133172988891602
193,2.32943058013916,3.871332883834839,-3.9752249717712402,-3.052460193634033,-4.826498031616211,-4.7219133377075195,10.281438827514648,9.915837287902832,2.16685152053833,2.6954233646392822,4.231778621673584,4.317476272583008,8.750652313232422,-3.343494415283203,-1.5692249536514282,-4.525774955749512,-16.14925193786621,-12.276312828063965,13.104981422424316,10.770380020141602,15.212480545043945,13.37015151977539,15.6972017288208,14.572637557983398,0.7893663644790649,0.7432835698127747,-0.9835580587387085,-1.0718799829483032,-10.347624778747559,-2.331796646118164,5.284238815307617,3.8018505573272705,5.013525485992432,6.453765869140625,5.307036399841309,5.690865516662598
194,-6.2816948890686035,3.055074453353882,-6.454146385192871,-6.609805107116699,-4.137739181518555,-4.507294654846191,10.167223930358887,10.291511535644531,2.0090115070343018,2.8389079570770264,4.161977291107178,4.205785274505615,1.051819086074829,-3.444584369659424,-4.719906806945801,-8.5707368850708,-17.06772232055664,-14.350725173950195,14.786291122436523,12.743896484375,15.663473129272461,14.487409591674805,15.690616607666016,15.625009536743164,-1.793805718421936,0.5591709017753601,-1.5928840637207031,-1.9282816648483276,-9.7003812789917,-2.6310462951660156,5.429528713226318,4.398069381713867,5.879546642303467,6.0891337394714355,5.344203948974609,5.397027492523193
195,0.9337452054023743,3.678630828857422,-7.984735012054443,-8.250710487365723,-4.043740272521973,-2.6222879886627197,9.674286842346191,9.735893249511719,2.0383856296539307,2.5575969219207764,4.049802303314209,4.137545585632324,-1.4247692823410034,-3.3291854858398438,-7.6084370613098145,-13.112245559692383,-17.74324607849121,-15.107072830200195,15.81607723236084,14.179190635681152,15.654989242553711,14.34373950958252,15.66409969329834,15.626996040344238,0.43352842330932617,0.716852605342865,-2.2859549522399902,-3.152869462966919,-10.161575317382812,-1.0112833976745605,5.821429252624512,4.663684368133545,5.507010459899902,6.360038757324219,4.894374370574951,5.0127458572387695
196,-5.318272590637207,5.213270664215088,-4.505873203277588,-5.5939154624938965,-3.5788724422454834,9.632113456726074,5.095327377319336,7.468742370605469,2.0012598037719727,3.5318448543548584,17.057857513427734,3.909065008163452,-6.438927173614502,-5.2180094718933105,-9.446447372436523,-17.86484146118164,-17.87759017944336,-9.75206184387207,20.617422103881836,14.382856369018555,15.64401912689209,9.177955627441406,-0.002105237916111946,15.330782890319824,-2.1265788078308105,1.0745866298675537,-1.1156132221221924,-2.4870340824127197,-4.453052997589111,4.1617584228515625,3.7505924701690674,3.1250293254852295,6.865771293640137,5.47033166885376,4.370800018310547,4.260540962219238
197,-6.3813066482543945,8.74980640411377,4.7440290451049805,-0.667910099029541,9.5369291305542,10.553107261657715,-18.776723861694336,-9.232536315917969,1.9687076807022095,5.808708667755127,8.839116096496582,3.1541316509246826,-6.38905668258667,-4.148915767669678,-7.417987823486328,-18.0168399810791,-12.327845573425293,-2.930150270462036,14.464792251586914,14.357940673828125,15.607492446899414,1.3179243803024292,-0.004303662106394768,-0.022458981722593307,-3.6459732055664062,2.499126672744751,1.1273581981658936,0.04023270681500435,5.902699947357178,6.168999195098877,-4.273951053619385,-2.25624418258667,4.350393295288086,2.095846176147461,1.4906703233718872,3.2147960662841797
198,-7.882588863372803,8.520692825317383,8.40311336517334,11.019308090209961,10.520913124084473,8.560739517211914,-22.758405685424805,-19.848142623901367,-6.825131416320801,-3.8948700428009033,9.020492553710938,12.700140953063965,-0.27171391248703003,0.06691411137580872,-1.0654228925704956,-8.771064758300781,-0.05858519673347473,2.048382520675659,5.75910758972168,5.741238117218018,-7.779015064239502,-8.997258186340332,0.01921350136399269,-0.11301177740097046,-4.212961673736572,3.6355366706848145,1.6851699352264404,1.979535460472107,8.259005546569824,5.540135383605957,-4.829604148864746,-4.130112171173096,-2.6958680152893066,-12.17969036102295,1.9087541103363037,2.759993076324463
199,-9.581435203552246,8.162432670593262,6.59721565246582,7.5205159187316895,8.529648780822754,7.440884113311768,-15.886242866516113,-10.862102508544922,-2.9057395458221436,-3.642937183380127,13.409651756286621,13.3104887008667,3.750178098678589,3.9070587158203125,4.19119119644165,-0.7607319355010986,2.2549922466278076,3.380420446395874,-0.43767714500427246,0.5150799751281738,-13.092415809631348,-12.935619354248047,0.001028802478685975,0.03655615821480751,-4.230651378631592,3.5238046646118164,1.438491940498352,1.3089905977249146,7.119575500488281,2.4776198863983154,-3.3084301948547363,-1.8892197608947754,-4.24813175201416,-8.185847282409668,3.30322527885437,3.0468435287475586
200,-10.513616561889648,7.479833602905273,2.9729371070861816,5.935468673706055,8.371570587158203,5.5259785652160645,-3.8191208839416504,-5.08742094039917,-3.1042237281799316,-3.063771963119507,15.534059524536133,12.6834077835083,5.507840633392334,5.9561638832092285,6.9962310791015625,4.050653457641602,2.8688173294067383,3.6104023456573486,-2.1749956607818604,-2.003028631210327,-13.234780311584473,-13.579811096191406,-0.0004585273563861847,0.004316633101552725,-4.658587455749512,4.508668899536133,0.6119743585586548,1.2904783487319946,6.349054336547852,1.3965861797332764,-0.4009523093700409,-0.8813841938972473,-4.955318450927734,-7.254228591918945,3.881605386734009,2.8051180839538574
201,-10.751585960388184,7.170363426208496,-1.2758342027664185,5.243900299072266,8.166534423828125,3.8891565799713135,-1.1068257093429565,-2.8294856548309326,-3.0354695320129395,-2.8404884338378906,14.260229110717773,11.359416007995605,5.4934306144714355,6.366824150085449,7.012449741363525,6.643126487731934,3.623335838317871,3.4496095180511475,-2.6364529132843018,-3.416935682296753,-13.558897972106934,-14.047383308410645,-0.0019342040177434683,0.002327378373593092,-4.548233509063721,4.803887367248535,-0.3858724534511566,1.3220399618148804,5.3904194831848145,0.8707934617996216,-0.13323327898979187,-0.5445513725280762,-5.272220611572266,-7.085233211517334,3.2318947315216064,2.4136037826538086
202,-10.527603149414062,7.313488006591797,-5.696415424346924,4.769480228424072,7.840211868286133,3.4124155044555664,-0.35981449484825134,-1.3506234884262085,-2.8872501850128174,-2.6787564754486084,12.049039840698242,10.052759170532227,4.14695930480957,5.257994651794434,4.137004375457764,7.433957099914551,4.702763080596924,3.3174569606781006,-2.999319553375244,-4.256834030151367,-13.883413314819336,-14.30943775177002,-0.004020260646939278,0.005463169887661934,-4.604441165924072,4.910820007324219,-1.121551513671875,1.2740709781646729,4.704640865325928,0.7929436564445496,-0.048637449741363525,-0.2506495714187622,-5.3764848709106445,-7.222325325012207,2.5486600399017334,2.0891942977905273
203,-10.125017166137695,7.696183681488037,-6.187337398529053,4.679057598114014,7.400481224060059,2.8733229637145996,-0.18785691261291504,0.3318130373954773,-2.745253086090088,-2.5804998874664307,8.973002433776855,8.813843727111816,2.752309799194336,4.108857154846191,0.9781988263130188,7.850903034210205,6.034350872039795,3.2274017333984375,-3.283720016479492,-4.451634883880615,-14.186365127563477,-14.51637077331543,-0.0028426265344023705,0.0066332388669252396,-4.903853893280029,4.990869998931885,-1.2030243873596191,1.2859466075897217,4.106960296630859,0.6459622383117676,-0.03483062982559204,0.12799590826034546,-5.386670112609863,-7.278314590454102,1.754271149635315,1.8005207777023315
204,-9.749350547790527,8.014558792114258,-6.055404186248779,4.349647521972656,6.856581687927246,2.9828546047210693,0.36591672897338867,1.8218516111373901,-2.614588737487793,-2.508735418319702,1.4163732528686523,6.759511947631836,-1.0961699485778809,-0.12952864170074463,-4.3835296630859375,6.664285659790039,6.849708080291748,1.739722728729248,-3.6150200366973877,-4.74460506439209,-14.579615592956543,-14.880227088928223,-0.0029544690623879433,0.0028971023857593536,-5.225259780883789,5.022024154663086,-1.2787156105041504,1.1959136724472046,3.5501039028167725,0.7068116664886475,0.08643835783004761,0.3696069121360779,-5.41310977935791,-7.146437644958496,-0.004569776356220245,1.305248498916626
205,-8.68327522277832,9.141827583312988,-3.209850788116455,4.371345520019531,6.620903491973877,6.299646854400635,-3.7919089794158936,-3.3225045204162598,-2.4102628231048584,-2.365644693374634,-3.0367696285247803,1.1710221767425537,-1.8638710975646973,0.12171822041273117,-4.721822261810303,8.361117362976074,8.765619277954102,2.234771728515625,-0.3067164719104767,-6.113842964172363,-14.841604232788086,-14.73934268951416,-15.636100769042969,-0.0028586601838469505,-6.256759166717529,6.0707621574401855,-0.6557488441467285,1.1816939115524292,3.910543918609619,2.065857410430908,-0.9033414721488953,-1.0374641418457031,-4.677402973175049,-6.29904842376709,-4.2398762702941895,0.021367192268371582
206,-8.93535327911377,8.891446113586426,-0.9837238788604736,3.554428815841675,6.238064765930176,4.1108479499816895,1.6672272682189941,2.655972719192505,-2.0684237480163574,-2.3930370807647705,-4.162088394165039,-2.617198944091797,-1.1986057758331299,1.213050127029419,-4.508504390716553,9.354497909545898,9.8641357421875,2.867645263671875,-0.6221092343330383,-1.0197370052337646,-15.576095581054688,-14.952376365661621,-15.557353019714355,-15.57979679107666,-6.414767742156982,5.708369255065918,-0.13365048170089722,0.9766439199447632,3.614433526992798,0.8741227388381958,0.5313578248023987,0.768204391002655,-4.283748626708984,-5.688002109527588,-5.651125907897949,-3.312408447265625
207,-8.322272300720215,8.925148010253906,-0.884049117565155,1.7900922298431396,4.989786624908447,5.297194480895996,-0.9290578365325928,2.9119374752044678,-9.057852745056152,-2.372434616088867,-4.488518238067627,-4.051783084869385,-3.6781229972839355,0.786762535572052,-5.2173171043396,10.023259162902832,13.587700843811035,1.9724085330963135,-1.3470115661621094,-0.35754305124282837,-0.00017677976575214416,-15.164288520812988,-15.535971641540527,-15.575105667114258,-6.886855602264404,6.207607746124268,-0.2082844078540802,0.43500179052352905,3.064990520477295,1.398822546005249,-0.28980356454849243,0.5844928026199341,-4.603313446044922,-5.766755104064941,-6.075780868530273,-5.273462295532227
208,-7.618167400360107,9.031810760498047,1.3291109800338745,0.10962022840976715,3.654266834259033,5.760784149169922,-3.6612203121185303,0.7381848096847534,-8.80264949798584,-9.1326322555542,-4.591053485870361,-4.236225128173828,-7.186058044433594,1.1780670881271362,-4.941688060760498,11.129925727844238,16.5642147064209,2.82124400138855,-3.3581228256225586,-0.45608556270599365,0.00017035537166520953,0.002872087061405182,-15.528059005737305,-15.58162784576416,-7.16039514541626,6.715958595275879,0.3115239143371582,-0.05938996002078056,1.8020058870315552,1.5635783672332764,-0.9161092638969421,0.0655292272567749,-3.4239652156829834,-5.340819358825684,-6.031620979309082,-5.319242000579834
209,-6.195743083953857,8.821101188659668,5.1486358642578125,-3.8968710899353027,-2.419865846633911,2.986750602722168,-3.333305597305298,-1.5364795923233032,-8.454447746276855,-9.012492179870605,-4.3749165534973145,-4.052278995513916,-10.783119201660156,1.4228557348251343,-3.4028565883636475,11.02089786529541,15.050297737121582,2.412720203399658,-5.408790588378906,-1.518702507019043,0.0001289471983909607,0.09750167280435562,-15.569706916809082,-15.644369125366211,-6.765023231506348,6.278036117553711,1.0451345443725586,-0.6890679597854614,-0.6703712344169617,0.5486708879470825,-0.7855623960494995,-0.4060330390930176,-2.8406872749328613,-3.8993377685546875,-5.5441694259643555,-4.8708930015563965
210,-7.013482570648193,8.213112831115723,7.393854141235352,-5.333413124084473,-8.557333946228027,4.033459663391113,-4.764890193939209,-4.25356388092041,-6.00884485244751,-8.211674690246582,-4.059040546417236,-4.221249103546143,-4.428179740905762,3.5090835094451904,0.9814228415489197,5.567590713500977,7.3820414543151855,2.151121139526367,-8.63813304901123,-3.230220317840576,-0.00011476405779831111,0.013912193477153778,-15.700109481811523,-15.694244384765625,-5.95787239074707,5.522617816925049,1.599994421005249,-0.9631592631340027,-1.963281512260437,0.9673913717269897,-1.3785881996154785,-1.0399305820465088,-1.2833071947097778,-2.500487804412842,-4.8498735427856445,-4.621899604797363
211,-8.331833839416504,7.939652442932129,6.815128803253174,-2.2712299823760986,-5.347625732421875,5.610158920288086,-5.569064140319824,-5.448853015899658,3.213750123977661,-5.554696559906006,-3.3427815437316895,-3.8002562522888184,-1.662277340888977,3.97332501411438,4.966855049133301,5.8627448081970215,5.254842281341553,2.9628612995147705,-12.23266315460205,-6.792981147766113,5.3494367599487305,0.000458739697933197,-15.698995590209961,-15.698084831237793,-5.879642486572266,4.5253753662109375,1.5846738815307617,-0.2857118844985962,-0.8839309811592102,1.6022893190383911,-1.8851969242095947,-1.4225294589996338,1.2073873281478882,-1.1349263191223145,-3.4751265048980713,-4.454769134521484
212,-9.026751518249512,7.401866436004639,6.995682716369629,-3.2338738441467285,-6.135644912719727,5.233579635620117,-5.276740550994873,-5.8063435554504395,3.6530253887176514,4.203496932983398,-2.658008337020874,-3.406426429748535,3.085634231567383,4.024475574493408,8.61175537109375,5.256117343902588,2.4031221866607666,5.070043563842773,-16.347957611083984,-10.93754768371582,-1.28377366065979,6.0814619064331055,-14.522296905517578,-15.70462417602539,-5.430881023406982,3.1835854053497314,1.9961974620819092,-0.578133225440979,-1.282369613647461,1.4611618518829346,-2.2007124423980713,-1.7835464477539062,5.449583053588867,1.6432160139083862,-2.097501039505005,-3.6502685546875
213,-9.858097076416016,5.010251045227051,6.088281631469727,-2.0829896926879883,-6.929054260253906,4.428760528564453,-3.181427001953125,-3.3285083770751953,10.036713600158691,3.5690810680389404,-0.008600926026701927,-2.581620931625366,2.0067026615142822,2.536555051803589,10.44464111328125,3.175872802734375,0.4670073390007019,6.617456912994385,-18.909921646118164,-13.86829948425293,-2.03643798828125,15.204540252685547,-7.798320770263672,-14.60684585571289,-4.472198009490967,1.153839349746704,1.8827197551727295,-0.33126306533813477,-1.8082000017166138,1.2663257122039795,-1.55647611618042,-1.0599424839019775,6.536826133728027,4.0877251625061035,0.4048176109790802,-2.123167037963867
214,-8.268704414367676,-1.2242623567581177,5.840010643005371,-2.6031131744384766,-8.321084976196289,2.458875894546509,1.6849162578582764,-0.07076773792505264,9.913615226745605,1.9544978141784668,6.168241500854492,-0.5032952427864075,0.019663721323013306,-0.37051206827163696,8.812567710876465,-0.9460870027542114,-0.14373040199279785,6.768684387207031,-18.124711990356445,-14.85457706451416,-1.2837809324264526,15.701645851135254,15.607319831848145,-10.037444114685059,-2.261420249938965,-0.506590723991394,1.7028135061264038,-0.5251768827438354,-3.086069345474243,0.565117597579956,0.5439916849136353,0.18414437770843506,7.100281715393066,5.086245536804199,5.090428829193115,0.10143876075744629
215,-3.6747615337371826,-2.923529863357544,4.281917572021484,-1.5799471139907837,-8.71228313446045,1.3584703207015991,13.428232192993164,10.30793285369873,9.250826835632324,1.9744441509246826,4.3615217208862305,9.010359764099121,-3.9945430755615234,-7.691186904907227,0.1284322738647461,-5.864025115966797,-1.4545724391937256,5.567938804626465,-7.8442254066467285,-10.73054027557373,0.851315438747406,15.48446273803711,15.694974899291992,15.692160606384277,-0.6097838282585144,-0.7613374590873718,1.1227989196777344,-0.3021620213985443,-4.875679016113281,0.2850128412246704,2.371115207672119,1.770998239517212,6.519851207733154,4.804007530212402,6.124063491821289,3.9833807945251465
216,-0.7575220465660095,-1.1250314712524414,5.810394287109375,1.9269945621490479,-8.39323902130127,-1.6594418287277222,15.824577331542969,12.643173217773438,8.062345504760742,1.9887539148330688,4.367014408111572,4.016270637512207,1.0048346519470215,-7.927760124206543,9.623169898986816e-05,-7.728999137878418,-4.612507343292236,1.7066400051116943,1.8506056070327759,-1.4354115724563599,4.2493510246276855,15.650567054748535,15.554420471191406,13.391902923583984,-0.05242347717285156,-0.24618744850158691,1.1808185577392578,0.44818979501724243,-6.846741199493408,-0.4214630126953125,3.780238151550293,2.4825193881988525,6.397092819213867,5.025073051452637,5.624917984008789,5.278552055358887
217,-1.8107504844665527,-1.556437611579895,2.7042109966278076,2.81474232673645,-7.083684921264648,-4.983425140380859,12.772370338439941,11.584338188171387,6.372988700866699,1.985516905784607,4.209932804107666,4.588881492614746,4.081381797790527,-5.784701824188232,-0.37947314977645874,-6.6345109939575195,-7.9790873527526855,-3.742586135864258,9.45214557647705,6.135432720184326,7.656667709350586,8.688994407653809,15.673052787780762,15.281123161315918,-0.36023199558258057,-0.44207847118377686,0.4232148826122284,0.4814870357513428,-8.302026748657227,-1.3828163146972656,3.8822720050811768,2.872117519378662,5.814292907714844,5.167919158935547,5.399698257446289,5.4544782638549805
218,0.16006171703338623,-0.6178917288780212,-3.2480664253234863,-0.13512009382247925,-6.061539173126221,-4.931580543518066,9.248024940490723,9.016266822814941,4.6017746925354,4.585209369659424,4.139543056488037,4.147067070007324,6.1215291023254395,-8.740498542785645,-2.8785150051116943,-7.668168067932129,-12.10378360748291,-8.672194480895996,12.122101783752441,9.269795417785645,12.363753318786621,12.672491073608398,15.487469673156738,15.65514087677002,0.10865294933319092,-0.1142464205622673,-0.9188418388366699,-0.12930729985237122,-9.16746997833252,-1.6098812818527222,3.424663782119751,2.7551870346069336,4.704738616943359,5.706741809844971,5.160763740539551,5.176716327667236
219,0.17600999772548676,4.241931438446045,-3.2897515296936035,-2.8059868812561035,-5.271788120269775,-4.931582450866699,10.11575698852539,9.88149642944336,2.485915184020996,2.7339532375335693,4.251490592956543,4.335596561431885,5.050309658050537,-7.696734428405762,-4.897059440612793,-9.233603477478027,-14.91855239868164,-11.82325267791748,14.418990135192871,12.051410675048828,15.530932426452637,14.39100170135498,15.608835220336914,15.59267807006836,0.04519188404083252,0.8812223076820374,-0.7822005748748779,-0.9273517727851868,-10.12736988067627,-2.3110804557800293,5.176494598388672,3.890108823776245,5.200331687927246,6.501952648162842,5.456051826477051,5.766195297241211
220,-1.5609849691390991,4.727694988250732,-6.018665790557861,-6.152851104736328,-4.330087184906006,-4.419734954833984,10.23022174835205,10.146843910217285,2.155259132385254,3.323127508163452,4.106622695922852,5.042781352996826,4.923989295959473,-2.381028175354004,-3.4669430255889893,-6.982088088989258,-16.751758575439453,-13.190757751464844,14.995222091674805,13.03323745727539,15.680887222290039,13.12191104888916,15.691731452941895,15.675968170166016,-0.31158483028411865,0.9984819293022156,-1.4550244808197021,-1.6986359357833862,-10.936369895935059,-2.0470590591430664,5.56373405456543,4.404091835021973,5.4245500564575195,6.38770866394043,5.1416916847229,5.596488952636719
221,-3.754272699356079,4.208829879760742,-7.651304721832275,-7.8034210205078125,-3.9095613956451416,-3.122645378112793,9.43779468536377,9.533056259155273,2.001375675201416,2.993720531463623,4.048130512237549,4.130958557128906,-1.1153103113174438,-2.9798743724823,-6.673299312591553,-11.824750900268555,-17.625194549560547,-14.332589149475098,15.963769912719727,14.413823127746582,15.672659873962402,13.741546630859375,15.699040412902832,15.641951560974121,-0.8510269522666931,0.8045195937156677,-2.0600552558898926,-2.657740354537964,-10.460626602172852,-1.260739803314209,5.615102767944336,4.623803615570068,5.362835884094238,6.191699028015137,5.016696929931641,5.018527507781982
222,-3.7897019386291504,5.316230297088623,-5.868534564971924,-6.631137371063232,-3.9492673873901367,8.924912452697754,7.9209394454956055,7.8652663230896,2.024286985397339,3.579158306121826,3.927943229675293,3.8896026611328125,-5.4595112800598145,-5.201591968536377,-8.98379898071289,-17.080476760864258,-17.353879928588867,-9.585015296936035,21.171770095825195,14.753851890563965,15.694353103637695,9.502516746520996,0.0006236657500267029,15.627120971679688,-0.943533182144165,1.0956788063049316,-1.6231422424316406,-2.888932943344116,-6.394068241119385,3.1223397254943848,4.147910118103027,3.533029079437256,6.3927226066589355,5.672940254211426,4.652441024780273,4.439511299133301
223,-6.370441436767578,9.373043060302734,4.227908611297607,-1.687550663948059,8.945786476135254,10.401298522949219,-16.004764556884766,-5.089319229125977,1.9681572914123535,4.952709674835205,11.106114387512207,3.1121459007263184,-5.9624505043029785,-4.191835403442383,-7.437280178070068,-17.38685417175293,-11.511261940002441,-2.4265456199645996,15.855244636535645,10.964029312133789,13.992262840270996,0.9585586786270142,-0.000712178647518158,15.697857856750488,-3.7805442810058594,3.2474911212921143,1.1059932708740234,-0.5067554712295532,3.4933021068573,6.054046630859375,-3.492218255996704,-1.4718289375305176,4.328456878662109,1.4779592752456665,2.0887069702148438,3.081934928894043
224,-8.050013542175293,8.640986442565918,8.44714069366455,12.574504852294922,10.247114181518555,8.348504066467285,-24.600505828857422,-20.30763816833496,-7.593611240386963,-3.5717859268188477,9.966141700744629,14.335683822631836,1.2642827033996582,5.2640581130981445,-0.11411189287900925,-7.236863136291504,0.5051364898681641,5.642388343811035,6.148265361785889,6.78257417678833,-8.808659553527832,-15.68807601928711,-0.008480003103613853,0.023723140358924866,-5.4101643562316895,4.312538146972656,1.7267742156982422,2.4187963008880615,7.205174922943115,5.469592571258545,-5.609347343444824,-4.234551906585693,-4.493319511413574,-12.98274040222168,2.074054002761841,3.33530330657959
225,-10.189531326293945,8.107906341552734,7.779559135437012,7.475791931152344,8.378922462463379,7.593802452087402,-17.020732879638672,-8.141258239746094,-2.793428659439087,-6.159541130065918,14.230968475341797,14.037039756774902,3.4863345623016357,3.9614086151123047,4.469015598297119,-0.6342012286186218,2.7344563007354736,2.767637014389038,-0.091621033847332,2.767296552658081,-12.972541809082031,-12.619078636169434,0.02625614032149315,-0.061103373765945435,-5.21688985824585,3.041348934173584,1.8362362384796143,1.3253957033157349,6.676517963409424,2.0356805324554443,-3.660797595977783,-1.1696147918701172,-3.6492197513580322,-7.0402350425720215,3.5447959899902344,3.2125887870788574
226,-10.510677337646484,7.479694843292236,3.140800952911377,5.1422014236450195,8.100614547729492,4.725400447845459,-5.050537109375,-7.002909183502197,-2.9618725776672363,-2.966325044631958,15.257323265075684,12.281082153320312,5.203558921813965,5.787395000457764,7.196864128112793,4.09448766708374,3.9862091541290283,3.2095253467559814,-2.3392527103424072,-0.3529660105705261,-13.547043800354004,-13.747757911682129,0.00037446804344654083,0.012536994181573391,-5.1375274658203125,4.698992729187012,0.6164776086807251,1.0714575052261353,5.642214298248291,1.0714260339736938,-0.67087721824646,-1.3718748092651367,-4.80580472946167,-6.741528511047363,3.7097833156585693,2.6360154151916504
227,-10.702092170715332,7.299283981323242,-1.9795163869857788,4.792619705200195,7.6992340087890625,3.6547372341156006,-1.8866519927978516,-4.6489739418029785,-2.9105653762817383,-2.7967097759246826,13.714468002319336,10.894071578979492,4.911317825317383,5.797866344451904,6.6620097160339355,6.593034744262695,5.10659646987915,3.1095545291900635,-3.220470428466797,-2.565948724746704,-13.782068252563477,-14.09229850769043,-0.0017025440465658903,0.0048182252794504166,-5.141618251800537,5.153822898864746,-0.5322427749633789,1.2148224115371704,4.467989444732666,0.8224949240684509,-0.29362693428993225,-0.9203010201454163,-5.138681411743164,-6.956515789031982,3.0507781505584717,2.2924060821533203
228,-10.38598346710205,7.558337211608887,-6.022752285003662,4.560596942901611,7.1742730140686035,2.940293073654175,-0.5213514566421509,-2.923732280731201,-2.794919490814209,-2.673685312271118,11.413769721984863,9.49538516998291,3.3168997764587402,4.200254440307617,3.4540693759918213,7.459310054779053,6.384683132171631,2.701843023300171,-3.761767625808716,-4.126664638519287,-14.068065643310547,-14.126222610473633,-0.01945686899125576,0.006691767834126949,-5.208009243011475,5.341175079345703,-1.1879241466522217,1.225101351737976,3.5445237159729004,0.6475347280502319,-0.06123468279838562,-0.6013189554214478,-5.239217281341553,-7.092710494995117,2.379115104675293,1.9513498544692993
229,-9.886073112487793,8.068238258361816,-6.438706398010254,4.421470642089844,6.473491668701172,2.683802843093872,0.5730269551277161,-1.3919812440872192,-2.663928270339966,-2.5953927040100098,8.104371070861816,8.155290603637695,1.6507205963134766,3.0237483978271484,0.22211876511573792,7.981529235839844,7.829197883605957,2.7075400352478027,-3.894320011138916,-5.029287815093994,-14.3425874710083,-14.530515670776367,-0.013611359521746635,0.008701387792825699,-5.4685845375061035,5.489387512207031,-1.2830443382263184,1.2146164178848267,2.8357555866241455,0.5966932773590088,0.14344137907028198,-0.2664611339569092,-5.268730163574219,-7.137924671173096,1.5465655326843262,1.6463510990142822
230,-9.397120475769043,8.34373950958252,-6.115845680236816,4.118168354034424,5.6058807373046875,2.4995293617248535,1.6209841966629028,-0.170718714594841,-2.5519859790802,-2.493739604949951,-2.6725573539733887,5.589136123657227,-0.792259693145752,1.6239079236984253,-2.6751198768615723,8.023208618164062,9.6148042678833,2.632521629333496,-1.5002670288085938,-5.5455756187438965,-15.12946891784668,-14.764609336853027,-6.73455810546875,0.004140589851886034,-5.7874298095703125,5.569212913513184,-1.318186640739441,1.1418298482894897,2.255557060241699,0.5605576038360596,0.3241947293281555,0.013468921184539795,-5.283273696899414,-6.9188032150268555,-0.9579845070838928,1.0356580018997192
231,-8.589458465576172,9.23511028289795,-5.018989562988281,4.473975658416748,5.174233436584473,2.9538357257843018,2.0942370891571045,-0.7674368023872375,-2.003093957901001,-2.2311208248138428,-3.62736177444458,-1.3258765935897827,-2.5404434204101562,-0.2665325105190277,-5.478841781616211,8.447835922241211,9.427727699279785,2.2356581687927246,1.3437198400497437,-6.140473365783691,-15.60118293762207,-15.008800506591797,-15.654775619506836,-1.2822726964950562,-6.213824272155762,5.8422346115112305,-1.195732593536377,1.2513201236724854,1.8978370428085327,0.6832512021064758,0.4675900340080261,-0.22296005487442017,-4.905096054077148,-6.102810382843018,-5.377309322357178,-0.5308520793914795
232,-8.725512504577637,9.071642875671387,-0.3731491267681122,3.506225824356079,5.210192680358887,3.825242519378662,-0.3958742022514343,0.8958926200866699,-7.275353908538818,-2.410364866256714,-4.350907802581787,-3.2619717121124268,-5.081640243530273,0.5155836939811707,-5.493752479553223,9.36269760131836,14.132308959960938,2.038457155227661,0.8851411938667297,-1.717285394668579,0.0002954722731374204,-14.843012809753418,-15.556448936462402,-15.578423500061035,-7.099968910217285,6.111454486846924,0.11785337328910828,0.9530471563339233,2.697505474090576,0.9324400424957275,-0.17425698041915894,0.23931872844696045,-4.133060455322266,-5.553308486938477,-5.8511223793029785,-4.295867919921875
233,-7.270615577697754,8.930891036987305,1.60759699344635,0.7765918970108032,2.6156554222106934,4.274327754974365,-3.8579957485198975,1.5062620639801025,-8.806022644042969,-2.321342706680298,-4.4840569496154785,-4.09759521484375,-9.292911529541016,1.0386122465133667,-5.024003505706787,10.59970760345459,17.332841873168945,1.9329774379730225,-1.078721046447754,-1.7358334064483643,0.00025845353957265615,-15.042521476745605,-15.572629928588867,-15.6104736328125,-7.17708683013916,6.677130699157715,0.3438986837863922,0.09071432054042816,1.0728105306625366,1.0287079811096191,-0.915393054485321,0.30699092149734497,-3.4491796493530273,-5.178674697875977,-5.93991231918335,-5.4454779624938965
234,-5.869305610656738,8.862730026245117,3.0400173664093018,-2.496333360671997,-4.736578941345215,3.791835069656372,-3.3569397926330566,-0.7092458009719849,-8.563637733459473,-9.117084503173828,-4.442535400390625,-4.144554138183594,-10.673073768615723,1.5002033710479736,-3.990300416946411,11.08639144897461,13.042638778686523,2.2193171977996826,-3.085421323776245,-2.367661237716675,9.68542299233377e-05,-0.024800797924399376,-15.553417205810547,-15.627302169799805,-6.9431962966918945,6.8187055587768555,0.5813713669776917,-0.48146510124206543,-1.0410507917404175,0.8468828797340393,-0.7151857018470764,-0.2346581220626831,-3.006716251373291,-4.728297233581543,-5.742154121398926,-5.221922397613525
235,-6.142493724822998,8.655192375183105,7.6865644454956055,-6.077582359313965,-7.581078052520752,3.265263795852661,-5.828762054443359,-3.026043653488159,-6.864400863647461,-8.395206451416016,-4.152498245239258,-3.9554646015167236,-6.073108673095703,3.04874324798584,-0.23734299838542938,6.62550163269043,7.841536998748779,1.5243902206420898,-6.521486759185791,-3.6308674812316895,-0.0001624896249268204,0.06360378861427307,-15.634567260742188,-15.291844367980957,-5.750293254852295,5.582901954650879,1.6363638639450073,-1.0096015930175781,-1.4606611728668213,0.7216849327087402,-1.5541331768035889,-0.7847281694412231,-1.6371406316757202,-2.6861681938171387,-4.938881874084473,-4.613383769989014
236,-7.883318901062012,7.978440761566162,6.824352264404297,-2.6009185314178467,-7.4667792320251465,5.224094867706299,-6.112602233886719,-4.826981067657471,1.5173606872558594,-6.153809547424316,-3.4712088108062744,-3.830339193344116,-2.6736106872558594,4.00022554397583,3.5607781410217285,7.013606071472168,5.472970962524414,2.8216285705566406,-10.213398933410645,-6.497876167297363,2.2800722122192383,-0.010281169787049294,-15.693428993225098,-15.686203002929688,-5.714006423950195,4.749429702758789,1.504188060760498,-0.3353440761566162,-1.5244553089141846,1.4426394701004028,-1.8416132926940918,-1.276655673980713,0.6484892964363098,-1.3417943716049194,-3.6941378116607666,-4.497460842132568
237,-8.858783721923828,7.64463996887207,7.018800735473633,-4.231889724731445,-7.431952953338623,4.77384090423584,-5.513933181762695,-4.732701778411865,5.454477787017822,2.470644950866699,-2.5632760524749756,-3.4773638248443604,1.0418148040771484,4.86576509475708,6.682995796203613,4.9085001945495605,1.6319971084594727,5.454799175262451,-12.965209007263184,-9.206335067749023,-2.9931535720825195,3.2463319301605225,-15.229439735412598,-15.407262802124023,-5.14960241317749,3.5821759700775146,1.8474899530410767,-0.7526220083236694,-1.7054849863052368,1.2387778759002686,-1.9704132080078125,-1.3554553985595703,4.2547502517700195,0.8888839483261108,-2.3729822635650635,-3.7782697677612305
238,-9.283035278320312,5.74997615814209,7.039496898651123,-1.0790917873382568,-4.680539131164551,5.117372512817383,-4.608522415161133,-5.702116012573242,9.859147071838379,4.272329330444336,-1.4036980867385864,-3.063088893890381,1.0765163898468018,4.1238112449646,9.056986808776855,4.170019626617432,1.6535520553588867,7.124688148498535,-16.667739868164062,-13.273052215576172,-1.893964409828186,13.267425537109375,-12.222285270690918,-14.96281623840332,-4.234837055206299,1.498461127281189,2.016641616821289,-0.09255994856357574,-0.8734543919563293,1.6603724956512451,-1.9121246337890625,-2.023848533630371,6.2992987632751465,3.074349880218506,-0.7096291780471802,-3.0914182662963867
239,-8.534205436706543,-0.3296242952346802,6.97435998916626,-1.4162778854370117,-7.789342880249023,2.8598198890686035,-1.2331300973892212,-3.255542278289795,9.927541732788086,1.9103175401687622,9.054461479187012,-2.8024401664733887,-0.11595305800437927,2.662317991256714,8.863539695739746,1.8795424699783325,1.0081804990768433,7.729464530944824,-20.004192352294922,-16.128517150878906,-1.5027117729187012,15.69718074798584,12.519495010375977,-12.396571159362793,-2.6712656021118164,-0.3255825638771057,2.1367321014404297,-0.26896023750305176,-2.497447967529297,0.7061893939971924,-0.47212308645248413,-1.2235374450683594,7.582275390625,5.358765602111816,2.8051016330718994,-1.5664598941802979
240,-2.2093169689178467,-4.569315433502197,5.122684955596924,-3.033975839614868,-8.611485481262207,1.9863178730010986,7.068408489227295,5.2676849365234375,9.216819763183594,1.9768108129501343,4.142612457275391,3.0053346157073975,-0.07096388936042786,-2.3288540840148926,8.093766212463379,-2.1027421951293945,-0.9312956929206848,6.412702560424805,-14.11693000793457,-14.66413688659668,0.8208557367324829,15.629935264587402,15.69824504852295,-4.253635883331299,-0.20288929343223572,-1.201806664466858,1.4008139371871948,-0.6764316558837891,-4.130451679229736,0.4837900400161743,1.2240817546844482,1.0834898948669434,6.772968292236328,4.995105266571045,6.379239559173584,0.821471631526947
241,-0.7338592410087585,-3.9346299171447754,4.99712610244751,-1.0769078731536865,-8.660653114318848,0.3271244764328003,15.562037467956543,13.815003395080566,8.25558090209961,1.9866217374801636,4.572075366973877,6.711724758148193,-2.1192378997802734,-9.57258129119873,-0.0073612467385828495,-6.743312358856201,-2.5514087677001953,4.434808731079102,-3.9911274909973145,-7.327416896820068,3.305361032485962,15.662546157836914,15.592986106872559,15.612037658691406,-0.11206227540969849,-1.2561635971069336,0.9230461120605469,-0.20821015536785126,-5.627500057220459,-0.002653124975040555,3.0980916023254395,2.4030954837799072,6.702752113342285,5.223961353302002,6.119060516357422,5.15059757232666
242,1.268281102180481,-2.5828306674957275,4.607609272003174,2.2886295318603516,-7.7122955322265625,-3.1350786685943604,14.380294799804688,12.343255043029785,6.774703025817871,1.9852992296218872,4.169602870941162,5.597498893737793,5.861294746398926,-8.795984268188477,-0.10022808611392975,-7.889170169830322,-7.322938919067383,-0.47109946608543396,4.217540264129639,0.9053241014480591,7.787786960601807,15.681181907653809,15.683476448059082,15.308819770812988,0.3598979711532593,-0.7397764921188354,0.9176205396652222,0.47392022609710693,-7.193645000457764,-0.7628602981567383,3.535489320755005,2.513633966445923,6.334677219390869,5.043111801147461,5.270406723022461,5.1376566886901855
243,-2.158761501312256,-2.316450834274292,0.4702376425266266,2.872706890106201,-6.606695652008057,-5.3896894454956055,10.844340324401855,10.641295433044434,4.852534294128418,2.428605318069458,4.1322407722473145,4.2449951171875,7.266886234283447,-9.614243507385254,-0.3247283399105072,-7.557426452636719,-9.289627075195312,-5.0388054847717285,8.710481643676758,6.434502601623535,10.611282348632812,12.751253128051758,15.431921005249023,15.535248756408691,-0.476715087890625,-0.6664177179336548,-0.06348302960395813,0.4799324870109558,-7.958336353302002,-1.6281733512878418,3.2202064990997314,2.800415515899658,5.471127033233643,5.517786026000977,5.10569429397583,5.176075458526611
244,0.3440919816493988,2.011636972427368,-2.3846280574798584,0.29409319162368774,-5.703451633453369,-5.514377117156982,10.459942817687988,9.926488876342773,3.298691987991333,2.5103044509887695,4.08060884475708,4.271770000457764,8.207965850830078,-8.67917537689209,-1.4847813844680786,-7.383978843688965,-14.211188316345215,-9.092438697814941,11.669637680053711,9.814736366271973,15.290862083435059,15.272527694702148,15.65220832824707,15.679965019226074,0.1788426637649536,0.5006729364395142,-0.6068716049194336,-0.03127465769648552,-9.25931453704834,-2.1452174186706543,4.011756420135498,3.230294704437256,4.817991256713867,6.157471656799316,5.1224846839904785,5.434952735900879
245,-1.5190738439559937,5.02490758895874,-4.244916915893555,-2.910452365875244,-4.584048748016357,-5.312722682952881,10.471488952636719,10.147250175476074,2.06343150138855,2.363466501235962,4.2212677001953125,4.283742427825928,8.171931266784668,-3.277714729309082,-0.6345694065093994,-4.747356414794922,-15.785734176635742,-10.932074546813965,13.355052947998047,11.729668617248535,15.202402114868164,13.148537635803223,15.260129928588867,14.192020416259766,-0.3243352174758911,0.9692186713218689,-1.0335479974746704,-0.9826627969741821,-10.026289939880371,-2.70845890045166,5.2493791580200195,4.187559127807617,5.319873809814453,6.525798797607422,5.335631847381592,5.713996410369873
246,-4.531009674072266,4.756186485290527,-7.396059513092041,-6.503688335418701,-4.327859878540039,-5.108089923858643,10.15223503112793,10.28796100616455,2.0387463569641113,3.124696969985962,4.101654052734375,4.236976623535156,2.4741384983062744,-3.178407907485962,-3.1584043502807617,-7.790441036224365,-15.800978660583496,-13.093945503234863,14.820646286010742,13.329984664916992,15.493952751159668,13.611011505126953,15.673189163208008,15.62000560760498,-0.9420216083526611,0.9557827115058899,-1.7670212984085083,-1.8601410388946533,-10.490381240844727,-3.1422061920166016,5.390573978424072,4.655322551727295,5.556128025054932,5.975247383117676,5.171990394592285,5.272474765777588
247,-1.0034388303756714,5.483664035797119,-8.712159156799316,-7.7254157066345215,-4.2862982749938965,-3.8437182903289795,9.466269493103027,9.808353424072266,2.0958030223846436,2.950254440307617,4.048901557922363,4.0919880867004395,-1.405241847038269,-3.888061285018921,-5.7833757400512695,-12.503008842468262,-16.86332893371582,-14.123437881469727,20.752946853637695,14.671754837036133,15.563919067382812,13.583159446716309,-0.0024832417257130146,15.615147590637207,-0.08753788471221924,1.1380159854888916,-2.336231231689453,-2.7029943466186523,-10.748217582702637,-1.735361099243164,5.549683094024658,5.042870998382568,5.058704376220703,6.088564395904541,4.909515380859375,4.9520111083984375
248,-5.812586307525635,7.2202630043029785,-5.131722450256348,-5.829360008239746,-4.083231449127197,8.336847305297852,4.287426471710205,8.19022274017334,2.047189712524414,3.5572893619537354,15.14303207397461,3.8280749320983887,-3.3197214603424072,-1.6331744194030762,-6.492928981781006,-14.66737174987793,-16.124370574951172,-8.358919143676758,20.203933715820312,15.4327392578125,15.515348434448242,5.875666618347168,0.5855050683021545,15.203845024108887,-2.1911497116088867,1.6289290189743042,-1.2364320755004883,-2.477196216583252,-5.508129596710205,2.797537326812744,2.777690887451172,3.8848700523376465,6.375156402587891,5.454843044281006,3.391097068786621,4.249250411987305
249,-8.005773544311523,7.035462856292725,2.677452325820923,-0.7704596519470215,8.866462707519531,9.4308500289917,-15.501739501953125,-0.514886200428009,2.754176139831543,-1.0595381259918213,11.289194107055664,4.160456657409668,-2.1947529315948486,2.9763357639312744,-3.579150915145874,-13.916485786437988,-9.91246223449707,1.274322271347046,15.338645935058594,17.8742733001709,9.662906646728516,-8.95272159576416,-0.0075532300397753716,0.07050075381994247,-4.097975730895996,2.1095826625823975,0.8255234956741333,0.10835181176662445,4.146667003631592,5.1870012283325195,-3.2128958702087402,-0.7097898125648499,3.3009045124053955,-0.6542984843254089,2.233057737350464,3.0613412857055664
250,-9.238950729370117,6.357368469238281,10.148555755615234,12.300893783569336,9.65447998046875,7.522866249084473,-23.360422134399414,-19.601898193359375,-6.698312759399414,-1.7442575693130493,11.3922700881958,11.234264373779297,3.8343307971954346,8.909902572631836,3.4237060546875,-4.211445331573486,1.3711594343185425,6.058465957641602,6.516602516174316,9.103014945983887,-10.357033729553223,-15.675844192504883,-0.016663579270243645,0.027531331405043602,-5.688928127288818,2.698143720626831,2.5063059329986572,2.4684081077575684,8.836318016052246,4.5604963302612305,-5.030043601989746,-3.9227213859558105,-5.990225791931152,-13.787008285522461,2.4980480670928955,2.314648151397705
251,-10.897584915161133,5.775338172912598,5.1524977684021,6.07461404800415,8.415327072143555,6.176942825317383,-18.357481002807617,-10.76677417755127,-3.122563123703003,-1.979432225227356,13.665775299072266,12.552623748779297,6.721686840057373,11.023252487182617,6.191598892211914,1.6599241495132446,2.9043283462524414,7.512766361236572,-0.6754794120788574,3.8239665031433105,-13.23697566986084,-15.633355140686035,-0.010974610224366188,0.001980254892259836,-5.729984283447266,3.618075132369995,1.1224340200424194,1.070732831954956,7.822097301483154,2.306831121444702,-4.219125747680664,-1.6798014640808105,-4.629184722900391,-6.930464744567871,3.254760503768921,2.870922088623047
252,-11.298264503479004,5.907671928405762,0.8943060040473938,5.12146520614624,8.136697769165039,4.7490715980529785,-10.122676849365234,-7.882252216339111,-3.0211710929870605,-3.038689136505127,13.316315650939941,11.450035095214844,7.001272678375244,6.901512622833252,5.737466335296631,5.047055721282959,3.7613635063171387,3.790313720703125,-4.999203681945801,-0.0019448281964287162,-13.431408882141113,-9.963837623596191,0.007389476988464594,0.011859891004860401,-6.558358192443848,4.768466472625732,0.030679434537887573,1.1795135736465454,6.389431953430176,1.3627358675003052,-2.1810519695281982,-1.4740674495697021,-5.272822380065918,-6.6160454750061035,2.9871017932891846,2.4401330947875977
253,-11.141976356506348,7.265192985534668,-4.4219231605529785,3.895028591156006,7.860157012939453,4.948642253875732,-4.636999607086182,-6.719082832336426,-2.9609508514404297,-3.168220043182373,12.250224113464355,10.307106018066406,4.8642802238464355,5.368781089782715,2.3572518825531006,5.83969783782959,4.620622634887695,4.593857765197754,-7.152389049530029,-2.876206636428833,-13.58000373840332,-13.625677108764648,0.007577970158308744,-0.08394958078861237,-6.453369140625,5.542496681213379,-0.9773750305175781,0.944525420665741,5.319675445556641,1.32766854763031,-0.9828187823295593,-1.4540512561798096,-5.354702472686768,-6.824550628662109,2.663109064102173,2.1626405715942383
254,-10.46517276763916,7.682239532470703,-4.600292682647705,4.254236221313477,7.48771333694458,2.11124587059021,-2.6353564262390137,-3.671828269958496,-2.798953056335449,-2.808375597000122,9.198338508605957,8.956713676452637,3.5978574752807617,4.3255085945129395,-0.29009920358657837,6.963525295257568,5.986607551574707,3.6247262954711914,-8.520193099975586,-4.858721733093262,-14.07514762878418,-14.079534530639648,0.0023518246598541737,0.007793273311108351,-6.585697650909424,5.771028995513916,-0.926767110824585,1.1244027614593506,4.580677032470703,0.369364857673645,-0.631072461605072,-0.7427152991294861,-5.021154880523682,-6.937386512756348,1.8073878288269043,1.8269354104995728
255,-9.1611967086792,8.778166770935059,-5.078186511993408,4.320718765258789,7.136916637420654,3.050337314605713,-0.44071683287620544,-2.0499393939971924,-2.739287853240967,-2.7268412113189697,3.8556156158447266,7.386466026306152,-1.0221195220947266,0.8917883634567261,-4.784402370452881,6.015880107879639,7.139515399932861,2.3563759326934814,-8.769798278808594,-6.104866981506348,-14.424810409545898,-14.141878128051758,-0.005657544359564781,-0.022231988608837128,-6.910590171813965,5.825207710266113,-1.2390592098236084,1.0795105695724487,3.9333927631378174,0.7390403747558594,-0.011125802993774414,-0.44352537393569946,-5.020567893981934,-6.954435348510742,0.570830762386322,1.4939922094345093
256,-8.701835632324219,8.936424255371094,-2.949309825897217,4.112016201019287,6.540273189544678,5.3839802742004395,-3.7525925636291504,-4.306212425231934,-2.4699511528015137,-2.704791307449341,-2.955904960632324,1.9242085218429565,-0.7548021674156189,1.027486801147461,-4.75374174118042,7.534333229064941,8.323637962341309,3.0851528644561768,-5.361952304840088,-7.974301338195801,-14.691706657409668,-14.302679061889648,-15.689249038696289,0.014102363958954811,-7.65721321105957,6.591780662536621,-0.6033474206924438,1.0750868320465088,4.270369052886963,1.5729249715805054,-1.037914752960205,-1.2682921886444092,-4.357053279876709,-6.327450752258301,-4.157327175140381,0.17085587978363037
257,-8.778264999389648,8.72925090789795,-1.5055660009384155,3.634887933731079,6.064878463745117,3.7512619495391846,1.9657443761825562,-0.30238938331604004,-2.036829948425293,-2.596259832382202,-4.1489410400390625,-2.5899412631988525,-2.2516417503356934,1.1504608392715454,-4.605692386627197,8.079919815063477,11.358771324157715,2.70279598236084,-5.524358749389648,-3.7440130710601807,-15.453944206237793,-14.36393928527832,-15.703895568847656,-15.6991605758667,-7.784958839416504,6.503530979156494,-0.2917283773422241,0.9627493619918823,4.177587985992432,0.8222330808639526,0.563789963722229,0.132449209690094,-4.061852931976318,-5.963589668273926,-6.004428863525391,-3.306828022003174
258,-7.786180019378662,8.885257720947266,-1.458656668663025,2.0404539108276367,4.412554740905762,3.9097518920898438,0.6560264229774475,2.0727598667144775,-9.007622718811035,-2.53562068939209,-4.400601387023926,-4.0457563400268555,-5.752556324005127,1.2601252794265747,-5.0994791984558105,8.486207008361816,15.587180137634277,2.5620806217193604,-5.5809245109558105,-3.4624862670898438,0.0001574783818796277,-14.92252254486084,-15.580440521240234,-15.637675285339355,-7.992353439331055,6.900140762329102,-0.34922340512275696,0.482647180557251,2.6685521602630615,0.9255355000495911,0.06936818361282349,0.454874724149704,-4.237795829772949,-5.597625732421875,-6.3137431144714355,-5.638087749481201
259,-6.7054853439331055,8.932353973388672,1.1359633207321167,0.2211894989013672,1.2487448453903198,4.218374252319336,-1.7354648113250732,-0.36857858300209045,-8.575325965881348,-2.125803232192993,-4.539815425872803,-4.321125507354736,-11.202082633972168,1.1424100399017334,-4.80318546295166,9.130858421325684,17.45114517211914,2.523908853530884,-6.752417087554932,-4.020172119140625,0.00024515416589565575,-15.64714527130127,-15.62722110748291,-15.651686668395996,-8.151630401611328,7.104556083679199,0.29865190386772156,-0.03216327354311943,0.35935404896736145,1.01998770236969,-0.5418282151222229,-0.17052680253982544,-2.969719409942627,-4.9839324951171875,-6.210626602172852,-5.776956081390381
260,-6.084335803985596,8.697218894958496,4.754176616668701,-3.9513113498687744,-7.773870468139648,3.0546798706054688,-2.4552066326141357,-2.466226816177368,-7.787941932678223,-9.029535293579102,-4.419431209564209,-4.228867530822754,-9.059149742126465,1.606038212776184,-2.8951566219329834,9.170949935913086,10.430662155151367,2.9947290420532227,-8.375449180603027,-5.483832359313965,0.00012752218754030764,-0.0049939532764256,-15.627206802368164,-15.655632019042969,-7.613626003265381,6.8102521896362305,0.982535719871521,-0.734699010848999,-1.8091758489608765,0.6644330024719238,-0.699024498462677,-0.6816495656967163,-2.1897177696228027,-4.128271579742432,-5.854006290435791,-5.439042568206787
261,-6.891910076141357,8.56590461730957,8.902361869812012,-5.64022970199585,-6.735743045806885,3.0013175010681152,-4.324643135070801,-3.4657840728759766,-1.1510705947875977,-7.111059188842773,-3.8319833278656006,-3.919287919998169,-6.122780799865723,2.155721664428711,0.9735367298126221,8.604470252990723,6.725293159484863,3.3360962867736816,-11.223564147949219,-7.74362850189209,3.518350422382355e-05,0.0003192489966750145,-15.667969703674316,-15.676998138427734,-6.350132465362549,5.102495193481445,1.994187831878662,-0.932237982749939,-1.2014474868774414,0.6974972486495972,-1.4395196437835693,-0.958232581615448,0.022623728960752487,-1.7246898412704468,-4.36897087097168,-4.612706184387207
262,-7.821553707122803,8.246638298034668,8.803031921386719,-4.806369781494141,-6.376879692077637,3.0868709087371826,-4.670620918273926,-4.134293079376221,5.095143795013428,-0.906844437122345,-3.159114360809326,-3.649780035018921,-4.572800159454346,2.850036859512329,5.174684047698975,7.245025634765625,3.5088095664978027,4.647530555725098,-14.102989196777344,-10.065214157104492,6.105240821838379,-0.0017710970714688301,-15.565245628356934,-15.519174575805664,-5.9490556716918945,3.9352428913116455,2.168707847595215,-0.737614631652832,-1.2586768865585327,0.7520003318786621,-1.7822017669677734,-1.269526481628418,3.3666982650756836,0.055045757442712784,-3.072909116744995,-3.9786276817321777
263,-8.908799171447754,6.337635517120361,8.371365547180176,-4.464582920074463,-6.160466194152832,3.621324062347412,-4.559684753417969,-5.118587017059326,9.894966125488281,5.13178014755249,-2.057434320449829,-2.971416711807251,0.28651055693626404,3.543076753616333,9.355264663696289,5.744693279266357,0.7182799577713013,7.271703720092773,-17.972354888916016,-13.751927375793457,-1.266511082649231,10.250871658325195,-12.342439651489258,-14.67028522491455,-4.100421905517578,1.7439053058624268,2.4542298316955566,-0.730502724647522,-1.4884967803955078,1.0532970428466797,-2.1583335399627686,-1.879065752029419,6.466773509979248,2.6748852729797363,-1.168718934059143,-2.8490071296691895
264,-8.044422149658203,-0.7316476106643677,7.005575180053711,-2.946784734725952,-7.141746997833252,0.7686845660209656,-0.5417899489402771,-1.4402421712875366,9.570940017700195,2.4199411869049072,8.912508964538574,-2.4348042011260986,-1.2969698905944824,1.2094814777374268,9.33908462524414,2.143582344055176,0.0923326313495636,6.850719928741455,-19.554744720458984,-15.469135284423828,-0.6544821858406067,15.700871467590332,10.257051467895508,-12.09446907043457,-2.4259867668151855,-0.4404212236404419,2.1459879875183105,-0.48095840215682983,-1.9550755023956299,0.07191181182861328,0.012315154075622559,-0.35677021741867065,7.325675010681152,4.806796550750732,2.4710447788238525,-1.221075415611267
265,-0.830394983291626,-4.5846357345581055,5.089393138885498,-3.4906229972839355,-8.309328079223633,-0.10322406142950058,14.748688697814941,10.91894817352295,8.784660339355469,1.984527826309204,4.07947301864624,5.823628902435303,1.0521414279937744,-3.1061081886291504,9.747525215148926,-3.5191490650177,-2.3036601543426514,3.4189486503601074,-9.486309051513672,-10.003387451171875,2.412954092025757,15.678650856018066,15.673958778381348,-3.9156618118286133,0.11326742172241211,-1.2458568811416626,1.4340910911560059,-0.789059042930603,-4.051019191741943,-0.0603410042822361,2.671088695526123,2.0330536365509033,6.6829729080200195,4.920310020446777,6.253361701965332,1.2167919874191284
266,0.15286394953727722,-3.9946768283843994,1.6602619886398315,-1.3244062662124634,-7.8444743156433105,-0.9747875928878784,15.782349586486816,13.360152244567871,7.178845405578613,2.051679849624634,4.177104473114014,8.047201156616211,2.1610705852508545,-9.199954986572266,-0.06677430868148804,-9.556288719177246,-6.747662544250488,0.4102529287338257,2.1214346885681152,-2.8583922386169434,6.664440155029297,15.691654205322266,15.67731761932373,15.55173110961914,0.0675046443939209,-1.2977396249771118,0.11218687891960144,-0.3036040663719177,-5.8220415115356445,-0.21507292985916138,3.6875967979431152,2.491428852081299,6.408959865570068,4.9659013748168945,5.460965633392334,5.033383846282959
267,-0.40172985196113586,-3.298273801803589,1.8066257238388062,2.1562376022338867,-6.417646884918213,-4.599198341369629,12.115943908691406,11.514405250549316,5.0764055252075195,1.9908397197723389,4.05094051361084,4.254550933837891,5.940375804901123,-9.934300422668457,-0.1377665102481842,-8.326864242553711,-10.852849960327148,-4.361931800842285,8.268176078796387,4.5709662437438965,11.035841941833496,15.639127731323242,15.506904602050781,15.596686363220215,-0.08932280540466309,-1.0560499429702759,0.3667599856853485,0.46198201179504395,-7.007519245147705,-1.3345595598220825,3.6054418087005615,2.7442004680633545,5.746376991271973,5.544389247894287,4.939503192901611,5.081657409667969
268,-0.7183774709701538,-1.42793607711792,-0.7754908800125122,0.37716495990753174,-5.706387996673584,-5.526004791259766,10.752341270446777,9.844819068908691,3.307250738143921,4.1331467628479,4.074034690856934,4.262996673583984,5.884437084197998,-11.4446439743042,-1.6232153177261353,-9.206618309020996,-13.10580062866211,-9.288971900939941,11.910775184631348,8.845880508422852,14.686023712158203,15.044182777404785,15.677229881286621,15.621487617492676,-0.12819135189056396,-0.3401857018470764,-0.2587132751941681,0.007249314337968826,-7.99945592880249,-2.093228816986084,4.146963596343994,2.92722749710083,5.268524646759033,6.412619113922119,5.15061092376709,5.432317733764648
269,0.42417243123054504,4.922628879547119,-2.785985231399536,-1.711400032043457,-4.556273937225342,-5.123171329498291,10.318497657775879,9.741605758666992,2.05764102935791,2.1279139518737793,4.204006671905518,4.295180320739746,8.956756591796875,-3.4853432178497314,0.5413405895233154,-3.836494207382202,-16.37581443786621,-11.417441368103027,13.296296119689941,10.615297317504883,15.230554580688477,13.995007514953613,15.638116836547852,14.35339641571045,0.1440359354019165,1.0567339658737183,-0.701185941696167,-0.6083768010139465,-9.244738578796387,-2.6268362998962402,5.208615303039551,3.6402854919433594,5.192102432250977,6.929633140563965,5.250349044799805,5.7381391525268555
270,-5.422170162200928,2.184736490249634,-6.151493072509766,-5.626855850219727,-4.112360000610352,-4.982412815093994,10.058671951293945,10.121893882751465,2.0042757987976074,2.6946053504943848,4.199886322021484,4.249821186065674,1.8696290254592896,-3.6075000762939453,-2.40641188621521,-7.084504127502441,-17.128402709960938,-13.797816276550293,14.945880889892578,12.598939895629883,15.66821575164795,14.90066146850586,15.690433502197266,15.641478538513184,-1.2845001220703125,0.33143186569213867,-1.4348376989364624,-1.5835012197494507,-9.226404190063477,-3.3228156566619873,5.43299674987793,4.239005088806152,5.753594398498535,6.306134223937988,5.448227882385254,5.5035576820373535
271,1.2250655889511108,4.248680114746094,-8.754537582397461,-8.28441047668457,-3.9793894290924072,-4.347102165222168,9.617751121520996,9.693801879882812,2.0191969871520996,2.438286781311035,4.080484390258789,4.2183661460876465,-0.34856221079826355,-3.068047285079956,-5.382530212402344,-11.298892974853516,-17.956954956054688,-15.141251564025879,15.952061653137207,14.025392532348633,15.662617683410645,14.490531921386719,15.665458679199219,15.625244140625,0.4849205017089844,0.9020866751670837,-2.331437349319458,-2.8972251415252686,-10.090773582458496,-2.8080954551696777,5.8869948387146,4.565394878387451,5.459852695465088,6.53013277053833,4.954658508300781,5.240237236022949
272,-4.7928032875061035,3.9555978775024414,-6.8127593994140625,-6.367670059204102,-3.582881212234497,4.8044328689575195,8.830168724060059,9.176887512207031,2.0194613933563232,2.8974664211273193,3.904560089111328,3.982793092727661,-5.904602527618408,-5.05312442779541,-8.0901460647583,-16.49118423461914,-18.25819969177246,-12.501565933227539,21.376846313476562,14.808123588562012,15.686691284179688,12.369841575622559,-0.0021675322204828262,15.62474536895752,-1.6670925617218018,0.7335426211357117,-1.81170654296875,-2.555915594100952,-6.8893141746521,1.2574251890182495,5.3351945877075195,4.651019096374512,6.396114826202393,5.982180595397949,4.613178253173828,4.670443534851074
273,-5.950383186340332,8.715056419372559,-0.4847576320171356,-3.181929111480713,8.586203575134277,10.662416458129883,-5.233898162841797,2.1095213890075684,1.9998304843902588,5.096183776855469,12.165738105773926,3.4299819469451904,-7.866672515869141,-5.348324775695801,-8.087892532348633,-18.290355682373047,-13.009379386901855,-5.6703619956970215,18.489850997924805,12.892851829528809,15.690300941467285,5.243886470794678,-0.0018034148961305618,15.44422721862793,-2.802375316619873,2.5641462802886963,0.17794282734394073,-1.4383591413497925,2.8084824085235596,5.478928089141846,-1.5269560813903809,0.2594812214374542,5.9434404373168945,4.7015581130981445,2.4068353176116943,3.5031375885009766
274,-7.653864860534668,8.786418914794922,7.972109794616699,10.980731964111328,10.575242042541504,9.122363090515137,-25.153942108154297,-19.23255729675293,-8.194622039794922,-4.526740074157715,9.207316398620605,9.213767051696777,0.4643234610557556,5.034069061279297,-0.7700561285018921,-9.21766185760498,-0.24095405638217926,4.3371052742004395,8.739624977111816,8.99431037902832,-7.432650566101074,-15.655182838439941,-0.002993246540427208,0.01726853847503662,-4.881381034851074,4.352773666381836,1.7578234672546387,2.2099416255950928,7.549366474151611,6.206556797027588,-5.846737861633301,-4.413213729858398,-3.5333542823791504,-8.557731628417969,1.8054487705230713,3.087446689605713
275,-9.8895263671875,6.304354190826416,7.838114261627197,8.832690238952637,8.574371337890625,6.960725784301758,-19.634449005126953,-10.833029747009277,-3.053833484649658,-1.9291207790374756,14.314306259155273,14.27828311920166,3.218474864959717,8.650364875793457,3.8599774837493896,-2.298280954360962,2.215759754180908,6.48987340927124,1.4728554487228394,3.992891788482666,-12.973774909973145,-15.655354499816895,0.013897428289055824,-0.049786992371082306,-4.770088195800781,2.549393892288208,1.8202133178710938,1.5727866888046265,7.77603816986084,2.8389763832092285,-4.276814937591553,-1.6934008598327637,-4.048171043395996,-7.903717517852783,3.6341798305511475,3.3931188583374023
276,-10.284025192260742,7.367047309875488,3.7366933822631836,7.19293212890625,8.37326717376709,6.328697204589844,-7.799760341644287,-6.3295440673828125,-3.1449673175811768,-5.1717729568481445,15.39461612701416,12.872761726379395,5.095383167266846,5.477628707885742,6.5669026374816895,3.0008418560028076,2.992241382598877,3.540501832962036,-1.7993848323822021,0.8122348785400391,-13.28935432434082,-12.441149711608887,-0.002602234948426485,0.002147971885278821,-4.660512447357178,3.6857292652130127,0.7601455450057983,1.488175392150879,7.116727352142334,1.7142577171325684,-1.2652971744537354,-1.0749390125274658,-5.239678382873535,-7.491971492767334,3.76346492767334,2.794987201690674
277,-10.716650009155273,7.290943145751953,-1.220625400543213,4.972900867462158,8.167802810668945,4.759151458740234,-4.224900245666504,-5.8690032958984375,-3.0380876064300537,-2.99895977973938,14.145411491394043,11.228093147277832,5.281531810760498,5.895561218261719,6.393446445465088,5.986030578613281,3.6079864501953125,3.7805535793304443,-3.5854544639587402,-1.7930806875228882,-13.531455039978027,-13.756847381591797,-0.0011013711337000132,0.002400896279141307,-4.806011199951172,4.946132659912109,-0.409996896982193,1.1511677503585815,5.93633508682251,1.1610065698623657,-0.8146525621414185,-1.2252848148345947,-5.251516342163086,-6.6563215255737305,3.197603940963745,2.3701000213623047
278,-10.528485298156738,7.462612152099609,-5.166347026824951,4.445514678955078,7.9177446365356445,3.6554629802703857,-1.651321291923523,-3.4469916820526123,-2.902026414871216,-2.8159844875335693,12.404046058654785,10.180634498596191,4.059760093688965,4.931202411651611,3.6840853691101074,7.053670883178711,4.513751029968262,3.485201120376587,-4.541504383087158,-3.5343072414398193,-13.860873222351074,-14.054427146911621,-0.00014193623792380095,0.00438290648162365,-4.860461235046387,5.232739448547363,-1.0286531448364258,1.1551289558410645,5.1898369789123535,0.8359667658805847,-0.27866309881210327,-0.6799387335777283,-5.23575496673584,-6.992936611175537,2.668212413787842,2.132476329803467
279,-10.1336088180542,7.822515487670898,-5.879603862762451,4.373531818389893,7.542736530303955,2.96956467628479,-0.3423474133014679,-1.4857033491134644,-2.7520413398742676,-2.698568105697632,9.958495140075684,9.010756492614746,2.687286615371704,3.4179420471191406,0.7131862640380859,7.578543663024902,5.751691818237305,2.91025972366333,-4.931385040283203,-4.464350700378418,-14.182358741760254,-14.05882453918457,-0.01468680426478386,0.0052309040911495686,-5.069731712341309,5.333552360534668,-1.1611170768737793,1.1840142011642456,4.588810920715332,0.6628730297088623,-0.023992180824279785,-0.2646535634994507,-5.210089206695557,-7.12032413482666,2.013347625732422,1.848586916923523
280,-9.749384880065918,8.190402030944824,-5.933736801147461,4.074617385864258,7.045260429382324,3.167992115020752,1.2584666013717651,-0.054765522480010986,-2.6165332794189453,-2.5573151111602783,5.030296802520752,7.286183834075928,1.3674496412277222,2.400383710861206,-1.9115872383117676,7.88893461227417,7.237552165985107,2.8716602325439453,-4.704524517059326,-4.747443675994873,-14.454907417297363,-14.287740707397461,-0.012395704165101051,0.0055933077819645405,-5.3493523597717285,5.415144920349121,-1.264183759689331,1.1061843633651733,3.9874815940856934,0.7518776059150696,0.27372926473617554,0.04998958110809326,-5.253730773925781,-7.112166881561279,0.8263429999351501,1.4376651048660278
281,-9.31269645690918,8.505298614501953,-5.651368618011475,3.9461498260498047,6.464371681213379,2.744990587234497,1.662081003189087,1.2020100355148315,-2.5019164085388184,-2.470576286315918,-2.609940767288208,2.638533115386963,-2.3661506175994873,-0.8289324641227722,-5.545313835144043,6.836477756500244,8.416459083557129,1.5600013732910156,0.26044997572898865,-5.200472831726074,-14.818438529968262,-14.89258861541748,-15.701618194580078,-0.014621678739786148,-5.699395656585693,5.510902404785156,-1.2576202154159546,1.0810796022415161,3.4498348236083984,0.6194461584091187,0.3608635663986206,0.2501526474952698,-5.132846832275391,-6.616151809692383,-3.4081547260284424,0.3504871129989624
282,-8.837278366088867,9.23320484161377,-1.9222710132598877,4.0173468589782715,6.511877536773682,5.305967807769775,0.2824423313140869,-1.5452227592468262,-2.3295915126800537,-2.347405195236206,-4.061136722564697,-2.5390961170196533,-1.6485013961791992,-0.031609922647476196,-5.749564170837402,8.263712882995605,9.059053421020508,2.165085554122925,-0.36069661378860474,-1.2407476902008057,-15.605172157287598,-14.706954956054688,-15.621023178100586,-15.629583358764648,-6.521412372589111,6.23513650894165,-0.3275289237499237,1.0741461515426636,3.711430311203003,1.5103013515472412,0.0029225945472717285,-0.41560715436935425,-4.240085601806641,-5.724724769592285,-5.85020637512207,-3.2959814071655273
283,-8.071942329406738,9.174907684326172,-0.4571785032749176,1.911300539970398,5.228832244873047,4.434604167938232,-0.18313832581043243,3.3268325328826904,-9.040843963623047,-2.4541327953338623,-4.351179122924805,-4.031733512878418,-3.4829890727996826,0.16808423399925232,-6.152540683746338,9.178369522094727,12.446273803710938,2.018397092819214,-0.930328905582428,-0.7126132845878601,-0.0004151867760811001,-14.966825485229492,-15.54427719116211,-15.577160835266113,-6.736711502075195,6.345520496368408,-0.04704710841178894,0.43499577045440674,3.5276496410369873,1.0035699605941772,-0.05510371923446655,0.833594024181366,-4.387739181518555,-5.471775054931641,-5.928030967712402,-5.285077095031738
284,-7.797290802001953,9.056565284729004,1.5510421991348267,0.05544682964682579,4.343876361846924,5.63027811050415,-3.720071792602539,0.39706793427467346,-8.767139434814453,-2.10396409034729,-4.498118877410889,-4.252194881439209,-6.174301624298096,0.6618593335151672,-5.7315802574157715,10.28809928894043,15.327168464660645,3.2597925662994385,-2.960670232772827,-0.9319764971733093,0.0001754583208821714,0.006326156668365002,-15.521711349487305,-15.585917472839355,-7.155120372772217,6.916260242462158,0.3300086259841919,-0.0821855217218399,2.340578317642212,1.6135512590408325,-0.950181782245636,-0.03023049235343933,-3.3277032375335693,-5.215617656707764,-6.0326828956604,-5.531070709228516
285,-6.731229782104492,8.999909400939941,5.426069259643555,-3.1873559951782227,0.7974681258201599,3.998732089996338,-3.269587516784668,-2.546006441116333,-8.190861701965332,-8.901201248168945,-4.382814884185791,-4.17494010925293,-11.05854320526123,0.8827559351921082,-3.9462034702301025,10.556503295898438,17.08441162109375,2.511742115020752,-5.041954517364502,-2.440746307373047,0.00023518927628174424,0.03210076689720154,-15.582173347473145,-15.628931045532227,-7.019446849822998,6.652219772338867,1.0784387588500977,-0.568489670753479,0.10590169578790665,0.8598800301551819,-0.7542027831077576,-0.6595065593719482,-2.5204341411590576,-3.632201671600342,-5.537852764129639,-5.157083511352539
286,-6.992311954498291,8.30983829498291,6.906574249267578,-5.118180751800537,-8.56784725189209,2.389580488204956,-4.064316749572754,-3.6789047718048096,-6.7961907386779785,-8.37232780456543,-4.355244159698486,-4.376696586608887,-4.84036111831665,3.1411120891571045,0.4418613314628601,5.200475215911865,8.388236999511719,1.8861448764801025,-7.974810600280762,-3.8240973949432373,-8.66757400217466e-05,0.04362798482179642,-15.701550483703613,-15.688302993774414,-6.326791763305664,5.938610553741455,1.444689393043518,-0.948117733001709,-2.179912805557251,0.4461864233016968,-1.12331223487854,-0.8709214329719543,-1.6322917938232422,-2.7038803100585938,-5.047784805297852,-4.797927379608154
287,-8.276902198791504,8.03685474395752,6.745995998382568,-2.150063991546631,-5.359943866729736,4.6842427253723145,-5.44773530960083,-4.756208896636963,1.8614230155944824,-6.442376136779785,-3.393195390701294,-3.8293943405151367,-1.67771577835083,3.977963447570801,4.450989723205566,5.703739166259766,5.6452484130859375,2.9005448818206787,-11.553980827331543,-7.0213303565979,2.6799044609069824,-0.0006498992443084717,-15.698205947875977,-15.696113586425781,-6.160949230194092,4.897305488586426,1.5494295358657837,-0.2698934078216553,-0.8735736608505249,1.2855629920959473,-1.800297498703003,-1.2536394596099854,0.7456570863723755,-1.460041880607605,-3.546447992324829,-4.490392208099365
288,-9.038649559020996,7.645649433135986,6.643145561218262,-2.9971420764923096,-5.696486473083496,3.947861433029175,-5.101084232330322,-4.905202388763428,4.441449165344238,2.386246919631958,-2.584932804107666,-3.49674129486084,0.3010319471359253,4.512007713317871,8.161376953125,5.050719261169434,3.790813684463501,4.74760103225708,-15.327759742736816,-10.470707893371582,13.885880470275879,2.485347270965576,-14.813326835632324,-15.69693374633789,-5.897909164428711,3.7361114025115967,1.8161048889160156,-0.535749077796936,-1.133495807647705,0.9584128856658936,-1.9975571632385254,-1.471679925918579,4.5179924964904785,0.8739335536956787,-2.296339750289917,-3.8169021606445312
289,-10.010293960571289,5.091091632843018,6.5022292137146,-3.9138872623443604,-7.255547046661377,3.573115825653076,-3.5974185466766357,-4.22378396987915,9.40567684173584,4.7061872482299805,2.370776414871216,-2.2152202129364014,2.5887539386749268,3.303656816482544,9.70184326171875,2.325352668762207,0.4754997491836548,7.1143717765808105,-19.180944442749023,-14.078435897827148,-1.7901966571807861,13.121185302734375,-5.577975749969482,-14.382343292236328,-3.9326376914978027,1.199154019355774,2.0238301753997803,-0.7309421300888062,-2.703754186630249,0.9745206832885742,-1.7717444896697998,-1.4950366020202637,7.190678596496582,4.214269161224365,0.79933762550354,-1.7230809926986694
290,-8.594350814819336,-0.5916228294372559,6.266125202178955,-2.4633445739746094,-8.04964828491211,0.7967595458030701,1.3190065622329712,0.8847251534461975,9.845024108886719,1.9735043048858643,4.87747049331665,-0.08847878873348236,0.09095174074172974,1.1577588319778442,8.931583404541016,-1.6883361339569092,0.5589076280593872,6.076895236968994,-17.825725555419922,-14.342395782470703,-1.1378220319747925,15.70101261138916,15.49916934967041,-9.344672203063965,-2.540742874145508,-0.3587270975112915,1.7967185974121094,-0.448189377784729,-3.008753538131714,0.07677483558654785,0.5161557197570801,0.41613465547561646,7.085142135620117,4.926830768585205,5.730348587036133,0.3104251027107239
291,-4.67378044128418,-2.842877149581909,3.8252780437469482,-0.6074316501617432,-8.235516548156738,0.9945834875106812,13.390514373779297,8.92074203491211,9.001319885253906,1.975931167602539,4.4035234451293945,8.510702133178711,-4.405557155609131,-5.102705001831055,-0.03315280005335808,-6.177883625030518,-1.2828052043914795,4.716348648071289,-6.987142086029053,-10.33322525024414,1.3419442176818848,15.588544845581055,15.677523612976074,15.698896408081055,-0.919539749622345,-0.6909520030021667,0.9556689262390137,-0.060587238520383835,-4.906246662139893,0.24605703353881836,2.415820598602295,1.506411075592041,6.471889972686768,4.662148475646973,6.168032646179199,4.212316989898682
292,-0.9053417444229126,-2.2628509998321533,5.588095188140869,3.8689348697662354,-8.180278778076172,-1.9864617586135864,14.536602020263672,10.691534042358398,7.657159328460693,1.9843131303787231,4.370744705200195,3.997086763381958,0.2183292806148529,-6.590442657470703,-0.010726130567491055,-3.783616304397583,-5.12484073638916,1.023187518119812,1.7031567096710205,-2.3664798736572266,5.332614421844482,15.698426246643066,15.611177444458008,15.638422966003418,-0.04719942808151245,-0.5835201144218445,1.1487865447998047,0.8130624294281006,-6.662886142730713,-0.48769962787628174,3.3075451850891113,1.9911463260650635,6.418858051300049,4.885815620422363,5.6147780418396,5.156772613525391
293,-0.9574470520019531,-2.4185242652893066,3.056528091430664,2.370227813720703,-6.749518871307373,-4.7237868309021,12.078683853149414,10.975335121154785,5.781991481781006,2.0264453887939453,4.171968460083008,5.381535530090332,5.41127347946167,-5.236349105834961,-0.08253500610589981,-5.145514488220215,-10.1761474609375,-4.10784912109375,8.194220542907715,3.7857019901275635,9.473184585571289,6.071913242340088,15.639460563659668,15.697208404541016,-0.16451704502105713,-0.5890894532203674,0.5125293731689453,0.355220764875412,-7.52876091003418,-1.3450570106506348,3.5439116954803467,2.572817802429199,5.974667549133301,5.318873405456543,5.351293087005615,5.396262168884277
294,-1.720767855644226,-0.9980151057243347,-2.9740450382232666,-0.37724611163139343,-5.639451026916504,-5.093784809112549,9.500895500183105,9.872332572937012,3.947770118713379,4.896177291870117,4.094236373901367,4.119040489196777,4.69767951965332,-9.01782512664795,-2.641416311264038,-8.327120780944824,-12.359036445617676,-9.636964797973633,11.733278274536133,8.314664840698242,12.998421669006348,13.027280807495117,15.682604789733887,15.643903732299805,-0.3181661367416382,-0.20717120170593262,-0.8620913028717041,-0.19199471175670624,-8.022294044494629,-1.8183118104934692,3.333042621612549,2.8572592735290527,4.882426738739014,5.807581424713135,5.044307708740234,5.111566066741943
295,2.08748197555542,3.069915771484375,-3.8367323875427246,-2.7504844665527344,-5.008152484893799,-4.736756801605225,10.028727531433105,9.780059814453125,2.0746142864227295,2.367859363555908,4.12291145324707,4.296662330627441,10.653335571289062,-2.364647388458252,-0.36277830600738525,-3.7857203483581543,-16.039615631103516,-12.264430046081543,12.944025993347168,10.186246871948242,15.091776847839355,14.105271339416504,15.70045280456543,14.071059226989746,0.6830310821533203,0.6415511965751648,-0.9334388971328735,-0.9496839046478271,-9.646254539489746,-2.347060203552246,5.0460100173950195,3.607175350189209,5.003091812133789,6.58184814453125,5.268052577972412,5.652439117431641
296,-7.283896446228027,2.011150360107422,-6.397392272949219,-6.068641185760498,-4.21002721786499,-4.588639736175537,10.008069038391113,10.47315788269043,2.0037620067596436,2.497309684753418,4.1839494705200195,4.2120490074157715,2.194716215133667,-2.7448830604553223,-3.6912500858306885,-7.640341758728027,-16.83492088317871,-14.350845336914062,14.547142028808594,12.187664031982422,15.666688919067383,15.203147888183594,15.680408477783203,15.661715507507324,-2.144392490386963,0.35617196559906006,-1.5129073858261108,-1.6830698251724243,-9.134111404418945,-2.839822769165039,5.112551689147949,4.319039821624756,5.914736270904541,6.130497455596924,5.37587833404541,5.435668468475342
297,1.0253875255584717,3.019364833831787,-8.507037162780762,-8.492623329162598,-4.222811698913574,-3.7119357585906982,9.786665916442871,9.98584270477295,2.0750327110290527,2.237820863723755,4.057356357574463,4.166760444641113,-0.19872254133224487,-2.618952751159668,-6.888322830200195,-12.240082740783691,-17.260944366455078,-15.467896461486816,15.589767456054688,13.719480514526367,15.632124900817871,15.11048412322998,15.661259651184082,15.628704071044922,0.4919527769088745,0.6109022498130798,-2.3859174251556396,-3.125675916671753,-10.181056022644043,-1.9372377395629883,5.818182468414307,4.638754367828369,5.436087608337402,6.455755233764648,4.8766770362854,5.111445426940918
298,-5.559411525726318,3.8138139247894287,-5.4714436531066895,-6.030332088470459,-3.783615827560425,8.846697807312012,8.396820068359375,8.529786109924316,2.0170419216156006,3.0031542778015137,3.8260445594787598,3.884341239929199,-5.558194637298584,-4.906979084014893,-9.40994930267334,-17.417213439941406,-17.626041412353516,-10.761627197265625,20.942487716674805,14.212105751037598,15.652383804321289,10.796333312988281,-0.002084464766085148,15.658310890197754,-2.1083498001098633,0.7554334998130798,-1.4598172903060913,-2.543114185333252,-5.653818607330322,3.1466267108917236,4.465459823608398,3.818485975265503,6.760052680969238,5.706928253173828,4.4310407638549805,4.469959259033203
299,-6.551307678222656,8.804544448852539,3.8583812713623047,-1.5376818180084229,9.327350616455078,10.724427223205566,-14.7510986328125,-3.2628300189971924,1.9863841533660889,5.627904415130615,10.600791931152344,3.141145944595337,-5.547976970672607,-4.135840892791748,-7.943828582763672,-18.20389175415039,-11.3867769241333,-3.8300373554229736,15.960426330566406,14.108601570129395,12.378735542297363,2.791421413421631,0.002873450517654419,5.311944961547852,-3.702219009399414,2.780386209487915,1.0062170028686523,-0.47857266664505005,4.492958068847656,6.17031717300415,-3.242004871368408,-1.1795134544372559,5.030011177062988,2.6400487422943115,1.9646937847137451,3.1234869956970215
300,-8.219056129455566,8.54840087890625,9.112051010131836,14.225275993347168,10.236258506774902,8.833212852478027,-24.179718017578125,-21.000009536743164,-7.322112560272217,-4.247438430786133,9.417760848999023,12.700448989868164,-0.6288117170333862,0.5739549398422241,-1.126985788345337,-8.301212310791016,0.5180590152740479,1.4832727909088135,7.075137615203857,6.793202877044678,-9.311661720275879,-8.712380409240723,-0.05925522372126579,0.4031204283237457,-5.394473075866699,3.859363079071045,1.8746330738067627,2.761042833328247,7.885145664215088,5.959073066711426,-5.382044315338135,-4.641394138336182,-4.474982261657715,-12.742877006530762,1.941258430480957,2.7608094215393066
301,-9.674829483032227,7.9768781661987305,6.082657814025879,6.883626937866211,8.507823944091797,7.572152614593506,-17.405744552612305,-10.80775260925293,-3.0444653034210205,-3.5030508041381836,13.000544548034668,13.222079277038574,3.7457263469696045,3.86907696723938,3.476717710494995,-0.930433988571167,2.498274803161621,3.000335931777954,0.1726701706647873,1.681924819946289,-13.155195236206055,-12.800472259521484,0.0007099590147845447,0.04664265736937523,-4.3110551834106445,3.3812878131866455,1.2530813217163086,1.0884027481079102,7.127727031707764,2.5188605785369873,-3.6595420837402344,-1.7695598602294922,-4.053058624267578,-7.56240177154541,3.130749464035034,3.0170793533325195
302,-10.581570625305176,7.513970851898193,2.86468768119812,5.962861061096191,8.285943984985352,6.267688274383545,-5.739201545715332,-5.63620662689209,-3.0682151317596436,-3.072699546813965,15.218509674072266,12.503249168395996,5.512606143951416,5.842942714691162,6.020115375518799,3.7844128608703613,3.2409350872039795,3.553748607635498,-2.320542812347412,-1.0268040895462036,-13.317214965820312,-13.499151229858398,-0.00037621217779815197,0.004961857572197914,-5.266950607299805,4.570779800415039,0.5738528966903687,1.3034943342208862,6.329317569732666,1.7550588846206665,-0.8435626029968262,-0.9847882390022278,-4.912952899932861,-7.091655254364014,3.772817373275757,2.7500157356262207
303,-10.817440032958984,7.247446537017822,-2.056516408920288,5.077807426452637,8.04520320892334,4.797855377197266,-1.7832794189453125,-2.9794809818267822,-3.0162084102630615,-2.8947761058807373,14.031505584716797,11.203676223754883,5.283624172210693,6.033003807067871,5.528538703918457,6.113194465637207,4.006988048553467,3.6230149269104004,-3.1377623081207275,-2.5250818729400635,-13.590476989746094,-13.915018081665039,-0.001530155772343278,0.0033593536354601383,-5.207859992980957,4.827408790588379,-0.5404198169708252,1.2467318773269653,5.105849266052246,1.163419246673584,-0.23937556147575378,-0.5447667837142944,-5.252120018005371,-7.031593322753906,3.166574478149414,2.3749680519104004
304,-10.544622421264648,7.423945426940918,-5.617667198181152,4.813106536865234,7.694485664367676,4.049983024597168,-0.71621173620224,-1.6006275415420532,-2.877978563308716,-2.743771553039551,11.548626899719238,9.767024993896484,3.9225831031799316,5.019704341888428,2.6578140258789062,6.976292133331299,5.070361614227295,3.4997200965881348,-3.641204357147217,-3.4580533504486084,-13.911766052246094,-14.190691947937012,-0.000994696980342269,0.005819965153932571,-5.262054443359375,4.987432956695557,-1.1302896738052368,1.2650816440582275,4.304567813873291,0.9661777019500732,-0.11739680171012878,-0.3032706081867218,-5.338542938232422,-7.186581611633301,2.4049763679504395,2.0150012969970703
305,-10.120294570922852,7.80061149597168,-6.012566089630127,4.665309429168701,7.213252067565918,3.5428946018218994,-0.006552473176270723,-0.012649059295654297,-2.7334365844726562,-2.6665337085723877,8.066905975341797,8.535938262939453,2.5131802558898926,3.859086751937866,-0.3449421525001526,7.504425048828125,6.406175136566162,3.317136526107788,-3.873504400253296,-3.77040433883667,-14.213866233825684,-14.405203819274902,-0.0026001902297139168,0.007536607328802347,-5.508291721343994,5.040684700012207,-1.2198313474655151,1.2563689947128296,3.6782164573669434,0.8257154226303101,0.028983265161514282,0.06437987089157104,-5.3768768310546875,-7.241949081420898,1.532474160194397,1.7376188039779663
306,-9.044587135314941,8.98021411895752,-5.400472164154053,4.496784687042236,6.773345947265625,3.7083919048309326,0.866746723651886,1.1248431205749512,-2.553490161895752,-2.4471983909606934,-2.646273374557495,6.372103214263916,-1.0823673009872437,0.3759428858757019,-4.7050251960754395,6.8513264656066895,7.280406951904297,2.12252140045166,-1.917690396308899,-4.270561695098877,-14.604601860046387,-14.757854461669922,-6.7976508140563965,0.005629988387227058,-5.7741289138793945,5.061518669128418,-1.2923171520233154,1.1485472917556763,3.1103601455688477,0.8503969311714172,0.18360263109207153,0.23471611738204956,-5.425771236419678,-7.0479278564453125,-0.9824708104133606,1.217993974685669
307,-8.706308364868164,9.083236694335938,-2.6584174633026123,4.358946800231934,6.433577060699463,6.12585973739624,-1.5876973867416382,-3.582383871078491,-2.4174423217773438,-2.5112099647521973,-3.58256196975708,1.0259922742843628,-0.314799427986145,0.30698513984680176,-5.23220157623291,8.600452423095703,8.261552810668945,2.192249059677124,-0.18708102405071259,-5.789860725402832,-14.763476371765137,-14.538098335266113,-15.693065643310547,-0.018863504752516747,-6.817843914031982,5.895315170288086,-0.5183714628219604,1.197194218635559,3.7614755630493164,1.8879112005233765,-0.4018635153770447,-1.07426118850708,-4.628368854522705,-6.17198371887207,-5.30853271484375,0.0014532804489135742
308,-8.883742332458496,8.872451782226562,-1.0051759481430054,3.3628480434417725,5.933353900909424,5.1693572998046875,1.1664406061172485,1.6467417478561401,-2.0289149284362793,-2.4216256141662598,-4.30225944519043,-2.6387252807617188,-0.13846707344055176,1.1994425058364868,-5.3430376052856445,9.254481315612793,10.990158081054688,2.7326693534851074,-0.4734222888946533,-0.9306851029396057,-0.005878448486328125,-14.822209358215332,-15.54166030883789,-15.518013000488281,-7.0544114112854,5.802000999450684,-0.16829487681388855,0.912590742111206,3.4840428829193115,1.2398951053619385,0.33325618505477905,0.5446666479110718,-4.332444667816162,-5.752762317657471,-5.808732032775879,-3.3310070037841797
309,-8.1516752243042,8.916431427001953,0.6219362616539001,1.1537144184112549,4.464732646942139,5.782589435577393,-3.2605812549591064,1.9416933059692383,-8.952985763549805,-2.3810908794403076,-4.591264724731445,-4.06925630569458,-4.784135341644287,0.9711140394210815,-5.646666049957275,10.019926071166992,15.170029640197754,1.9444819688796997,-2.210686445236206,-0.7460384368896484,0.00015325227286666632,-15.100266456604004,-15.540939331054688,-15.583769798278809,-7.660470962524414,6.452672958374023,0.17088094353675842,0.2216714471578598,2.5127367973327637,1.5431921482086182,-0.8612416386604309,0.39011597633361816,-3.893808364868164,-5.894702434539795,-6.292252540588379,-5.472757339477539
310,-7.144504070281982,8.920709609985352,1.1844780445098877,-0.7798606753349304,1.815769910812378,5.6098713874816895,-2.1531312465667725,1.1909732818603516,-8.802908897399902,-9.150243759155273,-4.5195417404174805,-4.177605628967285,-9.817570686340332,1.0316401720046997,-5.499946117401123,10.581299781799316,17.647361755371094,2.3394083976745605,-3.7169888019561768,-0.6347078084945679,0.00023988448083400726,0.05395552143454552,-15.529211044311523,-15.59069538116455,-7.411189079284668,6.80780029296875,0.21895292401313782,-0.2020946890115738,0.6471981406211853,1.4698193073272705,-0.44003742933273315,0.2061438262462616,-3.445509433746338,-5.296295166015625,-6.002777099609375,-5.3454389572143555
311,-6.158720970153809,8.903861999511719,6.058470726013184,-5.088293075561523,-8.198898315429688,3.312001943588257,-3.589482307434082,-2.7023744583129883,-8.296089172363281,-8.952558517456055,-4.387475490570068,-4.063787937164307,-8.7911376953125,1.3448010683059692,-3.6584267616271973,10.17845630645752,10.76217269897461,2.4666788578033447,-5.87866735458374,-2.1898233890533447,0.0001104844268411398,0.039468079805374146,-15.579760551452637,-15.631538391113281,-6.80802583694458,6.144182205200195,1.2348741292953491,-0.8883082866668701,-2.034604787826538,0.639699399471283,-0.9354471564292908,-0.721604585647583,-2.6280927658081055,-3.5507354736328125,-5.5291643142700195,-4.898195266723633
312,-6.830092430114746,8.636670112609863,8.375,-5.933582305908203,-5.861574649810791,4.884539604187012,-5.297214984893799,-3.2929017543792725,-4.7732014656066895,-8.142534255981445,-3.984358072280884,-3.908116579055786,-6.1887054443359375,2.1555354595184326,-0.17441006004810333,7.595372200012207,7.129422187805176,2.7829277515411377,-9.214279174804688,-4.147974014282227,-0.00011938074021600187,-0.03816349059343338,-15.694332122802734,-15.698646545410156,-5.779951095581055,5.251095294952393,1.7423819303512573,-0.9319230318069458,-0.9457694888114929,1.3429534435272217,-1.5667431354522705,-0.7789586186408997,-0.8823944926261902,-2.4528145790100098,-4.6071882247924805,-4.566226959228516
313,-8.083413124084473,8.195147514343262,8.398093223571777,-3.700634002685547,-6.27614688873291,5.34561824798584,-5.375584125518799,-5.082555770874023,4.199887752532959,-4.804197788238525,-3.451310396194458,-4.0648112297058105,-2.0128021240234375,3.3546807765960693,5.218100070953369,5.685108184814453,4.716274261474609,2.998866558074951,-12.857699394226074,-7.026944160461426,7.867966175079346,0.0035374611616134644,-15.698443412780762,-15.699246406555176,-5.790497779846191,4.440873146057129,2.0105338096618652,-0.5715867280960083,-1.2472413778305054,1.4010677337646484,-1.8562865257263184,-1.3747751712799072,1.722664475440979,-0.8980032205581665,-3.643666982650757,-4.519309043884277
314,-8.651869773864746,7.537951469421387,7.858425140380859,-3.837926149368286,-7.053291320800781,5.473905563354492,-5.345716953277588,-6.1428446769714355,8.433589935302734,4.835758209228516,-2.329749584197998,-3.3219218254089355,1.9630253314971924,3.448199510574341,9.251439094543457,4.784541130065918,1.5029287338256836,5.288219451904297,-16.925914764404297,-11.298294067382812,-3.1200406551361084,7.79771089553833,-14.062792778015137,-15.655845642089844,-5.188844203948975,2.849862813949585,2.2678637504577637,-0.6647292375564575,-1.719240427017212,1.5958287715911865,-2.3863162994384766,-1.965782880783081,6.070206642150879,2.1441268920898438,-1.7631629705429077,-3.4539618492126465
315,-9.6648530960083,3.9262161254882812,6.824802875518799,-2.397040367126465,-7.162299156188965,4.239688396453857,-2.855058193206787,-3.5638926029205322,10.146466255187988,3.0983500480651855,4.685879707336426,-2.562776565551758,1.7254202365875244,1.9054718017578125,10.75185775756836,2.494389772415161,1.0608844757080078,6.389089107513428,-19.65004539489746,-14.462302207946777,-2.169888973236084,15.63526725769043,-1.7078920602798462,-14.253303527832031,-4.1518049240112305,0.7526758313179016,2.2525746822357178,-0.3843597173690796,-1.8217259645462036,1.1743247509002686,-1.414879322052002,-1.181196689605713,6.970963478088379,4.6309003829956055,1.1232017278671265,-1.9786509275436401
316,-7.660155296325684,-1.9661548137664795,6.3695549964904785,-2.707153797149658,-8.568133354187012,2.5772669315338135,3.087512969970703,1.3800491094589233,9.955199241638184,1.9671865701675415,3.8765335083007812,-0.09910354763269424,-0.3390563130378723,-1.5348542928695679,9.71065902709961,-1.8281636238098145,0.6095995903015137,6.492290019989014,-17.145389556884766,-14.825815200805664,-1.3529752492904663,15.700778007507324,15.577532768249512,-9.27722454071045,-1.9243497848510742,-0.6505849957466125,1.9241397380828857,-0.554029107093811,-3.714637517929077,0.6042544841766357,0.7305813431739807,0.4591495394706726,7.13277530670166,5.219234943389893,6.105149269104004,0.33487534523010254
317,-3.616581916809082,-2.6392621994018555,4.463017463684082,-1.298440933227539,-8.652923583984375,1.1025376319885254,14.875569343566895,11.195889472961426,9.086694717407227,1.978676199913025,4.65905237197876,8.879618644714355,-1.0655450820922852,-3.0392184257507324,9.945680618286133,-1.664189100265503,-1.1772289276123047,4.492249011993408,-5.996665954589844,-8.76366138458252,1.051171898841858,15.700278282165527,15.596128463745117,15.636462211608887,-0.6312834620475769,-0.6039111018180847,1.278255581855774,-0.21645595133304596,-5.454461097717285,0.19394850730895996,2.8151586055755615,1.9576530456542969,6.588352203369141,4.7957305908203125,6.138418674468994,4.324460983276367
318,0.3738136291503906,-3.434103488922119,0.4830118715763092,-0.6652466654777527,-8.364531517028809,0.07432790100574493,14.096339225769043,11.161258697509766,7.89041805267334,1.986789345741272,4.26863956451416,3.9610941410064697,0.19693464040756226,-8.799423217773438,-0.006779279559850693,-8.453742027282715,-4.896162986755371,2.3475537300109863,3.6970441341400146,-0.8327215909957886,5.038398742675781,15.667098999023438,15.694310188293457,14.01136589050293,0.2339099645614624,-0.95057612657547,-0.09480634331703186,-0.12315128743648529,-6.778090000152588,-0.031191471964120865,3.2553794384002686,2.1589250564575195,6.230084419250488,5.1161603927612305,5.438657283782959,5.137542247772217
319,-0.3443703353404999,-1.8368606567382812,2.477757215499878,2.623673439025879,-6.937766075134277,-5.297776699066162,11.305254936218262,10.501402854919434,5.887893199920654,1.98856520652771,4.099720478057861,4.413153171539307,5.597822189331055,-7.631785869598389,-0.05540364608168602,-7.612920761108398,-9.368437767028809,-2.5386016368865967,9.14095401763916,5.065585613250732,9.28773021697998,15.33289909362793,15.650681495666504,15.435776710510254,-0.08817040920257568,-0.447706401348114,0.569042444229126,0.521442174911499,-8.182839393615723,-1.5566223859786987,3.4835760593414307,2.5579545497894287,5.898001670837402,5.425792694091797,5.233097553253174,5.2945427894592285
320,0.10134739428758621,-1.3841999769210815,-1.4199467897415161,0.21736586093902588,-5.918490886688232,-5.8824591636657715,9.995979309082031,9.597206115722656,3.8980329036712646,4.659786224365234,4.176689147949219,4.3015971183776855,7.5142693519592285,-9.228391647338867,-0.9906333088874817,-8.798446655273438,-11.915661811828613,-7.589841842651367,12.45978832244873,9.113131523132324,13.707624435424805,13.067079544067383,15.70177936553955,15.591007232666016,0.0432664155960083,-0.36027196049690247,-0.43852534890174866,-0.03780912980437279,-8.922621726989746,-1.9845271110534668,3.8972623348236084,2.914518356323242,5.078015327453613,6.032978057861328,5.346263408660889,5.445131301879883
321,-0.6615527272224426,4.735918045043945,-4.091610431671143,-1.8285762071609497,-4.741448879241943,-5.332301139831543,9.887930870056152,9.773523330688477,2.0547053813934326,2.64980411529541,4.53033447265625,4.44120979309082,4.362096309661865,-8.138442993164062,-3.530144453048706,-9.733314514160156,-15.671212196350098,-10.918769836425781,14.477557182312012,11.632487297058105,15.551032066345215,14.315667152404785,15.658260345458984,15.626466751098633,-0.13535356521606445,1.0377148389816284,-1.0199904441833496,-0.6330019235610962,-9.834662437438965,-2.4010305404663086,4.9144439697265625,3.655273914337158,5.0253472328186035,6.598512172698975,5.344980716705322,5.633014678955078
322,0.00031772832153365016,4.667361736297607,-7.167672634124756,-5.731688499450684,-4.148704528808594,-5.03256368637085,10.076054573059082,10.152405738830566,2.243368625640869,3.408785820007324,4.222262382507324,6.131569862365723,5.585318088531494,-2.452991247177124,-2.1649692058563232,-6.728376865386963,-17.19446563720703,-12.567547798156738,14.990987777709961,12.719759941101074,15.700006484985352,13.081437110900879,15.694931030273438,15.69957447052002,0.020912528038024902,0.9577295184135437,-1.6657007932662964,-1.6328210830688477,-10.671835899353027,-2.576902151107788,5.483191013336182,4.411619186401367,5.294618606567383,6.412481307983398,5.088666915893555,5.594724655151367
323,-4.80010986328125,4.345323085784912,-8.238215446472168,-7.279210567474365,-3.862244129180908,-4.119163990020752,9.382959365844727,9.740933418273926,2.0053963661193848,2.953768014907837,4.038213729858398,4.143921852111816,-0.7469034194946289,-3.1733827590942383,-5.657513618469238,-11.415946960449219,-17.247888565063477,-14.187285423278809,15.934286117553711,14.203991889953613,15.665464401245117,13.915847778320312,15.696964263916016,15.64608383178711,-1.2150954008102417,0.839242160320282,-2.0960538387298584,-2.386794328689575,-10.03564739227295,-2.009711265563965,5.524019241333008,4.690370559692383,5.411872386932373,6.13496732711792,5.001481056213379,5.02187442779541
324,-3.547895908355713,5.519214630126953,-6.862186431884766,-6.700501918792725,-3.948137044906616,7.276980400085449,8.246199607849121,8.503608703613281,2.0203628540039062,3.364396095275879,3.9485507011413574,3.9175798892974854,-5.170089244842529,-5.175534725189209,-8.180591583251953,-16.569435119628906,-17.48453140258789,-10.319353103637695,21.238922119140625,14.83587646484375,15.70339584350586,10.640783309936523,-0.0023421337828040123,15.607946395874023,-0.8110365867614746,1.1465137004852295,-1.882582664489746,-2.8633999824523926,-7.020360946655273,2.0897250175476074,4.527684211730957,4.021291255950928,5.976189613342285,5.745253086090088,4.688817024230957,4.534571647644043
325,-6.323414325714111,9.328712463378906,2.0894505977630615,-2.3059675693511963,8.677602767944336,10.44399642944336,-12.756149291992188,-0.3517168462276459,1.9886997938156128,5.711896896362305,11.470710754394531,3.313710927963257,-6.372950553894043,-4.687761306762695,-7.262792587280273,-18.06254768371582,-12.12492561340332,-3.6920669078826904,16.85728645324707,14.988269805908203,15.679927825927734,3.268127202987671,-0.002130274660885334,6.877632141113281,-3.539010524749756,3.007941961288452,0.7415875196456909,-0.8496516942977905,3.0388245582580566,5.548725605010986,-2.790435314178467,-0.6923367381095886,4.88031005859375,3.001321792602539,2.192117929458618,3.2618370056152344
326,-7.833141326904297,9.08947467803955,8.560823440551758,11.863722801208496,10.379258155822754,8.672579765319824,-25.188762664794922,-22.044063568115234,-7.451248645782471,-4.2558674812316895,9.218137741088867,12.615041732788086,0.9491531848907471,4.278132438659668,-0.4571996331214905,-8.293770790100098,0.11561386287212372,5.575719833374023,7.133271217346191,7.538002967834473,-8.538516998291016,-15.662882804870605,-0.0016154125332832336,0.018247973173856735,-5.349193572998047,4.5728759765625,1.8077799081802368,2.2863099575042725,7.401712894439697,6.102352619171143,-5.826042175292969,-4.996971607208252,-3.6490612030029297,-11.320367813110352,1.8465094566345215,2.719935417175293
327,-9.672760963439941,6.854353427886963,7.975926876068115,8.20896053314209,8.573664665222168,6.1974616050720215,-19.057552337646484,-9.759994506835938,-3.1019058227539062,-2.0219838619232178,14.101313591003418,13.753033638000488,3.5881741046905518,8.415575981140137,4.564521312713623,-0.9888767004013062,2.6492316722869873,7.339601516723633,0.23809650540351868,2.8909003734588623,-13.424322128295898,-15.664697647094727,-0.012645700015127659,-0.01774865761399269,-5.355301380157471,3.19783091545105,1.8339952230453491,1.4244827032089233,7.270088195800781,2.2479124069213867,-4.240694046020508,-1.4483098983764648,-3.7351717948913574,-7.103464126586914,3.548590898513794,3.275806427001953
328,-10.538949012756348,7.889729976654053,3.2553815841674805,6.534501075744629,8.203118324279785,5.082151889801025,-6.872345447540283,-5.755138397216797,-2.973017454147339,-5.96870756149292,15.098051071166992,12.304560661315918,5.3700852394104,5.738046169281006,7.087945461273193,4.198175430297852,3.6415631771087646,4.123303413391113,-2.7225255966186523,-0.056527718901634216,-13.449258804321289,-14.069479942321777,0.00011017546057701111,0.006526436656713486,-5.369190692901611,4.244063377380371,0.6419883966445923,1.4221049547195435,6.28368616104126,1.1171820163726807,-1.095323085784912,-1.0127537250518799,-5.006160259246826,-7.079723358154297,3.6279613971710205,2.6496105194091797
329,-10.784366607666016,7.297817707061768,-2.558018684387207,4.614872455596924,7.890270709991455,3.464421272277832,-3.6890060901641846,-5.18733024597168,-2.95150089263916,-2.866978883743286,13.24785041809082,10.644208908081055,5.045954704284668,5.74431848526001,6.057435989379883,6.680163383483887,4.5614519119262695,3.612358331680298,-4.364820957183838,-2.439862012863159,-13.711189270019531,-13.90621280670166,-0.0012628728291019797,0.0041007399559021,-5.223750114440918,5.176026344299316,-0.6530139446258545,1.1124305725097656,4.971997261047363,0.7813488245010376,-0.7272067666053772,-1.0983104705810547,-5.09435510635376,-6.570196151733398,2.900770664215088,2.21677827835083
330,-10.454994201660156,7.583658218383789,-5.831186294555664,4.354832172393799,7.506045818328857,3.2291252613067627,-1.6788347959518433,-3.7381865978240967,-2.8252065181732178,-2.7608907222747803,11.161176681518555,9.283682823181152,3.52058744430542,4.448265075683594,2.7464921474456787,7.5498127937316895,5.712808132171631,3.248674154281616,-5.411792278289795,-4.321751594543457,-14.023489952087402,-14.124078750610352,-0.001009637489914894,0.006414901465177536,-5.331249713897705,5.494313716888428,-1.1528303623199463,1.1686114072799683,4.239107131958008,0.755743145942688,-0.3190547823905945,-0.8058891296386719,-5.156704425811768,-7.011601448059082,2.32529878616333,1.9030307531356812
331,-9.98309326171875,8.037945747375488,-6.048026084899902,4.25663423538208,6.969733715057373,2.6735758781433105,0.029719026759266853,-1.6608163118362427,-2.684382677078247,-2.703727960586548,7.995460510253906,7.995739936828613,1.9525433778762817,2.9004454612731934,-0.3323245048522949,8.021778106689453,7.187559127807617,2.7576258182525635,-5.749542713165283,-5.371640205383301,-14.313312530517578,-14.192732810974121,-0.015485109761357307,0.007279068697243929,-5.612518310546875,5.622712135314941,-1.221369743347168,1.1731549501419067,3.5664589405059814,0.5877435207366943,0.08247250318527222,-0.3123359680175781,-5.137734413146973,-7.090843200683594,1.530143141746521,1.6125824451446533
332,-9.528403282165527,8.452214241027832,-5.965112686157227,3.991032123565674,6.282721519470215,2.89512300491333,1.8427810668945312,-0.39836132526397705,-2.5666744709014893,-2.6164472103118896,-2.4453811645507812,5.030431747436523,-1.1703579425811768,0.11540555953979492,-3.8592498302459717,7.494183540344238,8.613707542419434,2.1092700958251953,-3.2815282344818115,-6.216243743896484,-14.623344421386719,-14.68127155303955,-7.054353713989258,-0.001778540201485157,-5.919666767120361,5.749098300933838,-1.3145880699157715,1.1058049201965332,2.9620440006256104,0.6732470989227295,0.3696572184562683,-0.041041672229766846,-5.1505608558654785,-6.933469295501709,-0.898135244846344,0.9030963182449341
333,-8.864219665527344,9.316984176635742,-4.148589611053467,4.294807434082031,6.26959753036499,4.746866226196289,0.8771359324455261,-1.9732613563537598,-2.3944644927978516,-2.392651081085205,-3.597219228744507,-3.216540813446045,-1.8752695322036743,-0.350382536649704,-5.299805641174316,8.273341178894043,9.287383079528809,2.2599265575408936,-0.9167361855506897,-5.828414440155029,-15.568950653076172,-14.575502395629883,-15.655050277709961,-5.017214775085449,-6.617781639099121,6.399184226989746,-0.9430040121078491,1.1963077783584595,3.0151872634887695,1.26625657081604,0.1450551152229309,-0.5903356075286865,-4.492517948150635,-5.9815521240234375,-5.35408353805542,-0.9869081974029541
334,-8.484452247619629,9.15163803100586,-1.1033927202224731,3.2364604473114014,5.553147792816162,4.272521018981934,1.1801879405975342,2.4332666397094727,-2.0415003299713135,-2.4888856410980225,-4.344223499298096,-3.5153441429138184,-4.525711536407471,0.20375394821166992,-5.546748161315918,8.920140266418457,13.962376594543457,2.038770914077759,-0.9905303120613098,-2.1930770874023438,0.0007272163638845086,-14.604345321655273,-15.589214324951172,-15.525572776794434,-7.178497314453125,6.442049980163574,-0.13135835528373718,0.8633260130882263,3.2111868858337402,0.9949857592582703,0.23872286081314087,0.6357392072677612,-4.153020858764648,-5.499063968658447,-5.8335418701171875,-4.816178321838379
335,-7.552232265472412,9.078391075134277,0.6258127689361572,0.690601646900177,3.0664448738098145,4.98544454574585,-2.0970160961151123,0.8298272490501404,-8.871978759765625,-2.406709671020508,-4.535225868225098,-4.256289958953857,-7.5442938804626465,0.42425841093063354,-5.442825794219971,9.828448295593262,16.412532806396484,2.0284762382507324,-2.356877088546753,-2.3364522457122803,0.00017923687119036913,-15.303080558776855,-15.559774398803711,-15.603590965270996,-7.519270420074463,7.136838436126709,0.1770171821117401,0.06751762330532074,1.2878069877624512,1.2620551586151123,-0.5733863711357117,0.09844198822975159,-3.60933518409729,-5.351198196411133,-6.142976760864258,-5.742273330688477
336,-6.083956718444824,9.167856216430664,2.7509148120880127,-1.5526450872421265,-0.04678870737552643,4.156501770019531,-1.7665915489196777,0.3104097247123718,-8.595666885375977,-3.784534454345703,-4.458524227142334,-4.258277416229248,-12.323395729064941,0.7533904910087585,-4.436999797821045,10.433043479919434,16.18746566772461,2.3995614051818848,-3.573943853378296,-2.5538806915283203,0.0002678663586266339,-0.008240601047873497,-15.515569686889648,-15.601546287536621,-7.29127311706543,7.1630377769470215,0.5434205532073975,-0.3153930902481079,-0.2390265166759491,0.9367290735244751,-0.38370150327682495,0.03888905048370361,-3.0299787521362305,-4.828469753265381,-5.805927276611328,-5.449440002441406
337,-6.11741304397583,8.78810977935791,7.72496223449707,-5.7640180587768555,-9.200541496276855,3.3119077682495117,-4.577596187591553,-4.643362522125244,-6.479800224304199,-8.080730438232422,-4.24098014831543,-4.07501745223999,-5.090813159942627,2.9631450176239014,-0.27464452385902405,6.451670169830322,7.505185604095459,1.7882763147354126,-6.535588264465332,-4.520227909088135,-0.00012383967987261713,0.005842562764883041,-15.627281188964844,-15.253485679626465,-6.379929542541504,6.055887222290039,1.646183967590332,-0.9852623343467712,-2.3846704959869385,0.7202883362770081,-1.2498161792755127,-1.2999498844146729,-1.46028733253479,-2.347465991973877,-5.149234294891357,-4.960201740264893
338,-7.452019214630127,7.919022560119629,7.449952125549316,-2.919198513031006,-5.430009365081787,4.0530853271484375,-5.89409065246582,-3.7437472343444824,1.907279133796692,-6.460312366485596,-3.500518798828125,-4.259774208068848,-5.0257673263549805,4.415290355682373,2.932467222213745,5.290088176727295,6.307962894439697,4.483438968658447,-9.254751205444336,-6.398448467254639,3.0181679725646973,-0.03196343779563904,-15.679800033569336,-15.692656517028809,-6.090131759643555,4.991613388061523,1.623979926109314,-0.43089282512664795,-0.8602819442749023,1.0617753267288208,-1.7318484783172607,-0.8903300166130066,0.7592864036560059,-1.49278724193573,-3.712319850921631,-4.480018615722656
339,-8.298439025878906,7.398074626922607,8.200139999389648,-2.61684250831604,-7.566089153289795,3.2393364906311035,-6.212538242340088,-5.927774429321289,4.2278523445129395,2.622934103012085,-2.7565088272094727,-3.6651840209960938,3.5734081268310547,5.090748310089111,7.104547500610352,5.345019817352295,0.12145507335662842,5.914705753326416,-13.204058647155762,-10.204195976257324,0.1521102786064148,3.1671299934387207,-15.730772972106934,-15.590718269348145,-5.339491844177246,3.4042656421661377,2.238722801208496,-0.4322807788848877,-1.7849889993667603,0.8017072677612305,-2.2220044136047363,-1.8574588298797607,4.338350772857666,0.9546173214912415,-2.642618179321289,-4.166121482849121
340,-9.542130470275879,5.2869696617126465,7.304840087890625,-1.5670478343963623,-2.8889713287353516,3.738642930984497,-4.796102046966553,-5.1236443519592285,9.632898330688477,4.356646537780762,-1.2992548942565918,-3.1688754558563232,0.650912880897522,5.026571750640869,10.176871299743652,4.29047966003418,0.9085938334465027,7.6614670753479,-17.250497817993164,-13.990095138549805,-2.0135931968688965,13.336414337158203,-11.404264450073242,-14.720613479614258,-4.335174560546875,1.3748974800109863,2.203289031982422,-0.23815716803073883,-0.42591795325279236,1.117255687713623,-2.0694775581359863,-1.8098437786102295,6.575335502624512,3.2796778678894043,-0.4935036301612854,-2.9379172325134277
341,-8.305176734924316,-1.1944719552993774,6.388697624206543,-1.6410006284713745,-7.461643695831299,0.7462953329086304,-0.8707555532455444,-2.2129712104797363,9.892308235168457,1.9419422149658203,8.766751289367676,-2.6137449741363525,-0.1274970918893814,2.5664572715759277,9.44927978515625,1.3690563440322876,0.6811423897743225,6.50750207901001,-19.97556495666504,-16.298585891723633,-1.266818642616272,15.700432777404785,14.268543243408203,-11.932840347290039,-2.4286012649536133,-0.5018056035041809,1.9676828384399414,-0.30279672145843506,-2.5029823780059814,0.05283832177519798,-0.22132742404937744,-0.7557988166809082,7.299863338470459,5.276641845703125,3.094625234603882,-1.3259944915771484
342,-1.3160054683685303,-4.536846160888672,4.362913131713867,-2.9448788166046143,-8.531466484069824,0.9126889109611511,10.607752799987793,8.291208267211914,9.09643268585205,1.977114200592041,4.191061019897461,5.529544830322266,-3.0277817249298096,-5.989049911499023,0.07114525139331818,-6.271146297454834,-0.8615974187850952,4.973127365112305,-11.13962459564209,-13.111226081848145,1.4076294898986816,15.697795867919922,15.709434509277344,-0.5572776198387146,-0.00018703937530517578,-1.1921184062957764,1.1561143398284912,-0.6652965545654297,-4.238160133361816,0.22837793827056885,1.8317663669586182,1.531620979309082,6.516521453857422,4.890111923217773,6.254617691040039,1.265602946281433
343,-0.20622843503952026,-2.7199227809906006,7.726743221282959,0.8478178381919861,-8.314410209655762,-2.1715474128723145,16.28044319152832,13.231127738952637,7.747984409332275,2.0080199241638184,4.4795823097229,5.995052337646484,1.6492382287979126,-7.5703301429748535,-0.04153430834412575,-8.112752914428711,-4.394591331481934,0.7722947001457214,-1.2377885580062866,-5.746371269226074,4.92551326751709,15.690983772277832,15.547942161560059,15.40775203704834,-0.001765906810760498,-0.7311643958091736,1.6669323444366455,0.28425341844558716,-6.306982517242432,-0.5243523120880127,3.466705322265625,2.325596809387207,6.623823165893555,5.122427940368652,5.801916122436523,5.055850028991699
344,-0.44045767188072205,-3.2276604175567627,2.3727755546569824,3.448974847793579,-7.12675142288208,-3.2652461528778076,12.767759323120117,12.4039945602417,5.985304355621338,1.9912891387939453,4.1604509353637695,4.37596321105957,6.675848484039307,-7.6846208572387695,-0.06159565597772598,-6.529890537261963,-8.878887176513672,-3.69883394241333,5.81046199798584,2.5580246448516846,9.015703201293945,8.996466636657715,15.672048568725586,15.424887657165527,-0.08318567276000977,-0.9677448272705078,0.2702835500240326,0.6326891779899597,-7.36086893081665,-0.7891097068786621,3.2825400829315186,2.7462596893310547,5.951808929443359,4.946883201599121,5.153039932250977,5.1777191162109375
345,-2.9231209754943848,-0.5976219177246094,-1.4823617935180664,1.5339878797531128,-6.131934642791748,-4.805532932281494,10.34728717803955,10.35361385345459,4.363389015197754,3.8098182678222656,4.07363224029541,4.12232780456543,6.035670280456543,-9.801192283630371,-1.7520420551300049,-7.459816932678223,-10.71949291229248,-8.582246780395508,9.631268501281738,7.455788612365723,11.634953498840332,14.416141510009766,15.683798789978027,15.598782539367676,-0.571768045425415,-0.03952925652265549,-0.454552561044693,0.19402341544628143,-7.835430145263672,-1.6597118377685547,3.24556565284729,2.8416073322296143,5.178324222564697,5.809859275817871,4.96571683883667,5.161032199859619
346,2.05877685546875,3.2838943004608154,-2.529052734375,-1.3964722156524658,-5.308709144592285,-5.017950057983398,10.972023010253906,10.185132026672363,2.7099084854125977,2.176318407058716,4.193371772766113,4.270233154296875,7.349374294281006,-7.713868618011475,-3.020440101623535,-7.352365016937256,-15.242524147033691,-11.437298774719238,12.511676788330078,10.579732894897461,15.565131187438965,15.147911071777344,15.59384536743164,15.675448417663574,0.7723212242126465,0.661464273929596,-0.6022742986679077,-0.4915742874145508,-9.81836223602295,-2.354653835296631,4.813842296600342,3.573446273803711,4.937737464904785,6.478311538696289,5.290502071380615,5.715470314025879
347,-3.717620372772217,4.402729034423828,-4.969071388244629,-4.823276996612549,-4.294020652770996,-4.826446533203125,10.912549018859863,10.742362976074219,2.1882944107055664,2.9315273761749268,4.272097110748291,5.5497589111328125,5.775869369506836,-2.608219623565674,-1.858081340789795,-5.001603603363037,-16.474468231201172,-13.03049373626709,13.903457641601562,12.18294906616211,15.677915573120117,13.628271102905273,15.693000793457031,15.67160415649414,-0.8432461023330688,0.9206920862197876,-1.1449872255325317,-1.2870277166366577,-10.10741138458252,-2.5444869995117188,5.500512599945068,4.529470920562744,5.643863201141357,6.464991569519043,5.2590532302856445,5.728540897369385
348,-1.915468454360962,4.557254314422607,-8.026155471801758,-8.193081855773926,-3.9525232315063477,-4.408144474029541,9.98619270324707,10.095938682556152,2.00923752784729,2.846095561981201,4.057845115661621,4.235541343688965,0.7023230791091919,-2.5153112411499023,-4.772182941436768,-9.276277542114258,-17.817276000976562,-14.642487525939941,15.300139427185059,13.86184310913086,15.669635772705078,14.007020950317383,15.698105812072754,15.633188247680664,-0.3061474561691284,0.9205873608589172,-2.071692943572998,-2.5610055923461914,-10.5873384475708,-2.6497697830200195,5.634514808654785,4.776249408721924,5.511406898498535,6.233002662658691,5.03510856628418,5.288249969482422
349,-2.951043128967285,3.929123640060425,-7.968084335327148,-7.565708637237549,-3.8176968097686768,-0.45558828115463257,7.07224178314209,9.673399925231934,2.018709659576416,2.9050846099853516,14.003954887390137,4.132531642913818,-3.9180405139923096,-4.29445219039917,-7.8026227951049805,-14.642387390136719,-17.8734073638916,-14.085697174072266,20.825897216796875,14.935151100158691,15.6884765625,13.487165451049805,-0.001665501855313778,15.508164405822754,-0.7077545523643494,0.7185654044151306,-2.1764183044433594,-2.895465612411499,-8.911181449890137,0.10345444083213806,5.53149938583374,5.1041998863220215,6.051736354827881,6.116988182067871,4.698160171508789,4.813817977905273
350,-5.66433048248291,6.648462772369385,-3.0167531967163086,-4.470308780670166,-1.7843948602676392,10.317233085632324,2.1640682220458984,6.025257587432861,1.9982924461364746,3.9768831729888916,12.149942398071289,3.674525499343872,-7.42519474029541,-6.066101551055908,-9.593811988830566,-17.971067428588867,-16.641963958740234,-7.973903656005859,19.693222045898438,14.312318801879883,15.702136039733887,8.079989433288574,-0.0027152113616466522,15.518686294555664,-2.2860474586486816,1.4581222534179688,-0.642600417137146,-1.9913514852523804,-0.681765615940094,4.588192462921143,0.8512964844703674,2.2537741661071777,6.3769917488098145,5.448131561279297,2.393885850906372,3.9850988388061523
351,-6.738652229309082,9.44772720336914,6.809389591217041,2.573124885559082,10.342970848083496,9.863324165344238,-22.9749698638916,-13.521238327026367,1.7600712776184082,-3.6392014026641846,8.579302787780762,14.114416122436523,-4.618218421936035,0.13069674372673035,-5.98524284362793,-15.39931583404541,-9.57633113861084,2.2735393047332764,11.605470657348633,13.042486190795898,8.86750602722168,-11.367949485778809,-0.03127051144838333,0.0651085302233696,-4.092339515686035,3.517761468887329,1.484598994255066,0.7692346572875977,6.8230414390563965,6.286567211151123,-5.339155673980713,-2.8114991188049316,2.3235483169555664,-1.429839015007019,1.6463946104049683,3.113241672515869
352,-8.484929084777832,6.865280628204346,10.263348579406738,10.720000267028809,9.683104515075684,7.398447513580322,-21.572601318359375,-15.169062614440918,-6.292565822601318,-1.8445624113082886,12.331535339355469,14.264202117919922,1.8756746053695679,6.898442268371582,1.7665929794311523,-6.1159539222717285,0.9576252698898315,6.079246520996094,3.641026020050049,6.689871788024902,-10.749070167541504,-15.671976089477539,-0.013671371154487133,-0.02423650398850441,-4.074562072753906,2.381716012954712,2.234882354736328,1.9069571495056152,8.909300804138184,3.6105475425720215,-4.602884769439697,-2.6324462890625,-5.828682899475098,-12.612493515014648,2.9300954341888428,3.326502799987793
353,-9.982860565185547,7.763834476470947,6.256521224975586,7.985614776611328,8.545772552490234,7.484949111938477,-13.488566398620605,-8.617780685424805,-3.0742733478546143,-6.483768463134766,14.872809410095215,13.59244441986084,4.827569961547852,4.911142349243164,6.210349082946777,0.5908327698707581,2.3003289699554443,3.8444197177886963,-1.4938336610794067,2.5085365772247314,-13.063045501708984,-14.062067985534668,-0.002359919250011444,-0.016712401062250137,-4.264452934265137,2.8174779415130615,1.3891692161560059,1.4884639978408813,7.271635055541992,2.0917470455169678,-2.7331063747406006,-1.3975393772125244,-4.6166672706604,-8.113532066345215,3.6522204875946045,3.082643508911133
354,-10.750895500183105,7.227701187133789,1.5068961381912231,5.379878997802734,8.43029499053955,5.011229991912842,-5.707187652587891,-6.272886753082275,-3.1712582111358643,-2.9765942096710205,15.019573211669922,12.16107177734375,5.894372463226318,6.27271032333374,7.628487586975098,4.629258632659912,2.6466081142425537,3.7705600261688232,-3.8726871013641357,-0.3432006239891052,-13.175138473510742,-13.644404411315918,-0.001233449438586831,0.003856165101751685,-4.624492168426514,4.553278923034668,0.1969243884086609,1.1606059074401855,6.405049800872803,1.2249433994293213,-1.0186638832092285,-1.1832692623138428,-5.131972789764404,-6.481690406799316,3.569305658340454,2.6165690422058105
355,-10.772163391113281,7.225135326385498,-3.6131834983825684,4.79932975769043,8.264660835266113,4.189587593078613,-2.176527738571167,-4.099087715148926,-3.0508265495300293,-2.864445209503174,13.726761817932129,11.005542755126953,5.161534309387207,5.8084235191345215,5.779444217681885,6.486815929412842,3.4010252952575684,3.6245384216308594,-5.03618049621582,-2.3409180641174316,-13.57833194732666,-13.96252727508545,-0.0025227717123925686,0.0017891048919409513,-4.52561092376709,4.864134788513184,-0.7814446687698364,1.2102744579315186,5.532723426818848,1.0090523958206177,-0.37025946378707886,-0.7999903559684753,-5.383686065673828,-6.96107816696167,3.0684099197387695,2.3313279151916504
356,-10.433130264282227,7.536662578582764,-5.876646041870117,4.560087203979492,7.933161735534668,3.3330020904541016,-0.6457996964454651,-1.939581274986267,-2.883732318878174,-2.732370615005493,11.656210899353027,9.905309677124023,3.7656166553497314,4.489531517028809,2.5095701217651367,7.214230537414551,4.496096134185791,3.2695422172546387,-5.632482051849365,-3.4987952709198,-13.905628204345703,-14.152066230773926,-0.008105402812361717,0.004803548566997051,-4.651635646820068,5.002424240112305,-1.1393885612487793,1.2090373039245605,4.877129554748535,0.7546248435974121,-0.0896519124507904,-0.34947770833969116,-5.374876976013184,-7.108986854553223,2.452705144882202,2.063734531402588
357,-10.043130874633789,7.950978755950928,-6.024815082550049,4.342923164367676,7.513445854187012,3.2581169605255127,0.6972382068634033,-0.29377034306526184,-2.742537260055542,-2.642350196838379,8.664593696594238,8.66328239440918,2.4227614402770996,3.347384452819824,-0.4824892282485962,7.632327079772949,5.778600692749023,3.1496496200561523,-5.6668171882629395,-3.936034679412842,-14.207489967346191,-14.388941764831543,-0.006474699825048447,0.0061369771137833595,-4.950448989868164,5.078131675720215,-1.2211332321166992,1.1707624197006226,4.325747489929199,0.7651986479759216,0.16959920525550842,0.002052605152130127,-5.3842902183532715,-7.188756942749023,1.6871600151062012,1.7658847570419312
358,-9.686768531799316,8.262330055236816,-5.665428638458252,3.978506088256836,7.0118184089660645,3.2842226028442383,1.6179475784301758,1.0737353563308716,-2.611070156097412,-2.5691168308258057,-0.7366867661476135,6.20815896987915,-1.1938884258270264,-0.4061266779899597,-5.131843566894531,6.611228942871094,6.362758636474609,2.1613988876342773,-4.223181247711182,-4.501490116119385,-14.538997650146484,-14.978487968444824,-4.169628620147705,0.025507759302854538,-5.269619941711426,5.126265525817871,-1.2386486530303955,1.0756845474243164,3.7848451137542725,0.7787078619003296,0.303920716047287,0.23933762311935425,-5.384515762329102,-7.00706672668457,-0.5073555707931519,1.1708401441574097
359,-8.709532737731934,9.305136680603027,-2.3031930923461914,4.305270195007324,6.863448619842529,6.110320568084717,-2.1281583309173584,-3.51676344871521,-2.4012436866760254,-2.475698232650757,-3.4177746772766113,0.03688595071434975,-1.7446188926696777,-0.2921578884124756,-5.1903815269470215,8.452910423278809,8.376463890075684,2.2543835639953613,-1.7260483503341675,-5.990775108337402,-14.854970932006836,-14.558135032653809,-15.694771766662598,-0.007323509082198143,-6.324918746948242,6.14381217956543,-0.42636361718177795,1.1840652227401733,4.521172523498535,1.9124724864959717,-0.5782097578048706,-1.0629572868347168,-4.505702018737793,-6.0158281326293945,-5.025943756103516,-0.22780954837799072
360,-8.980120658874512,8.952340126037598,-0.5789564251899719,3.0911478996276855,6.4633469581604,4.6714396476745605,2.230985641479492,1.929524540901184,-2.165820360183716,-2.3929789066314697,-4.258161544799805,-2.913180112838745,-1.021729588508606,0.814746081829071,-4.7387213706970215,9.294740676879883,9.29187297821045,2.7806944847106934,-1.7777009010314941,-1.1550179719924927,-15.577560424804688,-14.794419288635254,-15.563990592956543,-15.585878372192383,-6.4498209953308105,5.94594669342041,-0.05932343006134033,0.8217008113861084,4.078707218170166,1.1050543785095215,0.5855469107627869,0.6065095067024231,-4.239367485046387,-5.560105800628662,-5.653179168701172,-3.7567062377929688
361,-8.50629997253418,9.078018188476562,-0.3405669629573822,1.3335832357406616,5.3686723709106445,5.433342933654785,-0.36102309823036194,2.589428663253784,-9.065044403076172,-2.437715768814087,-4.507892608642578,-4.126327037811279,-3.1171298027038574,0.3197217583656311,-5.217613697052002,9.705246925354004,12.717609405517578,1.9930813312530518,-2.2392642498016357,-0.6530314087867737,-0.00025418843142688274,-15.260039329528809,-15.534510612487793,-15.571063995361328,-6.87391471862793,6.4453325271606445,-0.07132098078727722,0.2960440516471863,3.502476215362549,1.4150264263153076,-0.17148083448410034,0.5305655002593994,-4.523035526275635,-5.634343147277832,-6.0415544509887695,-5.3391242027282715
362,-7.880202293395996,9.096802711486816,1.7305642366409302,-0.5166508555412292,4.3371477127075195,5.8797607421875,-2.9292349815368652,0.3971974849700928,-8.794232368469238,-9.172273635864258,-4.543750286102295,-4.268227577209473,-5.979965686798096,0.6023549437522888,-4.761682033538818,10.479185104370117,15.497289657592773,2.671825647354126,-3.906928300857544,-0.8818545937538147,0.00016473251162096858,-0.002409854903817177,-15.530298233032227,-15.588720321655273,-7.177663803100586,6.997832298278809,0.3698691129684448,-0.1657489687204361,2.3639988899230957,1.6943507194519043,-0.7647395730018616,-0.003248870372772217,-3.3668155670166016,-5.260354995727539,-5.997732162475586,-5.456936836242676
363,-6.75719690322876,9.010076522827148,4.955136775970459,-3.7055740356445312,0.8291296362876892,3.624997854232788,-3.045215129852295,-1.6381222009658813,-8.463884353637695,-9.000056266784668,-4.413717746734619,-4.153533935546875,-8.792338371276855,2.381730318069458,-2.0269014835357666,5.041500091552734,16.58186149597168,2.0618605613708496,-6.154794692993164,-1.0195488929748535,0.00018273538444191217,-0.000959351658821106,-15.678518295288086,-15.512672424316406,-6.909061431884766,6.588591575622559,0.9964509010314941,-0.6443579196929932,0.12617948651313782,0.726367712020874,-0.7477613091468811,-0.4248417019844055,-2.8402881622314453,-3.952669143676758,-5.5714263916015625,-5.067785739898682
364,-7.156014919281006,8.140974044799805,6.236691474914551,-1.3215779066085815,-8.4202241897583,3.746217966079712,-4.913875579833984,-6.9933319091796875,-6.082467079162598,-8.292201042175293,-3.941002130508423,-4.155954360961914,-4.226092338562012,3.9542222023010254,1.7620830535888672,6.764484405517578,9.03283405303955,2.45595383644104,-9.280681610107422,-4.843447685241699,-2.853771911759395e-05,-0.003951776772737503,-15.701695442199707,-15.685401916503906,-7.345264434814453,6.071580410003662,1.3471291065216064,-0.1587621122598648,-2.0629210472106934,0.8804575800895691,-1.4738333225250244,-1.8513669967651367,-1.309475064277649,-2.5671141147613525,-4.666776180267334,-5.305339813232422
365,-8.3458890914917,7.816153049468994,6.568915367126465,-3.464277505874634,-5.129993438720703,4.253143310546875,-4.719702243804932,-4.086014270782471,2.6372554302215576,-5.547669887542725,-3.2155704498291016,-3.830151081085205,-2.0198469161987305,4.57845401763916,5.384050369262695,6.4649810791015625,6.442012310028076,3.609050989151001,-12.50320816040039,-7.827795505523682,4.261941909790039,-0.015789901837706566,-15.692845344543457,-15.697518348693848,-6.191090106964111,4.86293888092041,1.6009199619293213,-0.633034348487854,-0.8020331263542175,1.0743721723556519,-1.57004714012146,-0.9596440196037292,0.9749146103858948,-1.128464698791504,-3.2640323638916016,-4.430187702178955
366,-8.975203514099121,7.547247409820557,7.040419101715088,-3.445145845413208,-7.172366142272949,3.9315478801727295,-4.669989109039307,-4.819614410400391,3.858426570892334,3.9076876640319824,-2.3847551345825195,-3.4822044372558594,0.03241860866546631,4.120230197906494,8.575519561767578,5.241515636444092,1.63148832321167,5.032024383544922,-16.272489547729492,-11.243393898010254,1.2203750610351562,5.5806074142456055,-14.394510269165039,-15.625925064086914,-5.769521713256836,3.3837969303131104,2.0006866455078125,-0.5811524391174316,-1.6721607446670532,1.002231240272522,-1.954655647277832,-1.5368568897247314,5.186136245727539,1.4635635614395142,-1.9842628240585327,-3.6237869262695312
367,-9.753847122192383,4.658381462097168,6.303866863250732,-3.788597822189331,-7.25074577331543,3.7361092567443848,-2.7454545497894287,-3.0105395317077637,10.357799530029297,3.7382771968841553,2.99035906791687,-2.2957286834716797,1.9894373416900635,3.1705963611602783,10.076741218566895,2.2218518257141113,0.02724277973175049,7.1253485679626465,-19.085773468017578,-13.940958023071289,-1.955593466758728,14.860727310180664,-4.3799967765808105,-14.481215476989746,-3.7609596252441406,1.0262551307678223,1.9819549322128296,-0.6897905468940735,-1.9429867267608643,1.049626350402832,-1.3042211532592773,-0.9861451983451843,6.576381683349609,4.252352237701416,0.8577497601509094,-1.7824910879135132
368,-8.219270706176758,-1.5189251899719238,6.234714508056641,-2.747140884399414,-8.519281387329102,0.7675191164016724,5.307665824890137,2.7581751346588135,9.885466575622559,1.9573078155517578,4.6617536544799805,0.1462990641593933,-0.8697184920310974,1.044000267982483,9.260566711425781,-2.1635541915893555,-0.7206010818481445,5.66941499710083,-15.561436653137207,-12.855422973632812,-0.6654258966445923,15.703657150268555,15.466819763183594,-9.722289085388184,-2.2153029441833496,-0.5601804852485657,1.833958625793457,-0.5254015922546387,-3.302161455154419,0.055081482976675034,1.03788161277771,0.6475790739059448,7.164649963378906,5.068141460418701,5.982576370239258,0.3899344801902771
369,-2.9486050605773926,-3.533905029296875,3.1535825729370117,-0.6039455533027649,-8.65607738494873,1.476933479309082,14.5650053024292,8.829136848449707,8.900938987731934,1.9828987121582031,4.311476707458496,8.7943115234375,-3.699864149093628,-6.179589748382568,-0.03263610601425171,-6.402099132537842,-2.2772603034973145,4.66121244430542,-4.694880485534668,-9.193934440612793,2.2288808822631836,15.548927307128906,15.690704345703125,15.69827651977539,-0.43484073877334595,-0.8888526558876038,0.7256827354431152,-0.05086160823702812,-4.883718967437744,0.38566529750823975,2.7043676376342773,1.4837157726287842,6.4791083335876465,4.724093437194824,6.062880516052246,4.142283916473389
370,-0.996172308921814,-2.205061912536621,5.166918754577637,3.2772209644317627,-8.059760093688965,-3.0924601554870605,13.890246391296387,11.26621150970459,7.389412879943848,1.9849841594696045,4.312020301818848,3.9883716106414795,1.6104995012283325,-6.527487754821777,-0.12117166817188263,-7.811351776123047,-6.26406192779541,0.03824198991060257,3.8455023765563965,-0.850616991519928,6.058969497680664,15.708035469055176,15.691596031188965,13.056659698486328,-0.13546574115753174,-0.5642297863960266,1.0797431468963623,0.6864062547683716,-6.755137920379639,-0.7895461320877075,3.338351011276245,2.2205114364624023,6.4214019775390625,4.994202613830566,5.441442012786865,5.1478657722473145
371,-0.8015969395637512,-2.747440814971924,1.3796217441558838,2.799098014831543,-6.757691860198975,-4.880491733551025,11.335358619689941,10.614635467529297,5.495674133300781,2.126478433609009,4.185734272003174,4.516949653625488,5.852171421051025,-6.507442474365234,-0.055928558111190796,-6.270839214324951,-10.161112785339355,-4.480713367462158,9.139403343200684,4.967841625213623,10.282112121582031,7.782917022705078,15.606290817260742,15.593077659606934,-0.12742602825164795,-0.7478024363517761,0.13114091753959656,0.4341202676296234,-7.929460048675537,-1.362663984298706,3.535855293273926,2.595024824142456,5.673697471618652,5.368096351623535,5.286880016326904,5.298285961151123
372,-1.7502578496932983,-0.17024151980876923,-2.362800121307373,-0.058864932507276535,-5.7817816734313965,-5.125481605529785,9.795313835144043,9.82397747039795,3.605344295501709,4.240441799163818,4.11386251449585,4.254472732543945,5.25456428527832,-9.069528579711914,-2.0619280338287354,-7.8421711921691895,-12.580657005310059,-9.792508125305176,12.21239185333252,9.005438804626465,13.804283142089844,13.708115577697754,15.697371482849121,15.600469589233398,-0.3235112428665161,0.07568711787462234,-0.6369683742523193,-0.10427078604698181,-8.44443130493164,-1.8757601976394653,3.704439163208008,2.9904022216796875,4.968794822692871,6.038131237030029,5.176843166351318,5.296649932861328
373,1.2887709140777588,4.153740882873535,-3.8834681510925293,-3.1468701362609863,-4.662055015563965,-4.839440822601318,10.141637802124023,9.869256973266602,2.075192451477051,2.407573699951172,4.236237049102783,4.296265602111816,7.887824535369873,-3.440819501876831,-0.911239743232727,-4.6002936363220215,-16.344253540039062,-12.181320190429688,13.490894317626953,11.001111030578613,15.16702938079834,13.777607917785645,15.679999351501465,14.209794044494629,0.42285585403442383,0.8276102542877197,-0.9619119167327881,-1.0686618089675903,-9.965718269348145,-2.4425759315490723,5.234893798828125,3.757277488708496,5.118175506591797,6.65218448638916,5.3695783615112305,5.732695579528809
374,-5.381370544433594,3.2080225944519043,-6.776339054107666,-6.842536926269531,-4.084283351898193,-4.651719093322754,10.016867637634277,10.129606246948242,2.010982036590576,2.788970708847046,4.176975727081299,4.209341049194336,1.4362331628799438,-3.3089911937713623,-3.905139684677124,-8.346155166625977,-16.55831527709961,-14.252955436706543,14.961050033569336,12.787845611572266,15.656984329223633,14.510601043701172,15.701988220214844,15.619363784790039,-1.3751192092895508,0.5886731743812561,-1.6401073932647705,-1.985188364982605,-9.719269752502441,-2.8389759063720703,5.421632289886475,4.3037848472595215,5.793328285217285,6.276972770690918,5.36073112487793,5.402841091156006
375,0.33856257796287537,3.991187572479248,-8.246514320373535,-8.19172191619873,-3.969583749771118,-2.905729293823242,9.569778442382812,9.710312843322754,2.017251491546631,2.5890049934387207,4.075091361999512,4.15836238861084,-1.745957612991333,-3.2045116424560547,-6.953818321228027,-12.947538375854492,-17.94600486755371,-15.05898666381836,15.914998054504395,14.225031852722168,15.655881881713867,14.264616012573242,15.666801452636719,15.628707885742188,0.25898289680480957,0.7932210564613342,-2.2857065200805664,-3.061152935028076,-10.18801498413086,-1.174942135810852,5.794579029083252,4.682276248931885,5.390676021575928,6.4681267738342285,4.9413557052612305,5.036191940307617
376,-5.047971248626709,4.884875297546387,-4.9439191818237305,-5.8610029220581055,-3.595018148422241,9.491806983947754,7.798659324645996,7.80440616607666,2.0173139572143555,3.450629711151123,3.8447153568267822,3.8289594650268555,-6.7634806632995605,-5.327682018280029,-8.968221664428711,-17.890918731689453,-18.122922897338867,-9.833200454711914,21.087947845458984,14.460623741149902,15.702977180480957,9.575864791870117,-0.0026667509227991104,15.634765625,-1.8631147146224976,0.9791224598884583,-1.2675000429153442,-2.5836007595062256,-4.5407395362854,3.921689510345459,3.976414203643799,3.4072799682617188,6.823915004730225,5.59832763671875,4.465597152709961,4.334290027618408
377,-6.241321563720703,9.211091995239258,4.906951904296875,-1.1386537551879883,9.579456329345703,10.541097640991211,-17.409893035888672,-6.78262996673584,1.9723963737487793,5.073453903198242,10.62655258178711,3.0801916122436523,-6.952993869781494,-4.218977928161621,-6.8878679275512695,-17.653278350830078,-12.53178882598877,-2.631511688232422,15.321019172668457,10.78178882598877,15.706093788146973,1.0859339237213135,-0.003862289711833,13.8667573928833,-3.536426544189453,3.0414879322052,1.1971662044525146,-0.24040450155735016,5.441829204559326,6.372986316680908,-3.853686809539795,-1.7857348918914795,4.322362422943115,1.5619652271270752,1.9680867195129395,3.0823535919189453
378,-7.861168384552002,8.534697532653809,7.400934219360352,11.448261260986328,10.527528762817383,8.44701099395752,-23.646432876586914,-19.593490600585938,-8.126591682434082,-3.646050214767456,9.349096298217773,14.51452922821045,-1.0669870376586914,3.9461417198181152,-0.5401755571365356,-8.641501426696777,0.07527554035186768,4.4748358726501465,6.126712799072266,6.425897121429443,-8.156603813171387,-13.381978988647461,-0.09176556766033173,0.27570000290870667,-4.222771167755127,3.6760413646698,1.4732006788253784,2.1084206104278564,8.270657539367676,5.374526500701904,-5.146119594573975,-4.005640506744385,-3.8290228843688965,-12.715038299560547,1.9210693836212158,3.419909954071045
379,-9.417654991149902,7.564222812652588,7.157124996185303,8.121880531311035,8.78420639038086,7.47589111328125,-16.72139549255371,-9.76580810546875,-3.492008924484253,-5.014580249786377,13.787967681884766,14.050296783447266,3.644613265991211,3.7796225547790527,4.478400230407715,-0.9212702512741089,1.6414610147476196,2.610525131225586,-0.24243146181106567,1.8015018701553345,-12.906942367553711,-11.649802207946777,-0.0030618910677731037,0.022791489958763123,-3.8417515754699707,2.4632108211517334,1.633086919784546,1.4113200902938843,7.343991279602051,2.3765974044799805,-3.518990993499756,-1.5598232746124268,-4.10549783706665,-7.981555938720703,3.4384114742279053,3.208430767059326
380,-10.4337158203125,7.464813709259033,2.9043381214141846,5.550232887268066,8.61451244354248,6.154885292053223,-4.799813747406006,-7.38182258605957,-3.191405773162842,-3.044574737548828,15.507326126098633,12.54969310760498,5.279491424560547,5.591115474700928,6.996487617492676,3.853398561477661,2.070418357849121,3.596165418624878,-2.3734259605407715,-1.494341254234314,-13.104950904846191,-13.527131080627441,-0.0005973470397293568,0.005599474534392357,-4.3397955894470215,4.412707328796387,0.5735225677490234,1.1585651636123657,6.9055962562561035,1.7033110857009888,-0.6274041533470154,-1.472595453262329,-5.080246925354004,-7.1584954261779785,3.8415582180023193,2.7230801582336426
381,-10.659732818603516,7.29156494140625,-1.2796573638916016,5.083558559417725,8.47647476196289,4.44144868850708,-2.12454891204834,-3.945760488510132,-3.095226287841797,-2.8998019695281982,14.497772216796875,11.594002723693848,5.309216022491455,5.978888988494873,6.890364646911621,6.565617084503174,2.776029109954834,3.6096115112304688,-3.2654592990875244,-3.439067840576172,-13.508856773376465,-13.911347389221191,-0.0016599857481196523,0.0004998489166609943,-4.2990827560424805,4.779008865356445,-0.3847862780094147,1.2804350852966309,6.065527439117432,1.0349721908569336,-0.3665997385978699,-0.7524092197418213,-5.313364028930664,-7.076964378356934,3.3223373889923096,2.4926986694335938
382,-10.457683563232422,7.42489767074585,-5.399928092956543,4.517210006713867,8.14521598815918,3.5193958282470703,-0.2944284975528717,-1.6810628175735474,-2.9106695652008057,-2.7418432235717773,12.699015617370605,10.4376220703125,4.080615997314453,4.957442283630371,4.157562255859375,7.393303394317627,3.903604030609131,3.440173625946045,-3.664567232131958,-4.450048446655273,-13.83553695678711,-14.186944007873535,-0.004833152052015066,0.0040813833475112915,-4.290451526641846,4.853811264038086,-1.0608330965042114,1.1963555812835693,5.353765487670898,0.804539680480957,0.01010209321975708,-0.29790303111076355,-5.396615505218506,-7.22447395324707,2.745736837387085,2.1910252571105957
383,-10.09864330291748,7.790421485900879,-5.990200042724609,4.451217174530029,7.752020835876465,2.9710395336151123,0.07454029470682144,-0.05829685553908348,-2.7762625217437744,-2.6325924396514893,9.9624662399292,9.165824890136719,2.7956223487854004,3.860722064971924,1.1309493780136108,7.769360065460205,5.154832363128662,3.310720205307007,-3.849961996078491,-4.7731547355651855,-14.135103225708008,-14.427166938781738,-0.004494837485253811,0.005755245219916105,-4.54892635345459,4.926556587219238,-1.16270911693573,1.2181892395019531,4.806446552276611,0.6725614070892334,0.028465330600738525,0.05746644735336304,-5.391416072845459,-7.300319671630859,2.0003578662872314,1.8805166482925415
384,-9.770477294921875,8.096904754638672,-5.882386684417725,4.188460350036621,7.293735027313232,3.0289390087127686,0.6457923650741577,1.8497025966644287,-2.642474412918091,-2.5528273582458496,4.386660575866699,7.194250106811523,-1.0737329721450806,-0.558936357498169,-4.160470485687256,6.401786804199219,5.89205265045166,1.8893239498138428,-4.029182434082031,-5.102159023284912,-14.539604187011719,-14.865150451660156,-0.0015225792303681374,0.007277665659785271,-4.84856653213501,4.942564010620117,-1.2306623458862305,1.1459306478500366,4.25909948348999,0.7181077003479004,0.1339084804058075,0.3853279948234558,-5.412517547607422,-7.223919868469238,0.6693521738052368,1.4060982465744019
385,-8.78360652923584,9.254156112670898,-3.21147084236145,4.269906997680664,7.076766490936279,6.497766017913818,-4.215837001800537,-3.3486111164093018,-2.4283714294433594,-2.4434351921081543,-4.453769683837891,1.3267706632614136,-1.4463074207305908,-0.21925562620162964,-4.3657002449035645,8.091120719909668,7.483957290649414,2.35139799118042,-0.7794349193572998,-6.456530570983887,-14.8151273727417,-14.597724914550781,-15.620614051818848,-0.002201271243393421,-5.9221296310424805,6.116734504699707,-0.6607955694198608,1.1460174322128296,4.665375709533691,2.2264552116394043,-1.0796680450439453,-1.0591747760772705,-4.666586875915527,-6.434929370880127,-2.956930160522461,0.041437745094299316
386,-8.775171279907227,9.077615737915039,-1.1369333267211914,3.6317455768585205,6.493330001831055,4.708240509033203,1.6559298038482666,2.622891664505005,-2.3291025161743164,-2.4984829425811768,-4.0037336349487305,-2.4875218868255615,-0.665380597114563,0.8135814666748047,-4.166154861450195,9.02051830291748,8.470035552978516,2.8073372840881348,-1.1238425970077515,-1.3839327096939087,-15.495664596557617,-14.891016006469727,-15.576972961425781,-15.600245475769043,-6.0407867431640625,5.662179946899414,-0.1737852394580841,0.9865201711654663,4.586164951324463,1.0439980030059814,0.548800528049469,0.7574397921562195,-4.273879051208496,-5.6713666915893555,-5.640074729919434,-3.1202549934387207
387,-8.811452865600586,9.001639366149902,-1.0279525518417358,1.8854495286941528,5.934311389923096,5.441033363342285,-0.6039337515830994,3.4510324001312256,-9.076530456542969,-2.40984845161438,-4.399776935577393,-4.015292167663574,-2.199704170227051,0.3948209881782532,-4.901585578918457,9.536375045776367,11.146991729736328,2.085862636566162,-1.7160130739212036,-0.5616841912269592,-0.0006110024987719953,-14.990180969238281,-15.533550262451172,-15.571809768676758,-6.43549108505249,6.08474063873291,-0.2385798990726471,0.4574817419052124,4.0131306648254395,1.4902621507644653,-0.21104401350021362,0.7066047191619873,-4.5953288078308105,-5.728855133056641,-6.023656845092773,-5.24568510055542
388,-8.257366180419922,9.128019332885742,0.8117007613182068,0.33859390020370483,5.233922481536865,6.201430797576904,-3.5096657276153564,1.194678783416748,-8.838228225708008,-9.175621032714844,-4.510085105895996,-4.204502582550049,-4.1387457847595215,0.5222188234329224,-4.816850185394287,10.49606990814209,13.409414291381836,2.8051793575286865,-3.636232376098633,-0.5015969276428223,-6.437235424527898e-05,0.03451177477836609,-15.553803443908691,-15.594789505004883,-6.77854585647583,6.661288738250732,0.2126818299293518,0.017515528947114944,3.2080302238464355,1.8415367603302002,-0.8986003994941711,0.1534448266029358,-3.468947649002075,-5.433135032653809,-6.0430192947387695,-5.399135112762451
389,-7.480302333831787,8.97212028503418,3.630133867263794,-2.5435800552368164,3.4151740074157715,4.437901020050049,-2.8221092224121094,-0.0612080879509449,-8.693449974060059,-9.0822172164917,-4.423698902130127,-4.127241134643555,-5.416386127471924,2.578826665878296,-2.5299887657165527,5.176292896270752,15.805294036865234,1.8886878490447998,-5.915614604949951,-0.18796506524085999,0.00015271094162017107,0.009878396987915039,-15.471220016479492,-15.253242492675781,-6.641166687011719,6.467015266418457,0.7341905832290649,-0.46824967861175537,1.5469383001327515,0.9794034957885742,-0.6516368985176086,-0.059872984886169434,-3.21696400642395,-4.394556045532227,-5.620120048522949,-4.9866743087768555
390,-7.0716705322265625,8.228343963623047,4.608129978179932,0.14435884356498718,-1.3664205074310303,4.582391738891602,-4.587340354919434,-6.046038627624512,-7.380029201507568,-8.755661964416504,-4.107929706573486,-4.464939117431641,-8.015765190124512,4.119822978973389,0.4165595471858978,6.378091812133789,15.379593849182129,2.321413993835449,-8.681883811950684,-3.1886441707611084,0.00016251913621090353,-0.002110429108142853,-15.666427612304688,-15.454519271850586,-7.6517815589904785,6.291343688964844,0.9494656324386597,0.1137600988149643,-0.476345032453537,1.1027576923370361,-1.3440685272216797,-1.5631508827209473,-1.8984242677688599,-3.222238063812256,-4.98819637298584,-5.306839466094971
391,-7.482130527496338,7.718998908996582,5.768799304962158,-2.3451743125915527,-9.67625904083252,3.2918999195098877,-3.9048030376434326,-5.144905090332031,-3.245239019393921,-6.79353141784668,-3.5495893955230713,-3.9510297775268555,-2.5435638427734375,4.974327564239502,3.8140530586242676,7.344666957855225,7.296747207641602,2.922083854675293,-11.585290908813477,-6.82036828994751,-0.03959342837333679,-0.01007036678493023,-15.694064140319824,-15.698147773742676,-6.644476890563965,5.1622185707092285,1.3448878526687622,-0.4605664014816284,-2.6968729496002197,0.7028729915618896,-1.1974692344665527,-1.2562475204467773,-0.5037228465080261,-1.5887280702590942,-3.847614049911499,-4.74755334854126
392,-8.944944381713867,7.486833572387695,6.159592151641846,-3.4073126316070557,-5.942667007446289,4.6804022789001465,-4.2841267585754395,-3.7617223262786865,4.924667835235596,-0.7195743322372437,-2.593381404876709,-3.457353115081787,-0.3061479926109314,4.312015533447266,6.452455043792725,6.054679870605469,4.1555304527282715,4.087339401245117,-14.828619003295898,-9.811565399169922,10.496685981750488,0.002492806874215603,-15.368864059448242,-15.639815330505371,-5.668966293334961,3.8134114742279053,1.6137361526489258,-0.5899306535720825,-1.021898627281189,1.308607578277588,-1.6464920043945312,-1.0187489986419678,2.730090618133545,0.08756005764007568,-2.402472734451294,-3.6989517211914062
393,-9.268030166625977,6.4489426612854,7.074244022369385,-4.0483551025390625,-7.131789207458496,4.906505584716797,-3.901994466781616,-4.883215427398682,2.1211538314819336,5.352313041687012,-1.0784385204315186,-2.546577215194702,4.568010330200195,3.90388560295105,9.520944595336914,4.117142677307129,-0.5176469683647156,6.96584415435791,-18.58053207397461,-13.659690856933594,-0.3954586386680603,10.63003921508789,-10.651829719543457,-15.119321823120117,-4.566431522369385,1.9208515882492065,2.138885974884033,-0.725350022315979,-1.7278575897216797,1.4750152826309204,-1.9014997482299805,-1.7671654224395752,6.835938453674316,3.2454471588134766,-0.2857256829738617,-2.310678482055664
394,-9.311480522155762,1.1949330568313599,6.488234996795654,-3.1914548873901367,-6.80722713470459,2.7711517810821533,-0.6259156465530396,-0.6513171195983887,9.757010459899902,2.3873236179351807,8.64637565612793,-1.2998322248458862,1.0584042072296143,1.4948476552963257,8.676848411560059,-0.18708664178848267,0.5648733377456665,7.729887008666992,-19.959321975708008,-14.910011291503906,-1.5146689414978027,15.844793319702148,15.554120063781738,-11.679876327514648,-3.3032569885253906,0.0322992280125618,1.9013861417770386,-0.5846575498580933,-1.9624569416046143,0.7046487331390381,-0.11130160093307495,0.0029886960983276367,7.010449409484863,4.93433952331543,3.555156946182251,-0.4794442057609558
395,-5.869802474975586,-2.6426613330841064,4.779947757720947,-2.0810513496398926,-8.166285514831543,1.0456138849258423,10.174604415893555,8.276163101196289,9.386238098144531,1.970899224281311,4.186155796051025,9.413812637329102,-4.066132545471191,-5.898888111114502,-0.023718487471342087,-6.637784957885742,-0.16688179969787598,6.385993957519531,-10.859895706176758,-11.527796745300293,0.1263841688632965,15.57758903503418,15.676743507385254,10.53649616241455,-1.236992359161377,-0.7310153841972351,1.263819694519043,-0.41017746925354004,-4.231107234954834,0.17899954319000244,1.7428429126739502,1.4433321952819824,6.467659950256348,4.83449649810791,6.02004861831665,2.7049102783203125
396,-2.301398754119873,-1.0773491859436035,6.917863845825195,2.534512519836426,-8.333795547485352,-0.8583472371101379,16.495546340942383,11.304482460021973,8.272598266601562,1.9826089143753052,4.380447864532471,3.8419764041900635,-1.4978684186935425,-7.03726863861084,-0.0006424039602279663,-5.129579067230225,-3.11212158203125,3.0600969791412354,-0.7139672040939331,-3.2032623291015625,3.12804913520813,15.700885772705078,15.590590476989746,15.61864185333252,-0.3850666880607605,-0.2286931872367859,1.4368343353271484,0.5868987441062927,-6.310763835906982,-0.22909724712371826,3.6423234939575195,2.0625648498535156,6.506708145141602,4.929081916809082,5.777484893798828,5.168782711029053
397,-1.7304226160049438,-1.2356743812561035,3.840285301208496,2.4759416580200195,-7.528314590454102,-4.303911209106445,13.786733627319336,11.077047348022461,6.956057548522949,1.9875720739364624,4.252323627471924,6.480510234832764,3.557530641555786,-6.149932384490967,-0.034851592034101486,-7.240956783294678,-6.9028401374816895,-2.2063300609588623,7.035120010375977,3.6467020511627197,6.513519763946533,15.682461738586426,15.684998512268066,15.346576690673828,-0.29875028133392334,-0.3269321322441101,0.6545772552490234,0.39013662934303284,-7.480611801147461,-1.1070339679718018,3.9113121032714844,2.5857009887695312,5.969593524932861,4.932498931884766,5.521191596984863,5.419133186340332
398,0.5242972373962402,-2.9027457237243652,-0.0031012441031634808,0.48026135563850403,-6.402774810791016,-6.027096748352051,10.884956359863281,10.144927024841309,4.993638038635254,7.214902400970459,4.405893802642822,4.4525465965271,6.759021759033203,-7.288078784942627,-0.30875110626220703,-5.554642200469971,-11.206986427307129,-8.111021041870117,11.56038761138916,8.842630386352539,11.975892066955566,10.547492027282715,15.576098442077637,15.625661849975586,0.2160956859588623,-0.8587316870689392,-0.14699748158454895,0.018308017402887344,-8.8965482711792,-2.1814188957214355,4.063409328460693,3.0864174365997314,5.127935409545898,5.662720680236816,5.33033561706543,5.4887003898620605
399,0.04939483851194382,1.7268675565719604,-3.2667410373687744,-2.0292766094207764,-5.174450874328613,-4.830321788787842,9.999018669128418,9.05642032623291,2.5296857357025146,2.886535882949829,4.233336925506592,4.3429059982299805,5.278485298156738,-8.267231941223145,-2.8640925884246826,-7.835060119628906,-15.20252799987793,-12.108497619628906,14.157943725585938,11.557889938354492,15.556313514709473,15.151299476623535,15.651127815246582,15.659700393676758,-0.009246587753295898,0.4705454707145691,-0.8269097805023193,-0.6416336894035339,-9.333840370178223,-2.1018636226654053,4.723328590393066,3.2272865772247314,5.069301128387451,6.637444496154785,5.573077201843262,5.71336555480957
400,-0.13902004063129425,4.013280868530273,-6.23722505569458,-6.0304155349731445,-4.1401286125183105,-4.6073079109191895,10.097799301147461,9.661117553710938,2.1834492683410645,2.6766209602355957,4.383491516113281,5.852127552032471,5.823563098907471,-2.535177707672119,-2.1047768592834473,-5.834875106811523,-16.96902847290039,-13.671904563903809,14.90450382232666,12.632411003112793,15.643819808959961,14.073838233947754,15.679816246032715,15.630842208862305,-0.028907299041748047,0.8618459701538086,-1.4745293855667114,-1.692001223564148,-10.007368087768555,-2.4840261936187744,5.5856757164001465,4.100347518920898,5.436837196350098,6.725168228149414,5.3019585609436035,5.732911586761475
401,-3.819307804107666,3.4173104763031006,-7.822453498840332,-7.799187660217285,-3.9051666259765625,-3.896578311920166,9.4639253616333,9.408458709716797,2.0168533325195312,2.5975053310394287,4.085606575012207,4.253698825836182,-0.6482537984848022,-3.007338285446167,-5.6158623695373535,-10.882190704345703,-17.827526092529297,-15.217572212219238,15.865360260009766,14.015318870544434,15.666037559509277,14.623702049255371,15.693564414978027,15.62065315246582,-0.8985222578048706,0.6326494812965393,-1.9997122287750244,-2.50498104095459,-9.994742393493652,-2.074188709259033,5.582690238952637,4.3640875816345215,5.600490570068359,6.445338249206543,5.09144401550293,5.20833683013916
402,-1.9129600524902344,3.8021013736724854,-7.344676971435547,-7.3413004875183105,-3.7324564456939697,6.411438941955566,8.815346717834473,8.724900245666504,2.018450975418091,2.969827890396118,3.937173366546631,4.005502700805664,-5.024869918823242,-4.69557523727417,-8.403204917907715,-16.122886657714844,-18.394330978393555,-11.860200881958008,19.53096580505371,14.725473403930664,15.674298286437988,11.661819458007812,5.155623435974121,15.518789291381836,-0.37339091300964355,0.7279807925224304,-2.0913662910461426,-3.1568939685821533,-7.663703918457031,1.6668953895568848,5.2190165519714355,4.185702800750732,6.294975280761719,6.132134914398193,4.72364616394043,4.698220252990723
403,-5.798048973083496,8.33674144744873,-0.1837562471628189,-3.548109769821167,8.139110565185547,10.762831687927246,-2.002824306488037,1.696966290473938,2.0081613063812256,5.538341999053955,14.402569770812988,3.5418715476989746,-7.594494819641113,-5.09332275390625,-8.208806037902832,-18.472854614257812,-13.35777759552002,-5.259608745574951,19.112586975097656,12.762906074523926,15.689640998840332,4.294425010681152,-0.0016888976097106934,15.422993659973145,-3.024155616760254,2.3089566230773926,0.30809643864631653,-1.6065677404403687,2.428196907043457,5.866327285766602,-1.023874282836914,0.10937976837158203,6.180240631103516,4.593973636627197,3.13513445854187,3.5197505950927734
404,-7.316833972930908,9.068474769592285,8.780092239379883,11.152029991149902,10.698905944824219,9.180350303649902,-25.618152618408203,-18.156356811523438,-7.970062732696533,-4.67370080947876,9.328668594360352,3.0613088607788086,-0.7247519493103027,-1.844810962677002,-1.545055866241455,-9.898539543151855,-0.6778761744499207,-0.055164337158203125,9.238189697265625,8.265227317810059,-6.154513835906982,-8.504634857177734,-0.10054312646389008,-0.05442357435822487,-5.0149126052856445,4.108935356140137,1.8727695941925049,2.251124858856201,7.0901923179626465,6.4496259689331055,-6.196152687072754,-4.505718231201172,-2.806098222732544,-8.726238250732422,1.748411774635315,3.0388450622558594
405,-9.355921745300293,8.686603546142578,7.1478447914123535,7.3552350997924805,8.556562423706055,7.920082092285156,-19.684911727905273,-13.356581687927246,-3.036919116973877,-3.3234355449676514,13.518413543701172,14.050321578979492,2.596313953399658,2.8690831661224365,3.3914122581481934,-2.5086357593536377,2.5598716735839844,3.4104983806610107,1.8916949033737183,2.5845892429351807,-13.429006576538086,-13.215912818908691,0.004820764996111393,0.01327233761548996,-4.972520351409912,3.6077969074249268,1.5301485061645508,1.1953438520431519,6.71998929977417,3.090327739715576,-4.123929023742676,-2.3317902088165283,-3.750786066055298,-7.465593338012695,3.3430001735687256,3.219391345977783
406,-10.29784870147705,7.752849578857422,3.6855738162994385,5.887171745300293,8.25284481048584,6.018296241760254,-7.007613658905029,-7.330051898956299,-2.98878812789917,-3.152954339981079,15.477907180786133,12.818944931030273,4.820028781890869,5.281850814819336,6.540769577026367,2.9205267429351807,3.4491958618164062,3.543372631072998,-1.149251937866211,-0.890017032623291,-13.433365821838379,-13.412473678588867,-0.000431388383731246,0.0023465848062187433,-4.84142541885376,4.489518165588379,0.785030722618103,1.218096375465393,6.42791748046875,1.59474778175354,-1.0470943450927734,-1.3090152740478516,-4.73057746887207,-7.310129165649414,3.846306562423706,2.816843032836914
407,-10.67143440246582,7.35525369644165,-0.12343019247055054,5.302450656890869,7.989494800567627,4.159904956817627,-2.2309117317199707,-4.209555149078369,-2.97615647315979,-2.905801773071289,14.513108253479004,11.44427490234375,5.196840763092041,6.07151985168457,7.144115924835205,6.119563102722168,4.277201175689697,3.3528711795806885,-2.1240320205688477,-2.9198451042175293,-13.655688285827637,-13.954732894897461,-0.0019074729643762112,0.003510899841785431,-4.850306510925293,4.963059425354004,-0.19347867369651794,1.300209403038025,5.31355619430542,0.9322655200958252,-0.2978189289569855,-0.8083825707435608,-5.127211570739746,-6.927550792694092,3.3298683166503906,2.4357895851135254
408,-10.518502235412598,7.407565116882324,-5.4185895919799805,4.767089366912842,7.645671367645264,3.544187307357788,-0.5259841084480286,-2.5940587520599365,-2.8606581687927246,-2.7150967121124268,12.520297050476074,10.043282508850098,3.922663450241089,5.069857597351074,4.527029037475586,7.218121528625488,5.3211565017700195,3.138145685195923,-2.6045217514038086,-4.27346134185791,-13.957634925842285,-14.226957321166992,-0.00648878701031208,0.006279550492763519,-4.81209659576416,5.136357307434082,-1.090437650680542,1.2559468746185303,4.430480003356934,0.8167210817337036,-0.04580995440483093,-0.5331794619560242,-5.306000709533691,-7.103116512298584,2.6864259243011475,2.08290958404541
409,-10.09536075592041,7.785963535308838,-6.237180233001709,4.712830543518066,7.16091251373291,2.783569097518921,-0.2383429855108261,-0.9531042575836182,-2.7154836654663086,-2.602456569671631,9.671147346496582,8.708927154541016,2.449680805206299,3.5997438430786133,1.3604369163513184,7.789448261260986,6.685819625854492,2.7702713012695312,-2.9539265632629395,-4.985720157623291,-14.26512622833252,-14.309134483337402,-0.01995786651968956,0.007033591158688068,-5.06924295425415,5.263613224029541,-1.2076901197433472,1.2926654815673828,3.7418792247772217,0.6068109273910522,-0.040780603885650635,-0.15629220008850098,-5.323153018951416,-7.183716773986816,1.9260567426681519,1.7715874910354614
410,-9.673248291015625,8.078606605529785,-6.318943977355957,4.3401899337768555,6.50683069229126,2.90425443649292,0.8101502060890198,0.5558950304985046,-2.5904901027679443,-2.4267685413360596,3.9791457653045654,6.7465362548828125,0.9315057396888733,2.7723288536071777,-1.5492379665374756,8.134176254272461,8.448030471801758,2.8939712047576904,-2.9291112422943115,-5.067282199859619,-14.510208129882812,-14.489763259887695,-0.01024358719587326,0.006724727340042591,-5.345278263092041,5.342024803161621,-1.3282945156097412,1.192616581916809,3.134716033935547,0.6823676824569702,0.18563330173492432,0.1562839150428772,-5.394577980041504,-7.119993209838867,0.5819301605224609,1.309308648109436
411,-9.149374008178711,8.412505149841309,-6.073976039886475,4.240344524383545,5.627089500427246,2.3684730529785156,0.966873288154602,1.5175187587738037,-2.486093521118164,-2.4011332988739014,-2.8055412769317627,1.3191717863082886,0.1819078028202057,1.8620896339416504,-3.3959038257598877,8.395636558532715,9.006916999816895,3.0560383796691895,1.9936684370040894,-4.815978050231934,-15.137983322143555,-14.66797924041748,-15.700849533081055,0.004963375627994537,-5.710446357727051,5.445488929748535,-1.3482500314712524,1.1828700304031372,2.4898831844329834,0.5211220383644104,0.21975529193878174,0.2923395037651062,-5.259161472320557,-6.578377723693848,-3.9439375400543213,0.05656790733337402
412,-8.491092681884766,9.169705390930176,-4.076575756072998,4.258252143859863,5.487399578094482,1.7984695434570312,2.5308613777160645,3.665536403656006,-2.021318197250366,-2.122459650039673,-4.143429756164551,-2.5854575634002686,-2.7714595794677734,0.069699227809906,-6.9178876876831055,7.7740936279296875,10.54358196258545,2.0748772621154785,2.142515182495117,0.5604917407035828,-0.0023355484008789062,-15.253945350646973,-15.625418663024902,-15.582564353942871,-5.92091703414917,5.15671443939209,-0.9869033098220825,1.1235721111297607,2.199190855026245,0.36400601267814636,0.605323851108551,0.8336992859840393,-4.906927585601807,-5.82164192199707,-6.030228614807129,-3.35076904296875
413,-7.966558933258057,9.105633735656738,1.1844180822372437,1.4350922107696533,4.730319499969482,5.210301876068115,-6.903657913208008,-0.5478538274765015,-8.95138168334961,-2.23112416267395,-4.523621082305908,-4.023135662078857,-5.2446208000183105,0.5096448063850403,-7.041720390319824,9.502129554748535,13.932735443115234,2.180471181869507,-0.8666183352470398,-0.16798411309719086,0.0001630266779102385,-15.05795955657959,-15.60468864440918,-15.6146879196167,-7.012241363525391,6.274667739868164,0.4246785342693329,0.26768815517425537,2.4263994693756104,1.548992395401001,-1.7762775421142578,-0.2691693603992462,-3.794898271560669,-5.708850383758545,-6.320656776428223,-5.551535606384277
414,-7.103263854980469,9.038050651550293,2.8350400924682617,-0.416169136762619,2.6534621715545654,4.028355598449707,-3.069585084915161,1.3560316562652588,-8.762434959411621,-9.1320219039917,-4.512997150421143,-4.168124198913574,-9.759220123291016,1.213999629020691,-5.935570240020752,10.7633638381958,17.20374298095703,2.6200616359710693,-2.9062328338623047,-0.22465434670448303,0.000232249207329005,0.023563310503959656,-15.552436828613281,-15.603412628173828,-6.821699619293213,6.520425796508789,0.5216737985610962,-0.15056277811527252,1.0948678255081177,0.8805424571037292,-0.5295674204826355,0.3417820334434509,-3.3241214752197266,-5.186440467834473,-5.810477256774902,-5.165450096130371
415,-5.984175682067871,8.848658561706543,6.122228145599365,-4.948356628417969,-7.334884166717529,2.582561492919922,-4.355809211730957,-3.232090473175049,-8.312809944152832,-8.950064659118652,-4.356059551239014,-4.0365400314331055,-8.693202018737793,1.8209384679794312,-3.6809051036834717,8.702750205993652,10.928557395935059,2.072085380554199,-5.468264102935791,-1.6893888711929321,9.874854004010558e-05,0.028945621103048325,-15.700958251953125,-15.701656341552734,-6.462057113647461,6.090075492858887,1.184387445449829,-0.8665897846221924,-1.781363606452942,0.5110130310058594,-1.0934433937072754,-0.8547667860984802,-2.6470963954925537,-3.5182344913482666,-5.492855072021484,-4.860313415527344
416,-7.481023788452148,8.221661567687988,8.024540901184082,-4.268299102783203,-6.267165660858154,4.597270965576172,-6.059606075286865,-4.862548828125,-4.493315696716309,-7.989557266235352,-3.9185521602630615,-4.28462553024292,-3.9291062355041504,3.669843912124634,1.0419700145721436,6.074488639831543,6.772064685821533,2.0794079303741455,-9.149273872375488,-4.061756610870361,-0.0295779537409544,0.003904566168785095,-15.695136070251465,-15.68258285522461,-5.662286758422852,5.20524787902832,1.7165522575378418,-0.7104547023773193,-1.0978103876113892,1.1914212703704834,-1.8037052154541016,-1.1658084392547607,-0.7998859286308289,-2.2822766304016113,-4.490233421325684,-4.661530494689941
417,-8.375442504882812,7.916047096252441,6.333780288696289,-2.490846872329712,-5.917764663696289,5.398941993713379,-5.772634506225586,-5.269679069519043,3.7793681621551514,-4.927425861358643,-3.3481013774871826,-3.833085775375366,-1.6541632413864136,4.086594104766846,4.666358947753906,6.091496467590332,4.984267234802246,3.2603418827056885,-12.839138984680176,-7.539336204528809,6.852415084838867,0.0009781690314412117,-15.695798873901367,-15.698944091796875,-5.793602466583252,4.422593116760254,1.4161933660507202,-0.3583791255950928,-1.1150140762329102,1.465527057647705,-1.9703385829925537,-1.389122724533081,1.4245524406433105,-0.9445412755012512,-3.5261528491973877,-4.532553672790527
418,-9.085434913635254,7.266991138458252,7.103124618530273,-3.8065786361694336,-7.315587043762207,4.956390380859375,-5.345937728881836,-5.643224716186523,3.1575379371643066,4.674952983856201,-2.651873826980591,-3.342358350753784,4.775824069976807,3.9047811031341553,7.938422679901123,5.06854772567749,-0.4526026248931885,5.46486759185791,-16.9271240234375,-11.716445922851562,-0.38927048444747925,7.2849555015563965,-14.269065856933594,-15.710603713989258,-5.016666412353516,2.8935835361480713,2.0113279819488525,-0.6889207363128662,-1.7283164262771606,1.3714319467544556,-2.340420722961426,-1.7914371490478516,5.732177734375,1.9838098287582397,-1.8912407159805298,-3.520686626434326
419,-9.677079200744629,3.9535555839538574,6.724135398864746,-2.6435444355010986,-5.767805576324463,4.066029071807861,-2.9286859035491943,-3.3072359561920166,9.941905975341797,3.229020833969116,3.6750833988189697,-2.585844039916992,1.7552434206008911,2.0167932510375977,9.281614303588867,2.1982920169830322,1.0401694774627686,6.52571439743042,-19.753141403198242,-14.550320625305176,-2.1293232440948486,15.519566535949707,-3.0509939193725586,-14.195107460021973,-3.9611949920654297,0.7692093253135681,2.037895679473877,-0.4422573447227478,-1.323440432548523,1.1333391666412354,-1.4464612007141113,-1.1089582443237305,6.829524040222168,4.427642345428467,0.9665611386299133,-1.9300352334976196
420,-7.728018760681152,-1.9744442701339722,6.36832332611084,-2.3770368099212646,-8.341422080993652,2.1869962215423584,1.582331657409668,-0.011449664831161499,9.933794021606445,1.9661146402359009,3.9098918437957764,-0.4366554319858551,-0.19505801796913147,-1.3646049499511719,8.377928733825684,-1.8892639875411987,0.536982536315918,6.3260602951049805,-18.244688034057617,-15.478978157043457,-1.3315374851226807,15.700765609741211,15.600229263305664,-9.384268760681152,-1.9667613506317139,-0.6531804800033569,1.7852420806884766,-0.47105491161346436,-3.5849788188934326,0.4813652038574219,0.5135867595672607,0.21898150444030762,7.086889266967773,5.115588665008545,6.039787292480469,0.13260412216186523
421,-3.4890339374542236,-2.577467203140259,4.427309513092041,-1.27933931350708,-8.664721488952637,0.9559478163719177,14.235143661499023,10.656205177307129,9.233820915222168,1.9787724018096924,4.434703826904297,8.673256874084473,-4.281515121459961,-8.024142265319824,0.04865097999572754,-6.8160576820373535,-0.5701548457145691,5.061768054962158,-7.5406084060668945,-10.848644256591797,0.5629807710647583,15.57430362701416,15.701471328735352,15.761610984802246,-0.5816338062286377,-0.6469027400016785,1.139859676361084,-0.24044503271579742,-5.2349348068237305,0.17192113399505615,2.545370578765869,1.807915449142456,6.568493843078613,4.728765487670898,6.252124786376953,4.055946350097656
422,-0.12215700000524521,-0.9343132376670837,5.351688861846924,2.572540044784546,-8.464107513427734,-1.3671270608901978,15.472454071044922,12.326207160949707,8.11172866821289,1.9872076511383057,4.365713119506836,4.0129594802856445,1.144816279411316,-8.251449584960938,0.0048458874225616455,-5.73737096786499,-4.544483661651611,1.5572707653045654,1.5139431953430176,-1.8142480850219727,4.368650913238525,15.678510665893555,15.59561538696289,14.831306457519531,0.10494238138198853,-0.19879281520843506,1.0600602626800537,0.5631465911865234,-7.072455406188965,-0.3410557508468628,3.5653905868530273,2.3544704914093018,6.271751403808594,4.9321794509887695,5.565152645111084,5.232364177703857
423,-1.2456670999526978,-1.5140018463134766,3.049858331680298,2.397923231124878,-7.191363334655762,-5.122687816619873,12.228094100952148,11.57180118560791,6.3232645988464355,1.9888917207717896,4.29103422164917,4.72481632232666,5.632038116455078,-4.844730377197266,-0.05110032111406326,-4.895476818084717,-8.74446964263916,-4.083409309387207,8.799245834350586,5.617663860321045,8.055351257324219,4.752870082855225,15.648778915405273,15.683877944946289,-0.2592247724533081,-0.38077878952026367,0.5152683258056641,0.4129047691822052,-8.249703407287598,-1.5088279247283936,3.7655632495880127,2.9481401443481445,5.8472371101379395,5.263567924499512,5.371242046356201,5.532109260559082
424,-1.5060818195343018,-0.2388390153646469,-4.278510570526123,-0.629083514213562,-6.003779411315918,-4.559997081756592,8.617783546447754,8.972424507141113,4.612328052520752,4.49881649017334,4.13153600692749,4.141627311706543,5.083376884460449,-8.493233680725098,-3.385106086730957,-7.7030744552612305,-12.09720230102539,-9.278918266296387,11.497714042663574,9.083779335021973,11.600207328796387,13.311113357543945,15.639545440673828,15.653844833374023,-0.2600526809692383,-0.005414120852947235,-1.2052409648895264,-0.26945552229881287,-8.661540031433105,-1.4617528915405273,2.88983154296875,2.649327278137207,4.561389923095703,5.608017444610596,5.088223934173584,5.054025650024414
425,2.415358066558838,3.279452085494995,-3.837970733642578,-3.397845983505249,-5.082467079162598,-4.741272926330566,10.15268611907959,9.691386222839355,2.6640920639038086,2.467078447341919,4.228118419647217,4.293374061584473,5.8829145431518555,-7.750322341918945,-5.569457530975342,-9.540685653686523,-15.815136909484863,-12.160971641540527,13.748272895812988,11.632906913757324,15.561514854431152,14.952666282653809,15.592408180236816,15.585862159729004,0.8119063377380371,0.6465520262718201,-0.9227964878082275,-1.1236721277236938,-10.279810905456543,-2.247988700866699,4.943781852722168,3.687432289123535,4.942169189453125,6.540160655975342,5.435847282409668,5.74232816696167
426,-3.293755292892456,4.5940117835998535,-5.5883564949035645,-5.851420879364014,-4.15128231048584,-4.24989128112793,10.321518898010254,10.212156295776367,2.2199208736419678,3.111020088195801,4.4598283767700195,6.1962480545043945,4.964704990386963,-2.469827175140381,-4.154177188873291,-7.25274658203125,-16.83432960510254,-13.30846118927002,14.447524070739746,12.718643188476562,15.685470581054688,13.345389366149902,15.695197105407715,15.690159797668457,-0.779004693031311,0.9852730631828308,-1.358595848083496,-1.6216610670089722,-10.597603797912598,-1.9293203353881836,5.403248310089111,4.4864115715026855,5.511556625366211,6.433669090270996,5.125794887542725,5.639074802398682
427,-3.072463274002075,4.372468948364258,-7.164828777313232,-7.787393569946289,-4.00560998916626,-3.1835389137268066,9.666075706481934,9.76845932006836,2.0089168548583984,2.947284698486328,4.012371063232422,4.13925838470459,-0.15281438827514648,-2.8198959827423096,-7.0022430419921875,-11.823892593383789,-17.087331771850586,-14.4580078125,15.61876106262207,14.25466251373291,15.654902458190918,13.7953462600708,15.653873443603516,15.630003929138184,-0.6043728590011597,0.8556056618690491,-1.957242488861084,-2.684908628463745,-10.645059585571289,-1.3288319110870361,5.558013916015625,4.723384857177734,5.335067272186279,6.2133378982543945,4.935059547424316,4.986894607543945
428,-4.718539237976074,5.557340621948242,-5.47083044052124,-6.290846824645996,-3.9931814670562744,8.93479061126709,5.350072860717773,8.132052421569824,2.017557382583618,3.5906968116760254,17.85213279724121,3.9740328788757324,-4.753187656402588,-4.959849834442139,-9.219963073730469,-16.85329246520996,-16.887847900390625,-9.64489459991455,20.586763381958008,14.717507362365723,15.686132431030273,9.485798835754395,-0.002127458341419697,15.447368621826172,-1.3038660287857056,1.1525814533233643,-1.469225525856018,-2.717369794845581,-6.856927871704102,3.1262547969818115,4.152870178222656,3.6785480976104736,6.289855003356934,5.573263168334961,4.630208969116211,4.407130241394043
429,-6.695261478424072,8.768547058105469,4.069162845611572,-1.157595157623291,9.004188537597656,10.497119903564453,-16.098785400390625,-4.665481090545654,1.9730018377304077,5.808956146240234,9.82360553741455,3.233901023864746,-5.682546615600586,-4.342085838317871,-7.783196926116943,-17.4033145904541,-10.606474876403809,-2.9506003856658936,15.363996505737305,13.519498825073242,10.06848430633545,2.1098556518554688,-0.006862868554890156,7.670427322387695,-3.8455734252929688,2.4469377994537354,1.0427509546279907,-0.19912095367908478,3.8615705966949463,5.7631049156188965,-3.555264711380005,-1.4119596481323242,4.3233642578125,2.3373324871063232,1.7327860593795776,3.266512393951416
430,-8.331619262695312,8.660665512084961,9.397610664367676,13.661050796508789,9.929401397705078,8.568340301513672,-23.97195053100586,-20.739643096923828,-6.8847551345825195,-3.966374397277832,10.47494888305664,12.889915466308594,0.2067275047302246,5.510114669799805,-0.13678915798664093,-6.539203643798828,1.057481288909912,5.73817253112793,6.203343391418457,6.873647212982178,-10.267755508422852,-15.497721672058105,-0.043627671897411346,0.3237280547618866,-5.705484390258789,4.354767799377441,1.9596827030181885,2.643744468688965,7.176517963409424,5.830811023712158,-5.36806583404541,-4.414268970489502,-5.558073043823242,-13.473112106323242,2.283245325088501,2.805433750152588
431,-9.930285453796387,6.588316917419434,7.786523818969727,7.505122661590576,8.493566513061523,6.336726188659668,-17.392019271850586,-7.955133438110352,-3.1038568019866943,-2.8042662143707275,14.058713912963867,13.469901084899902,3.89241623878479,4.709449768066406,4.773125648498535,0.4267820417881012,2.8465170860290527,3.808791399002075,-0.19948244094848633,2.8956754207611084,-13.304280281066895,-9.843281745910645,-0.0033916663378477097,0.04707220196723938,-5.243182182312012,3.0045053958892822,1.802672028541565,1.310921549797058,6.8483099937438965,2.1278603076934814,-3.750648260116577,-1.0869731903076172,-3.781259775161743,-7.173868656158447,3.447235107421875,3.0811996459960938
432,-10.663729667663574,7.4547014236450195,3.0146050453186035,5.036818027496338,8.09834098815918,6.091414928436279,-6.365978240966797,-8.081952095031738,-2.930415630340576,-3.6039295196533203,14.852043151855469,11.231868743896484,5.465218544006348,5.929486274719238,7.169383525848389,5.047616958618164,4.132300853729248,4.237349033355713,-2.9512903690338135,-0.5685973167419434,-13.638895988464355,-13.20833969116211,-0.0009425777243450284,0.011983861215412617,-5.614139556884766,4.925246238708496,0.5823243856430054,1.0879402160644531,5.966323375701904,1.7726233005523682,-1.0250403881072998,-1.6579487323760986,-5.085536479949951,-7.316473960876465,3.553246259689331,2.3390650749206543
433,-10.831096649169922,7.289704322814941,-1.9649873971939087,4.477488994598389,7.685403347015381,4.310240745544434,-3.5909721851348877,-5.0872368812561035,-2.8789546489715576,-2.9791133403778076,12.720304489135742,9.965020179748535,5.046699047088623,5.940186977386475,6.341816425323486,7.3644537925720215,5.297250270843506,3.9877207279205322,-4.487710952758789,-2.983703851699829,-13.864294052124023,-13.76932430267334,-0.0015530495438724756,0.0055511645041406155,-5.764548301696777,5.371159553527832,-0.5258824825286865,1.164815068244934,4.63573694229126,1.0148274898529053,-0.7244390249252319,-1.009340524673462,-5.019275665283203,-6.982040882110596,2.7345190048217773,2.0692977905273438
434,-10.483251571655273,7.527134895324707,-5.575641632080078,4.321948051452637,7.176629066467285,3.6188547611236572,-1.3340551853179932,-3.291956663131714,-2.764829158782959,-2.8175792694091797,10.20126724243164,8.510032653808594,3.391491174697876,4.753938674926758,3.2049641609191895,8.13400650024414,6.64068603515625,3.530392646789551,-5.370305061340332,-4.674664497375488,-14.138489723205566,-14.067992210388184,-0.0009408181067556143,0.008348139934241772,-5.838146209716797,5.573842525482178,-1.1027109622955322,1.1992533206939697,3.7133686542510986,0.8489436507225037,-0.22446104884147644,-0.6984097361564636,-5.0778350830078125,-7.209601402282715,2.068000316619873,1.7200812101364136
435,-9.952370643615723,7.949021339416504,-5.971460342407227,4.352107048034668,6.481672763824463,3.123542308807373,0.05939897894859314,-1.544661521911621,-2.636885643005371,-2.727630376815796,5.0265278816223145,6.815399646759033,1.635214924812317,3.471043586730957,0.17171607911586761,8.590777397155762,8.234797477722168,3.1271932125091553,-5.671358585357666,-5.65479850769043,-14.400185585021973,-14.297364234924316,-0.0004415074363350868,0.010482614859938622,-6.118372917175293,5.6729583740234375,-1.1915042400360107,1.2399687767028809,2.9902303218841553,0.7097175717353821,0.07284486293792725,-0.30156952142715454,-5.073256492614746,-7.24367618560791,0.8162959814071655,1.3373520374298096
436,-8.995929718017578,8.745467185974121,-5.856379508972168,4.334194183349609,5.695026397705078,2.882437229156494,1.3800837993621826,-0.3511500358581543,-2.3022122383117676,-2.5114192962646484,-2.5321543216705322,2.4352662563323975,-1.2485871315002441,0.2016465961933136,-3.5064077377319336,8.003213882446289,8.608173370361328,2.263611316680908,-0.960674524307251,-6.738454341888428,-15.50792121887207,-14.733099937438965,-15.654170036315918,0.0038911295123398304,-6.413384437561035,5.782598495483398,-1.2816874980926514,1.2020686864852905,2.439851999282837,0.6430712938308716,0.31959831714630127,-0.0343509316444397,-5.006451606750488,-6.843035697937012,-3.4891159534454346,0.3202509880065918
437,-8.711172103881836,9.05112361907959,-2.163909673690796,4.139503479003906,5.7296881675720215,5.040719509124756,0.7788668274879456,-1.4709926843643188,-2.019834041595459,-2.56205153465271,-4.0901570320129395,-3.213488817214966,-2.532241106033325,0.7170534133911133,-3.927645206451416,9.031757354736328,11.672438621520996,2.2656447887420654,-1.3807545900344849,-2.7637457847595215,-15.463037490844727,-14.524710655212402,-15.616899490356445,-15.64159107208252,-7.310485363006592,6.404472827911377,-0.3539102077484131,1.149148941040039,3.1431586742401123,1.3934963941574097,0.1271917223930359,-0.36757445335388184,-4.151882171630859,-6.048093795776367,-5.83314323425293,-3.004837989807129
438,-7.717088222503662,8.994565963745117,-1.2106966972351074,2.284552812576294,3.9683871269226074,4.124366760253906,0.1602633148431778,2.6247496604919434,-9.0321626663208,-2.516925096511841,-4.451481342315674,-4.0692620277404785,-6.702113628387451,0.8463353514671326,-4.573136806488037,9.828689575195312,16.249706268310547,1.9613585472106934,-1.7971376180648804,-2.42045259475708,0.0001234391238540411,-14.75229263305664,-15.522135734558105,-15.598834037780762,-7.558010578155518,6.633663177490234,-0.24372252821922302,0.573086142539978,2.0981125831604004,0.9146093130111694,0.007789194583892822,0.6391403079032898,-4.236087322235107,-5.585925102233887,-5.97805643081665,-5.515366554260254
439,-6.231301307678223,8.910876274108887,1.4810481071472168,0.07852505147457123,0.19124235212802887,4.9143242835998535,-2.9176533222198486,-0.43322673439979553,-8.658156394958496,-2.3964169025421143,-4.475587368011475,-4.291615009307861,-12.00511646270752,1.387433648109436,-4.309165954589844,10.723228454589844,16.602153778076172,2.435999631881714,-3.4966323375701904,-2.9985532760620117,0.00025991888833232224,-14.950222969055176,-15.582695007324219,-15.6195650100708,-7.532933235168457,6.938786506652832,0.36090201139450073,-0.09756483137607574,-0.18547162413597107,1.239244818687439,-0.7713947892189026,-0.20491844415664673,-3.0808494091033936,-5.038674354553223,-5.896360397338867,-5.6024980545043945
440,-6.0688958168029785,8.60343074798584,4.78743839263916,-4.723281383514404,-8.146286010742188,3.7457659244537354,-3.489319086074829,-2.141470193862915,-7.937487602233887,-2.1285417079925537,-4.3788676261901855,-4.187463760375977,-8.89967155456543,1.1390230655670166,-2.695000648498535,10.431886672973633,9.369698524475098,2.58589506149292,-5.6289448738098145,-4.379788875579834,-7.169714808696881e-05,0.030997343361377716,-15.61921215057373,-15.662447929382324,-6.700850009918213,6.578917980194092,0.9851082563400269,-0.8414453268051147,-1.824215054512024,0.8524505496025085,-0.8695028424263,-0.5656587481498718,-2.291558027267456,-4.201382160186768,-5.524272918701172,-5.229709625244141
441,-6.94099235534668,8.657115936279297,9.038464546203613,-5.43750524520874,-6.696981430053711,5.193685531616211,-5.41185188293457,-4.332526206970215,1.040977120399475,-5.31613302230835,-3.8022494316101074,-3.8759706020355225,-3.920285701751709,3.055565595626831,2.092047691345215,6.6601667404174805,5.846101760864258,2.2197039127349854,-9.073419570922852,-6.548853397369385,1.7703418731689453,0.0016667749732732773,-15.656195640563965,-15.468693733215332,-5.48284387588501,4.8949713706970215,2.0485262870788574,-0.8395228385925293,-1.1964185237884521,1.4223705530166626,-1.5925168991088867,-1.2012832164764404,0.5673578977584839,-1.0110512971878052,-4.249690532684326,-4.4559197425842285
442,-7.924130439758301,7.911126613616943,8.06428337097168,-3.6981935501098633,-7.171802043914795,5.133175373077393,-6.103440284729004,-5.03035831451416,4.47799015045166,1.6240671873092651,-2.9251937866210938,-3.6556224822998047,2.1071712970733643,4.542391777038574,5.946313381195068,4.83363151550293,2.1521084308624268,5.516988277435303,-11.895187377929688,-9.090276718139648,-1.4017746448516846,2.1163275241851807,-15.706467628479004,-15.616739273071289,-5.581919193267822,3.7634432315826416,1.9695675373077393,-0.601107120513916,-1.5347206592559814,1.4059436321258545,-2.041696071624756,-1.4351720809936523,3.9676613807678223,0.6164729595184326,-2.8461415767669678,-3.958587169647217
443,-9.472477912902832,6.376772880554199,7.719352722167969,-0.7109372615814209,-3.261427402496338,5.000102996826172,-5.760913372039795,-5.883119583129883,9.646767616271973,4.509664535522461,-2.0399985313415527,-3.324018716812134,0.8826113939285278,4.421934127807617,9.480386734008789,4.795499801635742,1.0830129384994507,6.972373962402344,-16.263185501098633,-13.284053802490234,-1.7844339609146118,12.183453559875488,-13.483016014099121,-15.149702072143555,-5.020992755889893,1.8677923679351807,2.2548716068267822,-0.026516210287809372,-0.53070068359375,1.5633258819580078,-2.424853801727295,-2.095109462738037,6.1944580078125,2.631436824798584,-1.4114923477172852,-3.5125012397766113
444,-8.917618751525879,0.5135452747344971,6.615418434143066,-1.6323050260543823,-6.90519380569458,2.961021661758423,-2.085542678833008,-3.410512924194336,9.944497108459473,2.091857433319092,8.005643844604492,-3.135146141052246,0.20380359888076782,2.445136547088623,9.817095756530762,2.423790693283081,1.0570836067199707,7.5261712074279785,-19.79839324951172,-16.408309936523438,-1.529038429260254,15.9104585647583,6.072359561920166,-12.922645568847656,-2.989651679992676,-0.14005506038665771,2.10457444190979,-0.32055211067199707,-1.9782248735427856,0.7544761896133423,-0.8863433003425598,-1.2996678352355957,7.42184591293335,5.353542327880859,1.9039920568466187,-1.9450017213821411
445,-3.2113993167877197,-4.157747268676758,5.234212398529053,-3.2229197025299072,-8.48719596862793,1.935557246208191,6.662717342376709,4.771189212799072,9.35125732421875,1.9808675050735474,4.045496463775635,0.40896084904670715,-0.12635503709316254,-2.6208791732788086,8.952018737792969,-2.202545404434204,-0.5359678864479065,6.322459697723389,-15.005704879760742,-14.891480445861816,0.39454466104507446,15.700931549072266,15.61582088470459,-7.427998065948486,-0.436581015586853,-1.135825514793396,1.4423937797546387,-0.7127192616462708,-3.8554015159606934,0.45708155632019043,1.2124965190887451,1.009977102279663,6.899272441864014,5.137249946594238,6.405942916870117,0.45286375284194946
446,-0.8985255360603333,-3.3300867080688477,4.876073837280273,-1.4163028001785278,-8.686330795288086,0.5299482345581055,15.639141082763672,13.765403747558594,8.4126558303833,2.0226728916168213,4.40069580078125,7.871501922607422,-1.6824500560760498,-8.794744491577148,0.1892860233783722,-8.293025016784668,-2.5310401916503906,4.188235282897949,-4.358101844787598,-7.945071220397949,3.0303099155426025,15.69758129119873,15.750142097473145,14.396873474121094,-0.12100785970687866,-1.0154448747634888,0.8838709592819214,-0.3103331923484802,-5.3537492752075195,0.060462113469839096,3.078840732574463,2.389280319213867,6.571627616882324,5.017508506774902,6.111666679382324,4.720139980316162
447,1.0843993425369263,-2.414695978164673,4.070132255554199,2.29107403755188,-7.795989513397217,-3.3664419651031494,14.016012191772461,12.409268379211426,6.86129093170166,1.9988027811050415,4.332192420959473,3.9346213340759277,5.396862030029297,-8.604571342468262,-0.058901943266391754,-7.999124050140381,-7.364084243774414,-0.40515512228012085,4.007553577423096,0.7102969288825989,7.710096836090088,15.69021987915039,15.673856735229492,15.365691184997559,0.31343019008636475,-0.680575430393219,0.7896742820739746,0.49040186405181885,-7.163304805755615,-0.8323652148246765,3.4112560749053955,2.5091214179992676,6.161614418029785,4.970114707946777,5.214816570281982,5.068751335144043
448,-2.183842658996582,-1.845770239830017,0.476836234331131,2.8120880126953125,-6.490541458129883,-5.276865005493164,11.124509811401367,10.834614753723145,4.846208095550537,1.9940943717956543,4.118846893310547,4.324872970581055,7.191688537597656,-8.383979797363281,-0.308571457862854,-6.9389214515686035,-9.683807373046875,-4.948105812072754,8.738652229309082,6.453378677368164,10.72533130645752,15.37265682220459,15.662041664123535,15.633074760437012,-0.47572946548461914,-0.48701736330986023,-0.041505128145217896,0.475625216960907,-7.870361804962158,-1.557135820388794,3.3531746864318848,2.859711170196533,5.518280982971191,5.587796688079834,5.130283832550049,5.274872779846191
449,0.8520805835723877,0.3694393038749695,-1.8647762537002563,-0.29223889112472534,-5.6713457107543945,-5.825099945068359,10.649435043334961,10.007681846618652,3.2364766597747803,3.232018232345581,4.118936061859131,4.287558555603027,8.124717712402344,-8.431634902954102,-1.5433433055877686,-7.1356658935546875,-14.361173629760742,-8.990496635437012,11.888886451721191,9.959638595581055,15.530405044555664,14.727826118469238,15.645047187805176,15.657580375671387,0.34863364696502686,0.16644543409347534,-0.4779321253299713,-0.17750276625156403,-9.354482650756836,-2.3285202980041504,4.17725944519043,3.2791402339935303,4.883197784423828,6.2367095947265625,5.239485740661621,5.524892807006836
450,-1.8505107164382935,5.410689830780029,-4.186093330383301,-3.120065212249756,-4.508416652679443,-5.358212471008301,10.417413711547852,10.059270858764648,2.0613529682159424,2.3802971839904785,4.231052398681641,4.311931133270264,7.281551837921143,-3.28792667388916,-0.8923468589782715,-4.845897674560547,-16.379579544067383,-11.041268348693848,13.572247505187988,11.858999252319336,15.20242691040039,13.149062156677246,15.365142822265625,14.302841186523438,-0.42320358753204346,1.1340765953063965,-1.0437085628509521,-1.0237945318222046,-9.828246116638184,-2.7737274169921875,5.313922882080078,4.166020393371582,5.3593950271606445,6.652217864990234,5.355701446533203,5.72405481338501
451,-3.455414056777954,4.46824312210083,-7.599048614501953,-7.064526081085205,-4.347027778625488,-5.129088878631592,10.118391036987305,10.273550033569336,2.034801483154297,3.1388256549835205,4.102230548858643,4.241183280944824,2.446498394012451,-3.1016204357147217,-3.382277727127075,-7.905636787414551,-16.431493759155273,-13.241765022277832,14.955291748046875,13.374409675598145,15.558761596679688,13.698871612548828,15.664013862609863,15.609197616577148,-0.6701968908309937,0.8646932244300842,-1.842166781425476,-2.047215700149536,-10.388260841369629,-3.2653489112854004,5.4746413230896,4.681927680969238,5.534608364105225,6.075315475463867,5.181763648986816,5.323304176330566
452,-1.727543592453003,5.189864158630371,-8.643856048583984,-7.8299431800842285,-4.089852333068848,-3.8097105026245117,9.499493598937988,9.883734703063965,2.057217836380005,2.9052228927612305,4.042730331420898,4.116631984710693,-1.7668962478637695,-3.847865104675293,-6.056362152099609,-12.675538063049316,-17.426061630249023,-14.255147933959961,20.742374420166016,14.677142143249512,15.635838508605957,13.65657901763916,0.0068187713623046875,15.513630867004395,-0.296392560005188,1.0625154972076416,-2.337242603302002,-2.759800434112549,-10.46181583404541,-1.7265801429748535,5.6919355392456055,5.152281284332275,5.174616813659668,6.173659324645996,4.895129680633545,4.992879867553711
453,-5.663619518280029,7.05077600479126,-5.146772861480713,-5.940809726715088,-3.8971848487854004,8.626080513000488,4.241568565368652,8.208897590637207,2.0230414867401123,3.5505552291870117,14.969578742980957,3.9022765159606934,-5.869257926940918,-5.637439727783203,-8.75727653503418,-17.029251098632812,-17.031085968017578,-9.510600090026855,20.32487678527832,15.022710800170898,15.68875503540039,9.756543159484863,-0.002605648711323738,15.620821952819824,-2.0678157806396484,1.5711255073547363,-1.2687242031097412,-2.613499641418457,-4.9388108253479,3.073906183242798,2.7172117233276367,3.897948741912842,6.538451194763184,5.457028388977051,3.3261172771453857,4.2477264404296875
454,-7.724614143371582,7.778675079345703,2.9161975383758545,-1.2786046266555786,9.169034004211426,9.558113098144531,-17.51231575012207,-2.977065324783325,1.9505306482315063,8.181479454040527,9.964810371398926,3.6547939777374268,-2.6626341342926025,0.3411948084831238,-3.7473325729370117,-13.96381950378418,-10.494843482971191,-0.7799656391143799,14.724589347839355,17.303409576416016,10.077312469482422,-0.6836327314376831,-0.10123143345117569,0.01777942106127739,-3.664069175720215,2.8561551570892334,0.871965765953064,-0.1005939394235611,4.545587062835693,5.532196521759033,-3.7226204872131348,-1.1245627403259277,3.761765956878662,1.876020073890686,1.857692003250122,3.3004136085510254
455,-9.03343391418457,7.6058268547058105,7.502825736999512,10.187520027160645,9.840786933898926,7.905850887298584,-22.27177619934082,-20.879253387451172,-6.791764259338379,-3.1879169940948486,11.170516014099121,11.632546424865723,2.5267834663391113,6.985731601715088,1.3643783330917358,-5.888876914978027,1.2609838247299194,6.78618860244751,5.8714141845703125,8.085919380187988,-10.787532806396484,-15.664694786071777,-0.017345836386084557,0.03529419004917145,-5.053069591522217,3.624739408493042,1.676212191581726,1.9955579042434692,8.801384925842285,5.141263484954834,-4.601798057556152,-4.3424553871154785,-6.19489860534668,-14.157564163208008,2.4961931705474854,2.4016170501708984
456,-10.736481666564941,6.258462905883789,6.487960338592529,7.065663814544678,8.554862976074219,5.910563945770264,-17.872615814208984,-9.620725631713867,-3.252598762512207,-1.916655421257019,13.951436042785645,12.769244194030762,6.618297576904297,10.1014986038208,5.326578140258789,0.7827005386352539,2.483640193939209,7.991815090179443,-1.0460195541381836,3.1518359184265137,-13.07217788696289,-15.6492338180542,-0.01051224023103714,0.0018980847671627998,-5.572649002075195,3.5397913455963135,1.5313931703567505,1.312017798423767,7.788387775421143,2.1794919967651367,-4.172056674957275,-1.4330620765686035,-4.303196430206299,-6.490362167358398,3.3758060932159424,2.9316816329956055
457,-11.331831932067871,5.8096442222595215,1.142903447151184,5.409890174865723,8.29850959777832,4.743095397949219,-8.402192115783691,-6.719951629638672,-3.1137092113494873,-2.0187554359436035,14.341989517211914,11.738816261291504,7.031500816345215,11.286844253540039,5.782803535461426,4.276647567749023,3.4039206504821777,8.744043350219727,-4.521573066711426,-0.015627732500433922,-13.305048942565918,-15.621537208557129,-0.009980682283639908,-0.0028143629897385836,-6.293445587158203,4.74526309967041,0.05654257535934448,1.1916139125823975,6.6080145835876465,1.5517845153808594,-1.653601884841919,-1.241908073425293,-5.251064300537109,-6.579878807067871,3.355699300765991,2.526163101196289
458,-11.186291694641113,7.158496856689453,-4.111356258392334,4.949557781219482,8.00190258026123,3.1236164569854736,-5.635458469390869,-5.13514518737793,-2.9877893924713135,-4.762634754180908,11.575563430786133,10.310121536254883,5.983524322509766,5.906687259674072,2.936131000518799,5.933238506317139,4.2762017250061035,4.768022537231445,-7.108676910400391,-2.660872220993042,-13.615513801574707,-13.211771965026855,-0.0036148917861282825,0.00818624347448349,-6.343537330627441,5.264226913452148,-0.9194992780685425,1.2197651863098145,5.188706874847412,0.6597048044204712,-1.3482677936553955,-1.0566613674163818,-5.250944137573242,-6.680173873901367,2.4008219242095947,2.1458706855773926
459,-10.732404708862305,7.600172519683838,-5.971348285675049,4.04634952545166,7.661601543426514,3.776282548904419,-2.259732484817505,-3.354484796524048,-2.884565830230713,-2.924675941467285,10.202863693237305,9.611237525939941,3.9349277019500732,4.43492317199707,-0.5608116984367371,6.2358551025390625,5.331298351287842,4.3660736083984375,-8.32815933227539,-4.269069194793701,-13.89082145690918,-13.818177223205566,0.004100281745195389,0.0016299933195114136,-6.465389251708984,5.61142635345459,-1.2619028091430664,0.9997903108596802,4.609402179718018,1.006796956062317,-0.46156543493270874,-0.7058209776878357,-5.115633964538574,-6.6716413497924805,2.120682716369629,2.0176286697387695
460,-10.151341438293457,8.041613578796387,-5.520419120788574,4.007662296295166,7.2203803062438965,3.00191068649292,-0.5239019989967346,-1.4424694776535034,-2.7147653102874756,-2.7857003211975098,5.438169002532959,8.132309913635254,-0.5566302537918091,0.9431470036506653,-5.336744785308838,4.962290287017822,6.01735782623291,2.8002896308898926,-8.603100776672363,-5.184382438659668,-14.067670822143555,-13.871862411499023,-0.005710121244192123,-0.17732110619544983,-6.736674785614014,5.72070837020874,-1.2156543731689453,1.0337984561920166,4.016948699951172,0.6836354732513428,-0.05861532688140869,-0.2638723850250244,-5.001929759979248,-6.809267997741699,0.9177318215370178,1.6316654682159424
461,-8.886112213134766,8.964646339416504,-2.81187105178833,4.214566707611084,6.975556373596191,5.576639175415039,-3.980287551879883,-4.282166481018066,-2.522157907485962,-2.7737250328063965,-4.821793079376221,3.2635395526885986,-1.480711817741394,0.8040791749954224,-5.456150054931641,6.45558500289917,8.072858810424805,3.163116931915283,-5.370862007141113,-7.061375617980957,-14.639769554138184,-14.108681678771973,-15.602554321289062,-0.02589460462331772,-7.27142858505249,6.458123683929443,-0.5894597768783569,1.0593442916870117,4.646167278289795,1.6913243532180786,-1.163498878479004,-1.241114616394043,-4.43698263168335,-6.3107781410217285,-3.23207426071167,0.4678815007209778
462,-8.964165687561035,8.827882766723633,-1.6206704378128052,3.743229627609253,6.558985710144043,4.6024065017700195,3.0473527908325195,-1.0568413734436035,-2.3656980991363525,-2.6548776626586914,-4.063655853271484,-4.537746906280518,-1.0422288179397583,1.5380966663360596,-5.2063469886779785,7.270133018493652,9.130716323852539,3.4702672958374023,-5.239842891693115,-3.0652389526367188,-15.69058609008789,-14.382445335388184,-15.641244888305664,-15.62851619720459,-7.493939399719238,6.4437055587768555,-0.3390917479991913,0.9700417518615723,4.388585567474365,1.1153621673583984,0.8071447014808655,-0.09348094463348389,-4.116005897521973,-5.954256057739258,-5.932774066925049,-2.2570724487304688
463,-8.671180725097656,8.722088813781738,-1.0654546022415161,2.0650391578674316,5.811744689941406,4.274916648864746,-0.051887981593608856,3.333916664123535,-2.0313704013824463,-2.5512092113494873,-4.506509304046631,-3.9160032272338867,-4.151736259460449,1.4164940118789673,-5.769769191741943,7.564493179321289,13.456343650817871,3.5120949745178223,-5.441797733306885,-2.435795783996582,0.0011425863485783339,-14.883164405822754,-15.641043663024902,-15.552427291870117,-7.721705436706543,6.677901744842529,-0.23388370871543884,0.47449731826782227,3.510589122772217,1.0619335174560547,-0.11302167177200317,0.7776216864585876,-4.336957931518555,-5.5419392585754395,-6.341954231262207,-5.548242092132568
464,-7.827156066894531,9.01427936553955,0.7688028216362,0.08860129117965698,3.3107779026031494,4.608124732971191,-1.8134251832962036,-0.2834325432777405,-8.819519996643066,-2.2154488563537598,-4.61930513381958,-4.37321138381958,-6.217960357666016,0.8515644073486328,-5.748116970062256,8.02798080444336,15.112422943115234,3.0273053646087646,-6.789224147796631,-2.9500560760498047,0.00017354259034618735,-15.703932762145996,-15.600995063781738,-15.632033348083496,-8.087854385375977,7.2663350105285645,0.20291295647621155,-0.07675446569919586,1.3083264827728271,1.1555758714675903,-0.5409899353981018,-0.1896210014820099,-3.414818048477173,-5.375637054443359,-6.505167007446289,-6.001013278961182
465,-6.716756820678711,8.916071891784668,2.9773900508880615,-1.8184088468551636,0.8536719083786011,4.077642917633057,-1.6331511735916138,-0.3375154435634613,-8.46387767791748,-1.9908905029296875,-4.518352031707764,-4.330234050750732,-11.063582420349121,1.956360936164856,-4.776827335357666,8.24941349029541,16.732444763183594,4.5032196044921875,-7.9787702560424805,-3.467728853225708,0.00022243856801651418,0.009027145802974701,-15.706162452697754,-15.714373588562012,-8.021147727966309,7.226944446563721,0.5799920558929443,-0.34627532958984375,0.1977333128452301,0.9745164513587952,-0.4317172169685364,-0.07838746905326843,-2.82417368888855,-4.795647621154785,-6.134978771209717,-5.681571006774902
466,-6.327568054199219,8.651864051818848,8.746932983398438,-5.029258728027344,-9.456281661987305,2.1173741817474365,-4.288363456726074,-5.391202926635742,-4.614394187927246,-7.415219306945801,-4.214970111846924,-4.203230857849121,-6.648931980133057,2.1515777111053467,-0.9078223705291748,8.61111831665039,8.362245559692383,3.581953525543213,-10.849654197692871,-6.461179733276367,-1.096764208341483e-05,-0.002165387384593487,-15.693085670471191,-15.697978019714355,-7.5900468826293945,6.043041229248047,1.8914949893951416,-0.8900940418243408,-2.759948492050171,0.40558695793151855,-1.4362881183624268,-1.5661509037017822,-0.8276763558387756,-1.8735218048095703,-5.236026287078857,-5.398653984069824
467,-7.774727821350098,8.393531799316406,9.062570571899414,-5.795254230499268,-5.381639003753662,2.6320700645446777,-4.667710781097412,-3.909785509109497,4.22885274887085,-4.495853424072266,-3.5304718017578125,-3.8415870666503906,-3.53739070892334,2.681668758392334,3.655329704284668,7.647430419921875,5.034180164337158,4.466670513153076,-14.345722198486328,-9.173155784606934,8.273886680603027,0.001061743125319481,-15.603670120239258,-15.642067909240723,-6.40456485748291,4.745882987976074,2.0864884853363037,-0.9442905187606812,-0.8616886138916016,0.6549420356750488,-1.7516984939575195,-1.0337142944335938,1.7876869440078735,-0.8422129154205322,-3.7024855613708496,-4.357220649719238
468,-8.232327461242676,7.804820537567139,9.397157669067383,-5.294312477111816,-7.263390064239502,1.4967986345291138,-4.9356889724731445,-5.4959611892700195,2.559990882873535,4.544637203216553,-2.6682939529418945,-3.39579701423645,1.2502272129058838,3.716378688812256,8.494978904724121,5.732028007507324,-0.919651985168457,5.849930286407471,-17.8807373046875,-12.226611137390137,0.4013795256614685,7.878975868225098,-13.645425796508789,-15.59337329864502,-5.7422051429748535,3.091670513153076,2.6438770294189453,-0.8773645162582397,-1.7842590808868408,0.31862616539001465,-2.3628463745117188,-1.9021470546722412,6.318199634552002,1.946999430656433,-2.0106475353240967,-3.411247730255127
469,-8.948760032653809,2.4746878147125244,7.791326999664307,-3.0501956939697266,-4.823564529418945,1.4748979806900024,-3.0664844512939453,-3.5747110843658447,9.444531440734863,3.1013689041137695,1.9341470003128052,-2.965883255004883,-0.5752644538879395,2.699800968170166,10.709120750427246,3.0568366050720215,0.17526444792747498,6.248042106628418,-19.610523223876953,-15.338177680969238,-0.9130746126174927,15.701390266418457,-4.044368743896484,-13.497434616088867,-3.749711513519287,0.3335193693637848,2.5458383560180664,-0.46775686740875244,-1.002644658088684,0.37914252281188965,-1.6693596839904785,-1.29254150390625,7.008631229400635,4.584139823913574,0.7140495181083679,-2.0289340019226074
470,-5.868368625640869,-3.554950475692749,6.661192893981934,-3.1974167823791504,-7.621942520141602,-2.6316373348236084,10.82436752319336,6.7334208488464355,9.18728256225586,1.9657843112945557,4.950949192047119,-0.18261536955833435,-2.048637628555298,-2.6790616512298584,9.3111572265625,-1.5344268083572388,-0.7117640972137451,1.8888736963272095,-13.267473220825195,-12.57667350769043,0.46482202410697937,15.700791358947754,15.555562973022461,-9.596898078918457,-1.30446195602417,-1.0374386310577393,1.9851497411727905,-0.641664981842041,-3.3025505542755127,-0.6432808637619019,2.036618709564209,1.3611400127410889,7.039865493774414,4.984891891479492,5.931121826171875,0.2993064522743225
471,1.4223430156707764,-3.404207468032837,3.3773560523986816,-1.9045418500900269,-8.104303359985352,0.7083379030227661,18.281410217285156,13.092658996582031,7.83546257019043,1.9830807447433472,4.219171047210693,9.559914588928223,3.5965793132781982,-4.8098554611206055,9.11843204498291,-5.246289253234863,-5.821418285369873,-0.1488574594259262,-1.0638331174850464,-6.148862361907959,5.968958377838135,15.68954849243164,15.667169570922852,11.748859405517578,0.5862911343574524,-0.8868139982223511,0.7752811908721924,-0.3570795953273773,-5.224905967712402,0.26271581649780273,4.046817302703857,2.349477767944336,6.185444355010986,4.5956573486328125,5.580850601196289,3.8580708503723145
472,-2.7493419647216797,-4.570705413818359,0.40358465909957886,0.5435076951980591,-6.657847881317139,-3.1968817710876465,13.473423957824707,12.244166374206543,5.493968963623047,2.0274415016174316,4.119282245635986,4.081064701080322,1.5263586044311523,-10.527898788452148,-0.07478161156177521,-9.99290943145752,-10.008270263671875,-3.892857551574707,8.399837493896484,1.959214687347412,9.494389533996582,6.103977203369141,15.668352127075195,15.703781127929688,-0.6460750102996826,-1.4598217010498047,-0.04882290959358215,0.18397606909275055,-6.318258762359619,-0.9149990081787109,3.7368764877319336,2.6112051010131836,6.180901527404785,5.358772277832031,5.161529541015625,5.003422737121582
473,0.32886508107185364,0.8096359372138977,-1.8030858039855957,1.0216306447982788,-5.811624526977539,-4.694393634796143,10.399924278259277,10.377705574035645,3.9343466758728027,4.127410411834717,4.0006818771362305,4.096898078918457,4.282428741455078,-11.649761199951172,-2.0510668754577637,-9.985161781311035,-12.564435958862305,-9.139408111572266,12.33381462097168,7.177185535430908,14.011963844299316,13.511280059814453,15.625527381896973,15.642316818237305,0.17815792560577393,0.3627186417579651,-0.46610191464424133,0.16288471221923828,-7.540186405181885,-1.6575243473052979,4.089026927947998,2.837250232696533,5.256497383117676,6.390925884246826,4.803866863250732,5.230558395385742
474,0.8366257548332214,3.58676815032959,-1.711399793624878,-0.9981368184089661,-4.664124965667725,-4.946379661560059,10.259650230407715,10.48359203338623,2.066236734390259,2.5240910053253174,4.174251079559326,4.3088250160217285,8.349413871765137,-4.413733005523682,0.6018545627593994,-3.687392473220825,-16.246471405029297,-11.985477447509766,13.644586563110352,9.507980346679688,15.554900169372559,13.82614517211914,15.714078903198242,15.597643852233887,0.21900904178619385,0.6334682106971741,-0.3791334927082062,-0.3800193667411804,-9.098182678222656,-2.5310490131378174,5.460768222808838,3.752297878265381,5.386401176452637,6.814846038818359,5.303553104400635,5.81765079498291
475,-5.337534427642822,2.4311320781707764,-5.664724349975586,-5.721470355987549,-4.11397647857666,-4.806722640991211,10.172675132751465,10.657135009765625,2.0156967639923096,2.6932373046875,4.225273609161377,4.304262161254883,2.0640223026275635,-3.6249892711639404,-2.2044570446014404,-6.422426223754883,-17.217153549194336,-14.242074966430664,15.329387664794922,12.100050926208496,15.660880088806152,14.845659255981445,15.686924934387207,15.655438423156738,-1.2868998050689697,0.42058366537094116,-1.343479037284851,-1.6200368404388428,-8.883973121643066,-3.233243703842163,5.922667503356934,4.337385177612305,5.975156307220459,6.485007286071777,5.528898239135742,5.73267126083374
476,0.8341935276985168,3.713395833969116,-8.260388374328613,-8.473520278930664,-3.864856243133545,-4.223855018615723,9.655064582824707,10.005671501159668,2.0207061767578125,2.3636677265167236,4.074264049530029,4.264918804168701,-0.6700536012649536,-2.9520795345306396,-5.251701831817627,-10.67200756072998,-18.18317985534668,-15.683134078979492,16.26919174194336,13.741252899169922,15.648080825805664,14.820587158203125,15.668109893798828,15.610618591308594,0.38013315200805664,0.7539452910423279,-2.1749305725097656,-2.8725733757019043,-9.764281272888184,-2.8444862365722656,6.324245452880859,4.643657684326172,5.782778263092041,6.617893695831299,5.036066055297852,5.406092643737793
477,-4.104540824890137,2.920184850692749,-7.0925092697143555,-6.829251766204834,-3.537889242172241,3.2006890773773193,9.012887954711914,9.482044219970703,2.033348798751831,2.6703765392303467,3.9152188301086426,4.056722640991211,-5.889047622680664,-4.4100542068481445,-8.52135181427002,-15.59740924835205,-18.449735641479492,-13.700775146484375,16.721729278564453,14.760235786437988,15.652430534362793,13.15792465209961,15.667820930480957,15.604835510253906,-1.324212670326233,0.5098158717155457,-1.9336864948272705,-2.696657657623291,-6.838127136230469,0.8912791609764099,5.84937047958374,4.828826427459717,6.767314434051514,6.153342247009277,4.618791580200195,4.807143688201904
478,-5.131039619445801,7.3945770263671875,-2.279279947280884,-3.861654281616211,7.422297477722168,10.835928916931152,2.227301836013794,4.263204097747803,2.00378155708313,4.599298477172852,16.868188858032227,3.523240804672241,-8.927438735961914,-5.678316593170166,-8.64220142364502,-18.47032356262207,-14.20836067199707,-6.954711437225342,20.37692642211914,13.636820793151855,15.697454452514648,6.363374710083008,-0.0028327107429504395,15.367838859558105,-2.0854151248931885,1.8100744485855103,-0.41450461745262146,-1.845280408859253,2.0313360691070557,5.764158248901367,1.028278112411499,1.2657854557037354,6.707489490509033,5.253007888793945,4.167781829833984,3.8134708404541016
479,-6.632160186767578,9.18974781036377,7.256788730621338,8.933706283569336,11.087308883666992,9.579347610473633,-24.05043601989746,-17.478429794311523,-6.655076503753662,-5.208879470825195,9.071120262145996,3.081085205078125,-2.42022442817688,3.169668436050415,-2.837937831878662,-11.949356079101562,-1.9252490997314453,3.4360358715057373,11.519754409790039,9.784906387329102,-3.087830066680908,-15.701515197753906,0.0010135360062122345,-0.023172378540039062,-4.090145111083984,3.814014196395874,1.6017224788665771,1.8207851648330688,7.868900775909424,6.213644504547119,-5.866381645202637,-4.400666236877441,-1.7770901918411255,-4.970070838928223,1.5725606679916382,3.1453919410705566
480,-8.911149024963379,7.109631538391113,8.545921325683594,10.566137313842773,8.896310806274414,8.048327445983887,-20.760488510131836,-10.8571195602417,-3.414450168609619,-4.929221153259277,14.10113525390625,15.382807731628418,2.237231492996216,2.4843921661376953,3.3899199962615967,-3.455923080444336,1.423363447189331,2.870582342147827,3.8449716567993164,4.896587371826172,-13.1534423828125,-12.395805358886719,-0.0033541452139616013,-0.008051823824644089,-3.9439749717712402,1.805602788925171,1.9267654418945312,1.8672181367874146,7.6610894203186035,2.8864097595214844,-4.201124668121338,-1.6449689865112305,-4.4498796463012695,-9.637001991271973,3.5734570026397705,3.7617945671081543
481,-9.948439598083496,7.606227397918701,3.518918991088867,5.604062080383301,8.707526206970215,6.39530611038208,-7.481029510498047,-9.051383972167969,-3.176201105117798,-3.0466527938842773,15.638714790344238,13.1893949508667,4.305068016052246,4.703679084777832,6.3779144287109375,1.5098705291748047,1.7631502151489258,3.7451071739196777,0.6097641587257385,1.0567214488983154,-13.074576377868652,-13.500256538391113,-0.001099275890737772,0.009259425103664398,-3.725111484527588,4.082049369812012,0.6876727342605591,1.0017266273498535,7.071489334106445,1.8274202346801758,-1.0623111724853516,-1.704897403717041,-4.837787628173828,-7.358916282653809,3.8788669109344482,2.86776065826416
482,-10.356974601745605,7.440102577209473,0.6661912798881531,5.591005802154541,8.622586250305176,4.529293537139893,-3.3874166011810303,-5.297235488891602,-3.1258792877197266,-2.9270079135894775,15.283556938171387,12.326773643493652,4.911735534667969,5.803757667541504,7.441442966461182,4.955259799957275,1.7857645750045776,3.657862424850464,-0.7213875651359558,-1.3510836362838745,-13.238247871398926,-13.867013931274414,-0.002268041716888547,0.005394556559622288,-3.942525863647461,4.645764350891113,0.045121073722839355,1.3213560581207275,6.407482147216797,1.0569288730621338,-0.5448445677757263,-0.9707576632499695,-5.231373310089111,-6.921289443969727,3.6229469776153564,2.694060802459717
483,-10.336766242980957,7.369256019592285,-4.303901195526123,4.771203994750977,8.466595649719238,3.2308084964752197,-0.33828237652778625,-2.414088487625122,-2.9804532527923584,-2.752265453338623,14.104887962341309,11.447054862976074,4.275383472442627,5.362493515014648,5.7398552894592285,6.470563888549805,3.2148640155792236,3.3916780948638916,-1.1160401105880737,-2.6184749603271484,-13.950626373291016,-14.236820220947266,-0.004161138087511063,0.0020495951175689697,-3.637275218963623,4.6674957275390625,-0.8786759376525879,1.1982744932174683,5.660344123840332,0.706722617149353,0.04640574753284454,-0.41473180055618286,-5.42878532409668,-7.000388145446777,3.189586877822876,2.458101272583008
484,-10.027632713317871,7.64579963684082,-6.046483039855957,4.711181163787842,7.980719089508057,2.385040521621704,-0.24256925284862518,-0.7818149924278259,-2.7831454277038574,-2.608563184738159,11.914222717285156,10.304142951965332,3.1059772968292236,4.348499298095703,2.819734573364258,7.168177604675293,4.471151828765869,3.2004828453063965,-1.4047638177871704,-3.200435161590576,-14.117243766784668,-14.51121997833252,-0.004859364125877619,0.004676702432334423,-3.8554725646972656,4.758323669433594,-1.1483006477355957,1.2546414136886597,4.986491680145264,0.510172426700592,-0.046958208084106445,-0.10767632722854614,-5.487591743469238,-7.056788444519043,2.5142064094543457,2.1574625968933105
485,-9.743949890136719,7.954562664031982,-6.232069492340088,4.309463024139404,7.536233425140381,2.286808967590332,0.23621122539043427,1.0312162637710571,-2.6586945056915283,-2.514983892440796,9.408156394958496,9.199636459350586,1.9325331449508667,3.387057065963745,-0.14002875983715057,7.526346206665039,5.817742347717285,3.2730259895324707,-1.5148104429244995,-3.0730409622192383,-14.402189254760742,-14.652216911315918,-0.002568480558693409,0.004997197538614273,-4.1054182052612305,4.762535095214844,-1.2494975328445435,1.147557020187378,4.407553195953369,0.521083652973175,0.06325879693031311,0.2552475333213806,-5.5883612632751465,-7.104977607727051,1.8800965547561646,1.8947187662124634
486,-9.47149658203125,8.218744277954102,-5.75140905380249,3.822920560836792,6.999642848968506,2.2017815113067627,-0.038715388625860214,1.8375914096832275,-2.5303471088409424,-2.4620296955108643,2.9061412811279297,6.818499565124512,0.8538609743118286,2.6351537704467773,-2.7755725383758545,7.791593551635742,7.374703884124756,3.4400317668914795,-1.6572682857513428,-2.5521271228790283,-14.668327331542969,-14.759992599487305,-0.0024367307778447866,0.0031325537711381912,-4.403127670288086,4.809259414672852,-1.2421646118164062,1.0185877084732056,3.78711199760437,0.5046379566192627,-0.018306374549865723,0.36512964963912964,-5.631338596343994,-6.971125602722168,0.3340604305267334,1.3052409887313843
487,-9.131853103637695,8.493964195251465,-5.354705333709717,3.5478012561798096,6.326333045959473,1.9238415956497192,0.34311097860336304,1.801373839378357,-2.4185397624969482,-2.404460906982422,-2.9213340282440186,1.3428744077682495,-2.6554067134857178,-1.1806554794311523,-6.575883388519287,6.701188564300537,8.445367813110352,1.72702956199646,2.6947920322418213,-2.7298905849456787,-14.999202728271484,-15.057897567749023,-15.116795539855957,-0.01874527521431446,-4.7395339012146,4.869268417358398,-1.224095106124878,0.9546928405761719,3.1055023670196533,0.432496041059494,0.09325242042541504,0.3345228433609009,-5.506720542907715,-6.363397598266602,-4.108756065368652,0.06002700328826904
488,-8.562999725341797,9.359966278076172,-1.604840636253357,3.4232664108276367,6.337348937988281,4.610903739929199,-1.9143016338348389,-1.0698403120040894,-2.201429843902588,-2.13830828666687,-4.137145042419434,-2.822178363800049,-2.4456746578216553,-0.39165347814559937,-7.255462646484375,7.8839287757873535,9.81030559539795,2.195315361022949,1.6433346271514893,1.4526482820510864,0.0014681043103337288,-15.127099990844727,-15.669840812683105,-15.567415237426758,-5.5270490646362305,5.487438201904297,-0.266566663980484,0.8900620341300964,3.0729527473449707,1.2663366794586182,-0.44045013189315796,-0.3035576343536377,-4.691815376281738,-5.482285499572754,-5.894713401794434,-3.7855992317199707
489,-8.427820205688477,9.357429504394531,2.6714046001434326,0.711049497127533,5.760018348693848,4.416750431060791,-4.362333297729492,1.6508831977844238,-9.021954536437988,-9.19416618347168,-4.474728584289551,-3.9257099628448486,-2.721957206726074,0.2674538493156433,-6.332056999206543,9.649303436279297,10.858168601989746,2.5587997436523438,-0.5120593309402466,1.3680658340454102,-0.0004058599879499525,0.06595993041992188,-15.549216270446777,-15.574691772460938,-6.0122222900390625,5.970303058624268,0.6000884175300598,0.06985937058925629,3.1508162021636963,1.03680419921875,-0.9611648917198181,0.4522336423397064,-4.079981803894043,-5.733083724975586,-6.054581642150879,-5.131993770599365
490,-8.175241470336914,9.000165939331055,3.0868613719940186,-1.4642219543457031,5.030642986297607,4.349687576293945,-4.015046119689941,0.30840829014778137,-8.964690208435059,-9.145076751708984,-4.469991683959961,-4.108939170837402,-4.414777755737305,0.4267764687538147,-5.469712257385254,10.247823715209961,13.205607414245605,2.5571908950805664,-2.885483741760254,0.9086110591888428,-6.310981552815065e-05,0.06786473095417023,-15.542998313903809,-15.577098846435547,-5.949185848236084,6.056750297546387,0.5344467163085938,-0.30000048875808716,2.662233352661133,1.061185359954834,-0.8605188727378845,0.010389745235443115,-3.886690616607666,-4.861102104187012,-5.719435691833496,-4.938387393951416
491,-8.146839141845703,8.434921264648438,3.630192279815674,-2.982783794403076,3.0234081745147705,4.266138076782227,-3.821889638900757,-1.4836702346801758,-8.779767990112305,-9.06054973602295,-4.282351016998291,-4.009004592895508,-5.301459789276123,2.1777029037475586,-3.1302084922790527,3.7310752868652344,14.921048164367676,2.0498881340026855,-5.487232208251953,1.3071638345718384,0.00016045209486037493,0.005128244869410992,-15.662734031677246,-15.613775253295898,-6.187055587768555,6.341823577880859,0.6726709604263306,-0.5845729112625122,1.1210888624191284,0.9945167303085327,-0.914310872554779,-0.34724587202072144,-3.344381332397461,-4.339268684387207,-5.662440776824951,-4.965703010559082
492,-7.175724029541016,8.293037414550781,3.9763145446777344,0.2750477194786072,-2.579542636871338,3.811187982559204,-4.775293827056885,-6.968409538269043,-7.950078010559082,-8.783504486083984,-4.139428615570068,-4.142110824584961,-7.380924224853516,3.9872043132781982,-0.5732686519622803,5.064479351043701,14.409749031066895,2.6145968437194824,-8.511429786682129,-2.285153865814209,0.00010371563257649541,-0.04012197256088257,-15.643131256103516,-15.30864429473877,-7.071570873260498,6.21095085144043,0.7740269899368286,0.1761312335729599,-0.6432154774665833,0.8632663488388062,-1.3416993618011475,-1.6840555667877197,-2.2834208011627197,-3.321418523788452,-5.217120170593262,-5.390214920043945
493,-7.504088401794434,7.829013347625732,5.325730323791504,-1.7845622301101685,-9.71263313293457,2.2682526111602783,-3.904738664627075,-5.3348870277404785,-5.269045829772949,-7.498373031616211,-3.699216604232788,-4.066079616546631,-2.8169620037078857,4.1780266761779785,2.1344029903411865,6.087185859680176,6.676363468170166,2.5699265003204346,-11.489753723144531,-6.136186122894287,-0.03760794550180435,-0.09988264739513397,-15.695137977600098,-15.695427894592285,-6.190526485443115,5.124981880187988,1.1951018571853638,-0.3697168827056885,-2.6219594478607178,0.44443416595458984,-1.177619457244873,-1.235346794128418,-1.0528401136398315,-1.958342432975769,-4.109947681427002,-4.840543746948242
494,-8.849220275878906,7.850118160247803,6.062082767486572,-2.7467057704925537,-5.721662998199463,4.640038013458252,-4.9321699142456055,-4.25221061706543,4.3422136306762695,-3.3517749309539795,-2.9293293952941895,-3.7080368995666504,-0.3077448308467865,3.7762982845306396,5.175642490386963,5.646124362945557,3.958266496658325,3.2966434955596924,-14.959857940673828,-9.404672622680664,8.109210968017578,-2.059992402791977e-05,-15.43430233001709,-15.642087936401367,-5.566132068634033,4.155500411987305,1.4808269739151,-0.4893683195114136,-0.9818201065063477,1.3052728176116943,-1.9803531169891357,-1.1558048725128174,1.8895803689956665,-0.5260829329490662,-2.833986759185791,-4.159140110015869
495,-9.315901756286621,7.259566783905029,7.229481220245361,-3.597449779510498,-6.365711688995361,4.623561859130859,-4.760895729064941,-5.514337062835693,2.874419927597046,5.080140590667725,-2.1338701248168945,-3.109623432159424,-0.07992058992385864,3.7471847534179688,8.734615325927734,4.191821098327637,0.8465030193328857,5.609650135040283,-18.82695198059082,-13.273269653320312,-5.909653663635254,8.83378791809082,-12.222968101501465,-15.625977516174316,-5.034130573272705,2.5931484699249268,2.099571943283081,-0.6499965190887451,-1.4121639728546143,1.2619400024414062,-2.4738941192626953,-2.00060772895813,6.363117218017578,2.4395997524261475,-1.1620932817459106,-3.112010955810547
496,-9.440393447875977,2.8819313049316406,5.837164402008057,-2.8729119300842285,-7.406711101531982,3.1836659908294678,-2.3646209239959717,-2.2583439350128174,10.126691818237305,2.821810722351074,7.3501410484313965,-2.3502140045166016,1.57908034324646,2.273880958557129,8.777936935424805,1.1241068840026855,0.8676764369010925,6.992831707000732,-20.11111068725586,-15.582620620727539,-1.4907433986663818,15.75574016571045,6.117856025695801,-13.439621925354004,-3.168854236602783,0.46201974153518677,1.7037198543548584,-0.5073657631874084,-1.9440619945526123,0.8189648389816284,-1.259990930557251,-0.7163627743721008,6.102916717529297,4.416711807250977,1.799847960472107,-1.5093756914138794
497,-6.085670471191406,-2.2885897159576416,5.3033013343811035,-3.1672916412353516,-8.148902893066406,0.9068925976753235,1.893035888671875,2.7060208320617676,9.511306762695312,1.9694085121154785,3.962425470352173,5.120550632476807,-0.19316543638706207,-1.9407811164855957,8.291779518127441,-3.1667230129241943,-0.6054884791374207,5.501251220703125,-17.0913028717041,-15.225440979003906,-0.31723326444625854,15.700733184814453,15.5550537109375,-2.2914772033691406,-1.240716814994812,-0.6883520483970642,1.4669365882873535,-0.687796950340271,-3.8075811862945557,0.11833810806274414,0.5396871566772461,0.5937392115592957,6.564679145812988,5.061801433563232,6.019281387329102,1.1549158096313477
498,-1.2935696840286255,-2.53106951713562,2.7809090614318848,-0.8918658494949341,-8.411476135253906,0.06933394819498062,16.395362854003906,10.928235054016113,8.536736488342285,1.985757827758789,4.386706829071045,5.935729503631592,-1.3141906261444092,-7.805495738983154,-0.025240615010261536,-7.59534215927124,-3.413569211959839,3.519122838973999,-4.6540679931640625,-8.420243263244629,3.2353248596191406,15.642777442932129,15.661856651306152,15.677092552185059,-0.07902896404266357,-0.6332857012748718,0.615212082862854,-0.11581982672214508,-5.7071943283081055,-0.0246279276907444,3.2160911560058594,1.8446295261383057,6.359204292297363,4.984513282775879,6.027735710144043,5.412038803100586
499,-1.4221404790878296,-1.170136570930481,4.113553047180176,3.0106353759765625,-7.614132404327393,-3.6492202281951904,14.78332805633545,12.36382007598877,6.919884204864502,1.9903610944747925,4.265605449676514,4.137712001800537,2.6666016578674316,-8.27029037475586,-0.038866300135850906,-7.096915245056152,-7.818116188049316,-1.2761280536651611,4.247835159301758,0.7495154738426208,6.936885356903076,15.664719581604004,15.557422637939453,14.24526596069336,-0.28698813915252686,-0.27629077434539795,0.8457287549972534,0.6300777196884155,-7.006590366363525,-0.9062002897262573,3.7152953147888184,2.586306095123291,6.167003154754639,5.012652397155762,5.398082256317139,5.403264999389648
500,0.2220512479543686,-1.6166279315948486,1.4171602725982666,0.9153586626052856,-6.058130264282227,-5.978952407836914,12.572737693786621,11.680532455444336,4.932260990142822,5.5889787673950195,4.210769176483154,5.044558048248291,6.8446855545043945,-9.116227149963379,-0.0534684993326664,-7.778521537780762,-11.987313270568848,-7.204216957092285,10.414132118225098,7.37341833114624,11.87418270111084,9.090438842773438,15.681410789489746,15.419702529907227,0.11746668815612793,-0.4675000309944153,0.18004128336906433,0.07905597984790802,-8.256406784057617,-2.129089832305908,4.409053802490234,3.2493081092834473,5.553651809692383,5.827465057373047,5.305764675140381,5.680549621582031
501,-2.337024450302124,4.241511344909668,-3.5427932739257812,-1.9523390531539917,-5.370389938354492,-5.512729167938232,10.984254837036133,10.789388656616211,2.845186948776245,3.813546895980835,4.442849636077881,4.349392414093018,9.146345138549805,-5.182614803314209,-0.06772555410861969,-4.145112037658691,-14.93571949005127,-11.334086418151855,12.940691947937012,10.496960639953613,15.02277660369873,12.253339767456055,15.5271577835083,14.437398910522461,-0.48141372203826904,0.90885990858078,-0.9618983268737793,-0.6791806817054749,-9.004169464111328,-2.8594837188720703,5.292314529418945,4.015800952911377,5.337985038757324,6.614574432373047,5.285012722015381,5.776453018188477
502,-4.5004706382751465,4.408864498138428,-6.186984539031982,-6.645063877105713,-4.818491458892822,-5.091098308563232,10.500655174255371,10.47119140625,2.2241082191467285,3.3835854530334473,4.537619590759277,4.43272590637207,2.838996410369873,-3.258733034133911,-3.1653590202331543,-7.243255138397217,-14.521738052368164,-13.667532920837402,15.37764835357666,13.421955108642578,14.642166137695312,13.481691360473633,15.69626235961914,15.610312461853027,-0.8966546058654785,0.8881738781929016,-1.4515923261642456,-1.8940749168395996,-9.739632606506348,-3.320038080215454,6.389777183532715,4.727351665496826,5.9594035148620605,6.423348426818848,5.482090950012207,5.894880771636963
503,1.0337772369384766,4.061436653137207,-7.186619758605957,-7.09857177734375,-4.492392063140869,-3.8913156986236572,9.372138977050781,8.940559387207031,2.121431350708008,2.792273998260498,4.137989044189453,4.228060245513916,0.7012814283370972,-2.5976853370666504,-5.518165111541748,-11.01566219329834,-16.518695831298828,-15.378107070922852,16.349430084228516,14.686186790466309,15.532554626464844,14.283638000488281,15.674792289733887,15.625550270080566,0.41267991065979004,0.7713910937309265,-1.8488028049468994,-2.293064832687378,-10.662985801696777,-2.0144171714782715,5.831385612487793,4.191563606262207,5.4532036781311035,6.491340160369873,5.146190643310547,5.294081687927246
504,-4.401647090911865,3.7855591773986816,-6.159787178039551,-6.0088396072387695,-3.944969415664673,5.164683818817139,8.673402786254883,8.404763221740723,2.047154188156128,2.9449996948242188,3.9928500652313232,3.995614767074585,-4.02085542678833,-3.8481006622314453,-8.181236267089844,-15.47874641418457,-17.263381958007812,-12.812260627746582,16.756866455078125,15.13797378540039,15.604145050048828,12.210471153259277,15.670851707458496,15.673684120178223,-1.359120488166809,0.7153567671775818,-1.6397781372070312,-2.339967727661133,-7.980849742889404,1.289617657661438,5.372035026550293,4.191380977630615,6.15021276473999,6.126527786254883,4.822264194488525,4.743312358856201
505,-5.9581780433654785,7.520481586456299,-1.2877447605133057,-3.3030004501342773,-0.09268705546855927,10.863848686218262,2.923207998275757,3.5711052417755127,2.0323846340179443,5.11360502243042,3.838186740875244,3.5646865367889404,-6.992653846740723,-5.01975679397583,-7.912008762359619,-18.13308334350586,-15.279227256774902,-5.946838855743408,20.430932998657227,13.483541488647461,15.67796516418457,5.306012153625488,0.0034656524658203125,15.654989242553711,-2.3001503944396973,1.9238598346710205,-0.1236582100391388,-1.4109065532684326,0.30564334988594055,5.5294928550720215,0.7840895056724548,1.006176233291626,6.013287544250488,4.915492534637451,4.394049644470215,3.7582921981811523
506,-7.00492525100708,9.048689842224121,7.641506195068359,7.485871315002441,10.623871803283691,9.351408958435059,-22.95582389831543,-14.738283157348633,0.05532080680131912,-5.0486931800842285,10.662500381469727,2.9791388511657715,-3.106642246246338,-2.8696560859680176,-2.762955904006958,-11.790857315063477,-6.122082233428955,1.1971851587295532,12.170766830444336,5.545245170593262,5.127175807952881,-10.370238304138184,-0.013263828121125698,15.329373359680176,-4.371901512145996,3.795936346054077,1.6648027896881104,1.4964464902877808,7.045758247375488,6.07794713973999,-5.159576416015625,-3.3790946006774902,-0.3260670304298401,-5.732251167297363,1.9858397245407104,2.9930882453918457
507,-9.394417762756348,8.657386779785156,7.2859978675842285,9.030252456665039,8.819297790527344,7.974009990692139,-21.44723892211914,-12.37739372253418,-4.476069450378418,-3.2581543922424316,12.560291290283203,10.30438232421875,2.7907960414886475,2.382086992263794,3.560171127319336,-3.1599831581115723,1.7041053771972656,2.8780510425567627,3.8051819801330566,4.081307411193848,-12.395744323730469,-12.538094520568848,-0.05008195713162422,0.33245858550071716,-4.361044883728027,3.1904709339141846,1.611573576927185,1.6362017393112183,7.815105438232422,3.1145617961883545,-4.560860633850098,-2.3166897296905518,-5.4864301681518555,-10.578252792358398,2.906785726547241,4.107619762420654
508,-10.163973808288574,7.8627424240112305,4.398292064666748,5.910092830657959,8.513761520385742,6.373899459838867,-9.43425464630127,-10.373424530029297,-3.142864227294922,-3.081347942352295,15.38113784790039,13.430107116699219,4.563915252685547,4.863280773162842,6.723020553588867,2.206815719604492,2.589143991470337,3.8841562271118164,0.049891289323568344,-0.13785004615783691,-13.2118501663208,-13.559412002563477,-0.0005712683778256178,0.0030304831452667713,-4.76425313949585,4.436399459838867,0.9943464994430542,1.1263221502304077,6.8457818031311035,1.8153624534606934,-1.5228114128112793,-2.0191688537597656,-4.551845073699951,-7.438888072967529,3.8741724491119385,2.9014639854431152
509,-10.625750541687012,7.445930480957031,0.8942977786064148,5.374561786651611,8.292313575744629,3.5663511753082275,-3.421783685684204,-5.193828582763672,-3.065462589263916,-2.861865758895874,15.034927368164062,12.101322174072266,5.288398265838623,5.926444053649902,7.8623948097229,5.812705993652344,3.3290743827819824,3.5548338890075684,-1.3990408182144165,-2.6573100090026855,-13.453269004821777,-14.04538345336914,-0.001406082883477211,0.002856992417946458,-4.582570552825928,4.918619155883789,0.08030666410923004,1.2965972423553467,5.960557460784912,0.7305624485015869,-0.49949532747268677,-0.9461207985877991,-5.088345527648926,-6.82429313659668,3.5391151905059814,2.6118721961975098
510,-10.557456970214844,7.407134056091309,-4.548003196716309,4.830380439758301,8.009838104248047,2.8727221488952637,-0.6424611210823059,-3.0374956130981445,-2.950601100921631,-2.6761059761047363,13.461006164550781,10.781848907470703,4.319009780883789,5.275240898132324,5.839732646942139,7.25705099105835,4.27622127532959,3.268664598464966,-1.9362818002700806,-4.1973876953125,-13.783441543579102,-14.391530990600586,-0.002025426598265767,0.0043080635368824005,-4.419467926025391,5.058614730834961,-0.9339826107025146,1.2712032794952393,4.963874340057373,0.6392667293548584,-0.02820160984992981,-0.6128740906715393,-5.3357367515563965,-6.9484663009643555,2.9740734100341797,2.2681589126586914
511,-10.180986404418945,7.747325420379639,-6.560856819152832,4.775419235229492,7.590723037719727,2.391500234603882,-0.5318681001663208,-1.4039535522460938,-2.7989938259124756,-2.5683059692382812,10.959297180175781,9.441741943359375,2.857677459716797,4.013563632965088,2.486940383911133,7.8298234939575195,5.565314292907715,3.101746082305908,-2.429218053817749,-5.091442584991455,-14.105208396911621,-14.562155723571777,-0.005181105341762304,0.006543991155922413,-4.62811803817749,5.186210632324219,-1.2609609365463257,1.3155205249786377,4.252176284790039,0.5266546010971069,-0.11060455441474915,-0.26541078090667725,-5.387331485748291,-7.0422682762146,2.254333257675171,1.9417057037353516
512,-9.778895378112793,8.115152359008789,-6.560667991638184,4.466896057128906,7.0406646728515625,2.3262734413146973,0.3903738856315613,0.5597668290138245,-2.6605587005615234,-2.4998600482940674,7.566439151763916,7.975517749786377,1.4502719640731812,2.959601640701294,-0.6626418232917786,8.143786430358887,7.1385178565979,3.141571283340454,-2.5886528491973877,-5.216480731964111,-14.38222599029541,-14.678607940673828,-0.002477138303220272,0.007210546173155308,-4.9290452003479,5.252303600311279,-1.3346197605133057,1.231941819190979,3.6310386657714844,0.530003011226654,0.10757118463516235,0.1770033836364746,-5.465058326721191,-7.060730934143066,1.425982117652893,1.5996460914611816
513,-9.394554138183594,8.395570755004883,-6.134819030761719,4.183091163635254,6.328829765319824,2.2072701454162598,0.3651244342327118,2.008556842803955,-2.5429728031158447,-2.449907064437866,-4.053800106048584,3.7614293098449707,-0.01003950834274292,2.0911524295806885,-2.885331392288208,8.336541175842285,8.813285827636719,3.2549562454223633,0.41773462295532227,-4.7482757568359375,-14.613521575927734,-14.79190731048584,-9.787383079528809,0.0050011444836854935,-5.293076992034912,5.35870361328125,-1.357713222503662,1.1646151542663574,3.011481523513794,0.5009522438049316,0.06734436750411987,0.3928295373916626,-5.411036968231201,-6.752190589904785,-1.3627991676330566,0.5942361354827881
514,-8.252166748046875,9.355566024780273,-5.233650207519531,4.805402755737305,5.724879264831543,1.8242000341415405,2.180189847946167,2.5547454357147217,-2.1927194595336914,-2.200080633163452,-3.750656843185425,-3.069657325744629,-2.1977038383483887,-0.26304787397384644,-6.282506465911865,7.843490123748779,8.695024490356445,2.052333354949951,2.181030750274658,0.0780675858259201,-15.690898895263672,-15.319543838500977,-15.646484375,-15.656556129455566,-5.5797600746154785,5.320342063903809,-1.3232030868530273,1.295963168144226,2.5230283737182617,0.37526577711105347,0.5486539006233215,0.5144145488739014,-5.01637077331543,-5.853463172912598,-5.682753562927246,-1.866963267326355
515,-8.760133743286133,9.219903945922852,-0.5618576407432556,2.261385440826416,5.806983470916748,4.7564215660095215,-3.3967981338500977,1.254914402961731,-6.642814636230469,-2.2416980266571045,-4.362165451049805,-3.81485915184021,-3.9857141971588135,0.17122973501682281,-6.804226875305176,9.350339889526367,12.545653343200684,1.7610077857971191,0.7605287432670593,0.1712154746055603,0.00039417226798832417,-0.21357250213623047,-15.508260726928711,-15.60443115234375,-6.547420978546143,6.004638671875,0.07478341460227966,0.5199818015098572,3.0643723011016846,1.3383504152297974,-0.8672427535057068,0.20729756355285645,-4.631950378417969,-5.492214679718018,-6.028163909912109,-5.319767951965332
516,-7.740356922149658,9.096022605895996,2.875535249710083,0.49933192133903503,4.055503845214844,4.892560958862305,-4.015905857086182,-1.1419155597686768,-8.904635429382324,-9.170088768005371,-4.417252063751221,-4.091440677642822,-6.3151535987854,0.8127854466438293,-5.874654769897461,11.0549955368042,15.622943878173828,2.7319066524505615,-1.5242937803268433,-0.9271432757377625,0.00015242141671478748,0.04954607039690018,-15.55876350402832,-15.603187561035156,-6.657675743103027,6.319180488586426,0.5940301418304443,0.058775175362825394,2.002068519592285,1.2290304899215698,-0.8534948229789734,-0.3231674134731293,-3.6115522384643555,-4.704509735107422,-5.750214576721191,-5.104246616363525
517,-6.610876560211182,8.902937889099121,4.354355335235596,-2.9189059734344482,0.6235336065292358,2.7234296798706055,-4.25435733795166,-0.5789055824279785,-8.707209587097168,-9.04601764678955,-4.400528430938721,-4.061702251434326,-11.380086898803711,1.1333410739898682,-4.4370880126953125,10.26020622253418,16.937549591064453,2.026580333709717,-3.8949036598205566,-1.584685206413269,0.00020475938799791038,0.10730011016130447,-15.704413414001465,-15.704716682434082,-6.64146614074707,6.320314884185791,0.8014223575592041,-0.5359847545623779,0.04542628675699234,0.5148751139640808,-0.9721735119819641,-0.10053132474422455,-3.2019612789154053,-4.067993640899658,-5.581772327423096,-4.869922161102295
518,-7.010534286499023,8.238042831420898,6.435622215270996,-4.640845775604248,-8.692797660827637,3.2186508178710938,-5.435182094573975,-4.492129802703857,-7.227602481842041,-8.49177074432373,-4.212435245513916,-4.51029634475708,-4.753151893615723,3.149678945541382,-0.4895336925983429,5.9688639640808105,8.198955535888672,1.5849345922470093,-7.324512481689453,-3.394638776779175,-8.192357927327976e-05,0.08698677271604538,-15.687573432922363,-15.689053535461426,-6.195476531982422,5.919323921203613,1.3312056064605713,-0.8419198393821716,-2.2348976135253906,0.7316106557846069,-1.4672560691833496,-1.1504135131835938,-1.8073276281356812,-2.803926467895508,-5.161253452301025,-4.800961971282959
519,-8.185057640075684,8.027056694030762,6.571895599365234,-2.205872058868408,-4.692858695983887,4.976565837860107,-6.124762058258057,-4.511940002441406,0.16128180921077728,-6.929813861846924,-3.5338847637176514,-3.8323729038238525,-2.9121885299682617,4.177407741546631,3.1554503440856934,6.436478137969971,6.603043556213379,2.905869245529175,-11.028647422790527,-6.513078689575195,0.3957328796386719,-0.03166183456778526,-15.689309120178223,-15.697625160217285,-5.962377548217773,4.9369659423828125,1.450434923171997,-0.2897409200668335,-0.7024187445640564,1.345714807510376,-1.9452626705169678,-1.1224603652954102,0.31681811809539795,-1.671913504600525,-3.792191982269287,-4.511308670043945
520,-8.704601287841797,7.717982292175293,6.2442474365234375,-2.7761223316192627,-6.594522476196289,4.25350284576416,-5.365248680114746,-4.419325351715088,4.969878196716309,-0.44998353719711304,-2.90276837348938,-3.596376895904541,-0.2785654664039612,4.524266242980957,6.606668472290039,5.9632954597473145,4.295910835266113,4.1853413581848145,-14.623257637023926,-9.691621780395508,12.236343383789062,0.003304656594991684,-15.200844764709473,-15.697421073913574,-5.893403053283691,4.018404006958008,1.571838140487671,-0.4781937599182129,-1.4061225652694702,1.037952184677124,-2.0025012493133545,-1.264038324356079,3.157489776611328,0.15728214383125305,-2.857523202896118,-4.0196099281311035
521,-10.288322448730469,6.190338611602783,6.298673152923584,-4.357596397399902,-7.852537631988525,4.4381537437438965,-4.37205171585083,-4.489208698272705,9.447486877441406,5.378690242767334,-1.198032259941101,-2.4188618659973145,2.508963108062744,3.310711145401001,8.488801002502441,3.141806125640869,0.21464931964874268,6.621971607208252,-18.42534828186035,-13.220659255981445,-2.129621744155884,10.813643455505371,-10.593378067016602,-15.318120956420898,-4.110429763793945,1.8243967294692993,1.866023063659668,-0.80790114402771,-2.4268314838409424,1.2965080738067627,-2.1161680221557617,-1.5483262538909912,6.704341888427734,3.305967330932617,-0.272198885679245,-2.160755157470703
522,-9.0284423828125,0.881812572479248,6.421994686126709,-2.4908854961395264,-7.934760093688965,2.368983030319214,-1.201471209526062,-1.2433271408081055,10.066454887390137,2.3219826221466064,8.383849143981934,-1.353464961051941,0.61497962474823,1.5596073865890503,7.4710187911987305,-0.39032280445098877,-0.008023738861083984,7.440549850463867,-20.798540115356445,-14.95926570892334,-1.7353872060775757,15.701872825622559,15.514189720153809,-11.786762237548828,-2.885582447052002,-0.04960852116346359,1.8031818866729736,-0.4250127077102661,-2.295917272567749,0.5582714080810547,-0.5402337908744812,-0.2879040241241455,7.0525922775268555,4.846400260925293,3.3414459228515625,-0.560403048992157
523,-5.19135046005249,-2.406797409057617,4.932460784912109,-2.290893077850342,-8.862096786499023,0.8525825142860413,7.254126071929932,7.840701580047607,9.658052444458008,1.9780385494232178,4.1945295333862305,9.055625915527344,-4.439685821533203,-3.5050885677337646,-0.17173433303833008,-5.486990928649902,-1.109939455986023,5.695189476013184,-13.11788558959961,-11.608112335205078,0.46858152747154236,15.572628021240234,15.720383644104004,8.496112823486328,-1.00126051902771,-0.6444424986839294,1.2735316753387451,-0.48820459842681885,-4.259200096130371,0.1399000883102417,1.2653636932373047,1.3929662704467773,6.486281394958496,4.874526023864746,5.980162620544434,2.430464267730713
524,-0.5602085590362549,-3.140904664993286,6.653891563415527,2.422452449798584,-8.247623443603516,0.03715358301997185,15.751790046691895,10.028109550476074,8.06784439086914,1.9910414218902588,4.369859218597412,3.7822468280792236,-0.1268172562122345,-5.917731761932373,0.0013241395354270935,-4.519780158996582,-4.027120590209961,3.1822967529296875,-3.734189987182617,-4.420244216918945,4.228024959564209,15.702043533325195,15.589168548583984,15.621232032775879,0.053562819957733154,-0.8507491946220398,1.369645357131958,0.5854873061180115,-6.220061302185059,-0.031130556017160416,3.1775951385498047,1.7507455348968506,6.543185710906982,5.023587226867676,5.8324503898620605,5.176842212677002
525,-2.319758653640747,-2.424056053161621,3.6289260387420654,2.8960559368133545,-7.290794372558594,-3.756155490875244,13.496593475341797,10.454453468322754,6.520942211151123,1.9982737302780151,4.331550121307373,4.873867034912109,3.7864558696746826,-4.95515251159668,-0.26765739917755127,-5.209556579589844,-7.2610297203063965,-1.901541829109192,3.5503342151641846,1.8411647081375122,6.831963539123535,15.575493812561035,15.693879127502441,14.672834396362305,-0.5144041776657104,-0.6260703802108765,0.6137781143188477,0.520926296710968,-7.005561351776123,-0.9467487931251526,3.1643624305725098,2.294250011444092,6.256329536437988,4.8981170654296875,5.436262607574463,5.26932954788208
526,0.7706806063652039,-2.9619626998901367,-0.548573911190033,-0.060317859053611755,-6.188780784606934,-5.272511959075928,11.028434753417969,9.286980628967285,4.961403846740723,5.809167385101318,4.18218469619751,4.158962726593018,7.008549213409424,-8.472018241882324,-1.4431407451629639,-6.725848197937012,-11.836570739746094,-7.095480918884277,8.571015357971191,6.689284801483154,11.962566375732422,10.819090843200684,15.679998397827148,15.652206420898438,0.31131911277770996,-0.8221334218978882,-0.27252164483070374,-0.11316582560539246,-8.334643363952637,-1.6398178339004517,3.2619597911834717,2.4195399284362793,5.234385967254639,5.492877006530762,5.296398162841797,5.309596061706543
527,0.052112627774477005,1.664603590965271,-2.8288943767547607,-1.7290691137313843,-5.5098466873168945,-5.036268711090088,10.842445373535156,9.797079086303711,2.5932371616363525,2.8440492153167725,4.158010482788086,4.271434783935547,6.5385870933532715,-8.70797061920166,-3.2470691204071045,-9.195426940917969,-14.251554489135742,-11.274199485778809,12.263337135314941,10.382658958435059,15.538949012756348,15.392582893371582,15.694926261901855,15.642061233520508,-0.019388437271118164,0.45508235692977905,-0.7159867286682129,-0.5616066455841064,-8.785317420959473,-2.1735026836395264,4.406146049499512,3.325007438659668,5.011630535125732,6.480935573577881,5.3430070877075195,5.62104606628418
528,-0.5649598836898804,4.047327995300293,-5.908576965332031,-4.829643249511719,-4.109668254852295,-4.776333332061768,10.913134574890137,10.32973575592041,2.2165048122406006,2.850919246673584,5.750006198883057,6.816773891448975,7.296168804168701,-3.4122729301452637,-2.94918155670166,-6.413446426391602,-16.92084312438965,-13.005759239196777,13.31259536743164,11.4534912109375,15.606083869934082,13.978224754333496,15.688172340393066,15.429895401000977,-0.10506224632263184,0.8585967421531677,-1.422724962234497,-1.3441883325576782,-9.905309677124023,-2.412569999694824,5.25805139541626,3.9870128631591797,5.2177581787109375,6.516366004943848,5.099576950073242,5.6023945808410645
529,-5.1171417236328125,4.070897102355957,-6.42877197265625,-6.59281063079834,-4.017880916595459,-4.306089401245117,10.197086334228516,10.115951538085938,2.0114991664886475,2.6995162963867188,4.039256572723389,4.227927207946777,0.07700838893651962,-2.8756887912750244,-5.546200275421143,-10.219841003417969,-17.548192977905273,-14.676902770996094,14.967875480651855,13.3781156539917,15.672677993774414,14.391833305358887,15.69602108001709,15.640138626098633,-1.2235397100448608,0.7950985431671143,-1.5933449268341064,-2.041121006011963,-10.03665828704834,-2.4343605041503906,5.559553146362305,4.551051616668701,5.71256160736084,6.234640121459961,5.0083794593811035,5.304527282714844
530,-1.0333209037780762,3.548069953918457,-7.382256031036377,-7.304243564605713,-3.9117205142974854,0.4120424687862396,7.213312149047852,9.47314453125,2.0116565227508545,2.808899402618408,13.988626480102539,4.093784332275391,-3.528562545776367,-4.066670894622803,-8.004289627075195,-15.135111808776855,-18.060810089111328,-13.840229034423828,20.63157081604004,14.52847671508789,15.698846817016602,13.408452033996582,-0.0017193895764648914,15.507431983947754,-0.08585655689239502,0.6441523432731628,-2.0946154594421387,-3.0134332180023193,-9.026002883911133,0.37528151273727417,5.4303436279296875,4.645074367523193,5.845393180847168,6.120656967163086,4.777434825897217,4.763373374938965
531,-5.797591686248779,4.907400131225586,-1.8799594640731812,-4.127963542938232,-1.1148244142532349,10.511239051818848,2.437126398086548,5.59784460067749,2.004563331604004,4.103241920471191,12.358939170837402,3.6431703567504883,-7.108731269836426,-5.914985179901123,-9.403382301330566,-18.44699478149414,-16.58858871459961,-7.645148277282715,19.66364097595215,13.712183952331543,15.703788757324219,7.911520004272461,-0.0017814049497246742,15.641155242919922,-2.664245128631592,0.9582476019859314,-0.2751602828502655,-1.865207314491272,-0.2839144170284271,4.631681442260742,1.0442087650299072,1.9577820301055908,6.335416316986084,5.466501235961914,2.4520039558410645,3.9073104858398438
532,-6.821363925933838,8.943766593933105,7.762795448303223,4.088776111602783,10.641575813293457,9.841410636901855,-22.027748107910156,-12.873637199401855,1.6374402046203613,-4.325915336608887,8.7006196975708,9.630667686462402,-4.222891807556152,0.8615825772285461,-4.99798583984375,-15.346919059753418,-8.973604202270508,2.5462350845336914,12.050057411193848,12.482034683227539,8.125347137451172,-12.024085998535156,-8.640391752123833e-05,0.08864964544773102,-4.195026874542236,3.1442489624023438,1.6332826614379883,0.9837418794631958,7.10745096206665,6.310268402099609,-4.956171989440918,-2.7719645500183105,1.9175533056259155,-1.7779967784881592,1.666745901107788,3.057399272918701
533,-8.676227569580078,7.024777412414551,10.37024974822998,11.341720581054688,9.593377113342285,8.143736839294434,-21.04151725769043,-14.997889518737793,-6.08381462097168,-3.680539131164551,12.276432991027832,14.314711570739746,1.7365849018096924,2.172449827194214,2.569641590118408,-5.876603126525879,0.8121325969696045,2.166079521179199,4.369033336639404,6.072664737701416,-11.091451644897461,-9.998278617858887,0.033725835382938385,-0.0191897451877594,-4.213422775268555,2.0917911529541016,2.3156118392944336,2.0047008991241455,9.151656150817871,3.8401074409484863,-4.303703308105469,-2.643322229385376,-6.047051429748535,-12.598112106323242,2.8921849727630615,3.3259706497192383
534,-10.030424118041992,7.67028284072876,4.971439361572266,6.450847148895264,8.694375991821289,7.435824871063232,-13.505803108215332,-12.178616523742676,-3.135085105895996,-3.453437328338623,14.109232902526855,12.595726013183594,4.606393337249756,4.708311557769775,6.361862659454346,0.708029568195343,1.8578171730041504,3.5720813274383545,-0.9121049642562866,0.6549045443534851,-12.973535537719727,-13.142481803894043,0.0011073905043303967,0.03746192902326584,-4.112641334533691,3.7697794437408447,1.0449655055999756,1.1318477392196655,7.693978309631348,2.552659273147583,-2.6899290084838867,-2.364750385284424,-4.758602142333984,-7.929576873779297,3.3755452632904053,2.733936309814453
535,-10.705544471740723,7.40027379989624,1.5280183553695679,5.8526177406311035,8.578248023986816,6.035384654998779,-6.333895683288574,-6.589066505432129,-3.166879653930664,-3.0497777462005615,14.641748428344727,11.818428993225098,5.738645076751709,6.038815021514893,7.708816051483154,5.078193664550781,2.2562966346740723,3.952829122543335,-3.5453755855560303,-2.5335335731506348,-13.203607559204102,-13.610027313232422,-0.0010906534735113382,0.00497440854087472,-4.6777472496032715,4.685305595397949,0.2532288432121277,1.3613477945327759,7.094107151031494,1.6760268211364746,-1.1734397411346436,-1.2373039722442627,-5.214970588684082,-6.994518280029297,3.46399188041687,2.560176372528076
536,-10.781968116760254,7.293513774871826,-3.438336133956909,4.928037166595459,8.435673713684082,4.573000431060791,-2.234802484512329,-3.444113254547119,-3.0604376792907715,-2.871461868286133,13.414623260498047,10.718836784362793,5.093855857849121,5.772752285003662,6.079403877258301,7.013410568237305,2.974423885345459,3.880563974380493,-4.726670742034912,-4.31112003326416,-13.596660614013672,-13.97262191772461,-0.002755239373072982,0.0014190749498084188,-4.629756450653076,4.907210350036621,-0.7444663047790527,1.2612485885620117,5.982611179351807,1.1051440238952637,-0.3571997284889221,-0.6722956895828247,-5.3821258544921875,-7.112443447113037,2.980031728744507,2.2621631622314453
537,-10.456876754760742,7.547447681427002,-5.849417209625244,4.699991226196289,8.105721473693848,3.8444666862487793,-0.8603095412254333,-1.4785975217819214,-2.8803892135620117,-2.734257936477661,11.116082191467285,9.46480941772461,3.746910572052002,4.691986560821533,2.927215576171875,7.680525302886963,4.107696056365967,3.656567096710205,-5.373436450958252,-5.250925064086914,-13.922144889831543,-14.228419303894043,-0.003461073152720928,0.004411833360791206,-4.732726097106934,5.023501396179199,-1.1258108615875244,1.2779208421707153,5.3894476890563965,0.9136621952056885,-0.14754436910152435,-0.2713167667388916,-5.382284641265869,-7.260717391967773,2.30352520942688,1.952072024345398
538,-10.081151962280273,7.927101135253906,-5.942921161651611,4.543341159820557,7.702188968658447,3.5360162258148193,0.2575143277645111,0.6754634380340576,-2.741276979446411,-2.668705940246582,7.515137195587158,8.027377128601074,2.498717784881592,3.5914652347564697,0.02273133210837841,8.023441314697266,5.4062371253967285,3.492530107498169,-5.524815082550049,-5.347048759460449,-14.225279808044434,-14.437505722045898,-0.00409043300896883,0.006422101985663176,-5.0147504806518555,5.04689884185791,-1.1829123497009277,1.254762887954712,4.855052947998047,0.8383574485778809,0.09130331873893738,0.20367366075515747,-5.376714706420898,-7.308055400848389,1.4057546854019165,1.61338472366333
539,-9.695609092712402,8.25477409362793,-5.738915920257568,4.354434013366699,7.252313137054443,3.472527265548706,0.7709868550300598,2.5119190216064453,-2.6041486263275146,-2.5385961532592773,-4.3469038009643555,4.278424263000488,-1.0607560873031616,-0.021216094493865967,-4.025315284729004,6.840756893157959,6.052412509918213,2.1534016132354736,-1.2405363321304321,-5.383683204650879,-14.526937484741211,-14.80765151977539,-14.063884735107422,0.007903112098574638,-5.322113990783691,5.067900657653809,-1.2388311624526978,1.2045776844024658,4.354290008544922,0.8346459865570068,0.15087521076202393,0.4913561940193176,-5.297290802001953,-7.0105977058410645,-1.5348039865493774,0.7179534435272217
540,-8.803399085998535,9.222755432128906,-2.278090715408325,4.753596305847168,7.030442714691162,6.145272731781006,-0.7982996702194214,-2.1673426628112793,-2.3953745365142822,-2.4908552169799805,-3.820535182952881,-4.397547245025635,-1.2805200815200806,0.23887203633785248,-4.489615440368652,8.237380027770996,8.003219604492188,2.1405251026153564,-1.6945253610610962,-2.532900810241699,-14.876923561096191,-14.593263626098633,-15.64240837097168,-12.398571968078613,-6.237864017486572,5.876255512237549,-0.4074411690235138,1.3109923601150513,5.1623945236206055,1.8996411561965942,-0.22317373752593994,-0.6836826205253601,-4.377335548400879,-5.974364757537842,-5.822467803955078,-1.653542399406433
541,-8.987015724182129,8.955135345458984,-1.0394408702850342,2.5541110038757324,6.6429924964904785,5.575698375701904,-0.2542771100997925,4.1134161949157715,-2.1856861114501953,-2.3717029094696045,-4.38814115524292,-3.683459520339966,-0.6018816232681274,0.8528832197189331,-4.740468978881836,9.247671127319336,8.73654556274414,2.878842830657959,-2.447472333908081,-0.9399949312210083,-11.100168228149414,-14.88431453704834,-15.557961463928223,-15.557621002197266,-6.3123698234558105,5.8822021484375,-0.1900773048400879,0.622937023639679,4.481969833374023,1.480088233947754,-0.03356677293777466,1.0468419790267944,-4.520975589752197,-5.573005676269531,-5.863821983337402,-5.009856700897217
542,-8.574962615966797,9.108031272888184,-0.24206246435642242,1.190421462059021,5.641501426696777,6.202238082885742,-2.120880365371704,1.9934439659118652,-9.066116333007812,-2.3838870525360107,-4.577852249145508,-4.244491100311279,-2.9059598445892334,0.23038016259670258,-5.157595157623291,9.88270092010498,12.001174926757812,2.8573975563049316,-3.651482582092285,-0.44069528579711914,-0.0005381479859352112,-0.052114009857177734,-15.570024490356445,-15.62502670288086,-6.917238235473633,6.431707859039307,-0.022889703512191772,0.2738019824028015,3.939103841781616,1.7175188064575195,-0.5527874827384949,0.31545203924179077,-4.3284687995910645,-5.807088851928711,-6.195288181304932,-5.409205436706543
543,-8.054170608520508,9.050199508666992,3.0629324913024902,-1.0570776462554932,4.713417053222656,6.139057636260986,-3.153320074081421,-1.1888700723648071,-8.746541023254395,-9.107858657836914,-4.452579021453857,-4.216499328613281,-5.184438705444336,0.8212394118309021,-4.18306303024292,10.772963523864746,14.81240463256836,2.7829742431640625,-5.65321683883667,-1.4602255821228027,0.00014717853628098965,0.027212347835302353,-15.552504539489746,-15.597319602966309,-6.936364650726318,6.623762130737305,0.6450247764587402,-0.2530527114868164,2.7039966583251953,1.7272753715515137,-0.8049675822257996,-0.36643528938293457,-3.2255656719207764,-4.433625221252441,-5.750947952270508,-5.266684055328369
544,-7.061697006225586,8.99063491821289,4.52627420425415,-3.4418599605560303,1.867132306098938,4.281938076019287,-3.30529522895813,-1.1770501136779785,-8.306694030761719,-8.990921974182129,-4.374610424041748,-4.126120567321777,-7.54879903793335,2.6488399505615234,-1.5680718421936035,4.813723564147949,16.646743774414062,2.036390542984009,-8.133989334106445,-1.6479798555374146,0.00020828962442465127,0.0025164783000946045,-15.69884967803955,-15.706340789794922,-6.935471057891846,6.409057140350342,0.8750220537185669,-0.5772218704223633,0.6477593183517456,0.9411741495132446,-0.8813017010688782,-0.2540481388568878,-2.6329307556152344,-3.8359742164611816,-5.5473151206970215,-5.0242156982421875
545,-7.142794609069824,8.24947738647461,6.1930646896362305,-0.5075451135635376,-7.761569976806641,4.164391994476318,-4.627265930175781,-6.312154769897461,-5.087408065795898,-8.134682655334473,-3.862218141555786,-4.150257110595703,-4.72759485244751,4.038308143615723,2.45766019821167,6.791731834411621,10.214412689208984,2.4401731491088867,-11.183833122253418,-5.378455638885498,3.121391637250781e-05,-0.0037929583340883255,-15.699978828430176,-15.688207626342773,-7.599978923797607,5.852875232696533,1.3733316659927368,-0.005028616636991501,-1.8899019956588745,0.976083517074585,-1.5014619827270508,-1.710890769958496,-0.9768468737602234,-2.3950517177581787,-4.482806205749512,-5.283768653869629
546,-8.38155460357666,7.783496856689453,6.666379928588867,-3.315922260284424,-6.455403804779053,4.388875484466553,-4.2436842918396,-4.1451921463012695,3.8780291080474854,-3.905111312866211,-3.0097668170928955,-3.744758129119873,-0.8902153372764587,4.794829845428467,6.395053863525391,6.6586761474609375,5.661834716796875,3.6060969829559326,-14.260821342468262,-8.512822151184082,7.792616367340088,-0.012755012139678001,-15.586945533752441,-15.697920799255371,-6.240635395050049,4.529979705810547,1.6973127126693726,-0.6276384592056274,-1.1513761281967163,1.0951265096664429,-1.5487720966339111,-1.0351366996765137,1.5535669326782227,-0.6460387110710144,-2.9470157623291016,-4.239744663238525
547,-9.22635555267334,7.22696590423584,7.228368282318115,-3.8398056030273438,-6.181459426879883,4.865516662597656,-4.203214645385742,-5.133413791656494,2.856369733810425,5.047723293304443,-2.0769221782684326,-3.0420806407928467,0.6625871658325195,4.162369251251221,9.610626220703125,4.944884777069092,0.5483865737915039,5.664896011352539,-18.072959899902344,-12.238110542297363,-1.649123191833496,8.509218215942383,-12.584007263183594,-15.61937427520752,-5.339807510375977,2.7107672691345215,2.1587257385253906,-0.6674439907073975,-1.284737467765808,1.393149971961975,-2.0130248069763184,-1.737314224243164,6.223176002502441,2.378383159637451,-1.2308201789855957,-3.019444465637207
548,-9.500779151916504,2.755396604537964,5.9879069328308105,-3.730578899383545,-6.970502853393555,3.7148265838623047,-1.6141899824142456,-1.9054402112960815,10.015979766845703,2.9113054275512695,7.714325904846191,-2.0272700786590576,1.3243248462677002,1.9606752395629883,9.512972831726074,1.0421956777572632,-0.21729445457458496,7.268404006958008,-19.791587829589844,-14.371749877929688,-1.5472244024276733,15.802726745605469,6.309256076812744,-13.593268394470215,-3.3159565925598145,0.4264167845249176,1.8408968448638916,-0.6827170848846436,-1.81178617477417,1.0270349979400635,-0.7309665083885193,-0.5263053178787231,6.566442012786865,4.720965385437012,1.8837445974349976,-1.2705568075180054
549,-6.557974338531494,-2.388537883758545,5.341492176055908,-3.0552239418029785,-8.365747451782227,1.1477742195129395,8.241077423095703,6.2468061447143555,9.542670249938965,1.975370168685913,4.0260419845581055,5.818587779998779,-0.7280948758125305,-2.5031373500823975,8.635336875915527,-3.479335069656372,-1.7179079055786133,5.760447978973389,-13.807068824768066,-11.78236198425293,0.1551051139831543,15.705801010131836,15.59648323059082,-2.3488175868988037,-1.427970290184021,-0.7203125357627869,1.5101500749588013,-0.6362329125404358,-3.653442859649658,0.167710542678833,1.4501709938049316,1.1824555397033691,6.75813102722168,5.20137882232666,6.093634605407715,1.2456074953079224
550,-1.6774665117263794,-1.9287089109420776,2.7838761806488037,-0.5397841334342957,-8.420002937316895,0.17439766228199005,16.804279327392578,11.308249473571777,8.388398170471191,2.0149381160736084,4.35206937789917,5.870135307312012,-2.14605712890625,-8.27045726776123,-0.8171620965003967,-7.517189979553223,-3.6182641983032227,3.7975707054138184,-1.6804674863815308,-4.998692512512207,3.5762381553649902,15.702582359313965,15.622469902038574,15.642607688903809,-0.20439040660858154,-0.5197219252586365,0.3749772012233734,-0.04649830982089043,-5.600578784942627,-0.0061663417145609856,3.6437559127807617,2.0111637115478516,6.374770164489746,5.000870704650879,5.880168437957764,5.334381103515625
551,-1.5808123350143433,-0.5889376401901245,4.471889972686768,2.982605218887329,-7.505575656890869,-4.456900119781494,14.131032943725586,11.637879371643066,6.698824882507324,1.9929978847503662,4.223072528839111,4.127922058105469,3.4237866401672363,-6.624999523162842,-0.06839810311794281,-5.719676971435547,-8.51473617553711,-2.0740177631378174,6.399233818054199,2.709967851638794,7.268474578857422,15.669005393981934,15.672080993652344,15.248222351074219,-0.30816614627838135,-0.09862815588712692,0.9592874050140381,0.6204553842544556,-7.263896942138672,-1.160276174545288,3.8846452236175537,2.64872145652771,6.07359504699707,5.1625285148620605,5.291219711303711,5.355623722076416
552,0.009567455388605595,-1.677112102508545,-0.3528125584125519,-1.079003095626831,-5.955406665802002,-6.124833106994629,11.386602401733398,10.840797424316406,4.741789817810059,2.002340793609619,4.22089147567749,4.241598129272461,5.5796589851379395,-6.12071418762207,-0.687656044960022,-7.676616191864014,-11.685699462890625,-6.610626220703125,12.189593315124512,9.18581771850586,12.275702476501465,8.465277671813965,15.632081985473633,15.412576675415039,0.063079833984375,-0.49964097142219543,-0.25419357419013977,-0.42792922258377075,-8.309985160827637,-2.276564359664917,4.169829845428467,3.2013773918151855,5.107875347137451,5.936368465423584,5.37357234954834,5.633194923400879
553,-0.01981220953166485,1.5938163995742798,-4.976744651794434,-2.00066876411438,-5.1696553230285645,-5.317784786224365,9.294366836547852,9.12637710571289,2.388622760772705,4.03326940536499,4.124780178070068,4.216970920562744,8.431411743164062,-3.3386175632476807,-1.4235053062438965,-4.910643100738525,-16.09018898010254,-10.683140754699707,13.532374382019043,11.013448715209961,15.38138198852539,12.309502601623535,15.172460556030273,13.960226058959961,-0.004440426826477051,0.3906795084476471,-1.3116132020950317,-0.6406490802764893,-9.118056297302246,-2.282588243484497,4.409014701843262,3.386536121368408,4.74135684967041,6.419305801391602,5.149656295776367,5.364462852478027
554,-4.299335956573486,2.4401345252990723,-5.212059497833252,-5.711997985839844,-4.176809787750244,-4.934317111968994,10.065515518188477,9.800018310546875,2.048149347305298,2.891719341278076,4.2139739990234375,4.326550006866455,2.9033658504486084,-3.3955726623535156,-3.7549827098846436,-7.689825534820557,-15.941134452819824,-13.686264991760254,15.030299186706543,12.862324714660645,15.537847518920898,14.769827842712402,15.674029350280762,15.63424301147461,-0.9399832487106323,0.48371243476867676,-1.1754651069641113,-1.654179573059082,-9.230021476745605,-2.954294204711914,5.65102481842041,4.1427836418151855,5.877876281738281,6.483083724975586,5.52386999130249,5.599334716796875
555,-0.07356277108192444,3.807126760482788,-7.69174337387085,-7.764915943145752,-4.198194980621338,-4.027503967285156,9.528788566589355,9.265134811401367,2.082735538482666,2.3763365745544434,4.115834712982178,4.219411373138428,-0.23761853575706482,-2.7628231048583984,-6.491450309753418,-11.930513381958008,-17.247478485107422,-15.200645446777344,16.00200843811035,14.171658515930176,15.575387954711914,14.811241149902344,15.661720275878906,15.62561321258545,0.12211978435516357,0.783026933670044,-2.1249094009399414,-2.738757610321045,-10.26723575592041,-2.1997241973876953,5.811622619628906,4.303986072540283,5.399225234985352,6.520159721374512,5.025774002075195,5.2082014083862305
556,-4.732785224914551,3.6372828483581543,-6.014682769775391,-6.23246431350708,-3.835134983062744,7.793681621551514,8.617414474487305,8.410196304321289,2.02978253364563,3.0208115577697754,3.953237295150757,3.9680023193359375,-4.970996856689453,-4.415076732635498,-9.380204200744629,-16.7208194732666,-17.551250457763672,-11.208545684814453,16.389421463012695,14.551260948181152,15.619976997375488,11.303060531616211,15.675782203674316,15.654541015625,-1.4909424781799316,0.6802378296852112,-1.6593009233474731,-2.6506869792938232,-6.718838691711426,2.3061676025390625,5.001142501831055,3.9425220489501953,6.3476128578186035,5.967010974884033,4.705879211425781,4.621677398681641
557,-6.187510013580322,7.938251495361328,0.8099210262298584,-2.3310019969940186,8.45765495300293,10.773117065429688,0.02722318097949028,1.5849460363388062,1.998866319656372,5.707077980041504,17.25541877746582,3.4863407611846924,-6.789292812347412,-4.761317729949951,-8.189993858337402,-18.46674156188965,-12.168185234069824,-4.5389862060546875,19.55883026123047,12.323103904724121,13.586531639099121,3.962907552719116,-0.0003346651792526245,15.51196575164795,-2.941072940826416,2.0827016830444336,0.46174725890159607,-0.9507494568824768,2.7413957118988037,6.042259693145752,-0.6972924470901489,0.06584742665290833,5.420205116271973,3.98197603225708,4.347535610198975,3.547914505004883
558,-7.7739458084106445,8.692056655883789,9.643293380737305,14.182840347290039,10.36023998260498,9.041214942932129,-25.85818099975586,-17.403362274169922,-7.819592475891113,-4.643143177032471,10.055947303771973,3.2002220153808594,0.9072238206863403,1.5800256729125977,-0.10565721243619919,-6.678426265716553,0.29411181807518005,1.8563222885131836,9.635997772216797,3.25677227973938,-9.108992576599121,-10.938305854797363,-0.06249484419822693,14.115249633789062,-5.500704765319824,3.7744240760803223,2.100233793258667,2.844273567199707,7.1573567390441895,5.896942615509033,-6.408217906951904,-4.271972179412842,-4.789825916290283,-10.659372329711914,1.8221486806869507,3.1002888679504395
559,-10.210577011108398,8.017178535461426,6.184468746185303,6.718353748321533,8.566776275634766,7.820541858673096,-19.460268020629883,-10.223751068115234,-2.839045286178589,-3.6555657386779785,13.943103790283203,15.879707336425781,3.4143404960632324,3.7220427989959717,4.086683750152588,-0.8648243546485901,1.9197310209274292,3.840303421020508,2.2263636589050293,3.1630101203918457,-12.60399341583252,-12.598420143127441,0.01117880828678608,-0.15831473469734192,-4.978744983673096,3.2059662342071533,1.3502473831176758,1.1124213933944702,6.588162899017334,2.9381980895996094,-4.05044412612915,-1.6335201263427734,-4.028196334838867,-7.465356826782227,3.4404666423797607,4.003387451171875
560,-10.502697944641113,7.587719440460205,3.3477227687835693,5.191098690032959,8.430912017822266,5.608259201049805,-6.413628101348877,-7.3577351570129395,-3.0653135776519775,-3.128401517868042,15.434709548950195,12.76282787322998,5.169085502624512,5.64921760559082,6.690976142883301,3.7546956539154053,2.94718861579895,4.075121879577637,-0.6202078461647034,-0.17211143672466278,-13.372763633728027,-13.491836547851562,-0.0006510069943033159,0.0060770162381231785,-4.926868438720703,4.641951084136963,0.7221945524215698,1.0944199562072754,6.425862789154053,1.4550410509109497,-0.8845091462135315,-1.3796532154083252,-4.8660197257995605,-7.012267589569092,3.801668882369995,2.6951169967651367
561,-10.752121925354004,7.322409629821777,-1.2121586799621582,4.776721954345703,8.144238471984863,3.9220800399780273,-2.424398899078369,-4.311252117156982,-2.9995946884155273,-2.902830123901367,14.346378326416016,11.486576080322266,5.113311290740967,5.981453895568848,6.583345413208008,6.290177345275879,3.8647687435150146,3.748810052871704,-1.6620559692382812,-2.21924090385437,-13.640623092651367,-13.951019287109375,-0.0014547936152666807,0.0031567439436912537,-4.975727081298828,4.95631217956543,-0.39224931597709656,1.1900783777236938,5.227687358856201,0.8903176188468933,-0.36180493235588074,-0.8117850422859192,-5.184689521789551,-6.847074031829834,3.269946336746216,2.448943614959717
562,-10.497220993041992,7.482804298400879,-5.695347309112549,4.4556169509887695,7.749919414520264,3.243152141571045,-0.783816933631897,-2.5703561305999756,-2.8683295249938965,-2.7285220623016357,12.290555953979492,10.16483211517334,3.677114725112915,4.8569560050964355,3.6910784244537354,7.095490455627441,5.032840728759766,3.396026849746704,-2.2256007194519043,-3.5673348903656006,-13.955802917480469,-14.248897552490234,-0.0012748190201818943,0.005648305173963308,-4.94432258605957,5.097875595092773,-1.138068675994873,1.1735163927078247,4.313726902008057,0.7413192987442017,-0.10345745086669922,-0.508722722530365,-5.32936954498291,-7.026430130004883,2.621459484100342,2.1153695583343506
563,-10.042182922363281,7.895199298858643,-6.241337776184082,4.418392658233643,7.214344501495361,2.6555378437042236,-0.2435765564441681,-0.920589804649353,-2.721295118331909,-2.629737377166748,9.478238105773926,8.925971984863281,2.160275459289551,3.5995492935180664,0.5076825618743896,7.53746223449707,6.484377861022949,3.1511471271514893,-2.5611307621002197,-4.257116317749023,-14.26461410522461,-14.474859237670898,-0.004126166459172964,0.007463823072612286,-5.174427509307861,5.191574573516846,-1.2342119216918945,1.1954256296157837,3.60843563079834,0.5870866775512695,-0.031087756156921387,-0.14395517110824585,-5.373483180999756,-7.111508369445801,1.8829841613769531,1.82634437084198
564,-9.609127044677734,8.236953735351562,-6.089221954345703,4.035934925079346,6.5124711990356445,2.750309467315674,0.8481651544570923,0.41666939854621887,-2.5939574241638184,-2.541154623031616,3.205211639404297,7.11576509475708,0.6730508208274841,2.6066462993621826,-2.3265836238861084,7.814350128173828,8.176762580871582,3.2025253772735596,-2.4970016479492188,-4.376099586486816,-14.516386032104492,-14.60222053527832,-0.0016840165480971336,0.006881365552544594,-5.436023235321045,5.243478298187256,-1.3082270622253418,1.0862421989440918,2.965329885482788,0.6430062055587769,0.19630247354507446,0.12706565856933594,-5.4761271476745605,-7.050854682922363,0.403006911277771,1.3937053680419922
565,-9.0901517868042,8.577858924865723,-5.862313747406006,3.8328142166137695,5.575515270233154,2.3997833728790283,1.22795569896698,0.7416262030601501,-2.4916977882385254,-2.475954532623291,-2.944366693496704,2.3403382301330566,-1.9467558860778809,-0.8762328624725342,-6.008708953857422,7.008925437927246,8.290163040161133,1.5901155471801758,2.2290523052215576,-4.929204940795898,-15.201953887939453,-14.809125900268555,-15.466948509216309,0.010548334568738937,-5.719924449920654,5.343680381774902,-1.3390998840332031,1.0395255088806152,2.312609910964966,0.5387431383132935,0.29058653116226196,0.14023298025131226,-5.385946273803711,-6.485106945037842,-4.181924343109131,0.2863551378250122
566,-8.57252025604248,9.244867324829102,-2.002880573272705,3.7883245944976807,5.769151210784912,4.62861442565918,-0.24587121605873108,-0.5470137000083923,-2.029710054397583,-2.280592203140259,-4.159090042114258,-2.5034756660461426,-2.6906208992004395,-0.02319064363837242,-6.808985233306885,7.953284740447998,11.20329761505127,2.12410569190979,1.7147910594940186,-0.5720111131668091,-0.0017423629760742188,-14.875460624694824,-15.644548416137695,-15.561887741088867,-6.496086120605469,5.790915489196777,-0.35749295353889465,1.0020900964736938,2.7052462100982666,1.2430672645568848,-0.10619348287582397,-0.15580523014068604,-4.531765460968018,-5.681365013122559,-5.880753993988037,-3.2413415908813477
567,-8.05569076538086,9.169005393981934,1.0425817966461182,1.0022623538970947,4.410091876983643,4.5240020751953125,-4.170680046081543,2.1329238414764404,-9.006275177001953,-2.321751832962036,-4.50852108001709,-3.9861559867858887,-5.067484378814697,0.3279149532318115,-6.857238292694092,9.144196510314941,14.059686660766602,2.1161019802093506,-0.4272909462451935,-0.5157942175865173,0.00014866760466247797,-15.217053413391113,-15.569002151489258,-15.597183227539062,-7.035512924194336,6.3042893409729,0.2987269461154938,0.14428173005580902,2.061929702758789,1.0776467323303223,-0.9734581112861633,0.5207535028457642,-3.9733242988586426,-5.604239463806152,-6.156312942504883,-5.37660551071167
568,-7.181887149810791,9.113081932067871,1.7910312414169312,-0.8997324109077454,2.200829029083252,4.787614822387695,-3.5189342498779297,1.212342619895935,-8.852863311767578,-9.165021896362305,-4.570801734924316,-4.2143707275390625,-9.226643562316895,0.6841856837272644,-6.4411540031433105,9.884963035583496,16.577394485473633,2.5204644203186035,-2.554516077041626,-0.43085339665412903,0.00018114826525561512,-0.006927061825990677,-15.527109146118164,-15.589702606201172,-7.033751010894775,6.672475814819336,0.31835129857063293,-0.21563400328159332,0.810967743396759,1.2152581214904785,-0.7318931221961975,0.2053545117378235,-3.496424436569214,-5.165043830871582,-5.971286773681641,-5.30481481552124
569,-6.163027286529541,9.007190704345703,5.828079700469971,-4.728017330169678,-7.167586803436279,2.5057373046875,-4.170345783233643,-2.208378553390503,-8.502300262451172,-8.993816375732422,-4.425457000732422,-4.07853364944458,-9.377206802368164,1.0341988801956177,-4.632370948791504,9.607227325439453,11.398953437805176,2.3678536415100098,-4.978560924530029,-1.7741787433624268,0.00010313402162864804,0.0059798769652843475,-15.57562255859375,-15.629517555236816,-6.544966697692871,6.16008186340332,1.1330314874649048,-0.8315176367759705,-1.6590704917907715,0.45390015840530396,-1.007880449295044,-0.592055082321167,-2.8604605197906494,-3.687736988067627,-5.585654258728027,-4.906152725219727
570,-6.893691539764404,8.696881294250488,8.083621978759766,-5.638795375823975,-6.31682014465332,4.075923919677734,-5.7642693519592285,-3.4839069843292236,-6.164917945861816,-8.392196655273438,-4.016631126403809,-3.880735397338867,-4.815690517425537,2.333803415298462,-0.42757582664489746,5.051147937774658,6.786923408508301,1.6630938053131104,-8.598210334777832,-3.3374788761138916,-8.397308556595817e-05,0.07070253789424896,-15.636758804321289,-15.261543273925781,-5.652195930480957,5.4375152587890625,1.629486322402954,-0.9435999393463135,-1.0917305946350098,1.048676609992981,-1.6484606266021729,-0.8286071419715881,-1.3372278213500977,-2.7180404663085938,-4.856420516967773,-4.617623329162598
571,-8.16018009185791,8.219700813293457,6.772031784057617,-2.4302361011505127,-5.843314170837402,5.409568786621094,-5.968434810638428,-5.583222389221191,2.2116575241088867,-6.423310279846191,-3.5579674243927,-3.900174379348755,-2.3885509967803955,3.4917423725128174,3.7212271690368652,5.475090026855469,5.265574932098389,3.2302627563476562,-12.388837814331055,-6.793760299682617,3.12290358543396,-0.007349373772740364,-15.694035530090332,-15.698400497436523,-5.95712947845459,4.784746170043945,1.4752109050750732,-0.3225374221801758,-1.089034080505371,1.4863061904907227,-2.0138278007507324,-1.4930648803710938,0.8232726454734802,-1.4467169046401978,-3.8785812854766846,-4.702188014984131
572,-8.820709228515625,7.903003215789795,7.290561676025391,-3.4091105461120605,-7.091829776763916,4.313131332397461,-5.382264614105225,-5.174961090087891,4.277649879455566,2.727952718734741,-2.651445150375366,-3.60440993309021,1.5689798593521118,3.4996819496154785,7.431124210357666,4.884105682373047,2.3134231567382812,4.545388698577881,-16.404767990112305,-10.57494068145752,-2.457268714904785,3.026909112930298,-14.753877639770508,-15.60689640045166,-5.574423789978027,3.5942177772521973,1.93975031375885,-0.616500973701477,-1.625525712966919,1.0565695762634277,-2.2672629356384277,-1.5348892211914062,4.608485221862793,0.9830970764160156,-2.482110023498535,-4.011882305145264
573,-9.781301498413086,6.461396217346191,6.246065616607666,-2.4359331130981445,-6.971518516540527,4.2144575119018555,-3.775749921798706,-3.529642105102539,10.18938159942627,4.374775409698486,-1.1887785196304321,-2.735297918319702,1.8474467992782593,3.169053316116333,9.882030487060547,3.1911046504974365,0.8375268578529358,6.50620698928833,-19.13423728942871,-13.450124740600586,-2.3343358039855957,13.270042419433594,-9.840944290161133,-15.307846069335938,-4.716813087463379,1.809963345527649,1.8503623008728027,-0.4005850553512573,-1.701629877090454,1.1901113986968994,-1.9731340408325195,-1.1470155715942383,6.070327281951904,3.092226982116699,-0.277677059173584,-2.5668182373046875
574,-8.90688705444336,0.4298582971096039,6.631497859954834,-2.5654239654541016,-8.320816040039062,1.8194172382354736,-1.1411796808242798,-1.440797209739685,10.133539199829102,1.9399218559265137,8.301682472229004,-1.4469313621520996,0.18257269263267517,0.35720545053482056,8.835288047790527,-0.2715355157852173,-0.08586323261260986,5.7189555168151855,-20.075098037719727,-15.221514701843262,-1.78282630443573,15.961185455322266,15.625171661376953,-11.885560035705566,-2.869899272918701,-0.16616535186767578,2.024677276611328,-0.49889427423477173,-2.823486566543579,0.3633885383605957,-0.48672741651535034,-0.43814194202423096,7.071206092834473,4.942593574523926,3.7954719066619873,-0.5886539220809937
575,-3.5870752334594727,-2.560295343399048,4.608382225036621,-2.5814261436462402,-8.903595924377441,1.4124561548233032,8.57662296295166,7.50341272354126,9.502592086791992,1.9821070432662964,4.193784236907959,9.178220748901367,-0.5488331913948059,-1.5623034238815308,9.228354454040527,-1.8756554126739502,-1.9579589366912842,4.229980945587158,-12.04182243347168,-11.520792007446289,0.8138018250465393,15.673209190368652,15.576251029968262,8.51569652557373,-0.5502927303314209,-0.6732437014579773,1.2346177101135254,-0.5519315004348755,-4.500829696655273,0.31866228580474854,1.521531343460083,1.3596105575561523,6.367586135864258,4.910746097564697,5.842409610748291,2.4913177490234375
576,0.19716529548168182,-3.9632976055145264,1.2884896993637085,-0.22532901167869568,-8.376724243164062,0.7294318675994873,15.037696838378906,10.38377571105957,8.08425521850586,2.0035221576690674,4.28483772277832,3.8108580112457275,-0.48783057928085327,-8.187864303588867,-0.1850271224975586,-6.693310737609863,-4.38283109664917,3.002065658569336,-1.4750730991363525,-4.261092662811279,4.621596336364746,15.488507270812988,15.680420875549316,15.764898300170898,0.18617576360702515,-1.0874706506729126,0.17640551924705505,0.04403345659375191,-6.103159427642822,0.13109469413757324,3.0433125495910645,1.8393456935882568,6.4510178565979,5.236002445220947,5.666521072387695,5.245233058929443
577,-1.6197718381881714,-1.6501686573028564,3.5802390575408936,2.7659847736358643,-7.161599159240723,-4.275835990905762,13.02604866027832,10.542654037475586,6.26983118057251,2.00251841545105,4.1536946296691895,5.9218878746032715,4.0478057861328125,-7.459832191467285,-0.07441951334476471,-7.311378002166748,-7.857850074768066,-2.815410852432251,5.7877631187438965,2.546222686767578,7.803381443023682,4.213557243347168,15.695473670959473,15.172591209411621,-0.3717327117919922,-0.36033356189727783,0.7989151477813721,0.540073037147522,-7.3019890785217285,-1.171997308731079,3.4022481441497803,2.3463358879089355,6.259843349456787,5.260836601257324,5.254423141479492,5.321579933166504
578,-1.5013210773468018,0.7479373216629028,-2.587855577468872,1.4493298530578613,-6.299578666687012,-4.226948261260986,10.185569763183594,9.476714134216309,4.828392028808594,4.684678077697754,4.0506591796875,4.18265962600708,5.78045654296875,-8.763964653015137,-1.3743669986724854,-7.819613456726074,-10.888819694519043,-8.190144538879395,10.256756782531738,7.44149112701416,11.269999504089355,12.826848983764648,15.678232192993164,15.586912155151367,-0.24890577793121338,0.22454357147216797,-0.7698217630386353,0.19372810423374176,-8.094023704528809,-1.2596584558486938,3.257964849472046,2.5816969871520996,4.989707946777344,5.55631685256958,4.956162929534912,5.034571170806885
579,2.2619733810424805,1.7196283340454102,-3.0798072814941406,-1.574724555015564,-5.423207759857178,-4.765316009521484,10.442505836486816,9.573604583740234,2.8137331008911133,2.6279637813568115,4.648066997528076,4.3028364181518555,7.345640659332275,-8.24968147277832,-3.5316760540008545,-8.012547492980957,-15.074295997619629,-11.471440315246582,12.894990921020508,10.30314826965332,15.56814193725586,15.217743873596191,15.680315971374512,15.67292594909668,0.7981616258621216,0.29728806018829346,-0.7078061103820801,-0.5521115064620972,-9.767529487609863,-2.099276304244995,4.6095757484436035,3.2394189834594727,4.878190040588379,6.500494480133057,5.441392421722412,5.686978816986084
580,-2.9809670448303223,4.857487201690674,-4.452994346618652,-4.366618633270264,-4.260492324829102,-4.5616135597229,10.39050006866455,10.13327407836914,2.0885941982269287,2.604389190673828,4.574756145477295,5.298890113830566,5.901440143585205,-3.11942720413208,-2.5984580516815186,-5.721303462982178,-16.422361373901367,-13.026162147521973,13.97355842590332,11.814148902893066,15.604632377624512,13.549927711486816,15.693249702453613,15.450539588928223,-0.7239373922348022,1.013049840927124,-1.088993787765503,-1.3136035203933716,-10.063867568969727,-2.2721590995788574,5.483469009399414,4.17758321762085,5.605712890625,6.664538383483887,5.332014083862305,5.759129047393799
581,-2.1487419605255127,4.625471591949463,-7.408906936645508,-8.023530960083008,-3.9908194541931152,-4.107823371887207,9.979585647583008,9.932120323181152,2.017887592315674,2.9452013969421387,4.093342304229736,4.252697467803955,0.7951692938804626,-2.8159422874450684,-5.348208904266357,-9.929189682006836,-17.725046157836914,-14.582094192504883,15.369277000427246,13.612581253051758,15.66972827911377,13.864206314086914,15.697833061218262,15.622354507446289,-0.37439262866973877,0.9183164834976196,-1.9411706924438477,-2.582963228225708,-10.757047653198242,-2.1509392261505127,5.710542678833008,4.511375904083252,5.426567077636719,6.333437442779541,5.118605136871338,5.272711753845215
582,-2.784449577331543,4.321265697479248,-7.167452335357666,-7.419908046722412,-3.646296739578247,2.9384570121765137,9.243620872497559,9.316640853881836,2.017364978790283,3.061580181121826,3.971593141555786,4.031844139099121,-3.7622408866882324,-4.115630626678467,-8.123035430908203,-14.898553848266602,-17.905134201049805,-12.843844413757324,18.137027740478516,14.714593887329102,15.647138595581055,12.404868125915527,9.151187896728516,15.566719055175781,-0.6598036885261536,0.8194004893302917,-2.001065254211426,-2.9156789779663086,-8.93794059753418,0.8145956993103027,5.54738712310791,4.634332180023193,6.03972864151001,6.160107612609863,4.813671112060547,4.776263236999512
583,-5.844311714172363,7.917248725891113,-1.810083031654358,-4.290050506591797,-1.8087104558944702,10.608993530273438,1.9644583463668823,4.693943977355957,2.0070297718048096,4.91108512878418,16.05438995361328,3.581275224685669,-7.0377888679504395,-5.463559150695801,-8.72662353515625,-18.199546813964844,-16.5733699798584,-6.279513835906982,19.999845504760742,13.779138565063477,15.69593620300293,5.8350934982299805,-0.0024650245904922485,15.548633575439453,-2.450563907623291,2.0107150077819824,-0.24698203802108765,-1.947597622871399,-0.6967375874519348,5.455691814422607,0.7503429055213928,1.5108153820037842,6.40939998626709,4.9309587478637695,3.7712745666503906,3.7256741523742676
584,-6.848903179168701,9.094264030456543,7.3707122802734375,5.646840572357178,10.327256202697754,9.3856840133667,-23.29458999633789,-13.086390495300293,1.2612340450286865,-4.867782115936279,8.993725776672363,3.037222146987915,-3.3097689151763916,2.2499680519104004,-4.117434501647949,-14.202736854553223,-9.293771743774414,4.030523300170898,11.727137565612793,11.950067520141602,11.116901397705078,-15.662014961242676,0.005646360106766224,-0.017901955172419548,-4.26485013961792,3.0943362712860107,1.5703363418579102,1.2577582597732544,7.151459217071533,6.005549907684326,-5.376260280609131,-2.9699530601501465,1.1613601446151733,-3.5122101306915283,1.58696448802948,3.088015079498291
585,-8.98819351196289,6.292420864105225,10.533350944519043,10.512351989746094,9.548232078552246,7.730057716369629,-20.39252471923828,-14.921198844909668,-6.544637203216553,-2.8189001083374023,11.9453763961792,14.411766052246094,1.5878065824508667,2.0574560165405273,2.9921960830688477,-5.220335483551025,0.8733804225921631,2.1810977458953857,4.181826591491699,5.507115364074707,-10.663816452026367,-8.48948860168457,0.03267047926783562,-0.04687323421239853,-4.379490852355957,1.8484477996826172,2.46883487701416,1.8661104440689087,8.934687614440918,3.6717886924743652,-4.11131477355957,-2.6617085933685303,-4.697174549102783,-12.062484741210938,2.7742953300476074,3.392671585083008
586,-9.994729995727539,7.702972412109375,4.498867034912109,5.821591854095459,8.703250885009766,7.451791763305664,-12.267480850219727,-12.191874504089355,-3.174450159072876,-3.880995750427246,14.482274055480957,12.68191146850586,4.378710746765137,4.533254146575928,6.62483549118042,1.1773813962936401,1.8791307210922241,3.5318379402160645,-0.7318546175956726,0.09686990827322006,-12.981884956359863,-13.382267951965332,0.0006220734212547541,0.04619133844971657,-3.935312271118164,3.992429494857788,0.9120258092880249,1.0288785696029663,7.4567975997924805,2.411797523498535,-2.3389968872070312,-2.4166719913482666,-4.821317672729492,-8.090569496154785,3.539585590362549,2.7436156272888184
587,-10.589618682861328,7.482110500335693,1.4331105947494507,5.481392860412598,8.558077812194824,5.176105499267578,-5.432812213897705,-5.935196876525879,-3.1589221954345703,-2.980778932571411,14.947772026062012,12.092814445495605,5.377689838409424,5.768582344055176,7.905526638031006,5.23493766784668,2.393725872039795,3.78559947013855,-3.002293109893799,-2.816525936126709,-13.235000610351562,-13.731608390808105,-0.000799570232629776,0.004023925866931677,-4.517268180847168,4.752046585083008,0.24503427743911743,1.2912362813949585,6.702747344970703,1.2622469663619995,-0.9550160765647888,-1.0809836387634277,-5.122414588928223,-6.954814434051514,3.5623176097869873,2.6446633338928223
588,-10.632041931152344,7.382640838623047,-3.306703567504883,4.733870983123779,8.367533683776855,3.7614545822143555,-1.2141896486282349,-3.04054856300354,-3.0436549186706543,-2.8219122886657715,13.870450019836426,10.988675117492676,4.745985507965088,5.505078315734863,6.451471328735352,7.040382385253906,3.215982437133789,3.597217559814453,-3.784726858139038,-4.390481472015381,-13.617390632629395,-14.081402778625488,-0.0028933179564774036,0.0018016424728557467,-4.344030857086182,4.923258304595947,-0.7095673084259033,1.218031406402588,5.69304084777832,0.8518815040588379,-0.10489238798618317,-0.5897574424743652,-5.3426432609558105,-7.110360145568848,3.1239235401153564,2.3300819396972656
589,-10.31083869934082,7.646559715270996,-5.993932247161865,4.548353672027588,8.015907287597656,3.217055320739746,-0.3708338439464569,-1.3989005088806152,-2.873807668685913,-2.691744327545166,11.607704162597656,9.695374488830566,3.3877060413360596,4.323636531829834,3.290465831756592,7.604130268096924,4.402271747589111,3.3904037475585938,-4.232025146484375,-5.269437789916992,-13.946672439575195,-14.301865577697754,-0.0059539382345974445,0.005029709078371525,-4.432265758514404,5.033099174499512,-1.148102045059204,1.2338027954101562,5.09659481048584,0.7399479150772095,-0.04964017868041992,-0.2658231258392334,-5.374330997467041,-7.2216668128967285,2.430448055267334,2.0048112869262695
590,-9.942049980163574,8.010455131530762,-6.116373538970947,4.407872676849365,7.576066017150879,2.8677890300750732,0.5485374331474304,0.6569560766220093,-2.7327229976654053,-2.598285436630249,8.483759880065918,8.302193641662598,2.1130480766296387,3.304234743118286,0.30324089527130127,7.8843278884887695,5.787158489227295,3.3318376541137695,-4.285372257232666,-5.354986190795898,-14.246271133422852,-14.500078201293945,-0.004094632342457771,0.006280586123466492,-4.722925662994385,5.082592010498047,-1.2067270278930664,1.209346055984497,4.532104969024658,0.6555598974227905,0.1306367814540863,0.19637620449066162,-5.381378173828125,-7.2605299949646,1.6408791542053223,1.6767933368682861
591,-9.618613243103027,8.280556678771973,-5.881357192993164,4.197569370269775,7.0547590255737305,2.870331287384033,0.8090258240699768,2.4443023204803467,-2.601532220840454,-2.5293984413146973,-1.2331856489181519,4.681478023529053,-0.8505354523658752,0.2933497428894043,-3.7198476791381836,7.0521135330200195,6.892790794372559,2.6042845249176025,-3.073107957839966,-5.185369968414307,-14.596144676208496,-14.866869926452637,-3.869561195373535,-0.0021579815074801445,-5.059494495391846,5.142247200012207,-1.258721113204956,1.157019853591919,3.988617181777954,0.6756299734115601,0.1506969928741455,0.4786396622657776,-5.330752372741699,-7.040209770202637,-0.6203253865242004,0.8054155111312866
592,-8.592086791992188,9.366005897521973,-4.004496097564697,4.458831787109375,6.774129390716553,5.311262130737305,-1.2497525215148926,-0.9605140686035156,-2.4129228591918945,-2.3857109546661377,-3.4863455295562744,-3.7623753547668457,-2.164571762084961,-0.2728797197341919,-4.988448143005371,7.697795867919922,8.646463394165039,2.273024082183838,-0.3180067539215088,-2.670053482055664,-14.883907318115234,-14.786591529846191,-15.666268348693848,-10.558947563171387,-5.883699417114258,5.9110283851623535,-0.8994255065917969,1.1946531534194946,4.0889105796813965,1.5056593418121338,-0.3222264051437378,-0.34749913215637207,-4.660233497619629,-6.121845245361328,-5.15844202041626,-1.332926630973816
593,-8.789897918701172,9.209219932556152,-0.7114571332931519,2.8945534229278564,6.422109127044678,4.585071086883545,0.008824456483125687,3.4439339637756348,-2.121114492416382,-2.4367024898529053,-4.301159381866455,-3.602262496948242,-1.2489279508590698,0.36921781301498413,-5.044036865234375,8.956032752990723,9.383889198303223,2.5942018032073975,-0.9837654829025269,-0.6158491373062134,-10.959189414978027,-14.91491985321045,-15.56533432006836,-15.564618110656738,-6.180406093597412,5.841966152191162,-0.024129241704940796,0.7348219752311707,3.9296131134033203,1.0642684698104858,0.04920309782028198,0.8455592393875122,-4.445537567138672,-5.511532783508301,-5.7864813804626465,-4.917930603027344
594,-8.320935249328613,9.176477432250977,-0.34445902705192566,1.2056342363357544,5.289957046508789,5.746293067932129,-1.95975661277771,1.6986889839172363,-9.079909324645996,-2.337496757507324,-4.5387091636657715,-4.198616027832031,-3.910325527191162,-0.12550120055675507,-5.443948268890381,9.767690658569336,12.945791244506836,2.5488967895507812,-2.096534252166748,-0.2716708481311798,-0.00035033427411690354,0.06455370783805847,-15.639656066894531,-15.68801212310791,-6.7135138511657715,6.424863815307617,-0.06734535098075867,0.26135051250457764,3.442711353302002,1.5806386470794678,-0.49285227060317993,0.27227532863616943,-4.382983207702637,-5.705994606018066,-6.123969554901123,-5.348325729370117
595,-7.704074859619141,9.081513404846191,3.5211079120635986,-1.059055209159851,4.058339595794678,5.630849838256836,-3.206179141998291,-1.7170850038528442,-8.776959419250488,-9.108447074890137,-4.434667110443115,-4.179664611816406,-6.681499481201172,0.7688596248626709,-4.1931986808776855,10.885597229003906,16.00972557067871,2.778181314468384,-4.041522979736328,-1.5070858001708984,0.00015070155495777726,0.034458503127098083,-15.550285339355469,-15.6039400100708,-6.733088970184326,6.600498676300049,0.7435015439987183,-0.2536745071411133,2.11297607421875,1.4857802391052246,-0.7776690125465393,-0.4854043126106262,-3.276385545730591,-4.386724948883057,-5.682329177856445,-5.171623706817627
596,-7.230043888092041,8.367661476135254,4.7147722244262695,-3.375941276550293,0.2649363875389099,3.3934786319732666,-3.3366522789001465,-1.6975153684616089,-8.36782455444336,-8.94150161743164,-4.483382225036621,-4.028296947479248,-8.264203071594238,3.0813374519348145,-0.8695473670959473,5.128422260284424,16.111173629760742,1.6006742715835571,-6.34663724899292,-1.7396986484527588,0.00012348819291219115,0.01356654241681099,-15.676319122314453,-15.623648643493652,-6.62947416305542,6.329893112182617,0.9501127004623413,-0.6544297933578491,-0.15813025832176208,0.6527315378189087,-0.8438300490379333,-0.3541709780693054,-2.6956417560577393,-3.717345952987671,-5.489306926727295,-4.902565956115723
597,-7.157036304473877,8.078057289123535,5.081351280212402,-0.5269182920455933,-8.996517181396484,4.108184337615967,-4.916640758514404,-6.605437278747559,-5.812952518463135,-8.096602439880371,-3.915266275405884,-4.111976623535156,-3.864835262298584,4.4128546714782715,2.2678520679473877,6.821097373962402,8.36385726928711,2.728487730026245,-9.542231559753418,-5.696703910827637,-0.00018954911502078176,-0.0007213037461042404,-15.691479682922363,-15.68040657043457,-6.962496280670166,5.6606597900390625,1.0861148834228516,0.0037492401897907257,-2.2608439922332764,1.0027930736541748,-1.473757028579712,-1.7943792343139648,-1.2144821882247925,-2.3848814964294434,-4.589799404144287,-5.130863189697266
598,-8.479957580566406,7.742125511169434,5.9997124671936035,-3.0443975925445557,-5.11212682723999,4.3225507736206055,-4.791036128997803,-3.6430091857910156,3.207864761352539,-4.669342994689941,-3.1446118354797363,-3.7357680797576904,-1.7281111478805542,4.776801586151123,5.4228668212890625,6.462968826293945,5.93194055557251,3.888605833053589,-12.781818389892578,-8.583355903625488,5.475261688232422,-0.015242651104927063,-15.690892219543457,-15.697420120239258,-5.812954425811768,4.468549728393555,1.489092469215393,-0.5756258964538574,-0.7954756617546082,1.0944894552230835,-1.6261255741119385,-0.8691290020942688,1.1972020864486694,-0.8605014085769653,-3.152498483657837,-4.237309455871582
599,-8.975311279296875,7.345752716064453,6.744517803192139,-3.3452110290527344,-7.005341529846191,4.416909694671631,-4.788578033447266,-4.553646087646484,3.530643939971924,4.564233779907227,-2.362377882003784,-3.254845142364502,0.18388579785823822,4.069976329803467,8.30484676361084,5.0586371421813965,0.9062867164611816,5.531672477722168,-16.68424415588379,-11.954787254333496,-5.55426025390625,7.2107062339782715,-13.824390411376953,-15.612480163574219,-5.286017417907715,2.91705060005188,1.8981025218963623,-0.5763406753540039,-1.6223349571228027,1.209869146347046,-2.0721778869628906,-1.5156066417694092,5.5602827072143555,1.8725380897521973,-1.7689738273620605,-3.294471263885498
600,-9.618253707885742,4.045490264892578,5.517915725708008,-3.1064693927764893,-6.723799228668213,3.872802734375,-2.547954797744751,-2.187919855117798,10.075201034545898,3.271552562713623,3.145087957382202,-2.3374812602996826,1.4845354557037354,2.9147329330444336,9.28195571899414,1.9736114740371704,0.38057637214660645,7.411526203155518,-19.217899322509766,-14.138073921203613,-1.6473259925842285,15.313638687133789,-3.310237407684326,-14.229756355285645,-3.478402614593506,0.8156594038009644,1.6284658908843994,-0.5523679256439209,-1.6021424531936646,1.1036498546600342,-1.2097914218902588,-0.6682209372520447,6.095911502838135,4.152903079986572,0.8637669682502747,-1.7120648622512817
601,-7.270125865936279,-1.960192322731018,5.624914169311523,-2.9867608547210693,-8.305764198303223,1.1048427820205688,5.250826835632324,3.7681944370269775,9.732061386108398,1.9092215299606323,4.289702415466309,2.216287851333618,-2.961210012435913,-3.7901268005371094,1.4108786582946777,-5.174398899078369,-0.8986973762512207,6.0559492111206055,-15.827994346618652,-13.0263032913208,-0.4443506896495819,15.527680397033691,15.693591117858887,-7.231865882873535,-1.734867811203003,-0.6539095640182495,1.5662604570388794,-0.6143786907196045,-3.5189292430877686,0.1476426124572754,1.0164077281951904,0.7668704986572266,7.016545295715332,5.066072463989258,6.076570510864258,0.689772367477417
602,-1.9696377515792847,-1.3547266721725464,7.442005157470703,-0.03405884653329849,-8.369424819946289,-0.36075809597969055,16.612377166748047,10.458366394042969,8.604679107666016,1.9850337505340576,4.445311069488525,7.619118690490723,-1.5873171091079712,-6.431516647338867,-0.002698224037885666,-5.410655975341797,-2.7915358543395996,3.487372398376465,-4.861733436584473,-7.177570343017578,2.5983312129974365,15.702980995178223,15.576910018920898,15.614675521850586,-0.24582743644714355,-0.3261874318122864,1.5320194959640503,0.10463868081569672,-5.567385673522949,-0.1278764009475708,3.2790136337280273,1.8083844184875488,6.451663017272949,4.844048500061035,6.045212745666504,5.021594047546387
603,-1.3684227466583252,-1.6466349363327026,3.891918659210205,2.4075605869293213,-7.841175556182861,-2.7476437091827393,14.347554206848145,11.984991073608398,7.258954048156738,1.9883052110671997,4.238326072692871,5.910612106323242,3.3968183994293213,-6.3288140296936035,-0.038932543247938156,-7.478316307067871,-6.982016086578369,-0.9724695682525635,4.052916526794434,1.3049991130828857,6.190492630004883,15.682860374450684,15.589221954345703,15.563700675964355,-0.2327204942703247,-0.44120121002197266,0.6477720737457275,0.4571845531463623,-6.974410533905029,-0.6433258056640625,3.4693808555603027,2.5737924575805664,6.12240743637085,4.873050689697266,5.499318599700928,5.311604022979736
604,-0.11200947314500809,-2.703768014907837,0.4074465334415436,1.2698975801467896,-6.569148540496826,-5.670602798461914,11.754805564880371,10.862531661987305,5.386490821838379,2.115906000137329,4.159838676452637,4.336581230163574,7.341079235076904,-5.827394008636475,0.3959192633628845,-6.187408447265625,-10.208353996276855,-5.565493583679199,9.772209167480469,7.874976634979248,10.81074333190918,7.594038486480713,15.922372817993164,15.554771423339844,0.02776157855987549,-0.7900047898292542,-0.051423102617263794,0.17256103456020355,-8.315868377685547,-1.9062124490737915,3.7276408672332764,2.9974730014801025,5.384567737579346,5.55527400970459,5.25302791595459,5.447362899780273
605,-1.822245717048645,0.9917808771133423,-4.384214878082275,-1.1564815044403076,-5.8173394203186035,-5.243720054626465,9.873311996459961,9.496358871459961,3.326746702194214,4.398624420166016,4.156915664672852,4.185761451721191,4.710587501525879,-8.368947982788086,-3.549535036087036,-8.276732444763184,-13.513894081115723,-10.531412124633789,12.6731595993042,11.096153259277344,14.439270973205566,13.240717887878418,15.655991554260254,15.621176719665527,-0.35861873626708984,0.3251873254776001,-1.1460447311401367,-0.3922779858112335,-8.881563186645508,-2.025892496109009,3.843423843383789,3.2523672580718994,4.726968288421631,6.2143096923828125,5.162643909454346,5.329129695892334
606,1.8366750478744507,3.68412446975708,-5.435962200164795,-5.2421674728393555,-4.309443473815918,-4.826968193054199,10.729466438293457,9.896559715270996,2.2437639236450195,3.1749703884124756,4.5329718589782715,5.87383508682251,7.432231903076172,-2.8902084827423096,-2.519476890563965,-5.303931713104248,-16.719074249267578,-12.911079406738281,13.922849655151367,12.369142532348633,15.63989543914795,13.745287895202637,15.659928321838379,15.622476577758789,0.7063503265380859,0.7949278950691223,-1.228408932685852,-1.4553970098495483,-10.307516098022461,-2.414543628692627,5.471170902252197,4.027432441711426,5.157917499542236,6.657217502593994,5.312150955200195,5.738743782043457
607,-5.076571941375732,3.2651422023773193,-6.340776443481445,-6.823091983795166,-4.028955936431885,-4.22023868560791,9.775390625,9.401938438415527,2.0134685039520264,2.5968384742736816,4.132271766662598,4.2448225021362305,0.45161938667297363,-3.085707664489746,-5.436634540557861,-9.77440357208252,-17.40730094909668,-14.922205924987793,15.284224510192871,13.939994812011719,15.663456916809082,14.775861740112305,15.693856239318848,15.61202621459961,-1.3672535419464111,0.6032777428627014,-1.5735807418823242,-2.0470850467681885,-9.79625129699707,-2.37926983833313,5.397531509399414,4.29775333404541,5.793629169464111,6.419591903686523,5.243976593017578,5.355754852294922
608,-0.20309078693389893,3.417426109313965,-7.500289440155029,-7.740317344665527,-3.8237292766571045,-0.2196142077445984,9.263731002807617,9.004410743713379,2.0203027725219727,2.638197422027588,4.000115394592285,4.076217174530029,-3.093942642211914,-3.530581474304199,-8.373905181884766,-14.606399536132812,-18.254390716552734,-14.382332801818848,16.033361434936523,14.85598373413086,15.643668174743652,13.759984016418457,15.666033744812012,15.623639106750488,0.11967718601226807,0.6470310091972351,-2.1896417140960693,-3.1612918376922607,-9.273787498474121,0.19970864057540894,5.512850761413574,4.473687171936035,5.7765607833862305,6.368621826171875,4.870854377746582,4.86435604095459
609,-5.306928634643555,5.700678825378418,-2.9206290245056152,-4.865231037139893,-2.8348512649536133,10.592153549194336,4.7731614112854,5.940579891204834,2.0153212547302246,4.064353942871094,10.263859748840332,3.7040719985961914,-7.504587650299072,-5.451314926147461,-9.464533805847168,-18.718393325805664,-17.81825065612793,-8.141773223876953,20.583524703979492,14.056390762329102,15.68129825592041,7.651189804077148,-0.002165667712688446,15.436688423156738,-2.199915885925293,1.2196800708770752,-0.6240062713623047,-2.2732927799224854,-1.7306267023086548,5.499021053314209,2.30971097946167,2.225278854370117,6.79204797744751,5.326883316040039,4.31273078918457,4.012901306152344
610,-6.4029107093811035,8.922924995422363,7.370367050170898,1.6311132907867432,10.034588813781738,10.053529739379883,-21.727174758911133,-11.62561321258545,1.8510410785675049,-2.3783998489379883,9.48097038269043,3.090237855911255,-5.896303653717041,-0.4659375250339508,-5.820566177368164,-15.927741050720215,-11.874500274658203,1.0104632377624512,13.251561164855957,7.824161052703857,15.074141502380371,-8.28418254852295,-0.004185091704130173,15.387560844421387,-3.779900074005127,2.8504719734191895,1.5985546112060547,0.663966953754425,6.966251850128174,6.561070919036865,-5.066205978393555,-2.7095727920532227,2.7804203033447266,-0.9764178395271301,1.6661931276321411,3.1360397338867188
611,-8.288322448730469,6.798877239227295,9.84831428527832,11.392034530639648,10.43674373626709,8.360447883605957,-21.774341583251953,-14.02807331085205,-7.800941467285156,-4.086887359619141,10.68453598022461,15.934651374816895,2.332084894180298,1.1710751056671143,2.2190353870391846,-5.942955493927002,0.9124712347984314,2.728550910949707,4.702160835266113,5.673938751220703,-8.937652587890625,-12.062561988830566,0.001542974030598998,0.07125852257013321,-3.640186309814453,1.5786046981811523,2.152538537979126,2.0629475116729736,8.673296928405762,4.003592491149902,-4.509781837463379,-2.458007574081421,-3.8892292976379395,-13.176340103149414,2.367579221725464,4.004481792449951
612,-9.90674114227295,7.725279808044434,5.723635673522949,6.142468452453613,8.547460556030273,7.206757545471191,-13.483461380004883,-11.525674819946289,-3.203200578689575,-3.311070442199707,14.66641616821289,13.712485313415527,4.208110809326172,4.268587589263916,6.125428199768066,0.1217440813779831,2.302318572998047,3.5810742378234863,-0.33287209272384644,0.8274218440055847,-12.877388000488281,-13.03396224975586,0.002020342741161585,0.02755221724510193,-4.289013385772705,3.7542922496795654,1.260668158531189,1.0346055030822754,6.795206546783447,2.383150577545166,-2.5975568294525146,-2.215484380722046,-4.098012924194336,-7.115039825439453,3.699758768081665,3.0092649459838867
613,-10.515202522277832,7.454259395599365,1.7399283647537231,5.562374591827393,8.454623222351074,5.245182037353516,-3.5574028491973877,-5.489659786224365,-3.227464199066162,-3.0767815113067627,15.823185920715332,12.932138442993164,5.35059118270874,5.793011665344238,7.946461200714111,4.330599308013916,2.6521658897399902,3.516667366027832,-1.9663658142089844,-1.8811452388763428,-13.073779106140137,-13.629425048828125,-0.0007470021955668926,0.0045660873875021935,-4.1548333168029785,4.389033317565918,0.29111674427986145,1.2562662363052368,6.244815826416016,1.2786585092544556,-0.40833553671836853,-0.9548494219779968,-5.176271438598633,-6.995996952056885,3.9196321964263916,2.867072582244873
614,-10.546157836914062,7.3194780349731445,-3.359790802001953,5.0171685218811035,8.270206451416016,3.864161729812622,-0.4905150532722473,-2.8631412982940674,-3.0947470664978027,-2.8347151279449463,14.622715950012207,11.765048027038574,4.8242082595825195,5.638179302215576,6.724120140075684,6.381774425506592,3.455084800720215,3.2892425060272217,-2.3901207447052,-3.3823797702789307,-13.516599655151367,-14.090378761291504,-0.0037913499400019646,0.001439349027350545,-3.936159133911133,4.591309547424316,-0.7316406965255737,1.2630306482315063,5.240798473358154,0.8693881630897522,0.015953779220581055,-0.5371566414833069,-5.4676008224487305,-6.920536041259766,3.3503201007843018,2.5268263816833496
615,-10.239387512207031,7.601603031158447,-6.367511749267578,4.731509685516357,7.918129920959473,3.2468910217285156,0.059124935418367386,-1.1433937549591064,-2.9230775833129883,-2.6947596073150635,12.480425834655762,10.547140121459961,3.4598641395568848,4.407495975494385,3.4533212184906006,7.078578948974609,4.5329461097717285,3.084695339202881,-2.669725179672241,-4.184022903442383,-13.850893020629883,-14.369168281555176,-0.007162086665630341,0.004320208914577961,-4.001198768615723,4.695554733276367,-1.2190645933151245,1.2489312887191772,4.579681396484375,0.7335163354873657,0.03316482901573181,-0.1922484040260315,-5.535479545593262,-7.04139518737793,2.6672136783599854,2.2139649391174316
616,-9.882026672363281,8.052074432373047,-6.429962635040283,4.488366603851318,7.484961986541748,2.940189838409424,0.47316983342170715,0.6876569390296936,-2.7788448333740234,-2.644705057144165,9.887904167175293,9.37144947052002,2.1599009037017822,3.4326462745666504,0.2564515173435211,7.463626384735107,5.791909694671631,3.1607918739318848,-2.7479825019836426,-4.253097057342529,-14.159574508666992,-14.73586654663086,-0.0022805286571383476,0.005105624441057444,-4.276279926300049,4.746547698974609,-1.2687511444091797,1.2003074884414673,4.029475212097168,0.6629446744918823,0.10124614834785461,0.19331175088882446,-5.58079719543457,-7.109636306762695,1.9874649047851562,1.9330211877822876
617,-9.565245628356934,8.305992126464844,-5.998454570770264,4.068875789642334,6.948287487030029,2.9812631607055664,0.7224758863449097,1.9769508838653564,-2.6463232040405273,-2.5551042556762695,3.690650463104248,7.234478950500488,0.9918267726898193,2.613997459411621,-2.50168514251709,7.7200188636779785,7.200307846069336,3.2703561782836914,-2.663712739944458,-3.732597827911377,-14.435962677001953,-14.782740592956543,-0.0018550443928688765,0.004326629918068647,-4.572144031524658,4.752871513366699,-1.2877185344696045,1.087396264076233,3.4795725345611572,0.6962249279022217,0.14130544662475586,0.3930653929710388,-5.629379749298096,-7.015437602996826,0.5038601756095886,1.406089186668396
618,-8.487421989440918,9.352254867553711,-5.186618804931641,4.044294834136963,6.518318176269531,2.9046103954315186,1.0081168413162231,2.0544354915618896,-2.469295024871826,-2.220156669616699,-2.8477461338043213,2.1195449829101562,-2.7078988552093506,-0.7585702538490295,-6.259985446929932,6.980896949768066,7.819345474243164,2.214681386947632,2.047050952911377,-3.8885154724121094,-14.836877822875977,-15.297545433044434,-15.687087059020996,-0.006593002006411552,-4.878236770629883,4.799803733825684,-1.2934980392456055,1.0300863981246948,2.889085054397583,0.6426913738250732,0.23359644412994385,0.36400657892227173,-5.518070697784424,-6.452048301696777,-3.9995710849761963,0.22886240482330322
619,-8.456964492797852,9.22245979309082,-0.4149038791656494,3.8444771766662598,6.231413841247559,4.701737403869629,-1.7464896440505981,-1.41940438747406,-2.3313465118408203,-2.2920820713043213,-4.127349376678467,-2.6297314167022705,-1.484938383102417,0.5157485008239746,-5.8996686935424805,8.839786529541016,8.842336654663086,2.8907055854797363,0.8266027569770813,0.11220669001340866,-15.473897933959961,-15.032214164733887,-15.61146068572998,-15.629009246826172,-5.8896026611328125,5.446291923522949,0.11632370948791504,1.038736343383789,3.5467734336853027,1.2552387714385986,-0.43849247694015503,-0.398644357919693,-4.484088897705078,-5.657742977142334,-5.7812395095825195,-3.440183162689209
620,-9.127164840698242,9.033586502075195,0.7698427438735962,1.5679398775100708,5.98573112487793,4.250256538391113,-1.5938435792922974,3.011491298675537,-9.055922508239746,-2.327019453048706,-4.39526891708374,-3.943927049636841,-2.7166407108306885,-0.0037330687046051025,-5.784420013427734,9.983671188354492,11.800021171569824,2.5694174766540527,-0.13883236050605774,0.6174284815788269,0.000295167148578912,0.11900466680526733,-15.524038314819336,-15.63527774810791,-6.042912483215332,5.6656036376953125,0.17297980189323425,0.3486902117729187,3.3181865215301514,0.9901053309440613,-0.31259530782699585,0.7807579040527344,-4.700576305389404,-5.593985080718994,-5.805731296539307,-5.001142978668213
621,-8.137900352478027,8.94494915008545,2.8293159008026123,-0.35454806685447693,4.672280311584473,5.829941749572754,-4.375553607940674,-2.144443988800049,-8.954170227050781,-9.133356094360352,-4.470468997955322,-4.150421619415283,-4.700774669647217,1.1479853391647339,-4.984067440032959,11.210930824279785,14.463236808776855,3.8046369552612305,-2.557011365890503,-0.7588267922401428,0.00013764813775196671,0.005902931094169617,-15.551738739013672,-15.59789752960205,-6.34670352935791,6.278298377990723,0.5488751530647278,-0.14925576746463776,2.51662278175354,1.7489731311798096,-1.0435540676116943,-0.6282546520233154,-3.7377872467041016,-4.756255626678467,-5.769717693328857,-5.1199493408203125
622,-7.253897666931152,8.998806953430176,4.4806132316589355,-3.5197842121124268,1.9268897771835327,3.2250313758850098,-4.009047031402588,-0.2972920835018158,-8.789189338684082,-9.099143028259277,-4.363158226013184,-4.035037517547607,-6.545871734619141,2.6420538425445557,-2.5894134044647217,5.240156650543213,16.055034637451172,1.6073819398880005,-5.255101680755615,-0.41857054829597473,0.00018692147568799555,0.10845997929573059,-15.673819541931152,-15.48613166809082,-6.458942413330078,6.231922626495361,0.8470196723937988,-0.6055413484573364,0.6548871397972107,0.6083633303642273,-0.929034411907196,0.007654294371604919,-3.344367265701294,-4.258486270904541,-5.621220588684082,-4.878974437713623
623,-7.158425807952881,8.151385307312012,4.756424427032471,-0.3410823941230774,-5.956324577331543,4.710524559020996,-5.741798400878906,-6.776528358459473,-7.520778656005859,-8.710433006286621,-4.12281608581543,-4.364721298217773,-6.025254249572754,4.240048885345459,0.2963908910751343,6.585422992706299,11.937138557434082,2.4712576866149902,-8.745116233825684,-3.970763921737671,9.779894025996327e-05,0.003966480493545532,-15.680166244506836,-15.516499519348145,-7.252688407897949,6.0597333908081055,0.9538323879241943,0.029735911637544632,-1.283210277557373,1.2242685556411743,-1.6663784980773926,-1.7921314239501953,-1.9691482782363892,-3.1096673011779785,-5.0677337646484375,-5.31715726852417
624,-7.990475654602051,7.776333808898926,6.0311102867126465,-2.805013656616211,-8.215837478637695,4.131618976593018,-4.939849853515625,-4.483108043670654,-2.653718948364258,-6.929093837738037,-3.5545761585235596,-3.9486494064331055,-1.5924416780471802,4.706395626068115,3.667503833770752,7.016861438751221,6.244524002075195,3.135411024093628,-12.116751670837402,-7.269103050231934,-0.00038342177867889404,-0.017276395112276077,-15.69603157043457,-15.698254585266113,-6.1398539543151855,4.988155364990234,1.4026639461517334,-0.5332232713699341,-1.7344145774841309,0.9716293215751648,-1.5760293006896973,-1.0577642917633057,-0.3494367003440857,-1.6519893407821655,-3.8526771068573,-4.740867614746094
625,-9.062103271484375,7.58711576461792,5.942946910858154,-2.9046289920806885,-5.136472702026367,4.814182758331299,-5.052141189575195,-3.8569397926330566,4.990030288696289,-1.5211926698684692,-2.884190559387207,-3.6184377670288086,-0.44730767607688904,4.150081157684326,6.274202346801758,5.899363040924072,4.2355756759643555,4.204728603363037,-15.67926025390625,-10.227932929992676,10.226604461669922,0.0012253946624696255,-15.332704544067383,-15.614139556884766,-5.744287490844727,3.870173692703247,1.5217870473861694,-0.481847882270813,-0.8621348738670349,1.3220813274383545,-2.0592682361602783,-1.1020030975341797,2.651153087615967,-0.09877839684486389,-2.769120454788208,-4.024765491485596
626,-9.282343864440918,6.77281379699707,7.137868404388428,-3.787811756134033,-7.111098766326904,4.768748760223389,-4.465218544006348,-5.0594916343688965,2.2077457904815674,5.32067346572876,-1.6934473514556885,-2.86889386177063,3.0413949489593506,3.825207471847534,9.586596488952637,4.260341644287109,-0.3412134647369385,6.440659046173096,-19.384775161743164,-14.019851684570312,-1.4154162406921387,10.204161643981934,-11.068673133850098,-15.231352806091309,-4.807565689086914,2.1279473304748535,2.1608119010925293,-0.6852929592132568,-1.7569196224212646,1.3765376806259155,-2.417858839035034,-1.8949589729309082,6.710686683654785,3.0192582607269287,-0.6935459971427917,-2.732658863067627
627,-9.277260780334473,1.3485468626022339,6.182608127593994,-3.398757219314575,-7.070232391357422,3.206173896789551,-1.7712560892105103,-1.4775348901748657,10.029047966003418,2.4422216415405273,8.75512409210205,-1.8213520050048828,0.7659207582473755,0.975527822971344,8.410972595214844,-0.10848739743232727,0.07866251468658447,7.323031902313232,-20.53019905090332,-15.801410675048828,-1.709259271621704,15.90844440460205,12.746603012084961,-12.206884384155273,-3.120542049407959,0.05837840586900711,1.7987297773361206,-0.6340359449386597,-1.8829550743103027,0.8588821887969971,-0.9115697145462036,-0.3867154121398926,6.671359539031982,4.820242404937744,2.835163116455078,-0.8680323362350464
628,-5.2389750480651855,-2.546765089035034,5.015257835388184,-2.867197275161743,-8.400579452514648,1.2981799840927124,4.828921318054199,5.758864402770996,9.541997909545898,1.9804965257644653,4.08486795425415,7.639049530029297,-0.6430469751358032,-3.527493715286255,8.104353904724121,-3.8558261394500732,-0.9678553342819214,5.895594120025635,-15.468783378601074,-13.824117660522461,0.026850461959838867,15.70183277130127,15.581255912780762,4.298123359680176,-0.9955514669418335,-0.7205798029899597,1.3434768915176392,-0.6136378049850464,-3.8585526943206787,0.23539960384368896,0.9359278082847595,1.0402617454528809,6.435519218444824,5.042995452880859,5.876930236816406,1.7932966947555542
629,-1.7449172735214233,-1.9904065132141113,2.4435226917266846,-0.3405124545097351,-8.547542572021484,0.2318357229232788,16.75965118408203,11.640837669372559,8.578554153442383,1.992638349533081,4.36501407623291,3.9075260162353516,-2.072362184524536,-8.782636642456055,-0.011223968118429184,-8.072299003601074,-3.093259334564209,3.8911924362182617,-3.6046969890594482,-5.906649589538574,3.0364327430725098,15.683893203735352,15.576875686645508,15.62269115447998,-0.22297942638397217,-0.4849057197570801,0.5180639028549194,0.022233594208955765,-5.823580265045166,0.001783963991329074,3.3479483127593994,2.0232648849487305,6.441449165344238,5.06086540222168,5.891479969024658,5.362804412841797
630,-1.2670924663543701,-0.36462274193763733,3.92779803276062,3.2215678691864014,-7.760660648345947,-4.072916030883789,14.79527759552002,11.695039749145508,7.049285411834717,1.9944956302642822,4.255965232849121,4.153656959533691,2.8388922214508057,-8.255242347717285,-0.028579384088516235,-8.151684761047363,-7.5488057136535645,-1.2111518383026123,4.816125392913818,2.1023387908935547,6.728466987609863,15.646246910095215,15.54939079284668,13.306939125061035,-0.23666656017303467,-0.031210295855998993,0.8186920881271362,0.6465428471565247,-7.292237758636475,-1.0304064750671387,3.8622961044311523,2.5620737075805664,6.067378044128418,5.012418746948242,5.386191368103027,5.413866996765137
631,0.3679283857345581,-1.4672367572784424,1.14931321144104,1.4018739461898804,-6.183498859405518,-6.120633602142334,12.39529037475586,11.374211311340332,4.96234130859375,4.170376777648926,4.1779656410217285,4.5235700607299805,7.307372093200684,-8.673612594604492,-0.02873385138809681,-7.808575630187988,-11.67458724975586,-6.666601181030273,10.528785705566406,7.956808567047119,11.92020320892334,8.807345390319824,15.690364837646484,15.443929672241211,0.15535187721252441,-0.4629907011985779,0.12352702021598816,0.16426695883274078,-8.61691951751709,-2.1993136405944824,4.399550914764404,3.313957691192627,5.425200462341309,5.710794448852539,5.334836006164551,5.64890718460083
632,-3.0650367736816406,4.243238925933838,-3.7016565799713135,-1.695455551147461,-5.361637592315674,-5.693724155426025,10.723394393920898,10.49584674835205,2.875124216079712,4.076689720153809,4.618116855621338,4.752380847930908,4.332255840301514,-6.783638000488281,-2.2421605587005615,-7.542860984802246,-13.807952880859375,-11.233108520507812,14.224536895751953,12.159819602966309,14.729549407958984,12.865378379821777,15.690016746520996,15.702492713928223,-0.6428455114364624,0.9855439066886902,-0.9589563608169556,-0.5563403964042664,-9.246057510375977,-2.8011832237243652,5.140017032623291,4.040279865264893,5.21829891204834,6.469856262207031,5.276587963104248,5.7144927978515625
633,2.627279043197632,3.1040868759155273,-7.235899448394775,-6.051907062530518,-4.484232425689697,-4.819986820220947,10.260618209838867,9.673210144042969,2.241373300552368,3.299286127090454,4.135483264923096,5.050180435180664,6.736501216888428,-2.7772269248962402,-1.8197284936904907,-5.744677543640137,-16.832494735717773,-13.821328163146973,15.083294868469238,13.092121124267578,15.68550968170166,13.85269546508789,15.69963264465332,15.65609073638916,1.014543890953064,0.5596880912780762,-1.6703453063964844,-1.6544195413589478,-10.72967529296875,-2.623905897140503,5.6185479164123535,4.045019626617432,5.092990398406982,6.5494384765625,5.268338203430176,5.649598121643066
634,-4.987599849700928,4.019343852996826,-8.792332649230957,-7.7086181640625,-3.977113723754883,-4.037048816680908,9.377816200256348,9.483755111694336,2.0155725479125977,2.696256160736084,4.123293876647949,4.220848560333252,-0.20082475244998932,-3.0810794830322266,-5.866184234619141,-10.857662200927734,-17.590723037719727,-15.258650779724121,15.979156494140625,14.325758934020996,15.679214477539062,14.31783676147461,15.636807441711426,15.638922691345215,-1.4226984977722168,0.8167386651039124,-2.2801883220672607,-2.454153060913086,-9.750176429748535,-2.265613079071045,5.564111709594727,4.606293201446533,5.60111141204834,6.332117080688477,5.143463134765625,5.330748558044434
635,-1.8040450811386108,4.366435527801514,-7.802306175231934,-7.35122537612915,-3.663983106613159,5.6853156089782715,8.733661651611328,8.770710945129395,2.028104782104492,3.0798676013946533,3.93780779838562,4.022111892700195,-4.633785247802734,-4.3728861808776855,-9.21138858795166,-15.880528450012207,-18.336406707763672,-12.431038856506348,16.427762985229492,14.990984916687012,15.68747329711914,11.75034236907959,15.696467399597168,15.696972846984863,-0.3062896132469177,0.8490831255912781,-2.2609922885894775,-3.1499991416931152,-7.8393073081970215,1.4550176858901978,5.159130573272705,4.33984899520874,5.940615653991699,6.043370723724365,4.703672885894775,4.748398780822754
636,-5.711234092712402,7.938745021820068,-1.212969422340393,-3.499035120010376,5.892005920410156,10.84488582611084,0.9443694949150085,3.3425819873809814,2.0055367946624756,5.452333927154541,17.041913986206055,3.555161476135254,-7.6536383628845215,-5.263527870178223,-9.057897567749023,-18.582294464111328,-14.517985343933105,-5.753769874572754,19.82999610900879,13.370481491088867,15.696381568908691,4.599567890167236,-0.0017475374042987823,15.344167709350586,-2.764472484588623,1.9936292171478271,-0.01834408938884735,-1.5804978609085083,1.507557988166809,6.024384021759033,-0.006809532642364502,0.8631321787834167,6.034808158874512,4.748287200927734,4.2388505935668945,3.760371685028076
637,-7.199312210083008,9.040335655212402,9.460125923156738,10.613718032836914,11.047310829162598,9.328929901123047,-25.82353973388672,-17.07236099243164,-6.172001838684082,-4.785336017608643,9.087489128112793,3.165494680404663,-1.1787755489349365,-0.344210147857666,-2.311748743057251,-10.483013153076172,-2.435175657272339,0.976245641708374,10.179046630859375,9.149200439453125,-1.0004730224609375,-10.68531608581543,-0.07360294461250305,0.2939729690551758,-4.884705066680908,3.8355157375335693,2.046109676361084,2.124760389328003,7.123159885406494,6.280680179595947,-6.6707048416137695,-4.182282447814941,-1.5556185245513916,-6.773517608642578,1.5696680545806885,3.1816811561584473
638,-9.495336532592773,8.455415725708008,7.9769978523254395,7.9135870933532715,8.675259590148926,7.919363021850586,-20.30803871154785,-12.311956405639648,-3.476898431777954,-3.6408474445343018,13.642145156860352,14.772665023803711,2.7265231609344482,3.0140748023986816,3.2886457443237305,-2.82267427444458,2.6426033973693848,3.4612367153167725,2.5378313064575195,3.956324577331543,-13.58615779876709,-12.870180130004883,0.009476406499743462,-0.019018298014998436,-4.909731388092041,3.1747453212738037,1.7186216115951538,1.3152590990066528,6.724062442779541,3.111248254776001,-4.231047630310059,-2.029242992401123,-3.9462151527404785,-7.957929611206055,3.413930654525757,3.4473962783813477
639,-10.363505363464355,7.67401647567749,4.110609531402588,5.721128940582275,8.252520561218262,5.482731342315674,-6.796377658843994,-7.5565009117126465,-3.0049002170562744,-3.16829776763916,15.797715187072754,13.143455505371094,4.982245922088623,5.486447334289551,6.705435276031494,2.505244731903076,3.490776777267456,3.4830591678619385,-0.4136345684528351,0.4798343777656555,-13.350579261779785,-13.456120491027832,-0.000383209902793169,0.0020032236352562904,-4.729135990142822,4.341095924377441,0.8836884498596191,1.1414153575897217,6.060238361358643,1.337902545928955,-0.9501184821128845,-1.3334136009216309,-4.650887966156006,-7.011984825134277,3.978337526321411,2.8903374671936035
640,-10.72488784790039,7.309561729431152,-0.08348298072814941,5.254018783569336,7.9785966873168945,3.621701717376709,-1.913137674331665,-4.415884971618652,-3.0228419303894043,-2.885237216949463,15.054969787597656,11.932615280151367,5.326119422912598,6.204500675201416,7.3486809730529785,5.670094013214111,4.322482585906982,3.165642261505127,-1.2596124410629272,-1.6338456869125366,-13.576348304748535,-14.028594970703125,-0.002297968603670597,0.0033288286067545414,-4.655721664428711,4.834839820861816,-0.20566079020500183,1.2676936388015747,4.922712802886963,0.7756495475769043,-0.21767589449882507,-0.8140571117401123,-5.196503639221191,-6.712062835693359,3.5205037593841553,2.5719757080078125
641,-10.540691375732422,7.4202094078063965,-5.835814952850342,4.729889869689941,7.579776763916016,3.1249492168426514,-0.3670714795589447,-2.8532447814941406,-2.9042627811431885,-2.700441360473633,13.130057334899902,10.56810474395752,3.942615509033203,5.035964012145996,4.469056606292725,6.734910488128662,5.351199150085449,2.932523012161255,-1.7055047750473022,-3.112483501434326,-13.887077331542969,-14.32095718383789,-0.00712583027780056,0.006006901152431965,-4.562367916107178,4.999001502990723,-1.1764369010925293,1.2194674015045166,3.940927028656006,0.7045678496360779,-0.01672995090484619,-0.5694109797477722,-5.427635192871094,-6.900408744812012,2.8592259883880615,2.213038444519043
642,-10.093868255615234,7.899837017059326,-6.456484794616699,4.64185905456543,7.015731334686279,2.4031262397766113,-0.43145203590393066,-1.2067341804504395,-2.7567923069000244,-2.640284299850464,10.602500915527344,9.31138801574707,2.42031192779541,3.554677963256836,1.0746588706970215,7.347644329071045,6.644639015197754,2.7335684299468994,-2.1521291732788086,-3.950277805328369,-14.206911087036133,-14.548301696777344,-0.016058646142482758,0.006726671010255814,-4.820348262786865,5.1249680519104,-1.2539663314819336,1.2420026063919067,3.229818344116211,0.5088423490524292,-0.09504908323287964,-0.2080802321434021,-5.468147277832031,-6.992101669311523,2.1630780696868896,1.9146379232406616
643,-9.663482666015625,8.242768287658691,-6.370553493499756,4.115228176116943,6.274231433868408,2.6435883045196533,0.780815064907074,0.10280180722475052,-2.6284661293029785,-2.5058584213256836,6.6461334228515625,7.732689380645752,0.8839445114135742,2.7025132179260254,-1.9980392456054688,7.694018840789795,8.20177936553955,2.864109754562378,-2.190882682800293,-4.189789295196533,-14.459442138671875,-14.695257186889648,-0.0036861859261989594,0.006703268736600876,-5.075592041015625,5.195918083190918,-1.3544095754623413,1.094971776008606,2.6289710998535156,0.6145285964012146,0.19087082147598267,0.07371824979782104,-5.595911502838135,-7.000415802001953,1.203582763671875,1.5416849851608276
644,-9.18696403503418,8.471734046936035,-5.832562446594238,3.8333253860473633,5.260556221008301,2.228318929672241,0.7682257294654846,0.8349372744560242,-2.5221781730651855,-2.430576801300049,-4.694535255432129,3.471282720565796,-1.0776351690292358,2.3584930896759033,-3.8697562217712402,7.871040344238281,9.869071960449219,3.336942195892334,2.7533109188079834,-4.150751113891602,-15.250405311584473,-14.96557903289795,-15.692774772644043,0.006742788013070822,-5.405218124389648,5.271684646606445,-1.326180338859558,1.0371357202529907,1.9966076612472534,0.4895310699939728,0.15805143117904663,0.17114627361297607,-5.54547119140625,-6.612256050109863,-2.3227293491363525,0.5333360433578491
645,-8.519255638122559,9.218439102172852,-4.383455276489258,4.464349746704102,4.485235214233398,1.1331020593643188,2.842796802520752,2.0049362182617188,-2.004162073135376,-2.2514991760253906,-3.9469966888427734,-3.049410581588745,-2.5803377628326416,-0.05527687072753906,-7.306606292724609,7.6915106773376465,8.705845832824707,2.1329803466796875,2.7975471019744873,0.5535556674003601,-15.65196704864502,-15.47648811340332,-15.637730598449707,-15.693463325500488,-5.62333869934082,5.0696587562561035,-1.111043930053711,1.2026193141937256,1.4389585256576538,0.1964433789253235,0.7173967957496643,0.44193875789642334,-5.0979323387146,-5.750475883483887,-5.942547798156738,-2.1732988357543945
646,-7.907130241394043,9.174891471862793,0.21336349844932556,1.617630124092102,4.709323883056641,4.4554290771484375,-4.571203231811523,0.9807948470115662,-9.137347221374512,-2.1978819370269775,-4.403510093688965,-3.8466973304748535,-4.556121826171875,0.3169041872024536,-7.793056011199951,9.144338607788086,12.589591026306152,2.190605401992798,0.8754616379737854,0.39125099778175354,-0.00018490603542886674,-12.977751731872559,-15.568778038024902,-15.59142017364502,-6.541436195373535,5.82761812210083,0.25459524989128113,0.31248801946640015,2.349614143371582,1.26555335521698,-1.1565625667572021,0.16313177347183228,-4.705909252166748,-5.513049602508545,-6.038566589355469,-5.23752498626709
647,-7.4600605964660645,9.149435997009277,3.388645648956299,-0.4295368492603302,3.2352488040924072,4.079607963562012,-5.22622013092041,0.3481598198413849,-8.88422679901123,-9.195527076721191,-4.494476318359375,-4.124996185302734,-7.680994987487793,1.079283356666565,-6.684335708618164,10.591151237487793,15.791678428649902,2.5959417819976807,-1.8984644412994385,-0.01913592964410782,0.0001370312529616058,0.09143802523612976,-15.565220832824707,-15.617542266845703,-6.763100624084473,6.344362258911133,0.6469740867614746,-0.1620025783777237,1.3385710716247559,0.9241003394126892,-1.1218352317810059,0.04547572135925293,-3.505967617034912,-5.166677951812744,-5.8998613357543945,-5.165267467498779
648,-6.134397506713867,8.824202537536621,5.31689453125,-4.2561421394348145,-4.213433265686035,2.325204849243164,-4.694287300109863,-2.035144567489624,-8.671202659606934,-9.04628849029541,-4.392834663391113,-4.034646034240723,-10.448081970214844,1.4778004884719849,-5.094691753387451,10.31422233581543,13.691927909851074,2.614593505859375,-4.562049388885498,-1.3217411041259766,9.363691788166761e-05,0.011569015681743622,-15.552367210388184,-15.62697982788086,-6.4400248527526855,6.115653038024902,0.9658679962158203,-0.7447025775909424,-0.9597321152687073,0.44936782121658325,-1.0680458545684814,-0.5094826817512512,-3.117743730545044,-3.933307409286499,-5.59023380279541,-4.8384785652160645
649,-7.027594089508057,8.39296817779541,7.694185733795166,-5.424249172210693,-8.442164421081543,3.33581280708313,-5.886880397796631,-4.217161655426025,-6.999760627746582,-8.510035514831543,-4.078009605407715,-3.895061731338501,-4.511359214782715,2.9485561847686768,-0.9105213284492493,4.819339752197266,6.995808124542236,1.943483829498291,-8.137564659118652,-2.7280361652374268,-0.0002076156815746799,0.048632532358169556,-15.70186996459961,-15.68189525604248,-5.706833839416504,5.525295257568359,1.5599937438964844,-0.9954035878181458,-1.8506594896316528,0.7875707149505615,-1.6490497589111328,-0.9902352690696716,-1.6888147592544556,-2.7914657592773438,-5.046738624572754,-4.657927989959717
650,-8.320478439331055,8.072407722473145,6.766228199005127,-2.0350804328918457,-5.4431915283203125,5.248571872711182,-6.325317859649658,-5.765703201293945,0.2953857183456421,-6.999104976654053,-3.5911128520965576,-3.92118239402771,-2.2672951221466064,3.8886749744415283,3.1423048973083496,5.475449562072754,5.61619234085083,3.0185484886169434,-12.029961585998535,-6.423722267150879,0.546276330947876,-0.019014433026313782,-15.693455696105957,-15.693035125732422,-5.769642353057861,4.783848285675049,1.4514230489730835,-0.23823107779026031,-0.9084812998771667,1.4767370223999023,-2.110244035720825,-1.49442458152771,0.3407990336418152,-1.70330011844635,-3.923784017562866,-4.745920181274414
651,-8.764105796813965,7.952846050262451,6.348400592803955,-2.5167455673217773,-6.808894157409668,4.639020919799805,-5.321414470672607,-4.867185592651367,4.9625983238220215,-0.5412840247154236,-2.978097915649414,-3.737903118133545,-0.4048720598220825,3.498445510864258,6.1283392906188965,5.110622882843018,3.5804712772369385,3.7055270671844482,-15.794148445129395,-10.07204818725586,12.141997337341309,-0.0011008437722921371,-15.212993621826172,-15.637996673583984,-5.721956253051758,3.9265429973602295,1.5615525245666504,-0.44399595260620117,-1.4970892667770386,1.1505337953567505,-2.137685775756836,-1.3816750049591064,3.1483945846557617,0.1379900872707367,-2.9671847820281982,-4.301952362060547
652,-10.468189239501953,6.539403915405273,7.20538854598999,-4.148191452026367,-7.610005855560303,4.805802822113037,-4.446218490600586,-5.293853759765625,9.256707191467285,5.389777660369873,-1.3297836780548096,-2.6854214668273926,2.370392322540283,3.008101224899292,8.93565845489502,2.8697261810302734,-0.8489694595336914,6.311947345733643,-19.35283660888672,-14.064302444458008,-1.9749945402145386,10.8389253616333,-10.579294204711914,-15.0822114944458,-4.2168731689453125,1.8773415088653564,2.1729681491851807,-0.7831227779388428,-2.4313042163848877,1.4028151035308838,-2.4224884510040283,-1.972297191619873,6.810028553009033,3.308274269104004,-0.3823551535606384,-2.503727912902832
653,-9.051383972167969,0.7727406620979309,6.976581573486328,-2.4390792846679688,-7.61455774307251,2.7844929695129395,-1.617557406425476,-2.192497968673706,10.144331932067871,2.3004159927368164,8.575634002685547,-1.8548884391784668,0.5888389348983765,1.3645495176315308,8.20655632019043,-0.49915292859077454,0.2051914930343628,7.511576175689697,-20.980226516723633,-16.37960433959961,-1.8972876071929932,15.726221084594727,14.987580299377441,-11.767205238342285,-2.8436279296875,-0.08277129381895065,2.0397963523864746,-0.4204506278038025,-1.9662257432937622,0.6883037090301514,-0.8640127778053284,-0.7374299168586731,7.152133941650391,4.953362941741943,3.300323247909546,-0.8616344928741455
654,-5.387053966522217,-2.2032604217529297,5.523116588592529,-2.3432607650756836,-8.89881706237793,1.0400334596633911,4.115612983703613,5.019176959991455,9.821843147277832,1.9833252429962158,4.152956008911133,7.456196308135986,-1.084800124168396,0.1120913028717041,9.5822114944458,-2.0151000022888184,-1.043308973312378,5.485092639923096,-15.165560722351074,-14.45789909362793,0.06158924102783203,15.70409107208252,15.255855560302734,4.737430095672607,-1.056790828704834,-0.5838598608970642,1.5192375183105469,-0.5089945793151855,-4.13274621963501,0.17955303192138672,0.8147968649864197,0.9548202157020569,6.5506815910339355,4.959597587585449,5.861135005950928,1.79979407787323
655,-0.13698969781398773,-4.367101669311523,2.0951783657073975,-0.11399810016155243,-8.507652282714844,1.4238096475601196,15.06142807006836,10.448718070983887,8.486600875854492,2.0122108459472656,4.337789535522461,3.736516237258911,0.7082107663154602,-5.090127944946289,5.751585960388184,-4.430233001708984,-3.461801052093506,3.9802699089050293,-5.377080917358398,-7.649447441101074,3.541928291320801,15.599533081054688,15.695211410522461,15.749846458435059,0.17281079292297363,-1.1735824346542358,0.42104753851890564,0.06568171083927155,-5.7795634269714355,0.35466253757476807,2.8783674240112305,1.739755392074585,6.479169845581055,5.214043617248535,5.901379108428955,5.3274359703063965
656,-2.231412172317505,-2.430278778076172,1.3368903398513794,2.0570907592773438,-7.805975914001465,-3.183908700942993,13.564019203186035,10.83130931854248,6.939376354217529,1.995231032371521,4.300792694091797,4.0606560707092285,0.12901651859283447,-9.330599784851074,-0.7712708711624146,-6.281867504119873,-5.892263889312744,0.3247002363204956,3.3055732250213623,0.2800162732601166,6.212848663330078,15.6904878616333,15.643718719482422,15.65954303741455,-0.5508533716201782,-0.6403339505195618,0.20429572463035583,0.405156672000885,-6.772130489349365,-0.8148320317268372,3.201136589050293,2.1830716133117676,6.428071022033691,4.973378658294678,5.439066410064697,5.237960338592529
657,2.5071160793304443,-1.176326036453247,1.5950472354888916,2.162670850753784,-6.543850898742676,-5.469252586364746,12.212288856506348,10.1890869140625,5.082359790802002,7.071864604949951,4.191696643829346,4.853898048400879,8.596109390258789,-8.665217399597168,0.025406241416931152,-6.7188401222229,-11.031723022460938,-6.059928894042969,8.401802062988281,5.137404918670654,12.199914932250977,10.48703670501709,15.70542049407959,14.65650749206543,0.8282009363174438,-0.2829144597053528,0.32289645075798035,0.372585266828537,-8.341063499450684,-1.643531084060669,3.789614677429199,2.5781452655792236,5.593116760253906,5.647596836090088,5.1191816329956055,5.405147552490234
658,-2.3991475105285645,0.9292160272598267,-1.6142237186431885,0.5797168016433716,-5.298871040344238,-5.175506114959717,11.218059539794922,10.333854675292969,2.539407253265381,2.9823670387268066,4.299731731414795,4.45144510269165,6.652971267700195,-8.649827003479004,-0.8583077192306519,-7.224729537963867,-14.301666259765625,-10.64172077178955,12.069169998168945,9.228683471679688,15.489593505859375,15.340384483337402,15.701735496520996,15.550058364868164,-0.5702693462371826,0.2374086081981659,-0.44805648922920227,0.04300730302929878,-8.760601043701172,-2.1075849533081055,4.547111511230469,3.263157367706299,5.446516513824463,6.3482255935668945,5.48169469833374,5.651181221008301
659,0.9815096855163574,4.907969951629639,-5.183454990386963,-3.8167049884796143,-4.493338108062744,-4.915853500366211,10.599032402038574,10.184776306152344,2.0826547145843506,2.222321033477783,4.23730993270874,4.34634256362915,7.763888835906982,-3.077916145324707,-0.09239740669727325,-4.4055328369140625,-16.466670989990234,-12.493636131286621,13.507246971130371,11.004589080810547,15.387721061706543,13.606414794921875,15.699355125427246,15.11075210571289,0.35617053508758545,0.9825858473777771,-1.3098779916763306,-1.3025622367858887,-10.030136108398438,-2.6537487506866455,5.603142261505127,4.011111736297607,5.371638774871826,6.686871528625488,5.295485019683838,5.788939952850342
660,-4.85361909866333,4.115140914916992,-8.58188533782959,-7.473921298980713,-4.046242713928223,-4.617491722106934,10.146720886230469,10.41037368774414,2.0215916633605957,2.922591209411621,4.14441442489624,4.25165319442749,0.7856906056404114,-3.316406488418579,-3.91414213180542,-8.867972373962402,-17.455047607421875,-14.293113708496094,15.058134078979492,12.97453784942627,15.664250373840332,14.044711112976074,15.690608978271484,15.636910438537598,-1.1945656538009644,0.7840389013290405,-2.1039981842041016,-2.224336624145508,-9.972926139831543,-2.7948708534240723,5.602747440338135,4.596210956573486,5.676812648773193,6.110837936401367,5.2573699951171875,5.385933876037598
661,0.09111794829368591,4.49188232421875,-8.942648887634277,-8.051254272460938,-3.8428966999053955,-2.2961132526397705,9.577240943908691,9.967169761657715,2.025712728500366,2.833005666732788,3.9959232807159424,4.122961521148682,-2.810535430908203,-3.9637296199798584,-6.645834922790527,-13.726405143737793,-18.438886642456055,-14.66336727142334,20.77765464782715,14.403192520141602,15.673002243041992,13.68394947052002,0.006369590759277344,15.506674766540527,0.18279612064361572,0.8777878880500793,-2.4746620655059814,-3.0596609115600586,-9.766879081726074,-0.7872589230537415,5.86598014831543,5.026666164398193,5.539359092712402,6.280564308166504,4.795402526855469,4.97490119934082
662,-5.412242889404297,7.250683307647705,-4.275899887084961,-5.629239559173584,-3.2038328647613525,9.810192108154297,3.420442581176758,7.011141300201416,2.016497850418091,3.823908567428589,13.947883605957031,3.8141772747039795,-7.117919921875,-5.590572834014893,-8.792945861816406,-17.78969383239746,-17.940462112426758,-9.202982902526855,20.113924026489258,14.487119674682617,15.691699028015137,8.555143356323242,-0.003589184954762459,15.43115520477295,-2.287252426147461,1.6991934776306152,-0.973120927810669,-2.593945264816284,-2.4223787784576416,4.502110958099365,1.8851735591888428,2.841928482055664,6.993381500244141,5.42880392074585,2.965141534805298,4.059344291687012
663,-6.327139854431152,9.62829303741455,3.9889087677001953,-0.3840635120868683,9.838329315185547,10.404475212097168,-20.53936195373535,-9.495243072509766,1.9516043663024902,4.568263530731201,8.561223030090332,3.153042793273926,-5.8655476570129395,-2.9454426765441895,-6.30911922454834,-16.826509475708008,-12.21800708770752,-1.4138009548187256,13.11992359161377,14.541252136230469,15.435493469238281,-1.186664342880249,0.2131635546684265,-0.17037849128246307,-3.527745246887207,3.0026843547821045,0.9776591062545776,0.23106823861598969,6.393352508544922,6.279955863952637,-4.548153877258301,-2.2764368057250977,3.7187390327453613,1.1320555210113525,1.56172513961792,3.2359814643859863
664,-8.100281715393066,8.140432357788086,8.400350570678711,10.883942604064941,10.48723316192627,8.090520858764648,-21.645212173461914,-19.162817001342773,-7.8748884201049805,-2.9050309658050537,9.85318374633789,13.246719360351562,-0.5182256698608398,5.219056606292725,-0.024577461183071136,-7.907571792602539,0.38545840978622437,6.100105285644531,4.898416519165039,6.299431324005127,-7.413665771484375,-15.551102638244629,-0.016308501362800598,0.022165782749652863,-3.8998665809631348,3.1596286296844482,1.7674921751022339,1.9739066362380981,8.787469863891602,5.059726238250732,-4.508902549743652,-3.8288965225219727,-3.2699756622314453,-13.0189790725708,2.1590397357940674,2.9373927116394043
665,-9.694685935974121,6.622992992401123,6.592490196228027,8.349898338317871,8.682439804077148,6.449282169342041,-14.929254531860352,-8.430644989013672,-3.4180264472961426,-3.553506851196289,14.402576446533203,13.853053092956543,3.942965507507324,4.223849296569824,4.756069183349609,-0.4510861039161682,1.8944361209869385,2.906466484069824,-0.9043962359428406,1.9044314622879028,-12.685433387756348,-9.504060745239258,0.018982933834195137,-0.01940591260790825,-3.828166961669922,2.565282106399536,1.486574411392212,1.5308791399002075,7.174038410186768,2.066314220428467,-3.1087522506713867,-1.2687256336212158,-4.161651611328125,-7.9572343826293945,3.6129279136657715,3.2109432220458984
666,-10.47984504699707,7.459251880645752,2.1274712085723877,5.665361404418945,8.557608604431152,5.956915855407715,-3.3289542198181152,-6.53256368637085,-3.2213711738586426,-3.354464054107666,15.888343811035156,12.414505958557129,5.3571600914001465,5.7227020263671875,6.921907901763916,3.98549485206604,2.382795572280884,3.86684250831604,-2.511977195739746,-1.02543044090271,-13.086974143981934,-13.380221366882324,-0.0006491946987807751,0.006492857355624437,-4.128920555114746,4.489015102386475,0.35827988386154175,1.187730312347412,6.609233379364014,1.6512577533721924,-0.31147193908691406,-1.2835719585418701,-5.281355857849121,-7.070721626281738,3.973461151123047,2.688692569732666
667,-10.631561279296875,7.321713447570801,-2.669229745864868,5.099650859832764,8.368826866149902,3.8991291522979736,-1.5055692195892334,-3.4865808486938477,-3.0940005779266357,-2.944349527359009,14.56020450592041,11.549025535583496,5.075760364532471,5.804952621459961,6.089985370635986,6.285931587219238,3.221184253692627,3.6283164024353027,-3.2112677097320557,-2.7655882835388184,-13.514871597290039,-13.862212181091309,-0.0016060672933235765,0.0008476958610117435,-4.105233192443848,4.776460647583008,-0.623846173286438,1.2733700275421143,5.58381986618042,0.860794186592102,-0.26088476181030273,-0.6463895440101624,-5.338893890380859,-6.851222038269043,3.3228371143341064,2.4851269721984863
668,-10.373764991760254,7.527855396270752,-5.845219135284424,4.6086554527282715,8.017155647277832,3.1595094203948975,-0.03252184018492699,-1.4958339929580688,-2.927642583847046,-2.7688825130462646,12.739537239074707,10.40581226348877,3.7956223487854004,4.678960800170898,3.1237146854400635,7.049881935119629,4.326149940490723,3.307347059249878,-3.5215394496917725,-3.686514139175415,-13.834091186523438,-14.148693084716797,-0.0048540569841861725,0.004046652466058731,-4.126308917999268,4.85923433303833,-1.1433442831039429,1.2040932178497314,4.867324352264404,0.7137433886528015,0.05470353364944458,-0.25784462690353394,-5.390745162963867,-7.042769432067871,2.7558767795562744,2.1822991371154785
669,-10.019492149353027,7.911627292633057,-6.177188396453857,4.410676002502441,7.597397327423096,2.8511297702789307,0.5049044489860535,0.047995805740356445,-2.787207841873169,-2.6584997177124023,10.208518028259277,9.148309707641602,2.486876964569092,3.548996925354004,0.06642022728919983,7.435677528381348,5.587673664093018,3.1755309104919434,-3.563821792602539,-3.953237533569336,-14.135771751403809,-14.3891019821167,-0.006817236542701721,0.005329955369234085,-4.3979105949401855,4.923427581787109,-1.2338765859603882,1.1808090209960938,4.302694797515869,0.6493724584579468,0.10890960693359375,0.07409095764160156,-5.415746688842773,-7.144437789916992,2.0684494972229004,1.87630033493042
670,-9.690085411071777,8.328471183776855,-5.8750433921813965,4.024736404418945,7.091615676879883,3.029611587524414,1.0963016748428345,1.5839660167694092,-2.654696226119995,-2.6699376106262207,4.849596977233887,6.974496841430664,-0.12134206295013428,0.962660551071167,-3.927135944366455,6.854146957397461,6.633397102355957,2.6779448986053467,-3.4642016887664795,-3.9770381450653076,-14.481062889099121,-14.91278076171875,0.0008004028932191432,0.005321845877915621,-4.7140278816223145,4.96368408203125,-1.2701592445373535,1.0752118825912476,3.7450199127197266,0.7124009728431702,0.21702221035957336,0.33351290225982666,-5.462795257568359,-7.103684425354004,0.7716051936149597,1.3508707284927368
671,-8.642168998718262,9.395251274108887,-4.176558017730713,4.055991172790527,6.8554534912109375,5.071595668792725,-1.304965853691101,-0.9763933420181274,-2.4739761352539062,-2.4086921215057373,-3.1022613048553467,0.8570927977561951,-2.1909098625183105,-0.7022478580474854,-5.862577438354492,7.321328639984131,7.750833034515381,2.3547863960266113,0.5680621266365051,-4.862698078155518,-14.80622386932373,-14.690789222717285,-15.665360450744629,-0.003530636429786682,-5.4317307472229,5.612812519073486,-0.9783608913421631,1.052625060081482,3.6173465251922607,1.3955947160720825,-0.34166085720062256,-0.32755035161972046,-4.991259574890137,-6.427382946014404,-3.148942470550537,-0.062041640281677246
672,-8.599629402160645,9.23580551147461,-0.5496700406074524,3.78326678276062,6.3628153800964355,4.569188117980957,0.400144100189209,0.8073845505714417,-2.3386166095733643,-2.5115907192230225,-4.027305603027344,-2.783886671066284,-1.1371333599090576,0.611126720905304,-5.45762825012207,8.774981498718262,8.66610050201416,2.8758413791656494,-0.04979075491428375,-0.2724827527999878,-15.509182929992676,-14.85022258758545,-15.584501266479492,-15.607665061950684,-6.012937068939209,5.720108985900879,0.03057655692100525,1.0224707126617432,4.004170894622803,1.072803020477295,0.1445407271385193,0.23594969511032104,-4.307307720184326,-5.657960891723633,-5.621389389038086,-3.59494686126709
673,-9.178905487060547,9.028108596801758,-0.21130745112895966,1.5427258014678955,6.108739376068115,5.0298261642456055,-0.9393349289894104,2.7026822566986084,-9.10744857788086,-2.4373512268066406,-4.411610126495361,-4.071462631225586,-2.6673545837402344,0.18608790636062622,-5.977381706237793,9.406866073608398,11.72242259979248,2.0913612842559814,-0.8169532418251038,0.15556973218917847,0.00030308146961033344,-14.851065635681152,-15.53753662109375,-15.586212158203125,-6.290984153747559,6.096845626831055,-0.036133795976638794,0.3360634446144104,3.5344674587249756,1.3378621339797974,-0.24179834127426147,0.6140885949134827,-4.578372001647949,-5.5387067794799805,-5.880502700805664,-5.257671356201172
674,-8.142784118652344,9.100974082946777,1.6323691606521606,-0.05131614953279495,4.778903961181641,6.31519889831543,-4.125886917114258,0.20420539379119873,-8.877254486083984,-7.294499397277832,-4.582512855529785,-4.296605110168457,-4.84036922454834,0.4020248353481293,-5.618228912353516,10.4406099319458,14.113814353942871,2.337538719177246,-3.0291340351104736,-0.20211927592754364,0.00014156661927700043,-0.007389720529317856,-15.550763130187988,-15.605889320373535,-6.671965599060059,6.7803473472595215,0.3370141088962555,-0.09371329843997955,2.5906364917755127,1.7973532676696777,-1.0244340896606445,-0.053833723068237305,-3.4916863441467285,-5.269510269165039,-5.979154586791992,-5.473577976226807
675,-7.278532028198242,9.085768699645996,4.204272270202637,-3.3009188175201416,2.3932409286499023,4.6905517578125,-3.0091638565063477,-1.2258387804031372,-8.725350379943848,-9.091940879821777,-4.347249984741211,-4.058755397796631,-6.3639044761657715,2.405435562133789,-2.9159841537475586,5.0196614265441895,16.003002166748047,1.718785285949707,-5.392523288726807,-0.2825886011123657,0.00020168998162262142,-0.0031141506042331457,-15.588899612426758,-14.977866172790527,-6.508785247802734,6.580804824829102,0.812248945236206,-0.5889346599578857,0.8915823698043823,1.0645368099212646,-0.6660638451576233,-0.30621281266212463,-3.2215070724487305,-4.275786399841309,-5.592831611633301,-5.050955772399902
676,-7.068539619445801,8.234489440917969,4.800418853759766,-0.2814312279224396,-4.737447738647461,4.554355144500732,-5.040678024291992,-6.9519267082214355,-7.584577560424805,-8.745648384094238,-4.103477954864502,-4.268430709838867,-6.759775161743164,4.0637030601501465,-0.022458907216787338,6.48610782623291,12.989500999450684,2.537809371948242,-8.468606948852539,-3.81225323677063,9.126326767727733e-05,-0.011583313345909119,-15.663567543029785,-15.458446502685547,-7.440827369689941,6.362069129943848,0.9636197090148926,0.03752421215176582,-1.0275553464889526,1.081218957901001,-1.4636404514312744,-1.7864511013031006,-2.0150017738342285,-3.1595520973205566,-5.083774089813232,-5.385275363922119
677,-7.73099946975708,7.794867038726807,6.1572747230529785,-2.806891918182373,-8.942245483398438,3.5537242889404297,-4.496888637542725,-4.690765380859375,-3.2392544746398926,-7.103236198425293,-3.5697271823883057,-3.974552631378174,-2.1934072971343994,4.934101104736328,3.4627153873443604,7.0973896980285645,6.79419469833374,3.344818353652954,-11.635704040527344,-7.214507102966309,-0.04475562646985054,-0.05783724784851074,-15.692021369934082,-15.698064804077148,-6.336002349853516,5.210238933563232,1.4219796657562256,-0.535907506942749,-2.0508692264556885,0.7955058813095093,-1.4007103443145752,-1.1095867156982422,-0.4937146306037903,-1.740761399269104,-3.871267795562744,-4.796178817749023
678,-9.059329986572266,7.5326032638549805,6.246825695037842,-3.274974822998047,-6.254039287567139,4.240355491638184,-4.817556858062744,-3.701270818710327,4.8667988777160645,-1.8001313209533691,-2.760444164276123,-3.5986266136169434,0.5302075147628784,5.068931579589844,6.753080368041992,6.009117603302002,4.121201992034912,4.768869400024414,-15.025337219238281,-9.984506607055664,10.242449760437012,-0.0011441514361649752,-15.103418350219727,-15.69650936126709,-5.778097629547119,4.003602504730225,1.6061716079711914,-0.5533280372619629,-1.140437126159668,1.1374664306640625,-1.8941988945007324,-1.034085988998413,2.524038553237915,-0.15836754441261292,-2.6358482837677,-3.974001407623291
679,-9.406298637390137,6.797037124633789,6.857325077056885,-3.9202191829681396,-7.3738603591918945,4.142905235290527,-4.349339962005615,-4.6999053955078125,2.3461053371429443,5.280716419219971,-1.4397035837173462,-2.7934682369232178,4.502248764038086,3.9999120235443115,9.129286766052246,4.003767490386963,-0.2637641727924347,6.837654113769531,-19.052532196044922,-13.789458274841309,-0.7591737508773804,9.95412540435791,-11.222532272338867,-15.415494918823242,-4.8127288818359375,2.1957695484161377,2.013160467147827,-0.7057466506958008,-1.8306772708892822,1.160845160484314,-2.233684778213501,-1.7155849933624268,6.581055641174316,2.84370493888855,-0.5614301562309265,-2.626676082611084
680,-9.496419906616211,1.840098261833191,7.028252601623535,-3.0820183753967285,-6.811997413635254,2.142040491104126,-1.4125945568084717,-1.3106962442398071,9.89676570892334,2.503903388977051,8.973701477050781,-1.693650722503662,1.408517837524414,2.3981614112854004,8.827108383178711,0.17247650027275085,0.8586070537567139,7.341652870178223,-20.569061279296875,-15.38112735748291,-1.7746529579162598,15.700765609741211,13.807181358337402,-12.285626411437988,-3.548778533935547,0.19137150049209595,2.1272737979888916,-0.5613901615142822,-1.904238224029541,0.49948203563690186,-0.6624909043312073,-0.3178958296775818,6.935892581939697,4.798623085021973,3.1492726802825928,-0.7982116937637329
681,-6.17583703994751,-2.368988275527954,5.079946041107178,-2.4873976707458496,-8.270464897155762,0.428414523601532,7.362843990325928,7.233654022216797,9.564775466918945,1.976615071296692,4.116208076477051,8.398977279663086,-0.989006757736206,-2.1002018451690674,8.655659675598145,-3.3213679790496826,0.4611104726791382,5.14512825012207,-14.015730857849121,-12.643779754638672,-0.643401563167572,15.697765350341797,15.53507137298584,5.447990417480469,-1.3048856258392334,-0.6621626019477844,1.3711678981781006,-0.5165004134178162,-4.1516523361206055,0.020139332860708237,1.3080968856811523,1.2899019718170166,6.419118881225586,4.833512783050537,5.941267967224121,2.026942253112793
682,-1.5607521533966064,-2.199449062347412,2.9736568927764893,-0.014809048734605312,-8.566617965698242,0.09355861693620682,16.68227767944336,11.423215866088867,8.579691886901855,2.0666446685791016,4.307192802429199,3.6447699069976807,-2.1703152656555176,-7.752634048461914,-0.40219220519065857,-7.50413179397583,-2.8312413692474365,3.1228785514831543,-2.259268045425415,-4.668701648712158,2.8842086791992188,15.687758445739746,15.626502990722656,15.648492813110352,-0.18721747398376465,-0.6036377549171448,0.43719038367271423,0.09528665244579315,-6.219764709472656,0.0054030390456318855,3.546910047531128,2.0081264972686768,6.330285549163818,4.9151835441589355,5.892473220825195,5.289430618286133
683,-1.379304051399231,-1.1569026708602905,4.09765625,3.4434103965759277,-7.736772537231445,-4.439596652984619,14.16447639465332,11.088894844055176,7.026869297027588,2.0095462799072266,4.3230204582214355,4.622259140014648,2.545757532119751,-5.5955810546875,-0.026053737848997116,-6.653285026550293,-6.928811073303223,-3.2533786296844482,6.61943244934082,3.812044382095337,6.747636318206787,0.2112741470336914,15.656420707702637,13.319747924804688,-0.265852689743042,-0.23641997575759888,0.8765261173248291,0.7209362983703613,-7.581108570098877,-1.1897413730621338,3.9112017154693604,2.5535879135131836,6.089557647705078,4.9474568367004395,5.409723281860352,5.429617881774902
684,-1.3271902799606323,0.34226828813552856,-2.9034676551818848,2.090655565261841,-6.589249610900879,-3.729219436645508,9.933870315551758,9.206790924072266,5.22986364364624,5.852527141571045,4.083355903625488,4.365375995635986,5.52879524230957,-7.4729509353637695,-1.3129570484161377,-6.276412487030029,-10.316359519958496,-8.737646102905273,10.659565925598145,7.924820423126221,10.63335132598877,10.807455062866211,15.571866035461426,15.629720687866211,-0.22155380249023438,0.12211216241121292,-0.8583874702453613,0.29722490906715393,-8.269055366516113,-1.0741338729858398,3.209998846054077,2.5576415061950684,4.924989700317383,5.335803508758545,5.001899719238281,4.949070453643799
685,2.2634105682373047,0.6271165609359741,-2.5982189178466797,-1.6244090795516968,-5.472588539123535,-4.553144931793213,10.211939811706543,9.340351104736328,2.9998292922973633,3.136911392211914,4.214788913726807,4.266890048980713,6.9883928298950195,-8.030227661132812,-3.362393379211426,-7.210690498352051,-14.896467208862305,-12.34286880493164,13.22348403930664,10.75309944152832,15.585982322692871,15.015740394592285,15.664539337158203,15.678977012634277,0.7843694686889648,0.10728196054697037,-0.5649667978286743,-0.5654991269111633,-9.727032661437988,-2.1059298515319824,4.558067321777344,3.2380928993225098,4.917820930480957,6.493760585784912,5.587704658508301,5.725020408630371
686,-2.903364896774292,4.18797492980957,-4.630033493041992,-5.225277900695801,-4.338013648986816,-4.386918067932129,10.493308067321777,9.944706916809082,2.162034273147583,2.6383087635040283,4.21417760848999,5.568946361541748,5.79880428314209,-2.391357421875,-2.1690235137939453,-5.0978288650512695,-16.391998291015625,-13.991779327392578,14.4096040725708,12.310969352722168,15.67087459564209,14.235301971435547,15.686745643615723,15.632713317871094,-0.6807057857513428,0.9577733874320984,-1.0790125131607056,-1.4116452932357788,-9.878582954406738,-2.2687737941741943,5.5556640625,4.089166164398193,5.702818870544434,6.773279666900635,5.386227607727051,5.790597915649414
687,-1.1162818670272827,3.3725578784942627,-7.758638858795166,-8.505045890808105,-3.9947891235351562,-3.80277419090271,9.721353530883789,9.383718490600586,2.0241236686706543,2.557405471801758,4.105105400085449,4.276523590087891,0.9832277894020081,-2.310168504714966,-5.244737148284912,-9.85588264465332,-17.732494354248047,-15.530396461486816,15.560675621032715,13.78701114654541,15.662260055541992,14.73351764678955,15.693313598632812,15.606033325195312,-0.15370357036590576,0.6251336932182312,-2.034687042236328,-2.720325469970703,-10.495109558105469,-2.072603702545166,5.611133098602295,4.212912559509277,5.473511219024658,6.5717363357543945,5.136415958404541,5.273584842681885
688,-2.8595967292785645,3.178274154663086,-7.388717174530029,-7.610856056213379,-3.6589958667755127,5.3795552253723145,9.10479736328125,8.920853614807129,2.025691509246826,2.8031861782073975,3.9440865516662598,4.043769836425781,-4.273987770080566,-3.912492036819458,-8.704132080078125,-15.258851051330566,-18.270490646362305,-12.763043403625488,16.152233123779297,14.615941047668457,15.655407905578613,12.352461814880371,15.698165893554688,15.617584228515625,-0.7207923531532288,0.5920791029930115,-2.0820863246917725,-3.0506792068481445,-8.37525463104248,1.3374580144882202,5.425327301025391,4.29971170425415,6.313564300537109,6.302097320556641,4.73008918762207,4.768679618835449
689,-5.529984951019287,7.215881824493408,-1.5879489183425903,-3.9904987812042236,1.6273828744888306,10.920624732971191,1.7610403299331665,3.6531801223754883,2.0108587741851807,5.161515712738037,17.106977462768555,3.57088303565979,-7.668719291687012,-5.328921318054199,-8.94236946105957,-18.520160675048828,-15.724034309387207,-6.106600284576416,19.911510467529297,13.327329635620117,15.703133583068848,5.190820693969727,-0.0019942596554756165,15.350615501403809,-2.3036413192749023,1.7494077682495117,-0.168992280960083,-1.8332716226577759,0.6205427050590515,6.022733688354492,0.5865045189857483,0.9960897564888,6.42411470413208,5.003399848937988,4.264108180999756,3.7456741333007812
690,-6.82239294052124,8.899435043334961,8.148117065429688,7.61334228515625,11.065696716308594,9.444426536560059,-24.460906982421875,-15.743202209472656,0.7663596868515015,-4.94379186630249,8.837044715881348,3.0621683597564697,-2.3884897232055664,-4.007546424865723,-3.3009095191955566,-12.647750854492188,-6.949585437774658,1.756066083908081,11.077109336853027,10.173084259033203,7.668917655944824,-9.535215377807617,-0.024407196789979935,-0.031258583068847656,-4.293978214263916,3.227512836456299,1.7358338832855225,1.5809760093688965,7.278566837310791,6.319713115692139,-5.979376792907715,-3.712940216064453,0.29416748881340027,-4.728302478790283,1.5008782148361206,3.1256680488586426
691,-9.262290954589844,8.698663711547852,8.297048568725586,8.107832908630371,9.1366548538208,7.697052478790283,-19.816267013549805,-15.036199569702148,-5.325650691986084,-2.838406801223755,12.344868659973145,14.383713722229004,2.05303692817688,2.305105209350586,2.95546817779541,-4.265390396118164,1.5433684587478638,3.6185760498046875,3.509674072265625,3.763213872909546,-11.939447402954102,-12.414299011230469,0.0075731296092271805,-0.09357503801584244,-4.466278553009033,3.3566205501556396,1.8343923091888428,1.3853954076766968,8.047640800476074,3.1753978729248047,-3.9842190742492676,-2.7664906978607178,-5.14358377456665,-10.1069974899292,2.931551218032837,3.3732166290283203
692,-10.16447925567627,7.82742977142334,4.337296009063721,5.984560012817383,8.59514331817627,6.445043087005615,-9.683759689331055,-9.13352108001709,-3.1943485736846924,-3.2610371112823486,15.158223152160645,13.068694114685059,4.754439830780029,4.959598064422607,6.507612705230713,1.625287652015686,2.363698959350586,3.8468704223632812,-0.45488250255584717,-0.5027546286582947,-13.076335906982422,-13.298052787780762,-0.0005503126885741949,0.0028625554405152798,-4.219909191131592,4.066201210021973,0.9301064014434814,1.1551483869552612,6.836793422698975,1.8724905252456665,-1.6633071899414062,-1.6745829582214355,-4.567795276641846,-7.493562698364258,3.7926418781280518,2.881204605102539
693,-10.679862976074219,7.39328670501709,0.7532957196235657,5.456328392028809,8.40518856048584,4.4944233894348145,-2.3256404399871826,-4.063332557678223,-3.146864175796509,-2.964552402496338,15.516611099243164,12.337418556213379,5.455859661102295,6.108382225036621,7.6876540184021,5.153215408325195,2.9836246967315674,3.6538774967193604,-1.5282461643218994,-2.5487451553344727,-13.305089950561523,-13.865142822265625,-0.001449691248126328,0.002070041373372078,-4.48476505279541,4.643719673156738,0.03828589618206024,1.2846177816390991,5.868130683898926,1.040071725845337,-0.22218671441078186,-0.6972364783287048,-5.200115203857422,-6.880122184753418,3.752514362335205,2.7049760818481445
694,-10.602243423461914,7.3440775871276855,-4.749006271362305,4.838478088378906,8.12722396850586,3.629281997680664,-0.20839670300483704,-2.259859561920166,-3.0108394622802734,-2.7534401416778564,13.843086242675781,11.0451078414917,4.440569877624512,5.457023620605469,5.575118064880371,6.488931655883789,3.95133638381958,3.4251210689544678,-1.852543592453003,-3.741398811340332,-13.677135467529297,-14.230772972106934,-0.00419624475762248,0.003381229704245925,-4.309582710266113,4.791903495788574,-0.9721072912216187,1.2288501262664795,4.924005031585693,0.8357958197593689,0.03955584764480591,-0.4393501281738281,-5.456350326538086,-6.994931697845459,3.081204652786255,2.3360819816589355
695,-10.23111343383789,7.685083866119385,-6.3357319831848145,4.770788192749023,7.714770793914795,2.878279685974121,-0.3930724263191223,-0.6918235421180725,-2.853375196456909,-2.631117582321167,11.372502326965332,9.788527488708496,3.040903091430664,4.269521713256836,2.311241626739502,7.065475940704346,5.193782329559326,3.2292087078094482,-2.23713755607605,-4.325802803039551,-14.005742073059082,-14.487381935119629,-0.005043075419962406,0.005881084594875574,-4.5048723220825195,4.895815849304199,-1.2126296758651733,1.266811490058899,4.273106575012207,0.6368258595466614,-0.09198176860809326,-0.09425371885299683,-5.484541416168213,-7.08169412612915,2.3599157333374023,2.028419017791748
696,-9.848112106323242,8.026426315307617,-6.363712787628174,4.423434734344482,7.191129207611084,2.8220996856689453,0.3623335063457489,1.1722067594528198,-2.712479591369629,-2.5336310863494873,8.20971393585205,8.460732460021973,1.685595154762268,3.2573513984680176,-0.7890220880508423,7.375256061553955,6.6430768966674805,3.273746967315674,-2.357102632522583,-4.172000408172607,-14.297503471374512,-14.635537147521973,-0.0018821884877979755,0.006334336474537849,-4.770705223083496,4.9243645668029785,-1.2993589639663696,1.1745527982711792,3.675577402114868,0.655776858329773,0.09616214036941528,0.27490824460983276,-5.5763654708862305,-7.113432884216309,1.5779365301132202,1.715518593788147
697,-9.487849235534668,8.298179626464844,-5.901033401489258,4.032228469848633,6.522863388061523,2.705282211303711,0.34778618812561035,2.012359380722046,-2.5857994556427,-2.472346544265747,-2.570835828781128,5.045150279998779,0.3472256660461426,2.4175491333007812,-3.2293701171875,7.593074798583984,8.25973129272461,3.4024159908294678,-0.8109192848205566,-3.6229710578918457,-14.547822952270508,-14.762104034423828,-5.055692195892334,0.004572062753140926,-5.080353736877441,4.982870101928711,-1.3110204935073853,1.075365424156189,3.0566513538360596,0.6267833113670349,0.06391853094100952,0.38592690229415894,-5.571754455566406,-6.861555099487305,-0.9370823502540588,0.8885259628295898
698,-8.298230171203613,9.422514915466309,-5.123035430908203,4.40580415725708,5.891939640045166,2.5359480381011963,1.813750982284546,1.8065599203109741,-2.4125771522521973,-2.1988604068756104,-3.718989610671997,-2.0834829807281494,-2.891880750656128,-0.40605658292770386,-6.846688270568848,7.033819675445557,8.600807189941406,2.2037224769592285,2.431720733642578,-1.408215045928955,-14.955933570861816,-15.253546714782715,-15.689412117004395,-7.794637203216553,-5.3099751472473145,5.008908271789551,-1.3391830921173096,1.1414934396743774,2.467310667037964,0.5462088584899902,0.4575135111808777,0.3214375376701355,-5.308990955352783,-6.080867767333984,-5.303551197052002,-0.7815495729446411
699,-8.56174373626709,9.214668273925781,-0.23949234187602997,2.7736010551452637,6.006895065307617,4.676013946533203,-2.5397872924804688,0.3385131359100342,-2.0037941932678223,-2.280794858932495,-4.337896823883057,-3.525984525680542,-3.878934144973755,0.29043012857437134,-7.17960786819458,8.322729110717773,11.699377059936523,2.6594181060791016,1.203444480895996,0.7625493407249451,0.0022377967834472656,-15.010077476501465,-15.657231330871582,-15.53890609741211,-6.239027976989746,5.588751316070557,0.17353853583335876,0.6801329851150513,2.9643518924713135,1.2659687995910645,-0.6492826342582703,0.020946234464645386,-4.600428104400635,-5.523954391479492,-5.920979976654053,-4.918718338012695
700,-8.20801830291748,9.20323657989502,2.344010829925537,0.16395343840122223,4.65437126159668,4.760438442230225,-4.622387409210205,0.8946711421012878,-9.03322982788086,-9.259366035461426,-4.548624038696289,-4.078954219818115,-4.212422847747803,0.7041009664535522,-6.368585586547852,9.838356971740723,12.968265533447266,2.679452657699585,-1.1718987226486206,0.5004550814628601,-6.259055953705683e-05,0.013334579765796661,-15.536587715148926,-15.567228317260742,-6.645961761474609,6.308073043823242,0.46982645988464355,-0.08562947809696198,2.0542352199554443,1.1954894065856934,-1.0209333896636963,0.20484021306037903,-4.023706912994385,-5.661556720733643,-6.138396263122559,-5.246232509613037
701,-7.500579833984375,9.100899696350098,3.4578192234039307,-2.2255849838256836,3.0936107635498047,4.238405704498291,-4.2302632331848145,-0.14373955130577087,-8.932454109191895,-9.202805519104004,-4.428164482116699,-4.0879106521606445,-7.742001056671143,0.7429315447807312,-5.513681411743164,10.03079891204834,15.83387279510498,2.337932586669922,-3.6179423332214355,-0.08665503561496735,0.00014109298354014754,0.10214880108833313,-15.566534042358398,-15.623786926269531,-6.470152378082275,6.176181793212891,0.616849422454834,-0.40794968605041504,1.280686616897583,0.9672559499740601,-0.9313797354698181,-0.06885668635368347,-3.6872851848602295,-4.6377973556518555,-5.736435890197754,-4.954513072967529
702,-6.15054178237915,8.944558143615723,5.254823684692383,-4.420028209686279,-4.332859992980957,3.5842812061309814,-4.386741638183594,-2.8086493015289307,-8.479208946228027,-8.993982315063477,-4.386220932006836,-4.0577192306518555,-8.00840950012207,2.3567826747894287,-2.708329200744629,4.939980506896973,12.905081748962402,1.908002257347107,-6.523780822753906,-0.9037141799926758,9.459513239562511e-05,0.009758878499269485,-15.470809936523438,-15.199496269226074,-6.431879043579102,6.130297660827637,0.9828745126724243,-0.736333966255188,-0.9793393015861511,0.8186516761779785,-1.0899128913879395,-0.6869920492172241,-2.797159194946289,-3.74228572845459,-5.58634090423584,-4.914592266082764
703,-7.334243297576904,8.109997749328613,6.703431129455566,-2.3063480854034424,-8.045750617980957,4.664218902587891,-5.947390079498291,-6.9756975173950195,-5.645517826080322,-8.18612003326416,-3.9306318759918213,-4.068049430847168,-3.5388410091400146,3.949472427368164,1.1156508922576904,6.075016975402832,7.156689643859863,2.8015096187591553,-10.057567596435547,-4.798169136047363,-0.00020806594693567604,0.015580777078866959,-15.69934368133545,-15.696518898010254,-6.514300346374512,5.549746513366699,1.4228922128677368,-0.3384784460067749,-1.679004192352295,1.210106611251831,-1.8330445289611816,-1.788088321685791,-1.1492177248001099,-2.471663475036621,-4.624011039733887,-5.062041759490967
704,-8.557066917419434,7.8875861167907715,6.459644317626953,-3.045738935470581,-5.326617240905762,4.76949405670166,-5.3967719078063965,-4.331932067871094,2.996256113052368,-5.323803901672363,-3.3658525943756104,-3.8669931888580322,-1.5334200859069824,4.298771858215332,4.735135078430176,5.801999092102051,5.360294342041016,3.774355411529541,-13.552445411682129,-7.996241092681885,4.878623962402344,-0.024457046762108803,-15.692558288574219,-15.6980562210083,-5.814136505126953,4.515685081481934,1.5072085857391357,-0.5303636789321899,-0.8923388719558716,1.2281010150909424,-1.9083518981933594,-1.0424888134002686,1.0917710065841675,-1.0579322576522827,-3.530099630355835,-4.55544900894165
705,-9.063607215881348,7.577137470245361,7.019123077392578,-3.1845715045928955,-7.12333869934082,4.514226913452148,-5.192675590515137,-5.0514421463012695,3.7497832775115967,4.067101001739502,-2.7432281970977783,-3.5511276721954346,-1.0913323163986206,3.7222347259521484,7.783616065979004,4.654077529907227,1.2409124374389648,5.072620391845703,-17.48630142211914,-11.616211891174316,-6.8706865310668945,5.976221561431885,-14.160122871398926,-15.592875480651855,-5.478748321533203,3.158637762069702,1.9265069961547852,-0.5502989292144775,-1.6791620254516602,1.2037036418914795,-2.4175682067871094,-1.642913818359375,5.255157947540283,1.5414338111877441,-2.2434849739074707,-3.7437076568603516
706,-9.655946731567383,5.157539367675781,5.97274923324585,-2.6331045627593994,-6.690141677856445,4.322506427764893,-3.2547152042388916,-3.0261521339416504,10.268579483032227,3.6078476905822754,-0.5738864541053772,-2.6360585689544678,1.637368083000183,3.128894805908203,9.85525894165039,2.5734410285949707,0.4546703100204468,6.933563709259033,-19.509033203125,-14.28099536895752,-2.0916409492492676,14.988651275634766,-8.010751724243164,-14.849434852600098,-3.8722434043884277,1.2040563821792603,1.7917826175689697,-0.45338666439056396,-1.5799694061279297,1.2556464672088623,-1.7874321937561035,-0.9999045729637146,5.765986442565918,3.729619264602661,0.11871596425771713,-2.3039040565490723
707,-8.36841106414795,-1.0630438327789307,6.357097148895264,-2.8454489707946777,-8.397989273071289,1.4463196992874146,-0.40842777490615845,-0.41689953207969666,10.012388229370117,1.921018123626709,6.930569171905518,-0.8000863194465637,-0.2384210228919983,-1.039634346961975,8.448098182678223,-1.7088110446929932,-0.928513765335083,5.3759870529174805,-19.259017944335938,-15.220232963562012,-1.307945966720581,15.703601837158203,15.616007804870605,-10.529695510864258,-2.3621106147766113,-0.4797970652580261,1.8710423707962036,-0.5773559212684631,-3.1108412742614746,0.2214294672012329,0.03258967399597168,0.005607247352600098,7.029624938964844,5.052119731903076,4.655490875244141,-0.08160960674285889
708,-2.179699659347534,-2.637643337249756,4.03037166595459,-2.004685878753662,-8.856935501098633,1.5427278280258179,12.417119979858398,9.390504837036133,9.330265998840332,1.989046335220337,4.295793056488037,9.376312255859375,0.3902192711830139,-5.032249927520752,8.106731414794922,-3.253229856491089,-1.8013275861740112,4.141326427459717,-10.12973403930664,-11.051390647888184,1.291542649269104,15.701454162597656,15.625312805175781,14.482949256896973,-0.2153017520904541,-0.6927504539489746,0.9975446462631226,-0.41203606128692627,-4.647891521453857,0.3732191324234009,2.191570520401001,1.6174440383911133,6.3073835372924805,4.875209808349609,5.891453742980957,3.6504640579223633
709,-1.3714996576309204,-1.8784165382385254,1.0877509117126465,-0.1502750664949417,-8.265246391296387,-0.8720057606697083,15.491729736328125,12.26370620727539,7.963531017303467,1.9955288171768188,4.28053092956543,3.9585320949554443,-0.3709399104118347,-9.640890121459961,-0.010359834879636765,-7.30484676361084,-4.40449857711792,1.8026368618011475,0.777327299118042,-1.726413369178772,4.38059663772583,15.685748100280762,15.572152137756348,15.622971534729004,-0.23234212398529053,-0.4669792652130127,0.1297219693660736,0.04129384830594063,-6.502654552459717,-0.2613842487335205,3.3203797340393066,2.355323076248169,6.281213283538818,5.047554016113281,5.535113334655762,5.297887802124023
710,0.1716170608997345,-0.2984778881072998,2.507815361022949,2.0263376235961914,-7.057157039642334,-5.284104347229004,13.303401947021484,11.167267799377441,6.165082931518555,2.001985788345337,4.177634239196777,4.202534198760986,6.671836853027344,-7.33461856842041,-0.057242877781391144,-5.882686614990234,-10.057684898376465,-3.797147035598755,7.309511184692383,4.440476417541504,8.928853988647461,13.814260482788086,15.685327529907227,14.510631561279297,0.09457218647003174,-0.013353757560253143,0.5430787801742554,0.4096556007862091,-8.037192344665527,-1.534052848815918,3.969717502593994,2.764275074005127,5.743122100830078,5.475374221801758,5.228364944458008,5.503436088562012
711,-1.9023339748382568,-0.15978163480758667,-1.552690029144287,-1.6101913452148438,-6.016505241394043,-6.328087329864502,10.885258674621582,10.524834632873535,4.181247711181641,5.393983364105225,4.309945583343506,4.289144992828369,5.408671855926514,-7.972929000854492,-1.7093019485473633,-8.29857063293457,-11.543862342834473,-8.890382766723633,12.989609718322754,10.596689224243164,12.568601608276367,11.907208442687988,15.690857887268066,15.639113426208496,-0.3894282579421997,-0.03131454437971115,-0.4718152582645416,-0.5532897710800171,-8.732810020446777,-2.734160900115967,4.545977592468262,3.5966310501098633,5.0990376472473145,6.086205959320068,5.467555046081543,5.776808738708496
712,2.422201633453369,3.921062707901001,-5.488865375518799,-3.3540220260620117,-4.908092498779297,-5.1332011222839355,9.66502857208252,9.04422664642334,2.186467170715332,2.957742691040039,4.5735039710998535,4.55618143081665,10.314607620239258,-3.460371494293213,-1.8019933700561523,-5.103432655334473,-16.991626739501953,-11.813419342041016,13.910303115844727,11.645630836486816,15.223738670349121,12.892064094543457,14.80254077911377,13.562536239624023,0.8129453659057617,0.7842499613761902,-1.4653549194335938,-1.1049050092697144,-10.17651653289795,-2.479951858520508,4.973262310028076,3.511837959289551,4.679163932800293,6.623260974884033,5.270666122436523,5.595659255981445
713,-6.868786811828613,4.176241874694824,-5.649950981140137,-5.927731990814209,-4.147884845733643,-4.816457748413086,9.851324081420898,9.924574851989746,2.030949354171753,3.032036781311035,4.1647138595581055,4.424602508544922,2.151866912841797,-3.179356813430786,-4.764862060546875,-8.970726013183594,-15.614564895629883,-13.90554428100586,15.36656379699707,13.506712913513184,15.669830322265625,14.040751457214355,15.710941314697266,15.680093765258789,-2.0481715202331543,0.8382652401924133,-1.312415599822998,-1.719510793685913,-9.535240173339844,-2.871246337890625,5.582614421844482,4.536387920379639,5.960538864135742,6.239788055419922,5.406000137329102,5.511934280395508
714,0.7987160086631775,4.655716896057129,-7.401610374450684,-7.387144088745117,-4.281055927276611,-3.09250545501709,9.249868392944336,9.161569595336914,2.0656676292419434,2.7868306636810303,4.102506160736084,4.144869327545166,-0.44691747426986694,-2.6507701873779297,-7.047269344329834,-12.904104232788086,-17.166292190551758,-14.870231628417969,16.223867416381836,14.733224868774414,15.633528709411621,13.946907043457031,15.66762924194336,15.651229858398438,0.42128777503967285,0.9400674700737,-2.080070972442627,-2.746521472930908,-10.737457275390625,-1.261760950088501,5.6291608810424805,4.462029457092285,5.086030960083008,6.375918865203857,4.997589588165283,5.000375747680664
715,-5.524751663208008,4.96737813949585,-4.457800388336182,-5.318975448608398,-3.841296434402466,9.241180419921875,7.807226657867432,7.634082794189453,2.0209157466888428,3.4935126304626465,3.912240505218506,3.8129661083221436,-5.253725051879883,-4.643985748291016,-8.574085235595703,-17.322240829467773,-17.47735595703125,-9.875460624694824,21.281326293945312,14.686400413513184,15.670489311218262,9.730201721191406,0.008915901184082031,15.545191764831543,-2.043325901031494,0.99359530210495,-1.123374342918396,-2.2401316165924072,-5.7189459800720215,3.416325330734253,4.162614345550537,3.4331021308898926,6.350817680358887,5.5565385818481445,4.633484840393066,4.359589576721191
716,-6.731888771057129,9.069180488586426,4.99945068359375,-0.986992359161377,9.284120559692383,10.55461311340332,-16.07526969909668,-5.067078113555908,1.9748594760894775,4.699748992919922,11.084405899047852,3.074300765991211,-5.725447654724121,-3.6298389434814453,-6.333853244781494,-17.006620407104492,-11.303510665893555,-2.4858827590942383,15.910722732543945,10.66381549835205,11.237375259399414,1.2570874691009521,-0.004062864929437637,15.715201377868652,-3.746583938598633,2.990689277648926,1.1998167037963867,-0.1683114916086197,4.274926662445068,6.076456546783447,-3.5050830841064453,-1.460012674331665,4.159764289855957,1.3863747119903564,2.083667278289795,3.069373607635498
717,-8.330973625183105,8.35466194152832,8.1268892288208,13.583127975463867,10.171992301940918,8.392401695251465,-24.09583282470703,-18.308595657348633,-7.131328105926514,-3.6327874660491943,10.249735832214355,7.889455795288086,2.306394100189209,6.224496364593506,1.359798550605774,-5.7910284996032715,0.6341297030448914,5.654899597167969,6.37044620513916,6.458261013031006,-10.069080352783203,-15.67226791381836,-0.002658187411725521,-0.029767196625471115,-5.226226806640625,3.862027406692505,1.6961350440979004,2.649641752243042,7.7420196533203125,5.249430179595947,-5.287702560424805,-4.085302829742432,-6.025287628173828,-13.796584129333496,2.1576781272888184,3.3523921966552734
718,-10.282425880432129,7.802133560180664,7.18914270401001,8.01011848449707,8.599218368530273,7.780386924743652,-16.655366897583008,-8.862296104431152,-3.0074784755706787,-5.736219882965088,14.693680763244629,13.750354766845703,4.020544528961182,4.300650596618652,5.349003314971924,0.7069402933120728,2.278547525405884,3.5304746627807617,0.3112313747406006,2.1790709495544434,-13.047811508178711,-12.467297554016113,0.0020926855504512787,-0.03706669807434082,-5.4361701011657715,3.057213068008423,1.72966730594635,1.462525486946106,7.1879096031188965,2.4222919940948486,-3.4517881870269775,-1.3651602268218994,-3.8589680194854736,-6.923994064331055,3.7171850204467773,3.185391902923584
719,-10.694868087768555,7.485374927520752,2.3164279460906982,5.052811622619629,8.369498252868652,5.634578704833984,-6.139703273773193,-7.266580104827881,-3.0437474250793457,-3.11014986038208,15.045730590820312,11.809036254882812,5.407101631164551,5.810469150543213,7.323081016540527,5.12246561050415,3.220315933227539,3.9838173389434814,-2.3558902740478516,-1.0651350021362305,-13.434469223022461,-13.522528648376465,-0.00030373549088835716,0.010667533613741398,-5.157927513122559,4.803582191467285,0.3973868191242218,1.0804771184921265,6.385659694671631,1.4767546653747559,-0.9630236029624939,-1.447568416595459,-4.914000034332275,-6.703466415405273,3.59126353263855,2.4903550148010254
720,-10.796893119812012,7.383907794952393,-2.6558494567871094,4.543383598327637,8.078413009643555,4.403399467468262,-2.8033719062805176,-4.803561210632324,-2.9734346866607666,-2.9161784648895264,13.386446952819824,10.497483253479004,4.874874591827393,5.6221089363098145,6.16682767868042,7.191694259643555,4.143673896789551,3.8880951404571533,-3.6440389156341553,-3.332322835922241,-13.711755752563477,-13.882826805114746,-0.0014696797588840127,0.0037369574420154095,-5.190436363220215,5.220887184143066,-0.6296308040618896,1.1791874170303345,5.228306293487549,1.0648596286773682,-0.5005871653556824,-0.9781568646430969,-5.138803958892822,-6.984580039978027,2.948112964630127,2.1970338821411133
721,-10.451894760131836,7.644277572631836,-5.797043323516846,4.345452785491943,7.6875128746032715,3.518968343734741,-0.9809814095497131,-2.753270149230957,-2.8386101722717285,-2.780223846435547,11.106242179870605,9.187565803527832,3.358285903930664,4.447788715362549,3.048288583755493,7.8502726554870605,5.346257209777832,3.55934739112854,-4.34609842300415,-4.795589923858643,-14.030168533325195,-14.14712142944336,-0.0012347812298685312,0.006166745442897081,-5.241567611694336,5.372146129608154,-1.1346235275268555,1.1887761354446411,4.403617858886719,0.8111608028411865,-0.15092149376869202,-0.5643804669380188,-5.184868812561035,-7.15687370300293,2.302105188369751,1.882723331451416
722,-9.98763370513916,8.052627563476562,-6.124834060668945,4.31695556640625,7.152297496795654,3.0820300579071045,0.26324763894081116,-0.9007083177566528,-2.6959595680236816,-2.698962450027466,7.360445022583008,7.68318510055542,1.8356270790100098,3.224952459335327,0.01304229348897934,8.190896034240723,6.914805889129639,3.2798373699188232,-4.5345964431762695,-5.493348598480225,-14.320218086242676,-14.356566429138184,-0.002692856825888157,0.008083106949925423,-5.48493766784668,5.434012413024902,-1.2266944646835327,1.2051899433135986,3.741896867752075,0.7054856419563293,0.09772729873657227,-0.13781893253326416,-5.205643653869629,-7.223522663116455,1.3665763139724731,1.5340834856033325
723,-9.53070068359375,8.383170127868652,-6.014423370361328,4.159139633178711,6.455631256103516,2.937065601348877,1.2980577945709229,0.6889467239379883,-2.576218366622925,-2.5886471271514893,-4.514837265014648,3.9241440296173096,-1.686007022857666,-0.20722869038581848,-3.6016860008239746,7.310540676116943,8.240620613098145,2.0189528465270996,0.2573758661746979,-6.1184844970703125,-14.666448593139648,-14.664681434631348,-15.149033546447754,0.02778657339513302,-5.792098045349121,5.505230903625488,-1.2980424165725708,1.1641823053359985,3.152012825012207,0.6813434362411499,0.2717554569244385,0.1799299120903015,-5.182414531707764,-6.959255695343018,-1.7113523483276367,0.6450403928756714
724,-8.960662841796875,9.271965026855469,-3.3547940254211426,4.520445346832275,6.4725260734558105,5.183325290679932,0.958329439163208,-1.9015684127807617,-2.5113365650177,-2.45157790184021,-3.8631088733673096,-4.507630825042725,-1.648606300354004,0.03245849907398224,-4.704102039337158,8.284209251403809,9.3355073928833,2.275008201599121,0.019234998151659966,-2.643024444580078,-15.59609603881836,-14.524900436401367,-15.639159202575684,-14.544316291809082,-6.48614501953125,6.149314880371094,-0.6985450983047485,1.2585219144821167,3.4454917907714844,1.4483071565628052,0.18499714136123657,-0.5526784062385559,-4.385309219360352,-5.91657018661499,-5.825230598449707,-1.9356263875961304
725,-8.520790100097656,9.176582336425781,-1.1984456777572632,2.621891498565674,5.610584259033203,4.672623634338379,-0.22606487572193146,3.7843070030212402,-2.0585081577301025,-2.5019984245300293,-4.379390716552734,-3.812521457672119,-4.645829677581787,0.257922500371933,-5.398752689361572,9.093705177307129,13.94675064086914,2.041626453399658,-0.46057483553886414,-1.65933358669281,0.00034924893407151103,-14.751129150390625,-15.542509078979492,-15.519012451171875,-6.894284725189209,6.21727180480957,-0.193049818277359,0.6557655334472656,3.1919143199920654,1.098610281944275,-0.09108585119247437,0.9353399872779846,-4.412247180938721,-5.47824764251709,-5.8824310302734375,-5.276483058929443
726,-7.621142387390137,9.126282691955566,0.3389914333820343,0.47907376289367676,3.0570261478424072,5.614849090576172,-3.3561954498291016,0.02704676240682602,-8.940437316894531,-2.3591651916503906,-4.540266990661621,-4.283051490783691,-7.2635817527771,0.4464074671268463,-5.60037088394165,10.003559112548828,16.006071090698242,2.101381540298462,-2.4460108280181885,-2.0846636295318604,0.00014822621596977115,-14.977193832397461,-15.572065353393555,-15.604326248168945,-7.347958564758301,6.948299884796143,0.12301567196846008,0.026234615594148636,1.2400777339935303,1.5082563161849976,-0.8367281556129456,-0.12813910841941833,-3.6714704036712646,-5.4481892585754395,-6.172765731811523,-5.686902046203613
727,-6.210477352142334,9.121236801147461,2.9751739501953125,-1.7656971216201782,0.3733311593532562,4.504018783569336,-2.461158514022827,0.28175222873687744,-8.649688720703125,-9.174370765686035,-4.414618492126465,-4.186413288116455,-13.002135276794434,0.8873568773269653,-4.673400402069092,10.499938011169434,16.759979248046875,2.491546154022217,-4.026360034942627,-2.3840713500976562,0.00018431516946293414,0.007740911096334457,-15.549571990966797,-15.598278045654297,-7.1044135093688965,6.908267021179199,0.5970211029052734,-0.3403226137161255,-0.023351633921265602,1.033383846282959,-0.5244545340538025,0.06156212091445923,-3.051833152770996,-4.881302833557129,-5.762099266052246,-5.304548263549805
728,-6.743072509765625,8.473609924316406,7.332211971282959,-5.510901927947998,-9.137231826782227,3.044283151626587,-4.633974075317383,-4.0521626472473145,-7.2612762451171875,-8.426077842712402,-4.122052192687988,-3.9959099292755127,-5.278510570526123,2.599848508834839,-0.7932502031326294,5.103780746459961,7.50075101852417,1.7131901979446411,-7.120707035064697,-3.9668776988983154,-9.189295815303922e-05,0.04673048481345177,-15.68625259399414,-15.6870756149292,-6.122783184051514,5.872531890869141,1.5673646926879883,-1.0789722204208374,-2.5579750537872314,0.5950151681900024,-1.287393569946289,-1.0881667137145996,-1.826755166053772,-2.70906925201416,-5.135497570037842,-4.832442760467529
729,-8.18065357208252,8.081399917602539,7.853272438049316,-1.8344478607177734,-5.362283229827881,4.984185218811035,-5.874989032745361,-4.57605504989624,2.0522425174713135,-6.292418479919434,-3.388617515563965,-3.8591365814208984,-2.3308000564575195,3.996419668197632,3.903049945831299,6.108457088470459,5.727953910827637,2.923258066177368,-10.750885009765625,-7.016319274902344,2.5885419845581055,0.003238281235098839,-15.695048332214355,-15.697975158691406,-5.857234954833984,4.709582328796387,1.7959890365600586,-0.1909865289926529,-0.8585118651390076,1.3747389316558838,-1.8602511882781982,-1.1867153644561768,0.817489504814148,-1.3913747072219849,-3.51961088180542,-4.559023857116699
730,-8.931438446044922,7.647083759307861,6.971055030822754,-3.263607978820801,-6.602122783660889,4.564174652099609,-5.391057014465332,-4.706031799316406,4.436156749725342,2.3950035572052,-2.5431249141693115,-3.554764747619629,3.9907913208007812,4.711382865905762,8.09995174407959,5.718055725097656,2.529224395751953,4.826686859130859,-14.625571250915527,-10.34079360961914,-1.043707013130188,2.501131296157837,-14.971773147583008,-15.690186500549316,-5.650268077850342,3.654538869857788,1.846372127532959,-0.5922145843505859,-1.4131165742874146,1.1691715717315674,-2.003040313720703,-1.3989827632904053,4.381865978240967,0.8697353005409241,-2.366119146347046,-3.9244303703308105
731,-10.221211433410645,6.358311653137207,5.420571327209473,-2.1846888065338135,-6.404782295227051,4.243035316467285,-3.798150062561035,-2.9385159015655518,10.113327026367188,4.45757532119751,-1.2193093299865723,-2.7480320930480957,2.5379815101623535,3.5482892990112305,9.60416030883789,3.5223498344421387,1.1727519035339355,6.6804609298706055,-17.903921127319336,-12.841355323791504,-2.2506086826324463,12.797510147094727,-10.77280330657959,-15.654963493347168,-5.019386291503906,1.9290716648101807,1.5871189832687378,-0.3475346565246582,-1.494658350944519,1.2185250520706177,-1.681868076324463,-0.8944584131240845,6.061363220214844,2.8631653785705566,-0.349823534488678,-2.62178897857666
732,-8.80615234375,0.7233018279075623,6.294277191162109,-2.195589065551758,-8.20904541015625,2.0020241737365723,-0.8504695296287537,-1.0533080101013184,9.926560401916504,1.9371658563613892,8.852046966552734,-1.6010520458221436,-0.09922458976507187,1.0374820232391357,8.31762409210205,-0.1172768846154213,0.3268274962902069,5.599332809448242,-19.526382446289062,-13.703227043151855,-1.0145100355148315,15.845637321472168,15.641636848449707,-12.67027473449707,-3.084280490875244,-0.0930093452334404,1.8773915767669678,-0.4251812696456909,-2.768728256225586,0.4158904552459717,-0.2432800829410553,-0.2623864412307739,7.113729476928711,4.95098876953125,3.509171724319458,-0.8023396730422974
733,-4.012561321258545,-3.3408169746398926,4.286468982696533,-1.6967624425888062,-8.534833908081055,2.8478002548217773,7.667198657989502,4.991154193878174,9.154204368591309,1.9878665208816528,4.114236831665039,7.061559677124023,-3.7621817588806152,-6.103267192840576,-0.14510804414749146,-6.377687454223633,-1.6559903621673584,6.045555591583252,-12.3395357131958,-12.288361549377441,1.268266201019287,15.49394416809082,15.689188003540039,2.3309381008148193,-0.6620297431945801,-0.917580783367157,1.094388723373413,-0.3460131287574768,-4.197058200836182,0.7750957012176514,1.3126976490020752,0.9091078042984009,6.542690277099609,5.046186447143555,5.850724220275879,1.5507864952087402
734,-1.3028172254562378,-1.7239235639572144,7.555783271789551,2.145637035369873,-8.546680450439453,-1.3950872421264648,15.908811569213867,10.43457317352295,8.117603302001953,2.0139260292053223,4.411053657531738,4.415737152099609,-0.8223240375518799,-7.677681922912598,0.003045909106731415,-4.651675701141357,-3.522063732147217,2.9288547039031982,-2.846656084060669,-5.6003522872924805,3.9268221855163574,15.69674015045166,15.604365348815918,15.628233909606934,-0.18537944555282593,-0.41301918029785156,1.636747121810913,0.5014669299125671,-6.030234336853027,-0.42689573764801025,3.2885098457336426,1.8356359004974365,6.799078464508057,5.30527925491333,5.743220329284668,5.145109176635742
735,-0.7905601263046265,-1.3321996927261353,3.593599796295166,2.7585623264312744,-7.4977240562438965,-3.0789432525634766,13.958450317382812,11.562865257263184,6.638627529144287,2.004056930541992,4.263008117675781,6.356490612030029,4.834417343139648,-5.934216022491455,-0.09318218380212784,-6.044548511505127,-7.9519195556640625,-1.6019996404647827,5.0180983543396,1.7494016885757446,7.589861869812012,15.69847297668457,15.678092002868652,15.198434829711914,-0.1211777925491333,-0.3322980999946594,0.578627347946167,0.4739066958427429,-7.107944488525391,-0.7100820541381836,3.522968292236328,2.5350468158721924,6.159328460693359,5.027711868286133,5.360960006713867,5.337799072265625
736,0.14068830013275146,-2.805847406387329,0.2704966068267822,1.287339210510254,-6.215812683105469,-5.541227340698242,10.973158836364746,10.179634094238281,4.703458309173584,5.12410831451416,4.166621685028076,4.268223762512207,8.15439510345459,-7.971977710723877,-0.1553618311882019,-6.506549835205078,-11.027412414550781,-6.946655750274658,9.692464828491211,7.270810604095459,12.078718185424805,11.750627517700195,15.690914154052734,15.590981483459473,0.07138049602508545,-0.8367012739181519,-0.07380715012550354,0.16895227134227753,-8.337681770324707,-1.8395068645477295,3.476583480834961,2.757293701171875,5.398393630981445,5.5941314697265625,5.263362884521484,5.324465751647949
737,-1.0607399940490723,2.4432153701782227,-2.974191427230835,-1.2578580379486084,-5.29498291015625,-5.174846172332764,10.571515083312988,9.878642082214355,2.695193290710449,2.723618745803833,4.575140953063965,4.248856067657471,6.282019138336182,-8.160231590270996,-2.5638084411621094,-7.618017673492432,-13.895081520080566,-10.867432594299316,12.597914695739746,10.549077033996582,15.483750343322754,15.126303672790527,15.709318161010742,15.65113639831543,-0.20972180366516113,0.6095938086509705,-0.7621845006942749,-0.4275757670402527,-9.131917953491211,-2.1900200843811035,4.438170433044434,3.3718643188476562,5.031047821044922,6.530345916748047,5.369954586029053,5.6253461837768555
738,0.44129839539527893,5.011743068695068,-5.083415508270264,-4.3262786865234375,-4.468685626983643,-4.822172164916992,10.224154472351074,9.850369453430176,2.0732786655426025,2.380817413330078,4.24071741104126,4.393075942993164,7.020205497741699,-2.8207952976226807,-1.6589643955230713,-5.229775905609131,-16.48750114440918,-12.516640663146973,13.71810531616211,11.861946105957031,15.499344825744629,13.266544342041016,15.696067810058594,15.292880058288574,0.15591943264007568,0.9591090083122253,-1.3147125244140625,-1.4602115154266357,-10.388248443603516,-2.5246193408966064,5.459689140319824,4.187554359436035,5.2569661140441895,6.650921821594238,5.292977333068848,5.7635955810546875
739,-4.721045970916748,4.270771026611328,-8.19929027557373,-7.75369930267334,-4.036246299743652,-4.452655792236328,10.007387161254883,10.17012882232666,2.0201668739318848,3.0477871894836426,4.113301753997803,4.203202247619629,0.27460551261901855,-3.1349635124206543,-5.165421962738037,-9.80130672454834,-17.540048599243164,-14.18807601928711,15.139256477355957,13.595857620239258,15.665670394897461,13.845438003540039,15.69338321685791,15.63428020477295,-1.1451336145401,0.827021598815918,-2.1040148735046387,-2.399770975112915,-10.278392791748047,-2.438962697982788,5.534203052520752,4.72797966003418,5.462717533111572,6.148052215576172,5.177497863769531,5.312183856964111
740,-0.9111447930335999,4.535765171051025,-7.8973517417907715,-7.6552934646606445,-3.833878755569458,-0.48659366369247437,9.360057830810547,9.616209030151367,2.0216619968414307,2.994474411010742,3.9773526191711426,4.052666664123535,-3.7594404220581055,-4.264253616333008,-7.769742965698242,-14.84976577758789,-18.39458656311035,-13.704472541809082,20.8835391998291,14.796381950378418,15.68980598449707,13.16196346282959,0.003230735659599304,15.622574806213379,-0.06917989253997803,0.882358729839325,-2.2259440422058105,-3.0301673412323,-9.277888298034668,0.08755730092525482,5.57004451751709,4.940693378448486,5.7103071212768555,6.187729358673096,4.821150302886963,4.863097667694092
741,-5.652998924255371,7.703136444091797,-2.5159695148468018,-4.856133937835693,-2.245004177093506,10.323464393615723,1.982696294784546,5.801673889160156,2.0119524002075195,4.293670654296875,13.601717948913574,3.6223976612091064,-7.1609883308410645,-5.466973781585693,-8.999044418334961,-18.027833938598633,-17.30510139465332,-7.562854766845703,19.755842208862305,14.158228874206543,15.702712059020996,7.2502617835998535,-0.0029350537806749344,15.536678314208984,-2.512216567993164,1.8853082656860352,-0.4503995478153229,-2.247870445251465,-1.0724037885665894,5.107004642486572,0.7210693955421448,2.113663673400879,6.787323951721191,5.180520534515381,2.845705032348633,3.8429946899414062
742,-6.668056964874268,9.352280616760254,6.5923237800598145,2.8373429775238037,10.269617080688477,9.793035507202148,-22.81261444091797,-11.533940315246582,1.7603312730789185,-3.801907777786255,8.628169059753418,3.0898277759552,-4.770125865936279,0.7031509876251221,-5.398252010345459,-15.467838287353516,-10.96979808807373,2.537518262863159,11.729105949401855,12.998355865478516,14.605026245117188,-12.153829574584961,0.00020004063844680786,-0.015091970562934875,-3.9987058639526367,3.066129446029663,1.4220170974731445,0.8509710431098938,7.008613109588623,6.223392486572266,-5.174772262573242,-2.659616470336914,2.328580379486084,-1.5623279809951782,1.5938581228256226,3.155900001525879
743,-8.718099594116211,6.182249069213867,10.944746017456055,10.936223983764648,10.025431632995605,7.563172340393066,-20.644546508789062,-15.97172737121582,-7.145459175109863,-1.833330512046814,11.074710845947266,14.159318923950195,1.6108614206314087,6.632041931152344,2.1823668479919434,-6.3462042808532715,0.7640743255615234,5.964431285858154,4.030790328979492,6.18931245803833,-8.498441696166992,-15.37275505065918,0.023760128766298294,-0.12227983772754669,-4.099287033081055,1.8037662506103516,2.5019679069519043,1.957661509513855,9.115286827087402,4.169836521148682,-4.239112854003906,-2.9093122482299805,-3.4611129760742188,-12.674210548400879,2.524704694747925,3.2851667404174805
744,-9.85213565826416,7.325964450836182,5.831686019897461,8.094721794128418,8.51282024383545,7.388744831085205,-13.222457885742188,-9.192078590393066,-3.1938512325286865,-5.501920700073242,14.798225402832031,13.726641654968262,4.306286811828613,4.3851542472839355,6.375574588775635,0.4506453275680542,2.5802440643310547,3.3457021713256836,-1.0237298011779785,1.6712309122085571,-12.938962936401367,-12.340088844299316,-0.0010082200169563293,0.035413771867752075,-4.0410308837890625,2.7757303714752197,1.2531588077545166,1.4967950582504272,7.335322856903076,2.2571191787719727,-2.626701831817627,-1.5359654426574707,-4.585283279418945,-8.195941925048828,3.7257659435272217,3.1164731979370117
745,-10.61410903930664,7.4141459465026855,1.3834832906723022,5.504428386688232,8.37973690032959,5.584493637084961,-4.9595723152160645,-6.441844940185547,-3.2172188758850098,-3.120100975036621,15.357818603515625,12.267727851867676,5.433004856109619,5.751969337463379,7.838994979858398,4.632876396179199,2.9677999019622803,3.723655939102173,-3.1927921772003174,-1.2683229446411133,-13.097664833068848,-13.526705741882324,-0.0004679590929299593,0.007455905433744192,-4.393064975738525,4.591672420501709,0.17620551586151123,1.1891238689422607,6.413541316986084,1.4443936347961426,-0.8048070669174194,-1.245248794555664,-5.171972274780273,-6.565464496612549,3.7100446224212646,2.6464920043945312
746,-10.646946907043457,7.404066562652588,-3.7935736179351807,4.853686809539795,8.218527793884277,4.309344291687012,-1.5676482915878296,-3.8891053199768066,-3.1088061332702637,-2.913663625717163,14.121082305908203,11.154544830322266,4.7362213134765625,5.398435592651367,6.105663299560547,6.495298862457275,3.6191694736480713,3.575744867324829,-4.116440296173096,-3.1738457679748535,-13.484587669372559,-13.907233238220215,-0.0019605213310569525,0.0019651062320917845,-4.283390045166016,4.9196929931640625,-0.8060613870620728,1.2234281301498413,5.40667200088501,1.017624020576477,-0.22138094902038574,-0.7643816471099854,-5.35586404800415,-6.868381977081299,3.1910459995269775,2.3712873458862305
747,-10.308866500854492,7.69235372543335,-6.0903639793396,4.584373474121094,7.910019397735596,3.4131758213043213,-0.21326832473278046,-1.837281346321106,-2.9337451457977295,-2.764376163482666,12.08234977722168,9.978180885314941,3.366460084915161,4.153125286102295,2.899366855621338,7.178272724151611,4.648934841156006,3.2203526496887207,-4.535723686218262,-4.253039836883545,-13.841800689697266,-14.118108749389648,-0.007603293284773827,0.0045867557637393475,-4.333919525146484,5.038616180419922,-1.167449951171875,1.213341236114502,4.737637042999268,0.771928071975708,0.00875157117843628,-0.3403445780277252,-5.353036880493164,-7.026493072509766,2.566305160522461,2.076496124267578
748,-9.93153190612793,8.155982971191406,-6.263632297515869,4.3831706047058105,7.489470958709717,3.2623419761657715,1.0254653692245483,-0.12153640389442444,-2.7842302322387695,-2.733154535293579,9.385320663452148,8.659453392028809,2.0571413040161133,3.1250061988830566,-0.10611443966627121,7.556885242462158,5.92527437210083,3.1557111740112305,-4.430924415588379,-4.594198226928711,-14.151314735412598,-14.526318550109863,-0.003993945196270943,0.005710945464670658,-4.592270851135254,5.09072732925415,-1.2562912702560425,1.17844820022583,4.193151473999023,0.7541605234146118,0.22192507982254028,0.046019136905670166,-5.374786376953125,-7.119081020355225,1.8644206523895264,1.760939359664917
749,-9.59798526763916,8.432058334350586,-5.898298263549805,4.092966079711914,6.965705394744873,3.2421035766601562,1.587410569190979,1.6532206535339355,-2.652038335800171,-2.638246774673462,1.7432736158370972,5.761804103851318,-1.7520074844360352,-1.2758708000183105,-5.122185230255127,6.3113837242126465,6.7110915184021,1.149009108543396,-4.256524562835693,-4.955894470214844,-14.546998977661133,-14.718732833862305,-0.010539494454860687,0.00568576343357563,-4.919125080108643,5.130552291870117,-1.276881217956543,1.1068609952926636,3.6644065380096436,0.7592991590499878,0.29778844118118286,0.34895700216293335,-5.370237350463867,-6.990684509277344,0.05758356302976608,1.0588172674179077
750,-8.586287498474121,9.44931411743164,-3.350328207015991,4.182107448577881,6.742039680480957,6.686332702636719,-3.0833654403686523,-3.6069490909576416,-2.432542085647583,-2.3369479179382324,-2.9581398963928223,-1.9630179405212402,-2.290771245956421,-0.6011646389961243,-5.27255392074585,8.022756576538086,8.544049263000488,2.361213207244873,-0.6888739466667175,-6.157288074493408,-14.815035820007324,-14.65859317779541,-15.69981861114502,-0.7962372899055481,-5.8981852531433105,6.3418779373168945,-0.7156960964202881,1.118433952331543,3.9485373497009277,2.3520138263702393,-0.7880335450172424,-1.1282694339752197,-4.597863674163818,-6.039233207702637,-4.09318208694458,-0.6919237375259399
751,-8.490368843078613,9.236417770385742,-0.5205941200256348,3.460689067840576,6.011314392089844,4.304020404815674,1.9229798316955566,3.293027877807617,-2.1827304363250732,-2.50480318069458,-4.1517462730407715,-3.186066150665283,-1.4944052696228027,0.6736491918563843,-4.756974220275879,9.13433837890625,9.589591979980469,2.833883047103882,-0.8883020877838135,-1.1354726552963257,-15.680045127868652,-14.915096282958984,-15.558095932006836,-15.565262794494629,-6.135443687438965,5.791703224182129,0.002566009759902954,0.9346246719360352,3.8649117946624756,0.8984172344207764,0.562669575214386,0.928535521030426,-4.274296760559082,-5.527467250823975,-5.546868801116943,-4.121837615966797
752,-8.405248641967773,9.169278144836426,-0.6524325609207153,1.5391449928283691,5.297255992889404,5.639838695526123,-0.4358125627040863,2.573707342147827,-9.120490074157715,-2.450129747390747,-4.3884453773498535,-4.164012908935547,-3.4223995208740234,0.269673228263855,-5.30205774307251,9.726238250732422,12.700212478637695,2.0682337284088135,-1.4059293270111084,-0.5556226968765259,-0.00039808457950130105,-15.089554786682129,-15.540794372558594,-15.592286109924316,-6.617725372314453,6.354477882385254,-0.16358718276023865,0.3487545847892761,3.2635252475738525,1.545163631439209,-0.1782495379447937,0.47932589054107666,-4.5835723876953125,-5.582588195800781,-5.979592800140381,-5.3826189041137695
753,-7.826518535614014,9.189397811889648,1.798255205154419,-0.04876108467578888,4.256196975708008,5.881533145904541,-3.25673246383667,0.5673208832740784,-8.852506637573242,-9.22561264038086,-4.495596408843994,-4.243133544921875,-6.2749924659729,0.5571267604827881,-4.763495922088623,10.801565170288086,15.52724838256836,2.5012612342834473,-3.2066869735717773,-0.752270519733429,0.00014097685925662518,-0.02101805806159973,-15.558307647705078,-15.610172271728516,-6.910323143005371,6.892067909240723,0.3977412283420563,-0.09332992136478424,2.2332239151000977,1.6385540962219238,-0.826438844203949,0.03718423843383789,-3.4056925773620605,-5.224553108215332,-5.946468830108643,-5.455185413360596
754,-7.457211494445801,8.477701187133789,4.660037040710449,-3.2461998462677,0.6416698694229126,3.8263535499572754,-3.0060174465179443,-1.5672500133514404,-8.580221176147461,-9.031599998474121,-4.469822883605957,-4.501589775085449,-7.931860446929932,2.95066499710083,-1.694972038269043,5.060902118682861,16.277790069580078,1.8072001934051514,-5.412166118621826,-0.7503343820571899,0.00015401584096252918,0.06363167613744736,-15.679987907409668,-15.598910331726074,-6.584412574768066,6.5043625831604,0.9699921607971191,-0.656252384185791,0.018799280747771263,0.7520888447761536,-0.7163490653038025,-0.4007555842399597,-2.957040548324585,-3.9613099098205566,-5.5275678634643555,-5.017077922821045
755,-7.169354438781738,8.06080436706543,5.218423843383789,-0.3442545533180237,-8.408873558044434,3.8713831901550293,-4.854653358459473,-6.770601749420166,-6.789111137390137,-8.424295425415039,-3.9937798976898193,-4.262020587921143,-4.3729424476623535,4.5814433097839355,1.4844722747802734,6.825223445892334,9.222604751586914,2.71091628074646,-8.533913612365723,-4.55320930480957,-4.9135378503706306e-05,0.001094631850719452,-15.687132835388184,-15.641857147216797,-7.066882133483887,5.94979190826416,1.092440128326416,0.03582106903195381,-1.9822052717208862,0.9085797071456909,-1.4019839763641357,-1.7710468769073486,-1.5931774377822876,-2.7027153968811035,-4.75308084487915,-5.29974365234375
756,-8.41879653930664,7.751011371612549,5.989837169647217,-2.8592092990875244,-5.973543167114258,4.22205114364624,-4.822946071624756,-3.8261260986328125,0.6017472147941589,-6.124194622039795,-3.307229518890381,-3.8736109733581543,-1.7043788433074951,4.9659423828125,4.677329063415527,6.8701252937316895,6.222434997558594,3.738438129425049,-11.861428260803223,-7.526028156280518,1.2233761548995972,-0.02249080315232277,-15.690731048583984,-15.697049140930176,-5.929095268249512,4.789580345153809,1.4353432655334473,-0.5423572063446045,-1.0080758333206177,1.0630850791931152,-1.5545389652252197,-0.8750423192977905,0.4083402156829834,-1.3251581192016602,-3.4161577224731445,-4.540937900543213
757,-8.915562629699707,7.670464038848877,6.288177013397217,-2.933241128921509,-6.600558757781982,4.096709728240967,-4.7071757316589355,-3.9927947521209717,4.811213970184326,1.5854153633117676,-2.520552158355713,-3.5195186138153076,0.10679510235786438,4.303891658782959,7.279370307922363,5.764069557189941,3.5028998851776123,4.755690574645996,-15.557391166687012,-10.59160327911377,13.05756664276123,1.711829662322998,-14.822035789489746,-15.629592895507812,-5.6947922706604,3.5819251537323,1.65674889087677,-0.491705060005188,-1.3923273086547852,1.043020486831665,-1.878154993057251,-1.20609450340271,3.8074002265930176,0.6345962882041931,-2.3421597480773926,-3.8244667053222656
758,-10.010863304138184,5.317290782928467,6.755844593048096,-4.627470970153809,-8.143177032470703,4.172277450561523,-3.5850706100463867,-4.247589588165283,9.389374732971191,4.940614700317383,1.4871479272842407,-2.313730239868164,2.1594858169555664,3.273097276687622,9.313133239746094,2.5965559482574463,0.08849811553955078,7.425257682800293,-19.118600845336914,-13.938638687133789,-1.7795215845108032,12.599541664123535,-6.527120113372803,-14.553536415100098,-3.7750892639160156,1.2928125858306885,2.100949764251709,-0.8713570237159729,-2.438539981842041,1.21608304977417,-1.807377576828003,-1.5455005168914795,7.123249530792236,4.0313286781311035,0.667425811290741,-1.8154209852218628
759,-8.165223121643066,-0.5225310921669006,6.074136257171631,-3.2781167030334473,-8.19699478149414,1.577419638633728,0.256551057100296,0.43854960799217224,9.89091682434082,2.0966567993164062,5.409887790679932,-0.4071103036403656,0.07974475622177124,0.3935609459877014,8.227239608764648,-2.0535197257995605,-0.5811648368835449,7.11737060546875,-18.723522186279297,-14.682818412780762,-1.0855141878128052,15.702293395996094,15.607256889343262,-10.069967269897461,-2.1643285751342773,-0.35353636741638184,1.6716346740722656,-0.6208691596984863,-2.766904592514038,0.3080787658691406,0.36562514305114746,0.34455257654190063,7.018843650817871,4.939388751983643,5.457974433898926,0.12351775169372559
760,-3.7322349548339844,-2.1846697330474854,4.014341354370117,-1.790304183959961,-8.5962495803833,0.4705684185028076,13.831441879272461,10.219882011413574,9.195920944213867,1.984779715538025,4.380350112915039,9.032804489135742,-3.3736631870269775,-6.173910140991211,-0.037061795592308044,-7.132446765899658,-2.0140905380249023,5.289719581604004,-7.7844390869140625,-10.212785720825195,1.3505680561065674,15.65163803100586,15.678140640258789,15.693099975585938,-0.6258499622344971,-0.5501148700714111,0.9943287372589111,-0.3461824655532837,-4.610339641571045,0.05899011716246605,2.4704818725585938,1.7484538555145264,6.436769485473633,4.775765895843506,6.090856075286865,3.9031100273132324
761,-0.413347065448761,-1.2030022144317627,4.9522528648376465,2.8802032470703125,-8.221213340759277,-2.410235643386841,15.353569984436035,11.875469207763672,7.834015369415283,1.9920090436935425,4.342695713043213,3.992215394973755,1.0216906070709229,-5.35074520111084,0.18802690505981445,-3.9342708587646484,-5.011107444763184,0.815187394618988,2.049421787261963,-0.7315929532051086,5.189808368682861,15.705201148986816,15.620061874389648,15.352205276489258,0.04128265380859375,-0.2852547764778137,0.9861937761306763,0.6431973576545715,-6.5836639404296875,-0.5587981939315796,3.5029196739196777,2.2857131958007812,6.26545524597168,4.83112096786499,5.569490432739258,5.247332572937012
762,-0.22996912896633148,-2.5076534748077393,1.6164813041687012,1.523252010345459,-6.6993584632873535,-4.661062717437744,11.622940063476562,10.319266319274902,5.780054092407227,1.9985897541046143,4.202701091766357,4.985122203826904,6.413174152374268,-4.549470901489258,-0.10472427308559418,-4.968446731567383,-10.687324523925781,-4.452406406402588,8.295831680297852,5.0208539962768555,9.952980995178223,7.449996471405029,15.666357040405273,15.679376602172852,-0.030971646308898926,-0.6481735110282898,0.19538888335227966,0.22321154177188873,-7.754306793212891,-1.2946066856384277,3.3532421588897705,2.479907989501953,5.687310695648193,5.276581764221191,5.339861869812012,5.346929550170898
763,-0.9997674226760864,-1.3578906059265137,-3.3200676441192627,-0.9242548942565918,-5.554941177368164,-5.1815314292907715,9.577662467956543,9.461015701293945,3.6347644329071045,5.114299774169922,4.123052597045898,4.154350280761719,5.950132846832275,-8.85304069519043,-3.154675245285034,-8.565394401550293,-12.499388694763184,-9.78735637664795,11.870561599731445,9.09047794342041,14.063002586364746,12.764636993408203,15.698789596557617,15.646592140197754,-0.18894588947296143,-0.3138144016265869,-0.905229926109314,-0.3339434266090393,-8.123326301574707,-1.8953734636306763,3.4365999698638916,2.8607017993927,4.859846591949463,5.988439559936523,5.1469621658325195,5.205034255981445
764,1.3044023513793945,3.887294292449951,-4.038084506988525,-3.146394968032837,-4.617150783538818,-4.808300018310547,10.252096176147461,9.88759708404541,2.0849130153656006,2.618272542953491,4.711080074310303,4.568657875061035,9.155444145202637,-3.421541690826416,-2.2859981060028076,-4.943045616149902,-16.69620704650879,-12.36935806274414,13.034116744995117,10.699979782104492,15.191959381103516,13.604247093200684,15.395272254943848,13.93528938293457,0.4096585512161255,0.8285319805145264,-1.0299978256225586,-1.0702331066131592,-9.600321769714355,-2.429987907409668,5.151505947113037,3.7491745948791504,5.0720109939575195,6.64186429977417,5.237668037414551,5.646602630615234
765,-6.304498195648193,2.881000518798828,-5.692917823791504,-6.403538703918457,-4.111477851867676,-4.621213912963867,10.25290298461914,10.387263298034668,2.0081517696380615,2.73114275932312,4.170492649078369,4.140053749084473,1.869145154953003,-3.3014018535614014,-5.0436835289001465,-8.561612129211426,-15.967924118041992,-14.46875,14.60619068145752,12.57215404510498,15.669331550598145,14.673964500427246,15.70186996459961,15.671343803405762,-1.7086914777755737,0.5158419609069824,-1.4104902744293213,-1.8913377523422241,-9.423254013061523,-2.884019136428833,5.529788017272949,4.456998825073242,5.930415153503418,6.167160987854004,5.282391548156738,5.4767279624938965
766,0.16944745182991028,3.9044926166534424,-7.488119125366211,-7.955556869506836,-4.182662010192871,-2.8905248641967773,9.716075897216797,9.777506828308105,2.0445942878723145,2.5009844303131104,4.059904098510742,4.160884857177734,-1.3345507383346558,-2.9103646278381348,-7.74186897277832,-12.912859916687012,-17.4114990234375,-15.342326164245605,15.724498748779297,14.092236518859863,15.647180557250977,14.475152969360352,15.664966583251953,15.634941101074219,0.24794554710388184,0.7885705828666687,-2.160275459289551,-2.9755985736846924,-10.257502555847168,-1.1928222179412842,5.746737957000732,4.6357502937316895,5.336648941040039,6.365912437438965,4.908120155334473,5.026584625244141
767,-5.255458354949951,4.508378505706787,-4.431788921356201,-5.77500581741333,-3.7773752212524414,9.628371238708496,7.799077987670898,7.74381685256958,2.0307674407958984,3.395392656326294,3.8305346965789795,3.8152899742126465,-6.248736381530762,-4.980747699737549,-9.619808197021484,-17.706228256225586,-17.705013275146484,-10.116606712341309,20.919607162475586,14.313215255737305,15.681706428527832,9.701162338256836,-0.002598757855594158,15.662287712097168,-1.9060230255126953,0.8932467103004456,-1.160992980003357,-2.512467861175537,-4.719375133514404,4.039636135101318,3.892739772796631,3.3121137619018555,6.7385711669921875,5.532632827758789,4.435813903808594,4.3196868896484375
768,-6.492451190948486,8.93561840057373,6.0071635246276855,-0.861160933971405,9.512399673461914,10.676233291625977,-17.532024383544922,-6.392618179321289,1.9810460805892944,4.742187976837158,10.515565872192383,3.040537118911743,-6.2768096923828125,-3.5255959033966064,-6.9734110832214355,-16.972476959228516,-11.966351509094238,-2.796860694885254,15.17451000213623,10.209848403930664,15.614164352416992,0.8747349977493286,-0.005354577675461769,15.690726280212402,-3.698652744293213,2.883141279220581,1.3848340511322021,-0.06448949873447418,5.136725425720215,6.473616123199463,-3.8896360397338867,-1.7031166553497314,4.279081344604492,1.3626629114151,1.9399112462997437,3.019710063934326
769,-8.221019744873047,9.500328063964844,8.400822639465332,12.513525009155273,10.423375129699707,8.800747871398926,-23.547752380371094,-18.877906799316406,-7.4083123207092285,-4.740756511688232,9.421921730041504,14.5371732711792,-0.029489755630493164,0.3520473539829254,0.010139942169189453,-7.724029064178467,0.3521577715873718,2.9048030376434326,6.163319110870361,6.6720075607299805,-9.123624801635742,-11.06330394744873,-0.08339851349592209,0.5389631986618042,-4.6375627517700195,3.4457387924194336,1.6926140785217285,2.344890832901001,7.941011905670166,5.561105728149414,-5.140856742858887,-3.798491954803467,-3.860856533050537,-13.01793098449707,1.9387638568878174,3.421933650970459
770,-9.821304321289062,8.058568954467773,6.5102715492248535,6.801748752593994,8.659914016723633,7.199424743652344,-16.035320281982422,-11.06459903717041,-3.1228394508361816,-3.382434606552124,13.604208946228027,13.442118644714355,4.074432849884033,4.22613000869751,4.887564182281494,-0.5283889174461365,2.1157944202423096,3.667423963546753,-0.11375397443771362,1.7543848752975464,-13.02586841583252,-12.901464462280273,0.0023388355039060116,0.03456365317106247,-4.393526077270508,3.5525319576263428,1.463234782218933,1.1274019479751587,6.991299629211426,2.3551368713378906,-3.2763278484344482,-1.8855903148651123,-3.8890559673309326,-7.1618757247924805,3.3542230129241943,2.99357271194458
771,-10.680715560913086,7.483702182769775,2.596494197845459,5.853426933288574,8.47288990020752,5.851777076721191,-3.7981960773468018,-5.607158184051514,-3.133091688156128,-3.1089935302734375,15.693177223205566,12.591175079345703,5.605800628662109,6.055724620819092,7.328409671783447,3.9692234992980957,2.787829637527466,3.8864150047302246,-1.8921666145324707,-0.9283775091171265,-13.240647315979004,-13.542617797851562,-0.0007049943087622523,0.0051375762559473515,-4.852311611175537,4.5516438484191895,0.511053204536438,1.2910627126693726,6.338840484619141,1.5834379196166992,-0.3866106867790222,-0.9660847783088684,-4.980868339538574,-7.02017879486084,3.9383721351623535,2.7675890922546387
772,-10.83587646484375,7.247118949890137,-2.622636318206787,5.115993976593018,8.229106903076172,4.308879852294922,-0.853460967540741,-3.2609493732452393,-3.054725408554077,-2.885200023651123,14.308219909667969,11.273919105529785,5.2090678215026855,6.105559349060059,6.587883949279785,6.182866096496582,3.631483793258667,3.74428391456604,-2.349553108215332,-2.525886058807373,-13.574975967407227,-13.990175247192383,-0.002102508209645748,0.0026906137354671955,-4.704177379608154,4.813764572143555,-0.631981372833252,1.2683618068695068,5.113595008850098,1.0099866390228271,-0.06773760914802551,-0.6171771883964539,-5.325107097625732,-6.91489315032959,3.2401881217956543,2.391963481903076
773,-10.518230438232422,7.470524311065674,-6.163454055786133,4.81719446182251,7.845647811889648,3.5637753009796143,-0.18742798268795013,-1.6981446743011475,-2.9026002883911133,-2.7257468700408936,11.95184326171875,9.917144775390625,3.739990711212158,4.924546241760254,3.455245018005371,6.926431655883789,4.779537200927734,3.498232841491699,-2.6615993976593018,-3.5162296295166016,-13.901451110839844,-14.265607833862305,-0.0027139876037836075,0.00539416866376996,-4.751535415649414,4.922512054443359,-1.1993670463562012,1.2637742757797241,4.344198703765869,0.827243983745575,-0.013655751943588257,-0.3185766041278839,-5.410778045654297,-7.067600250244141,2.515925168991089,2.0542654991149902
774,-10.083995819091797,7.875915050506592,-6.370986461639404,4.6471405029296875,7.345459938049316,3.117558717727661,0.29947373270988464,-0.08513443171977997,-2.757483720779419,-2.6340928077697754,8.855541229248047,8.67414379119873,2.306609630584717,3.727731466293335,0.27342694997787476,7.380493640899658,6.132258892059326,3.350862741470337,-2.77813720703125,-3.859247922897339,-14.213133811950684,-14.485088348388672,-0.0024061757139861584,0.00684522045776248,-5.003133773803711,4.961546897888184,-1.2597523927688599,1.2437235116958618,3.7233006954193115,0.7153397798538208,0.07315632700920105,0.04888266324996948,-5.465913772583008,-7.14523983001709,1.7264455556869507,1.7683396339416504
775,-9.688128471374512,8.190946578979492,-6.084071636199951,4.207144737243652,6.719213485717773,3.205735445022583,0.8768488764762878,1.1386054754257202,-2.628612995147705,-2.5426037311553955,0.3353528678417206,6.42232084274292,-1.1049582958221436,0.027343757450580597,-4.574501037597656,6.5090413093566895,7.058633327484131,1.895048975944519,-2.5857393741607666,-4.28652811050415,-14.583168983459473,-14.782349586486816,-0.9729493260383606,0.0281504075974226,-5.271886348724365,4.979669570922852,-1.3120107650756836,1.1246544122695923,3.1531107425689697,0.767167329788208,0.18105357885360718,0.24466675519943237,-5.534338474273682,-7.007658004760742,-0.25770264863967896,1.224733591079712
776,-8.641119956970215,9.28393268585205,-3.515113115310669,4.284739971160889,6.488706588745117,5.962378025054932,-2.285141706466675,-3.1511216163635254,-2.433889627456665,-2.393876314163208,-3.3077032566070557,0.6325299739837646,-2.4133188724517822,-0.1745154857635498,-5.465758323669434,7.879261016845703,9.194511413574219,2.2855608463287354,0.8846458196640015,-5.6953229904174805,-15.029804229736328,-14.70860481262207,-15.674229621887207,-0.002717076800763607,-6.119663238525391,5.861094951629639,-0.7604615688323975,1.140196681022644,3.3509154319763184,1.8176546096801758,-0.54936283826828,-0.9479221701622009,-4.868637561798096,-6.14554500579834,-4.609424114227295,-0.0940103530883789
777,-8.858224868774414,9.024093627929688,-1.0419868230819702,3.5644078254699707,5.960511207580566,4.0721869468688965,1.5076098442077637,1.961816668510437,-2.056448459625244,-2.3990964889526367,-4.22245979309082,-2.840353012084961,-1.3234403133392334,0.9123352766036987,-5.367867469787598,8.925480842590332,10.124994277954102,2.910141944885254,0.6382532119750977,-0.8123290538787842,-11.99302864074707,-14.909855842590332,-15.55129337310791,-15.561956405639648,-6.4396257400512695,5.649249076843262,-0.14174941182136536,0.9635804891586304,2.9738996028900146,0.883367657661438,0.4500172734260559,0.600444495677948,-4.442623138427734,-5.601274490356445,-5.6727190017700195,-3.6393208503723145
778,-8.232521057128906,9.082582473754883,-0.4042370915412903,1.442298173904419,4.670468807220459,5.365021228790283,-1.7751528024673462,2.4262235164642334,-9.132137298583984,-2.37723708152771,-4.543615341186523,-4.089184761047363,-4.203234672546387,0.8184767961502075,-5.804327964782715,9.743924140930176,13.879307746887207,1.773180603981018,-0.28968074917793274,-0.26618558168411255,-7.313932292163372e-05,-2.075373649597168,-15.417850494384766,-15.526275634765625,-6.948523044586182,6.195058345794678,-0.07116839289665222,0.3068612813949585,2.496957778930664,1.4313788414001465,-0.47856467962265015,0.49609288573265076,-4.613353729248047,-5.708142280578613,-6.109780788421631,-5.321263790130615
779,-7.492547988891602,9.043149948120117,2.1774380207061768,-0.5328488945960999,2.722275733947754,5.855822563171387,-3.3645739555358887,-0.8457587361335754,-8.941832542419434,-9.197552680969238,-4.485288619995117,-4.173400402069092,-7.747533798217773,0.8678102493286133,-5.525278091430664,10.59850025177002,16.30857276916504,2.3127353191375732,-2.3158369064331055,-1.0855478048324585,0.000132862594909966,0.0009821653366088867,-15.550662994384766,-15.615033149719238,-6.885308742523193,6.425250053405762,0.45514383912086487,-0.17376960813999176,1.0822229385375977,1.6027711629867554,-0.7754200100898743,-0.2964240610599518,-3.643615484237671,-4.753376007080078,-5.822449684143066,-5.189553260803223
780,-6.254920482635498,8.95670223236084,5.244001388549805,-4.248599052429199,-4.704789638519287,3.3412129878997803,-4.024177074432373,-1.3184032440185547,-8.627820014953613,-9.0531587600708,-4.403226852416992,-4.074306011199951,-10.027235984802246,1.1622562408447266,-4.034239768981934,10.278249740600586,13.394658088684082,2.544787883758545,-4.685420513153076,-2.191441535949707,9.282957762479782e-05,0.014339141547679901,-15.554474830627441,-15.626216888427734,-6.622199535369873,6.151838779449463,1.019742488861084,-0.7410746812820435,-1.0326768159866333,0.6540747880935669,-0.9626168608665466,-0.2992304861545563,-3.007513999938965,-3.8502626419067383,-5.5867204666137695,-4.909802436828613
781,-7.1976728439331055,8.423513412475586,7.50023889541626,-5.3437604904174805,-7.821638107299805,4.376858711242676,-5.470813274383545,-3.393122911453247,-6.6948113441467285,-8.503533363342285,-4.17535400390625,-3.9143800735473633,-4.330993175506592,3.0967113971710205,0.1971452236175537,4.950511455535889,7.089547157287598,2.1706020832061768,-8.201181411743164,-3.539396047592163,-0.00017126579768955708,0.0050368234515190125,-15.699845314025879,-15.69146728515625,-5.851430416107178,5.529655933380127,1.5768342018127441,-0.9724682569503784,-1.5948344469070435,1.0710768699645996,-1.5484626293182373,-0.8336011171340942,-1.546545386314392,-2.763737916946411,-5.001912593841553,-4.70988130569458
782,-8.364666938781738,8.049246788024902,6.77721643447876,-1.9644091129302979,-5.281240463256836,5.4299445152282715,-6.048565864562988,-4.973153591156006,1.6217354536056519,-6.61985969543457,-3.539273500442505,-3.92498517036438,-2.056946039199829,3.9288153648376465,4.279049396514893,5.483567237854004,5.5970988273620605,3.3824844360351562,-12.08741283416748,-6.826697826385498,1.9653849601745605,0.0015318673104047775,-15.696516990661621,-15.69845199584961,-5.9470014572143555,4.6700334548950195,1.5250697135925293,-0.22652830183506012,-0.8838742971420288,1.5155413150787354,-2.0211338996887207,-1.320136547088623,0.6686716079711914,-1.522216796875,-3.8280045986175537,-4.7583465576171875
783,-8.86093521118164,7.875770568847656,6.692135334014893,-2.6732370853424072,-6.632273197174072,4.685425281524658,-5.3602094650268555,-4.735748767852783,4.633230209350586,1.6712795495986938,-2.7729549407958984,-3.6803970336914062,-0.140884131193161,3.8112521171569824,7.432065963745117,5.027864933013916,3.4298548698425293,4.593545436859131,-16.123966217041016,-10.409645080566406,13.564608573913574,1.7849041223526,-14.932758331298828,-15.623448371887207,-5.768667697906494,3.638906240463257,1.7586208581924438,-0.47909867763519287,-1.4508262872695923,1.1861157417297363,-2.2137231826782227,-1.3964171409606934,4.030296325683594,0.678784966468811,-2.6401753425598145,-4.133330345153809
784,-10.435328483581543,5.451711654663086,7.094884872436523,-4.30955696105957,-7.758394241333008,4.555058479309082,-4.045510768890381,-4.719047546386719,9.39379596710205,4.909740447998047,-0.13038301467895508,-2.346170663833618,2.2646610736846924,2.920868396759033,9.66960620880127,2.221836805343628,-1.1645536422729492,7.253079414367676,-19.502971649169922,-14.246325492858887,-1.6248761415481567,12.70803165435791,-8.490839958190918,-14.690412521362305,-3.890662670135498,1.3116929531097412,2.234642505645752,-0.8215770721435547,-2.65693736076355,1.3530995845794678,-2.2132511138916016,-1.7410533428192139,7.120943069458008,4.077056884765625,0.4048249423503876,-2.0306649208068848
785,-8.484169006347656,-0.6581459045410156,6.909578800201416,-2.7981505393981934,-8.192981719970703,1.9085705280303955,-0.38099244236946106,-0.47903192043304443,10.032967567443848,2.062424421310425,6.6123270988464355,-0.8775587677955627,0.08256515860557556,0.3134017288684845,8.7017240524292,-1.9106881618499756,-0.7039830684661865,7.24934196472168,-19.507118225097656,-15.499780654907227,-1.3423426151275635,15.70253849029541,15.630491256713867,-10.470049858093262,-2.334275245666504,-0.38816022872924805,2.0162136554718018,-0.5171998143196106,-2.375593900680542,0.3987743854522705,0.09561264514923096,0.07771927118301392,7.214998245239258,5.114088535308838,4.761685371398926,-0.15275317430496216
786,-4.087900161743164,-2.2523112297058105,4.956816673278809,-1.7761082649230957,-9.005718231201172,0.769732654094696,11.550642967224121,9.817514419555664,9.59380054473877,1.989688754081726,4.330438137054443,9.278473854064941,-0.6845555305480957,-3.6582999229431152,8.794648170471191,-3.611644983291626,-1.708659052848816,5.120189666748047,-10.858447074890137,-11.392309188842773,0.5718085169792175,15.701990127563477,15.618616104125977,13.592679977416992,-0.7171189785003662,-0.5624657273292542,1.3261879682540894,-0.3585309684276581,-4.441776275634766,0.1337827444076538,1.9980876445770264,1.6878776550292969,6.521466255187988,4.883818626403809,5.942564487457275,3.3594069480895996
787,-0.49954304099082947,-2.3300955295562744,1.4360195398330688,0.4039018154144287,-8.700130462646484,-0.5450703501701355,15.75334644317627,12.029905319213867,8.374820709228516,1.995221495628357,4.433256149291992,4.202152252197266,-1.2665908336639404,-6.6701555252075195,0.14463043212890625,-5.986976623535156,-4.658102989196777,2.4347493648529053,0.7575034499168396,-1.8880057334899902,4.239288806915283,15.467158317565918,15.700653076171875,15.899325370788574,0.03940838575363159,-0.5343421697616577,0.2270418107509613,0.16209398210048676,-6.322634220123291,-0.15380358695983887,3.4514265060424805,2.3083415031433105,6.328378677368164,4.987382888793945,5.629281997680664,5.2894487380981445
788,0.4029396176338196,-2.3174824714660645,2.7340266704559326,2.550081491470337,-7.28599739074707,-4.719727516174316,12.30609130859375,10.117249488830566,6.260766983032227,2.008692979812622,4.280827045440674,4.179269313812256,4.834216594696045,-6.8568315505981445,0.03478185087442398,-4.984133720397949,-9.144428253173828,-2.9598941802978516,7.331859111785889,4.742579936981201,9.056398391723633,7.559891223907471,15.639047622680664,14.278579711914062,0.12053608894348145,-0.6517373323440552,0.5745673179626465,0.5089750289916992,-7.774569988250732,-1.2697267532348633,3.461094856262207,2.3779256343841553,6.010329246520996,5.154991149902344,5.343573570251465,5.323837757110596
789,-1.039303183555603,-0.5914663672447205,-1.1454412937164307,0.8365421891212463,-6.171555519104004,-4.956212043762207,10.40776252746582,9.74882984161377,4.191413402557373,5.185784339904785,4.187134742736816,5.007404327392578,7.052730560302734,-8.261268615722656,-0.6134850978851318,-6.607011795043945,-11.63214111328125,-8.66814136505127,11.179935455322266,8.598926544189453,12.879584312438965,12.129786491394043,15.6998872756958,15.521459579467773,-0.218561053276062,-0.06933289021253586,-0.3783213198184967,0.0815235823392868,-8.311505317687988,-1.601184606552124,3.6277058124542236,2.8734350204467773,5.233651638031006,5.873682022094727,5.2213215827941895,5.316733360290527
790,1.1600693464279175,2.6301143169403076,-3.8189258575439453,-2.334038496017456,-4.909133434295654,-4.905553817749023,10.03537368774414,9.360721588134766,2.161116123199463,2.6622204780578613,4.190792083740234,4.323458671569824,5.728278636932373,-7.812462329864502,-2.887063980102539,-8.407243728637695,-15.881302833557129,-12.101826667785645,13.837824821472168,11.30424690246582,15.562177658081055,14.90630054473877,15.14046573638916,15.424040794372559,0.3969675302505493,0.536756694316864,-0.9266397953033447,-0.7764768600463867,-9.649079322814941,-2.3546016216278076,4.719387054443359,3.411952495574951,4.9405670166015625,6.611812591552734,5.457496643066406,5.676557540893555
791,-1.610316514968872,4.123340606689453,-6.6362786293029785,-5.877652645111084,-4.074939250946045,-4.631409645080566,10.235649108886719,10.049140930175781,2.196868419647217,2.856388568878174,4.436447620391846,5.903791904449463,5.316267967224121,-2.8260011672973633,-2.451345920562744,-6.590610027313232,-17.09654998779297,-13.772622108459473,14.545685768127441,12.453849792480469,15.662203788757324,13.921340942382812,15.693368911743164,15.59969711303711,-0.3684811592102051,0.8590157628059387,-1.5675959587097168,-1.6669164896011353,-10.029156684875488,-2.4803552627563477,5.442333698272705,4.271135330200195,5.4902119636535645,6.616854190826416,5.2216057777404785,5.683382034301758
792,-3.109459161758423,3.9958386421203613,-8.188825607299805,-7.900789737701416,-3.902343988418579,-3.8076987266540527,9.6876859664917,9.807255744934082,2.025380849838257,2.7341082096099854,4.040700912475586,4.231557846069336,-0.8732641339302063,-2.987952947616577,-5.891458034515381,-11.368109703063965,-17.960596084594727,-15.175054550170898,15.667534828186035,14.014957427978516,15.67269229888916,14.33785343170166,15.697053909301758,15.635001182556152,-0.6697729825973511,0.7736825346946716,-2.123239517211914,-2.62784743309021,-10.246369361877441,-1.9383175373077393,5.654659748077393,4.649691104888916,5.466330051422119,6.415875434875488,4.988051414489746,5.161619186401367
793,-2.824197292327881,4.259815216064453,-6.955869197845459,-7.006730556488037,-3.762326240539551,7.909952640533447,8.663146018981934,8.735991477966309,2.0305914878845215,3.2135634422302246,3.9018402099609375,3.96586275100708,-5.477947235107422,-5.108221054077148,-8.529586791992188,-16.66080093383789,-18.23350715637207,-11.046708106994629,21.001140594482422,14.703306198120117,15.701969146728516,10.834787368774414,0.004489421844482422,15.580094337463379,-0.6650144457817078,0.8172267079353333,-1.9502286911010742,-3.027848243713379,-7.080296039581299,2.3114500045776367,4.857271671295166,4.157556056976318,6.361076354980469,5.961113929748535,4.6407084465026855,4.6116485595703125
794,-6.044861793518066,8.874956130981445,1.9739595651626587,-2.710409641265869,9.098407745361328,10.7815580368042,-11.049179077148438,0.29459336400032043,2.016270637512207,5.917006015777588,11.615618705749512,3.4002246856689453,-7.141871929168701,-4.881579399108887,-7.745028018951416,-17.929363250732422,-12.653473854064941,-4.329348564147949,17.1706600189209,12.308980941772461,15.69629955291748,3.365401029586792,-0.002197248861193657,15.632257461547852,-3.2729592323303223,2.6652424335479736,0.725257158279419,-1.08555006980896,3.366586685180664,5.9167866706848145,-2.4945902824401855,-0.5137166380882263,5.512190818786621,3.7662549018859863,2.238744020462036,3.3159279823303223
795,-7.7319865226745605,9.041919708251953,8.091706275939941,11.91635799407959,10.612489700317383,9.007993698120117,-25.048969268798828,-21.021377563476562,-8.26157283782959,-4.400218963623047,9.093085289001465,13.758596420288086,0.30715954303741455,3.8213562965393066,-1.1460973024368286,-9.254815101623535,-0.10306717455387115,4.253073215484619,7.649538993835449,8.1265869140625,-6.528867721557617,-14.122551918029785,-0.02335394360125065,0.19060418009757996,-5.130430221557617,4.424101829528809,1.6785988807678223,2.325531244277954,7.239182949066162,6.390131950378418,-5.76966667175293,-4.584090709686279,-3.5385661125183105,-10.785075187683105,1.8058953285217285,3.0809431076049805
796,-9.514816284179688,7.884778022766113,8.066410064697266,8.852720260620117,8.431328773498535,7.7912750244140625,-18.946552276611328,-10.332091331481934,-2.773940324783325,-5.015688419342041,13.723808288574219,13.935117721557617,3.463639736175537,3.748304843902588,4.38289213180542,-1.1088510751724243,2.9168264865875244,2.3588242530822754,0.48826417326927185,3.231140613555908,-13.430869102478027,-11.54918098449707,-0.0026574376970529556,0.004907453432679176,-4.826479911804199,2.6948044300079346,1.8433938026428223,1.540138602256775,7.3214802742004395,2.5880894660949707,-4.1326446533203125,-1.5751938819885254,-3.8304083347320557,-7.892663478851318,3.426628351211548,3.2086730003356934
797,-10.584901809692383,7.525528907775879,3.276665687561035,5.6106486320495605,8.216541290283203,6.412384510040283,-5.522681713104248,-7.808506011962891,-3.0442087650299072,-3.0729875564575195,15.582390785217285,12.29389476776123,5.29296350479126,5.751664638519287,7.179072856903076,3.8975491523742676,3.688199758529663,3.520117998123169,-2.008810043334961,-0.24052521586418152,-13.39008903503418,-13.521903991699219,-0.0001180027611553669,0.0026837140321731567,-5.025057792663574,4.597709655761719,0.6566563844680786,1.151670217514038,6.480966091156006,1.8058950901031494,-0.7315784096717834,-1.49299955368042,-4.886914253234863,-7.046428680419922,3.8791019916534424,2.646683692932129
798,-10.831292152404785,7.318558216094971,-1.205313801765442,5.062855243682861,7.966109752655029,4.61352014541626,-2.5790138244628906,-4.995853900909424,-3.0015857219696045,-2.9180705547332764,14.116397857666016,10.927733421325684,5.242091655731201,6.080650329589844,7.033447742462158,6.676977157592773,4.459352970123291,3.572587251663208,-3.096637010574341,-2.580517292022705,-13.64769172668457,-13.90334415435791,-0.0013297874247655272,0.003876641858369112,-5.036707878112793,5.110623359680176,-0.38758400082588196,1.2772620916366577,5.245443344116211,1.0815389156341553,-0.4553834795951843,-0.9811387658119202,-5.129698276519775,-6.928711414337158,3.1763699054718018,2.3023366928100586
799,-10.572189331054688,7.483914375305176,-5.684154987335205,4.566735744476318,7.621643543243408,3.679746627807617,-0.5193538069725037,-3.001012086868286,-2.875281572341919,-2.763824701309204,12.138310432434082,9.583518028259277,3.7693254947662354,4.975193023681641,4.093580722808838,7.566338062286377,5.48701286315918,3.3742411136627197,-3.625248432159424,-4.126491546630859,-13.961977005004883,-14.187939643859863,-0.0038584424182772636,0.006241459399461746,-5.008321285247803,5.267681121826172,-1.1221662759780884,1.2219985723495483,4.33884334564209,0.8452813625335693,-0.031855255365371704,-0.6090466380119324,-5.243930816650391,-7.119842529296875,2.5843679904937744,1.975537896156311
800,-10.102620124816895,7.895077705383301,-6.249466896057129,4.542324066162109,7.123678684234619,2.997349500656128,0.19707873463630676,-1.273734450340271,-2.7258052825927734,-2.6745071411132812,9.087409019470215,8.159116744995117,2.211181640625,3.726353406906128,0.9350990653038025,8.048162460327148,6.908959865570068,3.1358871459960938,-3.8337607383728027,-4.969141006469727,-14.2671480178833,-14.417250633239746,-0.005334110930562019,0.008240773342549801,-5.241186618804932,5.357245445251465,-1.220221757888794,1.2605262994766235,3.659574031829834,0.6676533222198486,0.064028799533844,-0.22925305366516113,-5.262649059295654,-7.212873458862305,1.7813212871551514,1.6428385972976685
801,-9.648879051208496,8.328267097473145,-6.184796333312988,4.2704877853393555,6.424919605255127,2.992344379425049,1.2566291093826294,0.2696298062801361,-2.6031720638275146,-2.6501564979553223,1.1672523021697998,5.486331939697266,0.668890118598938,2.9052600860595703,-1.8241891860961914,8.395147323608398,8.733601570129395,3.247927188873291,-3.6148486137390137,-5.165255546569824,-14.514793395996094,-14.76589298248291,-0.002526543103158474,0.007229524664580822,-5.5345048904418945,5.419994831085205,-1.3121445178985596,1.1876510381698608,3.051870346069336,0.6913188099861145,0.25961118936538696,0.11216670274734497,-5.3031721115112305,-7.102308750152588,-0.0684129074215889,1.0100067853927612
802,-8.754328727722168,8.994451522827148,-5.958403587341309,4.328190803527832,5.551723003387451,2.6335580348968506,1.5531262159347534,1.2564154863357544,-2.277167797088623,-2.504855155944824,-3.2068772315979004,-1.5023887157440186,-2.187422037124634,-0.29161208868026733,-5.381107330322266,7.55869722366333,8.77328872680664,2.237574577331543,1.2633557319641113,-4.364060401916504,-15.569221496582031,-15.204693794250488,-15.681621551513672,-4.069732666015625,-5.862432956695557,5.575281143188477,-1.3921171426773071,1.1922111511230469,2.468118190765381,0.5764175057411194,0.34673553705215454,0.2449735403060913,-5.12306547164917,-6.487952709197998,-4.652420997619629,-0.5692553520202637
803,-8.509547233581543,9.190187454223633,-1.3433979749679565,3.546194553375244,5.732524394989014,4.811631679534912,-0.7453769445419312,0.22767172753810883,-2.032473564147949,-2.3532328605651855,-4.267956733703613,-3.3968071937561035,-4.35756778717041,0.25476500391960144,-5.864261150360107,8.61341381072998,12.764941215515137,2.143606662750244,0.6462528705596924,-0.9999271035194397,0.0019092750735580921,-14.801074981689453,-15.695903778076172,-15.577332496643066,-6.706254959106445,5.997262477874756,-0.1364583671092987,0.9382124543190002,3.015286445617676,1.3100099563598633,-0.23470598459243774,0.012208342552185059,-4.35935115814209,-5.661785125732422,-5.894303798675537,-4.729992866516113
804,-7.838751792907715,9.09310245513916,0.9863452911376953,0.9957229495048523,3.9124975204467773,4.76611852645874,-3.372124433517456,0.8153819441795349,-8.981203079223633,-2.3629837036132812,-4.4985833168029785,-4.163970947265625,-6.3123459815979,0.6745707392692566,-5.657223701477051,9.9088773727417,15.190991401672363,2.118776798248291,-1.2669379711151123,-1.3691210746765137,0.00014850852312520146,-15.017884254455566,-15.574578285217285,-15.602370262145996,-7.011899471282959,6.553746223449707,0.2598697245121002,0.160164937376976,1.7599366903305054,1.1531721353530884,-0.7894435524940491,0.17831271886825562,-3.7797887325286865,-5.564692974090576,-6.089783668518066,-5.5175933837890625
805,-6.629867076873779,8.955527305603027,2.1131415367126465,-0.8988336324691772,1.323275089263916,4.792073726654053,-2.9140195846557617,0.1309242695569992,-8.781790733337402,-9.142297744750977,-4.472836017608643,-4.196564674377441,-12.300575256347656,0.9768099784851074,-5.039609432220459,10.628965377807617,17.361408233642578,2.351623058319092,-3.0091052055358887,-1.7247120141983032,0.0001639713009353727,0.08260129392147064,-15.580022811889648,-15.609186172485352,-6.954716205596924,6.733139991760254,0.3978138267993927,-0.2140747457742691,0.4247347414493561,1.1410138607025146,-0.6202499270439148,-0.00014904141426086426,-3.282959222793579,-5.062241077423096,-5.844245910644531,-5.312586307525635
806,-6.001406192779541,8.905011177062988,6.604019641876221,-5.863068103790283,-8.903388023376465,2.6705029010772705,-4.234034061431885,-3.6005160808563232,-8.055985450744629,-8.761353492736816,-4.29907751083374,-4.003143787384033,-6.134854793548584,2.841493844985962,-1.5710675716400146,5.953499794006348,8.52833366394043,1.5634350776672363,-5.817888259887695,-3.1043553352355957,-4.066863766638562e-05,0.034380681812763214,-15.637417793273926,-15.339734077453613,-6.0664544105529785,5.9288105964660645,1.3564066886901855,-1.0225105285644531,-2.4144399166107178,0.5051181316375732,-1.0709621906280518,-0.9567846655845642,-2.358928680419922,-3.087899923324585,-5.313746929168701,-4.825616359710693
807,-7.8933563232421875,8.221427917480469,6.832884311676025,-2.2114417552948,-5.1985554695129395,5.451930046081543,-6.257061004638672,-4.808843612670898,-2.4049437046051025,-7.614336967468262,-3.6908154487609863,-3.9335696697235107,-3.558014392852783,3.7930736541748047,2.156898260116577,6.626127243041992,6.529141902923584,2.3310799598693848,-9.476568222045898,-6.0485005378723145,-0.026010729372501373,-0.0030362457036972046,-15.688340187072754,-15.684340476989746,-5.861961364746094,4.979246139526367,1.4641193151474,-0.27158689498901367,-0.8146618008613586,1.543223261833191,-1.9007487297058105,-1.2218146324157715,-0.2675483226776123,-2.010587453842163,-4.083913326263428,-4.7144775390625
808,-8.440057754516602,7.893479824066162,6.000988960266113,-2.8534252643585205,-6.265520095825195,5.177716255187988,-5.42606782913208,-4.302663326263428,4.620253562927246,-3.2804996967315674,-3.1983706951141357,-3.7850775718688965,-1.6889805793762207,4.202375411987305,5.3876495361328125,6.213602542877197,4.875648498535156,3.6881351470947266,-13.023185729980469,-9.036471366882324,9.441194534301758,-0.009179558604955673,-15.692544937133789,-15.69872760772705,-5.723638534545898,4.225688457489014,1.4152008295059204,-0.4897139072418213,-1.2588592767715454,1.3352285623550415,-1.8375513553619385,-1.1768929958343506,2.01066255569458,-0.5042902827262878,-3.305758476257324,-4.4118804931640625
809,-10.730147361755371,6.888431072235107,6.704858779907227,-4.382841110229492,-8.252913475036621,5.080238342285156,-4.933964252471924,-4.841337203979492,9.150784492492676,5.188434600830078,-2.2411398887634277,-3.018216609954834,2.845289707183838,3.209075927734375,7.788674831390381,3.8333349227905273,0.9318514466285706,5.974236488342285,-16.93781280517578,-12.576617240905762,-1.6658425331115723,9.073817253112793,-13.343551635742188,-15.696770668029785,-4.428482532501221,2.3459227085113525,1.9505243301391602,-0.7940953969955444,-2.2423489093780518,1.489312767982483,-2.1923840045928955,-1.6492292881011963,6.149919509887695,2.567829132080078,-1.2956843376159668,-3.009139060974121
810,-9.252336502075195,2.3718934059143066,6.580356597900391,-2.4188716411590576,-7.254384517669678,3.7356467247009277,-2.3530945777893066,-2.4792723655700684,9.988389015197754,2.745431900024414,7.361763000488281,-2.3465347290039062,0.927622377872467,1.0113493204116821,8.195830345153809,0.7435951828956604,0.7407310605049133,6.983468532562256,-20.291912078857422,-15.060457229614258,-1.8437515497207642,15.85979175567627,4.843283176422119,-13.313251495361328,-3.3098220825195312,0.31126344203948975,1.914211630821228,-0.39630556106567383,-1.9596481323242188,1.0287480354309082,-1.152648687362671,-0.8193077445030212,6.960643291473389,4.667826175689697,1.7170864343643188,-1.483353853225708
811,-5.884552955627441,-2.167666435241699,5.6319169998168945,-3.041316270828247,-8.410414695739746,2.2112162113189697,3.506563186645508,3.8901078701019287,9.726217269897461,1.984147071838379,3.9630188941955566,2.289435386657715,-0.6353664994239807,-2.8094842433929443,7.707126140594482,-3.5865542888641357,0.2440546154975891,6.434844493865967,-17.223583221435547,-14.086353302001953,-0.755602240562439,15.700151443481445,15.559721946716309,-6.112113952636719,-1.1937353610992432,-0.6504716277122498,1.4970588684082031,-0.6773999929428101,-3.8503711223602295,0.5071189403533936,0.7481072545051575,0.8016844987869263,6.776876926422119,5.17534065246582,6.085164546966553,0.6761927604675293
812,-2.0080721378326416,-1.6932908296585083,4.785070419311523,-0.9841230511665344,-8.529170036315918,0.6936739087104797,16.108829498291016,11.433526039123535,8.786967277526855,2.0150744915008545,4.321718692779541,7.073173522949219,-2.7446794509887695,-6.444269180297852,-0.27545812726020813,-6.470876216888428,-2.6609878540039062,4.551112651824951,-5.483727931976318,-7.651963233947754,2.2725274562835693,15.662574768066406,15.594354629516602,15.414592742919922,-0.3185136318206787,-0.4434220790863037,0.8653219938278198,-0.18474598228931427,-5.769779682159424,0.0977931022644043,3.125978469848633,1.9407665729522705,6.438319206237793,4.954532146453857,6.080574989318848,5.180523872375488
813,0.7485708594322205,-1.880016565322876,3.8768081665039062,2.319309711456299,-7.919534206390381,-2.6471290588378906,14.415361404418945,11.399055480957031,7.256421089172363,2.0082125663757324,4.285003185272217,4.034923076629639,3.513683557510376,-6.667638301849365,-0.006487846374511719,-4.24167013168335,-6.621889591217041,0.45234912633895874,2.8876242637634277,0.6567136645317078,6.799844264984131,15.681205749511719,15.671380996704102,15.353541374206543,0.26631462574005127,-0.5091847777366638,0.7459793090820312,0.5172727108001709,-7.080507755279541,-0.6382569074630737,3.3501617908477783,2.3192269802093506,6.151214122772217,4.828916072845459,5.478455066680908,5.1847052574157715
814,-0.47066304087638855,-2.323585033416748,1.3692041635513306,1.4026291370391846,-6.66874361038208,-5.097176551818848,11.68051528930664,10.809408187866211,5.251461982727051,2.002596139907837,4.169412612915039,4.701735496520996,8.327423095703125,-5.683173179626465,-0.1007862389087677,-4.586002349853516,-10.116607666015625,-4.364798069000244,8.24033260345459,5.906842231750488,10.819940567016602,7.164597034454346,15.644497871398926,15.69902229309082,-0.11980700492858887,-0.5851187705993652,0.1780928075313568,0.21727736294269562,-7.970324993133545,-1.464622974395752,3.39633846282959,2.747992515563965,5.712206840515137,5.530611038208008,5.287200450897217,5.399768829345703
815,-2.5688767433166504,1.0540320873260498,-3.686737298965454,-1.0418652296066284,-6.03381872177124,-5.220637798309326,9.593170166015625,9.550289154052734,3.4672398567199707,4.242725849151611,4.081040382385254,4.212558269500732,6.081225395202637,-8.341922760009766,-3.082221508026123,-8.341118812561035,-11.930161476135254,-9.521977424621582,11.667131423950195,9.802224159240723,13.898160934448242,13.534565925598145,15.709785461425781,15.640032768249512,-0.48297786712646484,0.30953317880630493,-0.9899210929870605,-0.36334389448165894,-8.436736106872559,-1.8987507820129395,3.3883395195007324,3.0049848556518555,4.739955425262451,5.9632062911987305,5.110790252685547,5.232422828674316
816,2.3565895557403564,4.146023750305176,-5.066877365112305,-3.728607177734375,-4.873520374298096,-4.93303108215332,10.190506935119629,9.603960990905762,2.077279806137085,2.46868896484375,4.122134685516357,4.309086799621582,10.013764381408691,-3.036264181137085,-2.4754621982574463,-5.691336154937744,-16.995403289794922,-11.83349609375,13.292627334594727,11.415058135986328,15.266583442687988,13.285384178161621,14.074260711669922,13.139232635498047,0.8162258863449097,0.797559916973114,-1.2927453517913818,-1.2939704656600952,-10.379558563232422,-2.4589459896087646,5.19337272644043,3.8847427368164062,4.865086078643799,6.483537673950195,5.24965763092041,5.657841205596924
817,-7.011622428894043,3.7824275493621826,-5.599257469177246,-5.9469194412231445,-4.135713577270508,-4.562480449676514,10.286892890930176,10.389716148376465,2.04377818107605,2.9343576431274414,4.125125408172607,4.386633396148682,1.5038213729858398,-3.0935022830963135,-5.00556755065918,-9.01207447052002,-16.985897064208984,-14.027277946472168,14.67791748046875,13.149544715881348,15.665215492248535,14.237625122070312,15.69630241394043,15.615930557250977,-2.0997161865234375,0.7292670011520386,-1.3294386863708496,-1.7145907878875732,-9.818042755126953,-2.481435775756836,5.458093166351318,4.6857590675354,5.884495735168457,5.993302822113037,5.224376678466797,5.36187744140625
818,0.9989672899246216,4.199002265930176,-7.754889965057373,-7.889187335968018,-4.050704479217529,-2.755178451538086,9.655698776245117,9.73519515991211,2.0195345878601074,2.6989076137542725,4.004055023193359,4.097684860229492,-1.0630102157592773,-3.1043314933776855,-7.1814045906066895,-13.272953987121582,-17.952808380126953,-14.7727632522583,18.762903213500977,14.500946998596191,15.677919387817383,14.031612396240234,5.818940162658691,15.55263614654541,0.4731360673904419,0.8292009234428406,-2.2497432231903076,-3.0416131019592285,-10.568572998046875,-1.0626037120819092,5.71959924697876,4.852846145629883,5.231695175170898,6.303028106689453,4.8905558586120605,4.9641313552856445
819,-5.679640293121338,5.326054573059082,-4.0093231201171875,-5.520852088928223,-3.6038150787353516,9.589816093444824,4.519896984100342,7.751529216766357,2.015747547149658,3.547605514526367,15.971577644348145,3.823603630065918,-5.929449081420898,-5.13382625579834,-9.353645324707031,-17.696866989135742,-17.836822509765625,-9.54298210144043,20.40941619873047,14.582032203674316,15.703065872192383,9.420921325683594,-0.0026674214750528336,15.60037612915039,-2.369720935821533,1.0826241970062256,-0.9555675983428955,-2.4731035232543945,-4.406808376312256,4.005300045013428,3.0543384552001953,3.4141173362731934,6.883511543273926,5.442684650421143,3.7260611057281494,4.180774211883545
820,-6.6512885093688965,8.629528045654297,5.1233601570129395,-0.415086030960083,9.57551383972168,10.566466331481934,-17.97610092163086,-5.796262264251709,1.9778684377670288,5.348657131195068,9.348138809204102,3.142791748046875,-5.813570022583008,-4.038995265960693,-7.0623555183410645,-17.678895950317383,-12.022366523742676,-2.679412841796875,14.462515830993652,15.459552764892578,15.57345962524414,1.5702260732650757,-0.003761567175388336,-0.016063913702964783,-3.786101818084717,2.3558294773101807,1.1793256998062134,0.19458924233913422,5.681751728057861,6.1239447593688965,-3.928187370300293,-1.5988850593566895,4.159572124481201,1.7840524911880493,1.6858373880386353,3.2052454948425293
821,-8.45858097076416,8.358323097229004,9.24228572845459,12.726940155029297,10.3313570022583,8.492090225219727,-22.473358154296875,-19.72364616394043,-7.4767045974731445,-3.7290115356445312,9.439471244812012,12.012328147888184,2.340297222137451,5.585842132568359,0.8209880590438843,-6.488323211669922,0.5366020202636719,5.692067623138428,5.511475563049316,6.500151634216309,-8.484155654907227,-15.673760414123535,-0.0014190790243446827,-0.02657591924071312,-4.742630481719971,3.509686231613159,1.9327418804168701,2.3486790657043457,8.332457542419434,6.089383602142334,-4.724874973297119,-4.075239181518555,-3.4159469604492188,-12.990850448608398,2.0049595832824707,2.5353827476501465
822,-9.962747573852539,6.759164810180664,7.643963813781738,8.664855003356934,8.66441535949707,6.965151786804199,-16.805641174316406,-8.519909858703613,-3.3555562496185303,-3.0830891132354736,14.51717472076416,13.829668998718262,4.0437912940979,4.562273025512695,5.232818603515625,-0.023422863334417343,2.293290853500366,4.04547643661499,-0.30933308601379395,2.479461431503296,-12.964929580688477,-9.942038536071777,-0.011481396853923798,0.008079301565885544,-5.2956461906433105,3.0102968215942383,1.7811957597732544,1.5636001825332642,7.489869594573975,2.8259809017181396,-3.6162285804748535,-1.2434172630310059,-3.878535747528076,-6.955099582672119,3.700838327407837,3.195077896118164
823,-10.722274780273438,7.5123748779296875,2.428907871246338,5.5191192626953125,8.424932479858398,6.5159735679626465,-6.0025315284729,-7.620935916900635,-3.131882905960083,-3.6857924461364746,15.23674488067627,11.648111343383789,5.602962970733643,5.774853706359863,7.396549701690674,4.6228413581848145,2.9590935707092285,4.510972499847412,-2.9401144981384277,-0.8616843223571777,-13.246996879577637,-13.094564437866211,-0.0010133024770766497,0.012635994702577591,-4.93430757522583,4.666913986206055,0.4187332093715668,1.1656630039215088,6.830550193786621,2.018305778503418,-0.9490496516227722,-1.5414941310882568,-5.272538185119629,-7.167563438415527,3.680980682373047,2.45766544342041
824,-10.88723087310791,7.366219520568848,-2.4736597537994385,4.773407459259033,8.230461120605469,4.856454372406006,-3.735534906387329,-4.8122711181640625,-3.062258720397949,-3.0469753742218018,13.381175994873047,10.556139945983887,5.226861476898193,5.771859169006348,6.302702903747559,6.8733978271484375,3.609724760055542,4.416173458099365,-4.538171768188477,-3.1376826763153076,-13.547566413879395,-13.653481483459473,-0.001684738090261817,0.0030134764965623617,-5.103041648864746,5.120926856994629,-0.5977346897125244,1.2123780250549316,5.604501247406006,1.2226663827896118,-0.779932975769043,-0.9604508280754089,-5.213865280151367,-6.908529758453369,2.935633897781372,2.2218663692474365
825,-10.577354431152344,7.585961818695068,-5.680736541748047,4.402746200561523,7.938168525695801,4.028160572052002,-1.3592125177383423,-2.5158374309539795,-2.9115207195281982,-2.8813629150390625,11.303888320922852,9.3508882522583,3.7818429470062256,4.687673091888428,3.163341999053955,7.554338455200195,4.618984222412109,4.007643699645996,-5.411623001098633,-4.497316360473633,-13.886861801147461,-13.939988136291504,-0.00054689880926162,0.005071566440165043,-5.134075164794922,5.259731292724609,-1.1109745502471924,1.1810935735702515,4.841631889343262,0.9803427457809448,-0.22610658407211304,-0.4926234483718872,-5.217216491699219,-7.165112018585205,2.3620846271514893,1.9256080389022827
826,-10.14027214050293,7.944731712341309,-5.962085247039795,4.375244617462158,7.514515399932861,3.6042962074279785,-0.12369503825902939,-0.6000306010246277,-2.7604048252105713,-2.7650883197784424,7.726827144622803,7.856069087982178,2.3697245121002197,3.4489593505859375,0.1508873701095581,7.901437759399414,5.952274322509766,3.558603048324585,-5.716559886932373,-5.063547611236572,-14.198548316955566,-14.09797477722168,-0.0009474195539951324,0.007135092746466398,-5.376259803771973,5.293933868408203,-1.1860276460647583,1.2061179876327515,4.26776123046875,0.8606303930282593,0.02599400281906128,-0.06021004915237427,-5.197207450866699,-7.26078987121582,1.4537813663482666,1.5730122327804565
827,-8.925336837768555,9.329935073852539,-5.329921722412109,4.494284152984619,7.180540561676025,3.7433807849884033,1.127712607383728,1.2303245067596436,-2.565411329269409,-2.4715988636016846,-3.486299514770508,4.395031452178955,-1.3501486778259277,-0.2500719428062439,-3.8635079860687256,7.022703647613525,6.9122724533081055,2.2946834564208984,-2.1858999729156494,-5.624039649963379,-14.604642868041992,-14.425195693969727,-11.533428192138672,0.004820123314857483,-5.669372081756592,5.317502975463867,-1.2530683279037476,1.1619958877563477,3.7524454593658447,0.8683748245239258,0.2385304570198059,0.2732256054878235,-5.1686320304870605,-7.061781883239746,-1.3695002794265747,0.7531704902648926
828,-8.750951766967773,9.303239822387695,-2.802980422973633,4.422394752502441,6.703360557556152,6.426491737365723,-0.598934531211853,-2.94380784034729,-2.421856164932251,-2.682466506958008,-3.7152843475341797,-4.526955604553223,-1.9024252891540527,0.20277465879917145,-4.315843105316162,8.294038772583008,9.413816452026367,2.540558338165283,-1.7162402868270874,-3.514596700668335,-15.24536418914795,-14.415959358215332,-15.651595115661621,-10.765462875366211,-6.7146759033203125,6.249820232391357,-0.5440847873687744,1.218012809753418,4.5205206871032715,2.0947253704071045,-0.1857466697692871,-0.8867866396903992,-4.286825180053711,-6.116815090179443,-5.59047269821167,-1.5593746900558472
829,-8.908854484558105,9.04597282409668,-1.2019110918045044,2.6820743083953857,6.167171001434326,5.3309550285339355,0.8356476426124573,3.7398481369018555,-1.9967725276947021,-2.5252392292022705,-4.358634948730469,-3.724865198135376,-0.8373012542724609,0.7814136147499084,-4.574814319610596,9.194512367248535,10.320497512817383,2.667795419692993,-2.0702803134918213,-1.5275278091430664,-7.025986671447754,-14.620529174804688,-15.556605339050293,-15.548055648803711,-6.749326705932617,6.21306037902832,-0.21133553981781006,0.6816812753677368,3.6629843711853027,1.3071413040161133,0.21034103631973267,0.9824253916740417,-4.349796295166016,-5.562753677368164,-5.815483570098877,-5.106522083282471
830,-8.22346019744873,9.047918319702148,-0.13916389644145966,1.195834994316101,4.871882438659668,5.935448169708252,-2.0963075160980225,1.238774299621582,-9.03219223022461,-2.4654541015625,-4.580900192260742,-4.311390399932861,-4.613182067871094,1.0476176738739014,-5.0119757652282715,9.814841270446777,14.63747501373291,3.4566566944122314,-3.3577749729156494,-1.435146450996399,0.00012973637785762548,-14.918437004089355,-15.514965057373047,-15.566229820251465,-7.440838813781738,6.7807488441467285,0.013916879892349243,0.2686898708343506,3.1060075759887695,1.7264807224273682,-0.5785167813301086,0.14863580465316772,-3.98342227935791,-5.743668556213379,-6.199585914611816,-5.670577526092529
831,-7.308384895324707,8.881234169006348,2.299119234085083,-0.7317664623260498,2.736400604248047,4.9607462882995605,-2.1177735328674316,0.869128942489624,-8.731099128723145,-2.1769416332244873,-4.537688255310059,-4.340964317321777,-9.203387260437012,1.1862703561782837,-4.359888553619385,10.527552604675293,17.521438598632812,3.7227401733398438,-4.749078273773193,-1.5000553131103516,0.00016773754032328725,0.09297358989715576,-15.667048454284668,-15.695213317871094,-7.422430992126465,7.103662014007568,0.48074808716773987,-0.19631482660770416,1.1978808641433716,1.293459177017212,-0.49902671575546265,0.15181489288806915,-3.1583797931671143,-5.125717639923096,-5.915163993835449,-5.555464744567871
832,-6.157637119293213,9.017146110534668,6.786107063293457,-4.895946502685547,-6.998784065246582,4.583579063415527,-4.245776653289795,-4.6770148277282715,-7.390316009521484,-8.571057319641113,-4.331793308258057,-4.175104141235352,-6.671272277832031,2.6631360054016113,-0.718987226486206,5.767672061920166,11.059535026550293,1.9196033477783203,-7.662893772125244,-3.2651445865631104,8.508426253683865e-05,0.00012145843356847763,-15.69791316986084,-15.654851913452148,-7.064365386962891,6.469698905944824,1.423532485961914,-0.8506076335906982,-1.6672309637069702,1.0877814292907715,-1.1907706260681152,-1.2783160209655762,-1.8905686140060425,-2.8401408195495605,-5.405287742614746,-5.187365531921387
833,-7.757920742034912,8.069846153259277,7.357628345489502,-2.5483975410461426,-6.178152084350586,4.831943035125732,-5.195638179779053,-5.120763778686523,-1.0685539245605469,-7.265457630157471,-3.657600164413452,-4.006043910980225,-3.310000419616699,3.9529426097869873,3.5902493000030518,6.591371059417725,7.349526405334473,2.8557543754577637,-11.015565872192383,-6.593651294708252,-0.006916997488588095,0.0028084106743335724,-15.694832801818848,-15.698199272155762,-6.634426116943359,5.350996017456055,1.6731064319610596,-0.3657757043838501,-1.0628856420516968,1.217674732208252,-1.6527540683746338,-1.2933199405670166,0.02712256833910942,-1.8390737771987915,-4.015930652618408,-4.893335819244385
834,-8.71603775024414,7.809841156005859,6.802241325378418,-3.1947944164276123,-6.091368198394775,4.2702555656433105,-4.778874397277832,-4.289462089538574,5.029016494750977,-1.369020938873291,-2.903142213821411,-3.69978928565979,-0.3523881435394287,4.549437046051025,7.563790321350098,6.084176063537598,4.6087164878845215,4.20607328414917,-14.386272430419922,-9.619924545288086,11.491652488708496,0.00288907578215003,-15.412128448486328,-15.6970796585083,-6.204819679260254,4.241534233093262,1.7789453268051147,-0.5475591421127319,-1.165631651878357,1.0454349517822266,-1.7601501941680908,-1.1917974948883057,2.8961989879608154,-0.048924293369054794,-2.8296492099761963,-4.182369232177734
835,-9.971853256225586,6.755285263061523,6.8702802658081055,-4.323066234588623,-7.511230945587158,4.3236236572265625,-3.9647183418273926,-4.587491512298584,9.984546661376953,5.383939743041992,-1.37586510181427,-2.6807167530059814,2.77889347076416,3.5957717895507812,10.181056022644043,3.6031720638275146,0.7695865035057068,6.458385944366455,-18.121633529663086,-13.081634521484375,-2.3834190368652344,10.403438568115234,-11.233600616455078,-15.282384872436523,-4.672388076782227,2.099851131439209,2.1341729164123535,-0.7859482765197754,-2.0851693153381348,1.212476134300232,-1.8751678466796875,-1.5951378345489502,6.726140975952148,3.101029634475708,-0.508462131023407,-2.4905247688293457
836,-9.30836296081543,1.39654541015625,6.035879135131836,-2.7886977195739746,-7.655002117156982,2.1618123054504395,-0.8098701238632202,-0.7763330340385437,10.038686752319336,2.385648012161255,8.889222145080566,-1.651301622390747,-0.2745446264743805,2.182054281234741,9.039533615112305,-0.5114906430244446,0.406139999628067,6.69740104675293,-19.310707092285156,-13.828041076660156,-1.2083592414855957,15.742229461669922,13.85331916809082,-12.538046836853027,-3.2696309089660645,0.06939781457185745,1.8089628219604492,-0.48943549394607544,-2.2723348140716553,0.4895433187484741,-0.23052597045898438,-0.06375139951705933,6.998942852020264,4.78180456161499,3.1724448204040527,-0.7915358543395996
837,-4.87463903427124,-2.8948991298675537,4.539839267730713,-1.6867088079452515,-8.220778465270996,2.196998357772827,9.074233055114746,5.353848457336426,9.135201454162598,1.9870339632034302,4.05454683303833,6.699583530426025,-2.5349135398864746,-3.442410707473755,4.917407989501953,-4.959670066833496,-0.9646406173706055,6.137165069580078,-12.038202285766602,-12.301745414733887,0.8418589234352112,15.598236083984375,15.69973087310791,1.6430383920669556,-0.9166133403778076,-0.7855278849601746,1.2221535444259644,-0.3316197991371155,-4.003053188323975,0.5728069543838501,1.5613665580749512,0.9519160389900208,6.588479042053223,5.083469390869141,5.827309608459473,1.46397066116333
838,-1.5102152824401855,-2.0496621131896973,5.131312847137451,1.094801425933838,-8.305843353271484,-1.3532952070236206,16.2230167388916,10.863832473754883,7.996720314025879,2.00628399848938,4.3510894775390625,4.490121841430664,-1.76486074924469,-7.289888858795166,0.0004775114357471466,-6.228405475616455,-3.621100425720215,3.1785056591033936,-1.498100996017456,-5.659780979156494,4.09588098526001,15.700813293457031,15.619787216186523,15.644271850585938,-0.21510696411132812,-0.5230885148048401,0.9907916784286499,0.2825905382633209,-5.890550136566162,-0.3871419429779053,3.5136728286743164,1.9099509716033936,6.593799591064453,5.1502604484558105,5.784583568572998,5.178067207336426
839,-0.2553214430809021,-1.364006757736206,3.512352228164673,3.2850351333618164,-7.199180603027344,-3.7679085731506348,13.936493873596191,11.649535179138184,6.325407028198242,2.022686719894409,4.272078514099121,6.057729721069336,4.599600791931152,-5.786134719848633,0.06124266982078552,-6.862523555755615,-9.044622421264648,-1.745020866394043,6.1506829261779785,1.5809142589569092,8.750311851501465,15.707467079162598,15.729394912719727,15.204547882080078,0.006808876991271973,-0.3332377076148987,0.6444995403289795,0.5924725532531738,-7.172558784484863,-0.9047486782073975,3.7196860313415527,2.523420572280884,6.102810382843018,5.026049613952637,5.290955543518066,5.299510955810547
840,0.06233172491192818,-2.9571073055267334,0.20994707942008972,1.6513537168502808,-5.8650970458984375,-5.840779781341553,11.142029762268066,10.617740631103516,4.119597434997559,5.4554619789123535,4.184294700622559,4.403160572052002,7.540805339813232,-8.006952285766602,-0.25602060556411743,-7.025710582733154,-12.046533584594727,-7.337708473205566,10.71323299407959,7.179567813873291,13.490474700927734,10.843229293823242,15.626182556152344,15.532564163208008,0.028098583221435547,-0.8815727233886719,-0.08386626839637756,0.22147150337696075,-8.159953117370605,-2.0206315517425537,3.860671281814575,2.913693428039551,5.441189289093018,5.725890636444092,5.242837429046631,5.374355316162109
841,-0.9671069383621216,2.936802625656128,-3.035524845123291,-1.2549877166748047,-4.858890056610107,-5.268233299255371,10.598868370056152,10.248159408569336,2.103609085083008,3.0362751483917236,4.2306809425354,4.273326873779297,6.759628772735596,-6.108832359313965,-1.2363919019699097,-5.24321985244751,-15.979910850524902,-11.317962646484375,13.014607429504395,10.111991882324219,15.39555549621582,14.075600624084473,15.373395919799805,15.099106788635254,-0.1939471960067749,0.7189949154853821,-0.7794417142868042,-0.44570961594581604,-8.930633544921875,-2.4158997535705566,4.8184638023376465,3.547349452972412,5.182336807250977,6.641563415527344,5.306113243103027,5.63945198059082
842,-1.4155992269515991,3.5521514415740967,-5.729943752288818,-5.965484619140625,-4.1787824630737305,-4.923764228820801,10.594776153564453,10.59402847290039,2.0808677673339844,2.748769521713257,4.172630786895752,4.36290979385376,4.09446382522583,-3.065765857696533,-1.955016016960144,-5.629904747009277,-17.165395736694336,-13.61083698272705,14.572739601135254,12.134031295776367,15.610442161560059,14.412592887878418,15.684748649597168,15.619220733642578,-0.25175750255584717,0.6978181004524231,-1.319543719291687,-1.6553125381469727,-9.626368522644043,-2.9297218322753906,5.708022117614746,4.319128513336182,5.620125770568848,6.588707447052002,5.364429950714111,5.742372989654541
843,-1.3390647172927856,3.6921350955963135,-8.412693977355957,-8.371113777160645,-3.8650245666503906,-4.267704486846924,9.760540962219238,9.915560722351074,2.0441932678222656,2.535881280899048,4.1187238693237305,4.264529705047607,-0.2656131982803345,-2.853752613067627,-5.160781383514404,-10.161974906921387,-17.93500518798828,-15.19350814819336,15.703583717346191,13.701481819152832,15.627802848815918,14.659806251525879,15.651936531066895,15.615486145019531,-0.2567453384399414,0.7155666947364807,-2.1894426345825195,-2.6864566802978516,-9.960570335388184,-2.5767710208892822,5.782021522521973,4.565913200378418,5.582056045532227,6.5224103927612305,5.069438457489014,5.335775375366211
844,-2.7507152557373047,3.4577372074127197,-7.661619186401367,-7.380475997924805,-3.683326244354248,3.0489869117736816,9.094989776611328,9.47402572631836,2.0354223251342773,2.774174690246582,3.948190450668335,4.049587726593018,-5.22332763671875,-4.6151323318481445,-8.093850135803223,-15.581832885742188,-18.469722747802734,-13.286438941955566,21.169687271118164,14.70428466796875,15.7030029296875,12.918112754821777,0.006719831842929125,15.607497215270996,-0.7005763649940491,0.6379126906394958,-2.1359543800354004,-2.938807725906372,-7.850243091583252,0.8567869663238525,5.54234504699707,4.804327487945557,6.265399932861328,6.184535026550293,4.664821624755859,4.788573265075684
845,-5.631560325622559,8.089985847473145,-1.4957736730575562,-4.178645133972168,6.088237285614014,10.765841484069824,0.30622386932373047,3.8599376678466797,2.017484426498413,4.832330226898193,12.777053833007812,3.548088788986206,-7.944427490234375,-5.257894992828369,-8.578775405883789,-18.04954719543457,-14.453883171081543,-6.660642147064209,19.479642868041992,13.541511535644531,15.701745986938477,5.918659210205078,-0.0027303434908390045,15.435368537902832,-2.543524742126465,2.1741182804107666,-0.12126488983631134,-1.9172375202178955,1.5651214122772217,5.637336254119873,-0.519953191280365,1.0699503421783447,6.609105587005615,5.1407012939453125,2.591510534286499,3.647397041320801
846,-7.025208950042725,9.172772407531738,8.0873441696167,9.236124992370605,11.127199172973633,9.527567863464355,-24.83554458618164,-16.430828094482422,-5.643364906311035,-5.059810161590576,9.05896282196045,3.015512704849243,-1.9736523628234863,3.8800785541534424,-2.656454086303711,-11.326427459716797,-2.6159322261810303,3.595726490020752,10.071974754333496,10.251511573791504,-0.2956918179988861,-15.674930572509766,0.0001753256656229496,-0.020763486623764038,-4.562396049499512,3.848714590072632,1.7438623905181885,1.9106022119522095,7.214239120483398,6.627296447753906,-5.82917594909668,-3.941417694091797,-1.4033211469650269,-6.1034698486328125,1.745740532875061,3.0190000534057617
847,-8.729249954223633,7.29420280456543,8.894500732421875,10.407997131347656,8.550397872924805,8.163640975952148,-20.069875717163086,-11.403502464294434,-3.4432201385498047,-5.034019470214844,14.096199989318848,15.093246459960938,2.382650852203369,2.89363956451416,3.3173305988311768,-3.178295135498047,2.123279571533203,2.7010254859924316,2.65207576751709,5.181461811065674,-12.570133209228516,-11.734689712524414,-0.003506375476717949,-0.00015786848962306976,-4.385253429412842,1.9379143714904785,1.9590479135513306,1.8130333423614502,7.709081649780273,3.1497530937194824,-4.120724678039551,-1.766594648361206,-4.444121360778809,-9.683321952819824,3.575474500656128,3.6107120513916016
848,-10.249067306518555,7.6051506996154785,3.8834996223449707,5.855116367340088,8.466803550720215,6.968978404998779,-8.43257999420166,-9.346468925476074,-3.1722991466522217,-3.3581721782684326,15.46619987487793,12.810044288635254,4.7412028312683105,5.022525310516357,6.520461082458496,2.2029378414154053,2.824774980545044,3.4699320793151855,-0.9047281742095947,1.142533302307129,-13.169554710388184,-13.284808158874512,-0.00013969559222459793,0.0019934435840696096,-4.3308305740356445,4.148292541503906,0.7878881692886353,1.0916200876235962,6.995476245880127,2.127319812774658,-1.3770949840545654,-1.7519149780273438,-4.801321029663086,-7.1891279220581055,3.8029301166534424,2.765900135040283
849,-10.697296142578125,7.422408103942871,0.45086729526519775,5.4309210777282715,8.297890663146973,5.426426887512207,-3.9762144088745117,-5.76059627532959,-3.108574867248535,-3.0086610317230225,14.997203826904297,11.779329299926758,5.341186046600342,5.953824520111084,7.311055660247803,5.639824867248535,3.359414577484131,3.6876816749572754,-2.5310912132263184,-1.4921238422393799,-13.413318634033203,-13.730764389038086,-0.00123602116946131,0.0025278280954807997,-4.598935127258301,4.858752250671387,-0.038493216037750244,1.3058688640594482,6.087849140167236,1.3818076848983765,-0.6977831721305847,-1.08009934425354,-5.132864952087402,-6.826545715332031,3.518765687942505,2.5393824577331543
850,-10.60495376586914,7.430333137512207,-4.714898109436035,4.6287431716918945,8.0670747756958,4.091236114501953,-0.5115745067596436,-3.041036367416382,-2.978363513946533,-2.827542543411255,13.601279258728027,10.667821884155273,4.257416725158691,5.28476619720459,5.101325035095215,6.899453163146973,4.18737268447876,3.5391950607299805,-3.046501636505127,-3.021878719329834,-13.759421348571777,-14.088384628295898,-0.0031903772614896297,0.0038330676034092903,-4.456299781799316,5.025908470153809,-0.9613738059997559,1.186224341392517,5.085659503936768,0.9473634958267212,0.02665543556213379,-0.5661007761955261,-5.30631160736084,-7.00897216796875,3.0252814292907715,2.2496895790100098
851,-10.213249206542969,7.779817581176758,-6.0900044441223145,4.605587482452393,7.686092376708984,3.247307062149048,-0.10686759650707245,-1.4335728883743286,-2.8165881633758545,-2.722421884536743,11.147422790527344,9.318880081176758,2.865699291229248,4.09648323059082,2.0261616706848145,7.493772983551025,5.411972999572754,3.246204137802124,-3.3248441219329834,-3.883765459060669,-14.096756935119629,-14.34991455078125,-0.006265902891755104,0.0063107311725616455,-4.598686695098877,5.114192008972168,-1.1727203130722046,1.2459254264831543,4.427604675292969,0.7276192903518677,-0.006931781768798828,-0.26093339920043945,-5.330874443054199,-7.133792400360107,2.303495168685913,1.9125678539276123
852,-9.826399803161621,8.10688304901123,-6.211620807647705,4.296339988708496,7.168505668640137,3.098088264465332,1.056614875793457,0.30122634768486023,-2.676337718963623,-2.592249870300293,7.640513896942139,7.809718608856201,1.512600302696228,3.1128594875335693,-0.8591222167015076,7.835943222045898,6.897639274597168,3.2473156452178955,-3.17206072807312,-4.051218509674072,-14.38594913482666,-14.53524112701416,-0.002980714663863182,0.006588447839021683,-4.849800109863281,5.135027885437012,-1.276450753211975,1.1648828983306885,3.8278286457061768,0.7210121154785156,0.2315676212310791,0.1250879168510437,-5.411139011383057,-7.171690464019775,1.4373960494995117,1.5611696243286133
853,-9.448390007019043,8.382539749145508,-5.840649604797363,4.004314422607422,6.525310039520264,2.770507335662842,1.03615140914917,1.4402543306350708,-2.552229404449463,-2.512732982635498,-4.330438613891602,3.6868579387664795,0.04359951615333557,2.2124850749969482,-2.7948362827301025,7.998575210571289,8.597177505493164,3.397064208984375,0.9908345341682434,-3.7764880657196045,-14.623038291931152,-14.692184448242188,-12.523183822631836,0.004258208908140659,-5.161182403564453,5.20136022567749,-1.2887920141220093,1.0950177907943726,3.224846839904785,0.6324948072433472,0.19466650485992432,0.2936122417449951,-5.363831520080566,-6.8574538230896,-1.5665584802627563,0.5826250314712524
854,-8.378398895263672,9.421818733215332,-4.906010627746582,4.55267858505249,5.8584208488464355,2.077225923538208,3.0215237140655518,1.9402246475219727,-2.3164002895355225,-2.3666844367980957,-3.792569398880005,-3.2392752170562744,-2.2353625297546387,-0.31962573528289795,-6.33988618850708,7.369402885437012,8.558792114257812,2.0714635848999023,2.1866581439971924,0.8572702407836914,-15.465096473693848,-15.311824798583984,-15.646245002746582,-15.682004928588867,-5.354193687438965,5.104709625244141,-1.2238295078277588,1.2091153860092163,2.706421375274658,0.4128076136112213,0.7395030856132507,0.40247583389282227,-5.011272430419922,-5.926155090332031,-5.767678737640381,-1.8695679903030396
855,-8.597811698913574,9.278596878051758,-0.6470254063606262,2.066225528717041,5.936555862426758,5.324018478393555,-3.116260528564453,0.43059051036834717,-4.116126537322998,-2.2786076068878174,-4.371034622192383,-3.8109800815582275,-3.914543628692627,-0.10122181475162506,-7.06661319732666,8.735928535461426,12.251253128051758,2.1946942806243896,0.8272126317024231,0.4804514944553375,0.00035246461629867554,-14.99471664428711,-15.565464973449707,-15.568502426147461,-6.294054985046387,5.882762908935547,0.03192213177680969,0.45552563667297363,3.0963504314422607,1.5798931121826172,-0.8349723219871521,0.03293299674987793,-4.641115665435791,-5.540308952331543,-6.007422924041748,-5.372366428375244
856,-7.864108085632324,9.222258567810059,2.3696858882904053,0.257621705532074,4.281466007232666,4.894685745239258,-4.220107078552246,0.07513639330863953,-8.964479446411133,-2.3264107704162598,-4.487489700317383,-4.183321475982666,-5.705497741699219,-0.019479498267173767,-6.301992416381836,10.288714408874512,14.483894348144531,2.3213653564453125,-1.4685537815093994,-0.09537045657634735,0.00013943726662546396,-0.0018554199486970901,-15.518829345703125,-15.590603828430176,-6.660537242889404,6.461902618408203,0.492656409740448,-0.01898277923464775,2.045858383178711,1.1718273162841797,-0.914405882358551,0.001187443733215332,-3.6825497150421143,-5.504183769226074,-6.020769119262695,-5.326642036437988
857,-6.9893479347229,9.037581443786621,4.441434860229492,-2.6221656799316406,1.8985188007354736,4.911777973175049,-3.395355463027954,-2.880859136581421,-8.681015014648438,-9.087345123291016,-4.394377708435059,-4.121243476867676,-8.718648910522461,1.8507459163665771,-4.361507415771484,6.577235698699951,16.558013916015625,2.137547731399536,-3.8229496479034424,-1.061889886856079,0.00020768391550518572,0.005398154258728027,-15.697505950927734,-15.705245971679688,-6.476106643676758,6.383548736572266,0.8257691860198975,-0.47713589668273926,0.678782045841217,1.2483981847763062,-0.726702868938446,-0.7150068879127502,-3.082059383392334,-4.106564998626709,-5.55538272857666,-5.000180721282959
858,-6.877796649932861,8.306243896484375,6.567460536956787,-1.735244870185852,-6.827110290527344,3.0970091819763184,-5.56611967086792,-5.821892261505127,-7.543487071990967,-8.68265151977539,-4.168891429901123,-4.556584358215332,-6.4154157638549805,3.8798131942749023,-0.3879524767398834,6.618699550628662,11.093497276306152,2.1691315174102783,-7.102392196655273,-4.063699245452881,8.911214536055923e-05,0.02248678356409073,-15.69269847869873,-15.657771110534668,-6.947018623352051,6.010318756103516,1.3465452194213867,-0.2726224660873413,-1.5414563417434692,0.6024545431137085,-1.5281078815460205,-1.4354946613311768,-1.98800790309906,-3.007995367050171,-5.122576713562012,-5.157155990600586
859,-7.950603485107422,7.856236934661865,6.261214256286621,-2.8750312328338623,-7.780788421630859,4.554898738861084,-5.577447891235352,-4.578517436981201,-2.5621557235717773,-7.049277305603027,-3.585515022277832,-3.9242613315582275,-2.040943145751953,4.509926795959473,3.0587546825408936,7.063338756561279,6.125171184539795,2.8841142654418945,-10.706034660339355,-7.321406364440918,-0.009374700486660004,0.005788151174783707,-15.697473526000977,-15.698280334472656,-6.009833335876465,4.997286796569824,1.3683537244796753,-0.5015571117401123,-1.5633140802383423,1.1987926959991455,-1.6973133087158203,-1.126462697982788,-0.3261405825614929,-1.7103713750839233,-3.9043071269989014,-4.681020736694336
860,-8.945659637451172,7.704537391662598,6.089301109313965,-3.1595265865325928,-5.545284748077393,4.770841598510742,-5.352044105529785,-3.7260117530822754,4.934816360473633,-1.8039802312850952,-2.956921339035034,-3.6206305027008057,-0.3340585231781006,4.570985794067383,6.160610198974609,5.987600326538086,4.385625839233398,4.1680145263671875,-14.261467933654785,-10.054057121276855,10.195779800415039,-0.0032622546423226595,-15.386303901672363,-15.697927474975586,-5.638690948486328,3.9403302669525146,1.513290524482727,-0.5296118259429932,-0.9815217852592468,1.2518677711486816,-1.987314224243164,-1.0515248775482178,2.5177431106567383,-0.1614474356174469,-2.933049201965332,-4.040336608886719
861,-9.122989654541016,6.619904041290283,6.572603225708008,-3.8978748321533203,-7.460206508636475,4.721607685089111,-4.8606462478637695,-4.721976280212402,7.318147659301758,5.28330659866333,-2.004775285720825,-2.8360514640808105,2.138857364654541,3.6296439170837402,8.516727447509766,3.810523271560669,0.7486391067504883,6.447049140930176,-18.2539119720459,-13.608237266540527,-3.2011146545410156,10.018967628479004,-12.270566940307617,-15.677159309387207,-4.6096038818359375,2.1333582401275635,1.9303500652313232,-0.703387975692749,-1.9687062501907349,1.3777801990509033,-2.349323272705078,-1.7024900913238525,6.461030960083008,2.8680198192596436,-0.9477339386940002,-2.7211031913757324
862,-9.297232627868652,1.5970923900604248,6.524060249328613,-2.8014419078826904,-7.532262325286865,3.000723361968994,-1.963135838508606,-1.9822419881820679,10.101311683654785,2.493159055709839,8.527185440063477,-2.069051742553711,1.0294647216796875,1.021804690361023,8.157015800476074,0.21405553817749023,0.5838124752044678,6.94194221496582,-20.693622589111328,-15.758138656616211,-1.7867772579193115,15.868718147277832,9.798896789550781,-12.669038772583008,-3.2448220252990723,0.12257904559373856,1.9138599634170532,-0.49739158153533936,-2.0997936725616455,0.7723371982574463,-1.0125555992126465,-0.6432177424430847,6.8420562744140625,4.817768096923828,2.3122406005859375,-1.1521692276000977
863,-5.21804666519165,-2.553621768951416,5.2332634925842285,-3.0507843494415283,-8.305866241455078,1.4720040559768677,4.89768648147583,6.1726393699646,9.56234359741211,1.9862109422683716,4.029879570007324,6.459502696990967,-0.6167410016059875,-3.3893632888793945,7.796505928039551,-3.8136706352233887,0.11487686634063721,5.698431491851807,-16.05894660949707,-13.415118217468262,-0.4571337401866913,15.698331832885742,15.547042846679688,0.739494800567627,-0.9734717607498169,-0.730197012424469,1.3786547183990479,-0.6785241365432739,-3.96730899810791,0.29600071907043457,0.9493577480316162,1.1510114669799805,6.531196117401123,5.08416748046875,5.970658302307129,1.4364261627197266
864,-1.433790922164917,-1.8131017684936523,3.506242513656616,-0.5256089568138123,-8.613703727722168,0.39473530650138855,16.494800567626953,11.581348419189453,8.602579116821289,2.0401206016540527,4.292307376861572,4.833636283874512,-1.9178082942962646,-8.684500694274902,-0.29940924048423767,-7.866278171539307,-2.647221565246582,3.892019510269165,-4.72151517868042,-5.950433731079102,2.6922249794006348,15.70028018951416,15.609941482543945,15.634594917297363,-0.18297529220581055,-0.4854546785354614,0.5669527053833008,-0.043145012110471725,-6.082962512969971,0.042330142110586166,3.3082964420318604,2.0059759616851807,6.37611198425293,5.026839256286621,5.894611358642578,5.311199188232422
865,-0.8563538193702698,-0.6928260326385498,4.069335460662842,3.3399765491485596,-7.775318145751953,-3.7702462673187256,15.169528007507324,11.67802619934082,7.142863750457764,1.9989787340164185,4.2452216148376465,4.129383563995361,2.7002768516540527,-8.575883865356445,-0.019742995500564575,-4.5010786056518555,-7.078392028808594,-0.7523217797279358,3.9643337726593018,2.4992856979370117,6.566093444824219,15.699254989624023,15.61580753326416,15.648446083068848,-0.1402149200439453,-0.13982021808624268,0.8541159629821777,0.6893953680992126,-7.443027019500732,-0.946886420249939,3.7820849418640137,2.5597457885742188,6.095189094543457,4.927157402038574,5.3752522468566895,5.373716354370117
866,0.6293962001800537,-1.2310718297958374,1.7323622703552246,0.6090231537818909,-6.2227067947387695,-6.039005279541016,12.815476417541504,11.528244972229004,5.135272979736328,2.0853233337402344,4.314269065856934,5.865964889526367,7.743959426879883,-5.258123397827148,-0.22566428780555725,-6.454765319824219,-10.623143196105957,-5.522223949432373,10.552871704101562,8.581092834472656,11.620737075805664,7.761341571807861,15.492581367492676,15.648147583007812,0.22929084300994873,-0.34105879068374634,0.25535282492637634,0.01134011521935463,-8.385851860046387,-2.0789589881896973,4.178922653198242,3.2296512126922607,5.467820167541504,5.827530860900879,5.287877559661865,5.659164905548096
867,-2.1649248600006104,0.3813643753528595,-3.8894596099853516,-0.4320164620876312,-5.598896503448486,-5.326441287994385,9.30415153503418,8.768800735473633,2.9374217987060547,4.134173393249512,4.091188907623291,4.151079177856445,5.17719030380249,-8.606376647949219,-3.496023654937744,-8.140609741210938,-13.720148086547852,-10.670683860778809,13.093605041503906,11.442886352539062,15.093094825744629,13.76712417602539,15.5676908493042,15.55868148803711,-0.4565608501434326,0.1336054801940918,-1.057754397392273,-0.15378573536872864,-8.953757286071777,-2.0992953777313232,3.771247625350952,3.084414482116699,4.717423439025879,6.1049604415893555,5.131768226623535,5.19960880279541
868,1.5671395063400269,4.55612325668335,-5.852431774139404,-5.513967514038086,-4.292067527770996,-5.00546407699585,10.498369216918945,9.783828735351562,2.2456042766571045,3.0490822792053223,4.538603782653809,5.881299018859863,7.756320953369141,-2.4009225368499756,-2.2236125469207764,-5.032174110412598,-16.69066047668457,-12.70789909362793,14.18252182006836,12.560242652893066,15.611102104187012,13.402459144592285,15.679858207702637,15.685815811157227,0.6229363679885864,1.0513070821762085,-1.3559883832931519,-1.573853850364685,-10.210007667541504,-2.7180166244506836,5.527417182922363,4.120056629180908,5.136117935180664,6.685510635375977,5.270600318908691,5.74237060546875
869,-5.405278205871582,3.3376574516296387,-6.559837341308594,-6.782921314239502,-4.040831089019775,-4.41821813583374,9.63137435913086,9.31218147277832,2.0294976234436035,2.7724764347076416,4.120880126953125,4.270394802093506,0.6537702083587646,-2.7617242336273193,-5.112582683563232,-9.430872917175293,-17.470226287841797,-14.717634201049805,15.405288696289062,14.01211929321289,15.67117691040039,14.54281997680664,15.691049575805664,15.641135215759277,-1.443318247795105,0.5992612242698669,-1.597937822341919,-1.9806864261627197,-9.67854118347168,-2.5625057220458984,5.334962368011475,4.270680904388428,5.711000442504883,6.250320911407471,5.2172322273254395,5.280909538269043
870,-0.53216952085495,3.6040334701538086,-7.642932415008545,-7.757532596588135,-3.844743251800537,-1.0810420513153076,9.1971435546875,9.020583152770996,2.023399591445923,2.6624114513397217,3.985602855682373,4.037283897399902,-3.0047733783721924,-3.31742525100708,-8.049457550048828,-14.263434410095215,-18.267072677612305,-14.557058334350586,16.138832092285156,14.941828727722168,15.637862205505371,13.918952941894531,15.664056777954102,15.644801139831543,0.047731637954711914,0.6938977837562561,-2.196631669998169,-3.0946052074432373,-9.107353210449219,-0.1941201388835907,5.525045394897461,4.535567283630371,5.686758041381836,6.308718681335449,4.841569900512695,4.84088134765625
871,-5.359044075012207,5.840962886810303,-3.2530927658081055,-4.848905563354492,-2.860275983810425,10.316350936889648,3.8756096363067627,6.229216575622559,2.013965129852295,3.828958511352539,17.07883644104004,3.6536097526550293,-7.340541362762451,-5.520469665527344,-9.327916145324707,-18.528892517089844,-17.735761642456055,-8.585573196411133,20.519145965576172,14.284910202026367,15.699080467224121,8.411175727844238,-0.0029615703970193863,15.438096046447754,-2.2056655883789062,1.243896484375,-0.7146092653274536,-2.2701663970947266,-1.7483881711959839,5.039733409881592,2.5154638290405273,2.422739028930664,6.730883598327637,5.306881904602051,4.234079360961914,4.0317230224609375
872,-6.4482293128967285,8.94027042388916,6.606906414031982,1.904012680053711,10.050387382507324,10.279864311218262,-21.947778701782227,-11.836441040039062,1.9110760688781738,2.458029270172119,8.325827598571777,3.167217254638672,-5.897866249084473,-3.574824810028076,-6.107889175415039,-16.23805046081543,-11.765953063964844,-0.6686264872550964,13.169769287109375,9.630135536193848,15.168725967407227,-1.6246986389160156,-0.014222593978047371,10.727258682250977,-3.812039852142334,2.6065571308135986,1.4526301622390747,0.7038629055023193,7.3819732666015625,6.067389965057373,-5.2360148429870605,-2.774148464202881,3.185391426086426,0.34487488865852356,1.3687783479690552,3.2652907371520996
873,-8.277276039123535,7.840475082397461,8.503216743469238,10.215673446655273,10.364140510559082,7.7609663009643555,-21.971405029296875,-16.551788330078125,-7.903512477874756,-2.4961533546447754,10.159954071044922,15.207022666931152,1.214435338973999,5.460014343261719,0.5633628368377686,-7.382059574127197,0.824603259563446,6.310784816741943,4.766444206237793,5.709356307983398,-7.803170204162598,-15.498659133911133,0.009502870962023735,-0.09898114204406738,-3.80971097946167,2.909054756164551,1.7496154308319092,1.7817409038543701,8.63648796081543,4.355112552642822,-4.6121625900268555,-3.0835468769073486,-3.9596996307373047,-12.677118301391602,2.261425733566284,3.672264575958252
874,-9.777198791503906,7.4926934242248535,7.17316198348999,8.553997039794922,8.400813102722168,7.189108848571777,-14.867462158203125,-8.811678886413574,-3.080487012863159,-5.478067398071289,14.362811088562012,14.015409469604492,4.297845840454102,4.297365188598633,5.619513034820557,0.4433620870113373,2.8506877422332764,2.9636600017547607,-0.8626959323883057,1.202361822128296,-12.93580436706543,-11.645726203918457,-0.00044288020581007004,0.029578501358628273,-4.252414226531982,2.612114191055298,1.6653202772140503,1.6024444103240967,7.069520473480225,2.141263723373413,-3.0608978271484375,-1.453796625137329,-4.196105003356934,-7.844000816345215,3.606964349746704,3.150205135345459
875,-10.649980545043945,7.412938117980957,1.8143746852874756,5.296243190765381,8.335525512695312,5.945802688598633,-4.080545902252197,-5.962858200073242,-3.2569468021392822,-3.184138298034668,15.670341491699219,12.584473609924316,5.465499401092529,5.774098873138428,7.4859395027160645,4.7639312744140625,3.0651559829711914,3.563523054122925,-2.7152109146118164,-1.574189305305481,-13.008700370788574,-13.433405876159668,-0.0003270297311246395,0.0054904622957110405,-4.385740280151367,4.382315158843994,0.2552144527435303,1.1261032819747925,6.2232985496521,1.6076723337173462,-0.5098915696144104,-1.1534295082092285,-5.171024799346924,-6.666443347930908,3.874143362045288,2.735973834991455
876,-10.66517162322998,7.3848185539245605,-3.549246072769165,4.758630752563477,8.214729309082031,4.666352272033691,-1.6808640956878662,-3.6274478435516357,-3.147782802581787,-2.954434394836426,14.244101524353027,11.391406059265137,4.789506912231445,5.475768089294434,5.920008659362793,6.6930623054504395,3.5998404026031494,3.5380468368530273,-3.581918478012085,-3.3861939907073975,-13.433991432189941,-13.833855628967285,-0.0016476805321872234,0.0014907624572515488,-4.213711261749268,4.741153717041016,-0.782568097114563,1.2122942209243774,5.198738098144531,1.125342607498169,-0.2810215353965759,-0.7195483446121216,-5.389776706695557,-6.881780624389648,3.2179198265075684,2.428178310394287
877,-10.319636344909668,7.663975715637207,-6.000058174133301,4.429368495941162,7.919395446777344,3.7142133712768555,-0.3378300666809082,-1.4705348014831543,-2.9581449031829834,-2.799198627471924,12.165107727050781,10.224595069885254,3.401005268096924,4.243845462799072,2.6904218196868896,7.323746204376221,4.562948703765869,3.257110834121704,-4.034539699554443,-4.344979286193848,-13.804651260375977,-14.06049633026123,-0.006702864542603493,0.004258243832737207,-4.234518527984619,4.836882591247559,-1.161963701248169,1.1768085956573486,4.545144557952881,0.8515817523002625,-0.020611077547073364,-0.25196367502212524,-5.406696319580078,-7.063776016235352,2.586355209350586,2.1369810104370117
878,-9.941594123840332,8.126969337463379,-6.088836669921875,4.2385711669921875,7.511531829833984,3.533310651779175,0.6847277879714966,0.21643878519535065,-2.8060970306396484,-2.771890640258789,9.305994987487793,8.919660568237305,2.103363037109375,3.221040964126587,-0.3358412981033325,7.646816253662109,5.760496139526367,3.1999478340148926,-4.043590545654297,-4.577337741851807,-14.117033004760742,-14.485946655273438,-0.003750038333237171,0.0055177463218569756,-4.477523326873779,4.869758605957031,-1.2262033224105835,1.1437711715698242,4.033644676208496,0.8252170085906982,0.15840861201286316,0.10924404859542847,-5.441926956176758,-7.170787811279297,1.8387566804885864,1.8220819234848022
879,-9.615705490112305,8.410191535949707,-5.687265872955322,3.9179017543792725,7.007437705993652,3.5043187141418457,1.3028510808944702,1.8040709495544434,-2.6712448596954346,-2.676392078399658,1.0149091482162476,6.328739643096924,-1.6471978425979614,-0.7293259501457214,-5.537955284118652,6.394172191619873,6.300666809082031,2.0434560775756836,-3.9430863857269287,-4.896093845367432,-14.485934257507324,-15.105907440185547,-0.26100608706474304,-0.010358329862356186,-4.770796775817871,4.8693342208862305,-1.237979531288147,1.0576220750808716,3.5419528484344482,0.8285638093948364,0.2518657445907593,0.3683089017868042,-5.457801342010498,-7.040465354919434,-0.11275307089090347,1.1911485195159912
880,-8.67184066772461,9.414592742919922,-2.3539459705352783,4.240561485290527,6.895166397094727,6.591361999511719,-3.3827099800109863,-3.5414295196533203,-2.4488680362701416,-2.4966700077056885,-3.0662665367126465,-0.23714414238929749,-1.9212541580200195,-0.432550311088562,-5.288797855377197,8.342004776000977,8.017488479614258,2.3797993659973145,-0.495728075504303,-6.336843013763428,-14.794939041137695,-14.531822204589844,-15.683069229125977,-0.004146860912442207,-5.858580589294434,6.053256511688232,-0.4419539272785187,1.158071517944336,4.102581977844238,2.238255023956299,-0.8453450798988342,-1.110107421875,-4.595699310302734,-6.077631950378418,-4.278158664703369,-0.2978912591934204
881,-8.68310260772705,9.087525367736816,-0.37978529930114746,3.244354724884033,6.265397071838379,4.6695380210876465,2.072404146194458,2.9438564777374268,-2.354628086090088,-2.449610471725464,-4.153635501861572,-2.921135425567627,-1.0671483278274536,0.967831552028656,-4.7310309410095215,9.289607048034668,9.034591674804688,3.3649158477783203,-0.6433946490287781,-1.1546293497085571,-15.527413368225098,-14.860129356384277,-15.544795989990234,-15.580330848693848,-5.95304536819458,5.587978363037109,-0.0010042786598205566,0.8701202273368835,3.90199875831604,1.0636849403381348,0.6115368008613586,0.8439191579818726,-4.364231109619141,-5.675316333770752,-5.503895282745361,-3.7395687103271484
882,-9.012323379516602,8.95346736907959,-0.2373502403497696,1.4402492046356201,5.959439754486084,5.364368915557861,-0.7604668140411377,2.7724344730377197,-5.6727776527404785,-2.4074885845184326,-4.476798057556152,-4.09962272644043,-2.912925958633423,0.6559712886810303,-5.2532548904418945,9.706835746765137,12.416963577270508,3.565164566040039,-1.2409435510635376,-0.5560063123703003,0.0003329194150865078,-14.898624420166016,-15.503634452819824,-15.540324211120605,-6.460553169250488,6.123493194580078,-0.05011388659477234,0.3324453830718994,3.3655519485473633,1.5273276567459106,-0.2636825442314148,0.5366025567054749,-4.61844539642334,-5.654043197631836,-5.958934307098389,-5.331602096557617
883,-8.090386390686035,9.047795295715332,1.9814852476119995,-0.3991467356681824,4.345638751983643,5.494602680206299,-3.5284457206726074,0.6405074596405029,-8.953439712524414,-9.049650192260742,-4.647377967834473,-4.335367202758789,-5.2288689613342285,0.5010557174682617,-4.765859127044678,10.52094841003418,14.56356143951416,3.176154613494873,-3.146592855453491,-0.7002285122871399,0.00013183429837226868,0.024704571813344955,-15.547943115234375,-15.602022171020508,-6.896637916564941,6.837669372558594,0.4172365963459015,-0.15165604650974274,2.1341259479522705,1.5834954977035522,-0.8821212649345398,0.047403812408447266,-3.645310640335083,-5.408475399017334,-6.071486949920654,-5.47672700881958
884,-7.660146713256836,8.694305419921875,4.1557135581970215,-3.2687273025512695,1.6992746591567993,4.697394847869873,-3.374401330947876,-1.271767020225525,-8.753724098205566,-9.095633506774902,-4.291758060455322,-4.071689605712891,-6.841428756713867,2.2312002182006836,-2.4276540279388428,4.518458843231201,15.742847442626953,1.8360775709152222,-5.592253684997559,-0.7170931696891785,0.0001403930364176631,0.008136570453643799,-15.610840797424316,-15.099061012268066,-6.545714378356934,6.51856803894043,0.8275541067123413,-0.6458338499069214,0.5113069415092468,1.0711694955825806,-0.8090940117835999,-0.3307994604110718,-3.219355821609497,-4.194143772125244,-5.643691539764404,-5.057193279266357
885,-7.0329108238220215,8.279467582702637,5.105568885803223,-0.0269470177590847,-5.939006328582764,4.50391960144043,-4.977963447570801,-6.747830867767334,-7.403635501861572,-8.693492889404297,-4.0887298583984375,-4.297165393829346,-6.385753631591797,3.9801716804504395,0.800807535648346,6.211751937866211,11.927639961242676,2.534075975418091,-8.684877395629883,-4.23893404006958,8.435826748609543e-05,-0.0008889958262443542,-15.674288749694824,-15.500676155090332,-7.2432637214660645,6.177320957183838,1.0557478666305542,0.09904442727565765,-1.2444021701812744,1.0758287906646729,-1.4383747577667236,-1.7580220699310303,-1.8950194120407104,-3.049114227294922,-5.020408630371094,-5.374655723571777
886,-7.953222274780273,7.831508636474609,6.045190811157227,-2.556833028793335,-8.441999435424805,4.151991844177246,-4.586846828460693,-4.5024261474609375,-2.384500741958618,-6.842442989349365,-3.5272767543792725,-3.9685628414154053,-1.7131041288375854,4.763909339904785,4.368668556213379,6.913054466247559,6.312602519989014,3.3883180618286133,-11.920670509338379,-7.559825897216797,-0.0023165643215179443,-0.009747834876179695,-15.694623947143555,-15.698055267333984,-6.157297134399414,5.021105766296387,1.429599642753601,-0.49789488315582275,-1.8198217153549194,0.9944603443145752,-1.4594757556915283,-1.0781853199005127,-0.2879849076271057,-1.6084929704666138,-3.799764394760132,-4.780193328857422
887,-9.130895614624023,7.53656530380249,6.00084114074707,-2.8930270671844482,-5.734321594238281,4.540735244750977,-4.82264518737793,-3.7952780723571777,5.024534702301025,-1.0852935314178467,-2.769272804260254,-3.607558488845825,-0.26862698793411255,4.20743465423584,6.901233673095703,5.802473545074463,3.9277772903442383,4.593510627746582,-15.511162757873535,-10.52953815460205,10.633068084716797,0.0032401103526353836,-15.424858093261719,-15.69548225402832,-5.731317043304443,3.8394253253936768,1.5943036079406738,-0.4876049757003784,-1.0128083229064941,1.232004165649414,-1.9311394691467285,-1.0949926376342773,2.7891407012939453,0.002128932625055313,-2.636591672897339,-3.995288372039795
888,-9.232089042663574,6.599063873291016,7.180116653442383,-3.9737436771392822,-7.279079914093018,4.416184902191162,-4.185624122619629,-4.889191150665283,5.203218936920166,5.346615791320801,-1.2817997932434082,-2.7416036128997803,3.9794983863830566,3.880446672439575,10.0374116897583,4.000542163848877,0.9630098938941956,6.982223033905029,-19.127262115478516,-14.323254585266113,-1.3281490802764893,10.59666919708252,-10.752534866333008,-15.20897102355957,-4.616658687591553,1.999589443206787,2.2568469047546387,-0.7290838956832886,-1.8758528232574463,1.2625874280929565,-2.1928277015686035,-1.8450615406036377,6.814353942871094,3.1483941078186035,-0.3869624733924866,-2.535618305206299
889,-9.476688385009766,1.0915734767913818,6.80435037612915,-2.7577953338623047,-7.791368007659912,2.2656233310699463,-0.9506407976150513,-1.0347540378570557,9.903175354003906,2.3982841968536377,8.779627799987793,-1.6032449007034302,1.1557196378707886,2.2117249965667725,9.302997589111328,0.11776811629533768,0.4589610695838928,7.71575927734375,-20.1879940032959,-15.803217887878418,-1.663227915763855,15.701266288757324,15.501676559448242,-11.65938949584961,-3.3448123931884766,-0.0005201622843742371,2.0831291675567627,-0.48570674657821655,-2.369335174560547,0.5347497463226318,-0.3187774121761322,-0.18654733896255493,7.043635368347168,4.851450443267822,3.5518336296081543,-0.6657140254974365
890,-5.030233383178711,-2.6838808059692383,4.814816474914551,-2.6173839569091797,-8.48511028289795,0.5329808592796326,9.833404541015625,9.20995044708252,9.470346450805664,1.985006332397461,4.178314685821533,9.08978271484375,-0.8662348389625549,-2.5496532917022705,8.975339889526367,-3.193784475326538,-0.3817318081855774,5.386163234710693,-12.139394760131836,-11.78519344329834,-0.08307892084121704,15.698837280273438,15.564898490905762,8.219549179077148,-0.9235957264900208,-0.7194498181343079,1.3066719770431519,-0.5597250461578369,-4.174605846405029,0.046376343816518784,1.7111823558807373,1.621201753616333,6.395914077758789,4.863245964050293,5.955413818359375,2.4293675422668457
891,-0.7162833213806152,-2.241647720336914,2.175224781036377,-0.2564047873020172,-8.578171730041504,-0.2283896803855896,16.323162078857422,12.109505653381348,8.37479305267334,2.043657064437866,4.274831295013428,3.77527117729187,-1.5128743648529053,-8.372599601745605,-0.9263234734535217,-7.724560260772705,-3.5386528968811035,3.119755983352661,-0.4431745409965515,-3.130948781967163,3.711819648742676,15.700465202331543,15.637444496154785,15.651973724365234,0.00033777952194213867,-0.6143588423728943,0.253832072019577,0.023705292493104935,-6.249619960784912,-0.07329177856445312,3.649332046508789,2.21555233001709,6.299948692321777,4.976848125457764,5.753078460693359,5.2680463790893555
892,-0.9633606672286987,-1.1074378490447998,4.245378494262695,3.547376871109009,-7.4040632247924805,-5.1305718421936035,13.70937728881836,11.401317596435547,6.555787563323975,2.0029544830322266,4.207791805267334,4.166392803192139,4.1766357421875,-4.666932106018066,-0.5006851553916931,-5.201196193695068,-8.116266250610352,-2.9180126190185547,8.023330688476562,4.792227268218994,7.867993354797363,15.70745849609375,15.594130516052246,14.948354721069336,-0.19174659252166748,-0.2579769492149353,0.9259754419326782,0.7238649129867554,-7.761538982391357,-1.4258114099502563,3.893057346343994,2.7187392711639404,6.024460792541504,5.138346195220947,5.284269332885742,5.436696529388428
893,0.9757300019264221,-3.187587022781372,-1.3410736322402954,-0.5537845492362976,-5.950980186462402,-5.815062522888184,9.97265338897705,9.109282493591309,4.355467796325684,6.190593242645264,4.2062153816223145,4.163797855377197,7.212988376617432,-8.170967102050781,-2.041618585586548,-6.79766321182251,-12.292078018188477,-7.992608070373535,11.614707946777344,8.673897743225098,13.483942031860352,10.828243255615234,15.569202423095703,15.596055030822754,0.3323476314544678,-0.9481768608093262,-0.4896703064441681,-0.2800673544406891,-8.602534294128418,-1.9465086460113525,3.5469601154327393,2.626821517944336,4.954087734222412,5.844405174255371,5.339376449584961,5.361802101135254
894,-0.49213889241218567,3.0166122913360596,-2.8509323596954346,-2.1746902465820312,-4.749939918518066,-5.154208660125732,10.058914184570312,9.498703002929688,2.0776729583740234,2.935636281967163,4.222405910491943,4.296456813812256,6.142695426940918,-7.002897262573242,-3.253582000732422,-6.840947151184082,-16.165090560913086,-11.908405303955078,13.743475914001465,11.150379180908203,15.437725067138672,14.29772663116455,15.350528717041016,14.97632884979248,-0.14439964294433594,0.7387217283248901,-0.7163704633712769,-0.679381787776947,-8.959725379943848,-2.46844744682312,4.861496925354004,3.512284517288208,5.155093669891357,6.727792739868164,5.399622917175293,5.670638084411621
895,-1.7985750436782837,3.773801803588867,-5.616792678833008,-6.302614688873291,-4.138671398162842,-4.870241641998291,10.29967975616455,10.204573631286621,2.0784029960632324,2.8560616970062256,4.150815010070801,4.324819564819336,3.866051435470581,-3.0763790607452393,-3.472046136856079,-6.767124176025391,-17.26847267150879,-13.824052810668945,14.835413932800293,12.608579635620117,15.661487579345703,14.156457901000977,15.690483093261719,15.627737998962402,-0.34528863430023193,0.7516817450523376,-1.3720574378967285,-1.7820124626159668,-9.651400566101074,-2.9480018615722656,5.618591785430908,4.279606342315674,5.563194274902344,6.5773797035217285,5.239387035369873,5.680550575256348
896,-2.0576019287109375,3.380112886428833,-7.565108299255371,-8.058273315429688,-3.843646764755249,-3.984076976776123,9.5969820022583,9.585371017456055,2.028491258621216,2.577169418334961,4.077843189239502,4.2129292488098145,-0.7560511827468872,-3.064560651779175,-6.497039318084717,-11.40740966796875,-17.86077117919922,-15.35938835144043,15.836077690124512,14.033032417297363,15.656410217285156,14.694958686828613,15.651113510131836,15.623175621032715,-0.417097806930542,0.626611053943634,-2.042957305908203,-2.716146230697632,-9.874977111816406,-2.1712851524353027,5.729457378387451,4.4806108474731445,5.539027214050293,6.45418643951416,5.011294841766357,5.215587615966797
897,-3.7989559173583984,4.0621466636657715,-6.240536689758301,-6.801210403442383,-3.774106979370117,7.4639410972595215,8.622002601623535,8.597801208496094,2.040133237838745,3.0469114780426025,3.923251152038574,3.971942186355591,-5.261966705322266,-4.6196675300598145,-9.41954231262207,-16.293846130371094,-17.89202308654785,-11.489529609680176,16.282533645629883,14.665393829345703,15.627371788024902,11.359572410583496,15.675739288330078,15.653524398803711,-1.0257315635681152,0.7945806384086609,-1.756584644317627,-2.88547682762146,-6.572671890258789,2.0994253158569336,4.90159797668457,4.04712438583374,6.494715690612793,6.007090091705322,4.617318153381348,4.626092910766602
898,-6.006770610809326,8.332287788391113,0.8234132528305054,-2.6211888790130615,8.766021728515625,10.830362319946289,-1.2345737218856812,1.4833964109420776,2.009199380874634,5.714131832122803,16.926132202148438,3.4774532318115234,-7.533933162689209,-4.953381061553955,-8.27514934539795,-18.168010711669922,-12.728863716125488,-4.702023506164551,19.281518936157227,12.642558097839355,15.678162574768066,3.952554941177368,-0.0018974114209413528,15.51833724975586,-2.9472622871398926,2.2503607273101807,0.4764017164707184,-1.0592554807662964,2.9472503662109375,5.948597431182861,-0.8915316462516785,0.020237475633621216,5.553287506103516,4.103209018707275,4.194332122802734,3.531853199005127
899,-7.602889060974121,8.903631210327148,9.372679710388184,12.73243522644043,10.571883201599121,9.114018440246582,-26.126081466674805,-18.052000045776367,-8.29156494140625,-4.650509834289551,9.40654182434082,3.1527583599090576,0.959905743598938,-0.3080461025238037,-0.5206217169761658,-8.063824653625488,0.07123903185129166,0.7688584327697754,9.152790069580078,8.173026084899902,-7.379755973815918,-9.32823657989502,-0.04490374028682709,-0.1085100919008255,-5.12934684753418,3.9699628353118896,2.0109188556671143,2.5355050563812256,7.2889556884765625,5.916570663452148,-6.601204872131348,-4.44506311416626,-3.679729461669922,-9.999085426330566,1.660021424293518,3.0869646072387695
900,-9.635232925415039,8.473665237426758,7.353257179260254,6.86582612991333,8.645094871520996,7.836004734039307,-19.559940338134766,-12.444926261901855,-3.1407296657562256,-3.603252410888672,13.956348419189453,13.527093887329102,3.164210081100464,3.483896017074585,4.113064289093018,-1.3807588815689087,2.4080231189727783,3.553025722503662,1.9294966459274292,2.84287428855896,-13.274235725402832,-13.210171699523926,0.0016561959637328982,-0.01671992614865303,-5.215205192565918,3.6641135215759277,1.613189697265625,1.0995168685913086,6.576711177825928,2.8609089851379395,-4.042012691497803,-2.121108055114746,-3.6283810138702393,-6.974723815917969,3.4681756496429443,3.1918516159057617
901,-10.507136344909668,7.670666694641113,3.539661169052124,5.44283390045166,8.367531776428223,5.345775604248047,-6.0882744789123535,-6.4697370529174805,-3.0619099140167236,-3.079007863998413,15.774554252624512,12.900541305541992,5.0876054763793945,5.607769012451172,7.059401035308838,3.4221718311309814,3.2321767807006836,3.7093019485473633,-0.7504499554634094,-0.22432242333889008,-13.347803115844727,-13.58515739440918,-0.0004925155080854893,0.009422973729670048,-4.8967461585998535,4.517309188842773,0.7525006532669067,1.1499193906784058,6.126400470733643,1.3002660274505615,-0.814764142036438,-1.1005818843841553,-4.741992473602295,-7.044477462768555,3.9537575244903564,2.8466835021972656
902,-10.76071548461914,7.352224349975586,-1.048567771911621,4.949362754821777,8.088471412658691,3.708927869796753,-1.8734443187713623,-3.9671950340270996,-3.0248401165008545,-2.86771821975708,14.646183013916016,11.564619064331055,5.098533630371094,6.024122714996338,7.112832546234131,6.063968658447266,4.069889545440674,3.4564478397369385,-1.5888530015945435,-2.0953423976898193,-13.616926193237305,-14.046355247497559,-0.0016862093470990658,0.003883503610268235,-4.7189717292785645,4.904427528381348,-0.3684684932231903,1.2186756134033203,4.922499179840088,0.8205515742301941,-0.2356586456298828,-0.753532350063324,-5.220276832580566,-6.82077169418335,3.362459421157837,2.4662880897521973
903,-10.505278587341309,7.509743690490723,-5.967713356018066,4.5898118019104,7.687747001647949,3.165422201156616,-0.7024518847465515,-2.4547791481018066,-2.8922502994537354,-2.7037551403045654,12.52220630645752,10.196651458740234,3.636113166809082,4.819699764251709,4.025768280029297,6.889865875244141,5.167271137237549,3.230771064758301,-2.1562914848327637,-3.3941609859466553,-13.941634178161621,-14.31153392791748,-0.004925414454191923,0.006118054501712322,-4.6724700927734375,5.040890693664551,-1.1862245798110962,1.1981146335601807,4.026585102081299,0.721188485622406,-0.10397189855575562,-0.488247275352478,-5.408153533935547,-6.9875688552856445,2.6801297664642334,2.1208109855651855
904,-10.051779747009277,7.9269537925720215,-6.338334560394287,4.488065242767334,7.124321460723877,2.524000644683838,-0.32816749811172485,-0.7537962198257446,-2.742342710494995,-2.6048223972320557,9.851884841918945,8.94381332397461,2.1320812702178955,3.596728801727295,0.6978804469108582,7.3724493980407715,6.534084796905518,3.0721607208251953,-2.56716251373291,-4.025650501251221,-14.255061149597168,-14.521235466003418,-0.005061846226453781,0.0075691514648497105,-4.918092727661133,5.135295867919922,-1.2386573553085327,1.2016807794570923,3.3414390087127686,0.5504921674728394,-0.056281864643096924,-0.10206592082977295,-5.458320617675781,-7.070579528808594,1.9769911766052246,1.829167366027832
905,-9.6297025680542,8.272141456604004,-6.141268730163574,4.049241542816162,6.399513244628906,2.699125289916992,0.7376376986503601,0.5595552921295166,-2.6146891117095947,-2.5360162258148193,4.285497188568115,6.988976955413818,0.677075982093811,2.608100175857544,-2.235694646835327,7.676381587982178,8.07697582244873,3.1477468013763428,-2.584343194961548,-4.090251922607422,-14.505480766296387,-14.630457878112793,-0.0016774879768490791,0.006774801295250654,-5.181702136993408,5.181064605712891,-1.3127772808074951,1.0797946453094482,2.743117570877075,0.6325027942657471,0.17527496814727783,0.15007948875427246,-5.566066741943359,-7.028698444366455,0.649078369140625,1.3628617525100708
906,-9.131074905395508,8.610859870910645,-5.823810577392578,3.8135182857513428,5.448570728302002,2.373450994491577,0.9740710854530334,0.9448363184928894,-2.512721061706543,-2.475189685821533,-2.7045278549194336,1.769404411315918,-0.6007677316665649,-0.7060904502868652,-5.533174514770508,7.1017656326293945,7.623212814331055,1.8911396265029907,2.1692144870758057,-4.4553961753845215,-14.594639778137207,-14.672053337097168,-15.717052459716797,-0.01832081936299801,-5.488207817077637,5.278403282165527,-1.3211725950241089,1.0268065929412842,2.1339073181152344,0.5322051644325256,0.2269698977470398,0.1794402003288269,-5.465916633605957,-6.502987861633301,-3.761598825454712,0.1544206142425537
907,-8.559809684753418,9.322553634643555,-2.422297716140747,3.883500337600708,5.733005523681641,4.331850051879883,-0.04815749451518059,0.32234475016593933,-2.043365240097046,-2.2084059715270996,-4.115057945251465,-2.5936508178710938,-1.1186469793319702,-0.056836605072021484,-6.930324077606201,7.835092544555664,9.695713996887207,2.1866753101348877,1.518091082572937,0.07892666757106781,-1.1931400299072266,-15.052191734313965,-15.596092224121094,-15.580987930297852,-6.2259392738342285,5.516119003295898,-0.4938807189464569,1.018920660018921,2.5646369457244873,1.1300008296966553,-0.051248133182525635,0.04582411050796509,-4.719998359680176,-5.701253414154053,-5.911351203918457,-3.3775429725646973
908,-7.965360164642334,9.239169120788574,1.4984939098358154,1.239539623260498,4.619758605957031,4.691465377807617,-4.879965305328369,1.6801807880401611,-9.063138961791992,-2.302117109298706,-4.495186805725098,-3.9820051193237305,-5.065598011016846,0.49572131037712097,-6.780887603759766,9.260730743408203,14.06217098236084,1.940537929534912,-0.770243227481842,0.10348726809024811,0.0001330571831203997,-5.489206314086914,-15.482670783996582,-15.557661056518555,-6.982895851135254,6.1294708251953125,0.40692776441574097,0.21752165257930756,2.3645341396331787,1.1577017307281494,-1.1631789207458496,0.38907361030578613,-4.036978721618652,-5.673901557922363,-6.158629417419434,-5.329321384429932
909,-7.217165470123291,9.100724220275879,2.2940239906311035,-0.9795901775360107,1.8404507637023926,4.831762313842773,-2.61989688873291,-0.3266603648662567,-8.938780784606934,-9.219792366027832,-4.479844093322754,-4.146083354949951,-9.006477355957031,0.640632152557373,-6.20958948135376,10.038780212402344,16.26529884338379,2.723329782485962,-2.6118836402893066,-0.514049768447876,0.00015644048107787967,0.05184228718280792,-15.53316593170166,-15.596209526062012,-6.670180320739746,6.475329399108887,0.4040014445781708,-0.24182118475437164,0.5916377305984497,1.206756353378296,-0.48119086027145386,-0.14227896928787231,-3.6315760612487793,-4.875038146972656,-5.766369819641113,-5.126595973968506
910,-6.247161388397217,9.044663429260254,5.850315570831299,-4.824592113494873,-6.984159469604492,2.6895132064819336,-4.478554725646973,-2.316098213195801,-8.613199234008789,-8.993541717529297,-4.403751850128174,-4.06510591506958,-9.24915599822998,1.0080952644348145,-4.345396041870117,9.684754371643066,11.307101249694824,2.4228851795196533,-5.0741143226623535,-1.9964487552642822,0.00010733422823250294,0.02486129105091095,-15.573375701904297,-15.627787590026855,-6.38394832611084,6.130034446716309,1.1304423809051514,-0.8444702625274658,-1.5505579710006714,0.5029218792915344,-1.1348764896392822,-0.5640449523925781,-2.968566417694092,-3.6901917457580566,-5.559625148773193,-4.886029243469238
911,-7.494370460510254,8.36170482635498,7.609511375427246,-5.100064754486084,-6.160660743713379,4.283370018005371,-5.809805870056152,-3.5641229152679443,-6.451121807098389,-8.489109992980957,-4.179329872131348,-4.366365432739258,-4.2373552322387695,2.8540332317352295,0.3132585287094116,4.73770809173584,6.845174789428711,2.068953514099121,-8.657130241394043,-3.2430155277252197,-2.558249980211258e-05,0.08803583681583405,-15.705039024353027,-15.67767333984375,-5.509138107299805,5.443302154541016,1.588814616203308,-0.9070772528648376,-1.07285737991333,1.0876128673553467,-1.6773335933685303,-0.8339475989341736,-1.4415901899337769,-2.774874687194824,-4.886042594909668,-4.647570610046387
912,-8.296035766601562,8.187973976135254,5.599014759063721,-1.7841638326644897,-5.663661956787109,5.4682207107543945,-5.930239200592041,-5.487580299377441,0.40454670786857605,-7.034384727478027,-3.633314609527588,-3.9647562503814697,-2.5095043182373047,3.715005397796631,3.76167893409729,5.213405132293701,5.634995460510254,3.4618451595306396,-12.488692283630371,-6.819097995758057,0.6992247700691223,-0.020761733874678612,-15.693113327026367,-15.698143005371094,-5.930505275726318,4.8619513511657715,1.1818158626556396,-0.1997012048959732,-1.036028504371643,1.521193504333496,-2.000734567642212,-1.4621856212615967,0.34603720903396606,-1.7167688608169556,-4.034890174865723,-4.872536659240723
913,-8.787213325500488,7.974127769470215,6.1750030517578125,-2.5096609592437744,-7.172914981842041,4.320854187011719,-5.116281509399414,-4.602167129516602,4.932215690612793,-0.023931261152029037,-2.9911048412323,-3.817484140396118,-0.40278369188308716,3.430830717086792,6.605934143066406,4.8067121505737305,3.3755359649658203,4.288002967834473,-16.26937484741211,-10.366255760192871,12.472454071044922,0.05893859267234802,-15.07146167755127,-15.640846252441406,-5.678867816925049,3.833909034729004,1.5967270135879517,-0.4541560411453247,-1.632515788078308,1.0523502826690674,-2.1265485286712646,-1.3229224681854248,3.3327250480651855,0.2640344202518463,-2.8203394412994385,-4.273603916168213
914,-10.406628608703613,6.342209815979004,7.072253227233887,-4.167547225952148,-7.746125221252441,4.480960369110107,-4.199736595153809,-5.020096302032471,9.410594940185547,5.369091510772705,-0.8998497724533081,-2.5852408409118652,2.124140977859497,2.907773494720459,9.200428009033203,2.4238686561584473,-0.9399764537811279,6.794229030609131,-19.530410766601562,-14.246659278869629,-1.8526554107666016,11.156139373779297,-9.71435546875,-14.974739074707031,-4.072854042053223,1.7312653064727783,2.173042058944702,-0.7964889407157898,-2.4615418910980225,1.3086854219436646,-2.36096453666687,-1.8868603706359863,6.882536888122559,3.388873815536499,-0.06835824996232986,-2.362128734588623
915,-8.777234077453613,0.3320578932762146,6.947851181030273,-2.514967441558838,-7.857908725738525,2.2182798385620117,-1.1628751754760742,-1.6229430437088013,10.152390480041504,2.3113083839416504,7.982509136199951,-1.5377734899520874,0.2381715476512909,1.2165828943252563,8.45283031463623,-1.1083842515945435,-0.10371232032775879,7.534056663513184,-20.332847595214844,-16.18429183959961,-1.7373671531677246,15.701529502868652,15.639280319213867,-11.32796573638916,-2.5935816764831543,-0.18731272220611572,2.030555248260498,-0.4452180862426758,-2.102996587753296,0.5111527442932129,-0.5057981610298157,-0.4687175154685974,7.178772449493408,4.930537223815918,3.9727277755737305,-0.6071041226387024
916,-4.628643989562988,-2.156165838241577,5.183440685272217,-2.1648898124694824,-8.96286678314209,0.6750589609146118,7.726348400115967,7.11264181137085,9.76710033416748,1.990220308303833,4.226115703582764,8.727675437927246,-1.024417757987976,-0.005496494472026825,9.651326179504395,-1.9976654052734375,-1.7186217308044434,5.0442633628845215,-12.744406700134277,-12.951471328735352,0.3980570137500763,15.702418327331543,15.244324684143066,8.346333503723145,-0.8483189344406128,-0.5552350282669067,1.4102455377578735,-0.46462759375572205,-4.240373134613037,0.09215128421783447,1.3581435680389404,1.2663912773132324,6.508138179779053,4.9104413986206055,5.871792316436768,2.3913822174072266
917,0.7569265961647034,-4.450692176818848,1.337304711341858,-0.04448910057544708,-8.519137382507324,0.8409764170646667,15.147135734558105,10.790925979614258,8.280912399291992,2.0051629543304443,4.319589138031006,3.78745698928833,-0.42555752396583557,-7.153596878051758,-0.16963401436805725,-7.112082481384277,-4.265957355499268,3.6486804485321045,-2.0772573947906494,-5.368017673492432,4.596984386444092,15.567695617675781,15.686442375183105,15.713601112365723,0.36539751291275024,-1.2070999145507812,0.17886099219322205,0.0773812085390091,-5.867359161376953,0.19928956031799316,3.031867742538452,1.8696866035461426,6.401357173919678,5.167866230010986,5.775160789489746,5.294581413269043
918,-1.7724072933197021,-2.288297653198242,3.7993922233581543,3.66335129737854,-7.282042980194092,-4.575099945068359,12.849630355834961,10.864970207214355,6.2905354499816895,2.0131771564483643,4.212398529052734,4.155279636383057,2.735177516937256,-8.551565170288086,-0.06202886253595352,-4.075682163238525,-8.275476455688477,-1.856865644454956,5.015883445739746,2.2206318378448486,8.011396408081055,9.713046073913574,15.676716804504395,15.68348503112793,-0.43827247619628906,-0.5778281688690186,0.8404067754745483,0.7393356561660767,-7.117141246795654,-1.241647720336914,3.211513042449951,2.3425469398498535,6.32951545715332,5.060122489929199,5.2301249504089355,5.269166946411133
919,0.9007425904273987,-0.6387540698051453,-0.1763709932565689,0.961383581161499,-6.224183082580566,-5.068709850311279,11.302592277526855,10.231535911560059,4.641608238220215,5.291942596435547,4.094351768493652,6.106164455413818,8.558594703674316,-7.926648139953613,-0.28479668498039246,-5.285463809967041,-11.459419250488281,-7.81536340713501,9.776358604431152,6.732372760772705,12.639081954956055,11.586438179016113,15.700783729553223,15.68864631652832,0.3434947729110718,-0.07949762791395187,-0.1869678795337677,0.0751141756772995,-7.857605457305908,-1.5740858316421509,3.6507561206817627,2.7110118865966797,5.338282108306885,5.839267730712891,5.074062347412109,5.3429670333862305
920,-0.7153598070144653,1.4484001398086548,-2.9271607398986816,-1.6015411615371704,-4.996105194091797,-5.076380729675293,10.178336143493652,9.60341739654541,2.2664425373077393,2.72196102142334,4.1623992919921875,4.2618303298950195,6.210831642150879,-7.9061808586120605,-2.3198859691619873,-7.974904537200928,-15.082655906677246,-11.668839454650879,13.112154960632324,10.408249855041504,15.540176391601562,15.441696166992188,15.695456504821777,15.654681205749512,-0.1784573793411255,0.30541539192199707,-0.7264003753662109,-0.5205094814300537,-8.792319297790527,-2.357170581817627,4.264553070068359,3.186826705932617,4.976443290710449,6.502213478088379,5.393167018890381,5.549072265625
921,0.3805166184902191,4.144364833831787,-5.992367267608643,-4.769285678863525,-4.160625457763672,-4.757299900054932,10.139617919921875,9.881260871887207,2.1037814617156982,2.3186872005462646,4.7356061935424805,5.10245418548584,6.5500993728637695,-3.041867256164551,-2.437039613723755,-6.023289203643799,-17.19583511352539,-13.164654731750488,13.80780029296875,11.305777549743652,15.631773948669434,13.931784629821777,15.66595458984375,15.548473358154297,0.13089478015899658,0.8128368258476257,-1.5592560768127441,-1.5502302646636963,-9.636907577514648,-2.6415281295776367,5.332180023193359,3.951629877090454,5.267980575561523,6.684042930603027,5.183737277984619,5.644900321960449
922,-4.76863431930542,3.7224905490875244,-7.594156742095947,-7.499145030975342,-3.9017155170440674,-4.337797164916992,10.044881820678711,10.352158546447754,2.028909921646118,2.7733891010284424,4.082571983337402,4.220236301422119,0.278718501329422,-3.0989630222320557,-5.735773086547852,-10.361946105957031,-17.318817138671875,-14.7675142288208,15.164170265197754,13.187644958496094,15.657959938049316,14.361766815185547,15.69306468963623,15.648323059082031,-1.1747610569000244,0.7113906741142273,-1.9322190284729004,-2.3684237003326416,-9.77408504486084,-2.493901252746582,5.650784015655518,4.688872814178467,5.70217227935791,6.218250751495361,5.081665515899658,5.33039665222168
923,-2.1233420372009277,4.1878228187561035,-7.355987071990967,-7.272887229919434,-3.8865585327148438,1.124426245689392,9.300639152526855,9.642875671386719,2.038858652114868,2.8838860988616943,3.97947359085083,4.041379928588867,-3.8465328216552734,-4.026823997497559,-8.394283294677734,-15.055914878845215,-18.050052642822266,-13.595149040222168,18.647140502929688,14.443504333496094,15.676412582397461,13.028033256530762,6.969922065734863,15.5638427734375,-0.37856757640838623,0.8178864121437073,-2.104743242263794,-2.925502300262451,-8.489097595214844,0.501617431640625,5.467561721801758,4.735576152801514,5.996119499206543,6.055069446563721,4.734019756317139,4.791090488433838
924,-5.827206611633301,7.605181694030762,-2.0976178646087646,-4.309292793273926,-0.8500478267669678,10.633389472961426,2.0181100368499756,5.2220377922058105,2.0253756046295166,4.542705535888672,15.186065673828125,3.6744801998138428,-7.2176008224487305,-5.344429016113281,-9.221003532409668,-18.229923248291016,-16.443471908569336,-7.131033420562744,19.841848373413086,13.797771453857422,15.703804969787598,6.659849166870117,-0.0029230117797851562,15.416534423828125,-2.585231304168701,1.8672409057617188,-0.34067854285240173,-1.9771486520767212,-0.12613770365715027,5.408175945281982,0.7661003470420837,1.751526117324829,6.660286903381348,4.931216716766357,3.4275543689727783,3.77323055267334
925,-6.857387065887451,9.066142082214355,7.576888084411621,6.123369216918945,10.794331550598145,9.663653373718262,-23.583154678344727,-13.523388862609863,1.4180409908294678,-4.975805282592773,8.393986701965332,3.0549240112304688,-2.848262310028076,2.526095390319824,-4.523886680603027,-13.954751014709473,-8.390671730041504,3.4581024646759033,11.426142692565918,11.848050117492676,8.662830352783203,-15.467510223388672,0.009172492660582066,-0.009518936276435852,-4.293868541717529,3.09979510307312,1.6121619939804077,1.3405612707138062,7.4691972732543945,6.076988220214844,-5.570809841156006,-3.1369800567626953,1.426519513130188,-2.9381911754608154,1.4652303457260132,3.1097917556762695
926,-8.927949905395508,6.992501735687256,10.75418758392334,11.077579498291016,9.476365089416504,8.371170997619629,-20.496458053588867,-14.358597755432129,-6.049005508422852,-4.564172744750977,12.292673110961914,14.662429809570312,2.0141401290893555,2.4955756664276123,2.858726739883423,-4.8330488204956055,1.1981867551803589,2.3918473720550537,3.917201519012451,5.733158588409424,-11.525745391845703,-11.24820327758789,0.03060173988342285,-0.022985190153121948,-4.510195732116699,1.8547940254211426,2.457237720489502,1.9581681489944458,8.775675773620605,3.5300498008728027,-4.145565986633301,-2.489210367202759,-5.312611103057861,-11.886643409729004,2.952660322189331,3.5641798973083496
927,-10.161480903625488,7.604579448699951,4.486411094665527,5.956511497497559,8.71001148223877,7.0694403648376465,-11.746363639831543,-10.900473594665527,-3.2319211959838867,-3.2958109378814697,14.799112319946289,13.027749061584473,4.708667755126953,4.851396083831787,6.381523609161377,1.0861586332321167,1.9763692617416382,3.560471773147583,-0.7493885159492493,0.893031120300293,-12.92512321472168,-13.300520896911621,0.0003680128138512373,0.016102328896522522,-4.104795932769775,3.8602817058563232,0.8925235271453857,1.0461945533752441,7.1573100090026855,2.2023653984069824,-2.1979269981384277,-2.043921709060669,-4.572650909423828,-7.27484130859375,3.642258405685425,2.8461008071899414
928,-10.716127395629883,7.417281150817871,0.9913641214370728,5.565072536468506,8.582695007324219,5.351413726806641,-4.309962272644043,-5.282979965209961,-3.2082743644714355,-3.0159568786621094,15.350565910339355,12.352211952209473,5.528378009796143,5.989843368530273,7.510813236236572,4.8321309089660645,2.4329535961151123,3.7341325283050537,-2.6022040843963623,-1.6938600540161133,-13.180804252624512,-13.719474792480469,-0.0010265079326927662,0.002933808136731386,-4.521313667297363,4.605040550231934,0.10415966808795929,1.2941101789474487,6.345686912536621,1.3456686735153198,-0.6700208783149719,-0.9173278212547302,-5.196982383728027,-6.820944309234619,3.706641435623169,2.7090301513671875
929,-10.677802085876465,7.37730598449707,-4.459187030792236,4.828591823577881,8.341669082641602,4.092121124267578,-0.6990562677383423,-2.7273366451263428,-3.055056095123291,-2.8353922367095947,14.046295166015625,11.197028160095215,4.619091510772705,5.4483795166015625,5.456722736358643,6.349654197692871,3.4229063987731934,3.60042667388916,-3.205709457397461,-3.127598285675049,-13.610763549804688,-14.080774307250977,-0.0033426103182137012,0.0021715324837714434,-4.318878650665283,4.75126838684082,-0.9292371273040771,1.2113840579986572,5.25903844833374,0.9536136388778687,-0.009714901447296143,-0.5045796036720276,-5.444329261779785,-6.954143524169922,3.163999319076538,2.3805365562438965
930,-10.318887710571289,7.692442417144775,-6.1531195640563965,4.742798805236816,7.946507930755615,3.267746686935425,-0.1914750188589096,-1.0289642810821533,-2.8971524238586426,-2.7056148052215576,11.702441215515137,9.933460235595703,3.2651984691619873,4.227818489074707,2.2363173961639404,7.004414081573486,4.61577033996582,3.308098077774048,-3.5525424480438232,-3.863197088241577,-13.928963661193848,-14.292393684387207,-0.0071259550750255585,0.005184588488191366,-4.459569931030273,4.8522138595581055,-1.1845241785049438,1.2543038129806519,4.610025405883789,0.7378627061843872,-0.021830737590789795,-0.16454976797103882,-5.464482307434082,-7.063416004180908,2.4510724544525146,2.0634679794311523
931,-9.948338508605957,8.057490348815918,-6.203228950500488,4.411731719970703,7.477301597595215,3.2224173545837402,0.8258115649223328,0.7260916829109192,-2.7566475868225098,-2.6040971279144287,8.697453498840332,8.634979248046875,1.9674465656280518,3.218700647354126,-0.7686275839805603,7.37287712097168,5.957968235015869,3.309471607208252,-3.497856855392456,-3.8874173164367676,-14.228836059570312,-14.508036613464355,-0.0038774823769927025,0.006081003695726395,-4.717598915100098,4.882505893707275,-1.2667242288589478,1.171238899230957,4.033039093017578,0.7605564594268799,0.18414118885993958,0.19741803407669067,-5.538156986236572,-7.127694129943848,1.6943107843399048,1.756618618965149
932,-9.608463287353516,8.332344055175781,-5.749872207641602,3.9942026138305664,6.905112266540527,3.176898717880249,1.0373307466506958,1.7946213483810425,-2.6259145736694336,-2.5353384017944336,-1.0175976753234863,5.594987392425537,-1.4925392866134644,-0.5515676140785217,-5.363534927368164,6.3225932121276855,6.838172435760498,1.847152590751648,-2.183976888656616,-4.078488826751709,-14.601799964904785,-14.87468147277832,-4.191578388214111,-0.0025364579632878304,-5.012029647827148,4.918676376342773,-1.2708044052124023,1.0636000633239746,3.459071397781372,0.7527268528938293,0.19394594430923462,0.3570381999015808,-5.548259735107422,-6.924388885498047,-0.5764136910438538,1.0180091857910156
933,-8.609468460083008,9.399787902832031,-3.1371607780456543,4.234782695770264,6.688080787658691,6.0318803787231445,-1.9540501832962036,-2.9658281803131104,-2.4215452671051025,-2.346209764480591,-3.4443376064300537,-1.9394134283065796,-2.28975510597229,-0.4053608179092407,-5.998536109924316,7.901987552642822,8.574386596679688,2.3065388202667236,0.326071560382843,-4.967091083526611,-14.870800018310547,-14.80394458770752,-15.669968605041504,-1.295328140258789,-5.928611755371094,5.851404666900635,-0.6823962926864624,1.1347590684890747,3.728750228881836,1.8562566041946411,-0.486680269241333,-0.9064098000526428,-4.77768087387085,-5.958746910095215,-5.04514217376709,-0.6796863079071045
934,-8.864591598510742,9.10326862335205,-0.5311744213104248,3.143916606903076,6.301996231079102,4.2836079597473145,0.9177888631820679,2.7473387718200684,-2.1849522590637207,-2.378889799118042,-4.285626411437988,-3.2018558979034424,-1.5345947742462158,0.561893105506897,-5.73118257522583,8.938207626342773,9.486855506896973,2.5619072914123535,-0.131594717502594,-0.24381181597709656,-15.570948600769043,-14.934975624084473,-15.564242362976074,-15.582793235778809,-6.160675048828125,5.565562725067139,-0.010329753160476685,0.8252549171447754,3.453476905822754,0.9577193856239319,0.2904573082923889,0.7853849530220032,-4.482218265533447,-5.469870567321777,-5.668595314025879,-4.169333457946777
935,-8.432793617248535,9.1763916015625,-0.3490922152996063,1.1290854215621948,5.15230131149292,5.545673847198486,-1.2029829025268555,2.3697335720062256,-9.168500900268555,-2.343207836151123,-4.519100189208984,-4.128272533416748,-3.597621440887451,-0.17493444681167603,-6.18952751159668,9.618301391601562,12.683462142944336,2.37856388092041,-0.8943526744842529,0.32465097308158875,-0.00041444943053647876,-0.01835199072957039,-15.500448226928711,-15.575801849365234,-6.574589729309082,6.136545181274414,-0.07933405041694641,0.22074644267559052,2.8688840866088867,1.4977672100067139,-0.32584601640701294,0.46325382590293884,-4.771204948425293,-5.6621317863464355,-6.031332492828369,-5.2284674644470215
936,-7.840963363647461,9.086727142333984,3.310981035232544,-1.242887258529663,3.965104341506958,5.747135162353516,-3.507941722869873,-1.342227578163147,-8.944084167480469,-9.180377960205078,-4.473409175872803,-4.189890384674072,-6.241217613220215,0.9644472599029541,-5.302245616912842,10.452735900878906,15.481548309326172,3.0560989379882812,-2.9138543605804443,-0.6762182116508484,0.000127339648315683,0.010581936687231064,-15.53211498260498,-15.586331367492676,-6.677279472351074,6.481033802032471,0.6820273399353027,-0.28341495990753174,1.89781653881073,1.5839340686798096,-0.8520867228507996,-0.4116831421852112,-3.5890305042266846,-4.597977638244629,-5.745968818664551,-5.186019420623779
937,-6.739078521728516,9.002951622009277,5.117647647857666,-3.980487823486328,0.14728385210037231,3.267383337020874,-3.8874664306640625,-1.0792990922927856,-8.67065715789795,-9.073039054870605,-4.424596786499023,-4.1234049797058105,-8.644261360168457,2.520962715148926,-2.5976758003234863,4.887369155883789,16.011144638061523,1.647081732749939,-5.498324871063232,-0.7026035785675049,0.00020595549722202122,0.06074199080467224,-15.688538551330566,-15.563597679138184,-6.656514644622803,6.283153533935547,0.964353084564209,-0.675067663192749,-0.20632418990135193,0.6423274874687195,-0.9393530488014221,-0.2165530025959015,-3.0586090087890625,-3.9658422470092773,-5.61984395980835,-4.994379997253418
938,-7.250101566314697,8.237844467163086,5.824352741241455,-1.5701398849487305,-8.83076286315918,4.416378021240234,-5.711660861968994,-6.922468662261963,-6.790534496307373,-8.440154075622559,-4.025535583496094,-4.162501811981201,-3.749056816101074,3.9268975257873535,0.7778134942054749,6.38452672958374,8.074140548706055,2.6053149700164795,-9.032465934753418,-4.515096664428711,-0.00018750895105767995,0.0005808528512716293,-15.698997497558594,-15.69765853881836,-7.05232572555542,5.911837577819824,1.2017196416854858,-0.20276392996311188,-2.152104616165161,1.1117287874221802,-1.68192458152771,-1.8304033279418945,-1.5848007202148438,-2.6934282779693604,-4.890397548675537,-5.324556350708008
939,-8.479962348937988,7.92760705947876,6.344508647918701,-3.3113112449645996,-4.216094017028809,4.631467819213867,-5.359322547912598,-3.6755707263946533,0.7008063793182373,-6.5186333656311035,-3.437926769256592,-3.9197938442230225,-2.499877691268921,4.319447994232178,4.181544780731201,6.05125093460083,6.613279819488525,3.6327617168426514,-12.561989784240723,-7.338863849639893,0.9386822581291199,-0.014233876019716263,-15.693486213684082,-15.697867393493652,-6.005455493927002,4.843007564544678,1.479067325592041,-0.6021122932434082,-0.5962414145469666,1.1828019618988037,-1.792027473449707,-0.8184993267059326,0.4332473874092102,-1.481347918510437,-3.637340784072876,-4.653964042663574
940,-8.791322708129883,7.829893112182617,6.3027825355529785,-2.656608819961548,-7.0814666748046875,4.071229457855225,-4.999480724334717,-4.1793341636657715,4.852128505706787,0.7446569800376892,-2.8685672283172607,-3.72131609916687,-0.0455748587846756,3.892524242401123,7.006868362426758,5.309281826019287,3.4771687984466553,4.445133209228516,-16.38176155090332,-10.507896423339844,13.007539749145508,0.8460224866867065,-14.958659172058105,-15.65776538848877,-6.008328437805176,3.7726659774780273,1.6295127868652344,-0.4299631118774414,-1.6424912214279175,1.0089246034622192,-2.1076793670654297,-1.269979476928711,3.4977774620056152,0.4333151876926422,-2.744750738143921,-4.150216102600098
941,-10.239362716674805,6.027470111846924,7.0290608406066895,-4.587342739105225,-8.18648910522461,4.2474236488342285,-3.9522976875305176,-4.729836940765381,8.815455436706543,5.1894659996032715,-0.5416727662086487,-2.4832329750061035,2.4712612628936768,3.169440269470215,9.583581924438477,2.5202133655548096,0.7107870578765869,6.966447353363037,-19.47519302368164,-14.090543746948242,-1.7839418649673462,11.875998497009277,-8.886567115783691,-14.907912254333496,-4.181061267852783,1.5945839881896973,2.2125282287597656,-0.8765877485275269,-2.188612937927246,1.216383934020996,-2.226531505584717,-1.7568402290344238,7.026331901550293,3.7032036781311035,0.1679273247718811,-2.1730146408081055
942,-8.801179885864258,0.3317149579524994,6.551321029663086,-2.969316005706787,-7.770326137542725,1.7131587266921997,-1.0220543146133423,-0.8123596906661987,9.94405746459961,2.211768627166748,7.334455966949463,-1.12952721118927,0.38029950857162476,1.1261066198349,8.606146812438965,-1.6242629289627075,0.4128110408782959,7.1169233322143555,-19.794086456298828,-15.515388488769531,-1.4360978603363037,15.700801849365234,15.558714866638184,-10.980116844177246,-2.7623138427734375,-0.17622768878936768,1.8801465034484863,-0.5458754301071167,-2.545260190963745,0.34900665283203125,-0.38859257102012634,-0.08099037408828735,6.963785171508789,4.817573070526123,4.312736511230469,-0.3270384669303894
943,-4.721545219421387,-2.1984782218933105,4.6169304847717285,-2.0843541622161865,-8.21788501739502,0.617429792881012,10.014897346496582,8.71441650390625,9.282841682434082,1.9855091571807861,4.2303786277771,9.345925331115723,-1.167104721069336,-3.0977365970611572,8.370392799377441,-3.9699699878692627,-0.6061193943023682,4.98190450668335,-11.915495872497559,-12.092231750488281,0.18090343475341797,15.698637008666992,15.540998458862305,12.238662719726562,-0.8752797245979309,-0.5715388655662537,1.2096253633499146,-0.4347514808177948,-4.431594371795654,0.09748256206512451,1.7679071426391602,1.507277250289917,6.364009857177734,4.76131534576416,5.89918851852417,3.0347352027893066
944,-0.5427383184432983,-2.1776282787323,1.4740524291992188,0.172005295753479,-8.297004699707031,-0.5028231739997864,16.38582420349121,11.862727165222168,8.19741439819336,1.9980193376541138,4.331643104553223,3.895371675491333,-0.7964767813682556,-8.016493797302246,-0.029931090772151947,-7.793481826782227,-4.241150856018066,2.601719617843628,-0.3819067180156708,-3.3390309810638428,4.244317531585693,15.621986389160156,15.690866470336914,15.695728302001953,0.053723931312561035,-0.5414687991142273,0.22771009802818298,0.12277643382549286,-6.3667426109313965,-0.1369016170501709,3.478625535964966,2.1635541915893555,6.239612579345703,4.90627384185791,5.721214294433594,5.297016143798828
945,-0.7553427219390869,-1.3583972454071045,3.0706870555877686,3.11954665184021,-7.142211437225342,-5.215911388397217,13.606467247009277,11.581676483154297,6.296287536621094,2.004201889038086,4.208340167999268,4.182263374328613,4.114659786224365,-5.196554660797119,-0.6131480932235718,-5.721831321716309,-9.050185203552246,-3.55515456199646,7.9866623878479,4.824268817901611,8.466428756713867,7.578179836273193,15.549638748168945,13.307416915893555,-0.15040528774261475,-0.3554583191871643,0.6597726345062256,0.6133991479873657,-7.6301116943359375,-1.4780933856964111,3.8478477001190186,2.7426469326019287,5.938497066497803,5.177372455596924,5.294244766235352,5.465543746948242
946,0.426055908203125,-1.307828426361084,-3.0344724655151367,-0.5517493486404419,-5.704130172729492,-5.206063270568848,9.721395492553711,9.251002311706543,4.155867099761963,5.661383628845215,4.137348175048828,4.10082483291626,6.3292670249938965,-8.940102577209473,-2.9425532817840576,-7.7477569580078125,-12.930471420288086,-9.005687713623047,11.519012451171875,8.454941749572754,13.58617877960205,11.656455039978027,15.434442520141602,15.558123588562012,0.15330910682678223,-0.33445048332214355,-0.8817253112792969,-0.2692566514015198,-8.253689765930176,-1.7412042617797852,3.3812673091888428,2.6488583087921143,4.780477523803711,5.803060531616211,5.072127819061279,5.147448539733887
947,0.6194998025894165,3.4381601810455322,-3.279127597808838,-2.8672118186950684,-4.7084269523620605,-5.001755237579346,10.412110328674316,10.054511070251465,2.0712320804595947,2.868039131164551,4.19765567779541,4.328376293182373,9.14063549041748,-3.422001838684082,-1.9304006099700928,-4.323938369750977,-16.39561653137207,-12.138328552246094,13.424370765686035,10.915034294128418,15.357580184936523,13.854937553405762,15.485459327697754,14.231538772583008,0.16155970096588135,0.7245195508003235,-0.8022446632385254,-0.9472782015800476,-9.213631629943848,-2.560072422027588,5.240479946136475,3.8133294582366943,5.2409772872924805,6.676303386688232,5.352534294128418,5.74445915222168
948,-5.226896286010742,2.166843891143799,-5.369452953338623,-6.363609790802002,-4.201984405517578,-4.63409948348999,10.091320037841797,10.009740829467773,2.0309603214263916,2.6082494258880615,4.233380317687988,4.3462982177734375,2.8051373958587646,-3.1369540691375732,-4.045993804931641,-7.282670497894287,-15.882699966430664,-14.562023162841797,14.852631568908691,12.656064987182617,15.588845252990723,15.101463317871094,15.693334579467773,15.628915786743164,-1.2194288969039917,0.3728615641593933,-1.289201259613037,-1.7621105909347534,-9.318961143493652,-2.9048047065734863,5.426141738891602,4.169065952301025,5.854802131652832,6.368072032928467,5.35636043548584,5.534238815307617
949,0.7082127928733826,3.8309168815612793,-8.020735740661621,-8.452747344970703,-4.200132369995117,-3.6574931144714355,9.560297012329102,9.5325927734375,2.0776612758636475,2.328826665878296,4.069803237915039,4.198897361755371,-0.18086257576942444,-2.538548469543457,-6.9302825927734375,-11.781147003173828,-17.42930793762207,-15.744211196899414,15.835620880126953,14.011970520019531,15.633859634399414,14.861096382141113,15.665812492370605,15.625062942504883,0.34615838527679443,0.8061713576316833,-2.274916172027588,-2.9991557598114014,-10.397467613220215,-1.9165112972259521,5.686241149902344,4.433906078338623,5.26233434677124,6.527029037475586,4.918741226196289,5.143156051635742
950,-4.991016864776611,3.8373122215270996,-5.674157619476318,-6.482351779937744,-3.7616047859191895,8.95103645324707,8.327402114868164,8.343649864196777,2.0323283672332764,3.1184308528900146,3.857529401779175,3.9423975944519043,-5.390810489654541,-4.5473456382751465,-9.549722671508789,-16.8326473236084,-17.854942321777344,-11.104323387145996,19.008291244506836,14.466658592224121,15.657732963562012,10.689899444580078,6.543784141540527,15.598207473754883,-1.6988087892532349,0.7317106127738953,-1.5577341318130493,-2.7397851943969727,-6.093892574310303,3.1146302223205566,4.52117919921875,3.798977851867676,6.578947067260742,5.842679977416992,4.504341125488281,4.526671886444092
951,-6.318449974060059,8.590560913085938,3.0291526317596436,-2.0340445041656494,9.247966766357422,10.912779808044434,-10.95485782623291,-0.39051228761672974,2.005887985229492,5.901533126831055,14.189676284790039,3.2159712314605713,-7.03188943862915,-4.403106212615967,-8.249750137329102,-17.96484375,-12.203630447387695,-4.18341588973999,17.24422836303711,11.815290451049805,15.707440376281738,2.9852294921875,-0.002746623009443283,15.658223152160645,-3.2499895095825195,2.5229737758636475,0.8601417541503906,-0.743848979473114,3.748198986053467,6.372495651245117,-2.444662094116211,-0.6766507029533386,5.126515865325928,3.1824467182159424,3.0841081142425537,3.284043788909912
952,-7.937458038330078,8.686419486999512,8.947425842285156,13.22853946685791,10.514863014221191,8.991543769836426,-25.322086334228516,-20.364957809448242,-7.521315574645996,-4.353847026824951,9.113885879516602,13.077227592468262,1.0736407041549683,-0.254305362701416,-0.23694348335266113,-7.581254482269287,0.11594696342945099,2.335176706314087,7.345623970031738,7.610035419464111,-9.31339168548584,-9.693009376525879,0.005257830023765564,0.014066943898797035,-5.220307350158691,4.001585006713867,1.8517775535583496,2.5697219371795654,7.198733806610107,6.157133102416992,-5.949015140533447,-4.438181400299072,-3.717768430709839,-11.602364540100098,1.6990246772766113,3.1330666542053223
953,-9.825713157653809,8.257179260253906,7.051455020904541,6.485592365264893,8.752669334411621,7.358143329620361,-17.38929557800293,-11.461380004882812,-3.1987686157226562,-3.4131879806518555,13.710721969604492,13.420281410217285,3.9010114669799805,4.075601577758789,4.337634086608887,-1.1724636554718018,2.0271549224853516,3.846414089202881,0.898951530456543,2.6205008029937744,-13.14533519744873,-12.894245147705078,0.002606151159852743,0.015527274459600449,-4.902286529541016,3.857468843460083,1.5612082481384277,1.0197017192840576,7.034731388092041,2.5448601245880127,-3.498142957687378,-1.8784711360931396,-3.7398667335510254,-6.9538960456848145,3.4084842205047607,3.028797149658203
954,-10.708171844482422,7.53077507019043,3.1167945861816406,5.8335747718811035,8.486727714538574,5.7151947021484375,-4.447643756866455,-5.920473575592041,-3.0809237957000732,-3.137988328933716,15.791683197021484,12.671600341796875,5.5992207527160645,6.082337379455566,7.091776371002197,3.4547173976898193,2.8766345977783203,3.998825788497925,-1.1354515552520752,-0.18617674708366394,-13.326192855834961,-13.502962112426758,-0.0006373192882165313,0.0070740538649261,-5.061291217803955,4.531805992126465,0.6390155553817749,1.2686924934387207,6.221917629241943,1.5127872228622437,-0.49241501092910767,-1.0025100708007812,-4.877511501312256,-7.026328086853027,3.975865125656128,2.794340133666992
955,-10.911214828491211,7.235692977905273,-2.1499645709991455,5.116128444671631,8.196403503417969,4.137032508850098,-1.1319522857666016,-3.5089833736419678,-3.0334911346435547,-2.902808666229248,14.421236991882324,11.346388816833496,5.3234710693359375,6.263888359069824,6.649889945983887,5.822136402130127,3.782381296157837,3.7892425060272217,-1.6779669523239136,-1.8785669803619385,-13.616195678710938,-13.977980613708496,-0.0016021209303289652,0.0032038353383541107,-4.9088134765625,4.819084167480469,-0.5636340379714966,1.2474251985549927,4.920176029205322,0.958427906036377,-0.11136668920516968,-0.6532850861549377,-5.282778739929199,-6.862910270690918,3.2764017581939697,2.410278797149658
956,-10.597932815551758,7.442566394805908,-6.1627421379089355,4.830879211425781,7.769397258758545,3.418148994445801,-0.4628801941871643,-2.0612919330596924,-2.893292188644409,-2.7349965572357178,12.0502290725708,9.964595794677734,3.809861183166504,5.062571048736572,3.5003371238708496,6.625170707702637,4.962289810180664,3.4996652603149414,-2.0947206020355225,-3.0165786743164062,-13.938282012939453,-14.264020919799805,-0.003000244265422225,0.005929854232817888,-4.924482822418213,4.937505722045898,-1.2116518020629883,1.2509068250656128,4.0592427253723145,0.7888244390487671,-0.07228118181228638,-0.39719998836517334,-5.414538383483887,-7.024690628051758,2.541280508041382,2.0640134811401367
957,-10.135732650756836,7.858516216278076,-6.4237213134765625,4.667046070098877,7.203286647796631,2.934817314147949,-0.03471190109848976,-0.4451152980327606,-2.746699333190918,-2.636181592941284,9.07790470123291,8.760283470153809,2.2978317737579346,3.815814733505249,0.2182878851890564,7.128714084625244,6.371053695678711,3.317668914794922,-2.352900743484497,-3.5166306495666504,-14.244659423828125,-14.479764938354492,-0.0026300628669559956,0.007505429908633232,-5.164862155914307,4.987756729125977,-1.2730464935302734,1.234671711921692,3.3925952911376953,0.6659750938415527,0.0098876953125,-0.0335155725479126,-5.483786582946777,-7.1107072830200195,1.783062219619751,1.789900779724121
958,-9.706963539123535,8.20116901397705,-6.150826930999756,4.170621395111084,6.477477550506592,3.0873231887817383,0.768155574798584,0.6296941041946411,-2.6191091537475586,-2.554551839828491,1.4529024362564087,6.767134189605713,0.8426252603530884,2.8022713661193848,-2.691254138946533,7.46505880355835,7.960059642791748,3.387277603149414,-2.3064558506011963,-3.5309665203094482,-14.496990203857422,-14.606680870056152,-0.0016203378327190876,0.006451459135860205,-5.418689727783203,5.012214660644531,-1.33418869972229,1.0997470617294312,2.78330397605896,0.7372705936431885,0.171134352684021,0.153201162815094,-5.5928192138671875,-7.019457817077637,0.0001028105616569519,1.3093446493148804
959,-8.5775728225708,9.30100154876709,-5.444255828857422,4.106672763824463,5.73475980758667,3.0260751247406006,1.2777632474899292,0.3507368266582489,-2.4907386302948,-2.3643131256103516,-3.2436296939849854,2.044025421142578,-1.2270950078964233,-0.4385893940925598,-6.46842622756958,6.977969646453857,7.399896621704102,2.281733751296997,2.395233154296875,-4.310943603515625,-14.641292572021484,-14.887593269348145,-15.696885108947754,-0.02370024099946022,-5.658091068267822,5.103736877441406,-1.372719168663025,1.048193335533142,2.1631217002868652,0.677286684513092,0.30480724573135376,0.05179637670516968,-5.493790626525879,-6.42173433303833,-4.5771918296813965,0.2288684844970703
960,-8.708476066589355,9.215202331542969,-0.4860215485095978,3.9168143272399902,6.00039005279541,4.692535400390625,-1.4225283861160278,-0.941581666469574,-2.055086851119995,-2.4424996376037598,-4.225237846374512,-2.5373947620391846,-2.6503539085388184,0.5312424302101135,-6.627161502838135,8.20569896697998,11.4869384765625,2.5853235721588135,1.5045284032821655,-0.06604195386171341,-0.0007548332214355469,-14.840364456176758,-15.640036582946777,-15.54440975189209,-6.77578067779541,5.571664810180664,0.1053750216960907,1.0469595193862915,3.146378993988037,1.2369873523712158,-0.37202316522598267,-0.2332964539527893,-4.461748123168945,-5.7491254806518555,-5.889744758605957,-3.2440075874328613
961,-8.263070106506348,9.113699913024902,1.2589160203933716,0.6828240752220154,4.287164688110352,4.961019515991211,-3.7682251930236816,1.600570797920227,-9.075016975402832,-2.3692288398742676,-4.521731853485107,-4.002188205718994,-4.433403968811035,0.6198184490203857,-6.520857810974121,9.335105895996094,13.646570205688477,2.032614231109619,-0.5540452003479004,-0.21929802000522614,0.00012715812772512436,-14.64282512664795,-15.552169799804688,-15.585295677185059,-7.004751205444336,6.283472061157227,0.26958993077278137,0.033601511269807816,1.8427305221557617,1.228724718093872,-0.8392727971076965,0.41477203369140625,-4.089303970336914,-5.650775909423828,-6.151479244232178,-5.376109600067139
962,-7.441999912261963,9.180778503417969,1.6142686605453491,-1.076075792312622,2.4095425605773926,5.5385284423828125,-3.652873992919922,0.5397993326187134,-8.93962574005127,-9.231474876403809,-4.586243152618408,-4.230103969573975,-8.19158935546875,0.8627897500991821,-6.265988826751709,9.912388801574707,16.02918815612793,2.813559055328369,-2.718142032623291,-0.42239484190940857,0.00013006600784137845,0.031851109117269516,-15.527261734008789,-15.59383773803711,-7.048482418060303,6.620985984802246,0.2786313593387604,-0.23048903048038483,0.9013894200325012,1.4695833921432495,-0.7847110629081726,0.06696939468383789,-3.6134250164031982,-5.243267059326172,-6.007044315338135,-5.332152366638184
963,-6.301438331604004,8.895237922668457,5.702441215515137,-4.433791160583496,-6.272986888885498,2.8017473220825195,-4.120256423950195,-2.046915292739868,-8.652580261230469,-9.035950660705566,-4.459742069244385,-4.113353252410889,-9.496604919433594,1.020226240158081,-4.627828121185303,9.537480354309082,12.192339897155762,2.4570295810699463,-5.116750717163086,-1.733001470565796,0.000104644859675318,0.0570574514567852,-15.558377265930176,-15.614773750305176,-6.647841930389404,6.129634857177734,1.1146111488342285,-0.7731540203094482,-1.3867027759552002,0.5247591733932495,-0.9944494366645813,-0.5262680649757385,-3.025672674179077,-3.846801996231079,-5.6551833152771,-4.947413444519043
964,-6.695504665374756,8.828686714172363,7.858792304992676,-5.863058567047119,-7.158975124359131,4.296253204345703,-5.584972858428955,-3.696690797805786,-6.842357635498047,-8.556442260742188,-4.161059856414795,-3.9721932411193848,-4.804660797119141,2.5471558570861816,-0.8012096285820007,4.727106094360352,6.757591247558594,2.3769140243530273,-8.639836311340332,-3.282884120941162,-0.00042296171886846423,-0.0005616545677185059,-15.6970796585083,-15.70068073272705,-5.81231164932251,5.513731956481934,1.5657626390457153,-0.9522576332092285,-1.319861650466919,1.1274571418762207,-1.587303876876831,-0.901887834072113,-1.6097413301467896,-2.848388671875,-5.015092372894287,-4.7030558586120605
965,-8.263360977172852,8.286299705505371,7.393138408660889,-2.4894967079162598,-5.543920993804932,5.427309513092041,-6.242698669433594,-5.513067245483398,1.5592445135116577,-6.724872589111328,-3.6279048919677734,-3.9753289222717285,-2.3201117515563965,3.464757204055786,3.7591004371643066,5.318281173706055,5.375017166137695,3.144132137298584,-12.541385650634766,-6.811836242675781,1.925730586051941,0.0036521228030323982,-15.696734428405762,-15.698417663574219,-6.07658576965332,4.821718215942383,1.6456573009490967,-0.3378642797470093,-0.9812566041946411,1.479900598526001,-2.1590323448181152,-1.4632763862609863,0.6581497192382812,-1.561300277709961,-4.006512641906738,-4.892624855041504
966,-8.887406349182129,8.02846908569336,6.985915660858154,-3.031207323074341,-6.909480094909668,4.780142307281494,-5.449005603790283,-5.110074520111084,4.6391282081604,1.4216525554656982,-2.936711311340332,-3.776062250137329,-0.6267655491828918,3.3766400814056396,7.19089937210083,4.765761375427246,3.0061991214752197,4.334287643432617,-16.534669876098633,-10.553777694702148,8.225645065307617,1.522569179534912,-14.998339653015137,-15.640887260437012,-5.7968668937683105,3.766305685043335,1.8154621124267578,-0.5373635292053223,-1.549888014793396,1.211561679840088,-2.3240807056427,-1.514275312423706,4.007681846618652,0.6161856055259705,-2.794250965118408,-4.248085021972656
967,-9.86798095703125,6.237348556518555,7.241276741027832,-3.903223991394043,-7.648842811584473,4.54034948348999,-4.1456780433654785,-4.82000207901001,10.922978401184082,4.926451683044434,-1.0669094324111938,-2.6524741649627686,2.223245620727539,2.9599008560180664,9.99966812133789,2.629410743713379,0.4887952208518982,6.6833176612854,-19.60198402404785,-14.360729217529297,-2.220665216445923,12.433722496032715,-9.884099006652832,-15.033916473388672,-4.248435020446777,1.6597003936767578,2.2702291011810303,-0.7252401113510132,-2.3165414333343506,1.3111613988876343,-2.325354814529419,-1.7761220932006836,6.714831829071045,3.573568820953369,-0.1836717426776886,-2.4512152671813965
968,-9.050103187561035,0.2515683174133301,7.1657209396362305,-2.4765002727508545,-8.325668334960938,1.9492597579956055,-1.0910522937774658,-1.3784055709838867,10.190990447998047,2.071871519088745,8.199821472167969,-1.526524305343628,0.3615690767765045,0.49659907817840576,9.18394660949707,-0.9723584651947021,0.12217700481414795,6.457309722900391,-20.282047271728516,-16.136838912963867,-1.7739015817642212,15.859028816223145,15.624873161315918,-11.368452072143555,-2.9097208976745605,-0.20300841331481934,2.2036685943603516,-0.44188040494918823,-2.5663161277770996,0.40192127227783203,-0.43690282106399536,-0.3603622317314148,7.213381767272949,5.006327152252197,3.8961730003356934,-0.5935023427009583
969,-4.271795272827148,-2.254762887954712,5.243801116943359,-2.2915260791778564,-9.052559852600098,1.0814439058303833,8.954877853393555,8.393875122070312,9.73392391204834,1.9942021369934082,4.193105697631836,8.920612335205078,-0.8337208032608032,-0.6960946917533875,10.181044578552246,-1.7813637256622314,-1.2503185272216797,4.3757643699646,-11.896924018859863,-11.77811050415039,0.45270848274230957,15.704230308532715,15.175471305847168,8.360174179077148,-0.7294884920120239,-0.5930153131484985,1.4539048671722412,-0.49706193804740906,-4.4103007316589355,0.22054219245910645,1.5710840225219727,1.485001564025879,6.44133186340332,4.9412150382995605,5.7990875244140625,2.4608097076416016
970,0.6323029398918152,-4.193553447723389,1.4064604043960571,-0.3010067939758301,-8.488642692565918,0.8634414672851562,15.045797348022461,10.688591003417969,8.199816703796387,2.009101152420044,4.257827281951904,3.7826714515686035,3.0235342979431152,-4.67250394821167,8.512761116027832,-3.0599021911621094,-4.536860466003418,2.632593870162964,-2.182555913925171,-4.197638034820557,4.669238090515137,15.689291954040527,15.643035888671875,15.652238845825195,0.32087987661361694,-1.1339069604873657,0.2026502788066864,0.015585500746965408,-6.203012943267822,0.18298137187957764,3.0609452724456787,1.8814895153045654,6.321742534637451,5.186756610870361,5.640316963195801,5.225338935852051
971,-2.6984500885009766,-2.393925905227661,-0.7229885458946228,0.8661505579948425,-7.287117958068848,-3.4798243045806885,12.195130348205566,10.104975700378418,6.340078353881836,2.0891106128692627,4.19902229309082,3.9111287593841553,0.09992802888154984,-10.194252967834473,-1.3158549070358276,-7.019090175628662,-6.911798477172852,-0.809047281742096,5.90738582611084,2.7995262145996094,7.24122953414917,15.627898216247559,15.675193786621094,15.683844566345215,-0.6834213733673096,-0.6554713845252991,-0.24889734387397766,0.1828007847070694,-6.907498836517334,-0.8994539380073547,3.094736337661743,2.183516025543213,6.235189437866211,5.269735813140869,5.359494209289551,5.222299575805664
972,3.0842556953430176,-0.848528265953064,0.7975773811340332,1.016249656677246,-6.366535186767578,-5.807469844818115,11.742137908935547,10.090811729431152,4.644217491149902,6.584460258483887,4.09696626663208,7.027540683746338,8.739233016967773,-9.002437591552734,0.019156455993652344,-7.593633651733398,-12.704154014587402,-6.976879119873047,10.391154289245605,7.183827877044678,13.829082489013672,11.50001049041748,15.690528869628906,15.686057090759277,1.150389313697815,-0.14600926637649536,0.22415229678153992,0.16202819347381592,-8.738625526428223,-1.9083757400512695,4.0164031982421875,2.7599596977233887,5.339454650878906,5.998355865478516,5.133957862854004,5.476123809814453
973,-2.321132183074951,2.3496148586273193,-2.5231289863586426,-0.6329370141029358,-4.683461666107178,-5.390207767486572,10.593271255493164,9.906291007995605,2.0491087436676025,2.8228845596313477,4.503008842468262,4.258973598480225,5.258680820465088,-8.600414276123047,-1.824840784072876,-8.391730308532715,-14.640387535095215,-11.184952735900879,13.368063926696777,10.575119018554688,15.592300415039062,15.098773956298828,15.698724746704102,15.580636024475098,-0.6084386110305786,0.4846913814544678,-0.6550443172454834,-0.2314850389957428,-8.780458450317383,-2.475222587585449,4.746384143829346,3.387012243270874,5.331141471862793,6.637665748596191,5.417618274688721,5.596829891204834
974,1.0533993244171143,4.6596269607543945,-6.8077073097229,-5.358823299407959,-4.185179233551025,-5.003065586090088,10.527336120605469,10.179215431213379,2.2388319969177246,2.8757951259613037,4.496098041534424,5.921934604644775,7.173352241516113,-2.2828919887542725,-0.8691187500953674,-5.2208943367004395,-16.92911148071289,-12.924012184143066,14.475875854492188,12.007343292236328,15.660873413085938,13.672595977783203,15.695691108703613,15.642348289489746,0.42869436740875244,1.016291856765747,-1.5852179527282715,-1.5292707681655884,-10.247209548950195,-2.717869281768799,5.614688873291016,4.107653617858887,5.2567524909973145,6.679117679595947,5.208400249481201,5.7247209548950195
975,-4.969814300537109,3.843384265899658,-7.838534355163574,-7.049184799194336,-3.980700969696045,-4.388506889343262,9.583344459533691,9.715320587158203,2.0299274921417236,2.7539539337158203,4.106766223907471,4.255564212799072,0.12639105319976807,-2.730525016784668,-4.33814811706543,-9.746590614318848,-17.67281150817871,-14.74620246887207,15.62258529663086,13.665907859802246,15.666180610656738,14.39773178100586,15.69377326965332,15.62080192565918,-1.27888822555542,0.7206981182098389,-1.8765627145767212,-2.1198954582214355,-9.773553848266602,-2.5456197261810303,5.455214023590088,4.401008605957031,5.671590328216553,6.296047687530518,5.181582450866699,5.25930118560791
976,-0.8298414349555969,3.8965110778808594,-8.28039836883545,-7.6179046630859375,-3.64276123046875,-0.3157930374145508,9.115937232971191,9.324384689331055,2.027830123901367,2.796020030975342,3.972116470336914,4.040856838226318,-3.972062587738037,-3.6706886291503906,-7.336025238037109,-14.618154525756836,-18.507381439208984,-14.13685131072998,18.060951232910156,14.731030464172363,15.675524711608887,13.526366233825684,9.798166275024414,15.58774471282959,-0.04516339302062988,0.7444877028465271,-2.3055710792541504,-3.0588066577911377,-8.720284461975098,0.1661335527896881,5.552897930145264,4.670971393585205,5.826716899871826,6.233745574951172,4.803240776062012,4.806466102600098
977,-5.330477714538574,6.768660545349121,-3.2693047523498535,-4.769043922424316,-1.5683964490890503,10.527557373046875,3.008150577545166,5.905104637145996,2.017345666885376,4.100897312164307,16.036678314208984,3.65043306350708,-7.833281517028809,-5.636814594268799,-8.63857650756836,-18.48027229309082,-17.3068904876709,-7.8990254402160645,20.33449363708496,14.150707244873047,15.698869705200195,7.750875949859619,-0.0032737143337726593,15.451396942138672,-2.282299518585205,1.529878854751587,-0.671381950378418,-2.2493669986724854,-0.5951278805732727,5.299057483673096,1.6654040813446045,2.186631202697754,6.789484977722168,5.273070335388184,3.764026165008545,3.914994239807129
978,-6.387993812561035,9.250106811523438,5.995367050170898,3.130756378173828,10.656559944152832,9.99107837677002,-22.757192611694336,-12.895219802856445,1.7603442668914795,-2.277630090713501,8.384560585021973,3.130084991455078,-5.450985431671143,-0.7845472097396851,-5.310025691986084,-16.05939292907715,-10.70986557006836,1.4443771839141846,12.460002899169922,12.601709365844727,14.498244285583496,-8.6372709274292,-0.0041937027126550674,-0.025319289416074753,-3.733936309814453,2.882793426513672,1.344881296157837,0.8904902338981628,7.662171840667725,6.135621070861816,-5.385051727294922,-3.0137083530426025,2.3141160011291504,-0.9451785683631897,1.4270795583724976,3.214968204498291
979,-8.408547401428223,6.488991737365723,10.093026161193848,10.798026084899902,10.07587718963623,7.530053615570068,-21.222694396972656,-16.10441017150879,-7.547754287719727,-1.7760250568389893,10.743520736694336,14.373246192932129,1.1394941806793213,3.6482362747192383,1.680515170097351,-6.823363304138184,0.7207988500595093,3.232067346572876,4.544652462005615,5.56248140335083,-7.918062210083008,-10.022538185119629,-0.113909512758255,-0.20597121119499207,-3.731659412384033,1.9316108226776123,2.26115345954895,1.8940207958221436,9.036399841308594,4.007148742675781,-4.360076427459717,-2.9458444118499756,-3.7567920684814453,-12.649054527282715,2.434502363204956,3.3512392044067383
980,-9.72144889831543,7.656740665435791,5.195005416870117,7.400104522705078,8.632295608520508,7.5970330238342285,-13.448253631591797,-10.776464462280273,-3.2642428874969482,-4.6317572593688965,14.51626205444336,13.574567794799805,4.022041320800781,4.025911331176758,5.794690132141113,0.3412238359451294,2.1196200847625732,3.4572410583496094,-0.7704942226409912,0.47902780771255493,-12.695467948913574,-12.596601486206055,-0.0004099730867892504,0.04622017964720726,-3.712892532348633,3.103879928588867,1.0812146663665771,1.33913254737854,7.286348819732666,2.5508952140808105,-2.6464829444885254,-1.979027271270752,-4.635194778442383,-8.361739158630371,3.628148078918457,3.041177272796631
981,-10.452706336975098,7.555150032043457,1.3636881113052368,5.659114360809326,8.575697898864746,5.290070533752441,-4.260611057281494,-5.466316223144531,-3.3065435886383057,-3.1208834648132324,15.602724075317383,12.708136558532715,5.085353374481201,5.4684295654296875,7.325740814208984,4.5745368003845215,2.3337905406951904,3.6973657608032227,-2.655704975128174,-2.1984341144561768,-12.946176528930664,-13.53797721862793,-0.000834320206195116,0.00551054161041975,-4.036153316497803,4.402125358581543,0.19018128514289856,1.2528167963027954,6.519961357116699,1.2929989099502563,-0.6020118594169617,-0.9863309264183044,-5.169009208679199,-6.794895172119141,3.834245443344116,2.8011136054992676
982,-10.450831413269043,7.463653564453125,-3.647240400314331,4.982777118682861,8.45838451385498,4.035211563110352,-1.0076745748519897,-3.0080649852752686,-3.165785074234009,-2.912349224090576,14.560321807861328,11.602065086364746,4.534933090209961,5.303911209106445,5.848315715789795,6.567245960235596,3.0608415603637695,3.5321199893951416,-3.33526349067688,-3.7505292892456055,-13.47372055053711,-13.942617416381836,-0.002473941771313548,0.0001894987653940916,-3.775362014770508,4.627749443054199,-0.781947135925293,1.2583646774291992,5.5945611000061035,0.9337281584739685,-0.09350790083408356,-0.5841406583786011,-5.4386186599731445,-6.930663585662842,3.340233087539673,2.4870128631591797
983,-10.15550708770752,7.715880393981934,-6.100438117980957,4.612998008728027,8.110215187072754,3.2542765140533447,-0.045666370540857315,-1.0378541946411133,-2.9552502632141113,-2.767256259918213,12.581151962280273,10.455658912658691,3.3077006340026855,4.218419075012207,2.7127795219421387,7.26936674118042,4.143960475921631,3.305751323699951,-3.6810061931610107,-4.5072550773620605,-13.806200981140137,-14.221927642822266,-0.006643671542406082,0.0035779131576418877,-3.8012614250183105,4.709592342376709,-1.1812949180603027,1.222011923789978,4.978909492492676,0.7350358963012695,0.03040134906768799,-0.15963855385780334,-5.48039436340332,-7.072277069091797,2.7034881114959717,2.1951792240142822
984,-9.848672866821289,8.04990291595459,-6.1511077880859375,4.324726104736328,7.712841033935547,3.0067286491394043,0.7414517998695374,0.9724496603012085,-2.8142974376678467,-2.651862621307373,10.114152908325195,9.221909523010254,2.111231565475464,3.2310714721679688,-0.288286030292511,7.587399959564209,5.3490519523620605,3.2578163146972656,-3.660609722137451,-4.4543375968933105,-14.107649803161621,-14.42613697052002,-0.006297069601714611,0.004881111904978752,-4.052821159362793,4.74052619934082,-1.2350819110870361,1.161615014076233,4.463316440582275,0.6933222413063049,0.1592368185520172,0.247270405292511,-5.516935348510742,-7.160336017608643,2.0487427711486816,1.8948192596435547
985,-9.577682495117188,8.317985534667969,-5.801628589630127,3.9602901935577393,7.241785049438477,3.1569905281066895,0.9737448692321777,2.389481544494629,-2.681147813796997,-2.579817533493042,4.175458908081055,6.490917682647705,0.5503273606300354,1.8515628576278687,-3.3453831672668457,7.488297462463379,6.591696739196777,3.156583547592163,-3.4968831539154053,-3.899399757385254,-14.408087730407715,-14.619434356689453,-0.005065632052719593,-0.00010306388139724731,-4.354998588562012,4.772651672363281,-1.264775037765503,1.064615249633789,3.9475958347320557,0.7554340958595276,0.18219983577728271,0.4693523049354553,-5.533001899719238,-7.090566635131836,0.6122195720672607,1.2221463918685913
986,-8.5509672164917,9.47952651977539,-4.696130752563477,4.0056610107421875,6.984584808349609,3.8361339569091797,0.4032665193080902,1.7285374402999878,-2.525630474090576,-2.332477569580078,-2.8769540786743164,-0.14229409396648407,-2.527838706970215,-0.9644021987915039,-6.4044365882873535,7.021603107452393,7.375187397003174,2.3298542499542236,1.053396463394165,-3.8749964237213135,-14.785194396972656,-14.877079963684082,-15.696606636047363,-0.6288478374481201,-4.835184097290039,5.040665626525879,-1.1581194400787354,1.0309035778045654,3.5513699054718018,0.9263955354690552,0.0668606162071228,0.280936598777771,-5.266704559326172,-6.499473571777344,-3.7508678436279297,-0.2817016839981079
987,-8.546181678771973,9.344978332519531,-0.23360520601272583,3.7157540321350098,6.516233444213867,5.108304500579834,-1.1975411176681519,-0.18802376091480255,-2.3567333221435547,-2.465322732925415,-4.1235198974609375,-3.0845792293548584,-2.487161874771118,0.29652416706085205,-6.019493579864502,8.615025520324707,9.771873474121094,2.9042911529541016,0.011122427880764008,0.32511675357818604,-15.22883129119873,-14.880121231079102,-15.597369194030762,-15.606405258178711,-5.6637187004089355,5.5188422203063965,0.1490011215209961,0.9927314519882202,4.111090183258057,1.3552428483963013,-0.29640692472457886,-0.10139584541320801,-4.4243483543396,-5.644069671630859,-5.704981803894043,-4.1081461906433105
988,-8.756282806396484,9.05280876159668,0.3985787332057953,1.3132295608520508,6.120053291320801,4.753386974334717,-0.9206230640411377,2.4522602558135986,-2.0107972621917725,-2.35345196723938,-4.401062488555908,-4.0452656745910645,-2.598029136657715,0.4499283730983734,-6.114353656768799,9.557002067565918,11.396880149841309,3.2070281505584717,-0.8689929842948914,0.5324796438217163,-0.0001498614437878132,-14.90815258026123,-15.563987731933594,-15.512561798095703,-5.845397472381592,5.923940658569336,0.09057596325874329,0.26664912700653076,3.2674715518951416,1.2118587493896484,-0.17839068174362183,0.5992997288703918,-4.629604816436768,-5.477173805236816,-5.778310775756836,-5.1841278076171875
989,-8.474381446838379,9.15058422088623,2.4991700649261475,-0.9357379078865051,5.052423000335693,5.927969932556152,-4.619194984436035,-0.5224218964576721,-9.036890029907227,-9.242234230041504,-4.705272674560547,-4.2726263999938965,-3.503303050994873,0.7504520416259766,-5.097536087036133,10.913809776306152,12.710545539855957,2.868861436843872,-3.2815053462982178,-0.11197514086961746,-0.00023920649255160242,0.05730819329619408,-15.571027755737305,-15.609621047973633,-6.549994945526123,6.693936347961426,0.4946010410785675,-0.2374572902917862,2.5775139331817627,1.6933002471923828,-1.1642274856567383,-0.21726977825164795,-3.899505853652954,-5.631964683532715,-6.169671535491943,-5.413647174835205
990,-8.516511917114258,8.450419425964355,3.833800792694092,-3.0052123069763184,3.9808261394500732,4.797881126403809,-3.6383140087127686,-0.7291415929794312,-8.8645658493042,-9.165246963500977,-4.287349700927734,-4.04221248626709,-4.106578350067139,3.004204273223877,-2.625385284423828,4.452816009521484,14.747068405151367,1.512998104095459,-5.818785667419434,0.4387425482273102,0.00013869450776837766,-0.014737769961357117,-15.684795379638672,-15.68364143371582,-6.259817123413086,6.434999465942383,0.7450813055038452,-0.5890588164329529,1.785375952720642,1.0872774124145508,-0.8509566187858582,-0.1503526270389557,-3.417689323425293,-4.485352516174316,-5.627346038818359,-5.006689071655273
991,-7.572715759277344,8.257862091064453,3.43052339553833,0.6345752477645874,0.5269005298614502,5.009792327880859,-4.805182456970215,-6.471345901489258,-8.114930152893066,-8.941997528076172,-4.205793857574463,-4.53896951675415,-7.777058124542236,3.947942018508911,-0.428297758102417,5.405839443206787,16.48111343383789,2.424644708633423,-8.87199592590332,-2.939882278442383,0.0002142398152500391,-0.0022847652435302734,-15.651664733886719,-15.32861042022705,-7.29886531829834,6.268925666809082,0.648844838142395,0.27798640727996826,-0.01331397332251072,1.2550938129425049,-1.384023904800415,-1.6321260929107666,-2.390158176422119,-3.4849348068237305,-5.286865234375,-5.480151176452637
992,-7.502774238586426,7.8133320808410645,4.985357761383057,-1.523329257965088,-9.755010604858398,2.7060067653656006,-3.7094664573669434,-5.340437412261963,-6.056795120239258,-7.772059917449951,-3.7976953983306885,-4.168966770172119,-2.705843448638916,4.7308573722839355,2.629230499267578,6.675782680511475,7.755216598510742,2.7128994464874268,-11.662025451660156,-6.671417713165283,-0.00027479161508381367,-0.0034830477088689804,-15.698861122131348,-15.70107650756836,-6.623851776123047,5.35862922668457,1.1294384002685547,-0.33020734786987305,-2.935136079788208,0.5128424167633057,-1.121037244796753,-1.289215326309204,-1.3165297508239746,-2.1119377613067627,-4.310610771179199,-5.016447067260742
993,-8.82009506225586,7.86209774017334,5.5884881019592285,-2.6664199829101562,-5.900649070739746,4.91400146484375,-4.671069622039795,-3.6707680225372314,3.4404172897338867,-4.241614818572998,-3.049665689468384,-3.7368927001953125,-0.5376818776130676,3.9395952224731445,4.8247480392456055,5.964387893676758,4.347163200378418,3.3267979621887207,-15.157929420471191,-9.760104179382324,6.17083740234375,-0.00020234566181898117,-15.445343017578125,-15.663461685180664,-5.728123664855957,4.197505474090576,1.340989112854004,-0.4770570993423462,-1.0114037990570068,1.3965566158294678,-1.894256830215454,-0.9820117354393005,1.3286528587341309,-0.7524850368499756,-3.0207102298736572,-4.240398406982422
994,-9.335858345031738,7.407722473144531,7.331110954284668,-3.566746950149536,-5.726491451263428,4.962869167327881,-4.795604705810547,-5.2082014083862305,3.463134288787842,4.836136817932129,-2.4577856063842773,-3.2747063636779785,0.6611417531967163,4.0041327476501465,8.506394386291504,4.5782470703125,2.8728294372558594,5.643012523651123,-19.034923553466797,-13.449980735778809,15.427958488464355,7.975119113922119,-12.668460845947266,-15.654815673828125,-5.385223388671875,2.828786611557007,2.1293718814849854,-0.6407521963119507,-1.1691116094589233,1.3905706405639648,-2.563523769378662,-1.921236276626587,6.040968894958496,2.116823196411133,-1.4598664045333862,-3.346083164215088
995,-9.737771987915039,2.0237154960632324,6.964466094970703,-4.999931812286377,-8.046441078186035,3.792764186859131,-2.5152041912078857,-2.814579963684082,9.395702362060547,3.119357109069824,9.100960731506348,-1.695260763168335,1.398614764213562,2.4189488887786865,8.29903793334961,-0.041187215596437454,-1.941215991973877,8.412656784057617,-20.8070068359375,-16.325685501098633,-0.9047678112983704,15.343663215637207,9.204922676086426,-12.349799156188965,-2.900324821472168,0.21572184562683105,2.102245569229126,-0.9855366945266724,-3.1999664306640625,1.076483964920044,-1.490788459777832,-1.051151990890503,7.280295372009277,5.103512287139893,2.4245717525482178,-0.7904996871948242
996,-5.148025989532471,-2.736020803451538,5.575104713439941,-3.5496480464935303,-8.641622543334961,0.4096938669681549,4.3941650390625,4.764289379119873,9.598301887512207,1.9897392988204956,4.085390090942383,7.321823596954346,0.10436560958623886,-2.387563943862915,8.168973922729492,-4.354424953460693,-2.717144012451172,6.244562149047852,-16.35867691040039,-15.528977394104004,0.7919391393661499,15.707597732543945,15.625212669372559,4.338650703430176,-0.9350159764289856,-0.7752335667610168,1.4977091550827026,-0.7428153157234192,-3.1126840114593506,-0.060543302446603775,0.9451416730880737,0.9599218964576721,6.60304594039917,5.28170919418335,5.907384872436523,1.7081972360610962
997,-1.6742533445358276,-2.265171766281128,2.5874757766723633,-0.595330536365509,-8.53134822845459,-0.32235875725746155,17.37042999267578,12.693120956420898,8.522215843200684,2.0026230812072754,4.411559104919434,3.8660097122192383,-1.4074702262878418,-7.8553032875061035,-0.018470481038093567,-8.98402214050293,-3.639787197113037,3.7079272270202637,-3.2669849395751953,-6.711506366729736,3.60427188873291,15.619498252868652,15.689411163330078,15.708181381225586,-0.20818912982940674,-0.5431758761405945,0.5339293479919434,-0.024989020079374313,-5.277856826782227,-0.08725011348724365,3.513321876525879,2.1936416625976562,6.476712703704834,5.036347389221191,5.935967445373535,5.459727764129639
998,-1.84605073928833,-0.7841315269470215,3.658292055130005,3.833585739135742,-7.598613739013672,-3.969778537750244,14.636828422546387,12.024984359741211,6.8250532150268555,2.0032103061676025,4.25473690032959,4.162487030029297,1.9413278102874756,-8.194233894348145,-0.04504995420575142,-5.419794082641602,-7.741034507751465,-1.2307668924331665,5.392016887664795,1.9915828704833984,7.180591106414795,15.700600624084473,15.634681701660156,15.660024642944336,-0.376808762550354,-0.15690112113952637,0.7451586723327637,0.7658348679542542,-6.9961838722229,-0.9822794198989868,3.844237804412842,2.566589832305908,6.03585147857666,5.007508277893066,5.337860107421875,5.3908915519714355
999,1.1111329793930054,-1.2730048894882202,1.2950266599655151,0.28474995493888855,-5.946954727172852,-6.204321384429932,12.316361427307129,11.313618659973145,4.634303569793701,6.000636577606201,4.275467395782471,5.618939399719238,7.2573981285095215,-9.062034606933594,-0.010367080569267273,-7.45105504989624,-12.483089447021484,-7.687596797943115,10.599372863769531,7.4687981605529785,12.932513236999512,9.243568420410156,15.658473014831543,14.98550033569336,0.38946056365966797,-0.3816918730735779,0.17005345225334167,-0.06075854226946831,-8.237676620483398,-2.3455910682678223,4.422607421875,3.2818403244018555,5.375980854034424,5.913967132568359,5.268878936767578,5.679808616638184
